dataset,anchor_number,key,sequence,init_frame,model_status,model_category,model_stable_attributes,model_uncertain_attributes,model_conflicting_attributes,model_context_only_notes,model_evidence,model_evidence_frames,model_initialization_observability,model_reviewer,model_review_date,human_status,human_confirmed,human_reviewer,review_round,confirmed_category,confirmed_stable_attributes,confirmed_uncertain_attributes,human_note
depthtrack,1,001,adapter02_indoor,00000001,conflicting,power adapter / plug-in adapter,white | rectangular body | attached thin cable,plastic：图像不能确认外壳具体材质；功能/规格不明,light fixture：目标呈带插脚的转接器外形，不是可见灯具,"侧面厚度在后续转面中更明显；无可补入首帧的型号信息
实际看过九帧目标裁剪图target_crops/001.jpg，零基源帧[0 | 96 | 191 | 300 | 394 | 513 | 609 | 706 | 800]；初始化主图下方上下文零基[0 | 0 | 5 | 20]（含重复首帧）。后续转侧显出厚度和插脚样突出；强光与模糊帧不能判定文字或型号。另一悬垂白件构成同类混淆，裁剪来自Train GT，不作为连续身份自主确认。",红框是两件悬垂白色物体中较低的一件，放大区可见矩形本体、细线和下端短突起；不能将另一件物体或墙面光斑当目标。,0 | 96 | 191 | 300 | 394 | 513 | 609 | 706 | 800,coarse_only,GPT-6 Astra Pro,2026-10-06,conflicting,True,gb,20261006,power adapter,white | rectangular body | attached thin cable,plastic：图像不能确认外壳具体材质；功能/规格不明,
depthtrack,2,002,bag03_indoor,00000001,supported,case / small zippered pouch,black | rounded rectangular outline | raised edge seam | loop strap,leather texture：可见细纹与包边，不能确定是真皮或皮革材料,无明确冲突,"后帧可见窄侧面和开合边缘；未确认具体用途或材料
实际看过九帧目标裁剪图target_crops/002.jpg，零基源帧[0 | 264 | 528 | 793 | 1057 | 1327 | 1628 | 1892 | 2176]；初始化主图下方上下文零基[0 | 0 | 5 | 20]（含重复首帧）。后帧包体转侧、边缘与环带反复出现，末帧仅剩狭窄局部；不能以猫毛或背景窗框作为包体属性。",红框主体是黑色小收纳包而非后方黑白猫；环带与边缘缝线可见。,0 | 264 | 528 | 793 | 1057 | 1327 | 1628 | 1892 | 2176,clear,GPT-6 Astra Pro,2026-10-06,conflicting,True,gb,20261006,small zippered bag,black | rounded rectangular outline | raised edge seam | loop strap,leather texture：可见细纹与包边，不能确定是真皮或皮革材料,
depthtrack,3,003,bag04_indoor,00000001,conflicting,black pouch / small case,black | rounded rectangular body | edge seam,plastic | oval：材质不明，斜置/遮挡下完整轮廓有限；two buttons：未见足够清晰的两个按钮，保留不可确认,earphone：红框是包状本体，而非可见耳机或耳塞结构,"扁平包形及侧边结构在后续更清楚
实际看过九帧目标裁剪图target_crops/003.jpg，零基源帧[0 | 201 | 402 | 602 | 804 | 1003 | 1231 | 1468 | 1668]；初始化主图下方上下文零基[0 | 0 | 5 | 20]（含重复首帧）。804、1231等后帧更清楚地显示扁平包体及包边；模糊帧不能判断按钮和内部物品。",红框圈住胸前黑色包体，持有人黑衣与包体低对比；下方玩偶挂件不是红框主体。,0 | 201 | 402 | 602 | 804 | 1003 | 1231 | 1468 | 1668,coarse_only,GPT-6 Astra Pro,2026-10-06,conflicting,True,gb,20261006,small zippered bag,black | rounded rectangular body | edge seam,plastic | oval：材质不明，斜置/遮挡下完整轮廓有限；two buttons：未见足够清晰的两个按钮，保留不可确认,
depthtrack,4,004,bag05_indoor,00000001,conflicting,red pouch / fabric-like object,dark red | tapered soft-looking outline | light printed patch,red fabric：织物感可见但实际纤维材质不明；用途和印字不可读,hand | smooth skin：目标主体是红色物件而非手部,"后续显示软质轮廓变化；细分类仍未确定
实际看过九帧目标裁剪图target_crops/004.jpg，零基源帧[0 | 82 | 243 | 316 | 390 | 524 | 597 | 677 | 829]；初始化主图下方上下文零基[0 | 0 | 5 | 20]（含重复首帧）。后帧翻转中仍可见红色表面及浅色弧形印记；部分帧只见窄面，不能据此确定手套/包装袋等细分类。 补充视频：补充视频中红色软质物件随提持和摆动改变轮廓，部分抽帧只有窄面或暗影；浅色印记可见，仍不足以细分袋、布套或其他用途。",红框中为暗处红色、带浅色印记的物件；首帧低光和运动模糊，不能明确袋型。,0 | 82 | 243 | 316 | 390 | 524 | 597 | 677 | 829,coarse_only,GPT-6 Astra Pro,2026-10-06,conflicting,True,gb,20261006,small zippered bag,dark red | tapered soft-looking outline | light printed patch,red fabric：织物感可见但实际纤维材质不明；用途和印字不可读,
depthtrack,5,005,ball02_indoor,00000001,uncertain,ball with an eight-ball pattern,black | round outline | white circular patch | visible numeral 8,billiard ball：虽有8号球图案，但尺寸、材质和是否真正台球不能由首帧确认,无明确颜色/数字冲突,"后帧显示与手掌的相对大小及背面黑色区域
实际看过九帧目标裁剪图target_crops/005.jpg，零基源帧[0 | 273 | 490 | 732 | 955 | 1176 | 1391 | 1597 | 1825]；初始化主图下方上下文零基[0 | 0 | 5 | 20]（含重复首帧）。后帧翻转使白色圆标时隐时现，手持时显示球体较大；不据此指定填充物或运动器材规格。 补充视频：补充抽帧显示人物用双手接持并抛接带8号球图案的大球；它相对手掌较大，不把8号图案直接等同标准台球器材，材料仍未知。",红框是人物前方黑色圆球，白色圆标内的8可见；不能把人物衣着写入球属性。,0 | 273 | 490 | 732 | 955 | 1176 | 1391 | 1597 | 1825,clear,GPT-6 Astra Pro,2026-10-06,conflicting,True,gb,20261006,ball,black | round outline | white circular patch | visible numeral 8,billiard ball：虽有8号球图案，但尺寸、材质和是否真正台球不能由首帧确认,
depthtrack,6,006,ball03_indoor,00000001,conflicting,tennis ball,yellow-green | round | curved seam | dark printed strokes,smooth surface：细节分辨率不足以确认光滑，未见明确果柄,apple | yellow skin：目标有网球缝线/表面特征，不是可见水果果皮,"后续可见更多黑色印记和球面方向变化
实际看过九帧目标裁剪图target_crops/006.jpg，零基源帧[0 | 107 | 213 | 320 | 472 | 605 | 735 | 869 | 1013]；初始化主图下方上下文零基[0 | 0 | 5 | 20]（含重复首帧）。107、213帧显示球面缝线与黑色印记更清楚，后帧遮挡/模糊；文字不可可靠辨认。",红框圈住手中的黄绿色小球，不是鞋或纸盒；放大区有弯曲缝线。,0 | 107 | 213 | 320 | 472 | 605 | 735 | 869 | 1013,clear,GPT-6 Astra Pro,2026-10-06,conflicting,True,gb,20261006,tennis ball,yellow-green | round | curved seam | dark printed strokes,smooth surface：细节分辨率不足以确认光滑，未见明确果柄,
depthtrack,7,007,ball04_indoor,00000001,supported,ball / tennis ball,yellow-green | round outline | faint curved seam,smooth surface：首帧小且软焦，不能确认平滑材质,无明确冲突,"后续近手视角更支持网球外观，但不回填未看清的印字
实际看过九帧目标裁剪图target_crops/007.jpg，零基源帧[0 | 180 | 356 | 543 | 734 | 932 | 1127 | 1357 | 1554]；初始化主图下方上下文零基[0 | 0 | 5 | 20]（含重复首帧）。后帧有手部遮挡和运动拖影，球体圆形与黄绿色持续可见；细表面/印字不确定。",红框是两人之间的黄绿色球；局部轮廓足以支持ball，不将墙面光斑纳入。,0 | 180 | 356 | 543 | 734 | 932 | 1127 | 1357 | 1554,clear,GPT-6 Astra Pro,2026-10-06,conflicting,True,gb,20261006,tennis ball,yellow-green | round outline | faint curved seam,smooth surface：首帧小且软焦，不能确认平滑材质,
depthtrack,8,008,ball05_indoor,00000001,supported,ball / tennis ball,yellow-green | round | dark printed markings | curved seam,textured：首帧可见表面斑驳，不能确定纤维材料；印字不可靠,无明确冲突,"无需要新增的稳定后帧属性；主要是姿态和模糊变化
实际看过九帧目标裁剪图target_crops/008.jpg，零基源帧[0 | 71 | 142 | 217 | 292 | 391 | 474 | 551 | 645]；初始化主图下方上下文零基[0 | 0 | 5 | 20]（含重复首帧）。九帧中球体多次运动模糊和部分遮挡，71帧等仍见暗色印记；不确认品牌。",红框是人物手中球体；颜色为黄绿而非纯正绿色，手指不属于球表面。,0 | 71 | 142 | 217 | 292 | 391 | 474 | 551 | 645,clear,GPT-6 Astra Pro,2026-10-06,conflicting,True,gb,20261006,tennis ball,yellow-green | round | dark printed markings | curved seam,textured：首帧可见表面斑驳，不能确定纤维材料；印字不可靠,
depthtrack,9,009,ball07_indoor,00000001,supported,ball with an eight-ball pattern,black | round | white circular patch with numeral 8,textured：细表面/填充材料不可确认；不能断言是真正台球,无明确冲突,"后帧显示更多纯黑背面与手持遮挡关系
实际看过九帧目标裁剪图target_crops/009.jpg，零基源帧[0 | 272 | 575 | 942 | 1305 | 1613 | 1885 | 2158 | 2518]；初始化主图下方上下文零基[0 | 0 | 5 | 20]（含重复首帧）。942和1613帧可见白色8号标，其他转面露出黑色面或被手/物品遮挡；球形可能随视角改变，不确认内部材料。",红框是人物胸前手持的黑色大球，白色8号圆标属于目标，人物白衣不属于目标。,0 | 272 | 575 | 942 | 1305 | 1613 | 1885 | 2158 | 2518,clear,GPT-6 Astra Pro,2026-10-06,conflicting,True,gb,20261006,ball,black | round | white circular patch with numeral 8,textured：细表面/填充材料不可确认；不能断言是真正台球,
depthtrack,10,010,ball08_wild,00000001,supported,basketball,orange-brown | round | dark curved channels | pebbled-looking surface,具体材料与品牌不可由初始化印字可靠确认,无明确冲突,"后帧印字更清楚，但不迁入首帧属性
实际看过九帧目标裁剪图target_crops/010.jpg，零基源帧[0 | 217 | 432 | 649 | 870 | 1083 | 1318 | 1536 | 1750]；初始化主图下方上下文零基[0 | 0 | 5 | 20]（含重复首帧）。217、1083等帧显示球面沟槽和更多印字；拍摄角度/手部遮挡变化，不补写品牌。",红框为靠墙一侧手中的圆形篮球；另一手可见较长球体，但不是明确同类篮球。,0 | 217 | 432 | 649 | 870 | 1083 | 1318 | 1536 | 1750,clear,GPT-6 Astra Pro,2026-10-06,conflicting,True,gb,20261006,basketball,orange-brown | round | dark curved channels | pebbled-looking surface,具体材料与品牌不可由初始化印字可靠确认,
depthtrack,11,011,ball09_wild,00000001,conflicting,American football / elongated football,brown | elongated oval outline | pale lacing,textured：可见表面细节有限；材料不明,basketball | round：红框物体为带缝带的长椭球，圆篮球在另一手,"后帧确认不同转面与局部手遮挡，无新增首帧稳定属性
实际看过九帧目标裁剪图target_crops/011.jpg，零基源帧[0 | 197 | 391 | 660 | 854 | 1063 | 1290 | 1484 | 1700]；初始化主图下方上下文零基[0 | 0 | 5 | 20]（含重复首帧）。1063、1290帧手持视角再次显示细长球形和白色缝带；九帧不足以证明无中途替换。",红框是人物画面右侧手中的长椭球，不是另一手里的圆篮球；浅色缝带是主要判据。,0 | 197 | 391 | 660 | 854 | 1063 | 1290 | 1484 | 1700,clear,GPT-6 Astra Pro,2026-10-06,conflicting,True,gb,20261006,American football,brown | elongated oval outline | pale lacing,textured：可见表面细节有限；材料不明,
depthtrack,12,012,ball12_wild,00000001,supported,soccer ball,yellow | dark star-shaped panel pattern | round,textured surface：细纹与实际材料不清；不确认品牌,无明确冲突,"后帧新增可见小标记，但首帧不作品牌断言
实际看过九帧目标裁剪图target_crops/012.jpg，零基源帧[0 | 260 | 517 | 800 | 1067 | 1395 | 1662 | 1919 | 2181]；初始化主图下方上下文零基[0 | 0 | 5 | 20]（含重复首帧）。800、1067、1662帧显示更多星形面板与小标记；末帧为很窄局部，不能单独认出整球。",红框是草地上脚旁黄黑星形图案足球，白色亮区可能受光照影响。,0 | 260 | 517 | 800 | 1067 | 1395 | 1662 | 1919 | 2181,clear,GPT-6 Astra Pro,2026-10-06,conflicting,True,gb,20261006,soccer ball,yellow | dark star-shaped panel pattern | round,textured surface：细纹与实际材料不清；不确认品牌,
depthtrack,13,013,ball13_indoor,00000001,conflicting,small white ball,white / light gray | round outline,具体为高尔夫球/乒乓球及材质，初始化低分辨率不能确定,cup：未见杯口或杯壁，红框是指间小球,"后帧可见凹点/小孔样纹理及小黑印记；具体球类仍未可靠确认
实际看过九帧目标裁剪图target_crops/013.jpg，零基源帧[0 | 237 | 536 | 907 | 1137 | 1471 | 1844 | 2170 | 2397]；初始化主图下方上下文零基[0 | 0 | 5 | 20]（含重复首帧）。1137帧呈凹点样表面，2397帧出现小黑色印记；只作为后帧证据，不把这些细节写成首帧已知。 补充视频：补充视频可见白色小球在手中/空中变化，另有橙色球及桌面杯子；白球的暗点/凹点性质仍不够清楚，不进一步确定高尔夫球细类。",红框是手指间白色小圆球；桌面确有杯子，但它们在框外，不能替代协议目标。,0 | 237 | 536 | 907 | 1137 | 1471 | 1844 | 2170 | 2397,coarse_only,GPT-6 Astra Pro,2026-10-06,conflicting,True,gb,20261006,small white ball,white / light gray | round outline,具体为高尔夫球/乒乓球及材质，初始化低分辨率不能确定,
depthtrack,14,014,ball14_wild,00000001,supported,basketball,orange-brown | round | dark curved grooves | visible dark lettering,textured surface：细纹可见程度有限；具体材料不明,无明确冲突,"后续更多字样和转面，仅作多帧参考
实际看过九帧目标裁剪图target_crops/014.jpg，零基源帧[0 | 200 | 401 | 644 | 844 | 1044 | 1244 | 1462 | 1715]；初始化主图下方上下文零基[0 | 0 | 5 | 20]（含重复首帧）。后帧旋转/抛接时图案方向变化，644等帧印字更清楚；不把手部或身后足球写入目标属性。",红框是人物双手前的棕橙篮球，地上黄黑足球是另一物体、不同细类别。,0 | 200 | 401 | 644 | 844 | 1044 | 1244 | 1462 | 1715,clear,GPT-6 Astra Pro,2026-10-06,conflicting,True,gb,20261006,basketball,orange-brown | round | dark curved grooves | visible dark lettering,textured surface：细纹可见程度有限；具体材料不明,
depthtrack,15,015,ball16_indoor,00000001,conflicting,multicolored ball,dark surface | red / magenta panels | green curved bands | round,具体球类、橡胶/皮革材质和印字不可确认,fruit | red skin | green stem：红绿部分是球面颜色区域，未见果柄,"后帧更支持带沟线的运动球外观，细分类仍保留粗标签
实际看过九帧目标裁剪图target_crops/015.jpg，零基源帧[0 | 378 | 715 | 994 | 1147 | 1300 | 1534 | 1692 | 1879]；初始化主图下方上下文零基[0 | 0 | 5 | 20]（含重复首帧）。1147帧更清楚显示球面分区和沟线；其他多帧暗、模糊或仅局部，不硬认品牌。",红框为暗处地面上的圆球，表面红绿黑相间；不是有绿色果柄的水果。,0 | 378 | 715 | 994 | 1147 | 1300 | 1534 | 1692 | 1879,coarse_only,GPT-6 Astra Pro,2026-10-06,conflicting,True,gb,20261006,ball,dark surface | red / magenta panels | green curved bands | round,具体球类、橡胶/皮革材质和印字不可确认,
depthtrack,16,016,ball17_wild,00000001,supported,basketball,orange-brown | round | dark curved channels,textured surface：细微表面/具体材料无法完全确认,无明确冲突,"后帧更多球面印字，不作首帧品牌推断
实际看过九帧目标裁剪图target_crops/016.jpg，零基源帧[0 | 159 | 318 | 478 | 637 | 796 | 1034 | 1336 | 1495]；初始化主图下方上下文零基[0 | 0 | 5 | 20]（含重复首帧）。159、637等帧显示转面沟槽和印字，末帧被手遮挡；不把暂时运动方向当稳定属性。",红框为人物腿前的橙棕篮球，不包括裤子和地面水迹。,0 | 159 | 318 | 478 | 637 | 796 | 1034 | 1336 | 1495,clear,GPT-6 Astra Pro,2026-10-06,conflicting,True,gb,20261006,basketball,orange-brown | round | dark curved channels,textured surface：细微表面/具体材料无法完全确认,
depthtrack,17,017,ball19_indoor,00000001,supported,basketball,brown / orange-brown | round | dark curved channels,textured：初始细纹不够清楚；品牌和材料未确认,无明确冲突,"后帧显示更多球面方向与部分印字
实际看过九帧目标裁剪图target_crops/017.jpg，零基源帧[0 | 172 | 345 | 518 | 690 | 862 | 1035 | 1208 | 1380]；初始化主图下方上下文零基[0 | 0 | 5 | 20]（含重复首帧）。518、1208帧仍见沟线；690和1035裁剪仅余局部，不能据其判断目标消失或更换。",红框是人物手前篮球，局部被手遮挡，基本球形和沟线足以支持ball。,0 | 172 | 345 | 518 | 690 | 862 | 1035 | 1208 | 1380,clear,GPT-6 Astra Pro,2026-10-06,conflicting,True,gb,20261006,basketball,brown / orange-brown | round | dark curved channels,textured：初始细纹不够清楚；品牌和材料未确认,
depthtrack,18,018,ball21_indoor,00000001,supported,soccer ball,bright green | black polygonal patches | round | dark small markings,textured surface：精细材料和品牌不明,yellow：红框足球主要绿黑，黄色主要属于旁边另一只足球,"后帧可见额外白色文字图形；不从后帧补品牌到首帧
实际看过九帧目标裁剪图target_crops/018.jpg，零基源帧[0 | 211 | 422 | 634 | 845 | 1056 | 1268 | 1479 | 1690]；初始化主图下方上下文零基[0 | 0 | 5 | 20]（含重复首帧）。422、1479、1690帧显示绿黑面板和更多印字；两球同时存在，九帧标注裁剪只提供目标证据，不等于独立验证完整身份链。",红框是人物画面左侧手中的绿黑足球；右侧另有黄黑足球，需按颜色与首帧位置区分。,0 | 211 | 422 | 634 | 845 | 1056 | 1268 | 1479 | 1690,clear,GPT-6 Astra Pro,2026-10-06,conflicting,True,gb,20261006,soccer ball,bright green | black polygonal patches | round | dark small markings,textured surface：精细材料和品牌不明,
depthtrack,19,019,basket_indoor,00000001,conflicting,basket / storage bin,black | box-shaped | woven or perforated grid pattern | handhold opening,black case：只能支持黑色容器；具体材质和用途未确认,computer | open lid：红框是后方网格箱体，未见电脑屏幕/铰链,"后帧确认中空篮体、侧壁网格和底部标签
实际看过九帧目标裁剪图target_crops/019.jpg，零基源帧[0 | 129 | 228 | 327 | 426 | 526 | 642 | 741 | 840]；初始化主图下方上下文零基[0 | 0 | 5 | 20]（含重复首帧）。129、228、426、526帧被拿起后可见开口、网孔和手提孔；底部标签来自后续，不能迁入首帧。",红框主体是金属圆桶后方的黑色方篮，圆桶遮挡其下方；周围还有其他容器，类别层级不同但有混淆风险。,0 | 129 | 228 | 327 | 426 | 526 | 642 | 741 | 840,clear,GPT-6 Astra Pro,2026-10-06,conflicting,True,gb,20261006,basket,black | box-shaped | woven or perforated grid pattern | handhold opening,black case：只能支持黑色容器；具体材质和用途未确认,
depthtrack,20,020,beautifullight01_indoor,00000001,uncertain,white spherical object / hollow globe,white / translucent-looking | round globe outline | mottled surface,smooth surface：首帧呈斑驳纹理；是否灯罩、玻璃或塑料、是否发光不明,无明确类别冲突：首帧只能可靠支持球状外观，未能确认通常意义的球,"九帧后段的开口/中空罩状线索，以及补充抽帧中的细线连接和亮度变化；具体功能与是否自发光仍未确认
实际看过九帧目标裁剪图target_crops/020.jpg，零基源帧[0 | 122 | 236 | 349 | 589 | 788 | 979 | 1155 | 1269]；初始化主图下方上下文零基[0 | 0 | 5 | 20]（含重复首帧）。979、1269等后帧显出凹入/开口样区域，物体可能为中空球罩；强过曝裁剪不提供表面细节。 补充视频：补充视频显示球状白色物体附近连接细白线，部分转面异常明亮，末段有手接触球状物；这些是后续外观/连接线索，不能仅据亮度确认自发光或灯具用途。",红框圈住手持白色球状物；亮斑随外部光照出现，不能据此认定自发光。,0 | 122 | 236 | 349 | 589 | 788 | 979 | 1155 | 1269,coarse_only,GPT-6 Astra Pro,2026-10-06,conflicting,True,gb,20261006,lamp,white / translucent-looking | round globe outline | mottled surface,smooth surface：首帧呈斑驳纹理；是否灯罩、玻璃或塑料、是否发光不明,
depthtrack,21,021,bike01_wild,00000001,supported,bicycle,dark frame | silver-colored metal-like components | thin wheels | rear rack with pink item,pink bag on seat rack：可见粉红附件，但是否包及材料不确定,无明确类别冲突,"后帧补充车架侧面、车轮与后架视角
实际看过九帧目标裁剪图target_crops/021.jpg，零基源帧[0 | 165 | 364 | 529 | 694 | 858 | 1023 | 1188 | 1353]；初始化主图下方上下文零基[0 | 0 | 5 | 20]（含重复首帧）。364帧只留极小局部，其余多帧从不同角度可见车架和后架附件；不猜粉红物件用途。",红框覆盖整辆自行车，不是后座粉红物件；银色把手、轮圈和后架可见。,0 | 165 | 364 | 529 | 694 | 858 | 1023 | 1188 | 1353,clear,GPT-6 Astra Pro,2026-10-06,conflicting,True,gb,20261006,bicycle,dark frame | silver-colored metal-like components | thin wheels | rear rack with pink item,pink bag on seat rack：可见粉红附件，但是否包及材料不确定,
depthtrack,22,022,bike02_wild,00000001,supported,bicycle,orange and pale frame | black tires | black saddle and handlebars | printed markings on frame,车架文字具体内容、品牌和材料无法可靠确认,无明确冲突,"后帧提供前轮/车架不同视角，无需增加首帧品牌
实际看过九帧目标裁剪图target_crops/022.jpg，零基源帧[0 | 37 | 73 | 110 | 146 | 183 | 220 | 256 | 293]；初始化主图下方上下文零基[0 | 0 | 5 | 20]（含重复首帧）。146、220、256帧视角从侧面变为斜正面，车轮和车架结构持续可见；不独立确认品牌。",红框是林地前方整辆自行车，橙色前部与浅色车架清楚可见；地上黑包不属目标。,0 | 37 | 73 | 110 | 146 | 183 | 220 | 256 | 293,clear,GPT-6 Astra Pro,2026-10-06,conflicting,True,gb,20261006,bicycle,orange and pale frame | black tires | black saddle and handlebars | printed markings on frame,车架文字具体内容、品牌和材料无法可靠确认,
depthtrack,23,023,bike03_wild,00000001,supported,bicycle,silver-colored frame | orange wheel rims | black tires | green/white markings,green and white branding：可支持颜色标记，具体品牌不可确认,无明确冲突,"多帧可见后轮/前叉更多结构；同款区分仍需连续来源
实际看过九帧目标裁剪图target_crops/023.jpg，零基源帧[0 | 77 | 155 | 232 | 310 | 392 | 472 | 550 | 627]；初始化主图下方上下文零基[0 | 0 | 5 | 20]（含重复首帧）。77、155、232、472等裁剪视角改变并与旁车重叠；同款多车存在，不能只凭同配色确认完整物理身份链。",红框是停放车列中靠前的银绿车架、橙轮圈自行车；旁边有高度相似的同款自行车。,0 | 77 | 155 | 232 | 310 | 392 | 472 | 550 | 627,clear,GPT-6 Astra Pro,2026-10-06,conflicting,True,gb,20261006,bicycle,silver-colored frame | orange wheel rims | black tires | green/white markings,green and white branding：可支持颜色标记，具体品牌不可确认,
depthtrack,24,024,book01_indoor,00000001,supported,book,closed rectangular volume | dark illustrated cover | pale page block,首帧书名、作者和封面细小图案不可可靠确认,open：初始化书本平放并闭合,"后帧展开书页、封底白色文字框和封面更多图案
实际看过九帧目标裁剪图target_crops/024.jpg，零基源帧[0 | 198 | 378 | 558 | 738 | 917 | 1097 | 1277 | 1460]；初始化主图下方上下文零基[0 | 0 | 5 | 20]（含重复首帧）。198、738帧可见彩色封面，558、917、1097帧翻到封底/打开书页；这是后续状态，不得回填为首帧open。",红框是床边台面上的书，不是台面或下方设备；原描述的open不符合初始化状态。,0 | 198 | 378 | 558 | 738 | 917 | 1097 | 1277 | 1460,clear,GPT-6 Astra Pro,2026-10-06,conflicting,True,gb,20261006,book,closed rectangular volume | dark illustrated cover | pale page block,首帧书名、作者和封面细小图案不可可靠确认,
depthtrack,25,025,book02_indoor,00000001,supported,book,green/dark illustrated cover | rectangular | pale page edges | printed cover text,首帧具体书名和印字不可靠；不确认纸张/封皮材料,无明确冲突,"后帧显示封底图案、打开的书页及内页插图
实际看过九帧目标裁剪图target_crops/025.jpg，零基源帧[0 | 187 | 373 | 560 | 746 | 933 | 1120 | 1306 | 1493]；初始化主图下方上下文零基[0 | 0 | 5 | 20]（含重复首帧）。187帧翻到封底，373和560帧打开后显示书页；这些开合状态只属于后帧。",红框是木桌中间平放的闭合书本；玩偶、模型车及杯子在框外。,0 | 187 | 373 | 560 | 746 | 933 | 1120 | 1306 | 1493,clear,GPT-6 Astra Pro,2026-10-06,conflicting,True,gb,20261006,book,green/dark illustrated cover | rectangular | pale page edges | printed cover text,首帧具体书名和印字不可靠；不确认纸张/封皮材料,
depthtrack,26,026,book04_indoor,00000001,supported,book,dark gray/black cover | green spine/panels | pale page block | printed title area,signal processing title：主图字号小，完整书名/卷号不作为稳定首帧断言,无明确冲突,"后帧可辨更多标题/卷号；同款书仍是竞争对象
实际看过九帧目标裁剪图target_crops/026.jpg，零基源帧[0 | 137 | 274 | 412 | 549 | 686 | 824 | 961 | 1098]；初始化主图下方上下文零基[0 | 0 | 5 | 20]（含重复首帧）。274、412和1098帧标题更清楚，多个同封面书同时出现；GT裁剪提供区域，但不以相同书名保证物理身份链。",红框是桌面远端那本黑绿厚书，不是更近的一本相似书，也不是金属杯。,0 | 137 | 274 | 412 | 549 | 686 | 824 | 961 | 1098,clear,GPT-6 Astra Pro,2026-10-06,conflicting,True,gb,20261006,book,dark gray/black cover | green spine/panels | pale page block | printed title area,signal processing title：主图字号小，完整书名/卷号不作为稳定首帧断言,
depthtrack,27,027,book05_indoor,00000001,supported,book,gray/dark cover | green spine and arrow-like patch | pale page block,首帧小字内容和出版版本不可靠,无明确冲突,"后帧出现内页图表与正文，不写成初始属性
实际看过九帧目标裁剪图target_crops/027.jpg，零基源帧[0 | 187 | 374 | 561 | 748 | 935 | 1122 | 1309 | 1496]；初始化主图下方上下文零基[0 | 0 | 5 | 20]（含重复首帧）。374、561、1122帧可见打开的页面，748帧显示相似书脊并排；未确认是否有中途物理交换。",红框为书堆最上方的黑灰绿书本；下方另有相似厚书，不能把整摞当单一本。,0 | 187 | 374 | 561 | 748 | 935 | 1122 | 1309 | 1496,clear,GPT-6 Astra Pro,2026-10-06,conflicting,True,gb,20261006,book,gray/dark cover | green spine and arrow-like patch | pale page block,首帧小字内容和出版版本不可靠,
depthtrack,28,028,book06_indoor,00000001,conflicting,book,dark cover | green/pale bands | thick pale page edges | printed text,首帧部分封面被杯遮挡；完整标题和纸面材料不确认,cup | metallic | vertical stripes：这些对应遮在前方的保温杯，而非红框书本,"后帧可见完整封面和内页，首帧遮挡部分另记
实际看过九帧目标裁剪图target_crops/028.jpg，零基源帧[0 | 193 | 386 | 579 | 995 | 1189 | 1396 | 1797 | 1990]；初始化主图下方上下文零基[0 | 0 | 5 | 20]（含重复首帧）。193、1797帧翻开书页，995等帧正面更清楚；相似书脊可混淆，遵循GT裁剪不推断额外身份。",红框主体是书堆顶部那本厚书，保温杯遮住左前部分；不能顺着前景杯识别类别。,0 | 193 | 386 | 579 | 995 | 1189 | 1396 | 1797 | 1990,clear,GPT-6 Astra Pro,2026-10-06,conflicting,True,gb,20261006,book,dark cover | green/pale bands | thick pale page edges | printed text,首帧部分封面被杯遮挡；完整标题和纸面材料不确认,
depthtrack,29,029,bottle01_indoor,00000001,supported,bottle with a nozzle,blue / translucent-looking body | pale tapered nozzle | cylindrical-rounded body | label area,textured surface：可见标签/反光，不能确定表面粗糙或瓶体材质；用途不明,无明确类别冲突,"后续显示更多侧面标签，不确认具体品名
实际看过九帧目标裁剪图target_crops/029.jpg，零基源帧[0 | 500 | 1000 | 1499 | 2057 | 2567 | 3066 | 3568 | 4068]；初始化主图下方上下文零基[0 | 0 | 5 | 20]（含重复首帧）。500、1499、2057等帧显示白色喷嘴与瓶体侧面；部分帧模糊，文字不可靠。",红框是悬在桌子上方的蓝色小瓶；桌上同时有多种瓶/罐，不能将它们标签移入目标。,0 | 500 | 1000 | 1499 | 2057 | 2567 | 3066 | 3568 | 4068,clear,GPT-6 Astra Pro,2026-10-06,conflicting,True,gb,20261006,bottle with a nozzle,blue / translucent-looking body | pale tapered nozzle | cylindrical-rounded body | label area,textured surface：可见标签/反光，不能确定表面粗糙或瓶体材质；用途不明,
depthtrack,30,030,bottle02_indoor,00000001,supported,bottle,clear/translucent body | red cap | green-white oval label | yellow liquid-like lower area,瓶内液体的化学成分、用途与品牌不能仅据颜色确定,orange label：可见主要标签为绿白，不是纯橙色,"后帧可见浅色背标和不同液体轮廓，仅离线证据
实际看过九帧目标裁剪图target_crops/030.jpg，零基源帧[0 | 317 | 634 | 964 | 1322 | 1640 | 1957 | 2291 | 2665]；初始化主图下方上下文零基[0 | 0 | 5 | 20]（含重复首帧）。634、1322帧转面显示背标，1957等帧局部模糊；标签与液面外观有时受光照影响。",红框是桌前端红盖透明瓶，黄色来自瓶下部内容物/透色；背景多种饮料罐和瓶不属目标。,0 | 317 | 634 | 964 | 1322 | 1640 | 1957 | 2291 | 2665,clear,GPT-6 Astra Pro,2026-10-06,conflicting,True,gb,20261006,bottle,clear/translucent body | red cap | green-white oval label | yellow liquid-like lower area,瓶内液体的化学成分、用途与品牌不能仅据颜色确定,
depthtrack,31,031,bottle03_indoor,00000001,supported,spray bottle,orange body | red/orange trigger head | bent spray nozzle | printed label,red cap：顶部为扳机喷头组件，不是单独圆瓶盖；具体材料/液体用途未确认,无明确类别冲突,"后帧显示更多标签图案和喷头侧面
实际看过九帧目标裁剪图target_crops/031.jpg，零基源帧[0 | 375 | 770 | 1145 | 1520 | 2050 | 2435 | 2810 | 3185]；初始化主图下方上下文零基[0 | 0 | 5 | 20]（含重复首帧）。375、1520、2050帧转面见正背标签，后续模糊不支持精确品牌。",红框明确圈住橙色喷瓶；后方黄瓶、白瓶和右侧透明瓶为其他对象。,0 | 375 | 770 | 1145 | 1520 | 2050 | 2435 | 2810 | 3185,clear,GPT-6 Astra Pro,2026-10-06,conflicting,True,gb,20261006,spray bottle,orange body | red/orange trigger head | bent spray nozzle | printed label,red cap：顶部为扳机喷头组件，不是单独圆瓶盖；具体材料/液体用途未确认,
depthtrack,32,032,bottle05_indoor,00000001,supported,bottle / narrow-neck vase,transparent-looking | tall narrow body | narrow neck | flared base | stems visible inside,实际玻璃/塑料材质不可直接确认；thin只作轮廓，不作物理厚度,无明确冲突,"后帧可见口沿/底部不同角度；不从镜像推出第二个实体
实际看过九帧目标裁剪图target_crops/032.jpg，零基源帧[0 | 89 | 170 | 242 | 313 | 385 | 457 | 528 | 600]；初始化主图下方上下文零基[0 | 0 | 5 | 20]（含重复首帧）。170、313、528帧显示横置和手遮挡，457帧侧面轮廓较清楚；镜像与实体需按协议区分。",红框是手持的高处透明细颈容器，不是下方镜中相似成像；花朵多数在框外，镜像不计为另一个已确认物理实例。,0 | 89 | 170 | 242 | 313 | 385 | 457 | 528 | 600,clear,GPT-6 Astra Pro,2026-10-06,conflicting,True,gb,20261006,bottle vase with flowers,transparent-looking | tall narrow body | narrow neck | flared base | stems visible inside,实际玻璃/塑料材质不可直接确认；thin只作轮廓，不作物理厚度,
depthtrack,33,033,bottle06_indoor,00000001,uncertain,transparent container / tumbler,transparent-looking body | open cylindrical outline | green patch visible through/on body,plastic：透明外观不能区分玻璃/塑料；绿色是印花还是内容物不明；green lid：初始化口部未能确认绿色盖子，绿色主要显在本体中下部,无明确属性冲突；绿色盖子缺乏可确认依据，不把未见当作明确不存在,"后帧容器开口与空透明侧面更清楚；绿色性质仍待核验
实际看过九帧目标裁剪图target_crops/033.jpg，零基源帧[0 | 35 | 71 | 106 | 142 | 177 | 212 | 248 | 284]；初始化主图下方上下文零基[0 | 0 | 5 | 20]（含重复首帧）。71、106、212、248帧可见圆口/透明壁及不同转面，绿色不总显现；不由此断言绿色物被取走。 补充视频：补充视频的转面显示透明圆口与容器壁，绿色区域只在部分方向显现；镜中相似成像不是独立容器的证明，也没有确认到绿色盖子。",红框是手持透明容器而非手，下方镜中有相似成像；不能把镜像当已确认第二实体。,0 | 35 | 71 | 106 | 142 | 177 | 212 | 248 | 284,coarse_only,GPT-6 Astra Pro,2026-10-06,conflicting,True,gb,20261006,open bottle,transparent-looking body | open cylindrical outline | green patch visible through/on body,plastic：透明外观不能区分玻璃/塑料；绿色是印花还是内容物不明；green lid：初始化口部未能确认绿色盖子，绿色主要显在本体中下部,
depthtrack,34,034,box_indoor,00000001,uncertain,partly occluded rectangular object,pale / white visible panel | straight edge,首帧红框只含很小的侧面，不能确认整盒尺寸、用途、材料或完整图案,无充分证据判定原box错误,"后帧更支持白绿长方包装盒，并可见产品图示；初始化身份范围仍需人工核对
实际看过九帧目标裁剪图target_crops/034.jpg，零基源帧[0 | 87 | 210 | 292 | 393 | 475 | 557 | 640 | 730]；初始化主图下方上下文零基[0 | 0 | 5 | 20]（含重复首帧）。87、210、475等GT裁剪显示白绿包装及黑色线缆样印图；这些细节是后续离线证据，不伪装成首帧可读。 补充视频：补充视频中同时存在多个纸盒/包装。较大手持白绿盒显示黑色线缆样印图，但初始化红框是另一小块局部；稀疏抽帧未独立验证完整物理身份链，保留人工范围核验。",初始化红框仅圈住人物身侧、较大白盒后方的一小段白色区域；不把前面整只大盒的属性直接分给红框目标。,0 | 87 | 210 | 292 | 393 | 475 | 557 | 640 | 730,uncertain,GPT-6 Astra Pro,2026-10-06,supported,True,gb,20261006,box,pale / white visible panel | straight edge,首帧红框只含很小的侧面，不能确认整盒尺寸、用途、材料或完整图案,
depthtrack,35,035,candlecup_indoor,00000001,conflicting,decorative container,rounded body | dark multicolored patches | shiny triangular/diamond-like facets,实际玻璃/塑料/其他材料、用途、是否烛台均未确认；首帧只能粗辨圆形装饰物,shell | spiral pattern：补充抽帧显示规则器口、圆底和镶嵌样块纹，不支持天然螺旋贝壳类别,"后续器口、圆底及底部白色标签进一步支持装饰容器；不回填为首帧已知用途或材质
实际看过九帧目标裁剪图target_crops/035.jpg，零基源帧[0 | 88 | 175 | 262 | 350 | 438 | 525 | 612 | 700]；初始化主图下方上下文零基[0 | 0 | 5 | 20]（含重复首帧）。九帧中的88帧见圆底样区域，350、612帧呈容器外形；结合补充视频可将类别收窄为装饰容器。初始化仍只保留可见斑驳块纹和圆形外观。 补充视频：补充视频解码帧28显示圆底及白色标签，112显示器口与弧形容器壁；多色镶嵌样装饰与器皿结构可见，足以修正shell为decorative container，具体材质/用途仍未知。",红框是手掌上的深色斑驳圆形装饰物；表面有亮片状反射，不因亮泽推定天然贝壳。,0 | 88 | 175 | 262 | 350 | 438 | 525 | 612 | 700,coarse_only,GPT-6 Astra Pro,2026-10-06,conflicting,True,gb,20261006,candlecup,rounded body | dark multicolored patches | shiny triangular/diamond-like facets,实际玻璃/塑料/其他材料、用途、是否烛台均未确认；首帧只能粗辨圆形装饰物,
depthtrack,36,036,car01_indoor,00000001,supported,toy car,pale blue/white body | dark roof and windows | dark wheels,具体材质、品牌和遥控功能未确认；画面整体偏蓝,white roof：初始化车顶是深色区域，不是白顶,"后帧可见侧车身和底部局部，更多贴图不作为初始品牌
实际看过九帧目标裁剪图target_crops/036.jpg，零基源帧[0 | 228 | 423 | 599 | 774 | 1015 | 1191 | 1366 | 1541]；初始化主图下方上下文零基[0 | 0 | 5 | 20]（含重复首帧）。228、423、599等帧显示顶面和侧面，手拿起时车身倾斜；仍不证明遥控功能。",红框为地面小型汽车模型，人物鞋子在框外；尺寸相对鞋足以支持玩具/模型车。,0 | 228 | 423 | 599 | 774 | 1015 | 1191 | 1366 | 1541,clear,GPT-6 Astra Pro,2026-10-06,conflicting,True,gb,20261006,toy car,pale blue/white body | dark roof and windows | dark wheels,具体材质、品牌和遥控功能未确认；画面整体偏蓝,
depthtrack,37,037,car02_indoor,00000001,supported,toy car,pale blue/white body | dark roof and windows | dark wheels | sedan-like outline,蓝白色受室内色偏影响；具体品牌、材质/驱动方式未确认,open hood：首帧引擎盖闭合，未见打开的盖板,"后帧可见尾部贴图与车尾形状
实际看过九帧目标裁剪图target_crops/037.jpg，零基源帧[0 | 76 | 146 | 227 | 297 | 368 | 439 | 509 | 674]；初始化主图下方上下文零基[0 | 0 | 5 | 20]（含重复首帧）。146、297、439帧显示侧后方，部分帧极近或模糊；车顶保持深色区域。",红框为地面浅色轿车模型，前舱盖与车体轮廓连续；不能把运动模糊读成开盖。,0 | 76 | 146 | 227 | 297 | 368 | 439 | 509 | 674,clear,GPT-6 Astra Pro,2026-10-06,conflicting,True,gb,20261006,toy car,pale blue/white body | dark roof and windows | dark wheels | sedan-like outline,蓝白色受室内色偏影响；具体品牌、材质/驱动方式未确认,
depthtrack,38,038,cart_indoor,00000001,supported,wheeled cart / trolley,dark gray frame | rectangular base | upright supports | caster wheels,metal frame：框架有金属样外观，具体材料不可确认；首帧可见轮数不保证完整规格,blue carpet：蓝色地毯是背景，不是小车属性,"后帧可见框架侧面、斜撑与更多脚轮
实际看过九帧目标裁剪图target_crops/038.jpg，零基源帧[0 | 209 | 418 | 626 | 835 | 1044 | 1252 | 1461 | 1670]；初始化主图下方上下文零基[0 | 0 | 5 | 20]（含重复首帧）。209、418、626、1044等视角显示不同轮子及支撑结构，脚踩和手牵为临时状态。",红框是人物脚前的有轮框架车，不是整个人；轮子、底架及立柱可见。,0 | 209 | 418 | 626 | 835 | 1044 | 1252 | 1461 | 1670,clear,GPT-6 Astra Pro,2026-10-06,conflicting,True,gb,20261006,wheeled cart,dark gray frame | rectangular base | upright supports | caster wheels,metal frame：框架有金属样外观，具体材料不可确认；首帧可见轮数不保证完整规格,
depthtrack,39,039,cat02_indoor,00000001,supported,cat,black and white fur | white underside and paws | dark back | visible whiskers,lying down：当前是被人托起的姿势，不能作为稳定身份属性,无明确冲突,"后帧显示更多腹部、爪和尾部姿态；不推断品种或年龄
实际看过九帧目标裁剪图target_crops/039.jpg，零基源帧[0 | 76 | 152 | 255 | 353 | 429 | 506 | 637 | 717]；初始化主图下方上下文零基[0 | 0 | 5 | 20]（含重复首帧）。76—637帧猫转动和蜷曲，白腹/白爪与黑背反复可见；末帧暗且裁剪狭长，不确认姿势。",红框主要覆盖横向抱在手中的黑白猫，不是抱猫者；人的浅色上衣不属猫体。,0 | 76 | 152 | 255 | 353 | 429 | 506 | 637 | 717,clear,GPT-6 Astra Pro,2026-10-06,conflicting,True,gb,20261006,cat,black and white fur | white underside and paws | dark back | visible whiskers,lying down：当前是被人托起的姿势，不能作为稳定身份属性,
depthtrack,40,040,cat03_indoor,00000001,supported,cat / black-and-white animal,black body regions | white muzzle/chest-like patch | fur texture,首帧过暗，完整轮廓、眼睛颜色、品种和左右白块对应不充分,无明确类别冲突,"后帧较亮视角更支持猫类别；首帧暗处细节需视频/人工复核
实际看过九帧目标裁剪图target_crops/040.jpg，零基源帧[0 | 60 | 120 | 180 | 262 | 343 | 403 | 495 | 561]；初始化主图下方上下文零基[0 | 0 | 5 | 20]（含重复首帧）。120帧较亮，猫形轮廓与白色胸腹区域更清楚；262和561帧很暗/截断，不据此补细节。 补充视频：补充视频较亮抽帧出现并列的黑白猫形影像，暗帧的细节仍不足；这些抽样未排除镜像/相似对象，不能声称已确认两只独立猫或完整个体对应。",红框涵盖暗处黑白动物；可支持animal，结合可见轮廓更像猫，但首帧不作细分品种或多只动物结论。,0 | 60 | 120 | 180 | 262 | 343 | 403 | 495 | 561,coarse_only,GPT-6 Astra Pro,2026-10-06,conflicting,True,gb,20261006,cat,black body regions | white muzzle/chest-like patch | fur texture,首帧过暗，完整轮廓、眼睛颜色、品种和左右白块对应不充分,
depthtrack,41,041,cat04_indoor,00000001,supported,cat,black visible back and ears | furry outline | upright pointed ears,sitting | looking out window：均为首帧暂时姿态；背面看不到胸腹花色或眼睛,无明确冲突,"白胸、白口鼻和白爪由后帧确认，不能写成首帧已见
实际看过九帧目标裁剪图target_crops/041.jpg，零基源帧[0 | 46 | 93 | 139 | 186 | 245 | 295 | 342 | 393]；初始化主图下方上下文零基[0 | 0 | 5 | 20]（含重复首帧）。93、139、342、393帧转面后可见白胸、白口鼻及白爪；295帧仅有模糊窄局部。",红框是桌边背向镜头的黑色猫，左侧花朵/喷瓶不属于猫；首帧只确认背面黑毛。,0 | 46 | 93 | 139 | 186 | 245 | 295 | 342 | 393,clear,GPT-6 Astra Pro,2026-10-06,conflicting,True,gb,20261006,cat,black visible back and ears | furry outline | upright pointed ears,sitting | looking out window：均为首帧暂时姿态；背面看不到胸腹花色或眼睛,
depthtrack,42,042,cat05_indoor,00000001,conflicting,cat / black-and-white animal,black fur regions | white chest/muzzle patch | white paw-like areas,首帧很暗，品种、精确姿态和白色区域边界不明,mask | black fabric：红框为动物，未见作为主体的口罩或黑布,"后帧补充猫形姿态、白爪与胸部区域
实际看过九帧目标裁剪图target_crops/042.jpg，零基源帧[0 | 99 | 214 | 312 | 448 | 572 | 693 | 942 | 1112]；初始化主图下方上下文零基[0 | 0 | 5 | 20]（含重复首帧）。99、214、312帧更显动物头身与白爪；693、1112帧暗且局部，不推断目标物理消失。 补充视频：补充抽帧仍多为暗场，部分帧可见白色口鼻/胸部的猫形影像；没有新增可可靠使用的品种、眼色或物理个体对应信息。",红框是暗处桌边黑白猫形动物，不是口罩；只依据可见毛色和轮廓，不靠文件名定类。,0 | 99 | 214 | 312 | 448 | 572 | 693 | 942 | 1112,coarse_only,GPT-6 Astra Pro,2026-10-06,conflicting,True,gb,20261006,cat,black fur regions | white chest/muzzle patch | white paw-like areas,首帧很暗，品种、精确姿态和白色区域边界不明,
depthtrack,43,043,chair01_indoor,00000001,supported,office chair,dark seat/back | black armrests | central pedestal | wheeled star-shaped base,leather seat：不能区分皮革、织物或其他包面；swivel功能未由静图直接确认,无明确类别冲突,"后帧不同朝向与坐人遮挡，补充椅背/脚轮细节
实际看过九帧目标裁剪图target_crops/043.jpg，零基源帧[0 | 131 | 255 | 378 | 502 | 631 | 754 | 878 | 1001]；初始化主图下方上下文零基[0 | 0 | 5 | 20]（含重复首帧）。131帧可见正面，378、878帧显示底座/脚轮局部，后续人物坐下遮住座面。",红框圈住带扶手脚轮的办公椅，不是前方人物或地上玩具车。,0 | 131 | 255 | 378 | 502 | 631 | 754 | 878 | 1001,clear,GPT-6 Astra Pro,2026-10-06,conflicting,True,gb,20261006,office chair,dark seat/back | black armrests | central pedestal | wheeled star-shaped base,leather seat：不能区分皮革、织物或其他包面；swivel功能未由静图直接确认,
depthtrack,44,044,chair02_indoor,00000001,supported,chair / rocking chair,yellow painted-looking surface | vertical back spindles | curved armrests | solid seat,metal frame | wooden seat：仅凭黄色涂层不能核实材料；细分类摇椅由后帧更清楚,无可确定的颜色/轮廓冲突,"后帧确认弧形摇杆，支持摇椅细分类
实际看过九帧目标裁剪图target_crops/044.jpg，零基源帧[0 | 226 | 453 | 680 | 910 | 1136 | 1363 | 1590 | 1816]；初始化主图下方上下文零基[0 | 0 | 5 | 20]（含重复首帧）。680、910、1136帧清楚显示底部弧形摇杆和坐人状态，226与1816帧见完整座面。",红框主体是黄色靠背椅，周围另有其他坐具；人物衣服不属于椅子属性。,0 | 226 | 453 | 680 | 910 | 1136 | 1363 | 1590 | 1816,clear,GPT-6 Astra Pro,2026-10-06,conflicting,True,gb,20261006,chair,yellow painted-looking surface | vertical back spindles | curved armrests | solid seat,metal frame | wooden seat：仅凭黄色涂层不能核实材料；细分类摇椅由后帧更清楚,
depthtrack,45,045,clothes_indoor,00000001,supported,T-shirt,white/light gray | short sleeves | round neckline | faint printed motif/text,具体印字/品牌及面料成分不明；悬挂状态不是永久身份,无明确冲突,"后帧显出更多印花、衣物背面和重叠状态
实际看过九帧目标裁剪图target_crops/045.jpg，零基源帧[0 | 96 | 195 | 292 | 388 | 484 | 581 | 677 | 785]；初始化主图下方上下文零基[0 | 0 | 5 | 20]（含重复首帧）。292、388帧印花较可见，677帧粉红衣服与目标重叠；相似衣物交叉需按GT区域分开。",红框为人物画面右侧用衣架举起的浅色T恤，不是左侧粉红T恤或人物身上上衣。,0 | 96 | 195 | 292 | 388 | 484 | 581 | 677 | 785,clear,GPT-6 Astra Pro,2026-10-06,conflicting,True,gb,20261006,T-shirt,white/light gray | short sleeves | round neckline | faint printed motif/text,具体印字/品牌及面料成分不明；悬挂状态不是永久身份,
depthtrack,46,046,colacan01_indoor,00000001,supported,red beverage can,red cylindrical body | pale script-like lettering | silver-colored rim,coca-cola branding：风格相符，但首帧小且糊，完整字样和实际饮料内容不确认,无明确类别冲突,"后帧显出更多罐身印字及顶/底部
实际看过九帧目标裁剪图target_crops/046.jpg，零基源帧[0 | 363 | 745 | 1095 | 1448 | 1799 | 2333 | 2705 | 3055]；初始化主图下方上下文零基[0 | 0 | 5 | 20]（含重复首帧）。363、1448帧为侧倒/模糊视角，745、3055帧可见更多白色曲线印字；不由品牌相同判定持续同一实例。",红框是桌面罐列中手指下方的红罐；旁边有多个非常相似红罐和其他罐。,0 | 363 | 745 | 1095 | 1448 | 1799 | 2333 | 2705 | 3055,coarse_only,GPT-6 Astra Pro,2026-10-06,conflicting,True,gb,20261006,colacan,red cylindrical body | pale script-like lettering | silver-colored rim,coca-cola branding：风格相符，但首帧小且糊，完整字样和实际饮料内容不确认,
depthtrack,47,047,colacan02_indoor,00000001,supported,red branded beverage can,red body | silver-colored top/rim | pale printed blocks | barcode-like panel,silver pull tab：顶面局部可见，但拉环形状与开封状态不清；不能确认内容物,无明确冲突,"后帧显出正面大字标与底部，不冒充首帧已完整读到
实际看过九帧目标裁剪图target_crops/047.jpg，零基源帧[0 | 567 | 1036 | 1626 | 2076 | 2584 | 3065 | 3515 | 4035]；初始化主图下方上下文零基[0 | 0 | 5 | 20]（含重复首帧）。2076、3515帧仍见背标，4035帧正面曲线文字更清楚；该正面文字是后帧证据。",红框为桌上方悬着的红色罐，不是下方一排相似罐；首帧朝向主要显示背标。,0 | 567 | 1036 | 1626 | 2076 | 2584 | 3065 | 3515 | 4035,clear,GPT-6 Astra Pro,2026-10-06,conflicting,True,gb,20261006,colacan,red body | silver-colored top/rim | pale printed blocks | barcode-like panel,silver pull tab：顶面局部可见，但拉环形状与开封状态不清；不能确认内容物,
depthtrack,48,048,colacan04_indoor,00000001,supported,beverage can,white/light upper body | blue lower band | dark large lettering | cylindrical form,white text：仅蓝带小字可能支持，主字样呈深色；内容物/品牌与材料未确认,无明确类别冲突,"后帧可见侧面条码样区域；强光不作为罐体稳定颜色
实际看过九帧目标裁剪图target_crops/048.jpg，零基源帧[0 | 71 | 192 | 343 | 460 | 558 | 713 | 858 | 978]；初始化主图下方上下文零基[0 | 0 | 5 | 20]（含重复首帧）。192、558、713帧显示转面与侧标，343、460、858、978帧过曝/局部不能提供可靠字样。",红框是人物旁悬挂的白蓝罐，不是其蓝色上衣；初始上部强反光影响部分印字。,0 | 71 | 192 | 343 | 460 | 558 | 713 | 858 | 978,clear,GPT-6 Astra Pro,2026-10-06,conflicting,True,gb,20261006,beverage can,white/light upper body | blue lower band | dark large lettering | cylindrical form,white text：仅蓝带小字可能支持，主字样呈深色；内容物/品牌与材料未确认,
depthtrack,49,049,container01_indoor,00000001,supported,transparent storage container,transparent/translucent | rectangular tub | raised rim | parallel molded-looking ribs,plastic：外观相符但材料不能由静图完全核实；内容物和容量未知,无明确冲突,"后帧补充底部形状与黑色提手样件
实际看过九帧目标裁剪图target_crops/049.jpg，零基源帧[0 | 78 | 155 | 233 | 310 | 388 | 563 | 671 | 749]；初始化主图下方上下文零基[0 | 0 | 5 | 20]（含重复首帧）。78、155、563、671帧显示底面、侧壁、提手样结构，强光处细节丢失；不能由反光推断内部物品。",红框是手提透明收纳容器，台面反光及人物手不属于容器；首帧能见侧壁与边沿。,0 | 78 | 155 | 233 | 310 | 388 | 563 | 671 | 749,clear,GPT-6 Astra Pro,2026-10-06,conflicting,True,gb,20261006,transparent storage container,transparent/translucent | rectangular tub | raised rim | parallel molded-looking ribs,plastic：外观相符但材料不能由静图完全核实；内容物和容量未知,
depthtrack,50,050,container02_indoor,00000001,supported,storage box / bin,green | rectangular body | raised rim | opaque side wall,具体材质、容量以及盒内内容不明,无明确冲突,"后帧可见浅色贴纸与侧壁形状，不把标签视作首帧已读
实际看过九帧目标裁剪图target_crops/050.jpg，零基源帧[0 | 166 | 331 | 497 | 662 | 828 | 994 | 1159 | 1325]；初始化主图下方上下文零基[0 | 0 | 5 | 20]（含重复首帧）。166、331、1159等帧显示侧面小标签，光斑随转角变化；同类两箱需按初始目标区分。",红框为桌上右边较大的绿色箱体，左侧另有相似绿色容器；红色物件主要在另一容器上方。,0 | 166 | 331 | 497 | 662 | 828 | 994 | 1159 | 1325,clear,GPT-6 Astra Pro,2026-10-06,conflicting,True,gb,20261006,container,green | rectangular body | raised rim | opaque side wall,具体材质、容量以及盒内内容不明,
depthtrack,51,051,cube01_indoor,00000001,supported,numbered cube / block,light wood-like surface | cube shape | black numerals 0 and 1 | top numeral 8,实际木材品种与用途未确认,81：可见的是不同面的数字，不宜合成固定的两位数81,"后帧提供更多立方体侧面，不把每帧数字组合视作固定号码
实际看过九帧目标裁剪图target_crops/051.jpg，零基源帧[0 | 342 | 718 | 1062 | 1421 | 1763 | 2111 | 2453 | 2795]；初始化主图下方上下文零基[0 | 0 | 5 | 20]（含重复首帧）。342、2453、2795帧反复显示多面数字，1062、1763、2111帧仅局部；数字朝向随转动改变。",红框是合上笔记本电脑上的大号数字方块，另一只较小数字块在右侧；显示0、1和顶面8。,0 | 342 | 718 | 1062 | 1421 | 1763 | 2111 | 2453 | 2795,clear,GPT-6 Astra Pro,2026-10-06,conflicting,True,gb,20261006,numbered cube,light wood-like surface | cube shape | black numerals 0 and 1 | top numeral 8,实际木材品种与用途未确认,
depthtrack,52,052,cube04_indoor,00000001,conflicting,numbered cube / block,light tan wood-like surface | cube | black numeral 4,wooden：只能确认木纹样外观，材质未实测；其他面数字首帧不清,black handle：黑色部分为印刷数字4，不是把手,"后帧出现其他数字面，不能回填到首帧可见数字
实际看过九帧目标裁剪图target_crops/052.jpg，零基源帧[0 | 314 | 630 | 957 | 1278 | 1593 | 1913 | 2246 | 2575]；初始化主图下方上下文零基[0 | 0 | 5 | 20]（含重复首帧）。314、630、2246、2575帧显示5、3等不同数字面，进一步支持数字块而不是箱子。",红框是桌面上的小数字方块，不是带把手箱子；旁边还有木质台历/其他块体。,0 | 314 | 630 | 957 | 1278 | 1593 | 1913 | 2246 | 2575,clear,GPT-6 Astra Pro,2026-10-06,conflicting,True,gb,20261006,numbered cube,light tan wood-like surface | cube | black numeral 4,wooden：只能确认木纹样外观，材质未实测；其他面数字首帧不清,
depthtrack,53,053,cube06_indoor,00000001,supported,numbered cube / block,light tan | cube | black numeral 0 | another dark numeral on adjacent face,木材种类与用途不明；相邻面数字方向可能旋转,number 4：红框主要显示0和相邻面数字，清楚的4属于左后方另一块,"其他面的印刷数字仅由后帧补充
实际看过九帧目标裁剪图target_crops/053.jpg，零基源帧[0 | 267 | 485 | 703 | 921 | 1139 | 1357 | 1575 | 1799]；初始化主图下方上下文零基[0 | 0 | 5 | 20]（含重复首帧）。267、485、703、1139、1575、1799帧显示9/6、7、8、2等转面；不能将转动数字当成新实例。",红框是指尖下方右侧数字块，左边可见另一只标4的方块；不要把两块数字混在一起。,0 | 267 | 485 | 703 | 921 | 1139 | 1357 | 1575 | 1799,clear,GPT-6 Astra Pro,2026-10-06,conflicting,True,gb,20261006,numbered cube,light tan | cube | black numeral 0 | another dark numeral on adjacent face,木材种类与用途不明；相邻面数字方向可能旋转,
depthtrack,54,054,cup03_indoor,00000001,supported,mug,black exterior | white/light interior and rim | round mouth | loop handle,round bottom：首帧主要看杯口，底部不清；材料不确定,white：若指整杯外部为白色则不符，白色主要为内壁/口沿,"后帧显示底面与完整把手，不作材质/用途推断
实际看过九帧目标裁剪图target_crops/054.jpg，零基源帧[0 | 330 | 660 | 1028 | 1358 | 1708 | 2058 | 2421 | 2751]；初始化主图下方上下文零基[0 | 0 | 5 | 20]（含重复首帧）。660、1028、2421帧可见杯底及不同转面，1358、2751帧更清楚显示把手；底部特征属后帧。",红框是悬挂的黑外白内杯，圆口朝向镜头；不是身后黑色椅背。,0 | 330 | 660 | 1028 | 1358 | 1708 | 2058 | 2421 | 2751,clear,GPT-6 Astra Pro,2026-10-06,conflicting,True,gb,20261006,mug,black exterior | white/light interior and rim | round mouth | loop handle,round bottom：首帧主要看杯口，底部不清；材料不确定,
depthtrack,55,055,cup05_indoor,00000001,uncertain,lens-shaped cylindrical object,black cylinder | multiple ring-like ridges | thin red band | pale metallic-looking upper rim,camera lens：也可能是镜头造型杯/容器；光学元件、真实功能、材料不明,无充分证据确认lens必定错误,"后帧更清楚的开口/顶端结构需视频复核；不硬选镜头或杯
实际看过九帧目标裁剪图target_crops/055.jpg，零基源帧[0 | 236 | 579 | 805 | 1027 | 1265 | 1550 | 1773 | 1995]；初始化主图下方上下文零基[0 | 0 | 5 | 20]（含重复首帧）。236、1027、1995帧呈上端口沿和多层环纹；尚未看清真实镜片或容器内部，保留功能不确定。 补充视频：补充抽帧显示黑色环纹圆柱、红细带与上端开口样结构，但光学镜片和容器内壁均未清楚确认；继续保留镜头与镜头造型容器的功能不确定。",红框为桌面黑色镜头样圆柱，首帧能见环纹和红细圈，但无法仅据外形证明其为可用镜头。,0 | 236 | 579 | 805 | 1027 | 1265 | 1550 | 1773 | 1995,coarse_only,GPT-6 Astra Pro,2026-10-06,conflicting,True,gb,20261006,camera lens-shaped cup,black cylinder | multiple ring-like ridges | thin red band | pale metallic-looking upper rim,camera lens：也可能是镜头造型杯/容器；光学元件、真实功能、材料不明,
depthtrack,56,056,cup06_indoor,00000001,supported,cup,red exterior | tapered cylindrical form | circular base | ring-like surface lines,textured surface：可见环线但具体材料未知；首帧倒置看不到内壁,无明确冲突,"白/浅灰内壁及末帧杯内橙色球仅后续可见
实际看过九帧目标裁剪图target_crops/056.jpg，零基源帧[0 | 285 | 647 | 933 | 1218 | 1503 | 1821 | 2106 | 2506]；初始化主图下方上下文零基[0 | 0 | 5 | 20]（含重复首帧）。647起杯口朝上可见白/浅灰内壁，2506帧出现橙色小球置于杯内；均为后续信息，不属于首帧内容物。",红框是桌面倒扣的红杯，旁边两只浅色带把杯为同类杯具；橙色小球在框外。,0 | 285 | 647 | 933 | 1218 | 1503 | 1821 | 2106 | 2506,clear,GPT-6 Astra Pro,2026-10-06,conflicting,True,gb,20261006,cup,red exterior | tapered cylindrical form | circular base | ring-like surface lines,textured surface：可见环线但具体材料未知；首帧倒置看不到内壁,
depthtrack,57,057,cup07_indoor,00000001,supported,mug / cup,white/light body | round open rim | tall cylindrical form,textured：首帧无可可靠描述的细纹；材质与内容不明,无明确冲突,"后帧显示把手与杯底，不补写未见的材质
实际看过九帧目标裁剪图target_crops/057.jpg，零基源帧[0 | 336 | 574 | 813 | 1079 | 1318 | 1563 | 1801 | 2042]；初始化主图下方上下文零基[0 | 0 | 5 | 20]（含重复首帧）。336、574帧转到底部，813帧把手出现，后帧轮流被手遮挡；相似杯需注意身份连续性。",红框是靠近戴眼镜者手的白杯，左方另有白杯和带盖高杯；不能按其他杯花纹补目标。,0 | 336 | 574 | 813 | 1079 | 1318 | 1563 | 1801 | 2042,clear,GPT-6 Astra Pro,2026-10-06,conflicting,True,gb,20261006,cup,white/light body | round open rim | tall cylindrical form,textured：首帧无可可靠描述的细纹；材质与内容不明,
depthtrack,58,058,cup08_indoor,00000001,supported,mug,white | round mouth | curved handle | plain visible side,textured：初始化侧面较素，细纹/材质不确定,无明确冲突,"1450帧可见人物印花；只描述图像存在，不识别人物身份
实际看过九帧目标裁剪图target_crops/058.jpg，零基源帧[0 | 165 | 406 | 597 | 789 | 955 | 1120 | 1285 | 1450]；初始化主图下方上下文零基[0 | 0 | 5 | 20]（含重复首帧）。955帧把手朝向改变，1450帧转面可见人物图像印花；印花不是初始化所见面，不能回填为首帧属性。",红框为人物手边白色带把杯，左侧较远处还有一只同类白杯。,0 | 165 | 406 | 597 | 789 | 955 | 1120 | 1285 | 1450,clear,GPT-6 Astra Pro,2026-10-06,conflicting,True,gb,20261006,mug,white | round mouth | curved handle | plain visible side,textured：初始化侧面较素，细纹/材质不确定,
depthtrack,59,059,cup09_indoor,00000001,supported,mug,white body | round mouth | visible curved handle,coffee inside：只见深色内容物/暗区，不能确定是咖啡、茶或其他液体,无明确类别冲突,"后帧可见淡色侧面图案；饮品种类仍未确认
实际看过九帧目标裁剪图target_crops/059.jpg，零基源帧[0 | 224 | 448 | 672 | 896 | 1121 | 1345 | 1569 | 1793]；初始化主图下方上下文零基[0 | 0 | 5 | 20]（含重复首帧）。672、896帧见把手和杯口，1793帧露出浅灰装饰图案；杯内深色区域随角度变化。",红框是人物近手白杯，左前方还有另一只带深色内容物的白杯；目标不是液体本身。,0 | 224 | 448 | 672 | 896 | 1121 | 1345 | 1569 | 1793,clear,GPT-6 Astra Pro,2026-10-06,conflicting,True,gb,20261006,mug,white body | round mouth | visible curved handle,coffee inside：只见深色内容物/暗区，不能确定是咖啡、茶或其他液体,
depthtrack,60,060,cup10_indoor,00000001,supported,cup,red exterior | pale inner wall/rim | tapered form | ring-like lines,plastic：外观类似一次性杯但材料未确认；杯内物品不作为杯的稳定属性,无明确冲突,"后帧白球更清楚可见；杯内物是临时状态，不作永久身份
实际看过九帧目标裁剪图target_crops/060.jpg，零基源帧[0 | 271 | 540 | 808 | 1077 | 1350 | 1618 | 1927 | 2195]；初始化主图下方上下文零基[0 | 0 | 5 | 20]（含重复首帧）。540帧更清楚地显示白球和橙球同在杯内；1927、2195帧为不同持杯角度，相似杯存在需区分。",红框是桌子中部、手旁装有橙色球的红杯，不是左前方另一红杯或杯内小球。,0 | 271 | 540 | 808 | 1077 | 1350 | 1618 | 1927 | 2195,clear,GPT-6 Astra Pro,2026-10-06,conflicting,True,gb,20261006,cup,red exterior | pale inner wall/rim | tapered form | ring-like lines,plastic：外观类似一次性杯但材料未确认；杯内物品不作为杯的稳定属性,
depthtrack,61,061,cup11_indoor,00000001,supported,mug / cup,white/light body | round rim | handle-like outline,textured：目标仅约20×24像素，表面细纹与材质不清,blue：目标杯主要浅白，右侧另有明显蓝杯；不把旁杯颜色迁入,"后帧补充把手朝向，未获得可靠新增细属性
实际看过九帧目标裁剪图target_crops/061.jpg，零基源帧[0 | 237 | 475 | 712 | 966 | 1203 | 1445 | 1693 | 1954]；初始化主图下方上下文零基[0 | 0 | 5 | 20]（含重复首帧）。712、1445、1693、1954帧可见把手/侧面轮廓，但仍低分辨率；不确认纹饰或容量。 补充视频：补充视频中多只浅色杯和一只明显蓝杯同时存在并被移动；初始化浅色目标与邻杯需严格区分，稀疏抽帧不足以保证遮挡后的完整物理身份链。",红框是手下方杯列中的浅色杯，不是右侧蓝杯或左边有图案的杯；初始化目标很小。,0 | 237 | 475 | 712 | 966 | 1203 | 1445 | 1693 | 1954,coarse_only,GPT-6 Astra Pro,2026-10-06,conflicting,True,gb,20261006,cup,white/light body | round rim | handle-like outline,textured：目标仅约20×24像素，表面细纹与材质不清,
depthtrack,62,062,cup13_indoor,00000001,conflicting,mug,white/light exterior | reddish inner wall | curved handle | small dark outlined motif,杯面图案具体含义、材料不明；姿态是临时状态,phone | white case | red screen：红色为杯内壁，未见手机屏幕结构,"后帧显示更多红内壁和把手方向
实际看过九帧目标裁剪图target_crops/062.jpg，零基源帧[0 | 207 | 415 | 626 | 884 | 1118 | 1330 | 1538 | 1761]；初始化主图下方上下文零基[0 | 0 | 5 | 20]（含重复首帧）。207帧口朝镜头显红色内壁，1330帧杯身横向，其他帧模糊；不能把红内壁当屏幕。",红框是人物手前的白外红内杯，椭圆杯口与把手可见；右侧桌面另有杯具。,0 | 207 | 415 | 626 | 884 | 1118 | 1330 | 1538 | 1761,clear,GPT-6 Astra Pro,2026-10-06,conflicting,True,gb,20261006,mug,white/light exterior | reddish inner wall | curved handle | small dark outlined motif,杯面图案具体含义、材料不明；姿态是临时状态,
depthtrack,63,063,cup14_indoor,00000001,supported,mug / cup,white body | dark purple/brown upper band | gray-green printed patch | handle,textured：主要是可见印花，不能确定立体纹理/材质；图样含义不可读,无明确类别冲突,"后帧可见印花更多区域，仍不确认图案名称
实际看过九帧目标裁剪图target_crops/063.jpg，零基源帧[0 | 248 | 493 | 737 | 992 | 1236 | 1497 | 1740 | 1984]；初始化主图下方上下文零基[0 | 0 | 5 | 20]（含重复首帧）。992、1497、1740、1984帧仍见相似图案区域，部分帧被手遮挡；同类器皿密集时保留身份核对需求。",红框是杯列中带深色/灰绿色图案的白杯，旁边有素白杯和蓝杯；区分目标图案与邻杯。,0 | 248 | 493 | 737 | 992 | 1236 | 1497 | 1740 | 1984,clear,GPT-6 Astra Pro,2026-10-06,conflicting,True,gb,20261006,cup,white body | dark purple/brown upper band | gray-green printed patch | handle,textured：主要是可见印花，不能确定立体纹理/材质；图样含义不可读,
depthtrack,64,064,duck01_wild,00000001,supported,duck,brown mottled feathers | darker head | flat projecting bill | low body on water,webbed feet：初始脚在水下不可见；long neck：只见缩颈游水轮廓，不作为稳定长颈断言,无明确类别冲突,"后帧可见背部羽纹和尾部，具体性别/亚种未判断
实际看过九帧目标裁剪图target_crops/064.jpg，零基源帧[0 | 60 | 120 | 180 | 240 | 300 | 360 | 420 | 480]；初始化主图下方上下文零基[0 | 0 | 5 | 20]（含重复首帧）。120、180、360、480帧显示背羽、尾部及转向；脚始终未清楚呈现，不根据鸭类常识补蹼。",红框为前景水面游动的褐色鸭，背景还有其他鸭；水中倒影不计额外实体。,0 | 60 | 120 | 180 | 240 | 300 | 360 | 420 | 480,clear,GPT-6 Astra Pro,2026-10-06,conflicting,True,gb,20261006,duck,brown mottled feathers | darker head | flat projecting bill | low body on water,webbed feet：初始脚在水下不可见；long neck：只见缩颈游水轮廓，不作为稳定长颈断言,
depthtrack,65,065,duck02_wild,00000001,supported,duck,brown mottled feathers | darker head stripe | broad bill | orange webbed feet,精细种类/性别、年龄不判断,black head：头部深浅相间，不是均匀纯黑,"后帧可见翼侧浅色/深色条带
实际看过九帧目标裁剪图target_crops/065.jpg，零基源帧[0 | 36 | 71 | 106 | 142 | 178 | 213 | 248 | 284]；初始化主图下方上下文零基[0 | 0 | 5 | 20]（含重复首帧）。142、178、213帧显示侧身与橙色蹼足；后续翼部浅色边线更清楚，未独立核验整段身份。",红框为地面前景褐色鸭，旁边灰色鸟更像不同类别鸟，不因同为鸟判定同类鸭。,0 | 36 | 71 | 106 | 142 | 178 | 213 | 248 | 284,clear,GPT-6 Astra Pro,2026-10-06,conflicting,True,gb,20261006,duck,brown mottled feathers | darker head stripe | broad bill | orange webbed feet,精细种类/性别、年龄不判断,
depthtrack,66,066,duck04_wild,00000001,supported,duck,brown patterned feathers | orange feet | darker head | pale-edged dark wing patch,long tail feathers：首帧尾部不完整，长度没有可靠依据；不判定性别,white stripe on head：清楚浅色条带主要在翼部，不应直接标在头部,"后帧鸭的侧脸、翼带更清楚
实际看过九帧目标裁剪图target_crops/066.jpg，零基源帧[0 | 89 | 177 | 266 | 354 | 443 | 532 | 620 | 709]；初始化主图下方上下文零基[0 | 0 | 5 | 20]（含重复首帧）。177、266、443、620帧显示翼斑及不同头向，后帧不能替代首帧遮住的细节。",红框为靠近相机、低头的褐鸭，背景灰色鸟在框外；需把翼带与头部位置区分。,0 | 89 | 177 | 266 | 354 | 443 | 532 | 620 | 709,clear,GPT-6 Astra Pro,2026-10-06,conflicting,True,gb,20261006,duck,brown patterned feathers | orange feet | darker head | pale-edged dark wing patch,long tail feathers：首帧尾部不完整，长度没有可靠依据；不判定性别,
depthtrack,67,067,duck05_wild,00000001,supported,duck / bird,brown mottled feathers | orange webbed feet | broad bill | darker head markings,head turned：临时姿态；不推断性别/亚种,无明确冲突,"后帧补充翼侧黑/蓝样色块与白边
实际看过九帧目标裁剪图target_crops/067.jpg，零基源帧[0 | 56 | 112 | 168 | 224 | 280 | 336 | 392 | 448]；初始化主图下方上下文零基[0 | 0 | 5 | 20]（含重复首帧）。112、280、336、392帧侧面可见白边深色翼斑；独特细标记不足以跨不连续帧证明物理身份。",红框为水边低头的鸭形鸟，脚部可见蹼状连接；旁边有灰色小鸟但未见另一明确同类鸭。,0 | 56 | 112 | 168 | 224 | 280 | 336 | 392 | 448,clear,GPT-6 Astra Pro,2026-10-06,conflicting,True,gb,20261006,duck,brown mottled feathers | orange webbed feet | broad bill | darker head markings,head turned：临时姿态；不推断性别/亚种,
depthtrack,68,068,duck06_wild,00000001,supported,duck,brown mottled body | dark head | elongated bill/neck outline,swimming：只作为初始场景状态；首帧小且反光，脚、种类与细纹不明,无明确冲突,"后帧可见橙色脚、翼侧白边深色斑与更清楚羽纹
实际看过九帧目标裁剪图target_crops/068.jpg，零基源帧[0 | 123 | 246 | 369 | 492 | 614 | 737 | 860 | 983]；初始化主图下方上下文零基[0 | 0 | 5 | 20]（含重复首帧）。369、614帧水上侧身更大，860、983帧出现岸边/更近视角，脚和翼斑较清楚；后帧信息另记。",红框为近处水面的褐色鸭，背景还有多只鸭；反光区域与水中倒影不能当羽毛颜色。,0 | 123 | 246 | 369 | 492 | 614 | 737 | 860 | 983,coarse_only,GPT-6 Astra Pro,2026-10-06,conflicting,True,gb,20261006,duck,brown mottled body | dark head | elongated bill/neck outline,swimming：只作为初始场景状态；首帧小且反光，脚、种类与细纹不明,
depthtrack,69,069,dumbbells02_indoor,00000001,uncertain,black-and-red curved object,black main body | red curved band/edge | loop-like opening | large white lettering,sandals | text on sole：未能确认鞋底/鞋带，字样只可确认印在黑色曲面；材料与功能未知,无足够依据判定完整细类别,"后续可见较宽弧形背面与不同手持角度，细分类保留人工核验
实际看过九帧目标裁剪图target_crops/069.jpg，零基源帧[0 | 168 | 336 | 516 | 693 | 861 | 1034 | 1202 | 1370]；初始化主图下方上下文零基[0 | 0 | 5 | 20]（含重复首帧）。九帧与补充视频抽帧均显示黑色曲面、红边和提持姿态，旋转/遮挡下仍未明确用途；已看抽帧不等于完整连续观看。 补充视频：补充抽帧显示黑色弧形物、红边、宽带和白色印字；仍未见足够确定的鞋底/帽冠结构，不能在拖鞋、帽罩等用途间硬判。",红框是手中黑红相间带环形开口的物体；未见足以确认拖鞋的脚底结构，形似帽/罩或弧形器物也不能硬定。,0 | 168 | 336 | 516 | 693 | 861 | 1034 | 1202 | 1370,uncertain,GPT-6 Astra Pro,2026-10-06,conflicting,True,gb,20261006,dumbbell,black main body | red curved band/edge | loop-like opening | large white lettering,sandals | text on sole：未能确认鞋底/鞋带，字样只可确认印在黑色曲面；材料与功能未知,
depthtrack,70,070,earphone02_indoor,00000001,supported,headphones,dark blue | padded headband | two round earcups | curved over-head form,cable：首帧未见一条可可靠追踪的连接线；具体功能/品牌不明,无明确类别冲突,"后帧更清楚显示耳罩外侧和折转位置；不据此确认有线/无线
实际看过九帧目标裁剪图target_crops/070.jpg，零基源帧[0 | 177 | 353 | 530 | 706 | 889 | 1066 | 1266 | 1449]；初始化主图下方上下文零基[0 | 0 | 5 | 20]（含重复首帧）。177、353帧显示两侧耳罩，706、1266等仅狭小局部，1449是1×1裁剪无可判细节。",红框是手持蓝色头戴式耳机，环形头梁连接两个耳罩；手腕黑带不是耳机线。,0 | 177 | 353 | 530 | 706 | 889 | 1066 | 1266 | 1449,clear,GPT-6 Astra Pro,2026-10-06,conflicting,True,gb,20261006,headphones,dark blue | padded headband | two round earcups | curved over-head form,cable：首帧未见一条可可靠追踪的连接线；具体功能/品牌不明,
depthtrack,71,071,egg_indoor,00000001,supported,egg,white | oval/egg-shaped | smooth-looking surface,蛋壳真实性、内部内容、是否煮熟不可由外形确认,无明确冲突,"后帧提供握持与不同方向，不新增内部属性
实际看过九帧目标裁剪图target_crops/071.jpg，零基源帧[0 | 499 | 928 | 1390 | 1819 | 2249 | 2679 | 3122 | 3551]；初始化主图下方上下文零基[0 | 0 | 5 | 20]（含重复首帧）。499、1390、1819、3122帧为手持/桌面不同视角，3551又接近蛋托；多枚外观相似，离散GT裁剪不能独立证明未换蛋。",红框为绿色蛋托中指尖下那枚白色蛋，其他多枚白蛋构成强同类混淆；不把整托当单个目标。,0 | 499 | 928 | 1390 | 1819 | 2249 | 2679 | 3122 | 3551,clear,GPT-6 Astra Pro,2026-10-06,conflicting,True,gb,20261006,egg,white | oval/egg-shaped | smooth-looking surface,蛋壳真实性、内部内容、是否煮熟不可由外形确认,
depthtrack,72,072,file02_indoor,00000001,conflicting,file binder / ring binder,white | broad rectangular covers | thick spine | round finger hole | metal-looking fittings,材料成分、内部文件内容与品牌不明,box：可见文件夹封皮和书脊结构，不是封闭储物箱；closed仅为暂时状态,"后帧可见更完整内封皮和金属样固定结构
实际看过九帧目标裁剪图target_crops/072.jpg，零基源帧[0 | 233 | 465 | 698 | 930 | 1163 | 1396 | 1628 | 1861]；初始化主图下方上下文零基[0 | 0 | 5 | 20]（含重复首帧）。233、698、930、1163帧露出封皮开合及固定件，465、1628为窄书脊视角。",红框是手持白色文件夹，背后书架有多本近似白色文件夹；并非普通白盒。,0 | 233 | 465 | 698 | 930 | 1163 | 1396 | 1628 | 1861,clear,GPT-6 Astra Pro,2026-10-06,conflicting,True,gb,20261006,folder,white | broad rectangular covers | thick spine | round finger hole | metal-looking fittings,材料成分、内部文件内容与品牌不明,
depthtrack,73,073,flower01_indoor,00000001,supported,flower,cream/white petals | green central area | slender green stem | radiating petals,花种、真假花、材料不可确认；当前花头角度不作永久身份,无明确冲突,"后帧补充花背与绿色花托形态
实际看过九帧目标裁剪图target_crops/073.jpg，零基源帧[0 | 96 | 262 | 381 | 492 | 630 | 759 | 903 | 999]；初始化主图下方上下文零基[0 | 0 | 5 | 20]（含重复首帧）。262、492、759帧为侧/背面，903帧正面更清楚；花瓣受转角和光照呈浅黄，不能断言是新花。",红框是被举起花枝中靠画面中间的一朵浅色花，不是另外两朵或背景绿植。,0 | 96 | 262 | 381 | 492 | 630 | 759 | 903 | 999,clear,GPT-6 Astra Pro,2026-10-06,conflicting,True,gb,20261006,flower,cream/white petals | green central area | slender green stem | radiating petals,花种、真假花、材料不可确认；当前花头角度不作永久身份,
depthtrack,74,074,flower02_wild,00000001,conflicting,flower cluster / inflorescence,pale cream/yellow-green | rounded cluster | many small overlapping florets,具体花种、枯萎程度及花龄不判断,yellow wings：浅色区域为密集小花/花瓣，不是昆虫翅膀,"后帧呈现花团不同角度，花种仍用粗类别
实际看过九帧目标裁剪图target_crops/074.jpg，零基源帧[0 | 65 | 171 | 304 | 372 | 446 | 504 | 592 | 655]；初始化主图下方上下文零基[0 | 0 | 5 | 20]（含重复首帧）。304帧小花瓣较清楚，其他多帧运动模糊；不能将旁边花团当成同一实例的额外属性。",红框为灌木中部的一簇浅色花，周围多簇相似花团；没有可见虫体支持insect类别。,0 | 65 | 171 | 304 | 372 | 446 | 504 | 592 | 655,clear,GPT-6 Astra Pro,2026-10-06,conflicting,True,gb,20261006,flower,pale cream/yellow-green | rounded cluster | many small overlapping florets,具体花种、枯萎程度及花龄不判断,
depthtrack,75,075,flower03_indoor,00000001,supported,flower,pink/magenta petals | layered rounded flower head | thin green stem,具体花种、是否人造、香味/材质不能确认,无明确冲突,"后帧可见绿色花托与更多花背细节
实际看过九帧目标裁剪图target_crops/075.jpg，零基源帧[0 | 68 | 137 | 278 | 347 | 453 | 555 | 675 | 743]；初始化主图下方上下文零基[0 | 0 | 5 | 20]（含重复首帧）。278、347、675、743帧显示绿色花托和背面，555帧花心较可见；不将转面绿色算成新花瓣颜色。",红框是上方粉红花头；画面下方还有浅色花头，虽然颜色不同仍属同类花朵。,0 | 68 | 137 | 278 | 347 | 453 | 555 | 675 | 743,clear,GPT-6 Astra Pro,2026-10-06,conflicting,True,gb,20261006,flower,pink/magenta petals | layered rounded flower head | thin green stem,具体花种、是否人造、香味/材质不能确认,
depthtrack,76,076,flowerbasket_indoor,00000001,supported,hanging basket / planter,dark brown | woven band pattern | tapered bucket-like body | suspended cords,具体编织材料、是否内装植物/土壤首帧未见；不推定用途,无明确冲突,"后帧可见容器开口和内侧；首帧不记为空或有物
实际看过九帧目标裁剪图target_crops/076.jpg，零基源帧[0 | 108 | 215 | 404 | 511 | 617 | 723 | 843 | 1000]；初始化主图下方上下文零基[0 | 0 | 5 | 20]（含重复首帧）。511、617、1000帧看到上口和深色内壁，843帧仅剩极窄局部，不能判形。",红框是前方较大棕色吊篮本体，后方镜内有相似小成像；不能据成像数确定两个实体。,0 | 108 | 215 | 404 | 511 | 617 | 723 | 843 | 1000,clear,GPT-6 Astra Pro,2026-10-06,conflicting,True,gb,20261006,flowerbasket,dark brown | woven band pattern | tapered bucket-like body | suspended cords,具体编织材料、是否内装植物/土壤首帧未见；不推定用途,
depthtrack,77,077,ghostmask_indoor,00000001,supported,costume face mask,white elongated face surface | black eye openings | long black mouth opening,scream design：只保留张口样面部造型，不识别具体影视角色；材料不确认,无明确外观冲突,"后帧提供面具侧面轮廓，无新增身份断言
实际看过九帧目标裁剪图target_crops/077.jpg，零基源帧[0 | 128 | 304 | 432 | 560 | 689 | 897 | 1035 | 1164]；初始化主图下方上下文零基[0 | 0 | 5 | 20]（含重复首帧）。128、432、560、1164帧显示不同角度面具，304、689、897帧局部截断；不根据造型给真实人物或角色姓名。",红框圈住人脸前的白色面具，不是佩戴者身份；黑色兜帽为相邻衣物。,0 | 128 | 304 | 432 | 560 | 689 | 897 | 1035 | 1164,clear,GPT-6 Astra Pro,2026-10-06,conflicting,True,gb,20261006,ghostmask,white elongated face surface | black eye openings | long black mouth opening,scream design：只保留张口样面部造型，不识别具体影视角色；材料不确认,
depthtrack,78,078,glass02_indoor,00000001,supported,transparent mug / glass,transparent-looking | cylindrical body | thick round base | clear loop handle | fine speckled surface,water droplets：斑点可能为表面纹理/凝结/反光，不能仅首帧确认水滴成因,无明确类别冲突,"后帧确认不同朝向的杯底/把手；未确认内容物
实际看过九帧目标裁剪图target_crops/078.jpg，零基源帧[0 | 216 | 431 | 647 | 862 | 1078 | 1318 | 1533 | 1749]；初始化主图下方上下文零基[0 | 0 | 5 | 20]（含重复首帧）。862、1078、1318、1533帧露出杯口/杯底和把手转面，液体存在与否不作强结论。",红框是桌前透明带把杯，透过杯体的红绿标签来自后方瓶罐，不当成杯本身印花。,0 | 216 | 431 | 647 | 862 | 1078 | 1318 | 1533 | 1749,clear,GPT-6 Astra Pro,2026-10-06,conflicting,True,gb,20261006,glass,transparent-looking | cylindrical body | thick round base | clear loop handle | fine speckled surface,water droplets：斑点可能为表面纹理/凝结/反光，不能仅首帧确认水滴成因,
depthtrack,79,079,glass03_indoor,00000001,supported,transparent mug / glass,transparent/translucent-looking | cylindrical wall | thick circular base | fine surface pattern,具体材料与内容物、表面细点是否水滴不确定；首帧把手被遮挡较多,无明确冲突,"后帧更清楚显示把手、口沿与透视变化
实际看过九帧目标裁剪图target_crops/079.jpg，零基源帧[0 | 71 | 168 | 263 | 354 | 425 | 511 | 582 | 674]；初始化主图下方上下文零基[0 | 0 | 5 | 20]（含重复首帧）。354、674帧把手和杯口较清楚，425、511帧过曝不能提供完整细纹。",红框为手持透明杯体，身后的细杆和白罐在框外；不把强光反射当杯子自身发光。,0 | 71 | 168 | 263 | 354 | 425 | 511 | 582 | 674,clear,GPT-6 Astra Pro,2026-10-06,conflicting,True,gb,20261006,glass,transparent/translucent-looking | cylindrical wall | thick circular base | fine surface pattern,具体材料与内容物、表面细点是否水滴不确定；首帧把手被遮挡较多,
depthtrack,80,080,glass04_indoor,00000001,supported,transparent mug,clear/translucent body | loop handle | round thick base | fine textured-looking wall,材料、液体和纹理形成原因不确定,white：多数白色来自亮光反射，杯体呈透明/半透明而非不透明白色,"后帧杯口/底面更清楚，不增加颜色或成分断言
实际看过九帧目标裁剪图target_crops/080.jpg，零基源帧[0 | 120 | 284 | 404 | 524 | 644 | 764 | 884 | 1004]；初始化主图下方上下文零基[0 | 0 | 5 | 20]（含重复首帧）。284、404、764、1004帧显示底部、杯口和把手位置变化；524、884强光区域不可靠。",红框是悬挂转斜的透明带把杯；高光占据杯身，但仍可见透光、底圈和把手。,0 | 120 | 284 | 404 | 524 | 644 | 764 | 884 | 1004,clear,GPT-6 Astra Pro,2026-10-06,conflicting,True,gb,20261006,glass,clear/translucent body | loop handle | round thick base | fine textured-looking wall,材料、液体和纹理形成原因不确定,
depthtrack,81,081,glass05_indoor,00000001,supported,bottle,transparent-looking | tall body | narrow neck | sloping/rounded shoulders,实际玻璃/塑料材质、是否有液体与具体用途不明,curved neck：可见颈部基本直，弯曲主要为瓶肩轮廓,"后帧补充瓶底/另一侧轮廓，没有可靠新增品牌
实际看过九帧目标裁剪图target_crops/081.jpg，零基源帧[0 | 123 | 245 | 368 | 490 | 613 | 799 | 921 | 1073]；初始化主图下方上下文零基[0 | 0 | 5 | 20]（含重复首帧）。123、245、613帧显示瓶身侧面和底部，368、490、921强光不利于标签判断。",红框为桌缘透明长瓶，旁边有金属/透明杯罐；不把周围强光视作自身颜色。,0 | 123 | 245 | 368 | 490 | 613 | 799 | 921 | 1073,clear,GPT-6 Astra Pro,2026-10-06,conflicting,True,gb,20261006,bottle,transparent-looking | tall body | narrow neck | sloping/rounded shoulders,实际玻璃材质、是否有液体与具体用途不明,
depthtrack,82,082,guitarbag_indoor,00000001,supported,guitar case / instrument bag,guitar-shaped outline | beige/tan newspaper-style print | black edging | front pocket outline,报纸印字具体内容、内部是否装乐器及布料成分不可确认,无明确冲突,"后帧显示提带/背带及包体侧面
实际看过九帧目标裁剪图target_crops/082.jpg，零基源帧[0 | 168 | 349 | 603 | 771 | 939 | 1108 | 1276 | 1560]；初始化主图下方上下文零基[0 | 0 | 5 | 20]（含重复首帧）。168、771、1276、1560帧拿起/转侧后出现背带与侧边，不能据外形判断内部物品。",红框是靠墙的吉他形包套，不是裸露吉他；表面印花和黑包边清楚。,0 | 168 | 349 | 603 | 771 | 939 | 1108 | 1276 | 1560,clear,GPT-6 Astra Pro,2026-10-06,conflicting,True,gb,20261006,guitarbag,guitar-shaped outline | beige/tan newspaper-style print | black edging | front pocket outline,报纸印字具体内容、内部是否装乐器及布料成分不可确认,
depthtrack,83,083,gymring_wild,00000001,supported,hanging ring,green/yellow-green | circular ring | upper crosspiece with lettering | dark suspension strap,textured：细表面不够清楚；材料与承重用途未确认,无明确类别冲突,"后帧显示背面及侧厚度；不推断额定功能
实际看过九帧目标裁剪图target_crops/083.jpg，零基源帧[0 | 155 | 311 | 466 | 622 | 777 | 932 | 1088 | 1243]；初始化主图下方上下文零基[0 | 0 | 5 | 20]（含重复首帧）。466、622帧字样较清楚，777侧面变窄，932后文字反向来自背面；不当成不同物体。",红框是户外吊挂圆环本体及上部横片，背景建筑/树不属于目标，文字仅作为可见标记。,0 | 155 | 311 | 466 | 622 | 777 | 932 | 1088 | 1243,clear,GPT-6 Astra Pro,2026-10-06,conflicting,True,gb,20261006,hanging ring,green/yellow-green | circular ring | upper crosspiece with lettering | dark suspension strap,textured：细表面不够清楚；材料与承重用途未确认,
depthtrack,84,084,hand02_indoor,00000001,conflicting,hand (mirror image),visible palm | spread fingers | wrist/forearm segment,首帧小而模糊，精细皮纹、左右手、人物身份不判断,guitar case | newspaper pattern | wooden back：这些对应框外吉他包/背景，不是红框手部,"后帧补充手指张合/手腕方向，非稳定身份属性
实际看过九帧目标裁剪图target_crops/084.jpg，零基源帧[0 | 105 | 211 | 317 | 421 | 526 | 666 | 770 | 900]；初始化主图下方上下文零基[0 | 0 | 5 | 20]（含重复首帧）。317、666帧掌与指更清楚，105、421、526模糊；仅描述手部动作/姿态，不判断个人身份。",红框圈住镜中向外伸出的手掌，不是左上近处实体手或右侧吉他包；镜像不代表额外物理手。,0 | 105 | 211 | 317 | 421 | 526 | 666 | 770 | 900,clear,GPT-6 Astra Pro,2026-10-06,conflicting,True,gb,20261006,hand (mirror image),visible palm | spread fingers | wrist/forearm segment,首帧小而模糊，精细皮纹、左右手、人物身份不判断,
depthtrack,85,085,hat01_indoor,00000001,supported,hat,gray | brim around crown | black band | pinched/creased crown,具体纤维、是否草编/毡制及品牌不确定,无明确冲突,"后帧内侧、标签和帽冠凹陷更可见
实际看过九帧目标裁剪图target_crops/085.jpg，零基源帧[0 | 169 | 339 | 508 | 678 | 851 | 1021 | 1191 | 1360]；初始化主图下方上下文零基[0 | 0 | 5 | 20]（含重复首帧）。508、678帧帽子被戴到头上，851、1360帧显出内侧与标签；不识别佩戴者。",红框是手中灰色带檐帽，黑带围绕帽冠；人物衣着和墙饰不是帽的属性。,0 | 169 | 339 | 508 | 678 | 851 | 1021 | 1191 | 1360,clear,GPT-6 Astra Pro,2026-10-06,conflicting,True,gb,20261006,hat,gray | brim around crown | black band | pinched/creased crown,具体纤维、是否草编/毡制及品牌不确定,
depthtrack,86,086,hat02_indoor_320,00000001,supported,bicycle-style helmet,red and black shell regions | pale accents | multiple vents | dark straps,text on helmet：首帧未能可靠读到具体文字；安全等级/材料不可确认,无明确冲突,"后帧可见内部衬垫/绑带外观，不确认性能
实际看过九帧目标裁剪图target_crops/086.jpg，零基源帧[0 | 135 | 271 | 517 | 653 | 788 | 923 | 1059 | 1202]；初始化主图下方上下文零基[0 | 0 | 5 | 20]（含重复首帧）。135、271帧不同角度见通风槽，923、1202帧显示黑色内侧和带子；局部模糊帧不补品牌。",红框为悬挂在手下方的通风头盔，手握的是带子；不把背景门牌文字归到头盔。,0 | 135 | 271 | 517 | 653 | 788 | 923 | 1059 | 1202,clear,GPT-6 Astra Pro,2026-10-06,conflicting,True,gb,20261006,bicycle-style helmet,red and black shell regions | pale accents | multiple vents | dark straps,text on helmet：首帧未能可靠读到具体文字；安全等级/材料不可确认,
depthtrack,87,087,hat03_indoor,00000001,conflicting,hat / peaked cap,black curved band/visor | pale upper crown | small round light badge,round：只是局部外轮廓；首帧远小，徽记、材料和用途不明,remote control | button：黑色部位属于帽沿/帽带，未见遥控器按键布局,"后帧确认完整帽形和内侧颜色；首帧只用粗类别；补充视频另见黑色穗饰，仍属后帧信息
实际看过九帧目标裁剪图target_crops/087.jpg，零基源帧[0 | 152 | 304 | 457 | 609 | 761 | 914 | 1066 | 1218]；初始化主图下方上下文零基[0 | 0 | 5 | 20]（含重复首帧）。152、304、609、914帧拿起或戴上后清楚见白色帽冠、黑带与帽檐，1066帧出现深红内侧。 补充视频：补充视频解码帧49见浅色帽内侧，97有黑色穗状部件，194显示被戴上的帽形，340附近可见深红内侧；这些是后帧证据，不将内衬和穗饰回填为首帧已知。",红框在桌上帽子的黑色前沿，浅色帽冠在其上后方；旁边另有小电子设备，不能把设备类别套到帽。,0 | 152 | 304 | 457 | 609 | 761 | 914 | 1066 | 1218,coarse_only,GPT-6 Astra Pro,2026-10-06,conflicting,True,gb,20261006,hat,black curved band/visor | pale upper crown | small round light badge,round：只是局部外轮廓；首帧远小，徽记、材料和用途不明,
depthtrack,88,088,hat04_indoor,00000001,supported,hat,black | brimmed shape | repeated small yellow motifs | seams,black fabric：织物样表面可见但纤维成分未知；黄色图样具体对象不硬认,无明确冲突,"后帧显示纯黑内侧与帽檐形状
实际看过九帧目标裁剪图target_crops/088.jpg，零基源帧[0 | 346 | 693 | 1039 | 1386 | 1732 | 2078 | 2425 | 2771]；初始化主图下方上下文零基[0 | 0 | 5 | 20]（含重复首帧）。346、1386、1732帧翻开见深色内侧，2078帧外表重复图纹清楚；不把转面/倒置当作新属性。",红框是桌面黑底黄纹帽子，不是旁边红杯或持帽人的衣服。,0 | 346 | 693 | 1039 | 1386 | 1732 | 2078 | 2425 | 2771,clear,GPT-6 Astra Pro,2026-10-06,conflicting,True,gb,20261006,hat,black | brimmed shape | repeated small yellow motifs | seams,black fabric：织物样表面可见但纤维成分未知；黄色图样具体对象不硬认,
depthtrack,89,089,human01_indoor,00000001,supported,person,black hooded jacket | dark lower clothing | visible hair,衣服纤维、品牌和个人身份不确认；back facing camera是初始姿态而非永久属性,无明确首帧类别冲突,"后帧可见白色短袖内层及外套穿脱，不能回填为首帧确定属性
实际看过九帧目标裁剪图target_crops/089.jpg，零基源帧[0 | 185 | 369 | 554 | 738 | 948 | 1133 | 1317 | 1504]；初始化主图下方上下文零基[0 | 0 | 5 | 20]（含重复首帧）。185、369帧帽兜与内层浅色上衣更清楚，554后部分帧脱去外套，1133、1317又出现外套；不能将黑外套写为全序列不变身份。",红框是人物整体，不是黑外套单独目标；只依据首帧记录可见穿着，不补面部细节。,0 | 185 | 369 | 554 | 738 | 948 | 1133 | 1317 | 1504,clear,GPT-6 Astra Pro,2026-10-06,conflicting,True,gb,20261006,person,black hooded jacket | dark lower clothing | visible hair,衣服纤维、品牌和个人身份不确认；back facing camera是初始姿态而非永久属性,
depthtrack,90,090,human03_wild,00000001,supported,person,dark blue-gray hooded jacket | dark trousers | short dark hair,外套防水性、材质、品牌和个人身份不可确认,无明确首帧类别冲突,"白色内层短袖及外套穿脱仅从后帧确认
实际看过九帧目标裁剪图target_crops/090.jpg，零基源帧[0 | 382 | 764 | 1146 | 1771 | 2153 | 2537 | 2919 | 3323]；初始化主图下方上下文零基[0 | 0 | 5 | 20]（含重复首帧）。1771、2153帧改为白色短袖，2537、2919帧又有蓝灰外套，末帧仅局部身体；多帧说明衣着可变。",红框为林间近处背对镜头的人物；裤子和外套是可见穿着，不识别人物身份。,0 | 382 | 764 | 1146 | 1771 | 2153 | 2537 | 2919 | 3323,clear,GPT-6 Astra Pro,2026-10-06,conflicting,True,gb,20261006,person,dark blue-gray hooded jacket | dark trousers | short dark hair,外套防水性、材质、品牌和个人身份不可确认,
depthtrack,91,091,human04_wild,00000001,conflicting,person,white short-sleeved top | black trousers | pale band on one trouser leg | gray shoes,reflective strip：能见浅色带但反光功能未知；首帧头部在画面外，脸部与眼镜不作初始属性,pants：红框包含上身、手臂和双腿，不只裤子,"后帧头部、眼镜和外套状态初始不可见，不并入首帧属性
实际看过九帧目标裁剪图target_crops/091.jpg，零基源帧[0 | 202 | 404 | 607 | 809 | 1011 | 1214 | 1416 | 1618]；初始化主图下方上下文零基[0 | 0 | 5 | 20]（含重复首帧）。202帧头面可见，404帧出现俯身/支撑姿态，809后拿起或穿上深色外套，1618帧目标裁剪极窄；不据局部裁剪推断消失原因。",目标范围是人物可见身体，不能以裤子的局部类别替代整个人；首帧仅记录衣着范围。,0 | 202 | 404 | 607 | 809 | 1011 | 1214 | 1416 | 1618,clear,GPT-6 Astra Pro,2026-10-06,conflicting,True,gb,20261006,person,white short-sleeved top | black trousers | pale band on one trouser leg | gray shoes,reflective strip：能见浅色带但反光功能未知；首帧头部在画面外，脸部与眼镜不作初始属性,
depthtrack,92,092,human05_wild,00000001,conflicting,person,dark top | dark knee-length shorts | side pocket shapes | dark socks and shoes,精确衣料、口袋结构、手持物种类和人物身份未确认；首帧头部未完整出现,shorts：红框覆盖上身、手臂与腿部，目标不是短裤单件,"后帧面部及所持平板状物体可见，均非首帧确认属性
实际看过九帧目标裁剪图target_crops/092.jpg，零基源帧[0 | 281 | 562 | 843 | 1124 | 1407 | 1688 | 2026 | 2327]；初始化主图下方上下文零基[0 | 0 | 5 | 20]（含重复首帧）。1688帧头面较清楚，2026帧转背，2327帧抱持大平板状物体；这些不替代首帧观察。",首帧红框是人物身体整体，裤装样式只作穿着特征；框边物品及线缆不用于认定类别。,0 | 281 | 562 | 843 | 1124 | 1407 | 1688 | 2026 | 2327,clear,GPT-6 Astra Pro,2026-10-06,conflicting,True,gb,20261006,person,dark top | dark knee-length shorts | side pocket shapes | dark socks and shoes,精确衣料、口袋结构、手持物种类和人物身份未确认；首帧头部未完整出现,
depthtrack,93,093,human06_indoor,00000001,conflicting,person,white short-sleeved T-shirt | dark trousers | short dark hair,round neck：首帧主要为背面且较小，领型细分不确定；所携器材精确型号及身份未知,shirt：红框覆盖人物头部、身体与腿部，不只是上衣,"后帧眼镜与器材角度更明显，不据此添加初始面部属性
实际看过九帧目标裁剪图target_crops/093.jpg，零基源帧[0 | 58 | 117 | 176 | 310 | 368 | 427 | 486 | 544]；初始化主图下方上下文零基[0 | 0 | 5 | 20]（含重复首帧）。117帧侧脸和眼镜更可见，310帧模糊，427、486帧有栏杆遮挡；目标衣着和姿态随观察变化。",红框跟踪楼梯间人物整体，肩旁黑色长架状器材是附带物，不把衣服单件当作协议目标。,0 | 58 | 117 | 176 | 310 | 368 | 427 | 486 | 544,clear,GPT-6 Astra Pro,2026-10-06,conflicting,True,gb,20261006,person,white short-sleeved T-shirt | dark trousers | short dark hair,round neck：首帧主要为背面且较小，领型细分不确定；所携器材精确型号及身份未知,
depthtrack,94,094,leaves01_wild,00000001,supported,leaf,yellow to orange-brown | lobed outline | visible vein pattern | irregular/damaged edge,具体植物种、干燥程度和叶面材质性能不能确定,无明确类别冲突,"后帧补充不同朝向和局部叶形，不新增植物种判断
实际看过九帧目标裁剪图target_crops/094.jpg，零基源帧[0 | 12 | 39 | 51 | 63 | 75 | 86 | 123 | 135]；初始化主图下方上下文零基[0 | 0 | 5 | 20]（含重复首帧）。39、63、86等帧有模糊或局部裁剪，75帧叶形更清晰；光照与背景变化不视为新的稳定颜色。",红框选中叶堆中的一片叶子，周围存在多片相似落叶；不把整个叶堆算作目标。,0 | 12 | 39 | 51 | 63 | 75 | 86 | 123 | 135,clear,GPT-6 Astra Pro,2026-10-06,conflicting,True,gb,20261006,leaf,yellow to orange-brown | lobed outline | visible vein pattern | irregular/damaged edge,具体植物种、干燥程度和叶面材质性能不能确定,
depthtrack,95,095,leaves02_indoor,00000001,supported,plant / leafy crown,green leaves | dense rounded foliage | visible slender stem below,tall plant：首帧能见细杆，但红框只覆盖上方叶冠，整株高度不可量化；真植物或人工装饰未确认,无明确类别冲突,"后帧只有位置/清晰度变化，没有可靠新增稳定属性
实际看过九帧目标裁剪图target_crops/095.jpg，零基源帧[0 | 114 | 285 | 400 | 549 | 673 | 829 | 1033 | 1199]；初始化主图下方上下文零基[0 | 0 | 5 | 20]（含重复首帧）。114至829帧同一叶冠保持可见，1033、1199帧变小且运动模糊；未看到可确认材质或品种的细节。",红框集中在绿色叶冠，不包括下方花盆；whiteboard字迹、屏幕图像不属于目标。,0 | 114 | 285 | 400 | 549 | 673 | 829 | 1033 | 1199,clear,GPT-6 Astra Pro,2026-10-06,conflicting,True,gb,20261006,leafy crown,green leaves | dense rounded foliage | visible slender stem below,tall plant：首帧能见细杆，但红框只覆盖上方叶冠，整株高度不可量化；真植物或人工装饰未确认,
depthtrack,96,096,leaves03_wild,00000001,supported,leaf,yellow | pointed lobes | visible veins | attached by a thin stem,shiny：首帧不足以确认光泽性质；具体树种及是否直接连接树干不可确认,oval-shaped：目标外缘有明显尖裂瓣，不是简单椭圆,"后帧进一步显示叶瓣和姿态，未增加树种推断
实际看过九帧目标裁剪图target_crops/096.jpg，零基源帧[0 | 56 | 140 | 244 | 301 | 357 | 516 | 671 | 727]；初始化主图下方上下文零基[0 | 0 | 5 | 20]（含重复首帧）。56、244、516帧运动模糊，301、357、671、727帧裂瓣与叶脉更清楚；不能由相似叶片断言全序列严格身份链。",红框只圈定枝间一片黄叶，周围有多片近似叶片；背景两根树干不是叶的属性。,0 | 56 | 140 | 244 | 301 | 357 | 516 | 671 | 727,clear,GPT-6 Astra Pro,2026-10-06,conflicting,True,gb,20261006,leaf,yellow | pointed lobes | visible veins | attached by a thin stem,shiny：首帧不足以确认光泽性质；具体树种及是否直接连接树干不可确认,
depthtrack,97,097,leaves04_indoor,00000001,conflicting,leaf,yellow-brown | thin blade | pointed lower tip | visible central vein and speckles,waxy：表面蜡质不能由图片确认；具体植物种不明,fruit | orange | round：红框内为叶片，非圆形果实,"后帧显出浅色背面与转向；不把桌上果实属性加入首帧叶片
实际看过九帧目标裁剪图target_crops/097.jpg，零基源帧[0 | 189 | 378 | 643 | 850 | 1096 | 1326 | 1673 | 1900]；初始化主图下方上下文零基[0 | 0 | 5 | 20]（含重复首帧）。189、1096、1326帧可见叶脉和斑点，850帧翻面较浅，1673帧有细杆遮过，1900帧邻近红色果实不属于叶子。",红框是人物胸前悬挂的单片黄色叶子；桌上果实和其他叶片不是该目标。,0 | 189 | 378 | 643 | 850 | 1096 | 1326 | 1673 | 1900,clear,GPT-6 Astra Pro,2026-10-06,conflicting,True,gb,20261006,leaf,yellow-brown | thin blade | pointed lower tip | visible central vein and speckles,waxy：表面蜡质不能由图片确认；具体植物种不明,
depthtrack,98,098,leaves05_indoor,00000001,supported,leaf,yellow-brown | several pointed lobes | branching veins | curled/irregular edge,wet | shiny：不能区分自然干湿、反射和照明；具体植物种不确定,无明确类别冲突,"后帧的背面颜色与边缘卷曲更清楚，不确认湿度
实际看过九帧目标裁剪图target_crops/098.jpg，零基源帧[0 | 317 | 710 | 1032 | 1499 | 1886 | 2214 | 2580 | 2897]；初始化主图下方上下文零基[0 | 0 | 5 | 20]（含重复首帧）。710、1032、2580帧浅色背面更可见，1499帧模糊，1886帧侧面很薄；2897帧裁剪变大包含人物，不把人作为目标。",红框圈住手中单片大裂叶，桌面另有很多近似叶片；crinkled有卷曲边缘依据。,0 | 317 | 710 | 1032 | 1499 | 1886 | 2214 | 2580 | 2897,clear,GPT-6 Astra Pro,2026-10-06,conflicting,True,gb,20261006,leaf,yellow-brown | several pointed lobes | branching veins | curled/irregular edge,wet | shiny：不能区分自然干湿、反射和照明；具体植物种不确定,
depthtrack,99,099,leaves06_wild,00000001,supported,leaf,orange-brown/yellow | lobed outline | raised-looking vein pattern | crinkled edge,wet | shiny：现有画面不足以判断湿润或光泽性质；具体树种不明,无明确类别冲突,"后帧观察到翻转及较深的背光外观，不增补湿润属性
实际看过九帧目标裁剪图target_crops/099.jpg，零基源帧[0 | 70 | 140 | 209 | 320 | 428 | 498 | 568 | 683]；初始化主图下方上下文零基[0 | 0 | 5 | 20]（含重复首帧）。70、140、498帧更清楚见叶脉，428、568、683帧有模糊或侧转；仅支持同类型叶片外观，不确认品种。",红框是前景悬着的叶片，不是后方树上全部黄叶；背景有多片同类叶片造成视觉干扰。,0 | 70 | 140 | 209 | 320 | 428 | 498 | 568 | 683,clear,GPT-6 Astra Pro,2026-10-06,conflicting,True,gb,20261006,leaf,orange-brown/yellow | lobed outline | raised-looking vein pattern | crinkled edge,wet | shiny：现有画面不足以判断湿润或光泽性质；具体树种不明,
depthtrack,100,100,lock01_wild,00000001,supported,padlock,pink/magenta rectangular body | silver-colored curved shackle | light markings,锁体和锁梁的精确材料、刻字内容及是否上锁不可确认,wooden handle：目标是弯曲锁梁，未见木柄,"后帧补充锁体另一侧和局部字迹，但字迹未可靠辨读
实际看过九帧目标裁剪图target_crops/100.jpg，零基源帧[0 | 52 | 104 | 157 | 209 | 266 | 330 | 397 | 495]；初始化主图下方上下文零基[0 | 0 | 5 | 20]（含重复首帧）。52、266、330帧粉色锁体更大，209、495帧只剩窄局部，不能用这些裁剪确认刻字或锁芯型号。",红框圈中右上靠近绿色锁的一把粉色挂锁；周围大量不同形状挂锁为同类竞争物。,0 | 52 | 104 | 157 | 209 | 266 | 330 | 397 | 495,clear,GPT-6 Astra Pro,2026-10-06,conflicting,True,gb,20261006,padlock,pink/magenta rectangular body | silver-colored curved shackle | light markings,锁体和锁梁的精确材料、刻字内容及是否上锁不可确认,
depthtrack,101,101,mac_indoor,00000001,supported,laptop,silver/light metallic-looking body | open lid | dark keyboard | small central lid emblem,金属成分、具体品牌型号、屏幕内容和性能不可确认,无明确冲突,"后帧显示屏开启及触控板等，首帧不录入具体屏幕内容
实际看过九帧目标裁剪图target_crops/101.jpg，零基源帧[0 | 193 | 386 | 579 | 772 | 966 | 1159 | 1352 | 1545]；初始化主图下方上下文零基[0 | 0 | 5 | 20]（含重复首帧）。772、1159帧正面显示屏及键盘可见，193侧转、966边缘视角、1545被杯子和手遮挡；均不能把邻物当电脑部件。",首帧红框覆盖桌上打开的笔记本电脑，后盖朝向镜头；旁边饮料罐和杯子不属于目标。,0 | 193 | 386 | 579 | 772 | 966 | 1159 | 1352 | 1545,clear,GPT-6 Astra Pro,2026-10-06,conflicting,True,gb,20261006,laptop,silver/light metallic-looking body | open lid | dark keyboard | small central lid emblem,金属成分、具体品牌型号、屏幕内容和性能不可确认,
depthtrack,102,102,milkbottle_indoor,00000001,conflicting,carton / rectangular package,white front panel | blue side panel | tall rectangular shape | printed text,textured：所见主要为印刷图案；包装材质、内装物、品牌读法不确定,cup：红框物体为有棱角的封闭纸盒样包装，未见杯口或把手,"后帧可见多面印刷和顶面形状，仅支持包装类别
实际看过九帧目标裁剪图target_crops/102.jpg，零基源帧[0 | 333 | 666 | 999 | 1332 | 1664 | 2004 | 2337 | 2720]；初始化主图下方上下文零基[0 | 0 | 5 | 20]（含重复首帧）。333、999帧显示蓝色侧面，2337、2720帧翻到其他浅色面，666、1332、2004部分区域模糊；不能凭包装字样确认内容物。",红框是悬挂在人物胸前的蓝白长方包装，人物白T恤和桌面罐不是目标属性。,0 | 333 | 666 | 999 | 1332 | 1664 | 2004 | 2337 | 2720,clear,GPT-6 Astra Pro,2026-10-06,conflicting,True,gb,20261006,carton,white front panel | blue side panel | tall rectangular shape | printed text,textured：所见主要为印刷图案；包装材质、内装物、品牌读法不确定,
depthtrack,103,103,mirror_indoor,00000001,conflicting,round mirror on a stand,circular face | thin rim | narrow supporting stem | reflective-looking gray surface,首帧只清楚显示圆形面与细杆，完整支座在后续才可辨；镜面材料、是否带放大功能、品牌和用途细分未知,pan | round bottom：补充视频显示圆形镜面、连接支杆及圆形底座，红框盘面并非锅底；不能把暗反射当成固有黑色,"后续更完整视野显示连接支杆和圆形底座；镜面朝向改变时出现蓝白反射，未确认放大功能
实际看过九帧目标裁剪图target_crops/103.jpg，零基源帧[0 | 157 | 314 | 471 | 628 | 784 | 941 | 1098 | 1255]；初始化主图下方上下文零基[0 | 0 | 5 | 20]（含重复首帧）。314、471、628、1098等九帧裁剪见蓝白反射和边缘，其他转面变暗；补充视频的较大视野显示圆镜面与支杆、底座共同转动，支持圆镜而非平底锅。 补充视频：补充视频解码帧50/100/150/200显示圆形反射面通过细杆连接圆底座，持有者握住支座，镜面随转动由暗转蓝白；401显示另一较暗转面。镜面而非锅底是更有支持的类别。",初始化红框主要覆盖手持器物的圆形面，细杆延至左侧；仅初始化支持圆面及反射外观。类别修正为支架圆镜依赖后续完整结构，未把底座写成首帧已见。,0 | 157 | 314 | 471 | 628 | 784 | 941 | 1098 | 1255,coarse_only,GPT-6 Astra Pro,2026-10-06,conflicting,True,gb,20261006,round mirror on a stand,circular face | thin rim | narrow supporting stem | reflective-looking gray surface,首帧只清楚显示圆形面与细杆，完整支座在后续才可辨；镜面材料、是否带放大功能、品牌和用途细分未知,
depthtrack,104,104,mobilephone01_indoor,00000001,supported,smartphone,light blue/turquoise rear or case | slim rectangular body | rounded corners | dark edge,smooth surface：可作外观描述但精确材质未知；品牌/型号不可确认,无明确冲突,"后帧确认正面屏幕与背面摄像区域，首帧不可补精细布局
实际看过九帧目标裁剪图target_crops/104.jpg，零基源帧[0 | 152 | 304 | 456 | 621 | 831 | 1060 | 1237 | 1417]；初始化主图下方上下文零基[0 | 0 | 5 | 20]（含重复首帧）。152、304、456帧看到黑色正面，831、1060、1237帧显示屏点亮，1417帧背面黑色摄像区域更清楚；不读私人屏幕内容。",红框是手持蓝色手机，首帧主要侧背面；衣服和手表不是目标属性。,0 | 152 | 304 | 456 | 621 | 831 | 1060 | 1237 | 1417,clear,GPT-6 Astra Pro,2026-10-06,conflicting,True,gb,20261006,smartphone,light blue/turquoise rear or case | slim rectangular body | rounded corners | dark edge,smooth surface：可作外观描述但精确材质未知；品牌/型号不可确认,
depthtrack,105,105,mobilephone02_indoor,00000001,conflicting,smartphone,black/dark | slim rectangular slab | narrow edge | held between fingers,首帧主要侧缘，小且暗；屏幕、按钮、品牌及材质不能仅据首帧确认,shorts | cargo pockets：红框圈的是手中细长电子设备，不是身后短裤,"手机屏幕和背面需后帧才确认；首帧不添加屏幕具体内容
实际看过九帧目标裁剪图target_crops/105.jpg，零基源帧[0 | 76 | 152 | 229 | 305 | 381 | 548 | 624 | 700]；初始化主图下方上下文零基[0 | 0 | 5 | 20]（含重复首帧）。152、229、305帧正面显示带边框的手机屏幕，381反光，548、700可见正背面；后帧明确支持手机类别。",手指下方红框内是窄黑色手持长方物体，背景黑短裤只造成颜色混淆。,0 | 76 | 152 | 229 | 305 | 381 | 548 | 624 | 700,coarse_only,GPT-6 Astra Pro,2026-10-06,conflicting,True,gb,20261006,smartphone,black/dark | slim rectangular slab | narrow edge | held between fingers,首帧主要侧缘，小且暗；屏幕、按钮、品牌及材质不能仅据首帧确认,
depthtrack,106,106,mobilephone04_indoor,00000001,supported,smartphone,black | thin rectangular body | rounded corners | dark front surface,smooth surface：表观光滑但材质未知；具体型号和功能不作推断,无明确冲突,"后帧补充正背面、手指遮挡和反光，无可靠品牌信息
实际看过九帧目标裁剪图target_crops/106.jpg，零基源帧[0 | 247 | 494 | 741 | 1097 | 1358 | 1629 | 1876 | 2123]；初始化主图下方上下文零基[0 | 0 | 5 | 20]（含重复首帧）。247、1629显示侧缘，741、1097、1358、2123显示正面和反光，1876出现背面；不把屏幕反光当永久纹理。",红框是人物右手中的黑色手机，不是左侧笔记本电脑或衣服。,0 | 247 | 494 | 741 | 1097 | 1358 | 1629 | 1876 | 2123,clear,GPT-6 Astra Pro,2026-10-06,conflicting,True,gb,20261006,smartphone,black | thin rectangular body | rounded corners | dark front surface,smooth surface：表观光滑但材质未知；具体型号和功能不作推断,
depthtrack,107,107,mobilephone05_indoor,00000001,conflicting,smartphone,light blue/silver edge | very thin elongated side view | flat slab profile,首帧只见窄侧面，型号、屏幕状态和悬挂方式细节不确定,light bulb | cylindrical | glowing：后帧为带屏幕及摄像区域的平板手机，初始亮条是侧缘/反射而非灯发光,"后帧确认手机屏幕、背面和摄像区域，不能当作首帧已清晰可见
实际看过九帧目标裁剪图target_crops/107.jpg，零基源帧[0 | 119 | 287 | 517 | 677 | 797 | 931 | 1050 | 1191]；初始化主图下方上下文零基[0 | 0 | 5 | 20]（含重复首帧）。119帧蓝色背面可见摄像区域，287、931、1050帧显示黑色屏幕；517、797横纹随反光变化，不当稳定外壳花纹。",红框为悬着的细长蓝色薄物体，初始侧缘很亮；不依据亮度认定灯泡。,0 | 119 | 287 | 517 | 677 | 797 | 931 | 1050 | 1191,coarse_only,GPT-6 Astra Pro,2026-10-06,conflicting,True,gb,20261006,smartphone,light blue/silver edge | very thin elongated side view | flat slab profile,首帧只见窄侧面，型号、屏幕状态和悬挂方式细节不确定,
depthtrack,108,108,mobilephone06_indoor,00000001,supported,smartphone,white/light bezel | dark rectangular screen | rounded corners | visible light marks on screen,scratched surface：可见划痕/污痕样线条，但无法区分裂痕、污渍与反光；品牌和材质不明,无明确类别冲突,"后帧见背面和正面痕迹，不确认损坏成因
实际看过九帧目标裁剪图target_crops/108.jpg，零基源帧[0 | 162 | 328 | 468 | 609 | 794 | 944 | 1097 | 1266]；初始化主图下方上下文零基[0 | 0 | 5 | 20]（含重复首帧）。162、794、944、1097帧正面较清楚，468显示浅色背面，328、609、1266帧偏暗/模糊；不把背后杯子当目标。",红框圈住桌上竖直手机，杯把位于手机左后方，不是手机附属结构。,0 | 162 | 328 | 468 | 609 | 794 | 944 | 1097 | 1266,clear,GPT-6 Astra Pro,2026-10-06,conflicting,True,gb,20261006,smartphone,white/light bezel | dark rectangular screen | rounded corners | visible light marks on screen,scratched surface：可见划痕/污痕样线条，但无法区分裂痕、污渍与反光；品牌和材质不明,
depthtrack,109,109,mushroom01_indoor,00000001,conflicting,mushroom cap,red/orange rounded cap | scattered pale raised spots | irregular pale edge patch,是否可食、具体菌种、成熟度及安全性均不可从图板判断,strawberry：所见是有菌盖外形的蘑菇，不是草莓；ripened不能据此成立,"后帧补充下表面和侧缘，不作食用性判断
实际看过九帧目标裁剪图target_crops/109.jpg，零基源帧[0 | 195 | 464 | 659 | 924 | 1124 | 1328 | 1554 | 1749]；初始化主图下方上下文零基[0 | 0 | 5 | 20]（含重复首帧）。195帧显示浅色下表面，464、659、1554帧是薄侧边，924、1749白色斑点更清楚；1328只见局部柄状结构。",首帧红框是桌上前景实物红色菌盖，屏幕里的森林图像是背景；旁边还有相似菌盖。,0 | 195 | 464 | 659 | 924 | 1124 | 1328 | 1554 | 1749,clear,GPT-6 Astra Pro,2026-10-06,conflicting,True,gb,20261006,mushroom,red/orange rounded cap | scattered pale raised spots | irregular pale edge patch,是否可食、具体菌种、成熟度及安全性均不可从图板判断,
depthtrack,110,110,mushroom02_wild,00000001,supported,mushroom,orange-brown cap | irregular rounded outline | shallow central depression | numerous pale speckles,smooth surface：同时有斑点和起伏，不能概括为完全光滑；菌种、湿度、食用性不可判,无明确类别冲突,"后帧见不同视角下的凹面和边缘，未增加安全性或菌种结论
实际看过九帧目标裁剪图target_crops/110.jpg，零基源帧[0 | 41 | 81 | 122 | 162 | 213 | 277 | 317 | 358]；初始化主图下方上下文零基[0 | 0 | 5 | 20]（含重复首帧）。41、122、162、317显示菌盖形态，81、213、277、358有运动模糊；这些足够支持粗类别，不支持物种或用途。",红框为树旁最前方的一朵大菌盖，后面还有相似蘑菇；草叶横过目标不是菌盖花纹。,0 | 41 | 81 | 122 | 162 | 213 | 277 | 317 | 358,clear,GPT-6 Astra Pro,2026-10-06,conflicting,True,gb,20261006,mushroom,orange-brown cap | irregular rounded outline | shallow central depression | numerous pale speckles,smooth surface：同时有斑点和起伏，不能概括为完全光滑；菌种、湿度、食用性不可判,
depthtrack,111,111,mushroom03_wild,00000001,supported,mushroom,brown/pinkish cap | irregular wavy rim | central depression | bright surface reflections,wet surface：反光可见但不能单凭反射确认湿润；物种、可食性不确定,shaped like a leaf：能见菌盖及边缘纹理，不能当叶片或叶脉结构描述,"401帧可见下侧放射状结构，首帧不记录为清晰可见
实际看过九帧目标裁剪图target_crops/111.jpg，零基源帧[0 | 49 | 98 | 147 | 196 | 244 | 293 | 352 | 401]；初始化主图下方上下文零基[0 | 0 | 5 | 20]（含重复首帧）。98帧凹面较清晰，147、196、352反光，401帧下侧显示密集放射条纹；后帧补充菌盖结构，不确认种类。",红框为草地中前方的一朵蘑菇，周围很多类似菌盖；只描述选中菌盖。,0 | 49 | 98 | 147 | 196 | 244 | 293 | 352 | 401,clear,GPT-6 Astra Pro,2026-10-06,conflicting,True,gb,20261006,mushroom,brown/pinkish cap | irregular wavy rim | central depression | bright surface reflections,wet surface：反光可见但不能单凭反射确认湿润；物种、可食性不确定,
depthtrack,112,112,mushroom04_indoor,00000001,uncertain,mushroom cap / mushroom-like object,red to orange cap | many white raised spots | rounded cap with uneven edge,food | crispy texture：是否可作为食品、口感、菌种、可食性、成熟度和pink细色不能由初始化图确认,无可由图片确认的食用性结论；原food与crispy不是已经证实的目标属性,"后帧显出局部破损与不同面，不能反推首帧全部细节
实际看过九帧目标裁剪图target_crops/112.jpg，零基源帧[0 | 208 | 417 | 700 | 915 | 1123 | 1336 | 1545 | 1757]；初始化主图下方上下文零基[0 | 0 | 5 | 20]（含重复首帧）。417显示侧缘，700、915、1545、1757可见白斑和不规则破口，208、1123、1336模糊；不凭颜色推断可食。",红框只包含手持蘑菇菌盖，浅色柄和手主要在框下；桌上另有多朵相似菌体。；只记录蘑菇样菌盖外观，不据此声称可食或不可食。,0 | 208 | 417 | 700 | 915 | 1123 | 1336 | 1545 | 1757,clear,GPT-6 Astra Pro,2026-10-06,conflicting,True,gb,20261006,mushroom,red to orange cap | many white raised spots | rounded cap with uneven edge,food | crispy texture：是否可作为食品、口感、菌种、可食性、成熟度和pink细色不能由初始化图确认,
depthtrack,113,113,mushroom05_indoor,00000001,conflicting,mushroom cap,red/orange cap | pale raised speckles | rounded outline | darker central patch,是否可食、具体菌种、天然/道具材质及口感不作确定判断,fruit | orange skin | smooth surface：目标呈菌盖和白色斑点，不是光滑果皮,"后帧展示侧边及翻转；不把背景屏幕的柄部细节视为目标
实际看过九帧目标裁剪图target_crops/113.jpg，零基源帧[0 | 118 | 236 | 385 | 503 | 622 | 740 | 888 | 1006]；初始化主图下方上下文零基[0 | 0 | 5 | 20]（含重复首帧）。118、622、740帧显示侧缘，236、385、888、1006显示斑点盖面，503有细杆交叠；不能把屏内蘑菇并入目标。",另看原分辨率初始化图：红框是手持的前景菌盖，不是笔记本屏幕中另一朵蘑菇图片；桌上也有相似菌盖。,0 | 118 | 236 | 385 | 503 | 622 | 740 | 888 | 1006,clear,GPT-6 Astra Pro,2026-10-06,conflicting,True,gb,20261006,mushroom,red/orange cap | pale raised speckles | rounded outline | darker central patch,是否可食、具体菌种、天然/道具材质及口感不作确定判断,
depthtrack,114,114,notebook02_indoor,00000001,supported,spiral notebook,black/dark cover | rectangular shape | pale rectangular printed label | spiral binding edge | light page block,具体品牌、标签细字、页数及封面材质不可确认,无明确冲突,"后帧页厚和反侧标签更可见，不断言另一册本子
实际看过九帧目标裁剪图target_crops/114.jpg，零基源帧[0 | 312 | 624 | 986 | 1298 | 1692 | 2011 | 2333 | 2645]；初始化主图下方上下文零基[0 | 0 | 5 | 20]（含重复首帧）。312、624、986帧旋转见页块，1298强光使标签过亮，2333、2645封面呈灰色是光照/朝向变化。",红框为桌上竖立的线圈本，白色标签在黑色封面上；左侧瓶子和装置不属于目标。,0 | 312 | 624 | 986 | 1298 | 1692 | 2011 | 2333 | 2645,clear,GPT-6 Astra Pro,2026-10-06,conflicting,True,gb,20261006,spiral notebook,black/dark cover | rectangular shape | pale rectangular printed label | spiral binding edge | light page block,具体品牌、标签细字、页数及封面材质不可确认,
depthtrack,115,115,notebook03_indoor,00000001,supported,notebook / spiral notepad,light gray/white rectangular sheet area | top/side spiral binding | fine grid lines,white cover：展示的可能是纸页而非封面，封面与纸张身份未分清；纸张规格/品牌未知,无明确类别冲突,"438帧补充更清楚的格线/线圈细节，首帧已有但较细
实际看过九帧目标裁剪图target_crops/115.jpg，零基源帧[0 | 109 | 219 | 328 | 438 | 612 | 721 | 831 | 940]；初始化主图下方上下文零基[0 | 0 | 5 | 20]（含重复首帧）。438帧方格与上侧线圈更清楚，109、219、328、721、831有大片过曝，不据白光添加纹理。",红框圈住手持线圈本或方格记事纸本，底部高亮区域为照明，不是另一个白色对象。,0 | 109 | 219 | 328 | 438 | 612 | 721 | 831 | 940,clear,GPT-6 Astra Pro,2026-10-06,conflicting,True,gb,20261006,notebook,light gray/white rectangular sheet area | top/side spiral binding | fine grid lines,white cover：展示的可能是纸页而非封面，封面与纸张身份未分清；纸张规格/品牌未知,
depthtrack,116,116,paintbottle_indoor,00000001,supported,cylinder / spray-can-shaped container,gray/silver cylindrical body | rounded shoulder | small top protrusion | dark lower rim,smooth surface：局部印刷与磨损较小，无法确认材质和表面细节；喷罐功能、内容物、品牌未确认,无明确粗类别冲突,"后帧可见顶部喷头样突起与部分印字，精确用途仍不确定
实际看过九帧目标裁剪图target_crops/116.jpg，零基源帧[0 | 63 | 138 | 201 | 263 | 326 | 389 | 451 | 514]；初始化主图下方上下文零基[0 | 0 | 5 | 20]（含重复首帧）。138、263、326帧顶端及大号字样较清楚，201、389过亮，514变暗；可以记录喷罐样外形，但不凭数字判断内容物。",红框是悬挂的细长灰色圆柱容器，右侧圆盘和背景吉他包不是目标。,0 | 63 | 138 | 201 | 263 | 326 | 389 | 451 | 514,clear,GPT-6 Astra Pro,2026-10-06,conflicting,True,gb,20261006,paintbottle,gray/silver cylindrical body | rounded shoulder | small top protrusion | dark lower rim,smooth surface：局部印刷与磨损较小，无法确认材质和表面细节；喷罐功能、内容物、品牌未确认,
depthtrack,117,117,painting_indoor_320,00000001,supported,printed portrait / framed photograph,black-and-white portrait image | light rectangular border | dark high-neck clothing depicted | glossy-looking protective face,照片人物姓名、是否名人、拍摄背景和装框材料不可确认,无明确类别冲突,"后帧补充边框厚度/表面反射，不识别肖像人物
实际看过九帧目标裁剪图target_crops/117.jpg，零基源帧[0 | 110 | 220 | 329 | 439 | 549 | 718 | 828 | 999]；初始化主图下方上下文零基[0 | 0 | 5 | 20]（含重复首帧）。110、220、549较清楚，439、828、999模糊或斜转；718反光来自表面覆盖，不能推断玻璃或塑料。",红框为被手拿起的白边肖像图件，不是画中真人；左后方另有近似肖像印刷件，需区分大小与位置。,0 | 110 | 220 | 329 | 439 | 549 | 718 | 828 | 999,clear,GPT-6 Astra Pro,2026-10-06,conflicting,True,gb,20261006,printed portrait,black-and-white portrait image | light rectangular border | dark high-neck clothing depicted | glossy-looking protective face,照片人物姓名、是否名人、拍摄背景和装框材料不可确认,
depthtrack,118,118,parkingsign_wild,00000001,supported,parking sign,blue rectangular panel | large white P | pale border,材质、安装高度、地理位置和下方细则不作为目标身份确定信息,无明确冲突,"后帧进一步显示边框/固定件，未增加地点推断
实际看过九帧目标裁剪图target_crops/118.jpg，零基源帧[0 | 53 | 106 | 160 | 225 | 278 | 332 | 385 | 438]；初始化主图下方上下文零基[0 | 0 | 5 | 20]（含重复首帧）。53至438帧保持大P与边框，倾斜和强光改变观感；不必辨读下方文字来认定目标。",红框主要圈定最上方蓝底白P牌，不包括下面所有附牌；下方同色牌为相连上下文。,0 | 53 | 106 | 160 | 225 | 278 | 332 | 385 | 438,clear,GPT-6 Astra Pro,2026-10-06,conflicting,True,gb,20261006,parking sign,blue rectangular panel | large white P | pale border,材质、安装高度、地理位置和下方细则不作为目标身份确定信息,
depthtrack,119,119,pigeon03_wild,00000001,supported,bird (pigeon-like),dark gray/black-looking plumage | compact body | small head | slender legs,鸟种细分、羽毛固有纯黑色和个体身份不可由图板保证,long beak：可见嘴较短，不支持长嘴描述,"后帧显出灰翼纹理和不同朝向，首帧不添加完整羽色花纹
实际看过九帧目标裁剪图target_crops/119.jpg，零基源帧[0 | 86 | 171 | 315 | 400 | 486 | 572 | 657 | 743]；初始化主图下方上下文零基[0 | 0 | 5 | 20]（含重复首帧）。86、315帧有灰色翼部和细纹，486有相似个体靠近，657、743目标变小；九张稀疏裁剪不能证明所有遮挡中的身份连续。",红框选择左侧一只地面鸟，旁边有多只相似鸟；不把近处褐色鸟的嘴和羽色给目标。,0 | 86 | 171 | 315 | 400 | 486 | 572 | 657 | 743,clear,GPT-6 Astra Pro,2026-10-06,conflicting,True,gb,20261006,pigeon,dark gray/black-looking plumage | compact body | small head | slender legs,鸟种细分、羽毛固有纯黑色和个体身份不可由图板保证,
depthtrack,120,120,pigeon05_wild,00000001,supported,bird (pigeon-like),small dark-gray bird-shaped region | wing/body silhouette among foliage,black feathers：只能见深色小轮廓，细羽和固有颜色不明；首帧26×24极小，物种/个体特征不确定；duck-like beak：首帧嘴形不可辨，后帧也未提供可靠扁嘴证据,无明确首帧属性冲突；嘴部过小，不能据未见细节判定其嘴形,"534、698帧的浅色翼块和纹理仅从后帧确认，不写入首帧稳定属性
实际看过九帧目标裁剪图target_crops/120.jpg，零基源帧[0 | 134 | 267 | 401 | 534 | 698 | 832 | 965 | 1099]；初始化主图下方上下文零基[0 | 0 | 5 | 20]（含重复首帧）。134、267、401帧仍较小，534、698帧更清楚见灰色斑驳翅膀及浅色块；832、965、1099模糊/局部。后帧仅用于支持鸟的粗类别。 补充视频：补充视频中有多只地面鸟和树间小鸟；初始化目标极小，九次稀疏抽样不足以单凭外观追踪同一只飞鸟，不能借用邻鸟的羽色或嘴形。",红框在右上树枝间极小的深色飞鸟样区域，地面其他鸟是竞争背景，不能从它们借目标属性。,0 | 134 | 267 | 401 | 534 | 698 | 832 | 965 | 1099,coarse_only,GPT-6 Astra Pro,2026-10-06,conflicting,True,gb,20261006,pigeon,small dark-gray bird-shaped region | wing/body silhouette among foliage,black feathers：只能见深色小轮廓，细羽和固有颜色不明；首帧26×24极小，物种/个体特征不确定；duck-like beak：首帧嘴形不可辨，后帧也未提供可靠扁嘴证据,
depthtrack,121,121,pigeon06_wild,00000001,supported,bird (pigeon-like),gray/dark plumage | compact body | small head | pale/pinkish legs,standing on ground是初始状态而非身份属性；个体唯一性、品种细分、远小羽色细节不确认,无明确粗类别冲突,"后帧可见灰胸和翼纹，初始小尺寸仅支持粗外观
实际看过九帧目标裁剪图target_crops/121.jpg，零基源帧[0 | 154 | 308 | 462 | 616 | 769 | 923 | 1077 | 1231]；初始化主图下方上下文零基[0 | 0 | 5 | 20]（含重复首帧）。462、616、769、1077帧灰色胸腹和较暗翼面更可见，308、1231有模糊；九帧不能排除中间所有同类交叉。",红框是靠近水边、身后另有一只鸟的前方小鸟，不是右侧更大鸟；近邻同类造成辨认风险。,0 | 154 | 308 | 462 | 616 | 769 | 923 | 1077 | 1231,clear,GPT-6 Astra Pro,2026-10-06,conflicting,True,gb,20261006,pigeon,gray/dark plumage | compact body | small head | pale/pinkish legs,standing on ground是初始状态而非身份属性；个体唯一性、品种细分、远小羽色细节不确认,
depthtrack,122,122,pigeon07_wild,00000001,supported,bird (pigeon-like),gray body | dark wing pattern | small head | pinkish feet | pointed tail,具体品种、个体身份和羽毛固有光泽未知；standing是临时姿态,无明确冲突,"后帧颈部绿蓝反光和翼边细纹更清楚，首帧不硬判
实际看过九帧目标裁剪图target_crops/122.jpg，零基源帧[0 | 84 | 169 | 253 | 338 | 456 | 540 | 625 | 709]；初始化主图下方上下文零基[0 | 0 | 5 | 20]（含重复首帧）。169、253、540、625帧脚和翼纹更明显，456、709模糊；只记录所给目标裁剪，不把相邻个体花纹移植过来。",红框为画面中部地上的一只灰鸟，周边同时有多只相似鸟；近处褐色鸭样鸟不是目标。,0 | 84 | 169 | 253 | 338 | 456 | 540 | 625 | 709,clear,GPT-6 Astra Pro,2026-10-06,conflicting,True,gb,20261006,pigeon,gray body | dark wing pattern | small head | pinkish feet | pointed tail,具体品种、个体身份和羽毛固有光泽未知；standing是临时姿态,
depthtrack,123,123,pine01_indoor,00000001,conflicting,needle-leaved twig,green needle-like leaves | narrow brown central stem | elongated tapered sprig,waxy：针叶表面蜡质不可由图板判断；植物种类和是否人工枝条未确认,leaf：红框整体是带多枚针叶的短枝条，不是一片宽叶,"后帧补充枝轴及针叶排列，不能据此确认具体树种
实际看过九帧目标裁剪图target_crops/123.jpg，零基源帧[0 | 188 | 376 | 563 | 782 | 970 | 1161 | 1360 | 1548]；初始化主图下方上下文零基[0 | 0 | 5 | 20]（含重复首帧）。188、376、970较清楚显示针叶从轴上伸出，563、782、1161、1360有模糊；未出现支持单片叶的结构。",红框包含人物手边悬下的针叶枝，桌面另有多束近似针叶材料；不把桌上蘑菇或落叶算入目标。,0 | 188 | 376 | 563 | 782 | 970 | 1161 | 1360 | 1548,clear,GPT-6 Astra Pro,2026-10-06,conflicting,True,gb,20261006,pine branch,green needle-like leaves | narrow brown central stem | elongated tapered sprig,waxy：针叶表面蜡质不可由图板判断；植物种类和是否人工枝条未确认,
depthtrack,124,124,pine02_wild_320,00000001,uncertain,object,very dark small region | faint elongated silhouette against foliage,green | round：颜色与形状均缺少足够清晰依据；具体类别、纹理和边界受极暗、极小目标限制,无明确冲突：目标过暗、过小，不能由轮廓不清推定原属性错误,"补充视频仍未提供可可靠新增的稳定属性；仅有模糊、极暗的局部轮廓
实际看过九帧目标裁剪图target_crops/124.jpg，零基源帧[0 | 33 | 95 | 153 | 204 | 259 | 306 | 338 | 381]；初始化主图下方上下文零基[0 | 0 | 5 | 20]（含重复首帧）。33、95、153、259、306、338、381仍极暗，204在地面背景上也模糊；当前稀疏图板不足以确定类别，需要视频和人工复核。 补充视频：补充视频九次抽样仍然很暗，手前方仅见模糊小物/枝条样轮廓；未获得足以确认物类、圆形或固有绿色的新证据。",红框在伸出的手前方，初始42×17目标区域与灌木背景近乎混在一起，不能依据文件名或相邻序列推断。,0 | 33 | 95 | 153 | 204 | 259 | 306 | 338 | 381,uncertain,GPT-6 Astra Pro,2026-10-06,conflicting,True,gb,20261006,pine needles,dark green; needle-like leaves; slender; densely clustered; similar color to surrounding foliage,"the exact target boundary is difficult to determine because the object is small, dark, and heavily blended with the surrounding vegetation; the exact pine species and whether part of a branch is included cannot be confirmed","The target lies within dense needle-like vegetation and appears as dark green pine-like foliage. Its appearance is consistent with pine needles or similar conifer foliage, but the target boundary is difficult to distinguish from the background."
depthtrack,125,125,shoes01_indoor,00000001,supported,shoe,black/dark | low-top laced shoe | rounded toe | pale scuff-like marks,suede：不能从远小图像确认绒面皮；鞋材、品牌、左右脚未知,无明确类别冲突,"后帧侧面、鞋带与浅斑更清楚，材质仍未知
实际看过九帧目标裁剪图target_crops/125.jpg，零基源帧[0 | 195 | 391 | 586 | 789 | 1119 | 1314 | 1516 | 1711]；初始化主图下方上下文零基[0 | 0 | 5 | 20]（含重复首帧）。195、586帧鞋带更可见，789被蓝裤腿遮挡，1119侧面有浅斑，1711侧形较清楚；不能由颜色变化推断换鞋。",首帧红框选择穿短裤人物靠右的一只黑鞋，其他人物和同一人的另一只鞋都可见；不借其他鞋的白边属性。,0 | 195 | 391 | 586 | 789 | 1119 | 1314 | 1516 | 1711,clear,GPT-6 Astra Pro,2026-10-06,conflicting,True,gb,20261006,shoe,black/dark | low-top laced shoe | rounded toe | pale scuff-like marks,suede：不能从远小图像确认绒面皮；鞋材、品牌、左右脚未知,
depthtrack,126,126,shoes03_indoor,00000001,supported,shoe,dark blue/black-looking laced upper | low-top shape | rounded toe | thick sole | small pale marks,rubber sole：鞋底可见但具体材质不可仅凭画面确认；蓝色受光照影响，品牌未知,black sock：袜子是足踝穿着上下文，不是鞋本体属性,"后帧补充侧缝和鞋底轮廓，不确认橡胶成分
实际看过九帧目标裁剪图target_crops/126.jpg，零基源帧[0 | 184 | 368 | 557 | 741 | 924 | 1108 | 1292 | 1477]；初始化主图下方上下文零基[0 | 0 | 5 | 20]（含重复首帧）。184、741、924侧面可见接缝，1108、1292移动模糊，1477前视有浅斑；不将临时动作或污点成因当身份。",红框是画面右边的一只鞋，左边另有同款鞋；黑袜位于鞋上方。,0 | 184 | 368 | 557 | 741 | 924 | 1108 | 1292 | 1477,clear,GPT-6 Astra Pro,2026-10-06,conflicting,True,gb,20261006,shoe,dark blue/black-looking laced upper | low-top shape | rounded toe | thick sole | small pale marks,rubber sole：鞋底可见但具体材质不可仅凭画面确认；蓝色受光照影响，品牌未知,
depthtrack,127,127,skateboard01_indoor,00000001,supported,skateboard,dark elongated deck | red/orange wheels | raised rounded ends | small red fastener details,板材、轮子材料、品牌型号和承重未知,无明确冲突,"后帧补充表面细纹和轮架外形，首帧细节不全
实际看过九帧目标裁剪图target_crops/127.jpg，零基源帧[0 | 276 | 558 | 834 | 1160 | 1475 | 1808 | 2083 | 2359]；初始化主图下方上下文零基[0 | 0 | 5 | 20]（含重复首帧）。276、558、1808不同倾斜角度，834、1160、1475被鞋踩住部分，2359重新见整体；鞋不是滑板组件。",红框为地上单个四轮滑板，凳子和桌边线缆均为背景。,0 | 276 | 558 | 834 | 1160 | 1475 | 1808 | 2083 | 2359,clear,GPT-6 Astra Pro,2026-10-06,conflicting,True,gb,20261006,skateboard,dark elongated deck | red/orange wheels | raised rounded ends | small red fastener details,板材、轮子材料、品牌型号和承重未知,
depthtrack,128,128,skateboard02_indoor,00000001,supported,skateboard,dark textured deck | red/orange wheels | rounded upturned end | small red fasteners,滑板具体材料、型号和载重不可确认；旁边纸盒不作为滑板配件,无明确冲突,"245帧显示底部轮轴与结构，这些在首帧不完整可见
实际看过九帧目标裁剪图target_crops/128.jpg，零基源帧[0 | 245 | 490 | 736 | 981 | 1233 | 1484 | 1730 | 1975]；初始化主图下方上下文零基[0 | 0 | 5 | 20]（含重复首帧）。245帧翻转见黑色底面和轮轴，981竖拿，1484轮子运动模糊，1730、1975被鞋踩住；目标仍是滑板本身。",红框以滑板为目标，同时边缘包含浅棕纸盒的一部分；纸盒、鞋和人物不并入描述。,0 | 245 | 490 | 736 | 981 | 1233 | 1484 | 1730 | 1975,clear,GPT-6 Astra Pro,2026-10-06,conflicting,True,gb,20261006,skateboard,dark textured deck | red/orange wheels | rounded upturned end | small red fasteners,滑板具体材料、型号和载重不可确认；旁边纸盒不作为滑板配件,
depthtrack,129,129,speaker_indoor,00000001,supported,portable speaker,gray rectangular body | large white JBL lettering | textured grille-like face,品牌真伪、音频性能、材质与防水性不可确认；文字作为可见图案不代表身份鉴定,无明确类别冲突,"后帧补充侧面与格栅细节，不确认接口和功能性能
实际看过九帧目标裁剪图target_crops/129.jpg，零基源帧[0 | 410 | 803 | 1226 | 1707 | 2138 | 2540 | 3013 | 3400]；初始化主图下方上下文零基[0 | 0 | 5 | 20]（含重复首帧）。410、2138、2540显示条纹/格栅样表面，803、3013侧转，3400字样重新清楚；不将不同反光面当不同器物。",红框为桌上直立灰色小音箱，黑白猫和窗边书物不是目标；JBL仅记录可见字样。,0 | 410 | 803 | 1226 | 1707 | 2138 | 2540 | 3013 | 3400,clear,GPT-6 Astra Pro,2026-10-06,conflicting,True,gb,20261006,portable speaker,gray rectangular body | large white JBL lettering | textured grille-like face,品牌真伪、音频性能、材质与防水性不可确认；文字作为可见图案不代表身份鉴定,
depthtrack,130,130,stand_indoor,00000001,conflicting,adjustable mounting bracket,black jointed frame | circular silver-colored center plate | several knobs/clamps,具体夹具用途、品牌、连接规格、材料不确定,camera | silver lens：银色圆盘有多个孔洞及结构件，未见镜头光学表面；整体更像夹持/支撑装置,"后帧显示夹口和关节布局，初始圆盘功能仍不明确
实际看过九帧目标裁剪图target_crops/130.jpg，零基源帧[0 | 100 | 200 | 300 | 400 | 500 | 600 | 700 | 800]；初始化主图下方上下文零基[0 | 0 | 5 | 20]（含重复首帧）。100、300见圆盘与旋钮，400、600见长方夹口，700、800见多段关节；200主要被手遮挡，不能据手掌补构造。 补充视频：补充视频转面可见关节、夹口、旋钮与带孔银色圆盘，未见可确认的光学镜头；支持可调夹持/支撑器件，具体用途仍未知。",红框是手持黑色关节夹架及银色圆盘，不是人物面部或相机机身；保持宽泛器件名称。,0 | 100 | 200 | 300 | 400 | 500 | 600 | 700 | 800,clear,GPT-6 Astra Pro,2026-10-06,conflicting,True,gb,20261006,adjustable mounting bracket,black jointed frame | circular silver-colored center plate | several knobs/clamps,具体夹具用途、品牌、连接规格、材料不确定,
depthtrack,131,131,suitcase_indoor,00000001,conflicting,suitcase,black | upright rectangular body | rounded upper corners | front panel seams/zipper | small light label,外壳软硬/纤维、品牌、内部容量与轮子数量不可从首帧确定,laptop | closed：红框是竖立行李箱，不是合盖电脑,"后帧侧面厚度和拉链结构更清楚，首帧未见完整底部
实际看过九帧目标裁剪图target_crops/131.jpg，零基源帧[0 | 157 | 314 | 470 | 627 | 873 | 1029 | 1225 | 1400]；初始化主图下方上下文零基[0 | 0 | 5 | 20]（含重复首帧）。157可见网格样前袋，314、470、627、873翻到侧背面，1029、1225、1400回到前面；后续开合状态不作为首帧属性。",红框选中前景靠右的黑色行李箱，左后有另一只更大行李箱；墙边吉他包不能并入。,0 | 157 | 314 | 470 | 627 | 873 | 1029 | 1225 | 1400,clear,GPT-6 Astra Pro,2026-10-06,conflicting,True,gb,20261006,suitcase,black | upright rectangular body | rounded upper corners | front panel seams/zipper | small light label,外壳软硬/纤维、品牌、内部容量与轮子数量不可从首帧确定,
depthtrack,132,132,swing01_wild,00000001,supported,bucket swing seat,black bucket-shaped seat | protective vertical bars | suspension chains | rounded top rail,座桶/栏杆的具体材质、儿童适用年龄和承重不确定,metal frame：若指整个红色支架，其在红框外，不能归入目标本体属性,"球体是后续加入的物体，不写入首帧座椅稳定属性
实际看过九帧目标裁剪图target_crops/132.jpg，零基源帧[0 | 70 | 140 | 210 | 280 | 351 | 421 | 491 | 561]；初始化主图下方上下文零基[0 | 0 | 5 | 20]（含重复首帧）。140、210帧座内出现彩色球体，首帧为空；280、351、421、491、561不同摆角显示座桶和链条。",红框为较近的空座桶秋千，右后方还有另一座秋千；红色支撑架属于场景。,0 | 70 | 140 | 210 | 280 | 351 | 421 | 491 | 561,clear,GPT-6 Astra Pro,2026-10-06,conflicting,True,gb,20261006,bucket swing seat,black bucket-shaped seat | protective vertical bars | suspension chains | rounded top rail,座桶/栏杆的具体材质、儿童适用年龄和承重不确定,
depthtrack,133,133,swing02_wild,00000001,supported,bucket swing seat,black/dark bucket seat | pale vertical rails | suspension chains | small distant view,座内彩色物体的类别与是否固定配件、品牌和用途细节不确定,metal frame：外侧红色A形支架不属于所选座椅；具体材料不能直接确认,"后帧更清楚显示座内球状物与栏杆，但其不是座椅本体
实际看过九帧目标裁剪图target_crops/133.jpg，零基源帧[0 | 97 | 194 | 294 | 391 | 488 | 585 | 682 | 779]；初始化主图下方上下文零基[0 | 0 | 5 | 20]（含重复首帧）。194至779帧可见座内圆形彩色球状物，97只有座底窄裁剪；不把球的颜色当成座椅表面花纹。",红框选中较远、较小的右侧座桶秋千，左侧大秋千是同类竞争物；内部彩色区域与座椅区分。,0 | 97 | 194 | 294 | 391 | 488 | 585 | 682 | 779,clear,GPT-6 Astra Pro,2026-10-06,conflicting,True,gb,20261006,bucket swing seat,black/dark bucket seat | pale vertical rails | suspension chains | small distant view,座内彩色物体的类别与是否固定配件、品牌和用途细节不确定,
depthtrack,134,134,teacup_indoor,00000001,conflicting,cup / mug,white/light body | large black-and-white floral pattern | rounded rim,杯体具体材质、品牌和容量不确定；初始把手未完整显出,shirt | light blue | short-sleeved：这些描述了持物人的上衣，非红框杯子,"后帧露出另一面花纹和杯底边缘，首帧不确认完整图案数
实际看过九帧目标裁剪图target_crops/134.jpg，零基源帧[0 | 90 | 180 | 269 | 359 | 449 | 538 | 661 | 786]；初始化主图下方上下文零基[0 | 0 | 5 | 20]（含重复首帧）。90、180、449、538、786翻转见图案，269、359、661过曝；不据强光补材质或未见文字。",红框为手中黑白图纹杯状容器，人物衣服是框外背景；大白色瓣形图案与黑底共同可见。,0 | 90 | 180 | 269 | 359 | 449 | 538 | 661 | 786,clear,GPT-6 Astra Pro,2026-10-06,conflicting,True,gb,20261006,cup,white/light body | large black-and-white floral pattern | rounded rim,杯体具体材质、品牌和容量不确定；初始把手未完整显出,
depthtrack,135,135,thermos01_indoor,00000001,conflicting,cylindrical bottle / thermos-like container,blue/turquoise | tall cylindrical body | dark lid seam | vertical white lettering,保温功能、容器材质、字样全文和品牌不作确定判断,clock | wooden frame | blue face | numbered hands：描述来自右后方装饰时钟，不是红框目标,"后帧显示圆底和另一侧，不确认保温能力
实际看过九帧目标裁剪图target_crops/135.jpg，零基源帧[0 | 223 | 450 | 673 | 896 | 1118 | 1349 | 1572 | 1795]；初始化主图下方上下文零基[0 | 0 | 5 | 20]（含重复首帧）。223、673、896模糊和侧倒，1349、1572可见圆形底面，1795白字更清楚；1118包含背景时钟边缘而非容器装饰。",红框是桌前细长蓝色容器，旁边有彩绘时钟；二者不能因相邻而交换类别。,0 | 223 | 450 | 673 | 896 | 1118 | 1349 | 1572 | 1795,clear,GPT-6 Astra Pro,2026-10-06,conflicting,True,gb,20261006,thermos,blue/turquoise | tall cylindrical body | dark lid seam | vertical white lettering,保温功能、容器材质、字样全文和品牌不作确定判断,
depthtrack,136,136,thermos02_indoor,00000001,conflicting,electric kettle,black/dark cylindrical body | side loop handle | narrow water-level window | top lid | small front emblem,green accents：主要受环境反射影响，未确认固有绿色装饰；容量、品牌、功能状态不可确认,coffee maker | digital display：可见的是水位观察窗，不是数字屏，整体为壶形结构,"后帧更清楚显示把手、水位窗与倾倒角度，不推测是否装水
实际看过九帧目标裁剪图target_crops/136.jpg，零基源帧[0 | 191 | 383 | 574 | 771 | 962 | 1153 | 1390 | 1590]；初始化主图下方上下文零基[0 | 0 | 5 | 20]（含重复首帧）。574、771见侧面反射，962倾斜，1153、1390、1590见把手和水位窗；未见数码读数或咖啡冲煮组件。",红框是人物手握的电热水壶样容器，右侧蓝杯和其他杯子不是壶的组成部分。,0 | 191 | 383 | 574 | 771 | 962 | 1153 | 1390 | 1590,clear,GPT-6 Astra Pro,2026-10-06,conflicting,True,gb,20261006,electric kettle,black/dark cylindrical body | side loop handle | narrow water-level window | top lid | small front emblem,green accents：主要受环境反射影响，未确认固有绿色装饰；容量、品牌、功能状态不可确认,
depthtrack,137,137,toiletpaper02_indoor,00000001,supported,toilet paper roll,white | cylindrical roll | embossed/wrinkled surface | layered edge,纸浆种类、柔软度、层数、品牌及卫生用途性能不可由图板确认,无明确冲突,"后帧清楚显示纸芯和截面，首帧未完整展示
实际看过九帧目标裁剪图target_crops/137.jpg，零基源帧[0 | 384 | 776 | 1160 | 1546 | 1930 | 2317 | 2700 | 3085]；初始化主图下方上下文零基[0 | 0 | 5 | 20]（含重复首帧）。776、1546、1930、2317、3085可见中心孔和卷绕截面，1160模糊，2700侧表面压纹较清楚；不能证明所有中间遮挡身份链。",红框选中纸堆前下方单个纸卷，不是整个堆叠；周围多只相似纸卷，需保留协议范围。,0 | 384 | 776 | 1160 | 1546 | 1930 | 2317 | 2700 | 3085,clear,GPT-6 Astra Pro,2026-10-06,conflicting,True,gb,20261006,toilet paper roll,white | cylindrical roll | embossed/wrinkled surface | layered edge,纸浆种类、柔软度、层数、品牌及卫生用途性能不可由图板确认,
depthtrack,138,138,toiletpaper03_indoor,00000001,conflicting,paper roll,white/light surface | compact cylindrical/slab-like side silhouette | slightly rounded edges,首帧过亮且侧对镜头，纸芯、压纹、纸张种类和柔软度不可确认,wii remote | rectangular：未见遥控器按钮排列；后帧清楚为中空纸卷,"后帧的中空纸芯和卷绕结构不能作为首帧已清晰观察的细节
实际看过九帧目标裁剪图target_crops/138.jpg，零基源帧[0 | 204 | 408 | 693 | 912 | 1161 | 1436 | 1640 | 1844]；初始化主图下方上下文零基[0 | 0 | 5 | 20]（含重复首帧）。408、693、1436、1640帧可见圆孔和纸卷端面，204、912模糊/过亮；这些后帧支持纸卷类别。",红框是人物身旁悬挂的白色小物体，首帧投影近方形但不是遥控器证据。,0 | 204 | 408 | 693 | 912 | 1161 | 1436 | 1640 | 1844,coarse_only,GPT-6 Astra Pro,2026-10-06,conflicting,True,gb,20261006,toilet paper roll,white/light surface | compact cylindrical/slab-like side silhouette | slightly rounded edges,首帧过亮且侧对镜头，纸芯、压纹、纸张种类和柔软度不可确认,
depthtrack,139,139,toiletpaper04_indoor,00000001,conflicting,paper roll,white cylindrical body | straight side profile | faint fine surface texture,首帧只見侧面，纸芯及材质种类不清；用途、品牌和层数未知,cup：后帧显示卷纸中心孔及卷绕截面，未见容器杯腔；round bottom并非杯底证据,"后帧纸芯孔支持纸卷类别，首帧不加入端面结构
实际看过九帧目标裁剪图target_crops/139.jpg，零基源帧[0 | 141 | 282 | 424 | 565 | 707 | 849 | 1015 | 1156]；初始化主图下方上下文零基[0 | 0 | 5 | 20]（含重复首帧）。707、1156帧可见纸芯孔，282、565侧面对光，141、424、849、1015强过曝；不将白亮块解释成杯子。",红框是桌沿白色圆柱物，旁边饮料罐不属于目标；首帧缺少端面，需要后帧辨别。,0 | 141 | 282 | 424 | 565 | 707 | 849 | 1015 | 1156,coarse_only,GPT-6 Astra Pro,2026-10-06,conflicting,True,gb,20261006,toilet paper roll,white cylindrical body | straight side profile | faint fine surface texture,首帧只見侧面，纸芯及材质种类不清；用途、品牌和层数未知,
depthtrack,140,140,toy01_indoor,00000001,conflicting,penguin-shaped toy / ornament,white front | black/dark back edge | yellow beak and feet | small dark text on torso,具体材料、玩具是否兼有电子功能、品牌文字和内部结构不确定,remote control | button on top：黄色顶端是企鹅嘴形部位，未見按键布局,"后帧补充黑色背面和侧形，不能确定电子用途
实际看过九帧目标裁剪图target_crops/140.jpg，零基源帧[0 | 157 | 314 | 471 | 628 | 784 | 941 | 1098 | 1263]；初始化主图下方上下文零基[0 | 0 | 5 | 20]（含重复首帧）。314、471、784、1098显示深色背面，628倒转见嘴脚形状，1263侧面更清楚；不据圆润外形断言塑料或软胶。",红框为手持企鹅形小摆件，不是白黄遥控器；手、腕表及床被不属于目标。,0 | 157 | 314 | 471 | 628 | 784 | 941 | 1098 | 1263,clear,GPT-6 Astra Pro,2026-10-06,conflicting,True,gb,20261006,penguin-shaped toy,white front | black/dark back edge | yellow beak and feet | small dark text on torso,具体材料、玩具是否兼有电子功能、品牌文字和内部结构不确定,
depthtrack,141,141,toy03_indoor,00000001,supported,figurine,cartoon-like humanoid shape | orange/brown and reddish tones | dark body/clothing areas | bulky head and feet,wearing a hat、具体服装颜色、手持球形物是否篮球、材料及角色名均不确定,无明确冲突；原细节缺乏足够可辨证据，未见不等于不具备,"后帧显出复杂雕塑细节与圆形附件，不能回填成首帧确定篮球/帽子；补充视频后段另出现尖帽胡须摆件，不能将其属性迁到本目标
实际看过九帧目标裁剪图target_crops/141.jpg，零基源帧[0 | 158 | 315 | 472 | 630 | 788 | 945 | 1102 | 1277]；初始化主图下方上下文零基[0 | 0 | 5 | 20]（含重复首帧）。158、630、945帧举近后面部造型和圆形附件更清楚，但未清晰见篮球缝线；315、472、788、1102模糊。 补充视频：补充视频中人物先拿取小型人形摆件，随后又拿出另一件尖帽胡须摆件；后者不能当作初始化目标的新视角。圆形附件仍未清楚显现篮球缝线，不确认篮球或帽子细节。",红框是柜顶小型人形摆件；首帧40×52较小偏暗，不能识别人物或虚构角色身份，旁边黑色物体类别也不明。,0 | 158 | 315 | 472 | 630 | 788 | 945 | 1102 | 1277,coarse_only,GPT-6 Astra Pro,2026-10-06,conflicting,True,gb,20261006,toy,cartoon-like humanoid shape | orange/brown and reddish tones | dark body/clothing areas | bulky head and feet,wearing a hat、具体服装颜色、手持球形物是否篮球、材料及角色名均不确定,
depthtrack,142,142,toy04_indoor,00000001,uncertain,decorated gourd-like object,elongated tan/orange body | bulbous lower end | small top stalk | dark triangular-eye and mouth pattern,pumpkin | carved face：具体植物种类、是否真实植物/仿制品、雕刻或平面绘制均未完全确认；可食性与材料未知,无明确属性冲突；只见深色脸形图案，是否挖空雕刻尚不确定,"后帧补充底部斑点与另一面，不补品种和材料真值
实际看过九帧目标裁剪图target_crops/142.jpg，零基源帧[0 | 140 | 279 | 418 | 558 | 698 | 837 | 976 | 1116]；初始化主图下方上下文零基[0 | 0 | 5 | 20]（含重复首帧）。279、976帧圆底可见，418、558、1116脸形图案较清楚，698转倒；仍无法由图片确认是真瓜还是道具。 补充视频：补充视频显示细长瓜形装饰物及黑色脸形图案，转面可见圆底；仍无法从这些采样确认是真实植物还是仿制品，也未清楚证明脸部为挖空雕刻。",红框是细长瓜形装饰物，形状不像常见扁圆南瓜；仅凭外形保留gourd-like而不确定植物分类或用途。,0 | 140 | 279 | 418 | 558 | 698 | 837 | 976 | 1116,coarse_only,GPT-6 Astra Pro,2026-10-06,conflicting,True,gb,20261006,decorated gourd-like toy,elongated tan/orange body | bulbous lower end | small top stalk | dark triangular-eye and mouth pattern,pumpkin | carved face：具体植物种类、是否真实植物/仿制品、雕刻或平面绘制均未完全确认；可食性与材料未知,
depthtrack,143,143,toy05_indoor,00000001,conflicting,gnome-like decorative figurine,tall dark conical hat | light chevron-like marks | round beige nose | gray fibrous beard,精确材料、品牌、角色名以及纤维成分不确认,phone | white case | camera on back：这些不属于红框中的尖帽胡须摆件,"后帧显示帽子另一侧和胡须长度；首帧不确认全部图案
实际看过九帧目标裁剪图target_crops/143.jpg，零基源帧[0 | 168 | 336 | 504 | 672 | 839 | 1007 | 1175 | 1343]；初始化主图下方上下文零基[0 | 0 | 5 | 20]（含重复首帧）。504、672、839、1343帧帽标和圆鼻清晰，336、1175见暗色另一侧及胡须；不将装饰摆件当真人。",红框是人物手中尖帽长须小摆件，另一只手拿的白色企鹅形物为另一目标，不混合两者属性。,0 | 168 | 336 | 504 | 672 | 839 | 1007 | 1175 | 1343,clear,GPT-6 Astra Pro,2026-10-06,conflicting,True,gb,20261006,gnome-like decorative toy,tall dark conical hat | light chevron-like marks | round beige nose | gray fibrous beard,精确材料、品牌、角色名以及纤维成分不确认,
depthtrack,144,144,toy06_indoor,00000001,conflicting,gnome-like decorative figurine,dark green/gray tall pointed hat | gray wavy beard-like fibers | small squat base,初始背侧朝向镜头，鼻子和正面标志不可确认；材质、品牌未知,book | blue cover | text on spine：目标是立体尖帽长须摆件，没有书页/书脊证据,"后帧首次清晰显示圆鼻及帽正面标记，不作为首帧已见属性
实际看过九帧目标裁剪图target_crops/144.jpg，零基源帧[0 | 157 | 313 | 470 | 626 | 783 | 940 | 1111 | 1272]；初始化主图下方上下文零基[0 | 0 | 5 | 20]（含重复首帧）。157、313、783转到正面见圆鼻与浅色双折线标记，1111横放，1272局部模糊；正面信息与首帧背侧区分。",红框选中桌面尖帽摆件，右侧白企鹅摆件和屏幕不属于该目标。,0 | 157 | 313 | 470 | 626 | 783 | 940 | 1111 | 1272,clear,GPT-6 Astra Pro,2026-10-06,conflicting,True,gb,20261006,gnome-like decorative toy,dark green/gray tall pointed hat | gray wavy beard-like fibers | small squat base,初始背侧朝向镜头，鼻子和正面标志不可确认；材质、品牌未知,
depthtrack,145,145,toy07_indoor_320,00000001,supported,plush animal doll,brown/tan head and limbs | dark branching antlers | blue-and-white striped top | dark shorts,填充物、纤维、品牌及具体动物物种不确认；首帧36×45细小，衣上图案未可靠读出,brown hair：棕色部位主要是毛绒头部/鹿角造型，不能当真人头发,"1366帧可见胸口徽样图案，首帧不能当成已可辨的旗帜或品牌
实际看过九帧目标裁剪图target_crops/145.jpg，零基源帧[0 | 122 | 292 | 455 | 673 | 834 | 1041 | 1244 | 1366]；初始化主图下方上下文零基[0 | 0 | 5 | 20]（含重复首帧）。122、673、1366较清楚见鹿角、鼻子和条纹衣，1366胸口有红白蓝图案；其他帧有侧转、模糊或局部裁剪。",红框是手中悬挂的小毛绒动物玩偶，不是持物人；类别doll粗层面有支持。,0 | 122 | 292 | 455 | 673 | 834 | 1041 | 1244 | 1366,clear,GPT-6 Astra Pro,2026-10-06,conflicting,True,gb,20261006,plush animal doll,brown/tan head and limbs | dark branching antlers | blue-and-white striped top | dark shorts,填充物、纤维、品牌及具体动物物种不确认；首帧36×45细小，衣上图案未可靠读出,
depthtrack,146,146,toy08_indoor,00000001,supported,plush animal toy,tan/brown muzzle and limbs | dark antlers | blue-and-white striped shirt | dark shorts,毛绒纤维与填充物、品牌、确切动物分类不确定,sitting posture：首帧玩偶由头顶链环悬挂，双腿下垂，不是坐姿,"后帧胸口红白蓝小图案和背面衣纹更明显
实际看过九帧目标裁剪图target_crops/146.jpg，零基源帧[0 | 253 | 509 | 762 | 1014 | 1271 | 1531 | 1789 | 2047]；初始化主图下方上下文零基[0 | 0 | 5 | 20]（含重复首帧）。253、509帧正面更清楚，762侧面，1014背部，1789有手遮挡，2047局部离框；不把短时弯折描述为固定坐姿。",红框为被链环悬起的鹿形毛绒小玩具，旁边时钟与笔记本不是目标属性。,0 | 253 | 509 | 762 | 1014 | 1271 | 1531 | 1789 | 2047,clear,GPT-6 Astra Pro,2026-10-06,conflicting,True,gb,20261006,plush animal toy,tan/brown muzzle and limbs | dark antlers | blue-and-white striped shirt | dark shorts,毛绒纤维与填充物、品牌、确切动物分类不确定,
depthtrack,147,147,toy10_indoor,00000001,supported,construction-vehicle toy,orange and black body | small dark wheels | raised pale lattice arm | dark end attachment,品牌、动力方式、材质和机械用途不确认；细线是悬挂背景，不属于车辆功能,construction vehicle若指真实工程车则不符比例；应明确是小型模型/玩具,"后帧补充格构臂与底盘角度，首帧只记录可见粗结构
实际看过九帧目标裁剪图target_crops/147.jpg，零基源帧[0 | 168 | 265 | 362 | 458 | 554 | 732 | 849 | 995]；初始化主图下方上下文零基[0 | 0 | 5 | 20]（含重复首帧）。362和995帧轮轴及格构臂更清楚，168、458、732模糊，554、849过曝；不在模糊帧补机械结构。",红框是悬起的小工程车模型，图中轮子及臂架有支持；不把墙边黑色长杆认成车臂。,0 | 168 | 265 | 362 | 458 | 554 | 732 | 849 | 995,clear,GPT-6 Astra Pro,2026-10-06,conflicting,True,gb,20261006,construction-vehicle toy,orange and black body | small dark wheels | raised pale lattice arm | dark end attachment,品牌、动力方式、材质和机械用途不确认；细线是悬挂背景，不属于车辆功能,
depthtrack,148,148,toydog_indoor,00000001,supported,stuffed dog,beige plush-like surface | floppy ears | dangling legs | open mouth with pink tongue | dark nose,填充物、材料、品牌以及是否存在两个独立玩具不能仅凭镜像认定,无明确类别冲突,"后帧正脸及腹部更清楚，反射不属于另一实体身份
实际看过九帧目标裁剪图target_crops/148.jpg，零基源帧[0 | 111 | 222 | 333 | 444 | 555 | 666 | 777 | 1000]；初始化主图下方上下文零基[0 | 0 | 5 | 20]（含重复首帧）。111、333、444、777、1000显示实体与镜像不同投影，222见正脸，666侧转；应保持实体/成像关系，不能按影像数量计物体。",红框主要对应前景实体毛绒狗，下后方相似狗影来自镜面反射；同类视觉干扰为是，但不声称有两个物理玩具。,0 | 111 | 222 | 333 | 444 | 555 | 666 | 777 | 1000,clear,GPT-6 Astra Pro,2026-10-06,conflicting,True,gb,20261006,stuffed dog,beige plush-like surface | floppy ears | dangling legs | open mouth with pink tongue | dark nose,填充物、材料、品牌以及是否存在两个独立玩具不能仅凭镜像认定,
depthtrack,149,149,trashbin_indoor,00000001,supported,cylindrical metal-looking bin,shiny silver-colored side | circular open top | tall cylindrical body | dark interior,metallic是外观而非成分检测；具体合金、是否垃圾桶、容量未知,无明确粗类别冲突,"后帧可见底面与内壁，不新增材料成分结论
实际看过九帧目标裁剪图target_crops/149.jpg，零基源帧[0 | 117 | 234 | 351 | 468 | 585 | 747 | 864 | 981]；初始化主图下方上下文零基[0 | 0 | 5 | 20]（含重复首帧）。117、468、747显示开口及内壁，234、351、864显示圆底，585横放；侧面偏蓝或偏橙主要反射环境。",红框选中较高、未套黑袋的圆柱桶，左侧套袋桶为另一近似物体；不把袋子移作目标属性。,0 | 117 | 234 | 351 | 468 | 585 | 747 | 864 | 981,clear,GPT-6 Astra Pro,2026-10-06,conflicting,True,gb,20261006,trashbin,shiny silver-colored side | circular open top | tall cylindrical body | dark interior,metallic是外观而非成分检测；具体合金、是否垃圾桶、容量未知,
depthtrack,150,150,tree_wild,00000001,supported,bush / shrub,green dense foliage | low rounded mound shape | many short narrow needle-like leaves | small reddish-brown patches,具体植物种、常绿属性及修剪方式不能由这些图像确定；首帧不细判针叶长度,无明确类别冲突,"后帧可见细枝和针叶簇，物种仍不确定
实际看过九帧目标裁剪图target_crops/150.jpg，零基源帧[0 | 193 | 385 | 583 | 799 | 1035 | 1228 | 1420 | 1636]；初始化主图下方上下文零基[0 | 0 | 5 | 20]（含重复首帧）。193、385、583、1035、1228、1420针叶簇和枝条更清楚，799有模糊；角度变化不视为另一株植物。",红框覆盖草地上的一整株低矮灌木，草、道路和远处树木不属于目标。,0 | 193 | 385 | 583 | 799 | 1035 | 1228 | 1420 | 1636,clear,GPT-6 Astra Pro,2026-10-06,conflicting,True,gb,20261006,shrub,green dense foliage | low rounded mound shape | many short narrow needle-like leaves | small reddish-brown patches,具体植物种、常绿属性及修剪方式不能由这些图像确定；首帧不细判针叶长度,
depthtrack,151,151,trophy_indoor,00000001,supported,trophy,gold-colored cup | wing/feather-like curved stem | narrow pedestal | rectangular block base,是否金属/镀金、奖项内容和铭牌文字未知；翼形装饰不代表真实羽毛,cylindrical base：最下方底座明显为长方体块状，非圆柱,"后帧显示另一侧装饰和底面，不确认铭文
实际看过九帧目标裁剪图target_crops/151.jpg，零基源帧[0 | 68 | 136 | 204 | 272 | 372 | 452 | 535 | 615]；初始化主图下方上下文零基[0 | 0 | 5 | 20]（含重复首帧）。68、136、272、535强光或模糊，372、615较清楚见方底和杯体，452侧面变窄；首帧金色不能解释为纯金。",红框为悬挂奖杯整体，杯口与弯曲装饰杆清楚；不从奖杯外形推断获奖者或赛事。,0 | 68 | 136 | 204 | 272 | 372 | 452 | 535 | 615,clear,GPT-6 Astra Pro,2026-10-06,conflicting,True,gb,20261006,trophy,gold-colored cup | wing/feather-like curved stem | narrow pedestal | rectangular block base,是否金属/镀金、奖项内容和铭牌文字未知；翼形装饰不代表真实羽毛,
depthtrack,152,152,ukulele02_indoor,00000001,uncertain,small acoustic string instrument,brown wood-like body | waisted sound box | slender neck | headstock with tuning pegs,guitar与ukulele等细分类、弦数、木材种类、品牌及是否带背带需更清楚正面证据；straps：未能确认背带，不能据未见断言没有,curved neck：所见琴颈主要为直线结构，斜置不代表弯曲,"后帧声孔和弦列较清楚，仅用于线下类别补证，不回填成首帧精确弦数
实际看过九帧目标裁剪图target_crops/152.jpg，零基源帧[0 | 199 | 399 | 598 | 798 | 997 | 1196 | 1396 | 1595]；初始化主图下方上下文零基[0 | 0 | 5 | 20]（含重复首帧）。199、399、1396帧正面声孔和弦更清楚，598竖置，798侧面，1595放平；可支持小型箱式弦乐器，细分类暂保留。 补充视频：补充视频显示小型共鸣箱、声孔、琴颈及调音钮，不同角度更支持小型原声弦乐器；弦数、具体乐器细类及背带没有足够可辨证据，保留粗标签。",红框为人物手持的小型拨弦乐器，首帧以侧面为主，人物头脸及衣服不能并入目标属性。,0 | 199 | 399 | 598 | 798 | 997 | 1196 | 1396 | 1595,coarse_only,GPT-6 Astra Pro,2026-10-06,conflicting,True,gb,20261006,ukulele,brown wood-like body | waisted sound box | slender neck | headstock with tuning pegs,guitar与ukulele等细分类、弦数、木材种类、品牌及是否带背带需更清楚正面证据；straps：未能确认背带，不能据未见断言没有,
depthtrack_test,1,TEST001,adapter01_indoor,00000001,supported,adapter,白色近方形主体；平整浅色正面；主体下缘有浅灰色短突起。,接口规格、电子功能、品牌、内部结构与材质无法由首帧确认；上方大段红线和持物手不属于框内主体属性。,,"后帧中可见更多背面/侧面及镜中成像；仍未确认接口规格或功能。
实际查看初始化图（协议框源帧0；底部无框上下文0、0、5、20）及九帧无标记概览，概览源帧号：0、347、694、1040、1387、1734、2080、2427、2774。概览1040、1387、1734、2427可见白色小块随红线变换位置/朝向；部分格中离开画边。镜中白块是可能反射，不能当第二个物理适配器。仅证明所见帧外观相容，不确认间隔中的完整身份链。 未另外查看MP4内容；看过概览不等于播放过视频。未使用后续GT。",首帧红框指定悬在线下的白色小方块主体及邻近接头，不是人物或整根红线。外形支持adapter粗类别，不推断具体转换/充电功能。 本条无原caption可比，仅为首帧图像支持的新描述提议。,0 | 347 | 694 | 1040 | 1387 | 1734 | 2080 | 2427 | 2774,coarse_only,GPT-6 Astra Pro,2026-10-06,conflicting,True,gb,20261006,power adapter,白色近方形主体；平整浅色正面；主体下缘有浅灰色短突起。,接口规格、电子功能、品牌、内部结构与材质无法由首帧确认；上方大段红线和持物手不属于框内主体属性。,
depthtrack_test,2,TEST002,backpack_indoor,00000001,supported,backpack,黑色圆角背包；正面多层口袋与拉链；上部有小红白徽形标记；前部挂有棕色小玩偶配蓝白衣饰。,品牌、面料、防水性、内部物品不可确认；挂饰可被遮挡或摆动，不保证每帧可见。,,"1055出现背在身上的视角与较完整背带；这些不是首帧正面新增的已知属性。
实际查看初始化图（协议框源帧0；底部无框上下文0、0、5、20）及九帧无标记概览，概览源帧号：0、264、528、791、1055、1319、1582、1846、2110。264、791、1319、2110可见前袋挂饰；528、1055或1846视角改变时背带与侧面更突出。场景始终可见另一黑包；无标记稀疏帧不作为跨遮挡精确身份真值。 未另外查看MP4内容；看过概览不等于播放过视频。未使用后续GT。 对应限制：后续两包位置/朝向变化，挂饰遮挡时对应需人工确认。",红框是带玩偶挂饰的整只黑色背包，不是单独玩偶。画面另有一只深色包，属于潜在同类干扰。 本条无原caption可比，仅为首帧图像支持的新描述提议。,0 | 264 | 528 | 791 | 1055 | 1319 | 1582 | 1846 | 2110,clear,GPT-6 Astra Pro,2026-10-06,conflicting,True,gb,20261006,backpack,黑色圆角背包；正面多层口袋与拉链；上部有小红白徽形标记；前部挂有棕色小玩偶配蓝白衣饰。,品牌、面料、防水性、内部物品不可确认；挂饰可被遮挡或摆动，不保证每帧可见。,
depthtrack_test,3,TEST003,bag01_indoor,00000001,supported,bag,红色袋状主体；白色弧形条纹；正面可见浅色文字状印刷；外形有折皱、非刚直矩形。,袋内内容、用途、品牌、材质及文字全文不可确认；后方画板上的蓝色图案不属于目标。,,"后面可见袋体折叠/侧面变化以及额外红色物体；未证实包装内容物。
实际查看初始化图（协议框源帧0；底部无框上下文0、0、5、20）及九帧无标记概览，概览源帧号：0、308、616、923、1231、1539、1846、2154、2462。616、923、1539、2462可见红白袋状物摆动；1231前景另外出现较大红色长物。印字与弧纹随转面、模糊变化，不能用颜色单独确定连续实例。 未另外查看MP4内容；看过概览不等于播放过视频。未使用后续GT。",红框指定悬挂的红白小袋状物。以bag作粗类别；不根据印字推断食品/饮料，也不把背景人物画的颜色写入属性。 本条无原caption可比，仅为首帧图像支持的新描述提议。,0 | 308 | 616 | 923 | 1231 | 1539 | 1846 | 2154 | 2462,coarse_only,GPT-6 Astra Pro,2026-10-06,conflicting,True,gb,20261006,bag,红色袋状主体；白色弧形条纹；正面可见浅色文字状印刷；外形有折皱、非刚直矩形。,袋内内容、用途、品牌、材质及文字全文不可确认；后方画板上的蓝色图案不属于目标。,
depthtrack_test,4,TEST004,bag02_indoor,00000001,uncertain,dark pouch-like object,近黑色主体；圆角、略鼓起的短矩形轮廓。,亮度低，拉链、开口、材质和用途均不清；未见完整可确认的包带；不能由文件名判断功能。,,"后帧显示可悬挂、随摆动转面的短矩形外形；功能仍不确定。
实际查看初始化图（协议框源帧0；底部无框上下文0、0、5、20）及九帧无标记概览，概览源帧号：0、363、726、1089、1452、1814、2177、2540、2903。另对源帧0原始JPEG及初始化框周边放大面板进行复核（未改变亮度或颜色）。726、1452、1814、2540、2903可见深色小块在悬线上不同位置；转面仍难辨拉链或开口。此处未因后来仍像小袋就提升首帧细类别。 视频仅另外查看9个抽帧，精确源帧：151、440、729、1018、1307、1596、1885、2325、2752。实际查看9个预览抽帧；源帧1885、2325、2752显示黑色圆角块随线摆动，前几帧部分对象接近边界或被背景遮没。仍未看清开口、拉链和具体用途，维持首帧不确定。 未完整播放MP4，未使用后续GT或补画后帧目标框。 对应限制：初始/后续均不足以确认袋、盒或其他装置。",红框落在人物手臂旁悬挂的黑色小块上，不是衣服或椅背。首帧只支持小型黑色袋/盒状外观，保留pouch-like粗描述与不确定状态。 本条无原caption可比，仅为首帧图像支持的新描述提议。,0 | 363 | 726 | 1089 | 1452 | 1814 | 2177 | 2540 | 2903,uncertain,GPT-6 Astra Pro,2026-10-06,conflicting,True,gb,20261006,small black bag,近黑色主体；圆角、略鼓起的短矩形轮廓。,亮度低，拉链、开口、材质和用途均不清；未见完整可确认的包带；不能由文件名判断功能。,
depthtrack_test,5,TEST005,ball01_wild,00000001,supported,ball,黑色或极深灰色球状物；外缘近圆；表面未见清晰印花。,球种、品牌、材质、缝线及背面细节不可确认；下方托举的手不属于目标。,,"后帧显示举球及再出现的视角，无新增可可靠确认的品牌/球种。
实际查看初始化图（协议框源帧0；底部无框上下文0、0、5、20）及九帧无标记概览，概览源帧号：0、66、132、199、265、331、398、464、530。199、265、398、464可见黑球被抱持或举起；66、132、331、530未充分显示球体。不能把未显示直接当作GT缺失或认定替换。 未另外查看MP4内容；看过概览不等于播放过视频。未使用后续GT。",红框指定手中黑色球体，形状足以支持ball。首帧曝光较暗，不细分球类运动用途。 本条无原caption可比，仅为首帧图像支持的新描述提议。,0 | 66 | 132 | 199 | 265 | 331 | 398 | 464 | 530,coarse_only,GPT-6 Astra Pro,2026-10-06,conflicting,True,gb,20261006,ball,黑色或极深灰色球状物；外缘近圆；表面未见清晰印花。,球种、品牌、材质、缝线及背面细节不可确认；下方托举的手不属于目标。,
depthtrack_test,6,TEST006,ball06_indoor,00000001,supported,ball,黄绿色小球；圆形外缘；表面有多个深色小斑/孔状区域。,球体很小且放大模糊，不能确认球种、孔洞结构、材料或黑色印字；手和头发不属于球。,,"后续抛接动作及同时出现多个近似颜色/尺寸小球仅作离线背景；不写为首帧身份属性。
实际查看初始化图（协议框源帧0；底部无框上下文0、0、5、20）及九帧无标记概览，概览源帧号：0、98、195、292、390、488、585、682、780。序列概览帧98、195、292、390、488、585、682可见多个相似黄绿色小球被持握或抛接，运动时圆形变为模糊斑；无法仅凭无标注稀疏帧将首帧指定小球与其余小球逐一关联。 视频仅另外查看9个抽帧，精确源帧：38、115、192、269、345、435、511、627、742。9个抽帧显示三只近似黄绿色球被聚拢、抛起和接住；269、345、435、627的球位置不断变化。没有足够独特标记把首帧指定球跨所有抽帧唯一关联，不将球种或孔洞确定化。 未完整播放MP4，未使用后续GT或补画后帧目标框。 对应限制：相似小球多、抛接和遮挡；连续身份对应需原视频复核。",红框是人物头旁手指持有的黄绿色球，不是下面高筒容器。桌面笔记本旁还可见另一浅黄球状物。 本条无原caption可比，仅为首帧图像支持的新描述提议。,0 | 98 | 195 | 292 | 390 | 488 | 585 | 682 | 780,coarse_only,GPT-6 Astra Pro,2026-10-06,conflicting,True,gb,20261006,tennis ball,黄绿色小球；圆形外缘；表面有多个深色小斑/孔状区域。,球体很小且放大模糊，不能确认球种、孔洞结构、材料或黑色印字；手和头发不属于球。,
depthtrack_test,7,TEST007,ball10_wild,00000001,supported,oval ball,深棕色椭圆/长圆球体；长轴较明显；表面有亮部和暗色线状区域。,逆光下接缝、气嘴、材质和具体球种不能确认；上方橙褐色圆球不属于当前目标。,,"后续出现多球抛接、转身和手部遮挡；不以另一橙色圆球的表面缝线替代首帧椭圆球属性。
实际查看初始化图（协议框源帧0；底部无框上下文0、0、5、20）及九帧无标记概览，概览源帧号：0、261、522、783、1044、1305、1566、1827、2088。概览261、522、1044、1827可见浅色上衣人物附近的暗红棕色椭圆球，场景同时包含另一个橙棕色圆球并由另一人操作；局部持握和移动可见，但无标注稀疏帧不能证明两球在每个空缺间隔中的身份关系。 未另外查看MP4内容；看过概览不等于播放过视频。未使用后续GT。 对应限制：两个不同形态球体同场，须防止把上方圆球与初始目标混合。",红框指定较低、横向托举的深色椭圆球；同人还抱着一个更高的圆球，不将两球合并描述。 本条无原caption可比，仅为首帧图像支持的新描述提议。,0 | 261 | 522 | 783 | 1044 | 1305 | 1566 | 1827 | 2088,coarse_only,GPT-6 Astra Pro,2026-10-06,conflicting,True,gb,20261006,oval ball,深棕色椭圆/长圆球体；长轴较明显；表面有亮部和暗色线状区域。,逆光下接缝、气嘴、材质和具体球种不能确认；上方橙褐色圆球不属于当前目标。,
depthtrack_test,8,TEST008,ball11_wild,00000001,supported,oval ball,红棕色；两端收拢的椭圆轮廓；表面有较暗线条及亮斑。,品牌、皮革/橡胶材质、缝合和运动种类未充分可辨；白色上衣和影子不是球体属性。,,"更清楚的椭圆外形与后续持握/抛接仅用于辅助；不据此确定具体球类规则或材质。
实际查看初始化图（协议框源帧0；底部无框上下文0、0、5、20）及九帧无标记概览，概览源帧号：0、197、394、591、788、984、1181、1378、1575。概览197、394、788、984、1378显示红棕色椭圆球被手持或抛起，591和1181人物手部位于身后，1575镜头倾斜且目标不能确认；未据无标注帧推断GT缺失状态。 未另外查看MP4内容；看过概览不等于播放过视频。未使用后续GT。 对应限制：被身体遮挡与画面转动，稀疏帧不足以验证完整身份链。",首帧红框仅覆盖人物手中红棕色椭圆球，以oval ball描述，不依赖序列名称。 本条无原caption可比，仅为首帧图像支持的新描述提议。,0 | 197 | 394 | 591 | 788 | 984 | 1181 | 1378 | 1575,coarse_only,GPT-6 Astra Pro,2026-10-06,conflicting,True,gb,20261006,oval ball,红棕色；两端收拢的椭圆轮廓；表面有较暗线条及亮斑。,品牌、皮革/橡胶材质、缝合和运动种类未充分可辨；白色上衣和影子不是球体属性。,
depthtrack_test,9,TEST009,ball15_wild,00000001,supported,basketball,棕橙色圆球；明显深色弧形分区线；一侧有深色印字状标记。,具体品牌、型号、材质及字母全文不确认；左边贴近画边，局部边缘不充分。,,"后续可辨篮球印字和滚动行为；品牌不加入首帧标签，也不把黄黑球图案移给篮球。
实际查看初始化图（协议框源帧0；底部无框上下文0、0、5、20）及九帧无标记概览，概览源帧号：0、22、44、67、89、111、134、156、178。概览22至156可见橙棕色黑线篮球与黄黑拼块球并排向镜头靠近；134、156篮球印字更清楚。178不再能在画面中确定球体。 未另外查看MP4内容；看过概览不等于播放过视频。未使用后续GT。 对应限制：篮球与黄黑球挨近，注意两个球各自的边界。",红框是棕橙色篮球，旁边黄黑球是另一运动球，不能将其颜色/花纹赋给目标。 本条无原caption可比，仅为首帧图像支持的新描述提议。,0 | 22 | 44 | 67 | 89 | 111 | 134 | 156 | 178,clear,GPT-6 Astra Pro,2026-10-06,conflicting,True,gb,20261006,basketball,棕橙色圆球；明显深色弧形分区线；一侧有深色印字状标记。,具体品牌、型号、材质及字母全文不确认；左边贴近画边，局部边缘不充分。,
depthtrack_test,10,TEST010,ball18_indoor,00000001,supported,soccer ball,黄色球面；深色星形/多边形拼接图案；黑灰纹理区域；整体近球形。,品牌、气压与材料不可确认；背景蓝字属于板面；右侧绿色球不是目标。,,"后续不同视角可见额外印字、手持和桌面位置变化，未提升为首帧唯一身份特征。
实际查看初始化图（协议框源帧0；底部无框上下文0、0、5、20）及九帧无标记概览，概览源帧号：0、462、924、1387、1849、2311、2774、3236、3698。概览462、924、1387、1849、2311、2774、3236、3698可见黄黑球与绿色黑块球在桌面和手部周围多次改变相对位置；热杯会遮住部分球面。 未另外查看MP4内容；看过概览不等于播放过视频。未使用后续GT。 对应限制：目标与绿色球可凭主色区分，但两者接触与运动模糊时局部证据受限。",红框完整覆盖桌面黄黑足球，旁有绿色足球，分开记录实例。 本条无原caption可比，仅为首帧图像支持的新描述提议。,0 | 462 | 924 | 1387 | 1849 | 2311 | 2774 | 3236 | 3698,clear,GPT-6 Astra Pro,2026-10-06,conflicting,True,gb,20261006,soccer ball,黄色球面；深色星形/多边形拼接图案；黑灰纹理区域；整体近球形。,品牌、气压与材料不可确认；背景蓝字属于板面；右侧绿色球不是目标。,
depthtrack_test,11,TEST011,ball20_indoor,00000001,supported,soccer ball,黄色球面；黑灰星形/多边形图案；近球形。,品牌和材料未确认；被手托住的局部底边不可见。,,"后续抛接和不同球面图案可见，不追加为首帧已知细节；接近与局部遮挡期间不建立逐帧真值对应。
实际查看初始化图（协议框源帧0；底部无框上下文0、0、5、20）及九帧无标记概览，概览源帧号：0、211、422、634、845、1056、1268、1479、1690。概览211、422、634、845、1268、1479、1690可见黄黑球与绿黑球在手边或空中；1056黄黑球不能在该面板中直接确认。1690两球接近并触碰。 未另外查看MP4内容；看过概览不等于播放过视频。未使用后续GT。 对应限制：两球持续交错，不能以固定左右方位识别实例。",红框是人物手中黄黑足球，另一手所持绿色足球是同类竞争对象。 本条无原caption可比，仅为首帧图像支持的新描述提议。,0 | 211 | 422 | 634 | 845 | 1056 | 1268 | 1479 | 1690,clear,GPT-6 Astra Pro,2026-10-06,conflicting,True,gb,20261006,soccer ball,黄色球面；黑灰星形/多边形图案；近球形。,品牌和材料未确认；被手托住的局部底边不可见。,
depthtrack_test,12,TEST012,bandlight_indoor,00000001,uncertain,object,可见绿色与黑色组合的小型物体；有环带/折叠状外观。,首帧运动模糊且手遮挡，不能确认是灯、带状装备、玩具还是其他用品；不能从后帧或序列名补首帧功能。,,"仅后续画面支持带绿色头带的小型灯具/头灯解释及发光状态；不得回填成首帧已知类别或发光属性。
实际查看初始化图（协议框源帧0；底部无框上下文0、0、5、20）及九帧无标记概览，概览源帧号：0、149、297、446、594、743、892、1040、1189。另对源帧0原始JPEG及初始化框周边放大面板进行复核（未改变亮度或颜色）。首帧仍模糊，仅支持黑绿色物体的粗外观。概览149可见带面板的小灯状装置，297、594可见绿色长带/头带，446和743可见亮白发光点，符合带头带灯具的后续解释。 视频仅另外查看9个抽帧，精确源帧：63、177、304、417、531、658、772、949、1126。9个抽帧中源177、304可见黑绿色主体和头带，417与772发出亮白光。后续灯具解释有支持，但首帧模糊仍仅提object；灯光不作为初始化稳定属性。 未完整播放MP4，未使用后续GT或补画后帧目标框。 对应限制：首帧类别不足；后续类别确认不应泄漏到首帧输入。",红框中的绿黑物体被手握持，主体与手边缘混合。仅提供object与可见颜色/形状，不强猜细类别。 本条无原caption可比，仅为首帧图像支持的新描述提议。,0 | 149 | 297 | 446 | 594 | 743 | 892 | 1040 | 1189,uncertain,GPT-6 Astra Pro,2026-10-06,conflicting,True,gb,20261006,bandlight,可见绿色与黑色组合的小型物体；有环带/折叠状外观。,首帧运动模糊且手遮挡，不能确认是灯、带状装备、玩具还是其他用品；不能从后帧或序列名补首帧功能。,
depthtrack_test,13,TEST013,beautifullight02_indoor,00000001,supported,spherical lamp-like object,白色半透球形/近球形罩体；表面有斑驳或细碎纹样；侧边可见细线连接。,具体材料、通电状态、内部灯源、品牌均不能单凭首帧确认；后帧亮起不当作首帧已知。,,"发光/点亮状态仅由后续面板支持，首帧只记录球形灯状外观；亮斑与背后强光应分开。
实际查看初始化图（协议框源帧0；底部无框上下文0、0、5、20）及九帧无标记概览，概览源帧号：0、122、244、365、487、609、730、852、974。概览122、487、852、974仍可见白色/灰色球形罩体及连接线；244和365可见强亮球体，730受强光影响。球体随手/线改变位置。 未另外查看MP4内容；看过概览不等于播放过视频。未使用后续GT。 对应限制：强光改变表面纹理与轮廓，不能把明暗变化当物体固有颜色变化。",红框覆盖手持白色球形罩体，外形与相连线缆支持灯具样粗类别，不是球类运动物体；未将旁边强光墙面算成目标。 本条无原caption可比，仅为首帧图像支持的新描述提议。,0 | 122 | 244 | 365 | 487 | 609 | 730 | 852 | 974,coarse_only,GPT-6 Astra Pro,2026-10-06,conflicting,True,gb,20261006,lamp,白色半透球形/近球形罩体；表面有斑驳或细碎纹样；侧边可见细线连接。,具体材料、通电状态、内部灯源、品牌均不能单凭首帧确认；后帧亮起不当作首帧已知。,
depthtrack_test,14,TEST014,book03_indoor,00000001,supported,book,黑色封面；浅绿书脊与图形；浅色竖向带；明显厚页侧边；书脊英文印字。,完整封面局部被手臂遮挡；不据书名认定唯一实例，内页内容不可见。,,"后续可见翻页和白色纸页，仅作形态辅助；不建立未标注间隔中的确定书本身份。
实际查看初始化图（协议框源帧0；底部无框上下文0、0、5、20）及九帧无标记概览，概览源帧号：0、89、179、268、358、447、536、626、715。概览89、179、268、358、447、536、626、715显示三本几乎相同黑绿封面书多次移动、打开或交换桌面位置。相同书名/图案本身不能确定哪一本是首帧指定实例。 视频仅另外查看9个抽帧，精确源帧：38、102、179、255、319、396、460、575、677。9个抽帧中源179翻开其中一本书，255、319、396、575、677多本书移动/拿起。相同封面书脊难以区分物理实例；不依据抽帧间隙生成完整身份链。 未完整播放MP4，未使用后续GT或补画后帧目标框。 对应限制：多本同款书，书名相同不等于同一物理书；需要连续身份链。",红框是靠近人物手臂下方的横放书本，不是更靠近镜头的同封面书；首帧至少另有两本相似书。 本条无原caption可比，仅为首帧图像支持的新描述提议。,0 | 89 | 179 | 268 | 358 | 447 | 536 | 626 | 715,clear,GPT-6 Astra Pro,2026-10-06,conflicting,True,gb,20261006,book,黑色封面；浅绿书脊与图形；浅色竖向带；明显厚页侧边；书脊英文印字。,完整封面局部被手臂遮挡；不据书名认定唯一实例，内页内容不可见。,
depthtrack_test,15,TEST015,bottle04_indoor,00000001,supported,bottle,透明细长瓶体；窄颈；表面有纵向反光；下部轮廓近直筒。,口部被手部分遮挡；无足够证据确定玻璃/塑料、液体内容、品牌；后方其他器皿不属目标。,,"后续容器操作与额外可见轮廓仅作离线线索；不能据透明或水槽场景断定玻璃、装水及同一瓶全程对应。
实际查看初始化图（协议框源帧0；底部无框上下文0、0、5、20）及九帧无标记概览，概览源帧号：0、286、571、857、1142、1428、1714、1999、2285。概览286、571、857、1142、1428、1999可见人物取放透明长颈容器、在水槽旁操作；1714被身体遮挡。2285桌边/水槽附近可见不止一只透明瓶状容器。 未另外查看MP4内容；看过概览不等于播放过视频。未使用后续GT。 对应限制：透明目标轮廓易与背景/其他器皿重叠，遮挡后身份仍需人工确认。",红框是手握瓶颈的透明长瓶。台面还有其他瓶、杯等容器，初帧以框区分，不能将相邻容器标签赋给目标。 本条无原caption可比，仅为首帧图像支持的新描述提议。,0 | 286 | 571 | 857 | 1142 | 1428 | 1714 | 1999 | 2285,clear,GPT-6 Astra Pro,2026-10-06,conflicting,True,gb,20261006,bottle,透明细长瓶体；窄颈；表面有纵向反光；下部轮廓近直筒。,口部被手部分遮挡；无足够证据确定玻璃/塑料、液体内容、品牌；后方其他器皿不属目标。,
depthtrack_test,16,TEST016,card_indoor,00000001,supported,folded display card,蓝绿色印刷面；绿色斜带；小块浅色文字；白色折面/内面；竖向折叠成可立放的棱形。,纸张/薄塑料材质、完整文字和用途未确认；首帧位置不是永久身份属性。,,"后续展开/转面可见图文宣传页形态；不从印字推断品牌、用途细节或将背面图案当作首帧已知。
实际查看初始化图（协议框源帧0；底部无框上下文0、0、5、20）及九帧无标记概览，概览源帧号：0、302、604、906、1208、1509、1811、2113、2415。概览302、604、906、1208、1509、1811、2113、2415显示多张蓝绿折叠桌牌被拿起、转面并交换排列；正反面颜色、图片和排字差异不能等同物体不同。 视频仅另外查看9个抽帧，精确源帧：126、365、604、843、1082、1333、1572、1937、2289。9个抽帧中多个同款折页持续重排/转面，604显示照片和文字面，1333与2289多个面并存。图案相同不足以唯一追踪，不将后来正面照片写成初始可见属性。 未完整播放MP4，未使用后续GT或补画后帧目标框。 对应限制：同款折页多且重排，稀疏无标注画面无法确认每次移动后的原实例。",红框是最靠近镜头的一件蓝绿折页，不是后面数件相似折页的合体；记录外观不把同版面当唯一身份。 本条无原caption可比，仅为首帧图像支持的新描述提议。,0 | 302 | 604 | 906 | 1208 | 1509 | 1811 | 2113 | 2415,clear,GPT-6 Astra Pro,2026-10-06,conflicting,True,gb,20261006,card,蓝绿色印刷面；绿色斜带；小块浅色文字；白色折面/内面；竖向折叠成可立放的棱形。,纸张/薄塑料材质、完整文字和用途未确认；首帧位置不是永久身份属性。,
depthtrack_test,17,TEST017,cat01_indoor,00000001,supported,cat,黑色背部和头顶部；白色胸前、口鼻周围与前足；可见尖耳和胡须。,品种、年龄、性别、健康状况不可从图确定；黑白花纹在遮挡时未必可见。,,"后续侧面姿势、转头和身体比例仅作辅助，不据此补性别、年龄、品种或个体身份。
实际查看初始化图（协议框源帧0；底部无框上下文0、0、5、20）及九帧无标记概览，概览源帧号：0、379、758、1138、1517、1896、2276、2655、3034。概览379、758、1517、3034中黑白猫位于键盘与窗边，背部黑色、胸前白色仍可见；1138、1896、2276、2655整体运动模糊明显。 未另外查看MP4内容；看过概览不等于播放过视频。未使用后续GT。 对应限制：注意真实猫与显示器内的图像不是两个独立实体；强模糊帧不强判细节。",红框指定桌面上的黑白猫，非猫旁键盘或其他物品。仅记录可观察毛色。 本条无原caption可比，仅为首帧图像支持的新描述提议。,0 | 379 | 758 | 1138 | 1517 | 1896 | 2276 | 2655 | 3034,clear,GPT-6 Astra Pro,2026-10-06,conflicting,True,gb,20261006,cat,黑色背部和头顶部；白色胸前、口鼻周围与前足；可见尖耳和胡须。,品种、年龄、性别、健康状况不可从图确定；黑白花纹在遮挡时未必可见。,
depthtrack_test,18,TEST018,colacan03_indoor,00000001,supported,can,红色圆柱罐体；上下浅银色边缘；白色卷曲/文字状印刷；金属样反光。,罐内是否有饮料、配方、材质和品牌认证不由图确认；反光不是固有白条纹。,,"后续可见罐底、不同面和摆动状态，不据商标断定内容物；遮挡时不能将桌面同款罐指定为原目标。
实际查看初始化图（协议框源帧0；底部无框上下文0、0、5、20）及九帧无标记概览，概览源帧号：0、259、519、778、1038、1297、1556、1816、2075。概览259、519、1038、1816可见红罐在细线下摆动或经过猫附近；1556主要露出罐底，2075前景猫遮挡大部区域。桌面多只相似红罐一直存在。 未另外查看MP4内容；看过概览不等于播放过视频。未使用后续GT。 对应限制：同款红罐多且猫遮挡，靠印字/颜色不足以证明全程同一实例。",红框指定悬挂在桌面上方的单个红色罐体。桌上多只红罐及其他颜色罐是竞争对象，不将同标记视为唯一身份。 本条无原caption可比，仅为首帧图像支持的新描述提议。,0 | 259 | 519 | 778 | 1038 | 1297 | 1556 | 1816 | 2075,clear,GPT-6 Astra Pro,2026-10-06,conflicting,True,gb,20261006,colacan,红色圆柱罐体；上下浅银色边缘；白色卷曲/文字状印刷；金属样反光。,罐内是否有饮料、配方、材质和品牌认证不由图确认；反光不是固有白条纹。,
depthtrack_test,19,TEST019,cube02_indoor,00000001,supported,cup-like container,黑色短筒/杯状主体；可见近圆口缘或侧缘；表面有浅色矩形反光/纹理区。,杯口内部、把手、材质、品牌不清；不把线、镜框和椅子算进目标。,,"后续旋转可见不同底面或开口方向，仍只保留杯状/容器粗类别，不据暗色外形补具体材质和用途。
实际查看初始化图（协议框源帧0；底部无框上下文0、0、5、20）及九帧无标记概览，概览源帧号：0、477、954、1431、1908、2384、2861、3338、3815。概览477、954、1431、1908、2384、3338、3815可见黑色小容器在镜前摆动，镜中同步出现相似像；不是据此认定有两只独立容器。2861附近对应物体较小，细节有限。 未另外查看MP4内容；看过概览不等于播放过视频。未使用后续GT。 对应限制：镜像与实体需要按初始红框对应，摆动模糊时不建立逐帧框。",首帧红框是镜边悬挂的黑色短筒/杯状物，采用cup-like container粗标签；画面另有镜面成像，反射不自动表示第二只物理杯。 本条无原caption可比，仅为首帧图像支持的新描述提议。,0 | 477 | 954 | 1431 | 1908 | 2384 | 2861 | 3338 | 3815,coarse_only,GPT-6 Astra Pro,2026-10-06,conflicting,True,gb,20261006,cube,黑色短筒/杯状主体；可见近圆口缘或侧缘；表面有浅色矩形反光/纹理区。,杯口内部、把手、材质、品牌不清；不把线、镜框和椅子算进目标。,
depthtrack_test,20,TEST020,cube03_indoor,00000001,supported,die-shaped ornament,黑色立方体状；可见面有五个白色圆点；边缘柔和，表面略毛绒样。,具体填充材质、尺寸和品牌不可确认；圆点数字可随转面变化。,,"其他朝向点数、吸盘/悬挂部件主要由后续看到，不追加为首帧固定可见属性。
实际查看初始化图（协议框源帧0；底部无框上下文0、0、5、20）及九帧无标记概览，概览源帧号：0、76、152、228、304、381、457、533、609。概览152、228、304、381、457、533可见两个黑色白点骰子状吊饰随线转动；不同朝向显示1、3等点数，76只有局部吊饰进入画面，609快速移动。 视频仅另外查看9个抽帧，精确源帧：25、89、152、216、279、330、393、482、584。实际抽查源帧25、89、152、216、279、330、393、482、584：两只带白色点数的黑色绒面方骰状挂件随绳线移动、旋转，可见点面随姿态改变；部分帧两者重叠或靠近连接部件。只能支持同类挂件及可变点面，抽样间隔内未建立首帧所指单个挂件的完整身份链，不能按点数换面认定换了物体。 未完整播放MP4，未使用后续GT或补画后帧目标框。 对应限制：两只近似骰子互相交错；点数随朝向变化，不能用固定点数保证身份。",红框只指定靠左下的一颗黑色骰子状挂件；右上另有近同挂件。不能因两者都是五点面而合并身份。 本条无原caption可比，仅为首帧图像支持的新描述提议。,0 | 76 | 152 | 228 | 304 | 381 | 457 | 533 | 609,clear,GPT-6 Astra Pro,2026-10-06,conflicting,True,gb,20261006,cube,黑色立方体状；可见面有五个白色圆点；边缘柔和，表面略毛绒样。,具体填充材质、尺寸和品牌不可确认；圆点数字可随转面变化。,
depthtrack_test,21,TEST021,cube05_indoor,00000001,supported,numbered cube,浅棕色立方块；可见细纹；两个可见侧面有黑色数字4和3。,真实材质、背面数字、用途不可确认；数字面会随旋转变化，不能当每帧都可见。,,"后续露出的其他数字仅作为离线方位变化线索；不把某个朝向的数字视为永不变化的身份。
实际查看初始化图（协议框源帧0；底部无框上下文0、0、5、20）及九帧无标记概览，概览源帧号：0、372、744、1115、1487、1859、2230、2602、2974。概览372、744、1859、2230、2602可见编号立方体悬挂或摆动，1115和1487桌面编号块被重新摆放；2974有两块相近编号块，数字因转面改变。 未另外查看MP4内容；看过概览不等于播放过视频。未使用后续GT。 对应限制：两个近似编号块，位置会交换；仅凭间隔图片不能确定哪块在每段始终是原目标。",红框为台面靠右的数字立方块，左侧另有数字块；镜面或其他成像也不能算新的物理实例。 本条无原caption可比，仅为首帧图像支持的新描述提议。,0 | 372 | 744 | 1115 | 1487 | 1859 | 2230 | 2602 | 2974,clear,GPT-6 Astra Pro,2026-10-06,conflicting,True,gb,20261006,numbered cube,浅棕色立方块；可见细纹；两个可见侧面有黑色数字4和3。,真实材质、背面数字、用途不可确认；数字面会随旋转变化，不能当每帧都可见。,
depthtrack_test,22,TEST022,cup01_indoor,00000001,supported,cup,棕褐色宽口杯状容器；圆弧壁；一侧有短突出把手；表面有细纹。,是否木材、杯内青色小物的功能与杯的用途未确认；内容物不作为永久杯身属性。,,"后续看到杯中小件可被取出/倒出，说明首帧杯内蓝色物不是杯子永久属性；不根据动作推断所有内容物用途或材质。
实际查看初始化图（协议框源帧0；底部无框上下文0、0、5、20）及九帧无标记概览，概览源帧号：0、170、340、510、680、850、1020、1190、1360。概览170、340、510、680、850、1190、1360可见棕色带短把手容器被拿起、倾倒小物和重新放回；1020容器在画面左下边缘不能完整确认。 未另外查看MP4内容；看过概览不等于播放过视频。未使用后续GT。 对应限制：另一深色杯也存在；相似容器与临时装载内容需分开。",红框指定棕色杯体及其把手，不是后方长方包装盒；桌面另有深色杯。 本条无原caption可比，仅为首帧图像支持的新描述提议。,0 | 170 | 340 | 510 | 680 | 850 | 1020 | 1190 | 1360,clear,GPT-6 Astra Pro,2026-10-06,conflicting,True,gb,20261006,cup,棕褐色宽口杯状容器；圆弧壁；一侧有短突出把手；表面有细纹。,是否木材、杯内青色小物的功能与杯的用途未确认；内容物不作为永久杯身属性。,
depthtrack_test,23,TEST023,cup02_indoor,00000001,supported,cup,红色锥台杯体；浅色口沿与内壁；外壁可见竖向筋/细条纹；无可见把手。,材料、容量、内容物不能确认；首帧右侧位置不是永久身份特征。,,"后续倒置、交错移动是状态线索，不能把桌面方位或小球位置作为首帧稳定属性。
实际查看初始化图（协议框源帧0；底部无框上下文0、0、5、20）及九帧无标记概览，概览源帧号：0、220、439、659、878、1098、1318、1537、1757。概览220、439、659、878、1098、1318、1537、1757中三只红色白口杯被拿起、翻转并交换位置，杯下/旁有橙色小球。 视频仅另外查看9个抽帧，精确源帧：88、264、439、615、791、966、1142、1406、1669。实际抽帧可见三只近似的红色白口杯被反复拿起、换位和翻扣，橙色小球时而露出；另有黑色带浅色图案的杯子。源791、966、1142等帧显示杯口/杯底方向变化。仅凭这9个无标记抽帧无法逐段确认首帧所指右侧红杯的身份，不将杯子当前左右位置当作固定属性。 未完整播放MP4，未使用后续GT或补画后帧目标框。 对应限制：三只同款杯外观近似；无标注稀疏图无法恢复确定的物理实例轨迹，需连续视频。",红框指定桌面靠右的一只红杯，另外两只红杯几乎同外观；只有初始化框指定了实例。 本条无原caption可比，仅为首帧图像支持的新描述提议。,0 | 220 | 439 | 659 | 878 | 1098 | 1318 | 1537 | 1757,clear,GPT-6 Astra Pro,2026-10-06,conflicting,True,gb,20261006,cup,红色锥台杯体；浅色口沿与内壁；外壁可见竖向筋/细条纹；无可见把手。,材料、容量、内容物不能确认；首帧右侧位置不是永久身份特征。,
depthtrack_test,24,TEST024,cup04_indoor,00000001,uncertain,lens-shaped cylindrical object,黑色分段圆柱体；多圈防滑样纹理；上部细红圈和浅银色环；侧面有开关样小凸块。,首帧无法确定真相机镜头、镜头造型杯或其他筒体；看不清内部和底部，不确认品牌/焦段/功能。,,"后续上口形态倾向镜头造型容器的可能，但无足够细节确认是真镜头还是仿镜头杯；不回填首帧功能。
实际查看初始化图（协议框源帧0；底部无框上下文0、0、5、20）及九帧无标记概览，概览源帧号：0、279、558、838、1117、1396、1676、1955、2234。另对源帧0原始JPEG及初始化框周边放大面板进行复核（未改变亮度或颜色）。概览279、558、838、1396、1676、1955可见黑色带多道环纹的圆筒摆动，1955能看到上端暗色凹口；2234重新竖在桌上。1117目标不能在面板内明确确认。 视频仅另外查看9个抽帧，精确源帧：113、339、552、778、1004、1230、1456、1782、2121。抽帧中的黑色分段圆筒被细线悬挂摆动，表面有浅色细刻度/标记；源1004附近可看到暗色开口或凹面，仍不足以单凭这些全景预览区分真镜头、镜头造型容器或其他仿形物。保留首帧的镜头状圆筒粗标签与功能不确定性，不依据序列名确定杯子。 未完整播放MP4，未使用后续GT或补画后帧目标框。 对应限制：初始类别功能歧义保留，文字印标与仿真外形都不足以确认实际装置用途。",红框为桌面上的镜头造型筒体，不是整台相机。只给外观粗标签，避免将造型当功能。 本条无原caption可比，仅为首帧图像支持的新描述提议。,0 | 279 | 558 | 838 | 1117 | 1396 | 1676 | 1955 | 2234,coarse_only,GPT-6 Astra Pro,2026-10-06,conflicting,True,gb,20261006,camera lens-shaped cup,黑色分段圆柱体；多圈防滑样纹理；上部细红圈和浅银色环；侧面有开关样小凸块。,首帧无法确定真相机镜头、镜头造型杯或其他筒体；看不清内部和底部，不确认品牌/焦段/功能。,
depthtrack_test,25,TEST025,cup12_indoor,00000001,supported,cup,浅色杯状主体；深色/棕紫色图案；表面有明显亮部；上缘近椭圆。,小目标放大仍模糊，柄的完整形状、图案内容、材质和用途不可确认；光泽不能证明金属。,,"后续手持、转面与反光不作为首帧材质证据；不同杯的花纹不得相互转写。
实际查看初始化图（协议框源帧0；底部无框上下文0、0、5、20）及九帧无标记概览，概览源帧号：0、126、251、377、502、628、754、879、1005。概览126、251、377、628、879、1005显示人物交替操作两只浅色杯，一只带暗色图案；502和754部分杯子被放到身后/桌边或不能确认。 未另外查看MP4内容；看过概览不等于播放过视频。未使用后续GT。 对应限制：两杯摆动且模糊，不能凭颜色类似对每个间隔进行身份确认。",红框指定桌面几只杯子中带图案的浅色杯，不是人物另一手的粉色杯或旁边白/蓝杯。 本条无原caption可比，仅为首帧图像支持的新描述提议。,0 | 126 | 251 | 377 | 502 | 628 | 754 | 879 | 1005,coarse_only,GPT-6 Astra Pro,2026-10-06,conflicting,True,gb,20261006,cup,浅色杯状主体；深色/棕紫色图案；表面有明显亮部；上缘近椭圆。,小目标放大仍模糊，柄的完整形状、图案内容、材质和用途不可确认；光泽不能证明金属。,
depthtrack_test,26,TEST026,developmentboard_indoor,00000001,uncertain,small device,黑色长方底座；银灰色斜板状部件；上方有浅色圆柱/小组件。,首帧目标像素少，内部机械结构、动力来源、确切用途和材质不能确认。,,"后续支持带电发光的小型装置外观（蓝光及圆形结构），不能凭此确定是发动机、风扇或其他机械器材；首帧不加入蓝色发光状态。
实际查看初始化图（协议框源帧0；底部无框上下文0、0、5、20）及九帧无标记概览，概览源帧号：0、191、382、572、763、954、1144、1335、1526。另对源帧0原始JPEG及初始化框周边放大面板进行复核（未改变亮度或颜色）。首帧器物很小，概览191、382见其被手持及连接线；572、763、954可见蓝色亮区/圆形结构，1144、1335、1526放在桌面且可见线缆。 视频仅另外查看9个抽帧，精确源帧：76、227、378、530、681、845、996、1223、1450。源76至530可见人物手持细长黑色装置及连线；源681、845、996、1450更明显显示蓝色发光面/元件与黑色框架，另有红色光点。这支持后续观察为带发光部件的装置，但不能确定具体产品或工作原理；发光状态只记后续，不回填首帧属性。 未完整播放MP4，未使用后续GT或补画后帧目标框。 对应限制：用途和完整功能未能确认；不得按文件名补成特定设备。",首帧红框落在桌面小型底座装置，非后方长盒。只给small device粗类别；小尺寸像素不足以判断其机械或电子用途。 本条无原caption可比，仅为首帧图像支持的新描述提议。,0 | 191 | 382 | 572 | 763 | 954 | 1144 | 1335 | 1526,uncertain,GPT-6 Astra Pro,2026-10-06,conflicting,True,gb,20261006,developmentboard,黑色长方底座；银灰色斜板状部件；上方有浅色圆柱/小组件。,首帧目标像素少，内部机械结构、动力来源、确切用途和材质不能确认。,
depthtrack_test,27,TEST027,duck03_wild,00000001,supported,duck,棕褐色斑驳羽毛；水鸟状体型；可见头颈和宽嘴轮廓；翅背色较深。,具体物种、性别、年龄及唯一花纹不确认；水面倒影不属于羽毛属性。,,"后续侧身/背部斑纹用于辅助粗类别，不追加性别、种类亚型或独有个体标记。
实际查看初始化图（协议框源帧0；底部无框上下文0、0、5、20）及九帧无标记概览，概览源帧号：0、61、123、184、246、307、368、430、491。概览61、123、184、246、307、368、430、491均显示岸边与水面多只鸭及鸽，褐色鸭转身、低头，其他鸟在前景穿行。 未另外查看MP4内容；看过概览不等于播放过视频。未使用后续GT。 对应限制：同类鸭多，鸽遮挡且镜头间隔，不能对每帧原实例作真值关联。",红框指定近岸水中的棕色鸭，水面另有多只鸭；岸边鸽子与飞过的鸟不是目标。 本条无原caption可比，仅为首帧图像支持的新描述提议。,0 | 61 | 123 | 184 | 246 | 307 | 368 | 430 | 491,clear,GPT-6 Astra Pro,2026-10-06,conflicting,True,gb,20261006,duck,棕褐色斑驳羽毛；水鸟状体型；可见头颈和宽嘴轮廓；翅背色较深。,具体物种、性别、年龄及唯一花纹不确认；水面倒影不属于羽毛属性。,
depthtrack_test,28,TEST028,dumbbells01_indoor,00000001,uncertain,cap-like object,黑色主体；红色弧形内缘；上方有较大的开口/窄带样轮廓；下部宽而圆。,首帧较暗，开口、帽檐样部分与主体叠合；精确类别、材质、印字及功能未充分可辨。,,"后续画面更支持带帽檐的黑红帽子解释并可见白色文字；这些细节不回填首帧。
实际查看初始化图（协议框源帧0；底部无框上下文0、0、5、20）及九帧无标记概览，概览源帧号：0、132、264、396、528、659、791、923、1055。另对源帧0原始JPEG及初始化框周边放大面板进行复核（未改变亮度或颜色）。重新核对首帧红框：黑色柔性状主体、红色内缘及上方开口/窄带较明确，首帧昏暗，具体类别仍需保守。概览132、396、659可见黑色带红内缘的帽状物与白色印字，791、923转面。 视频仅另外查看9个抽帧，精确源帧：51、153、267、369、470、585、686、839、1004。抽帧源153、369、686等可见黑色物体外表的浅色印字、红色开口边和帽冠/帽檐样轮廓，支持后续的帽子样解释；源51等仍较暗。不能把后续照明变亮后才可见的字样和完整造型回填成首帧明确属性，暗部形状不足以单独确认为耳罩耳机。 未完整播放MP4，未使用后续GT或补画后帧目标框。 对应限制：首帧将开口窄带误看成耳机头梁的风险，保留帽状物粗标签与人工复核。",首帧红框指定手中黑红色物体，不包括人物和椅背。复查源帧0及按初始化框放大的像素，只能保守写cap-like object，避免把窄带和暗色主体过度细分。 本条无原caption可比，仅为首帧图像支持的新描述提议。,0 | 132 | 264 | 396 | 528 | 659 | 791 | 923 | 1055,coarse_only,GPT-6 Astra Pro,2026-10-06,conflicting,True,gb,20261006,dumbbell,黑色主体；红色弧形内缘；上方有较大的开口/窄带样轮廓；下部宽而圆。,首帧较暗，开口、帽檐样部分与主体叠合；精确类别、材质、印字及功能未充分可辨。,
depthtrack_test,29,TEST029,earphone01_indoor,00000001,supported,headphones,黑色弧形头带；两只厚耳罩；耳罩边缘有浅色细线/反光；内部软垫样轮廓。,无线/有线类型、型号、材质与音频功能状态不可确认。,,"后续佩戴状态支持耳机形态解释，不用于推断是否通电、是否无线或具体品牌。
实际查看初始化图（协议框源帧0；底部无框上下文0、0、5、20）及九帧无标记概览，概览源帧号：0、136、272、408、544、681、817、953、1089。概览272、408、544、681、817、953、1089可见完整的黑色耳罩式耳机，被展示、佩戴、取下；136快速摆动使轮廓模糊。 未另外查看MP4内容；看过概览不等于播放过视频。未使用后续GT。 对应限制：目标有真实双耳罩与头梁；手与人物不是耳机属性。",红框覆盖桌面整副黑色头戴式耳机，非单独一侧耳罩或旁边杯子。 本条无原caption可比，仅为首帧图像支持的新描述提议。,0 | 136 | 272 | 408 | 544 | 681 | 817 | 953 | 1089,clear,GPT-6 Astra Pro,2026-10-06,conflicting,True,gb,20261006,headphones,黑色弧形头带；两只厚耳罩；耳罩边缘有浅色细线/反光；内部软垫样轮廓。,无线/有线类型、型号、材质与音频功能状态不可确认。,
depthtrack_test,30,TEST030,file01_indoor,00000001,supported,file binder,白色狭长书脊；黑色圆形指孔；平直棱边；整体板状。,内部装订结构、标签文字和内容不可见；被手遮住的部分不补写。,,"后续宽封面、扣孔和侧面结构可见；不将后来出现的另一面标记作为首帧独有特征。
实际查看初始化图（协议框源帧0；底部无框上下文0、0、5、20）及九帧无标记概览，概览源帧号：0、203、407、610、814、1017、1220、1424、1627。概览203、407、814、1017、1220中白色档案夹被取出、翻转，610、1424、1627放回一排近似文件夹中。 未另外查看MP4内容；看过概览不等于播放过视频。未使用后续GT。 对应限制：一排同款白色夹；放回后仅凭间隔图不能保证重识别同一实例。",红框只指定书架中靠右一册白色文件夹；左侧排列多册同外观文件夹。指孔相对位置可作首帧线索，但不据此保证每个视角唯一。 本条无原caption可比，仅为首帧图像支持的新描述提议。,0 | 203 | 407 | 610 | 814 | 1017 | 1220 | 1424 | 1627,clear,GPT-6 Astra Pro,2026-10-06,conflicting,True,gb,20261006,folder,白色狭长书脊；黑色圆形指孔；平直棱边；整体板状。,内部装订结构、标签文字和内容不可见；被手遮住的部分不补写。,
depthtrack_test,31,TEST031,flag_indoor,00000001,supported,flag panel,白色长方形面；粗蓝色十字图形；平直边界。,纸、布或硬板材质及固定方式不清；不将背景菱形拼板列为目标花纹。,,"后续可见旗杆、挥动及柔性旗面；首帧未充分显示的附件不写成初始稳定属性。
实际查看初始化图（协议框源帧0；底部无框上下文0、0、5、20）及九帧无标记概览，概览源帧号：0、171、342、514、685、856、1028、1199、1370。概览171、342、514、685、856、1028、1199显示白底蓝十字旗被从墙附近取下、挥动后放回；1370又可见墙面旗状图案。 未另外查看MP4内容；看过概览不等于播放过视频。未使用后续GT。 对应限制：对象是旗面而非人物；图案不能用来推断持旗人的国籍或身份。",红框指定白底蓝十字旗面/旗状板，不是整组墙面装饰。描述图案而不推断持有者国籍。 本条无原caption可比，仅为首帧图像支持的新描述提议。,0 | 171 | 342 | 514 | 685 | 856 | 1028 | 1199 | 1370,clear,GPT-6 Astra Pro,2026-10-06,conflicting,True,gb,20261006,flag,白色长方形面；粗蓝色十字图形；平直边界。,纸、布或硬板材质及固定方式不清；不将背景菱形拼板列为目标花纹。,
depthtrack_test,32,TEST032,glass01_indoor,00000001,supported,drinking glass,透明高直筒杯；无可见把手；浅色椭圆口缘；较厚底缘及竖向反光。,不能确认具体材料或是否空杯；背景椅子竖条透过杯身，不当作杯身固有条纹。,,"后续装入浅色液体与饮用动作仅作多帧背景，不将牛奶等内容物类型或非空状态当首帧属性。
实际查看初始化图（协议框源帧0；底部无框上下文0、0、5、20）及九帧无标记概览，概览源帧号：0、279、558、837、1116、1395、1674、1953、2232。概览279、558可见透明高杯；837向杯内倒入浅色液体，1116、1395、1674杯中浅色内容明显，1953被举到口边，2232又近透明。 未另外查看MP4内容；看过概览不等于播放过视频。未使用后续GT。 对应限制：透明杯后的椅背条纹不是杯身纹理；盒装物与杯子是不同对象。",红框为桌面透明长杯，左侧另有深色杯，后方长盒不属于目标。 本条无原caption可比，仅为首帧图像支持的新描述提议。,0 | 279 | 558 | 837 | 1116 | 1395 | 1674 | 1953 | 2232,clear,GPT-6 Astra Pro,2026-10-06,conflicting,True,gb,20261006,glass,透明高直筒杯；无可见把手；浅色椭圆口缘；较厚底缘及竖向反光。,不能确认具体材料或是否空杯；背景椅子竖条透过杯身，不当作杯身固有条纹。,
depthtrack_test,33,TEST033,hand01_indoor,00000001,supported,hand,裸露手掌及五指；未见手套或手持物；可见掌指轮廓。,左右手归属、个体身份、年龄/族裔等不推断；张开姿态不是永久属性；皮肤颜色受光照影响。,,"后续手势和交叉只反映状态变化，不推断左右手的完整身份链，不加入首帧不可见饰物。
实际查看初始化图（协议框源帧0；底部无框上下文0、0、5、20）及九帧无标记概览，概览源帧号：0、153、306、458、611、764、916、1069、1222。概览153、306、458、611、764、916、1069可见两只手交替张开、交叉和接近，1222双手垂下。 未另外查看MP4内容；看过概览不等于播放过视频。未使用后续GT。 对应限制：跟踪目标是初始红框中的那只手而不是整个人；两手交叉期间仅凭概览不能消歧。",红框只指定伸出的手，不是整个人或手臂；首帧人物另一只手也可见。 本条无原caption可比，仅为首帧图像支持的新描述提议。,0 | 153 | 306 | 458 | 611 | 764 | 916 | 1069 | 1222,clear,GPT-6 Astra Pro,2026-10-06,conflicting,True,gb,20261006,hand,裸露手掌及五指；未见手套或手持物；可见掌指轮廓。,左右手归属、个体身份、年龄/族裔等不推断；张开姿态不是永久属性；皮肤颜色受光照影响。,
depthtrack_test,34,TEST034,human02_indoor,00000001,supported,person,白色短袖上衣；黑色短发；深色框眼镜；可见手腕深色带。,下半身在首帧画边截断；不以稍后裤鞋信息补首帧属性，不识别人名/族裔。,,"外套、帽子及后续才露出的完整裤装属于后续状态，不能充当首帧已知稳定身份；人物姓名等不识别。
实际查看初始化图（协议框源帧0；底部无框上下文0、0、5、20）及九帧无标记概览，概览源帧号：0、217、435、652、870、1087、1304、1522、1739。概览217可见白衣人物穿上蓝色外套，435出现另一人物；652、870、1087、1304、1522可见取下/换穿外套与帽子，1739重新以白短袖示人。 未另外查看MP4内容；看过概览不等于播放过视频。未使用后续GT。 对应限制：衣物可变且与另一人物交换/邻近，不能仅凭衣服颜色保持身份。",红框指定前景人物的可见身体，不是仅上衣。只记录首帧可观察外观，不推断真实身份。 本条无原caption可比，仅为首帧图像支持的新描述提议。,0 | 217 | 435 | 652 | 870 | 1087 | 1304 | 1522 | 1739,clear,GPT-6 Astra Pro,2026-10-06,conflicting,True,gb,20261006,person,白色短袖上衣；黑色短发；深色框眼镜；可见手腕深色带。,下半身在首帧画边截断；不以稍后裤鞋信息补首帧属性，不识别人名/族裔。,
depthtrack_test,35,TEST035,lock02_indoor,00000001,supported,padlock,金黄/黄铜色矩形锁身；银灰U形锁梁；平整正面有反光。,锁的品牌、材质、内部结构、是否锁定不能确认；手和悬线不属于锁身。,,"后续正面、侧面及带子/钥匙附近关系可辅助形态判断，不能据此确定合金材质、锁芯或功能状态。
实际查看初始化图（协议框源帧0；底部无框上下文0、0、5、20）及九帧无标记概览，概览源帧号：0、65、130、195、260、325、390、455、520。概览65、130、195、260、325、390、455、520显示金色矩形锁体和银色U形弓在桌面、悬挂和手中交替出现；一些朝向仅露窄侧面。 未另外查看MP4内容；看过概览不等于播放过视频。未使用后续GT。 对应限制：旋转时厚度/外观变化，桌面其他钥匙状小物不是目标组成。",红框完整覆盖悬挂的小挂锁，不是桌面钥匙。颜色按首帧观测记录，不把黄铜色当材质鉴定。 本条无原caption可比，仅为首帧图像支持的新描述提议。,0 | 65 | 130 | 195 | 260 | 325 | 390 | 455 | 520,clear,GPT-6 Astra Pro,2026-10-06,conflicting,True,gb,20261006,lock,金黄/黄铜色矩形锁身；银灰U形锁梁；平整正面有反光。,锁的品牌、材质、内部结构、是否锁定不能确认；手和悬线不属于锁身。,
depthtrack_test,36,TEST036,mobilephone03_indoor,00000001,supported,phone-like device,黑色薄长方主体；斜侧视可见细边框；侧边有浅色亮线及小标记/按键样部位。,首帧主要露出侧边，屏幕内容、背面、品牌、型号及具体设备类型无法确认。,,"后续屏幕发亮和显示内容支持手机式显示设备的解释，不回填首帧屏幕内容、品牌或工作状态。
实际查看初始化图（协议框源帧0；底部无框上下文0、0、5、20）及九帧无标记概览，概览源帧号：0、84、169、254、338、422、507、592、676。另对源帧0原始JPEG及初始化框周边放大面板进行复核（未改变亮度或颜色）。概览169、254、338、507可见黑色扁平设备的亮屏；422、592、676转为斜视/侧视或握在手中。84另一个人的手经过桌面平板状物。 未另外查看MP4内容；看过概览不等于播放过视频。未使用后续GT。 对应限制：桌面有相似扁平设备；手遮挡和转面时不据后续亮屏直接重写首帧细分类。",红框指定手中的薄黑色设备，不是整条手臂。桌面还有另一台平板状/手机状物体，以框限定目标。 本条无原caption可比，仅为首帧图像支持的新描述提议。,0 | 84 | 169 | 254 | 338 | 422 | 507 | 592 | 676,coarse_only,GPT-6 Astra Pro,2026-10-06,conflicting,True,gb,20261006,mobilephone,黑色薄长方主体；斜侧视可见细边框；侧边有浅色亮线及小标记/按键样部位。,首帧主要露出侧边，屏幕内容、背面、品牌、型号及具体设备类型无法确认。,
depthtrack_test,37,TEST037,notebook01_indoor,00000001,supported,notebook-like object,黑色矩形封面；浅色薄页边样侧缘；近一侧有竖向弹力带样线；顶部有短突出带。,真实封皮材料、内页、用途和品牌不明；不把上衣文字或白线作为本体图案。,,"后续悬挂摆动及厚度视角只能作辅助，仍不能凭系列名称断定电子设备；首帧笔记本状标签维持粗粒度。
实际查看初始化图（协议框源帧0；底部无框上下文0、0、5、20）及九帧无标记概览，概览源帧号：0、250、500、750、1000、1249、1499、1749、1999。另对源帧0原始JPEG及初始化框周边放大面板进行复核（未改变亮度或颜色）。概览250、500、750、1000、1249、1499、1749、1999中黑色矩形物在线下摆动并转为薄侧面，快运动时只见模糊轮廓；未看到可靠的显示屏界面。 视频仅另外查看9个抽帧，精确源帧：101、302、503、704、905、1094、1295、1597、1898。抽帧中的黑色薄矩形物通过细线摆动、翻面；源101、503、1094等可见黑色面与浅色侧边，未呈现打开后的内页或可确定的功能细节。支持首帧的黑色本册样粗描述，不能由快速摆动推断内部内容、品牌或材质。 未完整播放MP4，未使用后续GT或补画后帧目标框。 对应限制：黑色矩形物可与椅背相融，侧面和被裁切阶段不强判内容或材质。",红框指定胸前悬挂的黑色本册状物，封面和浅色边缘支持notebook-like粗描述；没有看到内页，不把黑色平面自动视为显示屏。 本条无原caption可比，仅为首帧图像支持的新描述提议。,0 | 250 | 500 | 750 | 1000 | 1249 | 1499 | 1749 | 1999,coarse_only,GPT-6 Astra Pro,2026-10-06,conflicting,True,gb,20261006,notebook,黑色矩形封面；浅色薄页边样侧缘；近一侧有竖向弹力带样线；顶部有短突出带。,真实封皮材料、内页、用途和品牌不明；不把上衣文字或白线作为本体图案。,
depthtrack_test,38,TEST038,pigeon01_wild,00000001,supported,pigeon-like bird,深灰小鸟；圆躯干；较深头颈；可见细腿与短嘴样轮廓。,首帧很小且模糊，精确物种、个体花纹、年龄性别不可确认。,,"后续近景可见不同鸟的翅纹，但无法可靠归属到首帧指定的小鸟，因此不补入其稳定属性。
实际查看初始化图（协议框源帧0；底部无框上下文0、0、5、20）及九帧无标记概览，概览源帧号：0、83、167、250、334、417、500、584、667。概览83、167、250、334、417、500、584、667中林间小路多只灰鸽状鸟和一只褐色鸭状鸟混行，镜头位置持续改变。首帧目标小，缺乏可跨帧唯一确认的个体标记。 视频仅另外查看9个抽帧，精确源帧：38、103、167、231、295、372、436、539、629。9个额外抽帧均显示多只灰黑鸽形鸟与棕色鸭形鸟混行，镜头方向及鸟群位置持续改变。后续近景可见部分鸽子的灰色翼面、黑色翼纹及颈部反光，但不能将这些特定鸟的细节一律赋给首帧指定的小鸟，也无法靠稀疏抽样确认其全程身份。 未完整播放MP4，未使用后续GT或补画后帧目标框。 对应限制：密集同类小鸟；不可将后来最近的一只鸟默认为原目标。",红框是小路中央偏前的一只深灰鸟；周围有多只同类鸟，只支持鸽样鸟的粗类别。 本条无原caption可比，仅为首帧图像支持的新描述提议。,0 | 83 | 167 | 250 | 334 | 417 | 500 | 584 | 667,coarse_only,GPT-6 Astra Pro,2026-10-06,conflicting,True,gb,20261006,pigeon,深灰小鸟；圆躯干；较深头颈；可见细腿与短嘴样轮廓。,首帧很小且模糊，精确物种、个体花纹、年龄性别不可确认。,
depthtrack_test,39,TEST039,pigeon02_wild,00000001,supported,pigeon-like bird,灰黑躯体；相对较深的胸颈；略浅翅面；细腿轮廓。,头部及羽毛细纹模糊，不能确认物种细分、年龄性别或唯一身份标记。,,"后续其他鸟的近景羽色和斑纹不作为首帧目标属性；未依据位置重建GT轨迹。
实际查看初始化图（协议框源帧0；底部无框上下文0、0、5、20）及九帧无标记概览，概览源帧号：0、38、76、113、151、189、226、264、302。概览38、76、113、151、189、226、264、302显示多只相似灰黑鸽状鸟在树根附近散开，部分画面运动模糊。 视频仅另外查看9个抽帧，精确源帧：13、39、79、105、131、171、197、236、289。源13、39等显示密集鸽群，后续源79至289镜头绕树移动，数只深浅不同的鸽形鸟反复改变相对位置。单只初始目标的连续对应未建立；没有利用树旁固定位置、其他鸟的颈部颜色或后续靠近镜头的鸟补写首帧属性。 未完整播放MP4，未使用后续GT或补画后帧目标框。 对应限制：首帧目标位于鸟群中，移动及遮挡后身份对应不足。",红框指定群鸟后方的一只灰黑鸟，不是最靠前的大灰鸽或左侧棕色鸭；后续需保留对应不确定。 本条无原caption可比，仅为首帧图像支持的新描述提议。,0 | 38 | 76 | 113 | 151 | 189 | 226 | 264 | 302,coarse_only,GPT-6 Astra Pro,2026-10-06,conflicting,True,gb,20261006,pigeon,灰黑躯体；相对较深的胸颈；略浅翅面；细腿轮廓。,头部及羽毛细纹模糊，不能确认物种细分、年龄性别或唯一身份标记。,
depthtrack_test,40,TEST040,pigeon04_wild,00000001,supported,pigeon-like bird,近黑色鸟体；狭长折叠翅/尾轮廓；可见细腿；整体羽色较暗。,首帧目标与后方水鸟及前景鸽子重叠，头部细节不全；不确认精确物种、性别和唯一身份。,,"后续鸭的橙色喙/脚和褐色纹理绝不追加给首帧鸽状目标。
实际查看初始化图（协议框源帧0；底部无框上下文0、0、5、20）及九帧无标记概览，概览源帧号：0、18、36、53、71、89、106、124、142。概览18、36、53、71、89有多个鸽状鸟沿岸移动，106、124、142画面中心为褐色鸭状鸟近景。后面那只鸭与初始化红框的深色鸽状目标不是可直接继承的同一类别证据。 视频仅另外查看6个抽帧，精确源帧：0、28、57、85、114、142。本段预览较短，本次实际查看6个唯一抽帧，源0、28、57、85、114、142。早段岸边有数只深灰鸽形鸟，水中另有鸭形鸟；镜头随后转向近处棕色鸭形鸟。最后的鸭子近景不等同于首帧红框的深色鸟，不能据此把首帧类别改为duck或确认持续同一实例。 未完整播放MP4，未使用后续GT或补画后帧目标框。 对应限制：相机最终指向别的鸟；无未来GT标记，不据居中对象或镜头方向判定原目标。",红框主要指定岸边中间深色鸟，不是最前景灰色大鸟，也不将后面水中鸭的羽纹加入。 本条无原caption可比，仅为首帧图像支持的新描述提议。,0 | 18 | 36 | 53 | 71 | 89 | 106 | 124 | 142,coarse_only,GPT-6 Astra Pro,2026-10-06,conflicting,True,gb,20261006,pigeon,近黑色鸟体；狭长折叠翅/尾轮廓；可见细腿；整体羽色较暗。,首帧目标与后方水鸟及前景鸽子重叠，头部细节不全；不确认精确物种、性别和唯一身份。,
depthtrack_test,41,TEST041,pot_indoor,00000001,uncertain,dark hanging object,近黑色；上窄下宽或多边形轮廓；表面只能见少量暗纹/亮点。,首帧极暗，无法确认是罩体、袋、帽或其他物体；红色悬线不是目标主体；用途材质未知。,,"没有从后续获得可可靠确认的用途或材质，未据轮廓变化指定灯罩、袋子或其他类别。
实际查看初始化图（协议框源帧0；底部无框上下文0、0、5、20）及九帧无标记概览，概览源帧号：0、132、264、396、528、659、791、923、1055。另对源帧0原始JPEG及初始化框周边放大面板进行复核（未改变亮度或颜色）。概览132、264、396、528、659中红线下暗色物体旋转，正面有时近圆形、有时呈层状/棱状；791、923、1055不能充分辨认其外形。整体曝光很低。 视频仅另外查看9个抽帧，精确源帧：51、153、267、369、470、585、686、839、1004。9个额外抽帧仍处于极暗环境，黑色悬挂物随线摆动；源153、585、839相对可见圆弧/多边形轮廓、斜肩及底部，但功能部件和材质不能辨认。部分位置与黑色背景融为一体，不能将看不清解释成明确缺失。此次补充没有解除首帧类别不确定性。 未完整播放MP4，未使用后续GT或补画后帧目标框。 对应限制：极暗与运动轮廓歧义；需要更充分原始影像人工复核。",红框是红线下的深色悬挂物，非后方猫或沙发。只提供可见轮廓，不根据后续画面或名称补写首帧类别。 本条无原caption可比，仅为首帧图像支持的新描述提议。,0 | 132 | 264 | 396 | 528 | 659 | 791 | 923 | 1055,uncertain,GPT-6 Astra Pro,2026-10-06,conflicting,True,gb,20261006,pot,近黑色；上窄下宽或多边形轮廓；表面只能见少量暗纹/亮点。,首帧极暗，无法确认是罩体、袋、帽或其他物体；红色悬线不是目标主体；用途材质未知。,
depthtrack_test,42,TEST042,roller_indoor,00000001,uncertain,dark object,黑色近圆主体；两侧有短横向突起；低亮度剪影。,内部、边缘厚度、材质和功能均不清；不能确定锅、轮或其他物体。,,"后续多方向形状仅支持复杂暗色物体，尚不足以认定玩具、风扇、盘或其他用途；不转写后续纹理到首帧。
实际查看初始化图（协议框源帧0；底部无框上下文0、0、5、20）及九帧无标记概览，概览源帧号：0、106、212、318、424、531、637、743、849。另对源帧0原始JPEG及初始化框周边放大面板进行复核（未改变亮度或颜色）。概览106见暗色十字状/交叉轮廓，212、424近圆形并有突出部，637近镜头时出现局部浅色条带；318、531、743、849缺少清楚对象细节。 视频仅另外查看9个抽帧，精确源帧：38、127、215、291、380、469、558、684、811。9个额外抽帧中物体时而呈圆盘样，源215呈十字/突起结构，源380可见近圆深色面，源684近景也欠曝光。正侧面投影差异明显，无法判定是灯具、支架、玩具或其他具体器件；保留粗类别及未观察部位，不以轮廓变化构造精确类别。 未完整播放MP4，未使用后续GT或补画后帧目标框。 对应限制：极暗且快速转面，类别保持object。",红框指定墙前悬挂的黑色圆形带侧突起物，不是下方猫或背景影子；保留object及功能未知。 本条无原caption可比，仅为首帧图像支持的新描述提议。,0 | 106 | 212 | 318 | 424 | 531 | 637 | 743 | 849,uncertain,GPT-6 Astra Pro,2026-10-06,conflicting,True,gb,20261006,roller,黑色近圆主体；两侧有短横向突起；低亮度剪影。,内部、边缘厚度、材质和功能均不清；不能确定锅、轮或其他物体。,
depthtrack_test,43,TEST043,shoes02_indoor,00000001,supported,shoe,黑色低帮鞋；黑色鞋带；圆鞋头；鞋面拼接线；深色较厚鞋底。,品牌、材质、左右脚归属和尺码不确认；黑袜与小腿不属于鞋。,,"后续鞋底、鞋跟、穿脱动作可辅助类别，但袜子、腿和另一鞋不属于原目标固定属性。
实际查看初始化图（协议框源帧0；底部无框上下文0、0、5、20）及九帧无标记概览，概览源帧号：0、164、329、494、658、822、987、1152、1316。概览164、329可见两只黑鞋移动；494一只鞋脱下在地上，658手持鞋，822、987穿脱操作，1152和1316重新站立。 未另外查看MP4内容；看过概览不等于播放过视频。未使用后续GT。 对应限制：成对鞋近似，脱下/拿起过程中目标左右方位改变，不凭后续站位确认同一只。",红框仅指定首帧画面左侧一只黑鞋，另一脚有相似黑鞋。转身或交叉后不能靠左右位置固定身份。 本条无原caption可比，仅为首帧图像支持的新描述提议。,0 | 164 | 329 | 494 | 658 | 822 | 987 | 1152 | 1316,clear,GPT-6 Astra Pro,2026-10-06,conflicting,True,gb,20261006,shoe,黑色低帮鞋；黑色鞋带；圆鞋头；鞋面拼接线；深色较厚鞋底。,品牌、材质、左右脚归属和尺码不确认；黑袜与小腿不属于鞋。,
depthtrack_test,44,TEST044,squirrel_wild,00000001,supported,small animal,棕红色小型动物样躯体；细肢和较长蓬松尾样部分；首帧整体存在拖影。,严重运动模糊，头部、精确物种、毛纹、年龄和性别不确认；不借文件名直接写松鼠真值。,,"后续较清楚画面显示更完整的蓬松长尾与松鼠样体型；首帧仅有拖影和尾样轮廓，不把后续细类别当首帧已经确证；不补具体物种、年龄或性别。
实际查看初始化图（协议框源帧0；底部无框上下文0、0、5、20）及九帧无标记概览，概览源帧号：0、126、252、378、504、631、757、883、1009。另对源帧0原始JPEG及初始化框周边放大面板进行复核（未改变亮度或颜色）。首帧棕色小动物运动模糊。概览252、504、631、757、883可见棕色四足小动物和较大蓬松尾，整体更支持松鼠状动物；126、378、1009主要可见地面/其他鸟。 视频仅另外查看9个抽帧，精确源帧：50、151、252、353、454、555、656、807、959。源50、151、252、353、656、959可见棕橙色小动物及较大的蓬松尾部，外观支持后续为松鼠样动物；源454主要为林下背景、源807为鸟群/地面，不能保证每格均出现首帧实例。首帧仍保持模糊小动物的粗标签，长尾与更细类别只作为后续信息。 未完整播放MP4，未使用后续GT或补画后帧目标框。 对应限制：原目标小且模糊，后续鸟类不是同一目标；细分类可人工复核。",红框落在路面一只棕红色小动物，外形与尾部可作粗描述；首帧不足以可靠给更细类别。 本条无原caption可比，仅为首帧图像支持的新描述提议。,0 | 126 | 252 | 378 | 504 | 631 | 757 | 883 | 1009,coarse_only,GPT-6 Astra Pro,2026-10-06,conflicting,True,gb,20261006,squirrel,棕红色小型动物样躯体；细肢和较长蓬松尾样部分；首帧整体存在拖影。,严重运动模糊，头部、精确物种、毛纹、年龄和性别不确认；不借文件名直接写松鼠真值。,
depthtrack_test,45,TEST045,stick_indoor,00000001,supported,handheld object with clamp,蓝青色长条握柄样主体；一端有较宽夹具/叉状凸起；局部有浅色嵌件与边缘。,首帧无法充分确认具体用途、是否可伸缩、品牌或材料；手、袖子不属于目标。,,"后续伸缩长杆与顶部夹具支持伸缩支架/自拍杆式物体的可能，但未实际见手机固定或拍摄；首帧不加入展开长度和功能。
实际查看初始化图（协议框源帧0；底部无框上下文0、0、5、20）及九帧无标记概览，概览源帧号：0、113、226、338、451、564、676、789、902。另对源帧0原始JPEG及初始化框周边放大面板进行复核（未改变亮度或颜色）。重新核对首帧可见蓝色长握柄、末端浅色嵌件及一端夹具/叉状结构，仅能确定带夹具的手持结构。概览113、226观察折叠形态，338、451明显伸出长银色杆，564、676、789重新折叠/转动。 视频仅另外查看9个抽帧，精确源帧：51、140、229、318、407、495、584、724、851。源140显示蓝色柄端的夹持结构，源407、495明确呈伸长的银色杆及两端连接部件，随后又缩短、转动和放到桌上。后续形态支持可伸缩持物支架/自拍杆样解释，但首帧未证明伸缩功能、连接协议或手机配件用途，相关细节单独记录。 未完整播放MP4，未使用后续GT或补画后帧目标框。 对应限制：首帧功能需保守；从原图已有结构出发使用带夹具的手持物粗标签。",首帧红框是手持蓝色长柄带夹具样物体。只按可见结构提供粗标签，不从后续展开形态推定首帧已经知道自拍杆或其他工具功能。 本条无原caption可比，仅为首帧图像支持的新描述提议。,0 | 113 | 226 | 338 | 451 | 564 | 676 | 789 | 902,coarse_only,GPT-6 Astra Pro,2026-10-06,conflicting,True,gb,20261006,stick,蓝青色长条握柄样主体；一端有较宽夹具/叉状凸起；局部有浅色嵌件与边缘。,首帧无法充分确认具体用途、是否可伸缩、品牌或材料；手、袖子不属于目标。,
depthtrack_test,46,TEST046,toiletpaper01_indoor,00000001,supported,paper roll,白色圆柱卷层；侧面有圆形中空孔；外缘略层叠。,用途、纸纤维和品牌不可确认；镜面反射及下方另一成像不自动表示另一实体卷。,,"后续多朝向显示筒芯孔、外缘纸片和反光变化，桌面大纸卷压花不应转给悬挂目标。
实际查看初始化图（协议框源帧0；底部无框上下文0、0、5、20）及九帧无标记概览，概览源帧号：0、200、400、600、800、999、1199、1399、1599。概览400、600、800、999、1199、1399、1599中较小白色纸卷在细线下摆动，镜中出现对应像；桌前另有两卷较大的白纸。200目标在面板内不易确认。 视频仅另外查看9个抽帧，精确源帧：76、239、403、554、718、881、1045、1284、1523。9个抽帧显示悬挂白色纸卷翻转、摆动，源76、718、881等可见圆形卷芯孔；桌上另有白纸卷，镜内也可能出现对应反射。只将悬挂实物作为初始参照，不把桌上纸卷或镜像自动认成同一位置的目标，也不对抽样间的完整轨迹作保证。 未完整播放MP4，未使用后续GT或补画后帧目标框。 对应限制：真实纸卷与镜像分开；同色桌面纸卷是竞争对象，不能只按白色圆形判断原实例。",红框指定悬挂的白纸卷，非桌上两只纸卷或镜中较小成像。首帧明确存在其他同类实体，反射需分开。 本条无原caption可比，仅为首帧图像支持的新描述提议。,0 | 200 | 400 | 600 | 800 | 999 | 1199 | 1399 | 1599,clear,GPT-6 Astra Pro,2026-10-06,conflicting,True,gb,20261006,toiletpaper,白色圆柱卷层；侧面有圆形中空孔；外缘略层叠。,用途、纸纤维和品牌不可确认；镜面反射及下方另一成像不自动表示另一实体卷。,
depthtrack_test,47,TEST047,toy02_indoor,00000001,supported,figurine,棕橙色卡通人形/生物造型；大鼻/耳样凸起；浅色嘴部；深色短裤样部位；厚大足部。,角色名称、具体材质、品牌和用途不可确认；身后蓝杯不属于造型头部。,,"后续灯光照亮形成的高光不是摆件自发光；不同朝向露出的部件仅作离线辅助。
实际查看初始化图（协议框源帧0；底部无框上下文0、0、5、20）及九帧无标记概览，概览源帧号：0、142、285、427、570、712、854、997、1139。概览142、285、427、570、712、854、997、1139可见褐橙色卡通小摆件被拿起和转动；570至854被另一手持灯照亮。 未另外查看MP4内容；看过概览不等于播放过视频。未使用后续GT。 对应限制：蓝色杯位于后方，不能当成摆件帽子；不识别具体作品角色。",红框是桌面站立的棕色小摆件，形态支持figurine；不将旁边杯子和书写进属性。 本条无原caption可比，仅为首帧图像支持的新描述提议。,0 | 142 | 285 | 427 | 570 | 712 | 854 | 997 | 1139,clear,GPT-6 Astra Pro,2026-10-06,conflicting,True,gb,20261006,toy,棕橙色卡通人形/生物造型；大鼻/耳样凸起；浅色嘴部；深色短裤样部位；厚大足部。,角色名称、具体材质、品牌和用途不可确认；身后蓝杯不属于造型头部。,
depthtrack_test,48,TEST048,toy09_indoor,00000001,supported,bird figurine,白色鸟形小摆件；浅黄嘴样部位；细长上部与较宽腹部；有浅灰横带/细纹。,手遮住下半部；具体鸟种、是否某卡通角色、材质和品牌不确定。,,"后续近景露出黄色脚、额外胸前印字及较完整鸟形，不补到首帧不可见部位。
实际查看初始化图（协议框源帧0；底部无框上下文0、0、5、20）及九帧无标记概览，概览源帧号：0、168、336、504、672、839、1007、1175、1343。另对源帧0原始JPEG及初始化框周边放大面板进行复核（未改变亮度或颜色）。概览336、504、672、839、1007、1343可见白色黄喙/黄脚鸟形摆件，与灰色长帽须状摆件并置或交替手持；168模糊、1175遮挡且转身。 视频仅另外查看9个抽帧，精确源帧：63、201、339、464、602、741、879、1079、1280。额外抽帧可见白色腹面、深色背面、黄色喙/脚的鸟形小摆件与另一件灰色长帽状摆件被轮流移动，源63、339、602、879、1280等可分辨两者不同外观；源464运动模糊。后续背面和脚部线索分开记录，不将另一件摆件的毛束、尖帽或人的白衣赋给目标；稀疏抽样不替代全程身份轨迹。 未完整播放MP4，未使用后续GT或补画后帧目标框。 对应限制：两件摆件不等同；后方/另一手的灰色长帽与胡须不属于白色鸟形目标。",红框仅指定白色鸟形摆件，另一只手拿灰色长帽状造型；不将灰色对象或持物人的特征并入目标。 本条无原caption可比，仅为首帧图像支持的新描述提议。,0 | 168 | 336 | 504 | 672 | 839 | 1007 | 1175 | 1343,coarse_only,GPT-6 Astra Pro,2026-10-06,conflicting,True,gb,20261006,bird figurine,白色鸟形小摆件；浅黄嘴样部位；细长上部与较宽腹部；有浅灰横带/细纹。,手遮住下半部；具体鸟种、是否某卡通角色、材质和品牌不确定。,
depthtrack_test,49,TEST049,ukulele01_indoor,00000001,supported,small stringed instrument,棕色小型吉他状共鸣箱；收腰曲线；细长带品格琴颈；深色圆孔；浅色琴桥与弦线。,精确弦数、型号、木材与品牌不确认；手握处遮挡一部分琴颈。,,"后续拿取和演奏样动作辅助乐器粗类别；不据序列名确定尤克里里、精确弦数或木料。
实际查看初始化图（协议框源帧0；底部无框上下文0、0、5、20）及九帧无标记概览，概览源帧号：0、202、403、604、806、1008、1209、1410、1612。概览403、604可见棕色小弦乐器的背面/正面；202和1008主要被人物或笔记本遮住，806、1209、1410局部琴颈仍可见。 未另外查看MP4内容；看过概览不等于播放过视频。未使用后续GT。 对应限制：前景蓝色长筒、钟楼图案盒、笔记本都不是目标；遮挡时不能用它们补身份。",红框指定手持小型弦乐器，外形近尤克里里；采用small stringed instrument避免从名称倒推精确类别。 本条无原caption可比，仅为首帧图像支持的新描述提议。,0 | 202 | 403 | 604 | 806 | 1008 | 1209 | 1410 | 1612,clear,GPT-6 Astra Pro,2026-10-06,conflicting,True,gb,20261006,ukulele,棕色小型吉他状共鸣箱；收腰曲线；细长带品格琴颈；深色圆孔；浅色琴桥与弦线。,精确弦数、型号、木材与品牌不确认；手握处遮挡一部分琴颈。,
depthtrack_test,50,TEST050,yogurt_indoor,00000001,supported,lidded tub,浅色矮圆杯/盒体；略收窄底部；上方红白印刷封盖状面；侧边有深色小字。,包装内容物、食品种类、品牌、材料、是否已开封不可确认；左侧手中的白色小容器不属于该目标。,,"后续开盖和勺取动作、可能的浅色内容物属于离线观察；不能由此将首帧包装内物确定为酸奶或特定食品。
实际查看初始化图（协议框源帧0；底部无框上下文0、0、5、20）及九帧无标记概览，概览源帧号：0、202、403、605、806、1008、1210、1411、1613。概览202、403、605、806、1008、1210、1411、1613可见白色矮盒/杯被拿起、掀盖并用勺操作；黑色饮杯是另一物体。 未另外查看MP4内容；看过概览不等于播放过视频。未使用后续GT。 对应限制：首帧只描述有盖包装容器，后续食用样动作不能替代产品/成分证据。",红框指定桌面中央矮圆封装容器。仅凭包装外观不能断言酸奶或具体食品；旁边其他杯/容器为可能干扰。 本条无原caption可比，仅为首帧图像支持的新描述提议。,0 | 202 | 403 | 605 | 806 | 1008 | 1210 | 1411 | 1613,coarse_only,GPT-6 Astra Pro,2026-10-06,conflicting,True,gb,20261006,Yogurt container,浅色矮圆杯/盒体；略收窄底部；上方红白印刷封盖状面；侧边有深色小字。,包装内容物、食品种类、品牌、材料、是否已开封不可确认；左侧手中的白色小容器不属于该目标。,
cdtb,1,066ef5ff4bab81fea0264fef4233dedc84dbadddbe18e0f84833596cc465e5be,XMG_outside,00000001,corrected,box,dark rectangular box; yellow-green XMG lettering; broad flat printed face,exact material; package contents,,代表帧可辅助看出该物体被举起、转面；不把后续露出的侧面细节写入首帧属性。,首帧红框覆盖人物胸前整件深色长方形盒状物，不是仅覆盖字母。放大图已有黄绿色XMG字样；原text把表面文字误作目标类别，yellow应限于字样而非整个物体。,,,GPT-6 Astra Pro,2026-10-02,conflicting,True,gb,initial,box,dark rectangular box; yellow-green XMG lettering; broad flat printed face,exact material; package contents,
cdtb,2,9cf884baa8e29ae5dbdbbe5913b82620ec1f2e88fc1d438f87c23e1a8765bd4b,backpack_blue,00000001,corrected,backpack,dark upper panel; blue-grey front panel; light-colored loops and straps; vertical light-colored marking,water resistance; exact textile; number of zippers; brand text,,代表帧中可见提起和转动包体，辅助确认独立背包轮廓；不据此补入首帧看不清的背带细节。,首帧红框内为有分区袋面和织带环的背包，深色上部与蓝灰色前面可见。原类别保留；防水性能无法由图像确认，多拉链数量也未看清，故删除这些确定性断言。,,,GPT-6 Astra Pro,2026-10-02,conflicting,True,gb,initial,backpack,dark upper panel; blue-grey front panel; light-colored loops and straps; vertical light-colored marking,water resistance; exact textile; number of zippers; brand text,
cdtb,3,d2e7097ccbba1ba8294c1479e9ef4e129e41f06d9346c90defecadcb8437640c,backpack_robotarm_lab_occ,00000001,corrected,backpack,dark blue-purple appearance under dim light; rounded upper outline; light-colored loops; creased front panel,true color under neutral lighting; embroidered logo; zipper details; exact textile,,后段代表帧出现浅色包状外观及人员遮挡；仅凭稀疏代表帧不确认其与初始深色包的全过程对应，不将浅色细节回填首帧。,首帧红框与放大图可辨背包外形、深色前面及浅色固定环；不把上方机械结构纳入目标。原backpack保留；暗光下小标记和拉链不清，不能确认刺绣工艺。,,,GPT-6 Astra Pro,2026-10-02,conflicting,True,gb,initial,backpack,dark blue-purple appearance under dim light; rounded upper outline; light-colored loops; creased front panel,true color under neutral lighting; embroidered logo; zipper details; exact textile,
cdtb,4,6e11bffa1196b672639c3575553f510d73fe38adc3c9557392aae1b3d6240c73,backpack_room_noocc_1,00000001,supported,backpack,olive-green body; dark trim; stacked front pockets; horizontal webbing rows; hanging adjustment straps,military provenance or use; brand,,代表帧显示同一区域包体被手提转向；类别与前面特征在首帧已可辨，不需用后续画面补属性。,首帧红框覆盖绿色背包主体，可见上下袋区、规则横向织带和深色边缘。原类别、绿黑配色与多袋外观有支持；military style仅作外观描述，不据此认定实际军用。,,,GPT-6 Astra Pro,2026-10-02,conflicting,True,gb,initial,backpack,olive-green body; dark trim; stacked front pockets; horizontal webbing rows; hanging adjustment straps,military provenance or use; brand,
cdtb,5,f5a79f456b6981c5fcc7e265ec1b95dfa0e8be5dde6e0b5bee701601a08abc4f,bag_outside,00000001,corrected,backpack,dark blue body; rounded top; grey side panels; curved front seams,exact brand; fabric composition; water resistance,,代表帧中人物将包举离躯干，辅助排除夹克解释；上述颜色、灰色侧片和轮廓已见于初始化放大图。,红框内为置于外套前方、具有独立圆顶和袋面接缝的背包，不是人物外套。原jacket/hooded把持物者衣服的线索错给了目标，已改为backpack并删除hooded。,,,GPT-6 Astra Pro,2026-10-02,conflicting,True,gb,initial,backpack,dark blue body; rounded top; grey side panels; curved front seams,exact brand; fabric composition; water resistance,
cdtb,6,b53fc586ad23242d45f11eff0dbfd9367049102a4ef6561b9c47af3a61b3c57e,bicycle2_outside,00000001,supported,bicycle,dark blue-grey frame; black tires; light-colored wheel rims; orange wheel reflectors; rear luggage rack; black saddle,exact frame hue; gear count; fine drivetrain details; brand,,代表帧中车辆转向并移动，仅作对象一致性辅助；不将骑行状态或行进方向作为稳定属性。,首帧红框内完整可见两轮自行车、车把、鞍座、后货架和轮内橙色反光片；原bicycle及主要部件描述相符。车架呈偏蓝灰深色，传动细节较小，不补具体档位或型号。,,,GPT-6 Astra Pro,2026-10-02,conflicting,True,gb,initial,bicycle,dark blue-grey frame; black tires; light-colored wheel rims; orange wheel reflectors; rear luggage rack; black saddle,exact frame hue; gear count; fine drivetrain details; brand,
cdtb,7,023ff0b9bccc3204f077b9523cb2458ff73f458abc5d14984551580bebbac04c,bicycle_outside,00000001,supported,bicycle,grey tubular frame; black tires; orange wheel reflectors; rear luggage rack; black saddle,exact metal composition; brand; drivetrain specification,,代表帧中出现旁人经过和车辆转向；只按首帧红框指定的车审核，不以人作为目标。,首帧红框内是有管状车架、两个辐条轮和后货架的自行车。黑色轮胎、橙色反光片与原描述一致；金属感外观可见，但不进一步认定钢或铝等材质。,,,GPT-6 Astra Pro,2026-10-02,conflicting,True,gb,initial,bicycle,grey tubular frame; black tires; orange wheel reflectors; rear luggage rack; black saddle,exact metal composition; brand; drivetrain specification,
cdtb,8,d418785095aacddcc2b6fe1fc90c4b9cda7a32b3a29d4393762b85caf143accf,bottle_box,00000001,supported,bottle,white body; white pump dispenser; light-colored label; outlined diamond symbols; yellow-green label bands,bottle contents; exact warning text; brand,,代表帧中后续出现纸箱并遮挡瓶子；纸箱不是初始化目标，后续转面标签不补入首帧属性。,首帧放大图清楚显示白色泵头瓶、浅色标签和菱形警示样式图案，原bottle/white label/chemical symbols有图像支持。只描述可见图案，不由警示样式推断瓶内具体化学品。,,,GPT-6 Astra Pro,2026-10-02,conflicting,True,gb,initial,bottle,white body; white pump dispenser; light-colored label; outlined diamond symbols; yellow-green label bands,bottle contents; exact warning text; brand,
cdtb,9,397c6be60c5aa542e39981e9b583fd7217304325a0c167b22ab364efa390fa1e,bottle_room_noocc_1,00000001,supported,bottle,transparent body; orange cap; green-and-white rounded front label; red FAIRY lettering,contents; exact material; small label text,,代表帧显示转面、倾斜与手持移动；不将后面露出的背标或液面变化作为首帧稳定属性。,首帧红框和放大图能直接辨认透明瓶体、橙色瓶盖及绿白标签，红色FAIRY字样可见。原bottle/clear body/green label得到支持，类别不依赖后续帧。,,,GPT-6 Astra Pro,2026-10-02,conflicting,True,gb,initial,bottle,transparent body; orange cap; green-and-white rounded front label; red FAIRY lettering,contents; exact material; small label text,
cdtb,10,c1c7ff6cea8b1b475d39cbd158410526267ef53a9a6efe51c90855ecca2442eb,bottle_room_occ_1,00000001,supported,bottle,transparent body; orange cap; green-and-white rounded front label; red FAIRY lettering; ridged neck,contents; exact material; small label text,,代表帧中瓶子在桌上多只包装盒后转动、遮挡；只作为目标连续性线索，不把盒子或后露标签纳入首帧描述。,初始化红框指定人物手中瓶子而非桌面盒子；橙色盖、透明颈部和绿色为主的标签在首帧已见。原类别与两项属性相符，液体种类不作推断。,,,GPT-6 Astra Pro,2026-10-02,conflicting,True,gb,initial,bottle,transparent body; orange cap; green-and-white rounded front label; red FAIRY lettering; ridged neck,contents; exact material; small label text,
cdtb,11,bb75d438fcaf46933153b095931bc677610aabe3c01db821b59c10eb1dc1a53e,box1_outside,00000001,corrected,box,elongated rectangular box; dark printed face; thin orange edge; orange-red circular marking; light-colored elongated graphic,package contents; exact material; small printed text,,后续代表帧转面露出更宽的橙色侧面，辅助确认包装盒；整块橙色侧面只作后续线索，不补为首帧已完全可见属性。,首帧红框内是有规则直边的长窄盒状物，表面有长条印刷图案和圆形色标。原gun及black barrel/red dot sight将包装印刷或边缘误解为实体枪械部件；未见足以支持该武器类别的结构。,,,GPT-6 Astra Pro,2026-10-02,conflicting,True,gb,initial,box,elongated rectangular box; dark printed face; thin orange edge; orange-red circular marking; light-colored elongated graphic,package contents; exact material; small printed text,
cdtb,12,2120e959d74980fc35cfce3445e54a96a79d34151b76362f70a56abfde835c17,box_darkroom_noocc_1,00000001,corrected,box,rectangular package; blue-purple printed panel; dark rectangular product illustration; light-colored lettering,actual contents; exact device type; model text,,代表帧中的转面可辅助确认盒体厚度；背面参数或内装物均不作为首帧已知信息。,初始化图中可见人物持有长方形印刷包装，前面是深色设备示意图而非裸露设备。将boxed electronic device简化为box，只确认包装外观，不由包装推断内部确有电子设备。,,,GPT-6 Astra Pro,2026-10-02,conflicting,True,gb,initial,box,rectangular package; blue-purple printed panel; dark rectangular product illustration; light-colored lettering,actual contents; exact device type; model text,
cdtb,13,cd3f757778093b50045e68c4d69ff4fa6028aa759173c78d6bb0db4e30dca45a,box_darkroom_noocc_10,00000001,corrected,box,dark rectangular box; green XMG lettering; visible straight side edges,exact material; contents; faint small printing,,代表帧显示该物体被手持转面并露出厚度，支持盒状物而非屏幕解释；不把随后才能看清的侧面文字放入首帧属性。,首帧红框包住整件深色盒状物，正面有绿色字样，边缘显示实体厚度；画面左下的其他物体不属于红框目标。原computer monitor/black screen缺乏显示面结构依据，改为box。,,,GPT-6 Astra Pro,2026-10-02,conflicting,True,gb,initial,box,dark rectangular box; green XMG lettering; visible straight side edges,exact material; contents; faint small printing,
cdtb,14,ee0bacce5965881dcfb5b299bc0ca9ef8da99f8d866151fd18bbb7b8c8d8cc6d,box_darkroom_noocc_2,00000001,corrected,box,long narrow rectangular shape; dark printed front; orange border; orange circular marking,metallic material; exact product type; fine lettering,,后续转面中橙色侧面更明显，辅助确认包装；不将该侧面后来才出现的完整面积当初始化已知。,初始红框虽包含少量人体背景，主要目标是手持的长条直边包装，表面可见橙色边线与圆标。原weapon把长窄包装误解为武器，metallic也无法由暗光印刷表面确认。,,,GPT-6 Astra Pro,2026-10-02,conflicting,True,gb,initial,box,long narrow rectangular shape; dark printed front; orange border; orange circular marking,metallic material; exact product type; fine lettering,
cdtb,15,c48aa186c776f13e618f7a51715931bc30c99fd6d8e5536e425297c0905e40cf,box_darkroom_noocc_3,00000001,corrected,box,black rectangular box; large green XMG lettering; thin green linear decoration,exact material; package contents,,代表帧可见盒体旋转，辅助判断整件物体范围；不依据其他批次同图案盒子推定相同物理实例。,首帧红框覆盖整件横向长方体，不仅是中央标识。绿色粗体XMG文字有支持，但它是盒面属性，原logo应改为box。,,,GPT-6 Astra Pro,2026-10-02,conflicting,True,gb,initial,box,black rectangular box; large green XMG lettering; thin green linear decoration,exact material; package contents,
cdtb,16,6a47b8f52932ed8190ee0eb59cffd61aa0c97cca51094bba1b82b8d6dcfee8d1,box_darkroom_noocc_4,00000001,uncertain,box,small white rectangular face; red-orange emblem with green detail; short dark text lines; reddish edge,card versus small box; exact brand lettering; exact red-orange hue; contents,,转面代表帧更支持具有厚度的小包装盒，因此类别暂记box；首帧尺度和暗光使卡片与浅盒的边界不够清楚，需人工复核。未使用后续侧面印刷补写初始属性。,首帧能确认白色小矩形物和红橙色、带绿色细节的标记，但细字不清。原card和raspberry pi不能仅据预填文本确认；结合上下文倾向小盒，保留uncertain而非宣布细类别已确认。,,,GPT-6 Astra Pro,2026-10-02,conflicting,True,gb,initial,box,small white rectangular face; red-orange emblem with green detail; short dark text lines; reddish edge,card versus small box; exact brand lettering; exact red-orange hue; contents,
cdtb,17,43f1ec3915cebae5d6b2193c9a40e50d072149621e67357ad8af5e4e266388b3,box_darkroom_noocc_5,00000001,supported,box,dark rectangular package; light-colored SMART CONTROLLER lettering; printed gamepad image; green accents,package contents; exact model; fine print,,代表帧转面露出较大黄绿色侧面，只作盒体确认的辅助；不把整块侧面后续细节纳入初始化属性。,首帧目标确为包装盒，深色正面、浅色标题及手柄印刷图像可见。原package和文字描述相符，类别用简短box统一；黑白描述之外还可见少量绿色，不把印刷手柄当实体目标。,,,GPT-6 Astra Pro,2026-10-02,conflicting,True,gb,initial,box,dark rectangular package; light-colored SMART CONTROLLER lettering; printed gamepad image; green accents,package contents; exact model; fine print,
cdtb,18,55538cd7652b5698419ee8f7cc2eaa2ea15c90fe52795b15df9d8e4c7a0bc258,box_darkroom_noocc_6,00000001,corrected,box,small dark rectangular package; green upper edge; light header text; faint printed graphic,small text; exact product depiction; contents; material,,代表帧中物体随手持转动露出黄绿色厚侧边，辅助确认是包装盒；侧面大面积配色与具体内容不回填为初始化已见信息。,首帧红框指定隔板上方被举着的小矩形物，放大图为暗色印刷正面和浅色标题，未见发光屏幕或实体显示器边框。原computer monitor/text on screen应改为box及表面印刷描述。,,,GPT-6 Astra Pro,2026-10-02,conflicting,True,gb,initial,box,small dark rectangular package; green upper edge; light header text; faint printed graphic,small text; exact product depiction; contents; material,
cdtb,19,541403a6ab2ed96307a9e2a03bf9b3c409f699e0040a8e2c08ec74a7324ca1db,box_darkroom_noocc_7,00000001,supported,box,long narrow black box; straight rectangular edges; thin orange trim; small orange circular mark,contents; fine printed text; material,,代表帧中盒体转面露出宽橙色侧面；该大面积侧面是后续信息，不作为首帧已完整可见属性。,首帧红框内的物体虽倾斜放置，但仍可辨为长直边盒体，深黑色表面与原box/black/rectangular相符；不把当前倾斜方向写成稳定属性。,,,GPT-6 Astra Pro,2026-10-02,conflicting,True,gb,initial,box,long narrow black box; straight rectangular edges; thin orange trim; small orange circular mark,contents; fine printed text; material,
cdtb,20,49f36848b2bdc3a411f41f5fded21daa223cbb13e2f2cc7057f0ef54e20927f4,box_darkroom_noocc_8,00000001,corrected,box,light grey-white package; broad nearly square face; central brown cube illustration with dark circular marks; small dark printing,wooden material; actual surface texture; exact contents; fine text,,代表帧显示目标被转动，具有包装盒厚度；后续其他面印刷不用于补写首帧属性。,首帧红框覆盖浅色包装整体，中央棕色方块和黑圆点是平面印刷图示。原box保留；wooden/textured把图中的产品外观当成整个盒体材质，图像不足以支持该断言。,,,GPT-6 Astra Pro,2026-10-02,conflicting,True,gb,initial,box,light grey-white package; broad nearly square face; central brown cube illustration with dark circular marks; small dark printing,wooden material; actual surface texture; exact contents; fine text,
cdtb,21,ec039c74264ea9129b44a71d67027ca6af8ec160409ca88d8a6a8dcaa23ddab4,box_darkroom_noocc_9,00000001,uncertain,object,small light-grey rectangular face; dark reddish emblem; faint horizontal text lines,small box versus card; exact base color in dim light; exact logo; small text; material,,后续代表帧有转动动作，外观倾向小型浅盒，但分辨率不足以稳妥判定厚度与类别；仅记作上下文倾向，不使用其他相似序列代替此条判断。,首帧目标很小且暗，放大图只能确定浅灰矩形面和小标记。原screen/black surface没有充分依据；不能确认屏幕，也不足以确定具体包装类别，保留object与uncertain。,,,GPT-6 Astra Pro,2026-10-02,conflicting,True,gb,initial,box,small light-grey rectangular face; dark reddish emblem; faint horizontal text lines,small box versus card; exact base color in dim light; exact logo; small text; material,
cdtb,22,c0ea3bc3bd72c3d9c41b5bedc39515224f5fd9aefaa748555e541202078fdefa,box_humans_room_occ_1,00000001,corrected,box,large dark rectangular box; green XMG lettering; green diagonal-pattern bands,package contents; material; small printed text,,代表帧有持物转向、人员接近及交接，不据此推断任何未标注帧的身份真值；初始化盒面图案已足够描述。,红框明确覆盖整个盒体，中央绿色XMG和上下斜线图案属于盒面印刷。原logo把局部图案当目标类别，digital appearance也不证明发光显示或电子设备，改为box。,,,GPT-6 Astra Pro,2026-10-02,conflicting,True,gb,initial,box,large dark rectangular box; green XMG lettering; green diagonal-pattern bands,package contents; material; small printed text,
cdtb,23,09bda28f4bf231b6dd068b0a0c5cee0f2814c945d59006efa7666f64c24b4b54,box_room_noocc_1,00000001,supported,box,elongated dark rectangular package; orange upper strip; circular orange mark; light-colored printed lettering and graphic,contents; exact product model; small text,,代表帧后续呈现更宽橙色侧面并旋转；当前横向放置不是稳定属性，未将后续新文字加入首帧描述。,初始化红框覆盖手持长包装，黑色正面、橙色边带、圆标及浅色印刷直接可见。原package及黑橙配色和文字有支持，简化类别为box而不指定内部物品。,,,GPT-6 Astra Pro,2026-10-02,conflicting,True,gb,initial,box,elongated dark rectangular package; orange upper strip; circular orange mark; light-colored printed lettering and graphic,contents; exact product model; small text,
cdtb,24,aab2ba3cc11a9efacae3450ad30543e4ca821c53016cda72f902d08af557c824,box_room_noocc_2,00000001,supported,box,long narrow dark box; white lettering; elongated printed graphic; orange circular mark; orange edge,package contents; exact product text; material,,代表帧中目标逐渐转为竖向并有人走过；不把放置方向或遮挡者作为目标稳定属性。,首帧红框覆盖横向长盒，深色底、白色文字与长条图案支持原box及主要外观描述；另补首帧可见的橙色圆标和边缘，不抄用旁边堆放盒子的图案。,,,GPT-6 Astra Pro,2026-10-02,conflicting,True,gb,initial,box,long narrow dark box; white lettering; elongated printed graphic; orange circular mark; orange edge,package contents; exact product text; material,
cdtb,25,d61caddc93d05dc107fb8d05c2c92d876ea8a999eadac0ef806c0d828e6e11ee,box_room_noocc_3,00000001,corrected,box,long narrow rectangular box; dark face; white line diagrams; small light-colored text; orange side edge,contents; exact printed product name; material,,代表帧中物体转成横向并露出橙色宽侧面，支持刚性包装解释；不把后来露出的宽侧面图案加入首帧属性。,首帧红框内是有厚度和直边的长条盒体，白色线图印在深色表面，不是单张海报。原poster改为box；vertical orientation只是本帧摆放方向，删除其稳定属性含义。,,,GPT-6 Astra Pro,2026-10-02,conflicting,True,gb,initial,box,long narrow rectangular box; dark face; white line diagrams; small light-colored text; orange side edge,contents; exact printed product name; material,
cdtb,26,11c8ab31e9593931adc3a3f8ebb77e6dabfa51f617280f677c43dbecc5f3c2e6,box_room_noocc_4,00000001,corrected,box,dark rectangular package; green trim; white SMART CONTROLLER lettering; grey gamepad illustration,contents; exact controller model; material,,代表帧中盒体旋转露出绿侧面，辅助确认包装；不把包装图像中设备的潜在功能当作目标自身属性。,首帧红框指定整个手柄包装盒，手柄是盒面印刷图，而非裸露控制器。黑绿底和白字可见，显眼红边是审核框，不能当作物体的红色边框；原video game controller和黑红主配色需修正。,,,GPT-6 Astra Pro,2026-10-02,conflicting,True,gb,initial,box,dark rectangular package; green trim; white SMART CONTROLLER lettering; grey gamepad illustration,contents; exact controller model; material,
cdtb,27,bc83ee37e299817945d1c4f5b9029043b5619325d3f7120536f7cedfcb03c4be,box_room_noocc_5,00000001,corrected,box,blue gradient front panel; dark border and side; black rectangular device illustration; white printed lettering,actual contents; physical port count; exact product specification; material,,后续转面中白色背面及盒体侧面更清楚，辅助确认是包装，不补写背面参数。,首帧红框中能看见蓝色印刷包装正面和黑色设备图，旁边还有文字列。原switch把印刷产品当成红框中的实体，改为box；蓝色是包装区域而非已确认的设备标签。,,,GPT-6 Astra Pro,2026-10-02,conflicting,True,gb,initial,box,blue gradient front panel; dark border and side; black rectangular device illustration; white printed lettering,actual contents; physical port count; exact product specification; material,
cdtb,28,152ec75139db4777c313d02f991ba9c772657e67a8dbb358d4aa66b06f4ec133,box_room_noocc_6,00000001,uncertain,object,black rectangular body; small gold-colored ASUS logo; broad flat face,closed laptop versus packaging box; hinge or lid structure; actual material; exact model,,代表帧能看到物体被旋转及一定厚度，但未清楚显示键盘、接口、铰链或明确盒盖结构；不能只凭序列名判为box，也不能只凭ASUS标识判为laptop。,首帧支持黑色矩形物体和ASUS标记，但不足以稳妥区分合盖笔记本与其包装。原black/asus logo有支持，laptop细类别保留不确定，暂用object等待人工复核。,,,GPT-6 Astra Pro,2026-10-02,conflicting,True,gb,initial,object,black rectangular body; small gold-colored ASUS logo; broad flat face,closed laptop versus packaging box; hinge or lid structure; actual material; exact model,
cdtb,29,f743cae8514dbc6288b0c1d7a6297fdd98a6dafb3f89894b66515d5da2159a98,box_room_noocc_7,00000001,corrected,box,dark rectangular box; large green XMG lettering; green diagonal-pattern bands,material; contents; small text,,代表帧的转面和提举支持盒体形态；同标识在其他序列出现不作为本条实例对应的依据。,首帧红框包住完整深色盒子，中央绿色粗字和上下图案是表面标识。原logo将局部标记误当目标类别，改为box；原绿色字样作为属性保留。,,,GPT-6 Astra Pro,2026-10-02,conflicting,True,gb,initial,box,dark rectangular box; large green XMG lettering; green diagonal-pattern bands,material; contents; small text,
cdtb,30,051e05b9b50e98c4f5577bad710e8d8b9612cb5a4cfbdd8863d44a1ee5b4c3cd,box_room_noocc_8,00000001,supported,box,small rectangular package; red-orange face; white edge; white text; small green-and-red emblem,fine printed text; contents; exact material,,后续转面露出白色背面，只作立体包装的辅助，不补写背面后来才看清的内容。,首帧放大图可见红橙色面、白色边缘与印刷文字，独立小包装外形与原package描述一致。只归纳可见标记，不根据它推断盒内硬件或具体型号。,,,GPT-6 Astra Pro,2026-10-02,conflicting,True,gb,initial,box,small rectangular package; red-orange face; white edge; white text; small green-and-red emblem,fine printed text; contents; exact material,
cdtb,31,97b8925e613d7345f79e24b8a11264c4ea2719e12db36630d67c36360c579202,box_room_noocc_9,00000001,corrected,box,small white rectangular face; red-and-green emblem; red and dark text lines; thin reddish side edge,exact brand or model text; contents; material; full red border,,首帧主要呈现白色正面；代表帧转面可见红橙色厚侧面，辅助把类别确定为小包装盒而非证书。厚侧面完整配色只记在此处，不回填首帧稳定属性。,原certificate没有证书内容依据；首帧已有白色印刷面和小图案，结合转面证据改为box。应区分审核红框与物体本身的窄红侧缘，不能将整圈红色审核框当成稳定装饰。,,,GPT-6 Astra Pro,2026-10-02,conflicting,True,gb,initial,box,small white rectangular face; red-and-green emblem; red and dark text lines; thin reddish side edge,exact brand or model text; contents; material; full red border,
cdtb,32,74aa6aab4c506e63dde4682167fe370cc01322019d1f9ad8142566854b0d6005,box_room_occ_1,00000001,corrected,box,blue gradient package front; dark edges; black rectangular device illustration; white header and product text,actual contents; actual number of device ports; exact material,,代表帧中目标被从桌面拿起、转面并经过其他盒体附近；不将背景黑盒、瓶子和相邻小白盒的属性混入目标。,初始化红框覆盖桌面蓝色包装盒，黑色交换机形状为盒面产品图。原switch改为box；8-port可作为包装文案来源，但不是直接观察到红框实物具有八个端口，不能将设备参数当盒体属性。,,,GPT-6 Astra Pro,2026-10-02,conflicting,True,gb,initial,box,blue gradient package front; dark edges; black rectangular device illustration; white header and product text,actual contents; actual number of device ports; exact material,
cdtb,33,32ec8c13dc90034f74b6454c8154be1239455913e65ed8ac9de2f954811d7820,box_room_occ_2,00000001,corrected,box,dark rectangular package; green border; printed controller image,contents; wireless capability,,,初始化索引 0：红框覆盖印有手柄图案的整个包装盒，不是裸露控制器；包装信息不能证明无线功能。,,,GPT-6 Astra Pro,2026-10-02,conflicting,True,gb,initial,box,dark rectangular package; green border; printed controller image,contents; wireless capability,
cdtb,34,b649fbdac3b0da190e396ea71989f42e3233d032e6644fbd423cececa5e2981e,boxes_backpack_room_occ_1,00000001,corrected,backpack,olive green and dark panels; straps; stitched seams,fabric composition; waterproofness,,,初始化索引 0：红框为人物背后的绿黑背包，分层和带子可见；背在身上只是当前状态。,,,GPT-6 Astra Pro,2026-10-02,conflicting,True,gb,initial,backpack,olive green and dark panels; straps; stitched seams,fabric composition; waterproofness,
cdtb,35,ebdb897111fff723f1cdfec9bba94ea2d8f8986321356e1d2b1c56e479485b8e,boxes_humans_room_occ_1,00000001,supported,person,dark blue long-sleeved top; blue-gray jeans; dark shoes,,,,初始化索引 0：红框对应整个人物，衣色与鞋色可见，不缩小为一件衣服。,,,GPT-6 Astra Pro,2026-10-02,conflicting,True,gb,initial,person,dark blue long-sleeved top; blue-gray jeans; dark shoes,,
cdtb,36,31b6ee99d82a5885dd26806b0ff2c874bb53376c0e75621ea1fb6362aae9aeb7,boxes_office_occ_1,00000001,supported,box,green and white rectangular package; printed front text,,,,初始化索引 0：红框是手持浅绿色印刷包装，当前文字面可见。,,,GPT-6 Astra Pro,2026-10-02,conflicting,True,gb,initial,box,green and white rectangular package; printed front text,,
cdtb,37,53b04027681abf8ab3a208e54426504961fcfb6c412e705f4da78b0f19496892,boxes_room_occ_1,00000001,corrected,box,blue and dark rectangular package; pale lettering; printed device image,contents; exact product,,,初始化索引 0：红框为蓝色盒，而非另一手的绿色包装；原黑黄主色说法不适合本目标。,,,GPT-6 Astra Pro,2026-10-02,conflicting,True,gb,initial,box,blue and dark rectangular package; pale lettering; printed device image,contents; exact product,
cdtb,38,17a8b1c1ce363b2c708d9c53515d36ada6fe41c3239f857835aa59d52dbcd7c7,cart_room_occ_1,00000001,corrected,cart,blue tubular rails; dark flat platform; dark wheels,exact material,,,初始化索引 0：红框为手推车平台和底部，蓝扶手与平板结构可见。,,,GPT-6 Astra Pro,2026-10-02,conflicting,True,gb,initial,cart,blue tubular rails; dark flat platform; dark wheels,exact material,
cdtb,39,098cfd251650ae88802ea976a52e8dddc77a344709f61b658d3f48f98bd9a1d6,cartman,00000001,corrected,plush toy,pale round face; outlined white eyes; blue-yellow cap; red clothing; brown lower body,glasses; separate scarf; exact fabric; character name,,,初始化索引 0：红框为圆脸布偶，蓝黄为帽、红为上身、棕为下部；眼部黑轮廓不等于戴眼镜，未确认独立围巾。,,,GPT-6 Astra Pro,2026-10-02,conflicting,True,gb,initial,plush toy,pale round face; outlined white eyes; blue-yellow cap; red clothing; brown lower body,glasses; separate scarf; exact fabric; character name,
cdtb,40,378ce282a4d17799f9e5556105928e06199ec99021397ad87a59f3cc4e3a7185,cartman_robotarm_lab_noocc,00000001,corrected,plush toy,pale round face; outlined white eyes; blue-yellow cap; red clothing; brown lower body,glasses; separate scarf; exact fabric; character name,,,初始化索引 0：红框为圆脸布偶，蓝黄为帽、红为上身、棕为下部；眼部黑轮廓不等于戴眼镜，未确认独立围巾。,,,GPT-6 Astra Pro,2026-10-02,conflicting,True,gb,initial,plush toy,pale round face; outlined white eyes; blue-yellow cap; red clothing; brown lower body,glasses; separate scarf; exact fabric; character name,
cdtb,41,ec0c7da65238320b5cde28c9fe895a8091003d8514109c9d9f99850529431751,case,00000001,supported,case,black elongated rounded body; edge seam,contents; exact material,,,初始化索引 0：红框是双手间黑色圆角壳状盒，采用粗类case，不凭外观确认里面装有眼镜。,,,GPT-6 Astra Pro,2026-10-02,conflicting,True,gb,initial,case,black elongated rounded body; edge seam,contents; exact material,
cdtb,42,04d061f507f505d5468628bd6f29cbf7021098760fcb48af1b1aae307b57a442,container_room_noocc_1,00000001,corrected,container,orange rectangular bin; raised rim; side grip areas,material; metallic handles,,,初始化索引 0：红框为橙色收纳容器，未见足够证据确认金属把手。,,,GPT-6 Astra Pro,2026-10-02,conflicting,True,gb,initial,container,orange rectangular bin; raised rim; side grip areas,material; metallic handles,
cdtb,43,2ca6976522595c191fa960183be434ddb98ab2c59714a870374225c08bc960d9,dog_outside,00000001,corrected,dog,dark fur with pale patches; four-legged body,breed; blue jacket; collar detail,,,初始化索引 0：红框是地面犬只；蓝色外套不能从本初始化确认为犬的衣物。,,,GPT-6 Astra Pro,2026-10-02,conflicting,True,gb,initial,dog,dark fur with pale patches; four-legged body,breed; blue jacket; collar detail,
cdtb,44,2cac811fc00f7ea590a2d35fe2e6a7d8c795a075bf75e7a7f677cf40e13add0f,human_entry_occ_1,00000001,corrected,person,dark jacket; dark trousers,garment type; shoe details,,,初始化索引 0：红框为楼梯附近整个人物，深色衣着可见，不确认具体西装类别。,,,GPT-6 Astra Pro,2026-10-02,conflicting,True,gb,initial,person,dark jacket; dark trousers,garment type; shoe details,
cdtb,45,3b7e19fa16d9835eb23ebf700e08f377b982bc50a78c0e08950a98662f03d74b,human_entry_occ_2,00000001,corrected,person,short brown hair; dark hooded top,beard detail,,,初始化索引 0：红框为近处侧身人物，可见短发和带帽衣物；面部细节有限。,,,GPT-6 Astra Pro,2026-10-02,conflicting,True,gb,initial,person,short brown hair; dark hooded top,beard detail,
cdtb,46,f8573055fcfaf30b12c0d1b66567f9c75a3ff471dc2a4ef8afd1dc6a20165251,humans_corridor_occ_1,00000001,supported,person,short dark hair; dark gray long-sleeved top; blue jeans,,,,初始化索引 0：红框为走廊左侧背向人物，而非右侧条纹上衣人物。,,,GPT-6 Astra Pro,2026-10-02,conflicting,True,gb,initial,person,short dark hair; dark gray long-sleeved top; blue jeans,,
cdtb,47,bd0066c8d2c67ef15d8a013908024517dc54f25a53ac1bf30fc28f5d573434b4,humans_corridor_occ_2_A,00000001,corrected,person,short dark hair; facial hair; gray patterned collared top; blue jeans,exact fabric,,,初始化索引 0：红框是灰纹翻领上衣人物，不将有领上衣硬判为毛衣。,,,GPT-6 Astra Pro,2026-10-02,conflicting,True,gb,initial,person,short dark hair; facial hair; gray patterned collared top; blue jeans,exact fabric,
cdtb,48,d820e8b0a91b6f60ba849909cef04151b8a5363ccbd9f065d5def364e6212fb2,humans_corridor_occ_2_B,00000001,corrected,person,dark top with gray horizontal banding; dark trousers,exact fabric,,,初始化索引 0：红框覆盖整个人物，不是单独衬衫；横向色带只描述本次初始化衣着。,,,GPT-6 Astra Pro,2026-10-02,conflicting,True,gb,initial,person,dark top with gray horizontal banding; dark trousers,exact fabric,
cdtb,49,f91a1985e8b07cc63b9fe5bd3d645c7d085aea221da243e30924e0ecfe71b8ac,humans_longcorridor_staricase_occ_1,00000001,corrected,person,short dark hair; facial hair; gray patterned collared top; blue jeans,exact fabric,,,初始化索引 0：红框是灰纹翻领上衣人物，不将有领上衣硬判为毛衣。,,,GPT-6 Astra Pro,2026-10-02,conflicting,True,gb,initial,person,short dark hair; facial hair; gray patterned collared top; blue jeans,exact fabric,
cdtb,50,5b2a7c6287ec17f7579ac029374fba16e27631a85ba7b17ba15b94b688c1b513,humans_shirts_room_occ_1_A,00000001,corrected,person,dark blue sweater; gray-blue trousers; short dark hair; facial hair,shoe detail,,概览有换装，衣着不是永久身份保证。,初始化索引 0：初始目标为深蓝上衣、灰蓝裤人物，后帧服饰不回填。,,,GPT-6 Astra Pro,2026-10-02,conflicting,True,gb,initial,person,dark blue sweater; gray-blue trousers; short dark hair; facial hair,shoe detail,
cdtb,51,d25dad80f05d726e5adce73d5b95ba345fa57724e71d1a146ff37f57a8037bdb,humans_shirts_room_occ_1_B,00000001,corrected,person,dark patterned collared shirt; dark trousers; short hair,exact fabric,,代表帧中有换装与交错，仅记录初始实际衣着。,初始化索引 0：红框对应后方整个人物，原shirt缩小了目标范围。,,,GPT-6 Astra Pro,2026-10-02,conflicting,True,gb,initial,person,dark patterned collared shirt; dark trousers; short hair,exact fabric,
cdtb,52,263ac992fdd85dcf105e289906d0a472e27977bd8a78536403c9ce69380b0a39,jug,00000001,corrected,pitcher,transparent rounded body; narrow upper section; side handle,exact material; liquid contents,,,初始化索引 0：红框是有把手的透明壶状容器，曲腹和颈部可见。,,,GPT-6 Astra Pro,2026-10-02,conflicting,True,gb,initial,clear glass pitcher / glass water jug,transparent; glass material; side handle; wide opening; wider lower body; rounded body,"the exact brand, capacity, and whether a small amount of liquid is inside are unclear","The target has a transparent glass body, a clearly visible side handle, and a wide opening. Its overall structure is consistent with a glass pitcher or water jug rather than a standard glass bottle."
cdtb,53,0ce81f4e47f13aae7e93b55e61763fa03d240c5119b570b67661c52e1e6f79ef,mug_ankara,00000001,corrected,mug,white body; black lettering; side handle,physical surface texture; material,,,初始化索引 0：红框白杯上有黑色印字，凹凸表面是否真实存在不确认。,,,GPT-6 Astra Pro,2026-10-02,conflicting,True,gb,initial,mug,white body; black lettering; side handle,physical surface texture; material,
cdtb,54,dbaf29cd8e9d07d6aeb92fd70996ef53d139c8d79bf1a7b793f1753be86428b0,mug_gs,00000001,corrected,mug,yellow and dark red diagonal stripes; white rim; circular emblem,emblem wording; material,,,初始化索引 0：红框为条纹杯，可见杯口和把手，不是卡片。,,,GPT-6 Astra Pro,2026-10-02,conflicting,True,gb,initial,mug,yellow and dark red diagonal stripes; white rim; circular emblem,emblem wording; material,
cdtb,55,d8ad3d1724705d2f3abfab204f1c12ca8784b8de131facd031084d04c8536791,paperpunch,00000001,uncertain,object,black rounded rectangular body; central pale component,paper-punch function; material; embossed pattern,,代表帧转面显示底座及开合结构，打孔器仅为多帧辅助解释。,初始化索引 0：黑色厚片状物有中央浅色构件，不是普通卡片；仅首帧不足以确认用途。,,,GPT-6 Astra Pro,2026-10-02,conflicting,True,gb,initial,paperpunch,black rounded rectangular body; central pale component,paper-punch function; material; embossed pattern,
cdtb,56,617e9bd9ee14343b2fa85b340011e9938e0a149461ad00adbbd5d995f9cfd573,person_outside,00000001,corrected,person,dark hooded parka; brown hood trim; light gray trousers,gloves; exact material,,,初始化索引 0：红框为背向人物，外衣与裤色可见；手部细节不足。,,,GPT-6 Astra Pro,2026-10-02,conflicting,True,gb,initial,person,dark hooded parka; brown hood trim; light gray trousers,gloves; exact material,
cdtb,57,3310305ecef3e34acb8c97ae8e2e5bf542a9d154ff7f33336deee0905fdc2a02,robot_corridor_noocc_1,00000001,corrected,mobile robot,blue-purple low platform; white upper unit; visible dark wheels,hidden wheel count; model; small label,,,初始化索引 0：红框为低矮轮式平台及白色上部装置，不是人物。,,,GPT-6 Astra Pro,2026-10-02,conflicting,True,gb,initial,mobile robot,blue-purple low platform; white upper unit; visible dark wheels,hidden wheel count; model; small label,
cdtb,58,4f1eb299aec4520280b2a332ff1a04dcebb4d48784d5d5c8f7f5638c7bbf85a1,robot_corridor_occ_1,00000001,corrected,mobile robot,blue-purple low platform; white upper unit; visible dark wheels,hidden wheel count; model; small label,,,初始化索引 0：红框为低矮轮式平台及白色上部装置，不是人物。,,,GPT-6 Astra Pro,2026-10-02,conflicting,True,gb,initial,mobile robot,blue-purple low platform; white upper unit; visible dark wheels,hidden wheel count; model; small label,
cdtb,59,4da84a29a8176f6e93e50b5a43c4cb0b073a015e31f563bf78fe6707f49922c9,robot_human_corridor_noocc_1_A,00000001,corrected,mobile robot,blue-purple wheeled platform; dark wheels; pale rear components,wheel count; material,,,初始化索引 0：红框主要覆盖承载人物的平台，不是儿童三轮车；人物不并入目标类别。,,,GPT-6 Astra Pro,2026-10-02,conflicting,True,gb,initial,mobile robot,blue-purple wheeled platform; dark wheels; pale rear components,wheel count; material,
cdtb,60,3ea2402aba5569913734e1d7b745a627c7a281ed8e2a7587330377e3473f75e8,robot_human_corridor_noocc_1_B,00000001,corrected,person,black short-sleeved top; blue jeans; dark shoes; short hair,facial detail,,,初始化索引 0：红框指定坐在平台上的人物而非机器人，坐姿不作永久属性。,,,GPT-6 Astra Pro,2026-10-02,conflicting,True,gb,initial,person,black short-sleeved top; blue jeans; dark shoes; short hair,facial detail,
cdtb,61,bb2fd1ff6ce30ea7dcbbbba2c50cf1d33c05d234675e60be6358538e3a08277e,robot_human_corridor_noocc_2,00000001,corrected,person,black short-sleeved top; blue jeans; dark shoes; short hair,facial detail,,,初始化索引 0：红框指定坐在平台上的人物而非机器人，坐姿不作永久属性。,,,GPT-6 Astra Pro,2026-10-02,conflicting,True,gb,initial,person,black short-sleeved top; blue jeans; dark shoes; short hair,facial detail,
cdtb,62,35dc2400e202dedb8c6276f9864564c2f448c429c6e75d1af1c749294112f544,robot_human_corridor_noocc_3_A,00000001,corrected,mobile robot,blue-purple low platform; white upper unit; visible dark wheels,hidden wheel count; model; small label,,,初始化索引 0：红框为低矮轮式平台及白色上部装置，不是人物。,,,GPT-6 Astra Pro,2026-10-02,conflicting,True,gb,initial,mobile robot,blue-purple low platform; white upper unit; visible dark wheels,hidden wheel count; model; small label,
cdtb,63,fa62c59826d0713533a6235e6cd43eb85bed3742df1ea5b13e56bf4fc09db6e1,robot_human_corridor_noocc_3_B,00000001,supported,person,black short-sleeved top; blue jeans; dark footwear,,,,初始化索引 0：红框为近处背向人物，不是远处蓝色平台。,,,GPT-6 Astra Pro,2026-10-02,conflicting,True,gb,initial,person,black short-sleeved top; blue jeans; dark footwear,,
cdtb,64,fac243de616afd981aa67b0dc25911d94ce4bc23f59878b39883e64bdd7204e7,robot_lab_occ,00000001,corrected,mobile robot,gray open frame; dark base; wheels; horizontal rails,numeric display; model,,,初始化索引 0：红框为带轮框架装置，首帧未能确认数字显示屏。,,,GPT-6 Astra Pro,2026-10-02,conflicting,True,gb,initial,mobile robot,gray open frame; dark base; wheels; horizontal rails,numeric display; model,
cdtb,65,523a69a2273dd0440a8b11a3e97d87d71f28e2edba3c43ce8c0fb9e9f04dd47c,teapot,00000001,corrected,kettle,red rounded body; silver-colored spout and rim; dark upper handle,material composition,,,初始化索引 0：红框是红壶和亮色壶嘴，不由亮面确认具体金属。,,,GPT-6 Astra Pro,2026-10-02,conflicting,True,gb,initial,kettle,red rounded body; silver-colored spout and rim; dark upper handle,material composition,
cdtb,66,c42cf3612ee3a4b3f09339e489188d2e3494205206e8be900195a9fe56dc761c,tennis_ball,00000001,supported,tennis ball,yellow-green fuzzy surface; pale curved seam; round shape,,,,初始化索引 0：红框为黄绿色球，绒面和浅弧缝支持网球粗类；只描述本初始化指定的一只。,,,GPT-6 Astra Pro,2026-10-02,conflicting,True,gb,initial,tennis ball,yellow-green fuzzy surface; pale curved seam; round shape,,
cdtb,67,f3bd0b11553a5ca3e3155045014ece620097afc8b6e2fa558037b2caaafa7b0e,thermos_office_noocc_1,00000001,corrected,travel mug,orange outer sleeve; silver-colored bands; black lid; cylindrical shape,contents; insulation; material,,,初始化索引 0：橙色是外部色带，不是已确认的液体；盖主要为黑色。,,,GPT-6 Astra Pro,2026-10-02,conflicting,True,gb,initial,thermos,orange outer sleeve; silver-colored bands; black lid; cylindrical shape,contents; insulation; material,
cdtb,68,4739bebdc16f29b579d21e76c3da617158cf1d16cfbaeff105312c8805b3c1da,thermos_office_occ_1,00000001,corrected,travel mug,black lid; pink outer band; silver-colored body portions,contents; insulation; material,,,初始化索引 0：红框是粉色带盖圆柱杯，保留可见色块。,,,GPT-6 Astra Pro,2026-10-02,conflicting,True,gb,initial,thermos,black lid; pink outer band; silver-colored body portions,contents; insulation; material,
cdtb,69,6ee3b323166edf4169f7bf7b42f824a5b22fd97c781ec67ca3888a4b766b14f1,toy_office_noocc_1,00000001,supported,plush toy,pale round face; outlined white eyes; blue-yellow cap; red clothing; brown lower body,glasses; separate scarf; exact fabric; character name,,,初始化索引 0：红框为圆脸布偶，蓝黄为帽、红为上身、棕为下部；眼部黑轮廓不等于戴眼镜，未确认独立围巾。,,,GPT-6 Astra Pro,2026-10-02,conflicting,True,gb,initial,plush toy,pale round face; outlined white eyes; blue-yellow cap; red clothing; brown lower body,glasses; separate scarf; exact fabric; character name,
cdtb,70,bb8eceb6ccd57be3e326f8388fa2706ab247251a69d3e5cffd646df7ac39923a,toy_office_occ_1,00000001,corrected,plush toy,pale round face; outlined white eyes; blue-yellow cap; red clothing; brown lower body,glasses; separate scarf; exact fabric; character name,,,初始化索引 0：红框为圆脸布偶，蓝黄为帽、红为上身、棕为下部；眼部黑轮廓不等于戴眼镜，未确认独立围巾。,,,GPT-6 Astra Pro,2026-10-02,conflicting,True,gb,initial,plush toy,pale round face; outlined white eyes; blue-yellow cap; red clothing; brown lower body,glasses; separate scarf; exact fabric; character name,
cdtb,71,fc94dfb9f364cf46c77e72530a431ade14565469dec87322655a9a286b571630,trashcan_room_occ_1,00000001,corrected,trash bin,green rectangular body; lid; wheels; pale lettering,exact material; fine lettering,,,初始化索引 0：红框为绿轮式垃圾桶，不由涂色确定金属材质。,,,GPT-6 Astra Pro,2026-10-02,conflicting,True,gb,initial,trash bin,green rectangular body; lid; wheels; pale lettering,exact material; fine lettering,
cdtb,72,555e0c8a50b0b02a98d34405892d558ce828c477a921effce5bf86af0841a059,trashcans_room_occ_1_A,00000001,corrected,trash bin,green tall body; lid; dark wheels,lettering; exact material,,,初始化索引 0：红框是后方被拖动的桶，非前景另一只；细字不可读。,,,GPT-6 Astra Pro,2026-10-02,conflicting,True,gb,initial,trash bin,green tall body; lid; dark wheels,lettering; exact material,
cdtb,73,a8843519429d43cb338caf52d1608d6f07620b00beacaf55c0692f31150a0c6e,trashcans_room_occ_1_B,00000001,corrected,trash bin,green rectangular body; lid; wheels; pale lettering,exact material; fine lettering,,,初始化索引 0：红框为绿轮式垃圾桶，不由涂色确定金属材质。,,,GPT-6 Astra Pro,2026-10-02,conflicting,True,gb,initial,trash bin,green rectangular body; lid; wheels; pale lettering,exact material; fine lettering,
cdtb,74,f2e937234b71002db48bf25ac2cdfddf989357c7c032577068413cd4d49c1fd2,trendNetBag_outside,00000001,corrected,box,blue and pale rectangular package; printed dark device image,contents; electronic function,,,初始化索引 0：红框覆盖完整包装，设备图不是裸露电脑硬件。,,,GPT-6 Astra Pro,2026-10-02,conflicting,True,gb,initial,box,blue and pale rectangular package; printed dark device image,contents; electronic function,
cdtb,75,193072b81b5ab37553138578c0430ef782919a45cee08d18f073021915aa3a0a,trendNet_outside,00000001,corrected,box,blue and pale rectangular package; printed dark device image,contents; electronic function,,,初始化索引 0：红框覆盖完整包装，设备图不是裸露电脑硬件。,,,GPT-6 Astra Pro,2026-10-02,conflicting,True,gb,initial,box,blue and pale rectangular package; printed dark device image,contents; electronic function,
cdtb,76,bc85aaa80a684107f71cfee5445aed9d0233804b3cc1ad72a95a39a544c82a13,trophy_outside,00000001,corrected,trophy,gold-colored cup; curled handles; lidded top; dark square base,material composition,,,初始化索引 0：奖杯杯形、双耳及底座可见，金色不等于纯金。,,,GPT-6 Astra Pro,2026-10-02,conflicting,True,gb,initial,trophy,gold-colored cup; curled handles; lidded top; dark square base,material composition,
cdtb,77,2b5ef49ae3ef1edbd0ee8dd619dab358e31f55c6b7cc9c229fc54906fca015c2,trophy_room_noocc_1,00000001,corrected,trophy,gold-colored cup; blue decoration; curled handles; dark base,gemstones; wooden base; material,,,初始化索引 0：蓝色是装饰而非已确认宝石，底座木材未经证实。,,,GPT-6 Astra Pro,2026-10-02,conflicting,True,gb,initial,trophy,gold-colored cup; blue decoration; curled handles; dark base,gemstones; wooden base; material,
cdtb,78,cdb1f7f8ca0cd75ebd251c8e68468583cb44195bcefd5a7375df91a22d6c8d87,trophy_room_occ_1,00000001,supported,trophy,gold-colored lidded cup; curled handles; ornamental stem; dark base,,,,初始化索引 0：红框为奖杯整体，装饰与杯形可见。,,,GPT-6 Astra Pro,2026-10-02,conflicting,True,gb,initial,trophy,gold-colored lidded cup; curled handles; ornamental stem; dark base,,
cdtb,79,df674043c6c740a8ccadbbcd3f2b346e6cf0a70ae0e1b1b6296b8e6e0bea21d2,two_mugs,00000001,corrected,mug,yellow and dark red diagonal stripes; circular emblem; white rim,exact emblem; material,,,初始化索引 0：红框为条纹杯，非相邻白杯；原white混入另一只杯，把手左右不作永久属性。,,,GPT-6 Astra Pro,2026-10-02,conflicting,True,gb,initial,mug,yellow and dark red diagonal stripes; circular emblem; white rim,exact emblem; material,
cdtb,80,583a3205849f5752a9931ad064b52209ab340962f492dac63ac979ec5e06aa25,two_tennis_balls,00000001,supported,tennis ball,yellow-green fuzzy surface; pale curved seam; round shape,,,代表帧有两只相似球，不凭位置或颜色建立整段同一球的对应。,初始化索引 0：红框为黄绿色球，绒面和浅弧缝支持网球粗类；只描述本初始化指定的一只。,,,GPT-6 Astra Pro,2026-10-02,conflicting,True,gb,initial,tennis ball,yellow-green fuzzy surface; pale curved seam; round shape,,
vot,1,f2928564b3820da07b6fa178117c83400ad965fa3a50ffc8a7d409f95316d610,XMG_outside_2,00000001,corrected,box,dark rectangular box; yellow-green XMG lettering,contents; material; physical surface texture,,,初始化索引 0：红框覆盖整件深色长方形盒，不是人物、文字本身或展开的电脑。,,,GPT-6 Astra Pro,2026-10-02,conflicting,True,gb,initial,box,dark rectangular box; yellow-green XMG lettering,contents; material; physical surface texture,
vot,2,d2eda87cb5433526666fb30bbabbd7dd9aa7ef5c8c830513180136ad7aef7829,XMG_outside_2,00000051,corrected,box,dark rectangular box; yellow-green XMG lettering,contents; material; physical surface texture,,,初始化索引 50：红框覆盖整件深色长方形盒，不是人物、文字本身或展开的电脑。,,,GPT-6 Astra Pro,2026-10-02,conflicting,True,gb,initial,box,dark rectangular box; yellow-green XMG lettering,contents; material; physical surface texture,
vot,3,524edeb9ca95e6c04933b6cfec1a22d1e9c580c6bcc8091e287a4f546b1d7ba3,XMG_outside_2,00000101,corrected,box,dark rectangular box; green printed graphics,contents; material; physical surface texture,,,初始化索引 100：红框覆盖整件深色长方形盒，不是人物、文字本身或展开的电脑。,,,GPT-6 Astra Pro,2026-10-02,conflicting,True,gb,initial,box,dark rectangular box; green printed graphics,contents; material; physical surface texture,
vot,4,d0d53b991496d93fed825c91c15a9e9c63d4f3f5a6aadafa3805eaf93a47cc24,XMG_outside_2,00000151,corrected,box,dark rectangular box; yellow-green XMG lettering,contents; material; physical surface texture,,,初始化索引 150：红框覆盖整件深色长方形盒，不是人物、文字本身或展开的电脑。,,,GPT-6 Astra Pro,2026-10-02,conflicting,True,gb,initial,box,dark rectangular box; yellow-green XMG lettering,contents; material; physical surface texture,
vot,5,e587196dc1a68a17e5985c82421d6eed68a947f6a25504a18dbabef9161e590f,XMG_outside_2,00000201,corrected,box,dark rectangular box; yellow-green XMG lettering,contents; material; physical surface texture,,,初始化索引 200：红框覆盖整件深色长方形盒，不是人物、文字本身或展开的电脑。,,,GPT-6 Astra Pro,2026-10-02,conflicting,True,gb,initial,box,dark rectangular box; yellow-green XMG lettering,contents; material; physical surface texture,
vot,6,60ad8c72ad56b14e3d3154e24a8c4c607086e2ad46ea88d1cd6daf0417a31204,XMG_outside_2,00000251,corrected,box,dark rectangular box; yellow-green XMG lettering,contents; material; physical surface texture,,,初始化索引 250：红框覆盖整件深色长方形盒，不是人物、文字本身或展开的电脑。,,,GPT-6 Astra Pro,2026-10-02,conflicting,True,gb,initial,box,dark rectangular box; yellow-green XMG lettering,contents; material; physical surface texture,
vot,7,d7a077a4970493231a9c0962a2add7a732071e832b7f557f0e84137033d07369,XMG_outside_2,00000301,corrected,box,dark rectangular box; yellow-green XMG lettering,contents; material; physical surface texture,,,初始化索引 300：红框覆盖整件深色长方形盒，不是人物、文字本身或展开的电脑。,,,GPT-6 Astra Pro,2026-10-02,conflicting,True,gb,initial,box,dark rectangular box; yellow-green XMG lettering,contents; material; physical surface texture,
vot,8,a17726cd9f6ffb6bcfb75a32894292c980aa804e852056a8327549ae2faa061b,XMG_outside_2,00000351,corrected,box,dark rectangular box; yellow-green XMG lettering,contents; material; physical surface texture,,,初始化索引 350：红框覆盖整件深色长方形盒，不是人物、文字本身或展开的电脑。,,,GPT-6 Astra Pro,2026-10-02,conflicting,True,gb,initial,box,dark rectangular box; yellow-green XMG lettering,contents; material; physical surface texture,
vot,9,065a7080f4d69f8007ddbad162ccb1f5a5d5cd26e8fe09afb836e30d93dd681e,XMG_outside_2,00000401,corrected,box,dark rectangular box; yellow-green XMG lettering,contents; material; physical surface texture,,,初始化索引 400：红框覆盖整件深色长方形盒，不是人物、文字本身或展开的电脑。,,,GPT-6 Astra Pro,2026-10-02,conflicting,True,gb,initial,box,dark rectangular box; yellow-green XMG lettering,contents; material; physical surface texture,
vot,10,e0110c5fb0cfe27a1d5650cd4007847181809448f0f2c7892bd6e5098671d01e,XMG_outside_2,00000451,supported,box,dark rectangular box; yellow-green XMG lettering,contents; material; physical surface texture,,,初始化索引 450：红框覆盖整件深色长方形盒，不是人物、文字本身或展开的电脑。,,,GPT-6 Astra Pro,2026-10-02,conflicting,True,gb,initial,box,dark rectangular box; yellow-green XMG lettering,contents; material; physical surface texture,
vot,11,405c910c8cf84f46daf1e29918aacd1cbe24d4a4c7db7e3837c3c0cb85ba72ad,XMG_outside_2,00000501,corrected,box,dark rectangular box; yellow-green XMG lettering,contents; material; physical surface texture,,,初始化索引 500：红框覆盖整件深色长方形盒，不是人物、文字本身或展开的电脑。,,,GPT-6 Astra Pro,2026-10-02,conflicting,True,gb,initial,box,dark rectangular box; yellow-green XMG lettering,contents; material; physical surface texture,
vot,12,b7c1df9375a588dd9f5c4d56f6b5f27ff9caca1f774ea640a20c9854f8b8c82c,XMG_outside_2,00000551,corrected,box,dark rectangular box; yellow-green XMG lettering,contents; material; physical surface texture,,,初始化索引 550：红框覆盖整件深色长方形盒，不是人物、文字本身或展开的电脑。,,,GPT-6 Astra Pro,2026-10-02,conflicting,True,gb,initial,box,dark rectangular box; yellow-green XMG lettering,contents; material; physical surface texture,
vot,13,596170c886acad02d34f03817fc7694d787fcc2b0c81e4baf02fae613ccaeff0,XMG_outside_2,00000601,corrected,box,dark rectangular box; yellow-green XMG lettering,contents; material; physical surface texture,,,初始化索引 600：红框覆盖整件深色长方形盒，不是人物、文字本身或展开的电脑。,,,GPT-6 Astra Pro,2026-10-02,conflicting,True,gb,initial,box,dark rectangular box; yellow-green XMG lettering,contents; material; physical surface texture,
vot,14,acbb6a8ce15c6164f91c4a0a92ce3aec497934dbc92d7d8e4dbd0d63703c5c26,XMG_outside_2,00000651,corrected,box,dark rectangular box; yellow-green XMG lettering,contents; material; physical surface texture,,,初始化索引 650：红框覆盖整件深色长方形盒，不是人物、文字本身或展开的电脑。,,,GPT-6 Astra Pro,2026-10-02,conflicting,True,gb,initial,box,dark rectangular box; yellow-green XMG lettering,contents; material; physical surface texture,
vot,15,0c559432c5e51db6e42691e502079caeb408e78b96280703eb6c523bee5a259a,XMG_outside_2,00000701,corrected,box,dark rectangular box; yellow-green XMG lettering,contents; material; physical surface texture,,,初始化索引 700：红框覆盖整件深色长方形盒，不是人物、文字本身或展开的电脑。,,,GPT-6 Astra Pro,2026-10-02,conflicting,True,gb,initial,box,dark rectangular box; yellow-green XMG lettering,contents; material; physical surface texture,
vot,16,3e39c7a7d41307c8539e22d0dfadf4a8dc41a901856989428af1614104c652a1,XMG_outside_2,00000751,corrected,box,dark rectangular box; yellow-green XMG lettering,contents; material; physical surface texture,,,初始化索引 750：红框覆盖整件深色长方形盒，不是人物、文字本身或展开的电脑。,,,GPT-6 Astra Pro,2026-10-02,conflicting,True,gb,initial,box,dark rectangular box; yellow-green XMG lettering,contents; material; physical surface texture,
vot,17,15f5327b353226d02485481b93226829d373638cc28642852a0f0027112b9b4a,XMG_outside_2,00000801,supported,box,dark rectangular box; yellow-green XMG lettering,contents; material; physical surface texture,,,初始化索引 800：红框覆盖整件深色长方形盒，不是人物、文字本身或展开的电脑。,,,GPT-6 Astra Pro,2026-10-02,conflicting,True,gb,initial,box,dark rectangular box; yellow-green XMG lettering,contents; material; physical surface texture,
vot,18,da7078cd6d3ed7ca99a71d33e0d4c5ee62ed8a974a08d87cbcd967b34513c58f,XMG_outside_2,00000840,corrected,box,dark rectangular box; green printed graphics,contents; material; physical surface texture,,,初始化索引 839：红框覆盖整件深色长方形盒，不是人物、文字本身或展开的电脑。,,,GPT-6 Astra Pro,2026-10-02,conflicting,True,gb,initial,box,dark rectangular box; green printed graphics,contents; material; physical surface texture,
vot,19,3ba99cff2e0f538710b19a4c4138f0e2a25e5acd44e544ee876a8a59d44d6f34,XMG_outside_2,00000882,corrected,box,dark rectangular box; green printed graphics,contents; material; physical surface texture,,,初始化索引 881：红框覆盖整件深色长方形盒，不是人物、文字本身或展开的电脑。,,,GPT-6 Astra Pro,2026-10-02,conflicting,True,gb,initial,box,dark rectangular box; green printed graphics,contents; material; physical surface texture,
vot,20,079b054084e843a4e5133c08e35e094b5e3237b7aa424e14d9aa4003be04db39,adapter01_indoor_1,00000001,corrected,power adapter,white rectangular body; pale prongs; red cable,connector type; rating; material,,邻近和概览辅助白块类别；后帧才清楚的插脚不补入本帧属性。,初始化索引 0：红框为红线末端白色小块，不是白衬衫；近邻可见插脚结构，采用粗类，不确认功率和接口。,,,GPT-6 Astra Pro,2026-10-02,conflicting,True,gb,initial,power adapter,white rectangular body; pale prongs; red cable,connector type; rating; material,
vot,21,d84b3b4a95a039ca3ef4861d5700517fd206004e1a99ffa31d26129844305168,adapter01_indoor_1,00000051,corrected,power adapter,white rectangular body; pale prongs; red cable,connector type; rating; material,,邻近和概览辅助白块类别；后帧才清楚的插脚不补入本帧属性。,初始化索引 50：红框为红线末端白色小块，不是白衬衫；近邻可见插脚结构，采用粗类，不确认功率和接口。,,,GPT-6 Astra Pro,2026-10-02,conflicting,True,gb,initial,power adapter,white rectangular body; pale prongs; red cable,connector type; rating; material,
vot,22,edfc080c64833972c4dc33c17300ab16c4cb778f996fb22002d0a7bf43aa051b,adapter01_indoor_1,00000101,uncertain,power adapter,white blurred patch,precise outline; prong details; exact category,,邻近和概览辅助白块类别；后帧才清楚的插脚不补入本帧属性。,初始化索引 100：白色小目标与衣服重叠或模糊，无法读取插脚/边界；适配器粗类依近邻辅助。,,,GPT-6 Astra Pro,2026-10-02,conflicting,True,gb,initial,power adapter,white blurred patch,precise outline; prong details; exact category,
vot,23,4610901e1ab6aa277c63a70675e1f9cf38fa4335b2ed1885ee9424ef7e60c33f,adapter01_indoor_1,00000151,corrected,power adapter,white rectangular body; pale prongs; red cable,connector type; rating; material,,邻近和概览辅助白块类别；后帧才清楚的插脚不补入本帧属性。,初始化索引 150：红框为红线末端白色小块，不是白衬衫；近邻可见插脚结构，采用粗类，不确认功率和接口。,,,GPT-6 Astra Pro,2026-10-02,conflicting,True,gb,initial,power adapter,white rectangular body; pale prongs; red cable,connector type; rating; material,
vot,24,88ad8be87ac2eaebcb5e2834ff5e341975bede978fc49ab99c5e0d25dc4439ce,adapter01_indoor_1,00000201,uncertain,power adapter,white blurred patch,precise outline; prong details; exact category,,邻近和概览辅助白块类别；后帧才清楚的插脚不补入本帧属性。,初始化索引 200：白色小目标与衣服重叠或模糊，无法读取插脚/边界；适配器粗类依近邻辅助。,,,GPT-6 Astra Pro,2026-10-02,conflicting,True,gb,initial,power adapter,white blurred patch,precise outline; prong details; exact category,
vot,25,577158d79f74fb836f56ad242d54c00ab255c93e77e1ce1cac9138aae18fff23,adapter01_indoor_1,00000251,corrected,power adapter,white rectangular body; pale prongs; red cable,connector type; rating; material,,邻近和概览辅助白块类别；后帧才清楚的插脚不补入本帧属性。,初始化索引 250：红框为红线末端白色小块，不是白衬衫；近邻可见插脚结构，采用粗类，不确认功率和接口。,,,GPT-6 Astra Pro,2026-10-02,conflicting,True,gb,initial,power adapter,white rectangular body; pale prongs; red cable,connector type; rating; material,
vot,26,49ebaca307f559dc94b02547661fcd732ce5f5462cda53c19ee06ca6c6c78e5e,adapter01_indoor_1,00000301,corrected,power adapter,white compact block; red attached cable,connector type; rating; material,,邻近和概览辅助白块类别；后帧才清楚的插脚不补入本帧属性。,初始化索引 300：红框为红线末端白色小块，不是白衬衫；近邻可见插脚结构，采用粗类，不确认功率和接口。,,,GPT-6 Astra Pro,2026-10-02,conflicting,True,gb,initial,power adapter,white compact block; red attached cable,connector type; rating; material,
vot,27,7da8a8443d50ec1c89375c5af5661fea7617389a4c61954c45a01571373c55dd,adapter01_indoor_1,00000351,corrected,power adapter,white rectangular body; pale prongs; red cable,connector type; rating; material,,邻近和概览辅助白块类别；后帧才清楚的插脚不补入本帧属性。,初始化索引 350：红框为红线末端白色小块，不是白衬衫；近邻可见插脚结构，采用粗类，不确认功率和接口。,,,GPT-6 Astra Pro,2026-10-02,conflicting,True,gb,initial,power adapter,white rectangular body; pale prongs; red cable,connector type; rating; material,
vot,28,6ce1a08f47eb28d16681fc48c8b55152e0efdc758e0d6d5dd76d8376675ff386,adapter01_indoor_1,00000401,uncertain,power adapter,white blurred patch,precise outline; prong details; exact category,,邻近和概览辅助白块类别；后帧才清楚的插脚不补入本帧属性。,初始化索引 400：白色小目标与衣服重叠或模糊，无法读取插脚/边界；适配器粗类依近邻辅助。,,,GPT-6 Astra Pro,2026-10-02,conflicting,True,gb,initial,power adapter,white blurred patch,precise outline; prong details; exact category,
vot,29,b59c64fe198f3605371ddca2092e45c1d5f3ee9458a4cfb22b57a7794b471660,adapter01_indoor_1,00000451,uncertain,power adapter,white blurred patch,precise outline; prong details; exact category,,邻近和概览辅助白块类别；后帧才清楚的插脚不补入本帧属性。,初始化索引 450：白色小目标与衣服重叠或模糊，无法读取插脚/边界；适配器粗类依近邻辅助。,,,GPT-6 Astra Pro,2026-10-02,conflicting,True,gb,initial,power adapter,white blurred patch,precise outline; prong details; exact category,
vot,30,24028be43cef0c2df36cc4167342b69239c1aab7d46483331b2127a1dfc35b7a,adapter01_indoor_1,00000507,corrected,power adapter,white compact block; red attached cable,connector type; rating; material,,邻近和概览辅助白块类别；后帧才清楚的插脚不补入本帧属性。,初始化索引 506：红框为红线末端白色小块，不是白衬衫；近邻可见插脚结构，采用粗类，不确认功率和接口。,,,GPT-6 Astra Pro,2026-10-02,conflicting,True,gb,initial,power adapter,white compact block; red attached cable,connector type; rating; material,
vot,31,e43edad6c5f62e700a2ef944f837ae5ddd573268644bb0745573cf7691c25259,adapter01_indoor_1,00000551,uncertain,power adapter,white blurred patch,precise outline; prong details; exact category,,邻近和概览辅助白块类别；后帧才清楚的插脚不补入本帧属性。,初始化索引 550：白色小目标与衣服重叠或模糊，无法读取插脚/边界；适配器粗类依近邻辅助。,,,GPT-6 Astra Pro,2026-10-02,conflicting,True,gb,initial,power adapter,white blurred patch,precise outline; prong details; exact category,
vot,32,b1169c5d9b92e2977008689db5be0d0341a053860d4cd52fede32d328b46ecb7,adapter01_indoor_1,00000608,corrected,power adapter,white rectangular body; pale prongs; red cable,connector type; rating; material,,邻近和概览辅助白块类别；后帧才清楚的插脚不补入本帧属性。,初始化索引 607：红框为红线末端白色小块，不是白衬衫；近邻可见插脚结构，采用粗类，不确认功率和接口。,,,GPT-6 Astra Pro,2026-10-02,conflicting,True,gb,initial,power adapter,white rectangular body; pale prongs; red cable,connector type; rating; material,
vot,33,f68e37f90acd6cbac970478235cf1a689c293ecfa5122bfc95c7c84f90b8b561,adapter01_indoor_1,00000648,corrected,power adapter,white rectangular body; pale prongs; red cable,connector type; rating; material,,邻近和概览辅助白块类别；后帧才清楚的插脚不补入本帧属性。,初始化索引 647：红框为红线末端白色小块，不是白衬衫；近邻可见插脚结构，采用粗类，不确认功率和接口。,,,GPT-6 Astra Pro,2026-10-02,conflicting,True,gb,initial,power adapter,white rectangular body; pale prongs; red cable,connector type; rating; material,
vot,34,5a7db0b60d4596fd1f3a5f2225172d036b779cf708292de2443c30ce4bb619a4,adapter01_indoor_1,00000701,uncertain,power adapter,white blurred patch,precise outline; prong details; exact category,,邻近和概览辅助白块类别；后帧才清楚的插脚不补入本帧属性。,初始化索引 700：白色小目标与衣服重叠或模糊，无法读取插脚/边界；适配器粗类依近邻辅助。,,,GPT-6 Astra Pro,2026-10-02,conflicting,True,gb,initial,power adapter,white blurred patch,precise outline; prong details; exact category,
vot,35,33c8dc861cb2bc626971dbceca603af173551d32e66244aa98740eaf0f0b5f37,adapter01_indoor_1,00000751,corrected,power adapter,white rectangular body; pale prongs; red cable,connector type; rating; material,,邻近和概览辅助白块类别；后帧才清楚的插脚不补入本帧属性。,初始化索引 750：红框为红线末端白色小块，不是白衬衫；近邻可见插脚结构，采用粗类，不确认功率和接口。,,,GPT-6 Astra Pro,2026-10-02,conflicting,True,gb,initial,power adapter,white rectangular body; pale prongs; red cable,connector type; rating; material,
vot,36,c15a49b1e3b6a94074f936ab55a083fde74f3653f4d14e816dca1b45f874f1bc,adapter01_indoor_1,00000801,uncertain,power adapter,white blurred patch,precise outline; prong details; exact category,,邻近和概览辅助白块类别；后帧才清楚的插脚不补入本帧属性。,初始化索引 800：白色小目标与衣服重叠或模糊，无法读取插脚/边界；适配器粗类依近邻辅助。,,,GPT-6 Astra Pro,2026-10-02,conflicting,True,gb,initial,power adapter,white blurred patch,precise outline; prong details; exact category,
vot,37,582de33ace8b2a4c19cb633b70d6bf4db9037a545da15a885e9a0522857d5ace,adapter01_indoor_1,00000851,corrected,power adapter,white rectangular body; pale prongs; red cable,connector type; rating; material,,邻近和概览辅助白块类别；后帧才清楚的插脚不补入本帧属性。,初始化索引 850：红框为红线末端白色小块，不是白衬衫；近邻可见插脚结构，采用粗类，不确认功率和接口。,,,GPT-6 Astra Pro,2026-10-02,conflicting,True,gb,initial,power adapter,white rectangular body; pale prongs; red cable,connector type; rating; material,
vot,38,fef163d2b043e1c5a5becfde3c4bc9a31b8b8526acdcde7b7b036750eef4556e,adapter01_indoor_1,00000893,uncertain,power adapter,white blurred patch,precise outline; prong details; exact category,,邻近和概览辅助白块类别；后帧才清楚的插脚不补入本帧属性。,初始化索引 892：白色小目标与衣服重叠或模糊，无法读取插脚/边界；适配器粗类依近邻辅助。,,,GPT-6 Astra Pro,2026-10-02,conflicting,True,gb,initial,power adapter,white blurred patch,precise outline; prong details; exact category,
vot,39,dc7f773a764a74db80ff60843a11f00f0d4579d2749ea644e9b9445f23cae4fc,backpack_blue_1,00000001,supported,backpack,dark bag body; curved seams; zipper outlines,fabric; water resistance; contents,,,初始化索引 0：红框为手持或椅上背包，不是上衣、鞋或背景椅子。,,,GPT-6 Astra Pro,2026-10-02,conflicting,True,gb,initial,backpack,dark bag body; curved seams; zipper outlines,fabric; water resistance; contents,
vot,40,cbe4c2d7aeffc46958cb46f9a8164e21c1a5e709f2337000960e2002b7b7fd37,backpack_blue_1,00000051,supported,backpack,dark bag body; curved seams; zipper outlines,fabric; water resistance; contents,,,初始化索引 50：红框为手持或椅上背包，不是上衣、鞋或背景椅子。,,,GPT-6 Astra Pro,2026-10-02,conflicting,True,gb,initial,backpack,dark bag body; curved seams; zipper outlines,fabric; water resistance; contents,
vot,41,a8bc710c2f9b5ce8e8a52a04b14b5f9536b1f2dbedccd3d83f5d871ced0e3ed1,backpack_blue_1,00000101,corrected,backpack,dark outer body; pale gray padded back; dark shoulder straps,fabric; water resistance; contents,,,初始化索引 100：红框为手持或椅上背包，不是上衣、鞋或背景椅子。,,,GPT-6 Astra Pro,2026-10-02,conflicting,True,gb,initial,backpack,dark outer body; pale gray padded back; dark shoulder straps,fabric; water resistance; contents,
vot,42,1b1a745f5cf72130891ac720e93bfa3c007dd07249a0edb7ebfb7d26ede408de,backpack_blue_1,00000151,corrected,backpack,dark bag body; curved seams; zipper outlines,fabric; water resistance; contents,,,初始化索引 150：红框为手持或椅上背包，不是上衣、鞋或背景椅子。,,,GPT-6 Astra Pro,2026-10-02,conflicting,True,gb,initial,backpack,dark bag body; curved seams; zipper outlines,fabric; water resistance; contents,
vot,43,f9dda3ab9af1649c647da3a9ba02e9ccd45b9681a1206dd2d919f4ddadb9a6a4,backpack_blue_1,00000201,supported,backpack,dark bag body; curved seams; zipper outlines,fabric; water resistance; contents,,,初始化索引 200：红框为手持或椅上背包，不是上衣、鞋或背景椅子。,,,GPT-6 Astra Pro,2026-10-02,conflicting,True,gb,initial,backpack,dark bag body; curved seams; zipper outlines,fabric; water resistance; contents,
vot,44,7044bcfe461c105b0ce0e9f3b0f84064b5e7e7cc5c063e2919b0ec4ed77acea6,backpack_blue_1,00000251,corrected,backpack,dark bag body; curved seams; zipper outlines,fabric; water resistance; contents,,,初始化索引 250：红框为手持或椅上背包，不是上衣、鞋或背景椅子。,,,GPT-6 Astra Pro,2026-10-02,conflicting,True,gb,initial,backpack,dark bag body; curved seams; zipper outlines,fabric; water resistance; contents,
vot,45,ccde3e321cb88c4732a29bffa75c0bc3e5832ba9071d7c5ad3e9f23e300f08b6,backpack_blue_1,00000301,corrected,backpack,dark rim; pale gray-blue inner lining,fabric; water resistance; contents,,,初始化索引 300：红框是打开袋体与内衬，非椅背靠垫；开合只是当前状态。,,,GPT-6 Astra Pro,2026-10-02,conflicting,True,gb,initial,backpack,dark rim; pale gray-blue inner lining,fabric; water resistance; contents,
vot,46,ab703d7a95e1520ea22997d714c05f8bcfd6d95ad690cfcb22716ae8821b078f,backpack_blue_1,00000351,corrected,backpack,dark bag body; curved seams; zipper outlines,fabric; water resistance; contents,,,初始化索引 350：红框为手持或椅上背包，不是上衣、鞋或背景椅子。,,,GPT-6 Astra Pro,2026-10-02,conflicting,True,gb,initial,backpack,dark bag body; curved seams; zipper outlines,fabric; water resistance; contents,
vot,47,7b30f1658765e4fb23230b4a5b3b89f0e01ffe75543d37bed09cfab6ce4fa49e,backpack_blue_1,00000401,corrected,backpack,dark bag body; curved seams; zipper outlines,fabric; water resistance; contents,,,初始化索引 400：红框为手持或椅上背包，不是上衣、鞋或背景椅子。,,,GPT-6 Astra Pro,2026-10-02,conflicting,True,gb,initial,backpack,dark bag body; curved seams; zipper outlines,fabric; water resistance; contents,
vot,48,a3185aef1c1972fd4a0bb4b26edbad33f06e1d41bf5b726ae1a8815c336025e5,backpack_blue_1,00000451,corrected,backpack,dark bag body; curved seams; zipper outlines,fabric; water resistance; contents,,,初始化索引 450：红框为手持或椅上背包，不是上衣、鞋或背景椅子。,,,GPT-6 Astra Pro,2026-10-02,conflicting,True,gb,initial,backpack,dark bag body; curved seams; zipper outlines,fabric; water resistance; contents,
vot,49,f15385fb120bc0ffbef3b57af85e2ee41f518b32991ce9da48cfdeb32c23a353,backpack_blue_1,00000501,corrected,backpack,dark outer body; pale gray padded back; dark shoulder straps,fabric; water resistance; contents,,,初始化索引 500：红框为手持或椅上背包，不是上衣、鞋或背景椅子。,,,GPT-6 Astra Pro,2026-10-02,conflicting,True,gb,initial,backpack,dark outer body; pale gray padded back; dark shoulder straps,fabric; water resistance; contents,
vot,50,680fafad2020ebfc056380989042c2c4d21248cc49e9e192c2119178d4ed3341,backpack_blue_1,00000551,corrected,backpack,dark outer body; pale gray padded back; dark shoulder straps,fabric; water resistance; contents,,,初始化索引 550：红框为手持或椅上背包，不是上衣、鞋或背景椅子。,,,GPT-6 Astra Pro,2026-10-02,conflicting,True,gb,initial,backpack,dark outer body; pale gray padded back; dark shoulder straps,fabric; water resistance; contents,
vot,51,01b25626c66bc254e7bd25da50207c07a52dcd0c1796edf5a9422964af6b2b82,backpack_blue_1,00000601,corrected,backpack,dark outer body; pale gray padded back; dark shoulder straps,fabric; water resistance; contents,,,初始化索引 600：红框为手持或椅上背包，不是上衣、鞋或背景椅子。,,,GPT-6 Astra Pro,2026-10-02,conflicting,True,gb,initial,backpack,dark outer body; pale gray padded back; dark shoulder straps,fabric; water resistance; contents,
vot,52,3aeb462436daa02840adf76e38c2f0af9095bff08dc4f47213f895a5a0409320,backpack_blue_1,00000651,corrected,backpack,dark bag body; curved seams; zipper outlines,fabric; water resistance; contents,,,初始化索引 650：红框为手持或椅上背包，不是上衣、鞋或背景椅子。,,,GPT-6 Astra Pro,2026-10-02,conflicting,True,gb,initial,backpack,dark bag body; curved seams; zipper outlines,fabric; water resistance; contents,
vot,53,1e3e0277acbdd3ccb81693faa4b382dcad17cd5fda32e586fd84cb2df11c06e0,backpack_blue_1,00000701,corrected,backpack,dark bag body; curved seams; zipper outlines,fabric; water resistance; contents,,,初始化索引 700：红框为手持或椅上背包，不是上衣、鞋或背景椅子。,,,GPT-6 Astra Pro,2026-10-02,conflicting,True,gb,initial,backpack,dark bag body; curved seams; zipper outlines,fabric; water resistance; contents,
vot,54,1f38a544d75d2106d89686156bbeac10287568e1449da9bb1e5fd7f554d5f358,backpack_blue_1,00000751,uncertain,bag,dark bag edge; pale gray-blue lining,fabric; water resistance; contents,,红框含袋体和探出布偶，近邻显示取放；布偶色不作为袋体属性。,初始化索引 750：本帧袋体与布偶互相遮挡，目标范围有歧义，不能用toy替代袋体范围核验。,,,GPT-6 Astra Pro,2026-10-02,conflicting,True,gb,initial,backpack,dark bag edge; pale gray-blue lining,fabric; water resistance; contents,
vot,55,42ae233ebbf8dcc9c3c5cd38d3d4ba3fcd77edabab93c5751d0ddbac953fbc6b,backpack_blue_1,00000801,corrected,backpack,dark rim; pale gray-blue inner lining,fabric; water resistance; contents,,,初始化索引 800：红框是打开袋体与内衬，非椅背靠垫；开合只是当前状态。,,,GPT-6 Astra Pro,2026-10-02,conflicting,True,gb,initial,backpack,dark rim; pale gray-blue inner lining,fabric; water resistance; contents,
vot,56,6f7f7ef5ed457d81b321623d2e654bd1056112644fc48c5a068de79b60274673,backpack_blue_1,00000851,corrected,backpack,dark bag body; curved seams; zipper outlines,fabric; water resistance; contents,,,初始化索引 850：红框为手持或椅上背包，不是上衣、鞋或背景椅子。,,,GPT-6 Astra Pro,2026-10-02,conflicting,True,gb,initial,backpack,dark bag body; curved seams; zipper outlines,fabric; water resistance; contents,
vot,57,57b841ae8486dd86ff9230c4da12269c20fbcaaeff986edbc4cacd06e7d2a338,backpack_blue_1,00000901,supported,backpack,dark bag body; curved seams; zipper outlines,fabric; water resistance; contents,,,初始化索引 900：红框为手持或椅上背包，不是上衣、鞋或背景椅子。,,,GPT-6 Astra Pro,2026-10-02,conflicting,True,gb,initial,backpack,dark bag body; curved seams; zipper outlines,fabric; water resistance; contents,
vot,58,9d9f8926e5db751ba7bba29b96cf02f6e3e2f757e1bf54f75f20df6e0383a2c1,backpack_blue_1,00000912,supported,backpack,dark bag body; curved seams; zipper outlines,fabric; water resistance; contents,,,初始化索引 911：红框为手持或椅上背包，不是上衣、鞋或背景椅子。,,,GPT-6 Astra Pro,2026-10-02,conflicting,True,gb,initial,backpack,dark bag body; curved seams; zipper outlines,fabric; water resistance; contents,
vot,59,e8e2f8027baf2f0f704eded34901e7bde6961560f74184bc610cf3822b520388,backpack_indoor_1,00000001,corrected,backpack,black backpack; small pale-brown dangling figure; front seams,fabric; closure detail; small logo,,,初始化索引 0：红框指定黑色背包，和相邻红罐或其他黑物分开。,,,GPT-6 Astra Pro,2026-10-02,conflicting,True,gb,initial,backpack,black backpack; small pale-brown dangling figure; front seams,fabric; closure detail; small logo,
vot,60,5d51e16488c99a5468ebb66b7ac961e380cd3651ee1b400a57f001180891ffcd,backpack_indoor_1,00000051,supported,backpack,black backpack; small pale-brown dangling figure; front seams,fabric; closure detail; small logo,,,初始化索引 50：红框指定黑色背包，和相邻红罐或其他黑物分开。,,,GPT-6 Astra Pro,2026-10-02,conflicting,True,gb,initial,backpack,black backpack; small pale-brown dangling figure; front seams,fabric; closure detail; small logo,
vot,61,9d1109023ea38693aa2da1746babf4c1a83c98776236620b445f6fa94ae2e16d,backpack_indoor_1,00000101,supported,backpack,black backpack; small pale-brown dangling figure; front seams,fabric; closure detail; small logo,,,初始化索引 100：红框指定黑色背包，和相邻红罐或其他黑物分开。,,,GPT-6 Astra Pro,2026-10-02,conflicting,True,gb,initial,backpack,black backpack; small pale-brown dangling figure; front seams,fabric; closure detail; small logo,
vot,62,efc39ace0495e3f34a5157825c7e62adbb1c54c8587f51eb76abe34c4ca6dd53,backpack_indoor_1,00000151,corrected,backpack,black bag body; rounded top; front seams,fabric; closure detail; small logo,,,初始化索引 150：红框指定黑色背包，和相邻红罐或其他黑物分开。,,,GPT-6 Astra Pro,2026-10-02,conflicting,True,gb,initial,backpack,black bag body; rounded top; front seams,fabric; closure detail; small logo,
vot,63,e0234aa62b2f7affdee92714f548470bd30103d2a2e75b884e3b30bd76b58c2b,backpack_indoor_1,00000201,corrected,backpack,black bag body; rounded top; front seams,fabric; closure detail; small logo,,,初始化索引 200：红框指定黑色背包，和相邻红罐或其他黑物分开。,,,GPT-6 Astra Pro,2026-10-02,conflicting,True,gb,initial,backpack,black bag body; rounded top; front seams,fabric; closure detail; small logo,
vot,64,e602b92e2ddb4d9f9b388a5d4ff4e8aa1f7b0abafba563ba074b53373bdb7833,backpack_indoor_1,00000251,supported,backpack,black backpack; small pale-brown dangling figure; front seams,fabric; closure detail; small logo,,,初始化索引 250：红框指定黑色背包，和相邻红罐或其他黑物分开。,,,GPT-6 Astra Pro,2026-10-02,conflicting,True,gb,initial,backpack,black backpack; small pale-brown dangling figure; front seams,fabric; closure detail; small logo,
vot,65,700de4acb2e45c2f04cfff7f15c2334d260f8baa74de5ca42cf8bbceb790a794,backpack_indoor_1,00000301,corrected,backpack,black backpack; small pale-brown dangling figure; front seams,fabric; closure detail; small logo,,,初始化索引 300：红框指定黑色背包，和相邻红罐或其他黑物分开。,,,GPT-6 Astra Pro,2026-10-02,conflicting,True,gb,initial,backpack,black backpack; small pale-brown dangling figure; front seams,fabric; closure detail; small logo,
vot,66,7aca48209bc2bc8244c401116f0c35ec27e57a2d00edf3022ce150a9f9b6398d,backpack_indoor_1,00000351,corrected,backpack,black backpack; small pale-brown dangling figure; front seams,fabric; closure detail; small logo,,,初始化索引 350：红框指定黑色背包，和相邻红罐或其他黑物分开。,,,GPT-6 Astra Pro,2026-10-02,conflicting,True,gb,initial,backpack,black backpack; small pale-brown dangling figure; front seams,fabric; closure detail; small logo,
vot,67,791ecd6aeccd763181c0bb311f5709d9cfe4521f711e8f7f18b47732b4638b0f,backpack_indoor_1,00000401,corrected,backpack,black backpack; small pale-brown dangling figure; front seams,fabric; closure detail; small logo,,,初始化索引 400：红框指定黑色背包，和相邻红罐或其他黑物分开。,,,GPT-6 Astra Pro,2026-10-02,conflicting,True,gb,initial,backpack,black backpack; small pale-brown dangling figure; front seams,fabric; closure detail; small logo,
vot,68,a8ca27f8ba442d6a39b80931e18e5274132dd7a3efecbc4b82a7818c2399a73d,backpack_indoor_1,00000442,corrected,backpack,black backpack; small pale-brown dangling figure; front seams,fabric; closure detail; small logo,,,初始化索引 441：红框指定黑色背包，和相邻红罐或其他黑物分开。,,,GPT-6 Astra Pro,2026-10-02,conflicting,True,gb,initial,backpack,black backpack; small pale-brown dangling figure; front seams,fabric; closure detail; small logo,
vot,69,91c49b9c5d68515f7b547ac3cc98265f70b09f8e9839bff9d57db40fbe862218,backpack_robotarm_lab_occ_1,00000001,corrected,backpack,dark blue-black body; curved front panels; pale marks,embroidery; brand; material,,,初始化索引 0：暗室红框小物呈背包外形，非机器、镜头或手臂；微小标记工艺不确认。,,,GPT-6 Astra Pro,2026-10-02,conflicting,True,gb,initial,backpack,dark blue-black body; curved front panels; pale marks,embroidery; brand; material,
vot,70,416de75f0562e7b916ebd43930198e9bb472e5f2fbc269819e2bbfa0ffcd50e2,backpack_robotarm_lab_occ_1,00000051,corrected,backpack,dark blue-black body; curved front panels; pale marks,embroidery; brand; material,,,初始化索引 50：暗室红框小物呈背包外形，非机器、镜头或手臂；微小标记工艺不确认。,,,GPT-6 Astra Pro,2026-10-02,conflicting,True,gb,initial,backpack,dark blue-black body; curved front panels; pale marks,embroidery; brand; material,
vot,71,0e19d46f55ac820b1dbe5280f76acc8cc30ac3cbf582b086d2b2997749affd45,backpack_robotarm_lab_occ_1,00000101,uncertain,bag,partial dark curved bag body,embroidery; brand; material,,,初始化索引 100：初始化靠底边且包体截断，只能借近邻完整包体作粗类判断。,,,GPT-6 Astra Pro,2026-10-02,conflicting,True,gb,initial,bag,partial dark curved bag body,embroidery; brand; material,
vot,72,54bdb31074a41852cc5db9b01f3f2ba302d94245001722b7fc24cd3f32c540d6,backpack_robotarm_lab_occ_1,00000151,corrected,backpack,dark blue-black body; curved front panels; pale marks,embroidery; brand; material,,,初始化索引 150：暗室红框小物呈背包外形，非机器、镜头或手臂；微小标记工艺不确认。,,,GPT-6 Astra Pro,2026-10-02,conflicting,True,gb,initial,backpack,dark blue-black body; curved front panels; pale marks,embroidery; brand; material,
vot,73,8582cee0d8214d7ea7ced06696124c1031836b0eebfd4289f2ac026ef3dbc2cb,backpack_robotarm_lab_occ_1,00000201,corrected,backpack,dark blue-black body; curved front panels; pale marks,embroidery; brand; material,,,初始化索引 200：暗室红框小物呈背包外形，非机器、镜头或手臂；微小标记工艺不确认。,,,GPT-6 Astra Pro,2026-10-02,conflicting,True,gb,initial,backpack,dark blue-black body; curved front panels; pale marks,embroidery; brand; material,
vot,74,404af11947b3827365169406835eed2b145f605c11f5d5d59daf4fdfe257b736,backpack_robotarm_lab_occ_1,00000251,corrected,backpack,dark blue-black body; curved front panels; pale marks,embroidery; brand; material,,,初始化索引 250：暗室红框小物呈背包外形，非机器、镜头或手臂；微小标记工艺不确认。,,,GPT-6 Astra Pro,2026-10-02,conflicting,True,gb,initial,backpack,dark blue-black body; curved front panels; pale marks,embroidery; brand; material,
vot,75,7e43afff90e7da3463ef4666f8fcf94447d9434891e17ab77c71c38e0d85b497,backpack_robotarm_lab_occ_1,00000301,corrected,backpack,dark blue-black body; curved front panels; pale marks,embroidery; brand; material,,,初始化索引 300：暗室红框小物呈背包外形，非机器、镜头或手臂；微小标记工艺不确认。,,,GPT-6 Astra Pro,2026-10-02,conflicting,True,gb,initial,backpack,dark blue-black body; curved front panels; pale marks,embroidery; brand; material,
vot,76,e87c1b1f3022625ae97292788c1d77d7e080708c1eca8a19d37971b427995912,backpack_robotarm_lab_occ_1,00000351,corrected,backpack,dark blue-black body; curved front panels; pale marks,embroidery; brand; material,,,初始化索引 350：暗室红框小物呈背包外形，非机器、镜头或手臂；微小标记工艺不确认。,,,GPT-6 Astra Pro,2026-10-02,conflicting,True,gb,initial,backpack,dark blue-black body; curved front panels; pale marks,embroidery; brand; material,
vot,77,4e113a0b41566fa1e9ec25ab7e5c751d3f1cac61897c4801546e3f25cdbeb7a7,backpack_robotarm_lab_occ_1,00000401,corrected,backpack,dark blue-black body; curved front panels; pale marks,embroidery; brand; material,,,初始化索引 400：暗室红框小物呈背包外形，非机器、镜头或手臂；微小标记工艺不确认。,,,GPT-6 Astra Pro,2026-10-02,conflicting,True,gb,initial,backpack,dark blue-black body; curved front panels; pale marks,embroidery; brand; material,
vot,78,69cbdb2a3e40c57ff7c0c1e330d5cd61d22305440eef22b771b1326b20137b08,backpack_robotarm_lab_occ_1,00000451,corrected,backpack,dark blue-black body; curved front panels; pale marks,embroidery; brand; material,,,初始化索引 450：暗室红框小物呈背包外形，非机器、镜头或手臂；微小标记工艺不确认。,,,GPT-6 Astra Pro,2026-10-02,conflicting,True,gb,initial,backpack,dark blue-black body; curved front panels; pale marks,embroidery; brand; material,
vot,79,8c17808b1f09da05ace4b5f0efbeb5a46f6b88de02cf1f791ed856369436e01e,backpack_robotarm_lab_occ_1,00000501,corrected,backpack,dark blue-black body; curved front panels; pale marks,embroidery; brand; material,,,初始化索引 500：暗室红框小物呈背包外形，非机器、镜头或手臂；微小标记工艺不确认。,,,GPT-6 Astra Pro,2026-10-02,conflicting,True,gb,initial,backpack,dark blue-black body; curved front panels; pale marks,embroidery; brand; material,
vot,80,7b134a9c9ac6d95d674e224e2da8af2e43bb5ae7e56fcfd0bc1ad53442c5beea,backpack_robotarm_lab_occ_1,00000566,corrected,backpack,dark blue-black body; curved front panels; pale marks,embroidery; brand; material,,,初始化索引 565：暗室红框小物呈背包外形，非机器、镜头或手臂；微小标记工艺不确认。,,,GPT-6 Astra Pro,2026-10-02,conflicting,True,gb,initial,backpack,dark blue-black body; curved front panels; pale marks,embroidery; brand; material,
vot,81,f8b3ac0cd0ecaf4485d7c4c6ddfe66a9648ef0296d0ea5cbe14643d44a77c7f1,backpack_room_noocc_1_1,00000001,supported,backpack,olive green body; dark straps; stitched panels,military or hiking function; camouflage; exact fabric,,,初始化索引 0：逐条初始化均核对到绿黑背包及其朝向，不推定军用用途或迷彩。,,,GPT-6 Astra Pro,2026-10-02,conflicting,True,gb,initial,backpack,olive green body; dark straps; stitched panels,military or hiking function; camouflage; exact fabric,
vot,82,0c2e9e34bc241a67a27a771815adcab77bc8242c00c5aae7cb4228ba780a13b2,backpack_room_noocc_1_1,00000051,supported,backpack,olive green body; dark straps; stitched panels,military or hiking function; camouflage; exact fabric,,,初始化索引 50：逐条初始化均核对到绿黑背包及其朝向，不推定军用用途或迷彩。,,,GPT-6 Astra Pro,2026-10-02,conflicting,True,gb,initial,backpack,olive green body; dark straps; stitched panels,military or hiking function; camouflage; exact fabric,
vot,83,88234fc18b9630dde0e843deaabd9eb55fe0bcc62b0adda8cd8aeff9751d79ac,backpack_room_noocc_1_1,00000101,supported,backpack,olive green body; dark straps; stitched panels,military or hiking function; camouflage; exact fabric,,,初始化索引 100：逐条初始化均核对到绿黑背包及其朝向，不推定军用用途或迷彩。,,,GPT-6 Astra Pro,2026-10-02,conflicting,True,gb,initial,backpack,olive green body; dark straps; stitched panels,military or hiking function; camouflage; exact fabric,
vot,84,e5078327ef2330b44d2a96860813f34ae7f4b5b3ab94e0bd96f3f92a4474da79,backpack_room_noocc_1_1,00000151,corrected,backpack,olive green body; dark straps; stitched panels,military or hiking function; camouflage; exact fabric,,,初始化索引 150：逐条初始化均核对到绿黑背包及其朝向，不推定军用用途或迷彩。,,,GPT-6 Astra Pro,2026-10-02,conflicting,True,gb,initial,backpack,olive green body; dark straps; stitched panels,military or hiking function; camouflage; exact fabric,
vot,85,b1a01fc6067db0d72aab9dd0262b379e1fc6f539797bfe820b0031df6021366e,backpack_room_noocc_1_1,00000201,corrected,backpack,olive and dark gray back or side panels; shoulder straps; stitched contours,military or hiking function; camouflage; exact fabric,,,初始化索引 200：逐条初始化均核对到绿黑背包及其朝向，不推定军用用途或迷彩。,,,GPT-6 Astra Pro,2026-10-02,conflicting,True,gb,initial,backpack,olive and dark gray back or side panels; shoulder straps; stitched contours,military or hiking function; camouflage; exact fabric,
vot,86,282febc4afb2455ba5635a05c268313f3677447b82f77df3ca199dfd07793bdb,backpack_room_noocc_1_1,00000251,corrected,backpack,olive and dark gray back or side panels; shoulder straps; stitched contours,military or hiking function; camouflage; exact fabric,,,初始化索引 250：逐条初始化均核对到绿黑背包及其朝向，不推定军用用途或迷彩。,,,GPT-6 Astra Pro,2026-10-02,conflicting,True,gb,initial,backpack,olive and dark gray back or side panels; shoulder straps; stitched contours,military or hiking function; camouflage; exact fabric,
vot,87,cf2a3f91264a3f845e5d71eae51674881426ecad895b2275ff51c0b073a51ffa,backpack_room_noocc_1_1,00000301,corrected,backpack,olive and dark gray back or side panels; shoulder straps; stitched contours,military or hiking function; camouflage; exact fabric,,,初始化索引 300：逐条初始化均核对到绿黑背包及其朝向，不推定军用用途或迷彩。,,,GPT-6 Astra Pro,2026-10-02,conflicting,True,gb,initial,backpack,olive and dark gray back or side panels; shoulder straps; stitched contours,military or hiking function; camouflage; exact fabric,
vot,88,4779009646a417accf17ad607282f29ba1db9d60035ff0fa24e95b55ff542807,backpack_room_noocc_1_1,00000351,corrected,backpack,olive and dark gray back or side panels; shoulder straps; stitched contours,military or hiking function; camouflage; exact fabric,,,初始化索引 350：逐条初始化均核对到绿黑背包及其朝向，不推定军用用途或迷彩。,,,GPT-6 Astra Pro,2026-10-02,conflicting,True,gb,initial,,,,
vot,89,97ff8bc0788eaf940e87cf838b83d313916d6a233559a5ea775b422551057468,backpack_room_noocc_1_1,00000401,corrected,backpack,olive and dark gray back or side panels; shoulder straps; stitched contours,military or hiking function; camouflage; exact fabric,,,初始化索引 400：逐条初始化均核对到绿黑背包及其朝向，不推定军用用途或迷彩。,,,GPT-6 Astra Pro,2026-10-02,conflicting,True,gb,initial,backpack,olive and dark gray back or side panels; shoulder straps; stitched contours,military or hiking function; camouflage; exact fabric,
vot,90,4c1ded904593d86257d7b4c501bad60904da18a7fb8431215db01bf4ed13ed6d,backpack_room_noocc_1_1,00000451,corrected,backpack,olive and dark gray back or side panels; shoulder straps; stitched contours,military or hiking function; camouflage; exact fabric,,,初始化索引 450：逐条初始化均核对到绿黑背包及其朝向，不推定军用用途或迷彩。,,,GPT-6 Astra Pro,2026-10-02,conflicting,True,gb,initial,backpack,olive and dark gray back or side panels; shoulder straps; stitched contours,military or hiking function; camouflage; exact fabric,
vot,91,21a4b0b545a5abea9c3bc4ce802cdcd2933466c2b654716a84c763ecf993e23d,backpack_room_noocc_1_1,00000501,corrected,backpack,olive and dark gray back or side panels; shoulder straps; stitched contours,military or hiking function; camouflage; exact fabric,,,初始化索引 500：逐条初始化均核对到绿黑背包及其朝向，不推定军用用途或迷彩。,,,GPT-6 Astra Pro,2026-10-02,conflicting,True,gb,initial,backpack,olive and dark gray back or side panels; shoulder straps; stitched contours,military or hiking function; camouflage; exact fabric,
vot,92,3b3470a4c077d6ab4e3f61aa766b5f2696a61bda407b589ea3b361e412cedee6,backpack_room_noocc_1_1,00000551,corrected,backpack,olive and dark gray back or side panels; shoulder straps; stitched contours,military or hiking function; camouflage; exact fabric,,,初始化索引 550：逐条初始化均核对到绿黑背包及其朝向，不推定军用用途或迷彩。,,,GPT-6 Astra Pro,2026-10-02,conflicting,True,gb,initial,backpack,olive and dark gray back or side panels; shoulder straps; stitched contours,military or hiking function; camouflage; exact fabric,
vot,93,367224ba8033b165e758b7882ab395b4cbc960ea065e9d344f8679f88d9e5a37,backpack_room_noocc_1_1,00000601,corrected,backpack,olive and dark gray back or side panels; shoulder straps; stitched contours,military or hiking function; camouflage; exact fabric,,,初始化索引 600：逐条初始化均核对到绿黑背包及其朝向，不推定军用用途或迷彩。,,,GPT-6 Astra Pro,2026-10-02,conflicting,True,gb,initial,backpack,olive and dark gray back or side panels; shoulder straps; stitched contours,military or hiking function; camouflage; exact fabric,
vot,94,602112ce5cfaa2ce169d2c8b5a78fc39ca6058c2e64127683a182513833eb88d,backpack_room_noocc_1_1,00000651,corrected,backpack,olive and dark gray back or side panels; shoulder straps; stitched contours,military or hiking function; camouflage; exact fabric,,,初始化索引 650：逐条初始化均核对到绿黑背包及其朝向，不推定军用用途或迷彩。,,,GPT-6 Astra Pro,2026-10-02,conflicting,True,gb,initial,backpack,olive and dark gray back or side panels; shoulder straps; stitched contours,military or hiking function; camouflage; exact fabric,
vot,95,1e760780b45cf83675212f947c47266a1f7ffb52d5a7e3a67e26b6546d48630e,backpack_room_noocc_1_1,00000701,supported,backpack,olive green body; dark straps; stitched panels,military or hiking function; camouflage; exact fabric,,,初始化索引 700：逐条初始化均核对到绿黑背包及其朝向，不推定军用用途或迷彩。,,,GPT-6 Astra Pro,2026-10-02,conflicting,True,gb,initial,backpack,olive green body; dark straps; stitched panels,military or hiking function; camouflage; exact fabric,
vot,96,6e0937e7c69c26906afef7459df47bf89ff653fddacb09cbb40b25daa9cb9902,backpack_room_noocc_1_1,00000751,corrected,backpack,olive green body; dark straps; stitched panels,military or hiking function; camouflage; exact fabric,,,初始化索引 750：逐条初始化均核对到绿黑背包及其朝向，不推定军用用途或迷彩。,,,GPT-6 Astra Pro,2026-10-02,conflicting,True,gb,initial,backpack,olive green body; dark straps; stitched panels,military or hiking function; camouflage; exact fabric,
vot,97,88bc9f3722d9b909106c267e9dafa97759a9b2a1b29ed65eaf2b6e2d75ab93f0,backpack_room_noocc_1_1,00000801,supported,backpack,olive green body; dark straps; stitched panels,military or hiking function; camouflage; exact fabric,,,初始化索引 800：逐条初始化均核对到绿黑背包及其朝向，不推定军用用途或迷彩。,,,GPT-6 Astra Pro,2026-10-02,conflicting,True,gb,initial,backpack,olive green body; dark straps; stitched panels,military or hiking function; camouflage; exact fabric,
vot,98,347679a472939a8a69bc763de1c2490ba71ecd14d7600793f8e09004b86bff85,backpack_room_noocc_1_1,00000851,corrected,backpack,olive green body; dark straps; stitched panels,military or hiking function; camouflage; exact fabric,,,初始化索引 850：逐条初始化均核对到绿黑背包及其朝向，不推定军用用途或迷彩。,,,GPT-6 Astra Pro,2026-10-02,conflicting,True,gb,initial,backpack,olive green body; dark straps; stitched panels,military or hiking function; camouflage; exact fabric,
vot,99,c223a4656b56df812709e9238e9da075903be4e3f9c83fab554a5943dd8de0a4,backpack_room_noocc_1_1,00000901,corrected,backpack,olive green body; dark straps; stitched panels,military or hiking function; camouflage; exact fabric,,,初始化索引 900：逐条初始化均核对到绿黑背包及其朝向，不推定军用用途或迷彩。,,,GPT-6 Astra Pro,2026-10-02,conflicting,True,gb,initial,backpack,olive green body; dark straps; stitched panels,military or hiking function; camouflage; exact fabric,
vot,100,939bfff2780a76543a023194c084267cd0cb617b9d7b8adaf7f3d7aefa685a1e,backpack_room_noocc_1_1,00000951,supported,backpack,olive green body; dark straps; stitched panels,military or hiking function; camouflage; exact fabric,,,初始化索引 950：逐条初始化均核对到绿黑背包及其朝向，不推定军用用途或迷彩。,,,GPT-6 Astra Pro,2026-10-02,conflicting,True,gb,initial,backpack,olive green body; dark straps; stitched panels,military or hiking function; camouflage; exact fabric,
vot,101,3c3d896092fca9a4839c87f0c256597dda856f619160ef3d8484ebaa0cd5beb7,backpack_room_noocc_1_1,00001001,supported,backpack,olive green body; dark straps; stitched panels,military or hiking function; camouflage; exact fabric,,,初始化索引 1000：逐条初始化均核对到绿黑背包及其朝向，不推定军用用途或迷彩。,,,GPT-6 Astra Pro,2026-10-02,conflicting,True,gb,initial,backpack,olive green body; dark straps; stitched panels,military or hiking function; camouflage; exact fabric,
vot,102,b6377db06e6075e31916fcc1e11a8155192260bd54aec41979c8fbda309b2f24,backpack_room_noocc_1_1,00001051,supported,backpack,olive green body; dark straps; stitched panels,military or hiking function; camouflage; exact fabric,,,初始化索引 1050：逐条初始化均核对到绿黑背包及其朝向，不推定军用用途或迷彩。,,,GPT-6 Astra Pro,2026-10-02,conflicting,True,gb,initial,backpack,olive green body; dark straps; stitched panels,military or hiking function; camouflage; exact fabric,
vot,103,a8c0850c86ddeea9d18184a515ba40ab7fe1b3c82f40e05424fd78ce9e9b1c2d,backpack_room_noocc_1_1,00001101,supported,backpack,olive green body; dark straps; stitched panels,military or hiking function; camouflage; exact fabric,,,初始化索引 1100：逐条初始化均核对到绿黑背包及其朝向，不推定军用用途或迷彩。,,,GPT-6 Astra Pro,2026-10-02,conflicting,True,gb,initial,backpack,olive green body; dark straps; stitched panels,military or hiking function; camouflage; exact fabric,
vot,104,b68b92481f296dc64562ca5534ce9d5e62c63d2a9799cebc0be456e25a4e3bd8,backpack_room_noocc_1_1,00001151,corrected,backpack,olive green body; dark straps; stitched panels,military or hiking function; camouflage; exact fabric,,,初始化索引 1150：逐条初始化均核对到绿黑背包及其朝向，不推定军用用途或迷彩。,,,GPT-6 Astra Pro,2026-10-02,conflicting,True,gb,initial,backpack,olive green body; dark straps; stitched panels,military or hiking function; camouflage; exact fabric,
vot,105,9834dc39fd9b25b708b53b4e05f31c0dd1cb258c6791f111a8c2ec556ade5211,backpack_room_noocc_1_1,00001201,corrected,backpack,olive green body; dark straps; stitched panels,military or hiking function; camouflage; exact fabric,,,初始化索引 1200：逐条初始化均核对到绿黑背包及其朝向，不推定军用用途或迷彩。,,,GPT-6 Astra Pro,2026-10-02,conflicting,True,gb,initial,backpack,olive green body; dark straps; stitched panels,military or hiking function; camouflage; exact fabric,
vot,106,fc28bf9845e6a7f3da66f105cb4d074607ec68012759c23fdc9d739a2cbdc87d,backpack_room_noocc_1_1,00001251,corrected,backpack,olive and dark gray back or side panels; shoulder straps; stitched contours,military or hiking function; camouflage; exact fabric,,,初始化索引 1250：逐条初始化均核对到绿黑背包及其朝向，不推定军用用途或迷彩。,,,GPT-6 Astra Pro,2026-10-02,conflicting,True,gb,initial,backpack,olive and dark gray back or side panels; shoulder straps; stitched contours,military or hiking function; camouflage; exact fabric,
vot,107,af2033bb199d665bc10470fe05a063ed6108750f4bbbf18f707eb20df21aa2de,backpack_room_noocc_1_1,00001301,corrected,backpack,olive and dark gray back or side panels; shoulder straps; stitched contours,military or hiking function; camouflage; exact fabric,,,初始化索引 1300：逐条初始化均核对到绿黑背包及其朝向，不推定军用用途或迷彩。,,,GPT-6 Astra Pro,2026-10-02,conflicting,True,gb,initial,backpack,olive and dark gray back or side panels; shoulder straps; stitched contours,military or hiking function; camouflage; exact fabric,
vot,108,05f8b28e6d26f1a0f5f78b369a7fdad11c91ff3c1a1e349dd9635f2cc09cc060,backpack_room_noocc_1_1,00001351,corrected,backpack,olive and dark gray back or side panels; shoulder straps; stitched contours,military or hiking function; camouflage; exact fabric,,,初始化索引 1350：逐条初始化均核对到绿黑背包及其朝向，不推定军用用途或迷彩。,,,GPT-6 Astra Pro,2026-10-02,conflicting,True,gb,initial,backpack,olive and dark gray back or side panels; shoulder straps; stitched contours,military or hiking function; camouflage; exact fabric,
vot,109,35ae58126a70297b415e83d0ea3847ed8b825cb01a31fd5bb3e0d798ee2a50f3,backpack_room_noocc_1_1,00001367,supported,backpack,olive green body; dark straps; stitched panels,military or hiking function; camouflage; exact fabric,,,初始化索引 1366：逐条初始化均核对到绿黑背包及其朝向，不推定军用用途或迷彩。,,,GPT-6 Astra Pro,2026-10-02,conflicting,True,gb,initial,backpack,olive green body; dark straps; stitched panels,military or hiking function; camouflage; exact fabric,
vot,110,d45bfa2f452e3a71a909774676a96dd2b0c895a4030a09fb93f4a1e3519771a5,bag01_indoor_1,00000001,corrected,pouch,red flexible pouch; white curved stripes; dark edge,material; wording; closure,,邻近/概览辅助袋状物转向；未见的面不回填。,初始化索引 0：红框为悬挂小红袋状物，不是背景画板、另一只杯或人物衣物。,,,GPT-6 Astra Pro,2026-10-02,conflicting,True,gb,initial,bag,red flexible pouch; white curved stripes; dark edge,material; wording; closure,
vot,111,b02f50a8d20b7355b19693c1e9348cca847ace64b9fec36afdbdac2441d3cd5a,bag01_indoor_1,00000051,corrected,pouch,red flexible pouch; white curved stripes; dark edge,material; wording; closure,,邻近/概览辅助袋状物转向；未见的面不回填。,初始化索引 50：红框为悬挂小红袋状物，不是背景画板、另一只杯或人物衣物。,,,GPT-6 Astra Pro,2026-10-02,conflicting,True,gb,initial,bag,red flexible pouch; white curved stripes; dark edge,material; wording; closure,
vot,112,29e530f061f52f73c6fff861d5161e3fbce53659c79e064f0f696b7a4909aa7c,bag01_indoor_1,00000101,corrected,pouch,red flexible body; white curved printed stripes,material; wording; closure,,邻近/概览辅助袋状物转向；未见的面不回填。,初始化索引 100：红框为悬挂小红袋状物，不是背景画板、另一只杯或人物衣物。,,,GPT-6 Astra Pro,2026-10-02,conflicting,True,gb,initial,bag,red flexible body; white curved printed stripes,material; wording; closure,
vot,113,78a1dd7f8cab968aea94be247b6f56ccbf50ac1e7fb2ae812c72c6e84d583792,bag01_indoor_1,00000151,corrected,pouch,red flexible body; white curved printed stripes,material; wording; closure,,邻近/概览辅助袋状物转向；未见的面不回填。,初始化索引 150：红框为悬挂小红袋状物，不是背景画板、另一只杯或人物衣物。,,,GPT-6 Astra Pro,2026-10-02,conflicting,True,gb,initial,bag,red flexible body; white curved printed stripes,material; wording; closure,
vot,114,1341bb756b8b25ff234287650e758cf6022b09aa209e3e242d4e83b5d4288695,bag01_indoor_1,00000201,corrected,pouch,red flexible pouch; white curved stripes; dark edge,material; wording; closure,,邻近/概览辅助袋状物转向；未见的面不回填。,初始化索引 200：红框为悬挂小红袋状物，不是背景画板、另一只杯或人物衣物。,,,GPT-6 Astra Pro,2026-10-02,conflicting,True,gb,initial,bag,red flexible pouch; white curved stripes; dark edge,material; wording; closure,
vot,115,cf6c2713ef57cc73ac2e8c8af9687e920058fbc7b43928092ddc5f4d5f4df408,bag01_indoor_1,00000251,corrected,pouch,red flexible body; white curved printed stripes,material; wording; closure,,邻近/概览辅助袋状物转向；未见的面不回填。,初始化索引 250：红框为悬挂小红袋状物，不是背景画板、另一只杯或人物衣物。,,,GPT-6 Astra Pro,2026-10-02,conflicting,True,gb,initial,bag,red flexible body; white curved printed stripes,material; wording; closure,
vot,116,fe8b351c09eff6ec51edb745d740f34cefd36f968c1cbf8b506863d1e66c5979,bag01_indoor_1,00000301,corrected,pouch,red flexible pouch; white curved stripes; dark edge,material; wording; closure,,邻近/概览辅助袋状物转向；未见的面不回填。,初始化索引 300：红框为悬挂小红袋状物，不是背景画板、另一只杯或人物衣物。,,,GPT-6 Astra Pro,2026-10-02,conflicting,True,gb,initial,bag,red flexible pouch; white curved stripes; dark edge,material; wording; closure,
vot,117,f4283aaafca848d6649cf8f3d1fe0206333785741525db043e9000618f1914b5,bag01_indoor_1,00000334,uncertain,pouch,small red blurred body; pale mark,material; wording; closure,,邻近/概览辅助袋状物转向；未见的面不回填。,初始化索引 333：红框处为红色运动小物，形状/纹理不足；pouch只作近邻辅助粗判断。,,,GPT-6 Astra Pro,2026-10-02,conflicting,True,gb,initial,bag,small red blurred body; pale mark,material; wording; closure,
vot,118,36ca8f97fe92861d71d7352a6af93fb3b79644ad9be5abbba919be2777c4d377,bag01_indoor_2,00000001,corrected,pouch,red flexible pouch; white curved stripes; dark edge,material; wording; closure,,邻近/概览辅助袋状物转向；未见的面不回填。,初始化索引 0：红框为悬挂小红袋状物，不是背景画板、另一只杯或人物衣物。,,,GPT-6 Astra Pro,2026-10-02,conflicting,True,gb,initial,bag,red flexible pouch; white curved stripes; dark edge,material; wording; closure,
vot,119,74351920539559bd9ce8d758135792d7e7c26b70a1a3237b8cdec44917edc7ae,bag01_indoor_2,00000051,uncertain,pouch,small red blurred body; pale mark,material; wording; closure,,邻近/概览辅助袋状物转向；未见的面不回填。,初始化索引 50：红框处为红色运动小物，形状/纹理不足；pouch只作近邻辅助粗判断。,,,GPT-6 Astra Pro,2026-10-02,conflicting,True,gb,initial,bag,small red blurred body; pale mark,material; wording; closure,
vot,120,62ad9dcb00891324cc60c9ddeb0cc660125fbde364bea464db0898b0440c5987,bag01_indoor_2,00000101,corrected,pouch,red flexible pouch; white curved stripes; dark edge,material; wording; closure,,邻近/概览辅助袋状物转向；未见的面不回填。,初始化索引 100：红框为悬挂小红袋状物，不是背景画板、另一只杯或人物衣物。,,,GPT-6 Astra Pro,2026-10-02,conflicting,True,gb,initial,bag,red flexible pouch; white curved stripes; dark edge,material; wording; closure,
vot,121,f42a979874207a2495ad9171f2bc9a1b82bfbb7e8196e83f7b3967011136b8bd,bag01_indoor_2,00000151,corrected,pouch,red flexible body; white curved printed stripes,material; wording; closure,,邻近/概览辅助袋状物转向；未见的面不回填。,初始化索引 150：红框为悬挂小红袋状物，不是背景画板、另一只杯或人物衣物。,,,GPT-6 Astra Pro,2026-10-02,conflicting,True,gb,initial,bag,red flexible body; white curved printed stripes,material; wording; closure,
vot,122,f7b635ee155add40c2cac0adcbb1d0300adc722221901f7cebf450b197790162,bag01_indoor_2,00000214,corrected,pouch,red flexible pouch; white curved stripes; dark edge,material; wording; closure,,邻近/概览辅助袋状物转向；未见的面不回填。,初始化索引 213：红框为悬挂小红袋状物，不是背景画板、另一只杯或人物衣物。,,,GPT-6 Astra Pro,2026-10-02,conflicting,True,gb,initial,bag,red flexible pouch; white curved stripes; dark edge,material; wording; closure,
vot,123,21f1a8562cece64b37a3b1e005dd7bc0e0792f8a9e09e80670c8375c78185d58,bag01_indoor_2,00000251,uncertain,pouch,small red blurred body; pale mark,material; wording; closure,,邻近/概览辅助袋状物转向；未见的面不回填。,初始化索引 250：红框处为红色运动小物，形状/纹理不足；pouch只作近邻辅助粗判断。,,,GPT-6 Astra Pro,2026-10-02,conflicting,True,gb,initial,bag,small red blurred body; pale mark,material; wording; closure,
vot,124,5697485119d746191d5b80abd436469ab824c3dd6151c204510317243f48a622,bag01_indoor_2,00000301,uncertain,pouch,small red blurred body; pale mark,material; wording; closure,,邻近/概览辅助袋状物转向；未见的面不回填。,初始化索引 300：红框处为红色运动小物，形状/纹理不足；pouch只作近邻辅助粗判断。,,,GPT-6 Astra Pro,2026-10-02,conflicting,True,gb,initial,bag,small red blurred body; pale mark,material; wording; closure,
vot,125,4403b2c9e25fc60f3075e0d2b12427a89fb65d07d73acc9574203d2ecf2104d9,bag01_indoor_2,00000351,uncertain,pouch,small red blurred body; pale mark,material; wording; closure,,邻近/概览辅助袋状物转向；未见的面不回填。,初始化索引 350：红框处为红色运动小物，形状/纹理不足；pouch只作近邻辅助粗判断。,,,GPT-6 Astra Pro,2026-10-02,conflicting,True,gb,initial,bag,small red blurred body; pale mark,material; wording; closure,
vot,126,7d31636f0682ff59ec9106daeaee004e8f6677073200e79260c85f148a630b44,bag01_indoor_2,00000401,corrected,pouch,red flexible body; white curved printed stripes,material; wording; closure,,邻近/概览辅助袋状物转向；未见的面不回填。,初始化索引 400：红框为悬挂小红袋状物，不是背景画板、另一只杯或人物衣物。,,,GPT-6 Astra Pro,2026-10-02,conflicting,True,gb,initial,bag,red flexible body; white curved printed stripes,material; wording; closure,
vot,127,d48c84c2b6421dab4e0faf8c358494692ca1a6db7f2ab2f35db4f1403cbdc5fe,bag01_indoor_2,00000451,corrected,pouch,red flexible pouch; white curved stripes; dark edge,material; wording; closure,,邻近/概览辅助袋状物转向；未见的面不回填。,初始化索引 450：红框为悬挂小红袋状物，不是背景画板、另一只杯或人物衣物。,,,GPT-6 Astra Pro,2026-10-02,conflicting,True,gb,initial,bag,red flexible pouch; white curved stripes; dark edge,material; wording; closure,
vot,128,d87e6f832f47217b279e9a78f6868ca0027cef5bb244a1b4123204be07a9e2ba,bag01_indoor_2,00000501,uncertain,pouch,small red blurred body; pale mark,material; wording; closure,,邻近/概览辅助袋状物转向；未见的面不回填。,初始化索引 500：红框处为红色运动小物，形状/纹理不足；pouch只作近邻辅助粗判断。,,,GPT-6 Astra Pro,2026-10-02,conflicting,True,gb,initial,bag,small red blurred body; pale mark,material; wording; closure,
vot,129,95e0c65123f2d5a82b5e957c25a102631981281ec67ef03974c3531b57d91105,bag01_indoor_2,00000551,corrected,pouch,red flexible pouch; white curved stripes; dark edge,material; wording; closure,,邻近/概览辅助袋状物转向；未见的面不回填。,初始化索引 550：红框为悬挂小红袋状物，不是背景画板、另一只杯或人物衣物。,,,GPT-6 Astra Pro,2026-10-02,conflicting,True,gb,initial,bag,red flexible pouch; white curved stripes; dark edge,material; wording; closure,
vot,130,81087ec90e8b12d723cdcd7296fe59bc81886f58c08649eafce9487247ab62c2,bag01_indoor_2,00000601,corrected,pouch,red flexible pouch; white curved stripes; dark edge,material; wording; closure,,邻近/概览辅助袋状物转向；未见的面不回填。,初始化索引 600：红框为悬挂小红袋状物，不是背景画板、另一只杯或人物衣物。,,,GPT-6 Astra Pro,2026-10-02,conflicting,True,gb,initial,bag,red flexible pouch; white curved stripes; dark edge,material; wording; closure,
vot,131,6c047da053b21f66f9056cbe4b9019bc0788b313f966ea77e84b6b9bed34c2aa,bag01_indoor_2,00000651,uncertain,pouch,small red blurred body; pale mark,material; wording; closure,,邻近/概览辅助袋状物转向；未见的面不回填。,初始化索引 650：红框处为红色运动小物，形状/纹理不足；pouch只作近邻辅助粗判断。,,,GPT-6 Astra Pro,2026-10-02,conflicting,True,gb,initial,bag,small red blurred body; pale mark,material; wording; closure,
vot,132,800c14fe8cb2ec6c1f4506380c1fb1e5d86af0c255574a2bfe2fe07e478526ba,bag01_indoor_2,00000701,corrected,pouch,red flexible pouch; white curved stripes; dark edge,material; wording; closure,,邻近/概览辅助袋状物转向；未见的面不回填。,初始化索引 700：红框为悬挂小红袋状物，不是背景画板、另一只杯或人物衣物。,,,GPT-6 Astra Pro,2026-10-02,conflicting,True,gb,initial,bag,red flexible pouch; white curved stripes; dark edge,material; wording; closure,
vot,133,dced38f2568013db8da00ae3494813c67cc69a6e81bbce4cc4fdd87853eef24d,bag01_indoor_2,00000751,uncertain,pouch,small red blurred body; pale mark,material; wording; closure,,邻近/概览辅助袋状物转向；未见的面不回填。,初始化索引 750：红框处为红色运动小物，形状/纹理不足；pouch只作近邻辅助粗判断。,,,GPT-6 Astra Pro,2026-10-02,conflicting,True,gb,initial,bag,small red blurred body; pale mark,material; wording; closure,
vot,134,591fb7dac058bf1ff602a9b8e3de5cba00a306f68c7525500ac5315dd655c7d4,bag01_indoor_2,00000801,uncertain,pouch,small red blurred body; pale mark,material; wording; closure,,邻近/概览辅助袋状物转向；未见的面不回填。,初始化索引 800：红框处为红色运动小物，形状/纹理不足；pouch只作近邻辅助粗判断。,,,GPT-6 Astra Pro,2026-10-02,conflicting,True,gb,initial,bag,small red blurred body; pale mark,material; wording; closure,
vot,135,fe81d256fd969c212d2c96002438d11100cb280829a1012d251679bab43611b5,bag01_indoor_2,00000851,uncertain,pouch,small red blurred body; pale mark,material; wording; closure,,邻近/概览辅助袋状物转向；未见的面不回填。,初始化索引 850：红框处为红色运动小物，形状/纹理不足；pouch只作近邻辅助粗判断。,,,GPT-6 Astra Pro,2026-10-02,conflicting,True,gb,initial,bag,small red blurred body; pale mark,material; wording; closure,
vot,136,2abc4befad4a2050d9faa861cf8d0345e7250765fcedb2f16f0fe2e2af71b79a,bag01_indoor_2,00000901,uncertain,pouch,small red blurred body; pale mark,material; wording; closure,,邻近/概览辅助袋状物转向；未见的面不回填。,初始化索引 900：红框处为红色运动小物，形状/纹理不足；pouch只作近邻辅助粗判断。,,,GPT-6 Astra Pro,2026-10-02,conflicting,True,gb,initial,bag,small red blurred body; pale mark,material; wording; closure,
vot,137,e2fb347d6d56f9d199743e2f08f262c3b2f81ea261719ce8dfd2896aecc3bdc8,bag01_indoor_2,00000955,uncertain,pouch,small red blurred body; pale mark,material; wording; closure,,邻近/概览辅助袋状物转向；未见的面不回填。,初始化索引 954：红框处为红色运动小物，形状/纹理不足；pouch只作近邻辅助粗判断。,,,GPT-6 Astra Pro,2026-10-02,conflicting,True,gb,initial,bag,small red blurred body; pale mark,material; wording; closure,
vot,138,34c6dece5d1ed7458b097f904af784a83bf4b786f148d2b7621b6e9a8151e737,bag01_indoor_2,00000972,uncertain,pouch,small red blurred body; pale mark,material; wording; closure,,邻近/概览辅助袋状物转向；未见的面不回填。,初始化索引 971：红框处为红色运动小物，形状/纹理不足；pouch只作近邻辅助粗判断。,,,GPT-6 Astra Pro,2026-10-02,conflicting,True,gb,initial,bag,small red blurred body; pale mark,material; wording; closure,
vot,139,6a507dd96f656857a4b65691f610981c6c81bc696ceade73deee94facbd7a443,bag01_indoor_4,00000001,uncertain,pouch,small red blurred body; pale mark,material; wording; closure,,邻近/概览辅助袋状物转向；未见的面不回填。,初始化索引 0：红框处为红色运动小物，形状/纹理不足；pouch只作近邻辅助粗判断。,,,GPT-6 Astra Pro,2026-10-02,conflicting,True,gb,initial,bag,small red blurred body; pale mark,material; wording; closure,
vot,140,5fb5825f1aca9a6df0b4c1e0af68dc9811d08bf12df6e0099e9b25a3502582fb,bag01_indoor_4,00000051,uncertain,pouch,small red blurred body; pale mark,material; wording; closure,,邻近/概览辅助袋状物转向；未见的面不回填。,初始化索引 50：红框处为红色运动小物，形状/纹理不足；pouch只作近邻辅助粗判断。,,,GPT-6 Astra Pro,2026-10-02,conflicting,True,gb,initial,bag,small red blurred body; pale mark,material; wording; closure,
vot,141,a61716e110e7029c3bd56b227a838ab897df35a5f992e3a1af94c3152418f8d3,bag01_indoor_4,00000111,uncertain,pouch,small red blurred body; pale mark,material; wording; closure,,邻近/概览辅助袋状物转向；未见的面不回填。,初始化索引 110：红框处为红色运动小物，形状/纹理不足；pouch只作近邻辅助粗判断。,,,GPT-6 Astra Pro,2026-10-02,conflicting,True,gb,initial,bag,small red blurred body; pale mark,material; wording; closure,
vot,142,d559170e1915b28ef61370d546c4919cf7aec9559a1b79eaac5c14e08ecbbec8,bag01_indoor_4,00000154,uncertain,pouch,small red blurred body; pale mark,material; wording; closure,,邻近/概览辅助袋状物转向；未见的面不回填。,初始化索引 153：红框处为红色运动小物，形状/纹理不足；pouch只作近邻辅助粗判断。,,,GPT-6 Astra Pro,2026-10-02,conflicting,True,gb,initial,bag,small red blurred body; pale mark,material; wording; closure,
vot,143,4e5a1c4f02c08bb7c772125fea1e87c42a3f2373419a6a8bdd900e9af3d29571,bag01_indoor_4,00000201,uncertain,pouch,small red blurred body; pale mark,material; wording; closure,,邻近/概览辅助袋状物转向；未见的面不回填。,初始化索引 200：红框处为红色运动小物，形状/纹理不足；pouch只作近邻辅助粗判断。,,,GPT-6 Astra Pro,2026-10-02,conflicting,True,gb,initial,bag,small red blurred body; pale mark,material; wording; closure,
vot,144,0d4074197f30b79ad3f83f406f8e0000d89dfc56bd94b7b5594c68383735f265,bag01_indoor_4,00000251,corrected,pouch,red flexible pouch; white curved stripes; dark edge,material; wording; closure,,邻近/概览辅助袋状物转向；未见的面不回填。,初始化索引 250：红框为悬挂小红袋状物，不是背景画板、另一只杯或人物衣物。,,,GPT-6 Astra Pro,2026-10-02,conflicting,True,gb,initial,bag,red flexible pouch; white curved stripes; dark edge,material; wording; closure,
vot,145,132869f48d09898278f0b39174438d3662f38033f60735f3b243301981ec48d6,bag01_indoor_4,00000301,corrected,pouch,red flexible pouch; white curved stripes; dark edge,material; wording; closure,,邻近/概览辅助袋状物转向；未见的面不回填。,初始化索引 300：红框为悬挂小红袋状物，不是背景画板、另一只杯或人物衣物。,,,GPT-6 Astra Pro,2026-10-02,conflicting,True,gb,initial,bag,red flexible pouch; white curved stripes; dark edge,material; wording; closure,
vot,146,0d4edceb5b00ee13479726b487b26ac2024974f2072cdf47ba274960b97d6d99,bag01_indoor_4,00000351,corrected,pouch,red flexible pouch; white curved stripes; dark edge,material; wording; closure,,邻近/概览辅助袋状物转向；未见的面不回填。,初始化索引 350：红框为悬挂小红袋状物，不是背景画板、另一只杯或人物衣物。,,,GPT-6 Astra Pro,2026-10-02,conflicting,True,gb,initial,bag,red flexible pouch; white curved stripes; dark edge,material; wording; closure,
vot,147,69e4ea18dbf0252d58e9f49fb6a700929185ff6621adabb3f79574b32df8dc27,bag01_indoor_4,00000397,corrected,pouch,red flexible pouch; white curved stripes; dark edge,material; wording; closure,,邻近/概览辅助袋状物转向；未见的面不回填。,初始化索引 396：红框为悬挂小红袋状物，不是背景画板、另一只杯或人物衣物。,,,GPT-6 Astra Pro,2026-10-02,conflicting,True,gb,initial,bag,red flexible pouch; white curved stripes; dark edge,material; wording; closure,
vot,148,b3e2d28a0133312c72aee8910d06f0fdecff20a72c1f322bb3c52174ea9c3fb3,bag02_indoor_1,00000001,uncertain,object,dark rounded rectangular or narrow-side silhouette,category; texture; material; function,,多帧能见小物摆动，但用途部件不清，不以文件名定类。,初始化索引 0：红框为空中或椅前黑色小物，不是桌上红罐；红色框线也不是物体红边。,,,GPT-6 Astra Pro,2026-10-02,conflicting,True,gb,initial,bag,dark rounded rectangular or narrow-side silhouette,category; texture; material; function,
vot,149,1a149b3b15fafc12e77c5078826c4188774b5baa7b6cd92f9f54d7aae66a8335,bag02_indoor_1,00000051,uncertain,object,very dark partly merged patch,category; texture; material; function,,多帧能见小物摆动，但用途部件不清，不以文件名定类。,初始化索引 50：小物与黑椅/暗背景重叠，不能硬读边界；原红罐等建议未获支持。,,,GPT-6 Astra Pro,2026-10-02,conflicting,True,gb,initial,bag,very dark partly merged patch,category; texture; material; function,
vot,150,e1b0c7635e7fb6b8ae59964f571598877ca2fbc3f6ac1593ca65e5dcaaa2ac0d,bag02_indoor_1,00000096,uncertain,object,dark rounded rectangular or narrow-side silhouette,category; texture; material; function,,多帧能见小物摆动，但用途部件不清，不以文件名定类。,初始化索引 95：红框为空中或椅前黑色小物，不是桌上红罐；红色框线也不是物体红边。,,,GPT-6 Astra Pro,2026-10-02,conflicting,True,gb,initial,bag,dark rounded rectangular or narrow-side silhouette,category; texture; material; function,
vot,151,635a5f6e513f51f2ab5bac45926430bc898d879eb184fb1cb73afe5c04b2d4d3,bag02_indoor_1,00000140,uncertain,object,dark rounded rectangular or narrow-side silhouette,category; texture; material; function,,多帧能见小物摆动，但用途部件不清，不以文件名定类。,初始化索引 139：红框为空中或椅前黑色小物，不是桌上红罐；红色框线也不是物体红边。,,,GPT-6 Astra Pro,2026-10-02,conflicting,True,gb,initial,bag,dark rounded rectangular or narrow-side silhouette,category; texture; material; function,
vot,152,278e474a261a14cf002b8ac384ffb952e7c10e6c64ddf76987659228231cfeba,bag02_indoor_1,00000201,uncertain,object,dark rounded rectangular or narrow-side silhouette,category; texture; material; function,,多帧能见小物摆动，但用途部件不清，不以文件名定类。,初始化索引 200：红框为空中或椅前黑色小物，不是桌上红罐；红色框线也不是物体红边。,,,GPT-6 Astra Pro,2026-10-02,conflicting,True,gb,initial,bag,dark rounded rectangular or narrow-side silhouette,category; texture; material; function,
vot,153,fa1474dc8897722ba19a892de00a705402c1ae3384ce33ea82b0ef28db70c88b,bag02_indoor_1,00000251,uncertain,object,very dark partly merged patch,category; texture; material; function,,多帧能见小物摆动，但用途部件不清，不以文件名定类。,初始化索引 250：小物与黑椅/暗背景重叠，不能硬读边界；原红罐等建议未获支持。,,,GPT-6 Astra Pro,2026-10-02,conflicting,True,gb,initial,bag,very dark partly merged patch,category; texture; material; function,
vot,154,d50256d47804ccff9ec79a6c4115f086355d3e31c579fb240acd6d31f97406a9,bag02_indoor_1,00000301,uncertain,object,very dark partly merged patch,category; texture; material; function,,多帧能见小物摆动，但用途部件不清，不以文件名定类。,初始化索引 300：小物与黑椅/暗背景重叠，不能硬读边界；原红罐等建议未获支持。,,,GPT-6 Astra Pro,2026-10-02,conflicting,True,gb,initial,bag,very dark partly merged patch,category; texture; material; function,
vot,155,8445d8583d75893eb17464acc28b0305a28e3b8d9ff931177947e82aa0f6cf3a,bag02_indoor_1,00000351,uncertain,object,very dark partly merged patch,category; texture; material; function,,多帧能见小物摆动，但用途部件不清，不以文件名定类。,初始化索引 350：小物与黑椅/暗背景重叠，不能硬读边界；原红罐等建议未获支持。,,,GPT-6 Astra Pro,2026-10-02,conflicting,True,gb,initial,bag,very dark partly merged patch,category; texture; material; function,
vot,156,bc17904bb1d8f05a5efe1e7e7040470a76f49af3dbe6dba9728fb1dfef25d432,bag02_indoor_1,00000401,uncertain,object,dark rounded rectangular or narrow-side silhouette,category; texture; material; function,,多帧能见小物摆动，但用途部件不清，不以文件名定类。,初始化索引 400：红框为空中或椅前黑色小物，不是桌上红罐；红色框线也不是物体红边。,,,GPT-6 Astra Pro,2026-10-02,conflicting,True,gb,initial,bag,dark rounded rectangular or narrow-side silhouette,category; texture; material; function,
vot,157,e6d6711a6009fcb62011862edcd62c56c253b275ccd40d7b1884fcd53823a119,bag02_indoor_1,00000451,uncertain,object,very dark partly merged patch,category; texture; material; function,,多帧能见小物摆动，但用途部件不清，不以文件名定类。,初始化索引 450：小物与黑椅/暗背景重叠，不能硬读边界；原红罐等建议未获支持。,,,GPT-6 Astra Pro,2026-10-02,conflicting,True,gb,initial,bag,very dark partly merged patch,category; texture; material; function,
vot,158,fe9d66e6c6176bed307ae17cd6e810f68b9e512c9bbfb0ed27ec0616e36e78d6,bag02_indoor_1,00000485,uncertain,object,dark rounded rectangular or narrow-side silhouette,category; texture; material; function,,多帧能见小物摆动，但用途部件不清，不以文件名定类。,初始化索引 484：红框为空中或椅前黑色小物，不是桌上红罐；红色框线也不是物体红边。,,,GPT-6 Astra Pro,2026-10-02,conflicting,True,gb,initial,bag,dark rounded rectangular or narrow-side silhouette,category; texture; material; function,
vot,159,bd7acd5a0dd79ce18d18eab7b751763000c30997e2421eb9b7a6f1d02eb20428,bag02_indoor_2,00000001,uncertain,object,dark rounded rectangular or narrow-side silhouette,category; texture; material; function,,多帧能见小物摆动，但用途部件不清，不以文件名定类。,初始化索引 0：红框为空中或椅前黑色小物，不是桌上红罐；红色框线也不是物体红边。,,,GPT-6 Astra Pro,2026-10-02,conflicting,True,gb,initial,bag,dark rounded rectangular or narrow-side silhouette,category; texture; material; function,
vot,160,d5be70a8f4a66ca647cf0b19619a8d95c6e1d3b3c1784722bd92ecc2bb9b5302,bag02_indoor_2,00000051,uncertain,object,dark rounded rectangular or narrow-side silhouette,category; texture; material; function,,多帧能见小物摆动，但用途部件不清，不以文件名定类。,初始化索引 50：红框为空中或椅前黑色小物，不是桌上红罐；红色框线也不是物体红边。,,,GPT-6 Astra Pro,2026-10-02,conflicting,True,gb,initial,bag,dark rounded rectangular or narrow-side silhouette,category; texture; material; function,
vot,161,70a0578014d1abf6157590a9ec65a3afcea96e86ec39f12ef689c0afc856ca30,bag02_indoor_2,00000101,uncertain,object,dark rounded rectangular or narrow-side silhouette,category; texture; material; function,,多帧能见小物摆动，但用途部件不清，不以文件名定类。,初始化索引 100：红框为空中或椅前黑色小物，不是桌上红罐；红色框线也不是物体红边。,,,GPT-6 Astra Pro,2026-10-02,conflicting,True,gb,initial,bag,dark rounded rectangular or narrow-side silhouette,category; texture; material; function,
vot,162,3629ee90310a28e7ce492839b8572c196835db754c58751b977b57ef63fcdbc6,bag02_indoor_2,00000151,uncertain,object,dark rounded rectangular or narrow-side silhouette,category; texture; material; function,,多帧能见小物摆动，但用途部件不清，不以文件名定类。,初始化索引 150：红框为空中或椅前黑色小物，不是桌上红罐；红色框线也不是物体红边。,,,GPT-6 Astra Pro,2026-10-02,conflicting,True,gb,initial,bag,dark rounded rectangular or narrow-side silhouette,category; texture; material; function,
vot,163,bdd9a2f795a0fb02e32d8f62d3a44ccfc042387f7a6f2d96e7ba45fc16648142,bag02_indoor_2,00000201,uncertain,object,dark rounded rectangular or narrow-side silhouette,category; texture; material; function,,多帧能见小物摆动，但用途部件不清，不以文件名定类。,初始化索引 200：红框为空中或椅前黑色小物，不是桌上红罐；红色框线也不是物体红边。,,,GPT-6 Astra Pro,2026-10-02,conflicting,True,gb,initial,bag,dark rounded rectangular or narrow-side silhouette,category; texture; material; function,
vot,164,f8ef2ceab9cb2caaaefb9b4d97c3866283dff02e9797557cef492391025c244c,bag02_indoor_2,00000251,uncertain,object,dark rounded rectangular or narrow-side silhouette,category; texture; material; function,,多帧能见小物摆动，但用途部件不清，不以文件名定类。,初始化索引 250：红框为空中或椅前黑色小物，不是桌上红罐；红色框线也不是物体红边。,,,GPT-6 Astra Pro,2026-10-02,conflicting,True,gb,initial,bag,dark rounded rectangular or narrow-side silhouette,category; texture; material; function,
vot,165,a11d957bd2c8f33f69b227ec3ef410b6811ee10ef7cb6f04cda49c975907fd17,bag02_indoor_2,00000290,uncertain,object,very dark partly merged patch,category; texture; material; function,,多帧能见小物摆动，但用途部件不清，不以文件名定类。,初始化索引 289：小物与黑椅/暗背景重叠，不能硬读边界；原红罐等建议未获支持。,,,GPT-6 Astra Pro,2026-10-02,conflicting,True,gb,initial,bag,very dark partly merged patch,category; texture; material; function,
vot,166,068377a9c221c7c957c75513f611385d88c7f6d9ed6b813de348c081eaba432c,bag02_indoor_2,00000351,uncertain,object,very dark partly merged patch,category; texture; material; function,,多帧能见小物摆动，但用途部件不清，不以文件名定类。,初始化索引 350：小物与黑椅/暗背景重叠，不能硬读边界；原红罐等建议未获支持。,,,GPT-6 Astra Pro,2026-10-02,conflicting,True,gb,initial,bag,very dark partly merged patch,category; texture; material; function,
vot,167,15bfc1839e2e7d5302c83b21a95eb553b1b579c6e58c5abf95f7ea596a089947,bag02_indoor_2,00000401,uncertain,object,very dark partly merged patch,category; texture; material; function,,多帧能见小物摆动，但用途部件不清，不以文件名定类。,初始化索引 400：小物与黑椅/暗背景重叠，不能硬读边界；原红罐等建议未获支持。,,,GPT-6 Astra Pro,2026-10-02,conflicting,True,gb,initial,bag,very dark partly merged patch,category; texture; material; function,
vot,168,e1d3b4e173b804c83d3dc5ce747808f53ea504ffe1254a5019039057df2dc4bf,bag02_indoor_2,00000451,uncertain,object,dark rounded rectangular or narrow-side silhouette,category; texture; material; function,,多帧能见小物摆动，但用途部件不清，不以文件名定类。,初始化索引 450：红框为空中或椅前黑色小物，不是桌上红罐；红色框线也不是物体红边。,,,GPT-6 Astra Pro,2026-10-02,conflicting,True,gb,initial,bag,dark rounded rectangular or narrow-side silhouette,category; texture; material; function,
vot,169,b88e5e9368cdc21e694ec3ca21b6009a3dca2af68baddce303f4c00e0491001a,bag02_indoor_2,00000501,uncertain,object,very dark partly merged patch,category; texture; material; function,,多帧能见小物摆动，但用途部件不清，不以文件名定类。,初始化索引 500：小物与黑椅/暗背景重叠，不能硬读边界；原红罐等建议未获支持。,,,GPT-6 Astra Pro,2026-10-02,conflicting,True,gb,initial,bag,very dark partly merged patch,category; texture; material; function,
vot,170,86cea4c3b8d6190a09fb9001e93fb96e9f583eb87064ca0dfcbf4a18441548e3,bag02_indoor_2,00000556,uncertain,object,dark rounded rectangular or narrow-side silhouette,category; texture; material; function,,多帧能见小物摆动，但用途部件不清，不以文件名定类。,初始化索引 555：红框为空中或椅前黑色小物，不是桌上红罐；红色框线也不是物体红边。,,,GPT-6 Astra Pro,2026-10-02,conflicting,True,gb,initial,bag,dark rounded rectangular or narrow-side silhouette,category; texture; material; function,
vot,171,279c0940ec33487d3ec6fb01752e54be2232b1b61c1c385d1d287ceb92ac9241,bag02_indoor_2,00000601,uncertain,object,dark rounded rectangular or narrow-side silhouette,category; texture; material; function,,多帧能见小物摆动，但用途部件不清，不以文件名定类。,初始化索引 600：红框为空中或椅前黑色小物，不是桌上红罐；红色框线也不是物体红边。,,,GPT-6 Astra Pro,2026-10-02,conflicting,True,gb,initial,bag,dark rounded rectangular or narrow-side silhouette,category; texture; material; function,
vot,172,ef64445a0b45244637b5c93dadc0eecfb3674ca859077ea8b264ee8bdc1064e5,bag02_indoor_2,00000651,uncertain,object,very dark partly merged patch,category; texture; material; function,,多帧能见小物摆动，但用途部件不清，不以文件名定类。,初始化索引 650：小物与黑椅/暗背景重叠，不能硬读边界；原红罐等建议未获支持。,,,GPT-6 Astra Pro,2026-10-02,conflicting,True,gb,initial,bag,very dark partly merged patch,category; texture; material; function,
vot,173,4cf619f644c340ebb03909f88dd279b4669fd44be46ac3023c5f777ce78262bd,bag02_indoor_2,00000701,uncertain,object,dark rounded rectangular or narrow-side silhouette,category; texture; material; function,,多帧能见小物摆动，但用途部件不清，不以文件名定类。,初始化索引 700：红框为空中或椅前黑色小物，不是桌上红罐；红色框线也不是物体红边。,,,GPT-6 Astra Pro,2026-10-02,conflicting,True,gb,initial,bag,dark rounded rectangular or narrow-side silhouette,category; texture; material; function,
vot,174,cb2af67751f541622c6d4cc066955ece753c26047eb2db5b717f115107ffc3ed,bag02_indoor_2,00000745,uncertain,object,dark rounded rectangular or narrow-side silhouette,category; texture; material; function,,多帧能见小物摆动，但用途部件不清，不以文件名定类。,初始化索引 744：红框为空中或椅前黑色小物，不是桌上红罐；红色框线也不是物体红边。,,,GPT-6 Astra Pro,2026-10-02,conflicting,True,gb,initial,bag,dark rounded rectangular or narrow-side silhouette,category; texture; material; function,
vot,175,8f9f558977b2b158700bcfa5c6f5f9e56ca0f66938c1d55717cd1a3a18634f2b,bag02_indoor_2,00000801,uncertain,object,dark rounded rectangular or narrow-side silhouette,category; texture; material; function,,多帧能见小物摆动，但用途部件不清，不以文件名定类。,初始化索引 800：红框为空中或椅前黑色小物，不是桌上红罐；红色框线也不是物体红边。,,,GPT-6 Astra Pro,2026-10-02,conflicting,True,gb,initial,bag,dark rounded rectangular or narrow-side silhouette,category; texture; material; function,
vot,176,7937e939ae9d0c587b3f7ad43b0352d9ce4a993749cfc3e8a2928a5699c033b8,bag02_indoor_2,00000851,uncertain,object,dark rounded rectangular or narrow-side silhouette,category; texture; material; function,,多帧能见小物摆动，但用途部件不清，不以文件名定类。,初始化索引 850：红框为空中或椅前黑色小物，不是桌上红罐；红色框线也不是物体红边。,,,GPT-6 Astra Pro,2026-10-02,conflicting,True,gb,initial,bag,dark rounded rectangular or narrow-side silhouette,category; texture; material; function,
vot,177,71989281f1738f07f9bd6f0b96f9ef45d3119b72dc709d9a783116bc5fc9da26,bag02_indoor_2,00000901,uncertain,object,dark rounded rectangular or narrow-side silhouette,category; texture; material; function,,多帧能见小物摆动，但用途部件不清，不以文件名定类。,初始化索引 900：红框为空中或椅前黑色小物，不是桌上红罐；红色框线也不是物体红边。,,,GPT-6 Astra Pro,2026-10-02,conflicting,True,gb,initial,bag,dark rounded rectangular or narrow-side silhouette,category; texture; material; function,
vot,178,26f371567c108c30fc9480b983dcf6c790d039c33f8b3f6dec6a8c7f0b395f60,bag02_indoor_2,00000951,uncertain,object,dark rounded rectangular or narrow-side silhouette,category; texture; material; function,,多帧能见小物摆动，但用途部件不清，不以文件名定类。,初始化索引 950：红框为空中或椅前黑色小物，不是桌上红罐；红色框线也不是物体红边。,,,GPT-6 Astra Pro,2026-10-02,conflicting,True,gb,initial,bag,dark rounded rectangular or narrow-side silhouette,category; texture; material; function,
vot,179,53dabbd8e1877794473d3a4fc7c20e002f714cc41dc6d6cd5a7b519bf7f4d264,bag02_indoor_2,00001001,uncertain,object,dark rounded rectangular or narrow-side silhouette,category; texture; material; function,,多帧能见小物摆动，但用途部件不清，不以文件名定类。,初始化索引 1000：红框为空中或椅前黑色小物，不是桌上红罐；红色框线也不是物体红边。,,,GPT-6 Astra Pro,2026-10-02,conflicting,True,gb,initial,bag,dark rounded rectangular or narrow-side silhouette,category; texture; material; function,
vot,180,c2ce595f3faef6f0134f240caeb77c6554f3d9f8e3c8f6d06b1b7f63f13dd547,bag02_indoor_2,00001051,uncertain,object,dark rounded rectangular or narrow-side silhouette,category; texture; material; function,,多帧能见小物摆动，但用途部件不清，不以文件名定类。,初始化索引 1050：红框为空中或椅前黑色小物，不是桌上红罐；红色框线也不是物体红边。,,,GPT-6 Astra Pro,2026-10-02,conflicting,True,gb,initial,bag,dark rounded rectangular or narrow-side silhouette,category; texture; material; function,
vot,181,4471d5cfaf17b57f58c20430e1e3a1fa4cf2f8a5d0ff343e87fb29c12a1f2f04,bag02_indoor_2,00001115,uncertain,object,dark rounded rectangular or narrow-side silhouette,category; texture; material; function,,多帧能见小物摆动，但用途部件不清，不以文件名定类。,初始化索引 1114：红框为空中或椅前黑色小物，不是桌上红罐；红色框线也不是物体红边。,,,GPT-6 Astra Pro,2026-10-02,conflicting,True,gb,initial,bag,dark rounded rectangular or narrow-side silhouette,category; texture; material; function,
vot,182,fee7bbc46b1caac6c27346f13415fbad2a80558b209bdbbe1c3811ee37989f74,bag02_indoor_2,00001166,uncertain,object,dark rounded rectangular or narrow-side silhouette,category; texture; material; function,,多帧能见小物摆动，但用途部件不清，不以文件名定类。,初始化索引 1165：红框为空中或椅前黑色小物，不是桌上红罐；红色框线也不是物体红边。,,,GPT-6 Astra Pro,2026-10-02,conflicting,True,gb,initial,bag,dark rounded rectangular or narrow-side silhouette,category; texture; material; function,
vot,183,d438502a6aac789ee3075c31eace36fedc5b8d90bbeb404ece46a2e4ad858760,bag02_indoor_2,00001204,uncertain,object,dark rounded rectangular or narrow-side silhouette,category; texture; material; function,,多帧能见小物摆动，但用途部件不清，不以文件名定类。,初始化索引 1203：红框为空中或椅前黑色小物，不是桌上红罐；红色框线也不是物体红边。,,,GPT-6 Astra Pro,2026-10-02,conflicting,True,gb,initial,bag,dark rounded rectangular or narrow-side silhouette,category; texture; material; function,
vot,184,4f6646aabf3120736be5ed3e49b3c8c6bbeae385de78462da2d525992a5165e0,bag02_indoor_2,00001251,uncertain,object,dark rounded rectangular or narrow-side silhouette,category; texture; material; function,,多帧能见小物摆动，但用途部件不清，不以文件名定类。,初始化索引 1250：红框为空中或椅前黑色小物，不是桌上红罐；红色框线也不是物体红边。,,,GPT-6 Astra Pro,2026-10-02,conflicting,True,gb,initial,bag,dark rounded rectangular or narrow-side silhouette,category; texture; material; function,
vot,185,88de7e3d5259df57b2eb878ff033f564091b9afed9319088f7825a0f960cad72,bag02_indoor_2,00001271,uncertain,object,dark rounded rectangular or narrow-side silhouette,category; texture; material; function,,多帧能见小物摆动，但用途部件不清，不以文件名定类。,初始化索引 1270：红框为空中或椅前黑色小物，不是桌上红罐；红色框线也不是物体红边。,,,GPT-6 Astra Pro,2026-10-02,conflicting,True,gb,initial,bag,dark rounded rectangular or narrow-side silhouette,category; texture; material; function,
vot,186,a903e36ff268c34f270ee1d1beda9f8c65021c4f925ec13cc5c88564324ad394,bag_outside_2,00000001,corrected,backpack,dark blue-purple bag; curved seams; straps,fabric; brand; durability; closure detail,,,初始化索引 0：红框为背包本体，不把人物衣物、身体或背景当目标。,,,GPT-6 Astra Pro,2026-10-02,conflicting,True,gb,initial,backpack,dark blue-purple bag; curved seams; straps,fabric; brand; durability; closure detail,
vot,187,93bf12f9f2e5c7e87ba571153f171427485a9db29364485c55e2a01800834387,bag_outside_2,00000051,supported,backpack,dark blue-purple bag; curved seams; straps,fabric; brand; durability; closure detail,,,初始化索引 50：红框为背包本体，不把人物衣物、身体或背景当目标。,,,GPT-6 Astra Pro,2026-10-02,conflicting,True,gb,initial,backpack,dark blue-purple bag; curved seams; straps,fabric; brand; durability; closure detail,
vot,188,b2182bb9340f878ba233e331f8c4b0be421ef57ef7811968e2641e2393788d5b,bag_outside_2,00000101,supported,backpack,dark blue-purple bag; curved seams; straps,fabric; brand; durability; closure detail,,,初始化索引 100：红框为背包本体，不把人物衣物、身体或背景当目标。,,,GPT-6 Astra Pro,2026-10-02,conflicting,True,gb,initial,backpack,dark blue-purple bag; curved seams; straps,fabric; brand; durability; closure detail,
vot,189,839e30935a02d6f3f56518cce931ab17ea5b2c10d2050e85fdb4c1ad369d2d75,bag_outside_2,00000151,corrected,backpack,dark blue-purple bag; curved seams; straps,fabric; brand; durability; closure detail,,,初始化索引 150：红框为背包本体，不把人物衣物、身体或背景当目标。,,,GPT-6 Astra Pro,2026-10-02,conflicting,True,gb,initial,backpack,dark blue-purple bag; curved seams; straps,fabric; brand; durability; closure detail,
vot,190,64ddbe4a52507063e26f7f12c6357dbe878e216e74238925088abacaa3cd099d,bag_outside_2,00000201,corrected,backpack,dark blue-purple bag; curved seams; straps,fabric; brand; durability; closure detail,,,初始化索引 200：红框为背包本体，不把人物衣物、身体或背景当目标。,,,GPT-6 Astra Pro,2026-10-02,conflicting,True,gb,initial,backpack,dark blue-purple bag; curved seams; straps,fabric; brand; durability; closure detail,
vot,191,b650217c48596518ff8f15f14e73cc8fe08e04c9a5a8353a2a28bd9e23a5a05e,bag_outside_2,00000251,corrected,backpack,dark blue-purple bag; curved seams; straps,fabric; brand; durability; closure detail,,,初始化索引 250：红框为背包本体，不把人物衣物、身体或背景当目标。,,,GPT-6 Astra Pro,2026-10-02,conflicting,True,gb,initial,backpack,dark blue-purple bag; curved seams; straps,fabric; brand; durability; closure detail,
vot,192,9785b336f21a13361c26e7fb05c43917052998f1176834b385db3c28dd145262,bag_outside_2,00000301,corrected,backpack,dark blue-purple bag; curved seams; straps,fabric; brand; durability; closure detail,,,初始化索引 300：红框为背包本体，不把人物衣物、身体或背景当目标。,,,GPT-6 Astra Pro,2026-10-02,conflicting,True,gb,initial,backpack,dark blue-purple bag; curved seams; straps,fabric; brand; durability; closure detail,
vot,193,ab37f4e7a73f419d10a9f4d59f037c5b74c005e50cbc280b1b597f9aca88d3fe,bag_outside_2,00000351,corrected,backpack,dark blue-purple bag; curved seams; straps,fabric; brand; durability; closure detail,,,初始化索引 350：红框为背包本体，不把人物衣物、身体或背景当目标。,,,GPT-6 Astra Pro,2026-10-02,conflicting,True,gb,initial,backpack,dark blue-purple bag; curved seams; straps,fabric; brand; durability; closure detail,
vot,194,1826794dba2a582bea2a00f69e4524fd579c62e6254b80fd14d9d4031aa3c91e,bag_outside_2,00000401,corrected,backpack,dark blue-purple bag; curved seams; straps,fabric; brand; durability; closure detail,,,初始化索引 400：红框为背包本体，不把人物衣物、身体或背景当目标。,,,GPT-6 Astra Pro,2026-10-02,conflicting,True,gb,initial,backpack,dark blue-purple bag; curved seams; straps,fabric; brand; durability; closure detail,
vot,195,8fe3a318ae4bd706e40605c1b52fe9ad3f4181638c568427f11b3d9899d8b8a8,bag_outside_2,00000451,corrected,backpack,small dark backpack silhouette,fine seams; wording; exact shade,,,初始化索引 450：红框为远处人物背后的包体，只能读粗色块轮廓。,,,GPT-6 Astra Pro,2026-10-02,conflicting,True,gb,initial,backpack,small dark backpack silhouette,fine seams; wording; exact shade,
vot,196,41a6a27f836c13392867c05946cc2d6185ba2ff2d8ccefbce452de86e6174ade,bag_outside_2,00000501,corrected,backpack,small dark backpack silhouette,fine seams; wording; exact shade,,,初始化索引 500：红框为远处人物背后的包体，只能读粗色块轮廓。,,,GPT-6 Astra Pro,2026-10-02,conflicting,True,gb,initial,backpack,small dark backpack silhouette,fine seams; wording; exact shade,
vot,197,37da821a2773de3360158285469531e97aa33f241029db4ffd042011e4f5686f,bag_outside_2,00000551,corrected,backpack,small dark backpack silhouette,fine seams; wording; exact shade,,,初始化索引 550：红框为远处人物背后的包体，只能读粗色块轮廓。,,,GPT-6 Astra Pro,2026-10-02,conflicting,True,gb,initial,backpack,small dark backpack silhouette,fine seams; wording; exact shade,
vot,198,c083af84914ead75d9da6f60d0488371317c336d974f88fd4ac16f091f460def,bag_outside_2,00000565,corrected,backpack,small dark backpack silhouette,fine seams; wording; exact shade,,,初始化索引 564：红框为远处人物背后的包体，只能读粗色块轮廓。,,,GPT-6 Astra Pro,2026-10-02,conflicting,True,gb,initial,backpack,small dark backpack silhouette,fine seams; wording; exact shade,
vot,199,7471c15e43c26ee74318d9707fc6a8f92efdc95bcbcdd3eb7b8f4b4d0db7ae14,bag_outside_3,00000001,corrected,backpack,dark blue-purple bag; curved seams; straps,fabric; brand; durability; closure detail,,,初始化索引 0：红框为背包本体，不把人物衣物、身体或背景当目标。,,,GPT-6 Astra Pro,2026-10-02,conflicting,True,gb,initial,backpack,dark blue-purple bag; curved seams; straps,fabric; brand; durability; closure detail,
vot,200,1d4f0dfe39c3fd6e98201d4b0479df632856c2924b9ccaa43a0fd1f916bb71c3,bag_outside_3,00000051,corrected,backpack,dark blue-purple bag; curved seams; straps,fabric; brand; durability; closure detail,,,初始化索引 50：红框为背包本体，不把人物衣物、身体或背景当目标。,,,GPT-6 Astra Pro,2026-10-02,conflicting,True,gb,initial,backpack,dark blue-purple bag; curved seams; straps,fabric; brand; durability; closure detail,
vot,201,7d5155e4d6811878676e4779ec3e177ad3786c844f1041c1ebc913f43106db45,bag_outside_3,00000101,supported,backpack,dark blue-purple bag; curved seams; straps,fabric; brand; durability; closure detail,,,初始化索引 100：红框为背包本体，不把人物衣物、身体或背景当目标。,,,GPT-6 Astra Pro,2026-10-02,conflicting,True,gb,initial,backpack,dark blue-purple bag; curved seams; straps,fabric; brand; durability; closure detail,
vot,202,cd84cdc8a7dc737f159015d466c7d2f12b327228ecf01eaa84ee3b1113382ada,bag_outside_3,00000151,supported,backpack,dark blue-purple bag; curved seams; straps,fabric; brand; durability; closure detail,,,初始化索引 150：红框为背包本体，不把人物衣物、身体或背景当目标。,,,GPT-6 Astra Pro,2026-10-02,conflicting,True,gb,initial,backpack,dark blue-purple bag; curved seams; straps,fabric; brand; durability; closure detail,
vot,203,abd2969d2858cf65f7b7340abaa23be796f9e76952976d225a28a30393cde93d,bag_outside_3,00000201,supported,backpack,dark blue-purple bag; curved seams; straps,fabric; brand; durability; closure detail,,,初始化索引 200：红框为背包本体，不把人物衣物、身体或背景当目标。,,,GPT-6 Astra Pro,2026-10-02,conflicting,True,gb,initial,backpack,dark blue-purple bag; curved seams; straps,fabric; brand; durability; closure detail,
vot,204,c40095149ce0e806ae8d12a11b52f8db67fc5b0094f75a4e08aab23b45139f08,bag_outside_3,00000251,corrected,backpack,dark blue-purple bag; curved seams; straps,fabric; brand; durability; closure detail,,,初始化索引 250：红框为背包本体，不把人物衣物、身体或背景当目标。,,,GPT-6 Astra Pro,2026-10-02,conflicting,True,gb,initial,backpack,dark blue-purple bag; curved seams; straps,fabric; brand; durability; closure detail,
vot,205,bc2d9e694d8ebb11d0618b91e087184613027179af74bca4fba3e1b1174854f2,bag_outside_3,00000301,supported,backpack,dark blue-purple bag; curved seams; straps,fabric; brand; durability; closure detail,,,初始化索引 300：红框为背包本体，不把人物衣物、身体或背景当目标。,,,GPT-6 Astra Pro,2026-10-02,conflicting,True,gb,initial,backpack,dark blue-purple bag; curved seams; straps,fabric; brand; durability; closure detail,
vot,206,bc2d2f88369476160c6a04cbff7c3eedc578492153efcf7c38f067de4d94c5bd,bag_outside_3,00000351,supported,backpack,dark blue-purple bag; curved seams; straps,fabric; brand; durability; closure detail,,,初始化索引 350：红框为背包本体，不把人物衣物、身体或背景当目标。,,,GPT-6 Astra Pro,2026-10-02,conflicting,True,gb,initial,backpack,dark blue-purple bag; curved seams; straps,fabric; brand; durability; closure detail,
vot,207,8455009bf608baa52c5892d34a1d60224f7d2ec4140b9659b7d2d5abdbbae597,bag_outside_3,00000401,corrected,backpack,dark blue-purple bag; curved seams; straps,fabric; brand; durability; closure detail,,,初始化索引 400：红框为背包本体，不把人物衣物、身体或背景当目标。,,,GPT-6 Astra Pro,2026-10-02,conflicting,True,gb,initial,backpack,dark blue-purple bag; curved seams; straps,fabric; brand; durability; closure detail,
vot,208,770f697fffff17e39f5c21f27ff47dde113f6cf3a0ed079a4140dff807c1786f,bag_outside_3,00000451,corrected,backpack,dark blue-purple bag; curved seams; straps,fabric; brand; durability; closure detail,,,初始化索引 450：红框为背包本体，不把人物衣物、身体或背景当目标。,,,GPT-6 Astra Pro,2026-10-02,conflicting,True,gb,initial,backpack,dark blue-purple bag; curved seams; straps,fabric; brand; durability; closure detail,
vot,209,28da8c35ceb624c94001ecec69735455d66be3a6619ba5c7afbc6d88ee17042b,bag_outside_3,00000501,supported,backpack,dark blue-purple bag; curved seams; straps,fabric; brand; durability; closure detail,,,初始化索引 500：红框为背包本体，不把人物衣物、身体或背景当目标。,,,GPT-6 Astra Pro,2026-10-02,conflicting,True,gb,initial,backpack,dark blue-purple bag; curved seams; straps,fabric; brand; durability; closure detail,
vot,210,64ee06f035b584fae0db48fedd64a1fbe5b6a6550d00b877ab23234053abc19f,bag_outside_3,00000551,corrected,backpack,dark blue-purple bag; curved seams; straps,fabric; brand; durability; closure detail,,,初始化索引 550：红框为背包本体，不把人物衣物、身体或背景当目标。,,,GPT-6 Astra Pro,2026-10-02,conflicting,True,gb,initial,backpack,dark blue-purple bag; curved seams; straps,fabric; brand; durability; closure detail,
vot,211,0d46d04ebfca464d5d588d55229216ac5811ef48dd34778982d0fb75a6b3e26d,bag_outside_3,00000601,supported,backpack,dark blue-purple bag; curved seams; straps,fabric; brand; durability; closure detail,,,初始化索引 600：红框为背包本体，不把人物衣物、身体或背景当目标。,,,GPT-6 Astra Pro,2026-10-02,conflicting,True,gb,initial,backpack,dark blue-purple bag; curved seams; straps,fabric; brand; durability; closure detail,
vot,212,5df990a853b769773789a17f69c44a8d107847445cfbc6a22b5dd932ff30343d,bag_outside_3,00000651,corrected,backpack,dark blue-purple bag; curved seams; straps,fabric; brand; durability; closure detail,,,初始化索引 650：红框为背包本体，不把人物衣物、身体或背景当目标。,,,GPT-6 Astra Pro,2026-10-02,conflicting,True,gb,initial,backpack,dark blue-purple bag; curved seams; straps,fabric; brand; durability; closure detail,
vot,213,5cc979c0424ace73ce8f83a75ee967bad643e4086f14b5aef0542fc065010e7f,bag_outside_3,00000684,supported,backpack,dark blue-purple bag; curved seams; straps,fabric; brand; durability; closure detail,,,初始化索引 683：红框为背包本体，不把人物衣物、身体或背景当目标。,,,GPT-6 Astra Pro,2026-10-02,conflicting,True,gb,initial,backpack,dark blue-purple bag; curved seams; straps,fabric; brand; durability; closure detail,
vot,214,79239b824ec03680df94dcf5206cc39d27ef4623ffc09aef309aaa2ccbb45792,ball06_indoor_1,00000001,corrected,tennis ball,yellow-green sphere; pale curved seam,material; fine markings; identity among similar balls,,多帧有抛接，不以相似颜色推断完整物理身份链。,初始化索引 0：红框为手边或空中球，非桌上钟；多球相似，只核对本初始化对象。,,,GPT-6 Astra Pro,2026-10-02,conflicting,True,gb,initial,tennis ball,yellow-green sphere; pale curved seam,material; fine markings; identity among similar balls,
vot,215,658197a71edca0e6dee45ccf441af0faf4541bb9d6dbe56d6e5af01348f80be4,ball06_indoor_1,00000051,corrected,tennis ball,yellow-green sphere; pale curved seam,material; fine markings; identity among similar balls,,多帧有抛接，不以相似颜色推断完整物理身份链。,初始化索引 50：红框为手边或空中球，非桌上钟；多球相似，只核对本初始化对象。,,,GPT-6 Astra Pro,2026-10-02,conflicting,True,gb,initial,tennis ball,yellow-green sphere; pale curved seam,material; fine markings; identity among similar balls,
vot,216,9d72420724490682db5244d0b183c70f47d0482987fa88e795d62f53dab396ff,ball06_indoor_1,00000101,corrected,tennis ball,yellow-green sphere; pale curved seam,material; fine markings; identity among similar balls,,多帧有抛接，不以相似颜色推断完整物理身份链。,初始化索引 100：红框为手边或空中球，非桌上钟；多球相似，只核对本初始化对象。,,,GPT-6 Astra Pro,2026-10-02,conflicting,True,gb,initial,tennis ball,yellow-green sphere; pale curved seam,material; fine markings; identity among similar balls,
vot,217,d11b2779526d095024a3aebca6efcf9b1a0a182eae50de57cd615d0492711f01,ball06_indoor_1,00000151,corrected,tennis ball,yellow-green ball; pale seam; small dark mark,material; fine markings; identity among similar balls,,多帧有抛接，不以相似颜色推断完整物理身份链。,初始化索引 150：红框为手边或空中球，非桌上钟；多球相似，只核对本初始化对象。,,,GPT-6 Astra Pro,2026-10-02,conflicting,True,gb,initial,tennis ball,yellow-green ball; pale seam; small dark mark,material; fine markings; identity among similar balls,
vot,218,437fd59c4b7b4670ccc6f009e7e9327927587d45dfcc55377afecc472604baa6,ball06_indoor_1,00000201,supported,tennis ball,yellow-green ball; pale seam; small dark mark,material; fine markings; identity among similar balls,,多帧有抛接，不以相似颜色推断完整物理身份链。,初始化索引 200：红框为手边或空中球，非桌上钟；多球相似，只核对本初始化对象。,,,GPT-6 Astra Pro,2026-10-02,conflicting,True,gb,initial,tennis ball,yellow-green ball; pale seam; small dark mark,material; fine markings; identity among similar balls,
vot,219,394195d69868ad1dacf319ea6691d968e028d4bbf7cdd5308f016dd94481753c,ball06_indoor_1,00000251,corrected,tennis ball,yellow-green ball; pale seam; small dark mark,material; fine markings; identity among similar balls,,多帧有抛接，不以相似颜色推断完整物理身份链。,初始化索引 250：红框为手边或空中球，非桌上钟；多球相似，只核对本初始化对象。,,,GPT-6 Astra Pro,2026-10-02,conflicting,True,gb,initial,tennis ball,yellow-green ball; pale seam; small dark mark,material; fine markings; identity among similar balls,
vot,220,25c55e54a4a421f261d8bed1f48aecf0193c22d76b69fc99666b9d703218f9f7,ball06_indoor_1,00000301,uncertain,ball,yellow-green blurred rounded patch,material; fine markings; identity among similar balls,,多帧有抛接，不以相似颜色推断完整物理身份链。,初始化索引 300：本帧球体运动模糊，只能支持黄绿色球，细分网球需邻近较清楚证据。,,,GPT-6 Astra Pro,2026-10-02,conflicting,True,gb,initial,tennis ball,yellow-green blurred rounded patch,material; fine markings; identity among similar balls,
vot,221,9c1d13d71a68ac2f2d010e154486c8d7649dd8a2b28516b9b89566ede75b81d6,ball06_indoor_1,00000336,uncertain,ball,yellow-green blurred rounded patch,material; fine markings; identity among similar balls,,多帧有抛接，不以相似颜色推断完整物理身份链。,初始化索引 335：本帧球体运动模糊，只能支持黄绿色球，细分网球需邻近较清楚证据。,,,GPT-6 Astra Pro,2026-10-02,conflicting,True,gb,initial,tennis ball,yellow-green blurred rounded patch,material; fine markings; identity among similar balls,
vot,222,90bcdeb59f652799dbddb9724e0f999af18f96aad02b619dfc3ad581d6c0f30c,ball06_indoor_2,00000001,uncertain,ball,yellow-green blurred rounded patch,material; fine markings; identity among similar balls,,多帧有抛接，不以相似颜色推断完整物理身份链。,初始化索引 0：本帧球体运动模糊，只能支持黄绿色球，细分网球需邻近较清楚证据。,,,GPT-6 Astra Pro,2026-10-02,conflicting,True,gb,initial,tennis ball,yellow-green blurred rounded patch,material; fine markings; identity among similar balls,
vot,223,17072eb799a372070865a1a400beaed6d5ad11380ee939e2a802251dd73aaad0,ball06_indoor_2,00000051,uncertain,ball,yellow-green blurred rounded patch,material; fine markings; identity among similar balls,,多帧有抛接，不以相似颜色推断完整物理身份链。,初始化索引 50：本帧球体运动模糊，只能支持黄绿色球，细分网球需邻近较清楚证据。,,,GPT-6 Astra Pro,2026-10-02,conflicting,True,gb,initial,tennis ball,yellow-green blurred rounded patch,material; fine markings; identity among similar balls,
vot,224,cde43120441453f007ef3dd76505e3c243cd539c6a0447e8a8aeb870f757b4f9,ball06_indoor_2,00000100,uncertain,ball,yellow-green blurred rounded patch,material; fine markings; identity among similar balls,,多帧有抛接，不以相似颜色推断完整物理身份链。,初始化索引 99：本帧球体运动模糊，只能支持黄绿色球，细分网球需邻近较清楚证据。,,,GPT-6 Astra Pro,2026-10-02,conflicting,True,gb,initial,tennis ball,yellow-green blurred rounded patch,material; fine markings; identity among similar balls,
vot,225,d43f85c34f9245fe7601c5857dc1d2e1b9d0ec04051a9fc2c097fcba87212293,ball06_indoor_2,00000150,corrected,tennis ball,yellow-green ball; pale seam; small dark mark,material; fine markings; identity among similar balls,,多帧有抛接，不以相似颜色推断完整物理身份链。,初始化索引 149：红框为手边或空中球，非桌上钟；多球相似，只核对本初始化对象。,,,GPT-6 Astra Pro,2026-10-02,conflicting,True,gb,initial,tennis ball,yellow-green ball; pale seam; small dark mark,material; fine markings; identity among similar balls,
vot,226,2e4e9e277c6d9ad90e1be40831087aca24e400a13e9bf8db85346a788fe3dd42,ball06_indoor_2,00000200,uncertain,ball,yellow-green blurred rounded patch,material; fine markings; identity among similar balls,,多帧有抛接，不以相似颜色推断完整物理身份链。,初始化索引 199：本帧球体运动模糊，只能支持黄绿色球，细分网球需邻近较清楚证据。,,,GPT-6 Astra Pro,2026-10-02,conflicting,True,gb,initial,tennis ball,yellow-green blurred rounded patch,material; fine markings; identity among similar balls,
vot,227,457b6beb6420eb861067e660732dce8ffba9838f305d54a4853af514957fac66,ball06_indoor_2,00000249,uncertain,ball,yellow-green blurred rounded patch,material; fine markings; identity among similar balls,,多帧有抛接，不以相似颜色推断完整物理身份链。,初始化索引 248：本帧球体运动模糊，只能支持黄绿色球，细分网球需邻近较清楚证据。,,,GPT-6 Astra Pro,2026-10-02,conflicting,True,gb,initial,tennis ball,yellow-green blurred rounded patch,material; fine markings; identity among similar balls,
vot,228,48d2d019c9b2dda6ba852444ece2a8a5b88c08bf52829f73ed76f880a0fb88ca,ball06_indoor_2,00000299,uncertain,ball,yellow-green blurred rounded patch,material; fine markings; identity among similar balls,,多帧有抛接，不以相似颜色推断完整物理身份链。,初始化索引 298：本帧球体运动模糊，只能支持黄绿色球，细分网球需邻近较清楚证据。,,,GPT-6 Astra Pro,2026-10-02,conflicting,True,gb,initial,tennis ball,yellow-green blurred rounded patch,material; fine markings; identity among similar balls,
vot,229,b526c6f616cb0aa509b4c31a3a6e2791b9d66f1a431bf879e123db0be93f792d,ball06_indoor_2,00000330,uncertain,ball,yellow-green blurred rounded patch,material; fine markings; identity among similar balls,,多帧有抛接，不以相似颜色推断完整物理身份链。,初始化索引 329：本帧球体运动模糊，只能支持黄绿色球，细分网球需邻近较清楚证据。,,,GPT-6 Astra Pro,2026-10-02,conflicting,True,gb,initial,tennis ball,yellow-green blurred rounded patch,material; fine markings; identity among similar balls,
vot,230,f05b864c14aed57f5c4fc0e48f12f9f1b3e5e13338707c6ce3491a85672da2d6,ball11_wild_1,00000001,corrected,football,reddish-brown body; elongated oval with tapered ends,material; exact lettering,,,初始化索引 0：红框是尖椭圆运动球，不是水果，局部投影近圆不等于篮球。,,,GPT-6 Astra Pro,2026-10-02,conflicting,True,gb,initial,American ball,reddish-brown body; elongated oval with tapered ends,material; exact lettering,
vot,231,572d1bd1faf41de36f85964cdf2834c4365f6c052f4a577dc5fe8a6d09a4b887,ball11_wild_1,00000051,supported,football,reddish-brown elongated ball; pale print or seam marks,material; exact lettering,,,初始化索引 50：红框是尖椭圆运动球，不是水果，局部投影近圆不等于篮球。,,,GPT-6 Astra Pro,2026-10-02,conflicting,True,gb,initial,American ball,reddish-brown elongated ball; pale print or seam marks,material; exact lettering,
vot,232,ed633808b858f349073d7490c89b3abf4d929196da4765de504beb9a7013d50d,ball11_wild_1,00000101,supported,football,reddish-brown body; elongated oval with tapered ends,material; exact lettering,,,初始化索引 100：红框是尖椭圆运动球，不是水果，局部投影近圆不等于篮球。,,,GPT-6 Astra Pro,2026-10-02,conflicting,True,gb,initial,American ball,reddish-brown body; elongated oval with tapered ends,material; exact lettering,
vot,233,f3ff1b74f1d8bed221dcdf900f2c8d72aeb1f81cac2474075b6413de0cd1b83f,ball11_wild_1,00000151,corrected,football,reddish-brown body; elongated oval with tapered ends,material; exact lettering,,,初始化索引 150：红框是尖椭圆运动球，不是水果，局部投影近圆不等于篮球。,,,GPT-6 Astra Pro,2026-10-02,conflicting,True,gb,initial,American ball,reddish-brown body; elongated oval with tapered ends,material; exact lettering,
vot,234,3ff9d4331b730133a5a60a36c77286a0bdb2bbe70cd5a34e12d45f45cedd6235,ball11_wild_1,00000201,corrected,football,reddish-brown elongated ball; pale print or seam marks,material; exact lettering,,,初始化索引 200：红框是尖椭圆运动球，不是水果，局部投影近圆不等于篮球。,,,GPT-6 Astra Pro,2026-10-02,conflicting,True,gb,initial,American ball,reddish-brown elongated ball; pale print or seam marks,material; exact lettering,
vot,235,68daade9cf24b13f1063675d4f96f8cbc786d21227398794b44e8cd9d5893b88,ball11_wild_1,00000238,supported,football,reddish-brown elongated ball; pale print or seam marks,material; exact lettering,,,初始化索引 237：红框是尖椭圆运动球，不是水果，局部投影近圆不等于篮球。,,,GPT-6 Astra Pro,2026-10-02,conflicting,True,gb,initial,American ball,reddish-brown elongated ball; pale print or seam marks,material; exact lettering,
vot,236,7c6284d7307c59796808c572c454c1fc108f61d811b2ab304f0d394ecb3397e6,ball11_wild_2,00000001,corrected,football,reddish-brown body; elongated oval with tapered ends,material; exact lettering,,,初始化索引 0：红框是尖椭圆运动球，不是水果，局部投影近圆不等于篮球。,,,GPT-6 Astra Pro,2026-10-02,conflicting,True,gb,initial,American ball,reddish-brown body; elongated oval with tapered ends,material; exact lettering,
vot,237,b976d43a2d51924dfac0f8ed3fdbc00c479fb0b3cd969f21a9536d025458ea2b,ball11_wild_2,00000051,corrected,football,reddish-brown elongated ball; pale print or seam marks,material; exact lettering,,,初始化索引 50：红框是尖椭圆运动球，不是水果，局部投影近圆不等于篮球。,,,GPT-6 Astra Pro,2026-10-02,conflicting,True,gb,initial,American ball,reddish-brown elongated ball; pale print or seam marks,material; exact lettering,
vot,238,7cc6b0bdefea17bdb6be3974cab5b82e9427b06681285005d4c069c6aac6fe0f,ball11_wild_2,00000101,corrected,football,reddish-brown body; elongated oval with tapered ends,material; exact lettering,,,初始化索引 100：红框是尖椭圆运动球，不是水果，局部投影近圆不等于篮球。,,,GPT-6 Astra Pro,2026-10-02,conflicting,True,gb,initial,American ball,reddish-brown body; elongated oval with tapered ends,material; exact lettering,
vot,239,0347a1a168ba8a5f7b6501f7c29ee8ca0f776e4aa91cb9df900a2cdb23f1dcfb,ball11_wild_2,00000151,corrected,football,reddish-brown body; elongated oval with tapered ends,material; exact lettering,,,初始化索引 150：红框是尖椭圆运动球，不是水果，局部投影近圆不等于篮球。,,,GPT-6 Astra Pro,2026-10-02,conflicting,True,gb,initial,American ball,reddish-brown body; elongated oval with tapered ends,material; exact lettering,
vot,240,8fe5e36cbfedc55904ca173fa131733d3e2e274eb9ce8590a275788161933ca1,ball11_wild_2,00000170,corrected,football,reddish-brown elongated ball; pale print or seam marks,material; exact lettering,,,初始化索引 169：红框是尖椭圆运动球，不是水果，局部投影近圆不等于篮球。,,,GPT-6 Astra Pro,2026-10-02,conflicting,True,gb,initial,American ball,reddish-brown elongated ball; pale print or seam marks,material; exact lettering,
vot,241,1fc5f42b4968c5527df3b1d3d29ad6bcaf5fdbf4b3d7ec944a8f8c8d01b3d7f5,ball11_wild_5,00000001,supported,football,reddish-brown elongated ball; pale print or seam marks,material; exact lettering,,,初始化索引 0：红框是尖椭圆运动球，不是水果，局部投影近圆不等于篮球。,,,GPT-6 Astra Pro,2026-10-02,conflicting,True,gb,initial,American ball,reddish-brown elongated ball; pale print or seam marks,material; exact lettering,
vot,242,2d96402a02f60243552c79e13b7f6eab38382a98779e21f32bbec7b339267cd3,ball11_wild_5,00000051,corrected,football,reddish-brown body; elongated oval with tapered ends,material; exact lettering,,,初始化索引 50：红框是尖椭圆运动球，不是水果，局部投影近圆不等于篮球。,,,GPT-6 Astra Pro,2026-10-02,conflicting,True,gb,initial,American ball,reddish-brown body; elongated oval with tapered ends,material; exact lettering,
vot,243,374f57463bd7ef997a45d4ec7b97fe7607afcc44f9ad6917ccd91e573ab656ea,ball11_wild_5,00000101,corrected,football,reddish-brown body; elongated oval with tapered ends,material; exact lettering,,,初始化索引 100：红框是尖椭圆运动球，不是水果，局部投影近圆不等于篮球。,,,GPT-6 Astra Pro,2026-10-02,conflicting,True,gb,initial,American ball,reddish-brown body; elongated oval with tapered ends,material; exact lettering,
vot,244,a758b01b3d39da54a0d5ff2a98ab98a6d837d19d9b4264d9de5bfba3472d4704,ball11_wild_5,00000151,supported,football,reddish-brown body; elongated oval with tapered ends,material; exact lettering,,,初始化索引 150：红框是尖椭圆运动球，不是水果，局部投影近圆不等于篮球。,,,GPT-6 Astra Pro,2026-10-02,conflicting,True,gb,initial,American ball,reddish-brown body; elongated oval with tapered ends,material; exact lettering,
vot,245,cf29f348c73abe6be32448b3b1cb073cf723cf734394b50661370cde9c8ca61b,ball11_wild_5,00000201,supported,football,reddish-brown body; elongated oval with tapered ends,material; exact lettering,,,初始化索引 200：红框是尖椭圆运动球，不是水果，局部投影近圆不等于篮球。,,,GPT-6 Astra Pro,2026-10-02,conflicting,True,gb,initial,American ball,reddish-brown body; elongated oval with tapered ends,material; exact lettering,
vot,246,14211f969850d89ece0f3734b8edddeeecbaca5fc27abf0961dd6f7cce6e90a2,ball11_wild_5,00000251,corrected,football,reddish-brown elongated ball; pale print or seam marks,material; exact lettering,,,初始化索引 250：红框是尖椭圆运动球，不是水果，局部投影近圆不等于篮球。,,,GPT-6 Astra Pro,2026-10-02,conflicting,True,gb,initial,American ball,reddish-brown elongated ball; pale print or seam marks,material; exact lettering,
vot,247,c9af81dc835cfb6f8a9bb129461d4e40db5279d80c81a11538b2e453bf2938da,ball11_wild_5,00000301,corrected,football,reddish-brown body; elongated oval with tapered ends,material; exact lettering,,,初始化索引 300：红框是尖椭圆运动球，不是水果，局部投影近圆不等于篮球。,,,GPT-6 Astra Pro,2026-10-02,conflicting,True,gb,initial,American ball,reddish-brown body; elongated oval with tapered ends,material; exact lettering,
vot,248,f1e06fe5efa5ff1c977e0d7631246af5f304bbb9779dff59ededc2413b84cee8,ball11_wild_5,00000351,supported,football,reddish-brown elongated ball; pale print or seam marks,material; exact lettering,,,初始化索引 350：红框是尖椭圆运动球，不是水果，局部投影近圆不等于篮球。,,,GPT-6 Astra Pro,2026-10-02,conflicting,True,gb,initial,American ball,reddish-brown elongated ball; pale print or seam marks,material; exact lettering,
vot,249,2aa8b60c0d9b2e29080559736dcc4c59f7c54ef584b683e4fa22b2d3d4ff7185,ball11_wild_5,00000401,corrected,football,reddish-brown body; elongated oval with tapered ends,material; exact lettering,,,初始化索引 400：红框是尖椭圆运动球，不是水果，局部投影近圆不等于篮球。,,,GPT-6 Astra Pro,2026-10-02,conflicting,True,gb,initial,American ball,reddish-brown body; elongated oval with tapered ends,material; exact lettering,
vot,250,090dddb960a66bcbf736690ebdffe28afe86419722702debbec735c2841a534e,ball11_wild_5,00000451,corrected,football,reddish-brown body; elongated oval with tapered ends,material; exact lettering,,,初始化索引 450：红框是尖椭圆运动球，不是水果，局部投影近圆不等于篮球。,,,GPT-6 Astra Pro,2026-10-02,conflicting,True,gb,initial,American ball,reddish-brown body; elongated oval with tapered ends,material; exact lettering,
vot,251,fb033f87896b5475183c61aba863df340576929307283e20661f3245f51689b9,ball11_wild_5,00000501,corrected,football,reddish-brown body; elongated oval with tapered ends,material; exact lettering,,,初始化索引 500：红框是尖椭圆运动球，不是水果，局部投影近圆不等于篮球。,,,GPT-6 Astra Pro,2026-10-02,conflicting,True,gb,initial,American ball,reddish-brown body; elongated oval with tapered ends,material; exact lettering,
vot,252,b3f1ec0f35086f06b83689c2327fb0f255833100581a5e5db1d3154c8405bdcb,ball11_wild_5,00000551,corrected,football,reddish-brown body; elongated oval with tapered ends,material; exact lettering,,,初始化索引 550：红框是尖椭圆运动球，不是水果，局部投影近圆不等于篮球。,,,GPT-6 Astra Pro,2026-10-02,conflicting,True,gb,initial,American ball,reddish-brown body; elongated oval with tapered ends,material; exact lettering,
vot,253,efde6ae9f06dc2766994e9843653b2e6952c6da7417ded141f4f393115708afc,ball11_wild_5,00000580,corrected,football,reddish-brown elongated ball; pale print or seam marks,material; exact lettering,,,初始化索引 579：红框是尖椭圆运动球，不是水果，局部投影近圆不等于篮球。,,,GPT-6 Astra Pro,2026-10-02,conflicting,True,gb,initial,American ball,reddish-brown elongated ball; pale print or seam marks,material; exact lettering,
vot,254,dd86069df9db4baee66835c700e6f4b371e6c2696513ed7fefc04c32f54172a3,ball20_indoor_1,00000001,corrected,soccer ball,yellow panels; dark polygonal or star-like borders; round shape,material; small print,,,初始化索引 0：红框为黄黑花纹球，非邻近绿色球、果实或飞盘。,,,GPT-6 Astra Pro,2026-10-02,conflicting,True,gb,initial,soccer ball,yellow panels; dark polygonal or star-like borders; round shape,material; small print,
vot,255,78045e9f87776691c95c923a30ccfb6269dc74744c40ed6e78c11604df6f6a69,ball20_indoor_1,00000051,corrected,soccer ball,yellow ball; dark blurred panel marks,material; small print,,,初始化索引 50：红框为黄黑花纹球，非邻近绿色球、果实或飞盘。,,,GPT-6 Astra Pro,2026-10-02,conflicting,True,gb,initial,soccer ball,yellow ball; dark blurred panel marks,material; small print,
vot,256,3fe0cc1fbfc9df0fd0a74d6cd4edcc9dece4f4dfe1e0bfeb3163d19aa4ff4650,ball20_indoor_1,00000101,corrected,soccer ball,yellow panels; dark polygonal or star-like borders; round shape,material; small print,,,初始化索引 100：红框为黄黑花纹球，非邻近绿色球、果实或飞盘。,,,GPT-6 Astra Pro,2026-10-02,conflicting,True,gb,initial,soccer ball,yellow panels; dark polygonal or star-like borders; round shape,material; small print,
vot,257,99b0e47ed8d218ba1d794f8929b2af45b812bcc085831bd9642934202e836d26,ball20_indoor_1,00000151,corrected,soccer ball,yellow panels; dark polygonal or star-like borders; round shape,material; small print,,,初始化索引 150：红框为黄黑花纹球，非邻近绿色球、果实或飞盘。,,,GPT-6 Astra Pro,2026-10-02,conflicting,True,gb,initial,soccer ball,yellow panels; dark polygonal or star-like borders; round shape,material; small print,
vot,258,8213c2ed0f54755b4f6c00d20c42cb48b2930fdc02997f1ba4cf0e98f3f576b9,ball20_indoor_1,00000201,corrected,soccer ball,yellow panels; dark polygonal or star-like borders; round shape,material; small print,,,初始化索引 200：红框为黄黑花纹球，非邻近绿色球、果实或飞盘。,,,GPT-6 Astra Pro,2026-10-02,conflicting,True,gb,initial,soccer ball,yellow panels; dark polygonal or star-like borders; round shape,material; small print,
vot,259,b295ccc13677458b11da086e4b61e5a71f072afa8768bc93f31fdb61d9cca012,ball20_indoor_1,00000251,supported,soccer ball,yellow panels; dark polygonal or star-like borders; round shape,material; small print,,,初始化索引 250：红框为黄黑花纹球，非邻近绿色球、果实或飞盘。,,,GPT-6 Astra Pro,2026-10-02,conflicting,True,gb,initial,soccer ball,yellow panels; dark polygonal or star-like borders; round shape,material; small print,
vot,260,9d3a35a735b1448b0a19a838e4a7d54566c0575892969240d7b76c9584f4a113,ball20_indoor_1,00000301,corrected,soccer ball,yellow ball; dark blurred panel marks,material; small print,,,初始化索引 300：红框为黄黑花纹球，非邻近绿色球、果实或飞盘。,,,GPT-6 Astra Pro,2026-10-02,conflicting,True,gb,initial,soccer ball,yellow ball; dark blurred panel marks,material; small print,
vot,261,dccbebf652a55ba6307fd652792cb8729a38f596308cf0c0d567df574c19fb3e,ball20_indoor_1,00000351,corrected,soccer ball,yellow ball; dark blurred panel marks,material; small print,,,初始化索引 350：红框为黄黑花纹球，非邻近绿色球、果实或飞盘。,,,GPT-6 Astra Pro,2026-10-02,conflicting,True,gb,initial,soccer ball,yellow ball; dark blurred panel marks,material; small print,
vot,262,426cad1a9390cde853a581bb09ee73963f6335f50859d433608b1fb062403587,ball20_indoor_1,00000360,corrected,soccer ball,yellow panels; dark polygonal or star-like borders; round shape,material; small print,,,初始化索引 359：红框为黄黑花纹球，非邻近绿色球、果实或飞盘。,,,GPT-6 Astra Pro,2026-10-02,conflicting,True,gb,initial,soccer ball,yellow panels; dark polygonal or star-like borders; round shape,material; small print,
vot,263,322ac31383a238873a8465bb419cf695972fd58220943e78f087636d63d5ca1c,ball20_indoor_4,00000001,uncertain,soccer ball,yellow rounded body; dark blurred patches,material; small print,,,初始化索引 0：球在底边附近且模糊，足球粗类由近邻图辅助。,,,GPT-6 Astra Pro,2026-10-02,conflicting,True,gb,initial,soccer ball,yellow rounded body; dark blurred patches,material; small print,
vot,264,25c46bcee5da2649626122bb38a0aaf0de97fcce7b6ac282aa6094357ebaf522,ball20_indoor_4,00000051,corrected,soccer ball,yellow ball; dark blurred panel marks,material; small print,,,初始化索引 50：红框为黄黑花纹球，非邻近绿色球、果实或飞盘。,,,GPT-6 Astra Pro,2026-10-02,conflicting,True,gb,initial,soccer ball,yellow ball; dark blurred panel marks,material; small print,
vot,265,0d710972ad5632b68783044ff6c5372b8cd833e062a074424de964987c3615bf,ball20_indoor_4,00000101,corrected,soccer ball,yellow ball; dark blurred panel marks,material; small print,,,初始化索引 100：红框为黄黑花纹球，非邻近绿色球、果实或飞盘。,,,GPT-6 Astra Pro,2026-10-02,conflicting,True,gb,initial,soccer ball,yellow ball; dark blurred panel marks,material; small print,
vot,266,134e9fbcdbed9d658128b012a98f10667364e3e2052b4e21554644d586f31920,ball20_indoor_4,00000151,corrected,soccer ball,yellow panels; dark polygonal or star-like borders; round shape,material; small print,,,初始化索引 150：红框为黄黑花纹球，非邻近绿色球、果实或飞盘。,,,GPT-6 Astra Pro,2026-10-02,conflicting,True,gb,initial,soccer ball,yellow panels; dark polygonal or star-like borders; round shape,material; small print,
vot,267,81da0fb44bd5fde793aaea25009791e1d134d53539614b60e35ed5e0abafefd4,ball20_indoor_4,00000201,corrected,soccer ball,yellow ball; dark blurred panel marks,material; small print,,,初始化索引 200：红框为黄黑花纹球，非邻近绿色球、果实或飞盘。,,,GPT-6 Astra Pro,2026-10-02,conflicting,True,gb,initial,soccer ball,yellow ball; dark blurred panel marks,material; small print,
vot,268,12f7cbd5bca4f3efc27f38044b1351641f20aca3cf9e5036db8dd29419b81ca6,ball20_indoor_4,00000251,corrected,soccer ball,yellow ball; dark blurred panel marks,material; small print,,,初始化索引 250：红框为黄黑花纹球，非邻近绿色球、果实或飞盘。,,,GPT-6 Astra Pro,2026-10-02,conflicting,True,gb,initial,soccer ball,yellow ball; dark blurred panel marks,material; small print,
vot,269,8bd900d222416ab1967d82d399aaafff306e02b8fee21fc50bb74c58438a856f,ball20_indoor_4,00000307,corrected,soccer ball,yellow panels; dark polygonal or star-like borders; round shape,material; small print,,,初始化索引 306：红框为黄黑花纹球，非邻近绿色球、果实或飞盘。,,,GPT-6 Astra Pro,2026-10-02,conflicting,True,gb,initial,soccer ball,yellow panels; dark polygonal or star-like borders; round shape,material; small print,
vot,270,11467cca58f68b8b2e09d99d04549dd02b70cfa0f6345240ae14220e39549ea2,bandlight_indoor_1,00000001,uncertain,headlamp,green and dark bundled strap-like parts,model; strap material; power source,,近邻展开和亮灯辅助头灯类别；亮灯是临时状态。,初始化索引 0：物体在手中卷叠或遮挡，当前只明确绿黑带状部分，灯类由近邻展开辅助。,,,GPT-6 Astra Pro,2026-10-02,conflicting,True,gb,initial,bandlight,green and dark bundled strap-like parts,model; strap material; power source,
vot,271,baa2861eccf4a6d429fc355a8d0ed5dffae42bed02273651342d5d060c7e3d67,bandlight_indoor_1,00000051,uncertain,headlamp,green and dark bundled strap-like parts,model; strap material; power source,,近邻展开和亮灯辅助头灯类别；亮灯是临时状态。,初始化索引 50：物体在手中卷叠或遮挡，当前只明确绿黑带状部分，灯类由近邻展开辅助。,,,GPT-6 Astra Pro,2026-10-02,conflicting,True,gb,initial,bandlight,green and dark bundled strap-like parts,model; strap material; power source,
vot,272,f88a6e5d04d165469ea4d06f298aca46353c2ac82879fba8ddcbf39eaa6423b6,bandlight_indoor_1,00000101,uncertain,headlamp,green and dark bundled strap-like parts,model; strap material; power source,,近邻展开和亮灯辅助头灯类别；亮灯是临时状态。,初始化索引 100：物体在手中卷叠或遮挡，当前只明确绿黑带状部分，灯类由近邻展开辅助。,,,GPT-6 Astra Pro,2026-10-02,conflicting,True,gb,initial,bandlight,green and dark bundled strap-like parts,model; strap material; power source,
vot,273,afca3bff184ec13a54315a43f2e9263590812779a6364a597f43ebaaf080da58,bandlight_indoor_1,00000151,corrected,headlamp,green and black strap; dark lamp housing,model; strap material; power source,,近邻展开和亮灯辅助头灯类别；亮灯是临时状态。,初始化索引 150：红框是绿黑带状照明装置，非植物、食物、项链或背景容器。,,,GPT-6 Astra Pro,2026-10-02,conflicting,True,gb,initial,bandlight,green and black strap; dark lamp housing,model; strap material; power source,
vot,274,9c79897a57fed2cf14101281e1940b56877157e25c1c75327e490702fe755efd,bandlight_indoor_1,00000201,corrected,headlamp,green and black strap; dark lamp housing,model; strap material; power source,,近邻展开和亮灯辅助头灯类别；亮灯是临时状态。,初始化索引 200：红框是绿黑带状照明装置，非植物、食物、项链或背景容器。,,,GPT-6 Astra Pro,2026-10-02,conflicting,True,gb,initial,bandlight,green and black strap; dark lamp housing,model; strap material; power source,
vot,275,6450ecf20fc0de4dc9597ad9daf02721797aafc003130534ee3ccde4799399a4,bandlight_indoor_1,00000251,corrected,headlamp,green and black strap; dark lamp housing,model; strap material; power source,,近邻展开和亮灯辅助头灯类别；亮灯是临时状态。,初始化索引 250：红框是绿黑带状照明装置，非植物、食物、项链或背景容器。,,,GPT-6 Astra Pro,2026-10-02,conflicting,True,gb,initial,bandlight,green and black strap; dark lamp housing,model; strap material; power source,
vot,276,829ee92386ed814c3309d374370e5f18baaa4f2f4479b5a548ab446cfff732a7,bandlight_indoor_1,00000301,corrected,headlamp,green and black strap; dark lamp housing,model; strap material; power source,,近邻展开和亮灯辅助头灯类别；亮灯是临时状态。,初始化索引 300：红框是绿黑带状照明装置，非植物、食物、项链或背景容器。,,,GPT-6 Astra Pro,2026-10-02,conflicting,True,gb,initial,bandlight,green and black strap; dark lamp housing,model; strap material; power source,
vot,277,d882a17270b38a73bdbb8598ad62055db5aef2cd7e42d8907c2607eb88a72b76,bandlight_indoor_1,00000351,corrected,headlamp,green and black strap; dark lamp housing,model; strap material; power source,,近邻展开和亮灯辅助头灯类别；亮灯是临时状态。,初始化索引 350：本初始化可见白色发光点、深色灯体及绿黑带，亮灯是当前状态而非永久属性。,,,GPT-6 Astra Pro,2026-10-02,conflicting,True,gb,initial,bandlight,green and black strap; dark lamp housing,model; strap material; power source,
vot,278,f024f8951f815443adf8777042ff7fd9ce1ced546b9e911391f9fa945c0f8e38,bandlight_indoor_1,00000401,supported,headlamp,green and black strap; dark lamp housing,model; strap material; power source,,近邻展开和亮灯辅助头灯类别；亮灯是临时状态。,初始化索引 400：本初始化可见白色发光点、深色灯体及绿黑带，亮灯是当前状态而非永久属性。,,,GPT-6 Astra Pro,2026-10-02,conflicting,True,gb,initial,bandlight,green and black strap; dark lamp housing,model; strap material; power source,
vot,279,99835f45331305dac905b8157425bf0026d773645caf5ffab43a879c8e48d30e,bandlight_indoor_1,00000451,corrected,headlamp,green and black strap; dark lamp housing,model; strap material; power source,,近邻展开和亮灯辅助头灯类别；亮灯是临时状态。,初始化索引 450：本初始化可见白色发光点、深色灯体及绿黑带，亮灯是当前状态而非永久属性。,,,GPT-6 Astra Pro,2026-10-02,conflicting,True,gb,initial,bandlight,green and black strap; dark lamp housing,model; strap material; power source,
vot,280,a9fe996680a50e78391f0e862c06ab4f24f2f1416cb90eab110f5f954ba5c059,bandlight_indoor_1,00000501,corrected,headlamp,green and black strap; dark lamp housing,model; strap material; power source,,近邻展开和亮灯辅助头灯类别；亮灯是临时状态。,初始化索引 500：本初始化可见白色发光点、深色灯体及绿黑带，亮灯是当前状态而非永久属性。,,,GPT-6 Astra Pro,2026-10-02,conflicting,True,gb,initial,bandlight,green and black strap; dark lamp housing,model; strap material; power source,
vot,281,fef500451fcfb803034d8b523698f9921dd9664b53d4ac42d7f8f912d354fcc4,bandlight_indoor_1,00000551,corrected,headlamp,green and black strap; dark lamp housing,model; strap material; power source,,近邻展开和亮灯辅助头灯类别；亮灯是临时状态。,初始化索引 550：红框是绿黑带状照明装置，非植物、食物、项链或背景容器。,,,GPT-6 Astra Pro,2026-10-02,conflicting,True,gb,initial,bandlight,green and black strap; dark lamp housing,model; strap material; power source,
vot,282,c55081713fdd23d58903dfa5548be2a28cc1ac5151c0aab6f0a4566c4acc704f,bandlight_indoor_1,00000601,corrected,headlamp,green and black strap; dark lamp housing,model; strap material; power source,,近邻展开和亮灯辅助头灯类别；亮灯是临时状态。,初始化索引 600：红框是绿黑带状照明装置，非植物、食物、项链或背景容器。,,,GPT-6 Astra Pro,2026-10-02,conflicting,True,gb,initial,bandlight,green and black strap; dark lamp housing,model; strap material; power source,
vot,283,62351a9a4a98143e63cbf3e448de1be84bf2488ee34b2af5d662ceea4a970b63,bandlight_indoor_1,00000651,corrected,headlamp,green and black strap; dark lamp housing,model; strap material; power source,,近邻展开和亮灯辅助头灯类别；亮灯是临时状态。,初始化索引 650：红框是绿黑带状照明装置，非植物、食物、项链或背景容器。,,,GPT-6 Astra Pro,2026-10-02,conflicting,True,gb,initial,bandlight,green and black strap; dark lamp housing,model; strap material; power source,
vot,284,300cdaabaebb612c761cd0184648bcbf3ccd47686677c42c29a23410b58696c9,bandlight_indoor_1,00000701,corrected,headlamp,green and black strap; dark lamp housing,model; strap material; power source,,近邻展开和亮灯辅助头灯类别；亮灯是临时状态。,初始化索引 700：本初始化可见白色发光点、深色灯体及绿黑带，亮灯是当前状态而非永久属性。,,,GPT-6 Astra Pro,2026-10-02,conflicting,True,gb,initial,bandlight,green and black strap; dark lamp housing,model; strap material; power source,
vot,285,34cb83f4578d1f613ba01dae30c4c1533d9707d28e83d288d5791eddc8548315,bandlight_indoor_1,00000751,corrected,headlamp,green and black strap; dark lamp housing,model; strap material; power source,,近邻展开和亮灯辅助头灯类别；亮灯是临时状态。,初始化索引 750：本初始化可见白色发光点、深色灯体及绿黑带，亮灯是当前状态而非永久属性。,,,GPT-6 Astra Pro,2026-10-02,conflicting,True,gb,initial,bandlight,green and black strap; dark lamp housing,model; strap material; power source,
vot,286,ec73bd440efc5910e2d7b95709670aa074049f2eba4af5a50a9bec1e75154202,bandlight_indoor_1,00000801,corrected,headlamp,green and black strap; dark lamp housing,model; strap material; power source,,近邻展开和亮灯辅助头灯类别；亮灯是临时状态。,初始化索引 800：本初始化可见白色发光点、深色灯体及绿黑带，亮灯是当前状态而非永久属性。,,,GPT-6 Astra Pro,2026-10-02,conflicting,True,gb,initial,bandlight,green and black strap; dark lamp housing,model; strap material; power source,
vot,287,4b01bc8afe7dc86f1daacf49b6366c7f50fcee49275ef0863775f088cf643a04,bandlight_indoor_1,00000851,uncertain,headlamp,green and dark bundled strap-like parts,model; strap material; power source,,近邻展开和亮灯辅助头灯类别；亮灯是临时状态。,初始化索引 850：物体在手中卷叠或遮挡，当前只明确绿黑带状部分，灯类由近邻展开辅助。,,,GPT-6 Astra Pro,2026-10-02,conflicting,True,gb,initial,bandlight,green and dark bundled strap-like parts,model; strap material; power source,
vot,288,12421e6a0fccb509abf86815ad78f039f7644cbd1d98040c52f5be05dc624b07,bandlight_indoor_1,00000901,uncertain,headlamp,green and dark bundled strap-like parts,model; strap material; power source,,近邻展开和亮灯辅助头灯类别；亮灯是临时状态。,初始化索引 900：物体在手中卷叠或遮挡，当前只明确绿黑带状部分，灯类由近邻展开辅助。,,,GPT-6 Astra Pro,2026-10-02,conflicting,True,gb,initial,bandlight,green and dark bundled strap-like parts,model; strap material; power source,
vot,289,c30b2ac7ef4b159566434bd0ebc1ed0278fc9d2dd9f3e36925843e8c8e333863,bandlight_indoor_1,00000951,uncertain,headlamp,green and dark bundled strap-like parts,model; strap material; power source,,近邻展开和亮灯辅助头灯类别；亮灯是临时状态。,初始化索引 950：物体在手中卷叠或遮挡，当前只明确绿黑带状部分，灯类由近邻展开辅助。,,,GPT-6 Astra Pro,2026-10-02,conflicting,True,gb,initial,bandlight,green and dark bundled strap-like parts,model; strap material; power source,
vot,290,9b1b6bf5eae4b7a9e138c8dd14923065d3b14c15101927578d48e783294fb16c,bandlight_indoor_1,00001001,uncertain,headlamp,green and dark bundled strap-like parts,model; strap material; power source,,近邻展开和亮灯辅助头灯类别；亮灯是临时状态。,初始化索引 1000：物体在手中卷叠或遮挡，当前只明确绿黑带状部分，灯类由近邻展开辅助。,,,GPT-6 Astra Pro,2026-10-02,conflicting,True,gb,initial,bandlight,green and dark bundled strap-like parts,model; strap material; power source,
vot,291,30f7d189124ddf9cda967104a6deb7cfefe85575e0616a5d05c934ce05221f76,bandlight_indoor_1,00001051,corrected,headlamp,green and black strap; dark lamp housing,model; strap material; power source,,近邻展开和亮灯辅助头灯类别；亮灯是临时状态。,初始化索引 1050：红框是绿黑带状照明装置，非植物、食物、项链或背景容器。,,,GPT-6 Astra Pro,2026-10-02,conflicting,True,gb,initial,bandlight,green and black strap; dark lamp housing,model; strap material; power source,
vot,292,6e7ee7d693c373a07058ee958e343800f1d2234bafa68b376655241679f06919,bandlight_indoor_1,00001101,corrected,headlamp,green and black strap; dark lamp housing,model; strap material; power source,,近邻展开和亮灯辅助头灯类别；亮灯是临时状态。,初始化索引 1100：红框是绿黑带状照明装置，非植物、食物、项链或背景容器。,,,GPT-6 Astra Pro,2026-10-02,conflicting,True,gb,initial,bandlight,green and black strap; dark lamp housing,model; strap material; power source,
vot,293,c01435c92a4be3b527c3a42c95804cd0859fe64cfdeed625d0362db2cdef2397,bandlight_indoor_1,00001151,corrected,headlamp,green and black strap; dark lamp housing,model; strap material; power source,,近邻展开和亮灯辅助头灯类别；亮灯是临时状态。,初始化索引 1150：红框是绿黑带状照明装置，非植物、食物、项链或背景容器。,,,GPT-6 Astra Pro,2026-10-02,conflicting,True,gb,initial,bandlight,green and black strap; dark lamp housing,model; strap material; power source,
vot,294,cf518c07caf69d7dae5bc2b75841ba0394e30bf8da52cde24a2d868b96f7c5f1,bandlight_indoor_1,00001185,corrected,headlamp,green and black strap; dark lamp housing,model; strap material; power source,,近邻展开和亮灯辅助头灯类别；亮灯是临时状态。,初始化索引 1184：红框是绿黑带状照明装置，非植物、食物、项链或背景容器。,,,GPT-6 Astra Pro,2026-10-02,conflicting,True,gb,initial,bandlight,green and black strap; dark lamp housing,model; strap material; power source,
vot,295,debf3487bf1235d0df3d1c0f26a9865eca667905f03f78ed91bc9f77f7683026,bicycle2_outside_1,00000001,corrected,bicycle,blue-dark frame; dark tires; spoked wheels,drivetrain details; exact material; label,,,初始化索引 0：红框覆盖自行车，不是推车人物；不硬认细小传动部件和金属成分。,,,GPT-6 Astra Pro,2026-10-02,conflicting,True,gb,initial,bicycle,blue-dark frame; dark tires; spoked wheels,drivetrain details; exact material; label,
vot,296,0bea96a036e0f26fa58f84e83b259beba4d99437d805b97f2bcb23f013e37ed0,bicycle2_outside_1,00000051,corrected,bicycle,blue-dark frame; dark tires; spoked wheels,drivetrain details; exact material; label,,,初始化索引 50：红框覆盖自行车，不是推车人物；不硬认细小传动部件和金属成分。,,,GPT-6 Astra Pro,2026-10-02,conflicting,True,gb,initial,bicycle,blue-dark frame; dark tires; spoked wheels,drivetrain details; exact material; label,
vot,297,89c1e0aeb90e30629bcae91250d44e88bf159ca64a1741b41b9c78f99ec24077,bicycle2_outside_1,00000101,corrected,bicycle,blue-dark frame; dark tires; spoked wheels,drivetrain details; exact material; label,,,初始化索引 100：红框覆盖自行车，不是推车人物；不硬认细小传动部件和金属成分。,,,GPT-6 Astra Pro,2026-10-02,conflicting,True,gb,initial,bicycle,blue-dark frame; dark tires; spoked wheels,drivetrain details; exact material; label,
vot,298,56c3805a5439a8118d84940c8413ea57d2e1d2e30afe0851e0ff55b6ac8d5162,bicycle2_outside_1,00000151,corrected,bicycle,blue-dark frame; dark tires; spoked wheels,drivetrain details; exact material; label,,,初始化索引 150：红框覆盖自行车，不是推车人物；不硬认细小传动部件和金属成分。,,,GPT-6 Astra Pro,2026-10-02,conflicting,True,gb,initial,bicycle,blue-dark frame; dark tires; spoked wheels,drivetrain details; exact material; label,
vot,299,7159afe1ec3b7ea06c1eab3c10f64c7f1db059ef75b7ba9623fa1dee9fd2c897,bicycle2_outside_1,00000201,corrected,bicycle,blue-dark frame; dark tires; spoked wheels,drivetrain details; exact material; label,,,初始化索引 200：红框覆盖自行车，不是推车人物；不硬认细小传动部件和金属成分。,,,GPT-6 Astra Pro,2026-10-02,conflicting,True,gb,initial,bicycle,blue-dark frame; dark tires; spoked wheels,drivetrain details; exact material; label,
vot,300,cff24f5f082e52fe143295b0bc10669b1ff7af4f4cd21404439dea25e4139149,bicycle2_outside_1,00000251,corrected,bicycle,blue-dark frame; dark tires; spoked wheels,drivetrain details; exact material; label,,,初始化索引 250：红框覆盖自行车，不是推车人物；不硬认细小传动部件和金属成分。,,,GPT-6 Astra Pro,2026-10-02,conflicting,True,gb,initial,bicycle,blue-dark frame; dark tires; spoked wheels,drivetrain details; exact material; label,
vot,301,61454879a4a8b3ccfe6add3a409ba98b5bf2af8e7333f358bac80e3c18557bce,bicycle2_outside_1,00000301,supported,bicycle,blue-dark frame; dark tires; spoked wheels,drivetrain details; exact material; label,,,初始化索引 300：红框覆盖自行车，不是推车人物；不硬认细小传动部件和金属成分。,,,GPT-6 Astra Pro,2026-10-02,conflicting,True,gb,initial,bicycle,blue-dark frame; dark tires; spoked wheels,drivetrain details; exact material; label,
vot,302,9737cf444cd517a044a14fa82e240230cbb9fbde6ad9f9f16f4fd86d86dea091,bicycle2_outside_1,00000351,supported,bicycle,blue-dark narrow frame; dark tires; wheel and handlebars,drivetrain details; exact material; label,,,初始化索引 350：红框覆盖自行车，不是推车人物；不硬认细小传动部件和金属成分。,,,GPT-6 Astra Pro,2026-10-02,conflicting,True,gb,initial,bicycle,blue-dark narrow frame; dark tires; wheel and handlebars,drivetrain details; exact material; label,
vot,303,c44d468f16d1a065b62c27b20087aa5ebde6f9ea821052807921c2034a85f87e,bicycle2_outside_1,00000401,supported,bicycle,blue-dark narrow frame; dark tires; wheel and handlebars,drivetrain details; exact material; label,,,初始化索引 400：红框覆盖自行车，不是推车人物；不硬认细小传动部件和金属成分。,,,GPT-6 Astra Pro,2026-10-02,conflicting,True,gb,initial,bicycle,blue-dark narrow frame; dark tires; wheel and handlebars,drivetrain details; exact material; label,
vot,304,78af9feede85761a1d856995450a07cbe3d520ddcfc4b729e580217d6db2515c,bicycle2_outside_1,00000451,corrected,bicycle,blue-dark frame; dark tires; spoked wheels,drivetrain details; exact material; label,,,初始化索引 450：红框覆盖自行车，不是推车人物；不硬认细小传动部件和金属成分。,,,GPT-6 Astra Pro,2026-10-02,conflicting,True,gb,initial,bicycle,blue-dark frame; dark tires; spoked wheels,drivetrain details; exact material; label,
vot,305,1910a63c6ca2bcbf18df828c72e80c3d65eac58d3bab7a629caac642ef2494f0,bicycle2_outside_1,00000501,supported,bicycle,blue-dark frame; dark tires; spoked wheels,drivetrain details; exact material; label,,,初始化索引 500：红框覆盖自行车，不是推车人物；不硬认细小传动部件和金属成分。,,,GPT-6 Astra Pro,2026-10-02,conflicting,True,gb,initial,bicycle,blue-dark frame; dark tires; spoked wheels,drivetrain details; exact material; label,
vot,306,15bd9c981ca94012b2374a6b77140259ef00878f40978f60addd6b048ca03375,bicycle2_outside_1,00000551,corrected,bicycle,dark frame; narrow wheels; red rear reflector,drivetrain details; exact material; label,,,初始化索引 550：后视车尾红点不能当成红车座，轮胎深色。,,,GPT-6 Astra Pro,2026-10-02,conflicting,True,gb,initial,bicycle,dark frame; narrow wheels; red rear reflector,drivetrain details; exact material; label,
vot,307,3bb04b51d1d00d67ab9c66750ae26213aa294d700ee9b2896cbc5849d5a4bdab,bicycle2_outside_1,00000601,corrected,bicycle,dark frame; narrow wheels; red rear reflector,drivetrain details; exact material; label,,,初始化索引 600：后视车尾红点不能当成红车座，轮胎深色。,,,GPT-6 Astra Pro,2026-10-02,conflicting,True,gb,initial,bicycle,dark frame; narrow wheels; red rear reflector,drivetrain details; exact material; label,
vot,308,22c91b5d133e609a47ae1a2e296815dbf6d40eedff1dba13e451734c38ddf84d,bicycle2_outside_1,00000640,corrected,bicycle,dark frame; narrow wheels; red rear reflector,drivetrain details; exact material; label,,,初始化索引 639：后视车尾红点不能当成红车座，轮胎深色。,,,GPT-6 Astra Pro,2026-10-02,conflicting,True,gb,initial,bicycle,dark frame; narrow wheels; red rear reflector,drivetrain details; exact material; label,
vot,309,ee19d97f60213516441ce77eda73511cce93c355834d5ea3e4530a094404cd38,bicycle2_outside_1,00000701,corrected,bicycle,blue-dark frame; dark tires; spoked wheels,drivetrain details; exact material; label,,,初始化索引 700：红框覆盖自行车，不是推车人物；不硬认细小传动部件和金属成分。,,,GPT-6 Astra Pro,2026-10-02,conflicting,True,gb,initial,bicycle,blue-dark frame; dark tires; spoked wheels,drivetrain details; exact material; label,
vot,310,44f01e243c82779d80f264f38cd9ede63f52f388bc86ff8ac92131c46e067991,bicycle2_outside_1,00000751,supported,bicycle,blue-dark narrow frame; dark tires; wheel and handlebars,drivetrain details; exact material; label,,,初始化索引 750：红框覆盖自行车，不是推车人物；不硬认细小传动部件和金属成分。,,,GPT-6 Astra Pro,2026-10-02,conflicting,True,gb,initial,bicycle,blue-dark narrow frame; dark tires; wheel and handlebars,drivetrain details; exact material; label,
vot,311,40c48bae9973b90ea2c5e9ec998739efc278d6776511fd77ada61196fd7bd36a,bicycle2_outside_1,00000801,supported,bicycle,blue-dark narrow frame; dark tires; wheel and handlebars,drivetrain details; exact material; label,,,初始化索引 800：红框覆盖自行车，不是推车人物；不硬认细小传动部件和金属成分。,,,GPT-6 Astra Pro,2026-10-02,conflicting,True,gb,initial,bicycle,blue-dark narrow frame; dark tires; wheel and handlebars,drivetrain details; exact material; label,
vot,312,634f6f47bd6bac37f5823f80eb06e19dcabc31544fe261e19b3bef0d50548c3b,bicycle2_outside_1,00000851,supported,bicycle,blue-dark frame; dark tires; spoked wheels,drivetrain details; exact material; label,,,初始化索引 850：红框覆盖自行车，不是推车人物；不硬认细小传动部件和金属成分。,,,GPT-6 Astra Pro,2026-10-02,conflicting,True,gb,initial,bicycle,blue-dark frame; dark tires; spoked wheels,drivetrain details; exact material; label,
vot,313,075b2987367db8a4ab011b325aec87c8dcbaf40423016d5c0dc46d904ff38352,bicycle2_outside_1,00000878,supported,bicycle,blue-dark frame; dark tires; spoked wheels,drivetrain details; exact material; label,,,初始化索引 877：红框覆盖自行车，不是推车人物；不硬认细小传动部件和金属成分。,,,GPT-6 Astra Pro,2026-10-02,conflicting,True,gb,initial,bicycle,blue-dark frame; dark tires; spoked wheels,drivetrain details; exact material; label,
vot,314,2949df3cbe1c4cbecb6dd2002baf1cf9bd2a287176a248991eacd5a7994ba86a,bottle_box_5,00000001,supported,bottle,white ridged body; green-yellow label; pale neck,contents; cap mechanism; chemical identity,,,初始化索引 0：红框是白色有颈瓶，不是前方盒；绿黄属标签，不确认绿盖或喷雾用途。,,,GPT-6 Astra Pro,2026-10-02,conflicting,True,gb,initial,bottle,white ridged body; green-yellow label; pale neck,contents; cap mechanism; chemical identity,
vot,315,d5168a73e67eba0a2f7f1e0ba51ee14002c34b879238ab6d1f2957fcb265c78e,bottle_box_5,00000051,corrected,bottle,white ridged body; green-yellow label; pale neck,contents; cap mechanism; chemical identity,,,初始化索引 50：红框是白色有颈瓶，不是前方盒；绿黄属标签，不确认绿盖或喷雾用途。,,,GPT-6 Astra Pro,2026-10-02,conflicting,True,gb,initial,bottle,white ridged body; green-yellow label; pale neck,contents; cap mechanism; chemical identity,
vot,316,8c6c4c1d47998053f5bf196bf2813da14dc565e435236962129ea91115852586,bottle_box_5,00000101,corrected,bottle,white ridged body; green-yellow label; pale neck,contents; cap mechanism; chemical identity,,,初始化索引 100：红框是白色有颈瓶，不是前方盒；绿黄属标签，不确认绿盖或喷雾用途。,,,GPT-6 Astra Pro,2026-10-02,conflicting,True,gb,initial,bottle,white ridged body; green-yellow label; pale neck,contents; cap mechanism; chemical identity,
vot,317,1dec40a317f2e1e4d4276ace8450d954ea20e7a79959512758625615284bdccd,bottle_box_5,00000118,corrected,bottle,white ridged body; pale pump-like top; green label,contents; cap mechanism; chemical identity,,,初始化索引 117：红框是白色有颈瓶，不是前方盒；绿黄属标签，不确认绿盖或喷雾用途。,,,GPT-6 Astra Pro,2026-10-02,conflicting,True,gb,initial,bottle,white ridged body; pale pump-like top; green label,contents; cap mechanism; chemical identity,
vot,318,be1bebfd97d425e1a1b0b97822f4c1aa23a9ef1fe0c43cf3510a4e1398bf7b43,box1_outside_1,00000001,corrected,box,elongated rectangular package; dark printed face; orange edge,contents; material; small print,,概览仅辅助盒体转面，背面内容不回填。,初始化索引 0：红框为狭长刚性包装，非遥控器、书、武器或人物；产品印图不等于实体。,,,GPT-6 Astra Pro,2026-10-02,conflicting,True,gb,initial,box,elongated rectangular package; dark printed face; orange edge,contents; material; small print,
vot,319,762324bdd5f0e66deef417d9e3f4b688e85a5a26b9244581359bc4f915f5aed3,box1_outside_1,00000051,corrected,box,elongated rectangular package; dark printed face; orange edge,contents; material; small print,,概览仅辅助盒体转面，背面内容不回填。,初始化索引 50：红框为狭长刚性包装，非遥控器、书、武器或人物；产品印图不等于实体。,,,GPT-6 Astra Pro,2026-10-02,conflicting,True,gb,initial,box,elongated rectangular package; dark printed face; orange edge,contents; material; small print,
vot,320,933c6bf9bf788c0ed89f125d9eb313cab287b1541ce69f5b912ccb7c25ca291a,box1_outside_1,00000101,corrected,box,elongated rectangular package; dark printed face; orange edge,contents; material; small print,,概览仅辅助盒体转面，背面内容不回填。,初始化索引 100：红框为狭长刚性包装，非遥控器、书、武器或人物；产品印图不等于实体。,,,GPT-6 Astra Pro,2026-10-02,conflicting,True,gb,initial,box,elongated rectangular package; dark printed face; orange edge,contents; material; small print,
vot,321,5f6c02c6c4725d7ae08fe36beed6f689e444243631aa15ea2cbcee694fd0c5c1,box1_outside_1,00000151,corrected,box,elongated rectangular package; dark printed face; orange edge,contents; material; small print,,概览仅辅助盒体转面，背面内容不回填。,初始化索引 150：红框为狭长刚性包装，非遥控器、书、武器或人物；产品印图不等于实体。,,,GPT-6 Astra Pro,2026-10-02,conflicting,True,gb,initial,box,elongated rectangular package; dark printed face; orange edge,contents; material; small print,
vot,322,9e635ea22df5ebd8e17e60494f14907daed0304ee1e20552d6f203b7fbcc45e5,box1_outside_1,00000201,corrected,box,elongated rectangular package; dark printed face; orange edge,contents; material; small print,,概览仅辅助盒体转面，背面内容不回填。,初始化索引 200：红框为狭长刚性包装，非遥控器、书、武器或人物；产品印图不等于实体。,,,GPT-6 Astra Pro,2026-10-02,conflicting,True,gb,initial,box,elongated rectangular package; dark printed face; orange edge,contents; material; small print,
vot,323,4c087180fb6147be72ebfdacfc13b10a6f9d73c5483df2c8a01b9bff8c396b5d,box1_outside_1,00000251,corrected,box,elongated rectangular package; dark printed face; orange edge,contents; material; small print,,概览仅辅助盒体转面，背面内容不回填。,初始化索引 250：红框为狭长刚性包装，非遥控器、书、武器或人物；产品印图不等于实体。,,,GPT-6 Astra Pro,2026-10-02,conflicting,True,gb,initial,box,elongated rectangular package; dark printed face; orange edge,contents; material; small print,
vot,324,2134b8398565b922eede55427fabe8be69a71c7e24f5b982b96771674433921c,box1_outside_1,00000301,corrected,box,elongated rectangular package; dark printed face; orange edge,contents; material; small print,,概览仅辅助盒体转面，背面内容不回填。,初始化索引 300：红框为狭长刚性包装，非遥控器、书、武器或人物；产品印图不等于实体。,,,GPT-6 Astra Pro,2026-10-02,conflicting,True,gb,initial,box,elongated rectangular package; dark printed face; orange edge,contents; material; small print,
vot,325,ab4ce3ce3a2a52c71d1770e44d56de2b825c25312b475157605fe6fa9fe7df9a,box1_outside_1,00000351,corrected,box,long orange rectangular face; pale printed marks; straight edges,contents; material; small print,,概览仅辅助盒体转面，背面内容不回填。,初始化索引 350：红框为狭长刚性包装，非遥控器、书、武器或人物；产品印图不等于实体。,,,GPT-6 Astra Pro,2026-10-02,conflicting,True,gb,initial,box,long orange rectangular face; pale printed marks; straight edges,contents; material; small print,
vot,326,d15e44d898b48ab8d2fdc76af8d56eb44fa2b257317943b649ed0233a8011d25,box1_outside_1,00000401,corrected,box,long orange rectangular face; pale printed marks; straight edges,contents; material; small print,,概览仅辅助盒体转面，背面内容不回填。,初始化索引 400：红框为狭长刚性包装，非遥控器、书、武器或人物；产品印图不等于实体。,,,GPT-6 Astra Pro,2026-10-02,conflicting,True,gb,initial,box,long orange rectangular face; pale printed marks; straight edges,contents; material; small print,
vot,327,53ba89ec5601c906e30a58e6e098e36333715f9bd08d54d19a7a67b4e6ef7a23,box1_outside_1,00000451,corrected,box,long dark rectangular face; pale printed graphics; straight edges,contents; material; small print,,概览仅辅助盒体转面，背面内容不回填。,初始化索引 450：红框为狭长刚性包装，非遥控器、书、武器或人物；产品印图不等于实体。,,,GPT-6 Astra Pro,2026-10-02,conflicting,True,gb,initial,box,long dark rectangular face; pale printed graphics; straight edges,contents; material; small print,
vot,328,27dcfc264508e44f3ee67a0ab319b22cb267958066d22924e33377da4c5fae82,box1_outside_1,00000501,corrected,box,long dark rectangular face; pale printed graphics; straight edges,contents; material; small print,,概览仅辅助盒体转面，背面内容不回填。,初始化索引 500：红框为狭长刚性包装，非遥控器、书、武器或人物；产品印图不等于实体。,,,GPT-6 Astra Pro,2026-10-02,conflicting,True,gb,initial,box,long dark rectangular face; pale printed graphics; straight edges,contents; material; small print,
vot,329,1fd9a5be29912668c6881754095e60c484cfda087cd58e02106f20a09d95bee7,box1_outside_1,00000551,corrected,box,long dark rectangular face; pale printed graphics; straight edges,contents; material; small print,,概览仅辅助盒体转面，背面内容不回填。,初始化索引 550：红框为狭长刚性包装，非遥控器、书、武器或人物；产品印图不等于实体。,,,GPT-6 Astra Pro,2026-10-02,conflicting,True,gb,initial,box,long dark rectangular face; pale printed graphics; straight edges,contents; material; small print,
vot,330,d1e6bb9582808a549a6c815cd9f8d3330ce66f955675a88dd916bc67ea649f89,box1_outside_1,00000601,corrected,box,long dark rectangular face; pale printed graphics; straight edges,contents; material; small print,,概览仅辅助盒体转面，背面内容不回填。,初始化索引 600：红框为狭长刚性包装，非遥控器、书、武器或人物；产品印图不等于实体。,,,GPT-6 Astra Pro,2026-10-02,conflicting,True,gb,initial,box,long dark rectangular face; pale printed graphics; straight edges,contents; material; small print,
vot,331,9c1b21c5215df231f6f8ed3dc305ec1216149432d7a994696b06bf682c236bda,box1_outside_1,00000651,corrected,box,long orange rectangular face; pale printed marks; straight edges,contents; material; small print,,概览仅辅助盒体转面，背面内容不回填。,初始化索引 650：红框为狭长刚性包装，非遥控器、书、武器或人物；产品印图不等于实体。,,,GPT-6 Astra Pro,2026-10-02,conflicting,True,gb,initial,box,long orange rectangular face; pale printed marks; straight edges,contents; material; small print,
vot,332,63527b85a96149ccb8aedadcad4b9c929d4a91ddc97f818ce4258ed8ae8b8f5e,box1_outside_1,00000701,corrected,box,long orange rectangular face; pale printed marks; straight edges,contents; material; small print,,概览仅辅助盒体转面，背面内容不回填。,初始化索引 700：红框为狭长刚性包装，非遥控器、书、武器或人物；产品印图不等于实体。,,,GPT-6 Astra Pro,2026-10-02,conflicting,True,gb,initial,box,long orange rectangular face; pale printed marks; straight edges,contents; material; small print,
vot,333,03c7e36c6f96a78359fbed4fb2a32c8593bed6d1eda2f717c14e3376ae096165,box1_outside_1,00000751,corrected,box,long orange rectangular face; pale printed marks; straight edges,contents; material; small print,,概览仅辅助盒体转面，背面内容不回填。,初始化索引 750：红框为狭长刚性包装，非遥控器、书、武器或人物；产品印图不等于实体。,,,GPT-6 Astra Pro,2026-10-02,conflicting,True,gb,initial,box,long orange rectangular face; pale printed marks; straight edges,contents; material; small print,
vot,334,449f9c56f0050476775d11b1aa9f00706b541ccb87915547754b5ebe2d803abf,box1_outside_1,00000801,supported,box,long orange rectangular face; pale printed marks; straight edges,contents; material; small print,,概览仅辅助盒体转面，背面内容不回填。,初始化索引 800：红框为狭长刚性包装，非遥控器、书、武器或人物；产品印图不等于实体。,,,GPT-6 Astra Pro,2026-10-02,conflicting,True,gb,initial,box,long orange rectangular face; pale printed marks; straight edges,contents; material; small print,
vot,335,3dcdb513f42a566bd3751fe080c3b7033af6f8a31eeed0d09c186b40e8019656,box1_outside_1,00000851,corrected,box,long orange rectangular face; pale printed marks; straight edges,contents; material; small print,,概览仅辅助盒体转面，背面内容不回填。,初始化索引 850：红框为狭长刚性包装，非遥控器、书、武器或人物；产品印图不等于实体。,,,GPT-6 Astra Pro,2026-10-02,conflicting,True,gb,initial,box,long orange rectangular face; pale printed marks; straight edges,contents; material; small print,
vot,336,d33b580302868cab656265a041ed52eb0eb2f1faf79126a8a3930341bc4a0cf5,box1_outside_1,00000901,corrected,box,long orange rectangular face; pale printed marks; straight edges,contents; material; small print,,概览仅辅助盒体转面，背面内容不回填。,初始化索引 900：红框为狭长刚性包装，非遥控器、书、武器或人物；产品印图不等于实体。,,,GPT-6 Astra Pro,2026-10-02,conflicting,True,gb,initial,box,long orange rectangular face; pale printed marks; straight edges,contents; material; small print,
vot,337,4f444f4885b17b5443a9123cf44353ed27d48c7ec92d9596c105c906ab82cf30,box1_outside_1,00000951,corrected,box,long dark rectangular face; pale printed graphics; straight edges,contents; material; small print,,概览仅辅助盒体转面，背面内容不回填。,初始化索引 950：红框为狭长刚性包装，非遥控器、书、武器或人物；产品印图不等于实体。,,,GPT-6 Astra Pro,2026-10-02,conflicting,True,gb,initial,box,long dark rectangular face; pale printed graphics; straight edges,contents; material; small print,
vot,338,aed71d2806a42a4b1e0eaf30331867823c6ae2fa4173ada018d44276741521c1,box1_outside_1,00001001,corrected,box,long dark rectangular face; pale printed graphics; straight edges,contents; material; small print,,概览仅辅助盒体转面，背面内容不回填。,初始化索引 1000：红框为狭长刚性包装，非遥控器、书、武器或人物；产品印图不等于实体。,,,GPT-6 Astra Pro,2026-10-02,conflicting,True,gb,initial,box,long dark rectangular face; pale printed graphics; straight edges,contents; material; small print,
vot,339,9c102112356c35414ade2f0e8a69d09468041a1d0ed6c47beda3ebf161d0049e,box1_outside_1,00001051,corrected,box,long dark rectangular face; pale printed graphics; straight edges,contents; material; small print,,概览仅辅助盒体转面，背面内容不回填。,初始化索引 1050：红框为狭长刚性包装，非遥控器、书、武器或人物；产品印图不等于实体。,,,GPT-6 Astra Pro,2026-10-02,conflicting,True,gb,initial,box,long dark rectangular face; pale printed graphics; straight edges,contents; material; small print,
vot,340,12e29e1bcd93e223c59bff0cd602a811aeefd3e6b6a53f17aae8f6fe6a19318f,box1_outside_1,00001101,corrected,box,long orange rectangular face; pale printed marks; straight edges,contents; material; small print,,概览仅辅助盒体转面，背面内容不回填。,初始化索引 1100：红框为狭长刚性包装，非遥控器、书、武器或人物；产品印图不等于实体。,,,GPT-6 Astra Pro,2026-10-02,conflicting,True,gb,initial,box,long orange rectangular face; pale printed marks; straight edges,contents; material; small print,
vot,341,6613ab680ba2ec807f8e68ca32e96211289121abeb38ab24df913ffd04c6ab25,box1_outside_1,00001151,corrected,box,long orange rectangular face; pale printed marks; straight edges,contents; material; small print,,概览仅辅助盒体转面，背面内容不回填。,初始化索引 1150：红框为狭长刚性包装，非遥控器、书、武器或人物；产品印图不等于实体。,,,GPT-6 Astra Pro,2026-10-02,conflicting,True,gb,initial,box,long orange rectangular face; pale printed marks; straight edges,contents; material; small print,
vot,342,847181a0c0f866262072ee92d12bfb4af7b89ae95d402766e66af6b477441d5f,box1_outside_1,00001201,corrected,box,long dark rectangular face; pale printed graphics; straight edges,contents; material; small print,,概览仅辅助盒体转面，背面内容不回填。,初始化索引 1200：红框为狭长刚性包装，非遥控器、书、武器或人物；产品印图不等于实体。,,,GPT-6 Astra Pro,2026-10-02,conflicting,True,gb,initial,box,long dark rectangular face; pale printed graphics; straight edges,contents; material; small print,
vot,343,e0eebfc614ffda373985b535eaf6045e2fd08b9a4ee34bcd18c8f3d57fb7d24b,box1_outside_1,00001251,corrected,box,long dark rectangular face; pale printed graphics; straight edges,contents; material; small print,,概览仅辅助盒体转面，背面内容不回填。,初始化索引 1250：红框为狭长刚性包装，非遥控器、书、武器或人物；产品印图不等于实体。,,,GPT-6 Astra Pro,2026-10-02,conflicting,True,gb,initial,box,long dark rectangular face; pale printed graphics; straight edges,contents; material; small print,
vot,344,95b339242262007f25bc3fe43c79ae8df53d025092a8365952e0238c6ad9bbaf,box1_outside_1,00001301,corrected,box,long dark rectangular face; pale printed graphics; straight edges,contents; material; small print,,概览仅辅助盒体转面，背面内容不回填。,初始化索引 1300：红框为狭长刚性包装，非遥控器、书、武器或人物；产品印图不等于实体。,,,GPT-6 Astra Pro,2026-10-02,conflicting,True,gb,initial,box,long dark rectangular face; pale printed graphics; straight edges,contents; material; small print,
vot,345,7e7ed604412a4d4cdfa48eeb379e06b151152f93b38a53a1a8a0fd3846ce7dad,box1_outside_1,00001351,corrected,box,long dark rectangular face; pale printed graphics; straight edges,contents; material; small print,,概览仅辅助盒体转面，背面内容不回填。,初始化索引 1350：红框为狭长刚性包装，非遥控器、书、武器或人物；产品印图不等于实体。,,,GPT-6 Astra Pro,2026-10-02,conflicting,True,gb,initial,box,long dark rectangular face; pale printed graphics; straight edges,contents; material; small print,
vot,346,218bdd60e6dfeff4d567e9011fc93329cdb3b3477b5fe5c20a5c59b815461d59,box1_outside_1,00001401,corrected,box,elongated rectangular package; dark printed face; orange edge,contents; material; small print,,概览仅辅助盒体转面，背面内容不回填。,初始化索引 1400：红框为狭长刚性包装，非遥控器、书、武器或人物；产品印图不等于实体。,,,GPT-6 Astra Pro,2026-10-02,conflicting,True,gb,initial,box,elongated rectangular package; dark printed face; orange edge,contents; material; small print,
vot,347,ca6d483fcec585013b6db5f1b75fda14e3301cb89c5fdef6288e80f9adae76e8,box1_outside_1,00001451,corrected,box,elongated rectangular package; dark printed face; orange edge,contents; material; small print,,概览仅辅助盒体转面，背面内容不回填。,初始化索引 1450：红框为狭长刚性包装，非遥控器、书、武器或人物；产品印图不等于实体。,,,GPT-6 Astra Pro,2026-10-02,conflicting,True,gb,initial,box,elongated rectangular package; dark printed face; orange edge,contents; material; small print,
vot,348,d34c7cbf72a301f4c2980eaea6ae4b2ef3db755a209b8c5ae482c0b9acfddefc,box1_outside_1,00001501,corrected,box,long orange rectangular face; pale printed marks; straight edges,contents; material; small print,,概览仅辅助盒体转面，背面内容不回填。,初始化索引 1500：红框为狭长刚性包装，非遥控器、书、武器或人物；产品印图不等于实体。,,,GPT-6 Astra Pro,2026-10-02,conflicting,True,gb,initial,box,long orange rectangular face; pale printed marks; straight edges,contents; material; small print,
vot,349,9c04e6aa10e20acd8b734cc7e7f9f8998cea51ebeeaa1f40bc7c66ecc6b1ba4e,box1_outside_1,00001551,supported,box,long orange rectangular face; pale printed marks; straight edges,contents; material; small print,,概览仅辅助盒体转面，背面内容不回填。,初始化索引 1550：红框为狭长刚性包装，非遥控器、书、武器或人物；产品印图不等于实体。,,,GPT-6 Astra Pro,2026-10-02,conflicting,True,gb,initial,box,long orange rectangular face; pale printed marks; straight edges,contents; material; small print,
vot,350,f183fcaa5f0218e77ab2d46dacaf3d51bd64d5a70c2e21a19024d1e01c064ba1,box1_outside_1,00001601,corrected,box,long orange rectangular face; pale printed marks; straight edges,contents; material; small print,,概览仅辅助盒体转面，背面内容不回填。,初始化索引 1600：红框为狭长刚性包装，非遥控器、书、武器或人物；产品印图不等于实体。,,,GPT-6 Astra Pro,2026-10-02,conflicting,True,gb,initial,box,long orange rectangular face; pale printed marks; straight edges,contents; material; small print,
vot,351,83ff7642833b1b36c12e45ff2e4b573ffc02570ac27d0a002a626d8ff36533cc,box1_outside_1,00001651,supported,box,long orange rectangular face; pale printed marks; straight edges,contents; material; small print,,概览仅辅助盒体转面，背面内容不回填。,初始化索引 1650：红框为狭长刚性包装，非遥控器、书、武器或人物；产品印图不等于实体。,,,GPT-6 Astra Pro,2026-10-02,conflicting,True,gb,initial,box,long orange rectangular face; pale printed marks; straight edges,contents; material; small print,
vot,352,5c96147aca8668ad9756b83f694a208afdc9b2e4770da99ce58ad94686b512c4,box1_outside_1,00001701,corrected,box,long orange rectangular face; pale printed marks; straight edges,contents; material; small print,,概览仅辅助盒体转面，背面内容不回填。,初始化索引 1700：红框为狭长刚性包装，非遥控器、书、武器或人物；产品印图不等于实体。,,,GPT-6 Astra Pro,2026-10-02,conflicting,True,gb,initial,box,long orange rectangular face; pale printed marks; straight edges,contents; material; small print,
vot,353,7584ee20b4d337635d236b4ce7f0e0b138eb56773dbfc69c5236eb8586a2784a,box1_outside_1,00001751,corrected,box,long orange rectangular face; pale printed marks; straight edges,contents; material; small print,,概览仅辅助盒体转面，背面内容不回填。,初始化索引 1750：红框为狭长刚性包装，非遥控器、书、武器或人物；产品印图不等于实体。,,,GPT-6 Astra Pro,2026-10-02,conflicting,True,gb,initial,box,long orange rectangular face; pale printed marks; straight edges,contents; material; small print,
vot,354,6871addd0806e07033db786edfb7a1dde485c84ae4d658c283b38083b33d1e03,box1_outside_1,00001801,corrected,box,long orange rectangular face; pale printed marks; straight edges,contents; material; small print,,概览仅辅助盒体转面，背面内容不回填。,初始化索引 1800：红框为狭长刚性包装，非遥控器、书、武器或人物；产品印图不等于实体。,,,GPT-6 Astra Pro,2026-10-02,conflicting,True,gb,initial,box,long orange rectangular face; pale printed marks; straight edges,contents; material; small print,
vot,355,49f3469a846370f3a848dfed1483c387caad0781b7161b2f37788f60bdc1c049,box1_outside_1,00001851,corrected,box,long orange rectangular face; pale printed marks; straight edges,contents; material; small print,,概览仅辅助盒体转面，背面内容不回填。,初始化索引 1850：红框为狭长刚性包装，非遥控器、书、武器或人物；产品印图不等于实体。,,,GPT-6 Astra Pro,2026-10-02,conflicting,True,gb,initial,box,long orange rectangular face; pale printed marks; straight edges,contents; material; small print,
vot,356,00ff4de3d78582e6520cf781039683cd8c456a1cc6d8314cd0824d07903e0645,box1_outside_1,00001901,corrected,box,long orange rectangular face; pale printed marks; straight edges,contents; material; small print,,概览仅辅助盒体转面，背面内容不回填。,初始化索引 1900：红框为狭长刚性包装，非遥控器、书、武器或人物；产品印图不等于实体。,,,GPT-6 Astra Pro,2026-10-02,conflicting,True,gb,initial,box,long orange rectangular face; pale printed marks; straight edges,contents; material; small print,
vot,357,c9e0703bba80930a6bbb31736a10d0ce741cc788082c4d101bcf5a0c80f3d045,box1_outside_1,00001951,corrected,box,long orange rectangular face; pale printed marks; straight edges,contents; material; small print,,概览仅辅助盒体转面，背面内容不回填。,初始化索引 1950：红框为狭长刚性包装，非遥控器、书、武器或人物；产品印图不等于实体。,,,GPT-6 Astra Pro,2026-10-02,conflicting,True,gb,initial,box,long orange rectangular face; pale printed marks; straight edges,contents; material; small print,
vot,358,41884ab6b86206ecc110b9feb50ae06cf65237e1057138a3d2c427bc5e198f90,box1_outside_1,00002001,corrected,box,long orange rectangular face; pale printed marks; straight edges,contents; material; small print,,概览仅辅助盒体转面，背面内容不回填。,初始化索引 2000：红框为狭长刚性包装，非遥控器、书、武器或人物；产品印图不等于实体。,,,GPT-6 Astra Pro,2026-10-02,conflicting,True,gb,initial,box,long orange rectangular face; pale printed marks; straight edges,contents; material; small print,
vot,359,5a928cd54949f7c6cf840a3cc226dbda70eb24ea66f44e1f5763548f81d34f3b,box1_outside_1,00002051,uncertain,box,small pale-brown rectangular end; dark edges,contents; material; small print,,概览仅辅助盒体转面，背面内容不回填。,初始化索引 2050：目标端视且被手挡住，仅露小端面，盒类依近邻辅助。,,,GPT-6 Astra Pro,2026-10-02,conflicting,True,gb,initial,box,small pale-brown rectangular end; dark edges,contents; material; small print,
vot,360,c801f40a8f995bdaf05a83c17d9c1371edf11eb7ff4d8031c218466166216e8f,box1_outside_1,00002101,uncertain,box,small pale-brown rectangular end; dark edges,contents; material; small print,,概览仅辅助盒体转面，背面内容不回填。,初始化索引 2100：目标端视且被手挡住，仅露小端面，盒类依近邻辅助。,,,GPT-6 Astra Pro,2026-10-02,conflicting,True,gb,initial,box,small pale-brown rectangular end; dark edges,contents; material; small print,
vot,361,15b52b44b0c88c6980a108c5284046c2ab6b5a9d86571c6ada69ba8e9fc8ca1a,box1_outside_1,00002151,supported,box,elongated rectangular package; dark printed face; orange edge,contents; material; small print,,概览仅辅助盒体转面，背面内容不回填。,初始化索引 2150：红框为狭长刚性包装，非遥控器、书、武器或人物；产品印图不等于实体。,,,GPT-6 Astra Pro,2026-10-02,conflicting,True,gb,initial,box,elongated rectangular package; dark printed face; orange edge,contents; material; small print,
vot,362,f4fe3d8afea5f4904b915317ba410b423bdb6edf96a3bc4514707ec8b658d7c8,box1_outside_1,00002201,corrected,box,elongated rectangular package; dark printed face; orange edge,contents; material; small print,,概览仅辅助盒体转面，背面内容不回填。,初始化索引 2200：红框为狭长刚性包装，非遥控器、书、武器或人物；产品印图不等于实体。,,,GPT-6 Astra Pro,2026-10-02,conflicting,True,gb,initial,box,elongated rectangular package; dark printed face; orange edge,contents; material; small print,
vot,363,294f668fdd344fcadc4b0b9efee9d799aa2ddb1e796746ccf9a2a536248083e3,box1_outside_1,00002251,corrected,box,elongated rectangular package; dark printed face; orange edge,contents; material; small print,,概览仅辅助盒体转面，背面内容不回填。,初始化索引 2250：红框为狭长刚性包装，非遥控器、书、武器或人物；产品印图不等于实体。,,,GPT-6 Astra Pro,2026-10-02,conflicting,True,gb,initial,box,elongated rectangular package; dark printed face; orange edge,contents; material; small print,
vot,364,990a8ba8f0bd8143db0c0071d9a2cf8ad470c6ebb5d22be820279b4f49f738f7,box1_outside_1,00002351,corrected,box,elongated rectangular package; dark printed face; orange edge,contents; material; small print,,概览仅辅助盒体转面，背面内容不回填。,初始化索引 2350：红框为狭长刚性包装，非遥控器、书、武器或人物；产品印图不等于实体。,,,GPT-6 Astra Pro,2026-10-02,conflicting,True,gb,initial,box,elongated rectangular package; dark printed face; orange edge,contents; material; small print,
vot,365,38bb92a799c99cd900b67fac2152a9d9f5485e973f4dc48f8d0cbbde8d9c1cdc,box1_outside_1,00002401,corrected,box,long orange rectangular face; pale printed marks; straight edges,contents; material; small print,,概览仅辅助盒体转面，背面内容不回填。,初始化索引 2400：红框为狭长刚性包装，非遥控器、书、武器或人物；产品印图不等于实体。,,,GPT-6 Astra Pro,2026-10-02,conflicting,True,gb,initial,box,long orange rectangular face; pale printed marks; straight edges,contents; material; small print,
vot,366,141f695f123243fb612aeb5dee412d1ecf4f10f44b34aca1a63b43972e108b3e,box1_outside_1,00002451,corrected,box,long dark rectangular face; pale printed graphics; straight edges,contents; material; small print,,概览仅辅助盒体转面，背面内容不回填。,初始化索引 2450：红框为狭长刚性包装，非遥控器、书、武器或人物；产品印图不等于实体。,,,GPT-6 Astra Pro,2026-10-02,conflicting,True,gb,initial,box,long dark rectangular face; pale printed graphics; straight edges,contents; material; small print,
vot,367,3f3ccc06e1e4d3a802ecd3fec9775ba899310ec8d87d7c1899ca6875a8153593,box1_outside_1,00002496,corrected,box,elongated rectangular package; dark printed face; orange edge,contents; material; small print,,概览仅辅助盒体转面，背面内容不回填。,初始化索引 2495：红框为狭长刚性包装，非遥控器、书、武器或人物；产品印图不等于实体。,,,GPT-6 Astra Pro,2026-10-02,conflicting,True,gb,initial,box,elongated rectangular package; dark printed face; orange edge,contents; material; small print,
vot,368,7b50ece3a5fc0d0f75f02e872cca747b0f80786b4a0ee659cf0c1e4ea95933d0,box_darkroom_noocc_10_1,00000001,corrected,box,black rectangular box; green XMG lettering,contents; electronics function; fine print,,,初始化索引 0：红框为盒体，绿字是印刷，不是屏或键盘灯。,,,GPT-6 Astra Pro,2026-10-02,conflicting,True,gb,initial,box,black rectangular box; green XMG lettering,contents; electronics function; fine print,
vot,369,640574e286603fa7cd59a7725aba88ab844e033657136e2dcb446ffb8c4b04f1,box_darkroom_noocc_10_1,00000051,corrected,box,black rectangular box; green XMG lettering,contents; electronics function; fine print,,,初始化索引 50：红框为盒体，绿字是印刷，不是屏或键盘灯。,,,GPT-6 Astra Pro,2026-10-02,conflicting,True,gb,initial,box,black rectangular box; green XMG lettering,contents; electronics function; fine print,
vot,370,b910a48f9c703fdc41ef744a3e0d635d9540169760ecbdd8ec4f55a55fe0e50e,box_darkroom_noocc_10_1,00000101,corrected,box,dark rectangular box; green printed marks,contents; electronics function; fine print,,,初始化索引 100：红框为盒体，绿字是印刷，不是屏或键盘灯。,,,GPT-6 Astra Pro,2026-10-02,conflicting,True,gb,initial,box,dark rectangular box; green printed marks,contents; electronics function; fine print,
vot,371,c5a711ad941ab0ef8d143fc7c32acaf4563e38b2c2e20d9d485e75da62747e9e,box_darkroom_noocc_10_1,00000151,supported,box,black rectangular box; green XMG lettering,contents; electronics function; fine print,,,初始化索引 150：红框为盒体，绿字是印刷，不是屏或键盘灯。,,,GPT-6 Astra Pro,2026-10-02,conflicting,True,gb,initial,box,black rectangular box; green XMG lettering,contents; electronics function; fine print,
vot,372,18a8661794c1905d151a67c84706b95cbbb47c98611e432f6a18d54d869e0a82,box_darkroom_noocc_10_1,00000201,corrected,box,black rectangular box; green XMG lettering,contents; electronics function; fine print,,,初始化索引 200：红框为盒体，绿字是印刷，不是屏或键盘灯。,,,GPT-6 Astra Pro,2026-10-02,conflicting,True,gb,initial,box,black rectangular box; green XMG lettering,contents; electronics function; fine print,
vot,373,098ff57d19dfd496661919bae96b3807a9d02e83b137bb005fb1d9960082a20a,box_darkroom_noocc_10_1,00000251,corrected,box,black rectangular box; green XMG lettering,contents; electronics function; fine print,,,初始化索引 250：红框为盒体，绿字是印刷，不是屏或键盘灯。,,,GPT-6 Astra Pro,2026-10-02,conflicting,True,gb,initial,box,black rectangular box; green XMG lettering,contents; electronics function; fine print,
vot,374,63a4b9b37bf929db2b27c2239ed1b60fdcc77a2a3289609f26abaea4151a81e1,box_darkroom_noocc_10_1,00000301,corrected,box,black rectangular box; green XMG lettering,contents; electronics function; fine print,,,初始化索引 300：红框为盒体，绿字是印刷，不是屏或键盘灯。,,,GPT-6 Astra Pro,2026-10-02,conflicting,True,gb,initial,box,black rectangular box; green XMG lettering,contents; electronics function; fine print,
vot,375,f806fb4ff154fad08adaef8913df59529328b81fae6f956c233e88eca9c27838,box_darkroom_noocc_10_1,00000351,corrected,box,black rectangular box; green XMG lettering,contents; electronics function; fine print,,,初始化索引 350：红框为盒体，绿字是印刷，不是屏或键盘灯。,,,GPT-6 Astra Pro,2026-10-02,conflicting,True,gb,initial,box,black rectangular box; green XMG lettering,contents; electronics function; fine print,
vot,376,f654df3ce721f13f858d46c975bc671e19a03c3a408b45dd659da2c707bd5032,box_darkroom_noocc_10_1,00000401,corrected,box,thin dark side; small pale marks,contents; electronics function; fine print,,,初始化索引 400：当前仅露盒体窄侧边，未见遥控键、屏幕或武器部件。,,,GPT-6 Astra Pro,2026-10-02,conflicting,True,gb,initial,box,thin dark side; small pale marks,contents; electronics function; fine print,
vot,377,39a4c0decc6b1d76760b652be7c08ed2f8dda5418613b9eee1df7b1b3d66010b,box_darkroom_noocc_10_1,00000451,corrected,box,thin dark side; small pale marks,contents; electronics function; fine print,,,初始化索引 450：当前仅露盒体窄侧边，未见遥控键、屏幕或武器部件。,,,GPT-6 Astra Pro,2026-10-02,conflicting,True,gb,initial,box,thin dark side; small pale marks,contents; electronics function; fine print,
vot,378,f6e7ef1a19aff6d222c03ebdbd2fb81a9c4ba12af01958c0a2e91f5eed9fcd93,box_darkroom_noocc_10_1,00000501,corrected,box,thin dark side; small pale marks,contents; electronics function; fine print,,,初始化索引 500：当前仅露盒体窄侧边，未见遥控键、屏幕或武器部件。,,,GPT-6 Astra Pro,2026-10-02,conflicting,True,gb,initial,box,thin dark side; small pale marks,contents; electronics function; fine print,
vot,379,1e1726d7efa2dfd45f9448d7142dcc138f17c40e46f61e547506e2651d54e11f,box_darkroom_noocc_10_1,00000551,corrected,box,thin dark side; small pale marks,contents; electronics function; fine print,,,初始化索引 550：当前仅露盒体窄侧边，未见遥控键、屏幕或武器部件。,,,GPT-6 Astra Pro,2026-10-02,conflicting,True,gb,initial,box,thin dark side; small pale marks,contents; electronics function; fine print,
vot,380,9385818d5545dffe2a54b7d4fad999ff1bf5e0bb1062758d8958b6b6414b0fd3,box_darkroom_noocc_10_1,00000601,corrected,box,black rectangular box; green XMG lettering,contents; electronics function; fine print,,,初始化索引 600：红框为盒体，绿字是印刷，不是屏或键盘灯。,,,GPT-6 Astra Pro,2026-10-02,conflicting,True,gb,initial,box,black rectangular box; green XMG lettering,contents; electronics function; fine print,
vot,381,263abe31d7ff9db4eaa83e0527edaeba74acf7fcd90c0399a92ef9181bb6d4ae,box_darkroom_noocc_10_1,00000651,corrected,box,thin dark side; small pale marks,contents; electronics function; fine print,,,初始化索引 650：当前仅露盒体窄侧边，未见遥控键、屏幕或武器部件。,,,GPT-6 Astra Pro,2026-10-02,conflicting,True,gb,initial,box,thin dark side; small pale marks,contents; electronics function; fine print,
vot,382,48ea1bc14a3ecbe2b9c3da21b323ad90fd0eba63ac13c29f7ead0c99eabb465a,box_darkroom_noocc_10_1,00000701,corrected,box,black rectangular box; green XMG lettering,contents; electronics function; fine print,,,初始化索引 700：红框为盒体，绿字是印刷，不是屏或键盘灯。,,,GPT-6 Astra Pro,2026-10-02,conflicting,True,gb,initial,box,black rectangular box; green XMG lettering,contents; electronics function; fine print,
vot,383,40dfafddd20b3d06d423face632abd4858561d86c87e94a7029b5acfa277f6b5,box_darkroom_noocc_10_1,00000751,corrected,box,black rectangular box; green XMG lettering,contents; electronics function; fine print,,,初始化索引 750：红框为盒体，绿字是印刷，不是屏或键盘灯。,,,GPT-6 Astra Pro,2026-10-02,conflicting,True,gb,initial,box,black rectangular box; green XMG lettering,contents; electronics function; fine print,
vot,384,bc394fee138400a4f500539ab30e7f3333b762f6d58955a6a81153ab5eae6afb,box_darkroom_noocc_10_1,00000801,corrected,box,thin dark side; small pale marks,contents; electronics function; fine print,,,初始化索引 800：当前仅露盒体窄侧边，未见遥控键、屏幕或武器部件。,,,GPT-6 Astra Pro,2026-10-02,conflicting,True,gb,initial,box,thin dark side; small pale marks,contents; electronics function; fine print,
vot,385,4169aba99bfe1b756cbeac5250a9726dc779986c0f24993a72512ecb50abe10e,box_darkroom_noocc_10_1,00000844,corrected,box,black rectangular box; green XMG lettering,contents; electronics function; fine print,,,初始化索引 843：红框为盒体，绿字是印刷，不是屏或键盘灯。,,,GPT-6 Astra Pro,2026-10-02,conflicting,True,gb,initial,box,black rectangular box; green XMG lettering,contents; electronics function; fine print,
vot,386,9069af4dfb5288f2670bf4e178804d549550f9dfdf2c7a098ed743649962d230,box_darkroom_noocc_1_1,00000001,corrected,box,blue and dark package face; printed device image,contents; material; fine print,,,初始化索引 0：红框为立体设备包装，上面设备图不是裸设备。,,,GPT-6 Astra Pro,2026-10-02,conflicting,True,gb,initial,box,blue and dark package face; printed device image,contents; material; fine print,
vot,387,fbc3d712192f09037847716eeb3fc4cd8d5def8b0584bdac6a530c753fba5580,box_darkroom_noocc_1_1,00000051,corrected,box,blue and dark package face; printed device image,contents; material; fine print,,,初始化索引 50：红框为立体设备包装，上面设备图不是裸设备。,,,GPT-6 Astra Pro,2026-10-02,conflicting,True,gb,initial,box,blue and dark package face; printed device image,contents; material; fine print,
vot,388,50d73bffd9bddbf640fc89eabd85d602881264163a671d90ace1005a6560e17e,box_darkroom_noocc_1_1,00000101,supported,box,pale rectangular rear panel; small dark print; dark side,contents; material; fine print,,,初始化索引 100：红框为立体设备包装，上面设备图不是裸设备。,,,GPT-6 Astra Pro,2026-10-02,conflicting,True,gb,initial,box,pale rectangular rear panel; small dark print; dark side,contents; material; fine print,
vot,389,d877ade480757638286b851c07a696478750c25af7b5a6ec3dbb7c4f6b65ea28,box_darkroom_noocc_1_1,00000151,corrected,box,blue and dark package face; printed device image,contents; material; fine print,,,初始化索引 150：红框为立体设备包装，上面设备图不是裸设备。,,,GPT-6 Astra Pro,2026-10-02,conflicting,True,gb,initial,box,blue and dark package face; printed device image,contents; material; fine print,
vot,390,1d53fb815eb99b980a591e22d440b95debf402dad78cc462ca6bc80d62708829,box_darkroom_noocc_1_1,00000201,supported,box,dark narrow package side; pale lettering,contents; material; fine print,,,初始化索引 200：红框为立体设备包装，上面设备图不是裸设备。,,,GPT-6 Astra Pro,2026-10-02,conflicting,True,gb,initial,box,dark narrow package side; pale lettering,contents; material; fine print,
vot,391,0da56e3bb2e7dfe1d4285d454c769225854262f1404854915dfd5a36da430945,box_darkroom_noocc_1_1,00000251,supported,box,dark narrow package side; pale lettering,contents; material; fine print,,,初始化索引 250：红框为立体设备包装，上面设备图不是裸设备。,,,GPT-6 Astra Pro,2026-10-02,conflicting,True,gb,initial,box,dark narrow package side; pale lettering,contents; material; fine print,
vot,392,b91c6694fccb0fc97ab4dde87bf052e6b9da4b0a8845c6dd37db21152afa3b3a,box_darkroom_noocc_1_1,00000301,corrected,box,blue and dark package face; printed device image,contents; material; fine print,,,初始化索引 300：红框为立体设备包装，上面设备图不是裸设备。,,,GPT-6 Astra Pro,2026-10-02,conflicting,True,gb,initial,box,blue and dark package face; printed device image,contents; material; fine print,
vot,393,7354604a54c42ff8f8c5cffb71ff161d95ed44e0e5bd80fe75a107d71d260dd0,box_darkroom_noocc_1_1,00000351,corrected,box,rectangular package; blue and dark printed panels,contents; material; fine print,,,初始化索引 350：红框为立体设备包装，上面设备图不是裸设备。,,,GPT-6 Astra Pro,2026-10-02,conflicting,True,gb,initial,box,rectangular package; blue and dark printed panels,contents; material; fine print,
vot,394,6f5209ebc0c639f20d49e6057fa9e72cb3cb397ebfcd8ee6e4e57c4593edd807,box_darkroom_noocc_1_1,00000401,corrected,box,rectangular package; blue and dark printed panels,contents; material; fine print,,,初始化索引 400：红框为立体设备包装，上面设备图不是裸设备。,,,GPT-6 Astra Pro,2026-10-02,conflicting,True,gb,initial,box,rectangular package; blue and dark printed panels,contents; material; fine print,
vot,395,e305ec2ea7884c14a41948360c328590f07bfc56f037312a20f68170314cadb6,box_darkroom_noocc_1_1,00000451,corrected,box,blue and dark package face; printed device image,contents; material; fine print,,,初始化索引 450：红框为立体设备包装，上面设备图不是裸设备。,,,GPT-6 Astra Pro,2026-10-02,conflicting,True,gb,initial,box,blue and dark package face; printed device image,contents; material; fine print,
vot,396,0a3400cd133c1e6938d075c1ba43d4d565544ca9f8911927dd1462f262c1eeb6,box_darkroom_noocc_1_1,00000501,corrected,box,pale rectangular rear panel; small dark print; dark side,contents; material; fine print,,,初始化索引 500：红框为立体设备包装，上面设备图不是裸设备。,,,GPT-6 Astra Pro,2026-10-02,conflicting,True,gb,initial,box,pale rectangular rear panel; small dark print; dark side,contents; material; fine print,
vot,397,56b1d87d31e64eea7da8c08d8835c70803dbbb730e9788a450de0a80135c016e,box_darkroom_noocc_1_1,00000551,supported,box,dark narrow package side; pale lettering,contents; material; fine print,,,初始化索引 550：红框为立体设备包装，上面设备图不是裸设备。,,,GPT-6 Astra Pro,2026-10-02,conflicting,True,gb,initial,box,dark narrow package side; pale lettering,contents; material; fine print,
vot,398,a845ba9ba0fb1834671dcd1e119661f84cd279f92399a03e730f014a7add9bd2,box_darkroom_noocc_1_1,00000601,corrected,box,blue and dark package face; printed device image,contents; material; fine print,,,初始化索引 600：红框为立体设备包装，上面设备图不是裸设备。,,,GPT-6 Astra Pro,2026-10-02,conflicting,True,gb,initial,box,blue and dark package face; printed device image,contents; material; fine print,
vot,399,139dd648a2cbc35a67b80ce31605d394101b843176eede0d718ad572aeac3d27,box_darkroom_noocc_1_1,00000651,corrected,box,blue and dark package face; printed device image,contents; material; fine print,,,初始化索引 650：红框为立体设备包装，上面设备图不是裸设备。,,,GPT-6 Astra Pro,2026-10-02,conflicting,True,gb,initial,box,blue and dark package face; printed device image,contents; material; fine print,
vot,400,fbf5b3b7403b779f823ad34b8523b6ab78700ebc3c164341a1f1c8945ec92e1d,box_darkroom_noocc_1_1,00000710,corrected,box,blue and dark package face; printed device image,contents; material; fine print,,,初始化索引 709：红框为立体设备包装，上面设备图不是裸设备。,,,GPT-6 Astra Pro,2026-10-02,conflicting,True,gb,initial,box,blue and dark package face; printed device image,contents; material; fine print,
vot,401,c775f7f12b2b85e49b674c56651843c9f240dd7c52b8f5e87bf31360dd5f0c9b,box_darkroom_noocc_1_1,00000760,corrected,box,pale rectangular rear panel; small dark print; dark side,contents; material; fine print,,,初始化索引 759：红框为立体设备包装，上面设备图不是裸设备。,,,GPT-6 Astra Pro,2026-10-02,conflicting,True,gb,initial,box,pale rectangular rear panel; small dark print; dark side,contents; material; fine print,
vot,402,272d76aaeb3161b1417f250b36ef8cd920b445173c685f66eaaa17f087c614ef,box_darkroom_noocc_1_1,00000807,corrected,box,blue and dark package face; printed device image,contents; material; fine print,,,初始化索引 806：红框为立体设备包装，上面设备图不是裸设备。,,,GPT-6 Astra Pro,2026-10-02,conflicting,True,gb,initial,box,blue and dark package face; printed device image,contents; material; fine print,
vot,403,b371d6fd9d82ded08001ff558ff2c9a49e76d56c1885866a6b5ce131926b5613,box_darkroom_noocc_1_1,00000851,corrected,box,pale rectangular rear panel; small dark print; dark side,contents; material; fine print,,,初始化索引 850：红框为立体设备包装，上面设备图不是裸设备。,,,GPT-6 Astra Pro,2026-10-02,conflicting,True,gb,initial,box,pale rectangular rear panel; small dark print; dark side,contents; material; fine print,
vot,404,7d54f591bcfb7a035c30330840d98e7b34ab39d5667bbc764c80ed9d515d493a,box_darkroom_noocc_1_1,00000901,supported,box,blue and dark package face; printed device image,contents; material; fine print,,,初始化索引 900：红框为立体设备包装，上面设备图不是裸设备。,,,GPT-6 Astra Pro,2026-10-02,conflicting,True,gb,initial,box,blue and dark package face; printed device image,contents; material; fine print,
vot,405,5b1364f76868f89f3b7fe5fce209123b350e60eb624845bc841582a743061822,box_darkroom_noocc_1_1,00000951,corrected,box,blue and dark package face; printed device image,contents; material; fine print,,,初始化索引 950：红框为立体设备包装，上面设备图不是裸设备。,,,GPT-6 Astra Pro,2026-10-02,conflicting,True,gb,initial,box,blue and dark package face; printed device image,contents; material; fine print,
vot,406,1572252d296db7ca3474bba72f4dc0ce37ea2a9a7cd7f9e7e8ff0f1a16df170f,box_darkroom_noocc_1_1,00001001,corrected,box,blue and dark package face; printed device image,contents; material; fine print,,,初始化索引 1000：红框为立体设备包装，上面设备图不是裸设备。,,,GPT-6 Astra Pro,2026-10-02,conflicting,True,gb,initial,box,blue and dark package face; printed device image,contents; material; fine print,
vot,407,4307663dc46506db1943936532c13950b21fbda2e6745e56e80139536f30cd4c,box_darkroom_noocc_1_1,00001051,corrected,box,pale rectangular rear panel; small dark print; dark side,contents; material; fine print,,,初始化索引 1050：红框为立体设备包装，上面设备图不是裸设备。,,,GPT-6 Astra Pro,2026-10-02,conflicting,True,gb,initial,box,pale rectangular rear panel; small dark print; dark side,contents; material; fine print,
vot,408,9936f22903f0045245f548d5e06cbc966665fed097ee4d96fdcd9dd9a7ad4ab1,box_darkroom_noocc_1_1,00001094,corrected,box,blue and dark package face; printed device image,contents; material; fine print,,,初始化索引 1093：红框为被放到椅边的蓝色包装，当前有运动模糊，非手套。,,,GPT-6 Astra Pro,2026-10-02,conflicting,True,gb,initial,box,blue and dark package face; printed device image,contents; material; fine print,
vot,409,d7f8022dddaea8bf132f4ceadefa75c8af25c0acbffdd685bad5ff84b9b1657b,box_darkroom_noocc_2_1,00000001,corrected,box,long dark printed face; narrow orange edge,contents; wood material; text,,,初始化索引 0：红框为长形包装而非剑、吉他、棒球棒或衣服。,,,GPT-6 Astra Pro,2026-10-02,conflicting,True,gb,initial,box,long dark printed face; narrow orange edge,contents; wood material; text,
vot,410,b00c65d9508ebbda489418a2691278608891724c7314c027742b79ba52f4fca1,box_darkroom_noocc_2_1,00000051,supported,box,long dark printed face; narrow orange edge,contents; wood material; text,,,初始化索引 50：红框为长形包装而非剑、吉他、棒球棒或衣服。,,,GPT-6 Astra Pro,2026-10-02,conflicting,True,gb,initial,box,long dark printed face; narrow orange edge,contents; wood material; text,
vot,411,92a43372ce8cb4b92999382f73d6f6c57e85dd51d534242958cca9f3d6dee333,box_darkroom_noocc_2_1,00000101,supported,box,long orange panel; pale small printing,contents; wood material; text,,,初始化索引 100：红框为长形包装而非剑、吉他、棒球棒或衣服。,,,GPT-6 Astra Pro,2026-10-02,conflicting,True,gb,initial,box,long orange panel; pale small printing,contents; wood material; text,
vot,412,44e52ac2dd00890a871d71a8b395cfe94f84ce5e5d0566e9294ce59b60d1c43d,box_darkroom_noocc_2_1,00000151,supported,box,long dark printed face; narrow orange edge,contents; wood material; text,,,初始化索引 150：红框为长形包装而非剑、吉他、棒球棒或衣服。,,,GPT-6 Astra Pro,2026-10-02,conflicting,True,gb,initial,box,long dark printed face; narrow orange edge,contents; wood material; text,
vot,413,48ff1084c3e9423a2b1e7eb7bfad9342827daf34557058db9095cd89f7b8bfb0,box_darkroom_noocc_2_1,00000201,corrected,box,long dark printed face; narrow orange edge,contents; wood material; text,,,初始化索引 200：红框为长形包装而非剑、吉他、棒球棒或衣服。,,,GPT-6 Astra Pro,2026-10-02,conflicting,True,gb,initial,box,long dark printed face; narrow orange edge,contents; wood material; text,
vot,414,101a1e6e67768e20b0f723ffc7057c3396adf7998f3446e7f8a93fa5813fa3df,box_darkroom_noocc_2_1,00000251,corrected,box,long dark printed face; narrow orange edge,contents; wood material; text,,,初始化索引 250：红框为长形包装而非剑、吉他、棒球棒或衣服。,,,GPT-6 Astra Pro,2026-10-02,conflicting,True,gb,initial,box,long dark printed face; narrow orange edge,contents; wood material; text,
vot,415,3c07def695a75bfbe1ad76843d916c1fcff342d15839c0260bb0521dd26037ee,box_darkroom_noocc_2_1,00000301,corrected,box,long dark printed face; narrow orange edge,contents; wood material; text,,,初始化索引 300：红框为长形包装而非剑、吉他、棒球棒或衣服。,,,GPT-6 Astra Pro,2026-10-02,conflicting,True,gb,initial,box,long dark printed face; narrow orange edge,contents; wood material; text,
vot,416,96e997cd9daf4abef1a3ddc6e612873fc7b5652d01a250ebc56517b3d0417ede,box_darkroom_noocc_2_1,00000351,corrected,box,long orange panel; pale small printing,contents; wood material; text,,,初始化索引 350：红框为长形包装而非剑、吉他、棒球棒或衣服。,,,GPT-6 Astra Pro,2026-10-02,conflicting,True,gb,initial,box,long orange panel; pale small printing,contents; wood material; text,
vot,417,562b27b6ccdabf75847995bde98881b85ae9113bbbe18976adfcf1dfe669b67f,box_darkroom_noocc_2_1,00000401,corrected,box,long dark printed face; narrow orange edge,contents; wood material; text,,,初始化索引 400：红框为长形包装而非剑、吉他、棒球棒或衣服。,,,GPT-6 Astra Pro,2026-10-02,conflicting,True,gb,initial,box,long dark printed face; narrow orange edge,contents; wood material; text,
vot,418,78127524cde59f97dfed98892f5f2004c807fd8051697ab24ff5f68412bb8ead,box_darkroom_noocc_2_1,00000451,supported,box,long orange panel; pale small printing,contents; wood material; text,,,初始化索引 450：红框为长形包装而非剑、吉他、棒球棒或衣服。,,,GPT-6 Astra Pro,2026-10-02,conflicting,True,gb,initial,box,long orange panel; pale small printing,contents; wood material; text,
vot,419,6a4f904ad0eb49435572330956b0d3206852f9ac6f3cec614c07e6969b65b96e,box_darkroom_noocc_2_1,00000501,corrected,box,long orange panel; pale small printing,contents; wood material; text,,,初始化索引 500：红框为长形包装而非剑、吉他、棒球棒或衣服。,,,GPT-6 Astra Pro,2026-10-02,conflicting,True,gb,initial,box,long orange panel; pale small printing,contents; wood material; text,
vot,420,d0676be3849aa475ecabb7665a3f5ff52a6f197e43d64266100b397a78fd9b92,box_darkroom_noocc_2_1,00000551,supported,box,long dark printed face; narrow orange edge,contents; wood material; text,,,初始化索引 550：红框为长形包装而非剑、吉他、棒球棒或衣服。,,,GPT-6 Astra Pro,2026-10-02,conflicting,True,gb,initial,box,long dark printed face; narrow orange edge,contents; wood material; text,
vot,421,7fe87471675ed1a486efd885526d75d278d1699e582c9325982643ef41ad70d9,box_darkroom_noocc_2_1,00000601,corrected,box,long dark printed face; narrow orange edge,contents; wood material; text,,,初始化索引 600：当前横向长包装，未充分显示已开盖，不将open作为稳定属性。,,,GPT-6 Astra Pro,2026-10-02,conflicting,True,gb,initial,box,long dark printed face; narrow orange edge,contents; wood material; text,
vot,422,7a80a3d860b614b313fd775c57ca6282b2b722ebeae031b7cbbed7f684031eee,box_darkroom_noocc_2_1,00000651,corrected,box,long dark printed face; narrow orange edge,contents; wood material; text,,,初始化索引 650：红框为长形包装而非剑、吉他、棒球棒或衣服。,,,GPT-6 Astra Pro,2026-10-02,conflicting,True,gb,initial,box,long dark printed face; narrow orange edge,contents; wood material; text,
vot,423,843f039b782c4451e821f63cb0db113874d52efc9e41ffccd2a50ec5bfc63044,box_darkroom_noocc_2_1,00000701,supported,box,long dark printed face; narrow orange edge,contents; wood material; text,,,初始化索引 700：红框为长形包装而非剑、吉他、棒球棒或衣服。,,,GPT-6 Astra Pro,2026-10-02,conflicting,True,gb,initial,box,long dark printed face; narrow orange edge,contents; wood material; text,
vot,424,e0a67695e1991012e7859fe1ff990bcfb8b146f8287a67d38ee23583f0ceb06f,box_darkroom_noocc_2_1,00000751,supported,box,long dark printed face; narrow orange edge,contents; wood material; text,,,初始化索引 750：红框为长形包装而非剑、吉他、棒球棒或衣服。,,,GPT-6 Astra Pro,2026-10-02,conflicting,True,gb,initial,box,long dark printed face; narrow orange edge,contents; wood material; text,
vot,425,a227606784d224cebec3b4defa62727109aad8c95f6b448d07d9f7b4646d94ea,box_darkroom_noocc_2_1,00000791,corrected,box,long dark printed face; narrow orange edge,contents; wood material; text,,,初始化索引 790：红框为长形包装而非剑、吉他、棒球棒或衣服。,,,GPT-6 Astra Pro,2026-10-02,conflicting,True,gb,initial,box,long dark printed face; narrow orange edge,contents; wood material; text,
vot,426,b942a9e3ab2649c67fd0a6e548a6f5829f4e8f9042001577a22a5fef9b2c525e,box_darkroom_noocc_3_1,00000001,corrected,box,black rectangular box; green XMG lettering,contents; electronic display; material,,,初始化索引 0：红框为整盒而非logo，未见实际屏、钟面或按键。,,,GPT-6 Astra Pro,2026-10-02,conflicting,True,gb,initial,box,black rectangular box; green XMG lettering,contents; electronic display; material,
vot,427,e68fb109a13cc1784968b7c0671aa4371a693c6240d1e8c8c2c0665848761fe5,box_darkroom_noocc_3_1,00000057,supported,box,black rectangular box; green XMG lettering,contents; electronic display; material,,,初始化索引 56：红框为整盒而非logo，未见实际屏、钟面或按键。,,,GPT-6 Astra Pro,2026-10-02,conflicting,True,gb,initial,box,black rectangular box; green XMG lettering,contents; electronic display; material,
vot,428,cb16b15eb3668b1531408aea531933015014ee111f4a654fbe3fa4c10d279399,box_darkroom_noocc_3_1,00000101,corrected,box,black rectangular box; green XMG lettering,contents; electronic display; material,,,初始化索引 100：红框为整盒而非logo，未见实际屏、钟面或按键。,,,GPT-6 Astra Pro,2026-10-02,conflicting,True,gb,initial,box,black rectangular box; green XMG lettering,contents; electronic display; material,
vot,429,a28c52a7370ca306b07ee8084b605c0519eec45cedbdb66c73bd3fb19db53ab1,box_darkroom_noocc_3_1,00000151,corrected,box,black rectangular box; green XMG lettering,contents; electronic display; material,,,初始化索引 150：红框为整盒而非logo，未见实际屏、钟面或按键。,,,GPT-6 Astra Pro,2026-10-02,conflicting,True,gb,initial,box,black rectangular box; green XMG lettering,contents; electronic display; material,
vot,430,71a0ebbde17ec2aa0af6dbb8e4b84bc03ac487598bba96f08c7a1aadceb3cced,box_darkroom_noocc_3_1,00000201,corrected,box,thin dark package side; pale and green marks,contents; electronic display; material,,,初始化索引 200：红框为整盒而非logo，未见实际屏、钟面或按键。,,,GPT-6 Astra Pro,2026-10-02,conflicting,True,gb,initial,box,thin dark package side; pale and green marks,contents; electronic display; material,
vot,431,ee4d28bafa0f167c4f187134d011dea50b462d2ee52b3310e2d09ff7123bd76e,box_darkroom_noocc_3_1,00000251,corrected,box,black rectangular box; green XMG lettering,contents; electronic display; material,,,初始化索引 250：红框为整盒而非logo，未见实际屏、钟面或按键。,,,GPT-6 Astra Pro,2026-10-02,conflicting,True,gb,initial,box,black rectangular box; green XMG lettering,contents; electronic display; material,
vot,432,fd07a5b08f54a154e1e3f383bf5210ee4cdfcd5d633c1a3af97ed48cd322e7cd,box_darkroom_noocc_3_1,00000301,supported,box,black rectangular box; green XMG lettering,contents; electronic display; material,,,初始化索引 300：红框为整盒而非logo，未见实际屏、钟面或按键。,,,GPT-6 Astra Pro,2026-10-02,conflicting,True,gb,initial,box,black rectangular box; green XMG lettering,contents; electronic display; material,
vot,433,3e4e72c57ffabfc8cfda3280681be59c4889ce21e534cb5c8132d017880a1938,box_darkroom_noocc_3_1,00000351,corrected,box,black rectangular box; green XMG lettering,contents; electronic display; material,,,初始化索引 350：红框为整盒而非logo，未见实际屏、钟面或按键。,,,GPT-6 Astra Pro,2026-10-02,conflicting,True,gb,initial,box,black rectangular box; green XMG lettering,contents; electronic display; material,
vot,434,6abda38ba9f5e4325657ec6ca5a8f28770f11e22b9e6392cfd1ef6702d89f611,box_darkroom_noocc_3_1,00000401,supported,box,black rectangular box; green XMG lettering,contents; electronic display; material,,,初始化索引 400：红框为整盒而非logo，未见实际屏、钟面或按键。,,,GPT-6 Astra Pro,2026-10-02,conflicting,True,gb,initial,box,black rectangular box; green XMG lettering,contents; electronic display; material,
vot,435,c995962adb75401d1c9e488642ec0869b55a7a552ed598f1b049e303d01b8ce0,box_darkroom_noocc_3_1,00000451,corrected,box,black rectangular box; green XMG lettering,contents; electronic display; material,,,初始化索引 450：红框为整盒而非logo，未见实际屏、钟面或按键。,,,GPT-6 Astra Pro,2026-10-02,conflicting,True,gb,initial,box,black rectangular box; green XMG lettering,contents; electronic display; material,
vot,436,6c8865076103bb5e15c11b0529d3d39b35132a3324b05fc30a356da76ede692b,box_darkroom_noocc_3_1,00000501,corrected,box,black rectangular box; green XMG lettering,contents; electronic display; material,,,初始化索引 500：红框为整盒而非logo，未见实际屏、钟面或按键。,,,GPT-6 Astra Pro,2026-10-02,conflicting,True,gb,initial,box,black rectangular box; green XMG lettering,contents; electronic display; material,
vot,437,df7b6750e35b94c8463ab7db30b80a2e08b6f3effabbfabd3103fdb84131d66a,box_darkroom_noocc_3_1,00000551,corrected,box,thin dark package side; pale and green marks,contents; electronic display; material,,,初始化索引 550：红框为整盒而非logo，未见实际屏、钟面或按键。,,,GPT-6 Astra Pro,2026-10-02,conflicting,True,gb,initial,box,thin dark package side; pale and green marks,contents; electronic display; material,
vot,438,3584e117e24c495483c76fa5969ecc351abaeb0d33165833a66e1b001fd3df10,box_darkroom_noocc_3_1,00000601,corrected,box,black rectangular box; green XMG lettering,contents; electronic display; material,,,初始化索引 600：红框为整盒而非logo，未见实际屏、钟面或按键。,,,GPT-6 Astra Pro,2026-10-02,conflicting,True,gb,initial,box,black rectangular box; green XMG lettering,contents; electronic display; material,
vot,439,479e8a5d480078097da6629eef30dda6764539d6a545972a6b73897d9335b384,box_darkroom_noocc_3_1,00000651,corrected,box,black rectangular box; green XMG lettering,contents; electronic display; material,,,初始化索引 650：红框为整盒而非logo，未见实际屏、钟面或按键。,,,GPT-6 Astra Pro,2026-10-02,conflicting,True,gb,initial,box,black rectangular box; green XMG lettering,contents; electronic display; material,
vot,440,0b201d02d222bc1bd8592e95b18153e2574247da63369fd595dc902e0e65f6a9,box_darkroom_noocc_3_1,00000701,corrected,box,black rectangular box; green XMG lettering,contents; electronic display; material,,,初始化索引 700：红框为整盒而非logo，未见实际屏、钟面或按键。,,,GPT-6 Astra Pro,2026-10-02,conflicting,True,gb,initial,box,black rectangular box; green XMG lettering,contents; electronic display; material,
vot,441,1a351f4fd788d3701754ac9c757d252c315514f1085d79a1063f7092f3f92be6,box_darkroom_noocc_3_1,00000751,corrected,box,thin dark package side; pale and green marks,contents; electronic display; material,,,初始化索引 750：红框为整盒而非logo，未见实际屏、钟面或按键。,,,GPT-6 Astra Pro,2026-10-02,conflicting,True,gb,initial,box,thin dark package side; pale and green marks,contents; electronic display; material,
vot,442,0834adfce6546663bc00e93b7b01c2bc93cb0db0940d93694a1d94fb165884f8,box_darkroom_noocc_3_1,00000801,corrected,box,black rectangular box; green XMG lettering,contents; electronic display; material,,,初始化索引 800：红框为整盒而非logo，未见实际屏、钟面或按键。,,,GPT-6 Astra Pro,2026-10-02,conflicting,True,gb,initial,box,black rectangular box; green XMG lettering,contents; electronic display; material,
vot,443,c3cc3e780cfb8981dd489d4152000f3691fbb6b6d1342d45c92bd4f4810bbfbd,box_darkroom_noocc_3_1,00000851,supported,box,black rectangular box; green XMG lettering,contents; electronic display; material,,,初始化索引 850：红框为整盒而非logo，未见实际屏、钟面或按键。,,,GPT-6 Astra Pro,2026-10-02,conflicting,True,gb,initial,box,black rectangular box; green XMG lettering,contents; electronic display; material,
vot,444,d2356f8a76bfd7bbe43e6ac03600b1aecb4d57fe5dd62d266d525a081888d7f2,box_darkroom_noocc_3_1,00000901,corrected,box,black rectangular box; green XMG lettering,contents; electronic display; material,,,初始化索引 900：红框为整盒而非logo，未见实际屏、钟面或按键。,,,GPT-6 Astra Pro,2026-10-02,conflicting,True,gb,initial,box,black rectangular box; green XMG lettering,contents; electronic display; material,
vot,445,0057621d8651fcbbec483aecca131313e457a0e86d165dbd31d135836162938a,box_darkroom_noocc_3_1,00000951,corrected,box,black rectangular box; green XMG lettering,contents; electronic display; material,,,初始化索引 950：红框为整盒而非logo，未见实际屏、钟面或按键。,,,GPT-6 Astra Pro,2026-10-02,conflicting,True,gb,initial,box,black rectangular box; green XMG lettering,contents; electronic display; material,
vot,446,2e536601150c10c24f08e89c69fbc9e268b1b02f7ec3e6a303e5805b9eca38d9,box_darkroom_noocc_3_1,00001001,corrected,box,black rectangular box; green XMG lettering,contents; electronic display; material,,,初始化索引 1000：红框为整盒而非logo，未见实际屏、钟面或按键。,,,GPT-6 Astra Pro,2026-10-02,conflicting,True,gb,initial,box,black rectangular box; green XMG lettering,contents; electronic display; material,
vot,447,68af5ad719596fd38556c254c2ca4e9853851751409276774a168fd9b0dbd548,box_darkroom_noocc_3_1,00001051,supported,box,black rectangular box; green XMG lettering,contents; electronic display; material,,,初始化索引 1050：红框为整盒而非logo，未见实际屏、钟面或按键。,,,GPT-6 Astra Pro,2026-10-02,conflicting,True,gb,initial,box,black rectangular box; green XMG lettering,contents; electronic display; material,
vot,448,4af8872d578ef0406682fe96d4e3ea3d3c00684ef5204a4a8e3bb9d75aba2146,box_darkroom_noocc_3_1,00001101,corrected,box,thin dark package side; pale and green marks,contents; electronic display; material,,,初始化索引 1100：红框为整盒而非logo，未见实际屏、钟面或按键。,,,GPT-6 Astra Pro,2026-10-02,conflicting,True,gb,initial,box,thin dark package side; pale and green marks,contents; electronic display; material,
vot,449,d3952cfdf07872df51327550846fc45bd3515cc42852b39e74626e0d5ea173fe,box_darkroom_noocc_3_1,00001151,supported,box,black rectangular box; green XMG lettering,contents; electronic display; material,,,初始化索引 1150：红框为整盒而非logo，未见实际屏、钟面或按键。,,,GPT-6 Astra Pro,2026-10-02,conflicting,True,gb,initial,box,black rectangular box; green XMG lettering,contents; electronic display; material,
vot,450,60d647911883d26861f3e095ec374c99a5cc305605a3f740ab9d96f17f724961,box_darkroom_noocc_3_1,00001201,corrected,box,black rectangular box; green XMG lettering,contents; electronic display; material,,,初始化索引 1200：红框为整盒而非logo，未见实际屏、钟面或按键。,,,GPT-6 Astra Pro,2026-10-02,conflicting,True,gb,initial,box,black rectangular box; green XMG lettering,contents; electronic display; material,
vot,451,339de63946676fcf7cd855ad665b48a2175595e262b624409d862f2d3e8f5b07,box_darkroom_noocc_3_1,00001251,corrected,box,black rectangular box; green XMG lettering,contents; electronic display; material,,,初始化索引 1250：红框为整盒而非logo，未见实际屏、钟面或按键。,,,GPT-6 Astra Pro,2026-10-02,conflicting,True,gb,initial,box,black rectangular box; green XMG lettering,contents; electronic display; material,
vot,452,c8f0c263db0f8660c8e864b3a6fb613e99dbab096055a4e2d24e6148ec24fc89,box_darkroom_noocc_3_1,00001301,supported,box,black rectangular box; green XMG lettering,contents; electronic display; material,,,初始化索引 1300：红框为整盒而非logo，未见实际屏、钟面或按键。,,,GPT-6 Astra Pro,2026-10-02,conflicting,True,gb,initial,box,black rectangular box; green XMG lettering,contents; electronic display; material,
vot,453,b314878830eedf6eebb0c2f205e14c0559350d8be4ad1a97a95db9e6e419c8fc,box_darkroom_noocc_3_1,00001351,supported,box,thin dark package side; pale and green marks,contents; electronic display; material,,,初始化索引 1350：红框为整盒而非logo，未见实际屏、钟面或按键。,,,GPT-6 Astra Pro,2026-10-02,conflicting,True,gb,initial,box,thin dark package side; pale and green marks,contents; electronic display; material,
vot,454,4ccd8bc5395f40444bc8d392ba8ec41140a0a6d15d581d26dad8f3ccfaaecf16,box_darkroom_noocc_3_1,00001401,corrected,box,black rectangular box; green XMG lettering,contents; electronic display; material,,,初始化索引 1400：红框为整盒而非logo，未见实际屏、钟面或按键。,,,GPT-6 Astra Pro,2026-10-02,conflicting,True,gb,initial,box,black rectangular box; green XMG lettering,contents; electronic display; material,
vot,455,90b8841d2d28cd0475552e672fad966483b7d1e61b813d498c4e5677df340fda,box_darkroom_noocc_3_1,00001451,supported,box,black rectangular box; green XMG lettering,contents; electronic display; material,,,初始化索引 1450：红框为整盒而非logo，未见实际屏、钟面或按键。,,,GPT-6 Astra Pro,2026-10-02,conflicting,True,gb,initial,box,black rectangular box; green XMG lettering,contents; electronic display; material,
vot,456,418f71838b81e6765a83f74256cc8ab7ad3fca40d29334f2235b74f7f0730271,box_darkroom_noocc_3_1,00001501,supported,box,black rectangular box; green XMG lettering,contents; electronic display; material,,,初始化索引 1500：红框为整盒而非logo，未见实际屏、钟面或按键。,,,GPT-6 Astra Pro,2026-10-02,conflicting,True,gb,initial,box,black rectangular box; green XMG lettering,contents; electronic display; material,
vot,457,deff8d579f3cbb83245381d11ab0ac9c840927e0c81118c85ae23fdbd3c4ca73,box_darkroom_noocc_3_1,00001551,supported,box,black rectangular box; green XMG lettering,contents; electronic display; material,,,初始化索引 1550：红框为整盒而非logo，未见实际屏、钟面或按键。,,,GPT-6 Astra Pro,2026-10-02,conflicting,True,gb,initial,box,black rectangular box; green XMG lettering,contents; electronic display; material,
vot,458,412e507e7329075cbcb0ad33031d574f6c310bf5eb8862af68affe5487aa236b,box_darkroom_noocc_3_1,00001601,corrected,box,black rectangular box; green XMG lettering,contents; electronic display; material,,,初始化索引 1600：红框为整盒而非logo，未见实际屏、钟面或按键。,,,GPT-6 Astra Pro,2026-10-02,conflicting,True,gb,initial,box,black rectangular box; green XMG lettering,contents; electronic display; material,
vot,459,367e7775e3743f5a4ee5da8685be8f8c638e0cc8f45a8e0bb150ae2c1262a2ff,box_darkroom_noocc_3_1,00001651,corrected,box,black rectangular box; green XMG lettering,contents; electronic display; material,,,初始化索引 1650：红框为整盒而非logo，未见实际屏、钟面或按键。,,,GPT-6 Astra Pro,2026-10-02,conflicting,True,gb,initial,box,black rectangular box; green XMG lettering,contents; electronic display; material,
vot,460,df55f360edee8aa392b80a5038cdc36b32b4e06cc53814fd1bbfb978cd800b32,box_darkroom_noocc_3_1,00001701,corrected,box,black rectangular box; green XMG lettering,contents; electronic display; material,,,初始化索引 1700：红框为整盒而非logo，未见实际屏、钟面或按键。,,,GPT-6 Astra Pro,2026-10-02,conflicting,True,gb,initial,box,black rectangular box; green XMG lettering,contents; electronic display; material,
vot,461,70096cb5ad59c1e782b982b4afde811d2c85cfb557509bce0e6baf115e5dfaa6,box_darkroom_noocc_3_1,00001741,corrected,box,thin dark package side; pale and green marks,contents; electronic display; material,,,初始化索引 1740：红框为整盒而非logo，未见实际屏、钟面或按键。,,,GPT-6 Astra Pro,2026-10-02,conflicting,True,gb,initial,box,thin dark package side; pale and green marks,contents; electronic display; material,
vot,462,bb2e35b36712a1f724a363b6d8868d8b484d023d30f7c4487e1b1a8231bee154,box_darkroom_noocc_3_1,00001801,corrected,box,black rectangular box; green XMG lettering,contents; electronic display; material,,,初始化索引 1800：红框为整盒而非logo，未见实际屏、钟面或按键。,,,GPT-6 Astra Pro,2026-10-02,conflicting,True,gb,initial,box,black rectangular box; green XMG lettering,contents; electronic display; material,
vot,463,4373611487c692c27bf8df15206986e76f8bc21afebbc6672a6b282e8a32e6dc,box_darkroom_noocc_4_1,00000001,uncertain,box,pale rectangular printed face; small mark,contents; wording; material,,近邻转面辅助厚度确认，后帧文字不回填。,初始化索引 0：本帧偏正视，浅色矩形面的厚度不充分；浅盒判断由近邻转面辅助，不能硬判名片或手机。,,,GPT-6 Astra Pro,2026-10-02,conflicting,True,gb,initial,box,pale rectangular printed face; small mark,contents; wording; material,
vot,464,c38a3b14fcea8229423f60acea6c6510e38cbce78f8225b1e51ae944bb842758,box_darkroom_noocc_4_1,00000051,supported,box,orange-red side; pale panel; small print,contents; wording; material,,近邻转面辅助厚度确认，后帧文字不回填。,初始化索引 50：红框为白橙浅包装，有盒沿/侧面，不是证书或触屏手机。,,,GPT-6 Astra Pro,2026-10-02,conflicting,True,gb,initial,box,orange-red side; pale panel; small print,contents; wording; material,
vot,465,51f14d56fba838a4e25dfe2642a2e2d0a4d7ee82b948efeb9e7b82c1f0e87e0d,box_darkroom_noocc_4_1,00000101,corrected,box,pale rectangular face; orange-red side; small printed emblem,contents; wording; material,,近邻转面辅助厚度确认，后帧文字不回填。,初始化索引 100：红框为白橙浅包装，有盒沿/侧面，不是证书或触屏手机。,,,GPT-6 Astra Pro,2026-10-02,conflicting,True,gb,initial,box,pale rectangular face; orange-red side; small printed emblem,contents; wording; material,
vot,466,13b926fb115c24a50d964b4f7d168471e20dd409252fc8febb85ebbd02d2628b,box_darkroom_noocc_4_1,00000151,uncertain,box,pale rectangular printed face; small mark,contents; wording; material,,近邻转面辅助厚度确认，后帧文字不回填。,初始化索引 150：本帧偏正视，浅色矩形面的厚度不充分；浅盒判断由近邻转面辅助，不能硬判名片或手机。,,,GPT-6 Astra Pro,2026-10-02,conflicting,True,gb,initial,box,pale rectangular printed face; small mark,contents; wording; material,
vot,467,61792bf780999d6458d5f82f533425f7b509fc11b5e69a888fbb774cff222a61,box_darkroom_noocc_4_1,00000201,supported,box,pale rectangular face; orange-red side; small printed emblem,contents; wording; material,,近邻转面辅助厚度确认，后帧文字不回填。,初始化索引 200：红框为白橙浅包装，有盒沿/侧面，不是证书或触屏手机。,,,GPT-6 Astra Pro,2026-10-02,conflicting,True,gb,initial,box,pale rectangular face; orange-red side; small printed emblem,contents; wording; material,
vot,468,cc05b7fef66dc8bdcd4aefdcf7c588c57e225b41541d642745864c50d3745b4e,box_darkroom_noocc_4_1,00000251,corrected,box,pale rectangular face; orange-red side; small printed emblem,contents; wording; material,,近邻转面辅助厚度确认，后帧文字不回填。,初始化索引 250：红框为白橙浅包装，有盒沿/侧面，不是证书或触屏手机。,,,GPT-6 Astra Pro,2026-10-02,conflicting,True,gb,initial,box,pale rectangular face; orange-red side; small printed emblem,contents; wording; material,
vot,469,e45a7aa539d842eec1e5520a91da876770875f42a135bc573aae083e8ad22d6e,box_darkroom_noocc_4_1,00000301,supported,box,orange-red side; pale panel; small print,contents; wording; material,,近邻转面辅助厚度确认，后帧文字不回填。,初始化索引 300：红框为白橙浅包装，有盒沿/侧面，不是证书或触屏手机。,,,GPT-6 Astra Pro,2026-10-02,conflicting,True,gb,initial,box,orange-red side; pale panel; small print,contents; wording; material,
vot,470,2411022390d9914c9f72f05ffad05731d200c5751b072482b58e693d09923125,box_darkroom_noocc_4_1,00000351,corrected,box,pale rectangular face; orange-red side; small printed emblem,contents; wording; material,,近邻转面辅助厚度确认，后帧文字不回填。,初始化索引 350：红框为白橙浅包装，有盒沿/侧面，不是证书或触屏手机。,,,GPT-6 Astra Pro,2026-10-02,conflicting,True,gb,initial,box,pale rectangular face; orange-red side; small printed emblem,contents; wording; material,
vot,471,166cf5bb7902d07df3f436c009fa1746bfe4abc2e0512836c99755a238bdf73f,box_darkroom_noocc_4_1,00000401,corrected,box,pale rectangular face; orange-red side; small printed emblem,contents; wording; material,,近邻转面辅助厚度确认，后帧文字不回填。,初始化索引 400：红框为白橙浅包装，有盒沿/侧面，不是证书或触屏手机。,,,GPT-6 Astra Pro,2026-10-02,conflicting,True,gb,initial,box,pale rectangular face; orange-red side; small printed emblem,contents; wording; material,
vot,472,a22131719995d66ff9a2c556d9786e1b1f906cbdefa31b5369e3798a9a05049d,box_darkroom_noocc_4_1,00000451,corrected,box,pale rectangular face; orange-red side; small printed emblem,contents; wording; material,,近邻转面辅助厚度确认，后帧文字不回填。,初始化索引 450：红框为白橙浅包装，有盒沿/侧面，不是证书或触屏手机。,,,GPT-6 Astra Pro,2026-10-02,conflicting,True,gb,initial,box,pale rectangular face; orange-red side; small printed emblem,contents; wording; material,
vot,473,5a5f2e74e44715f02676e565b4da9dd9449fc6ede081090633534431c03f29f1,box_darkroom_noocc_4_1,00000501,corrected,box,pale rectangular face; orange-red side; small printed emblem,contents; wording; material,,近邻转面辅助厚度确认，后帧文字不回填。,初始化索引 500：红框为白橙浅包装，有盒沿/侧面，不是证书或触屏手机。,,,GPT-6 Astra Pro,2026-10-02,conflicting,True,gb,initial,box,pale rectangular face; orange-red side; small printed emblem,contents; wording; material,
vot,474,7b8a8dd7eef51f9b22e4bdcbb7fb4086e578be57d2762f6b78d625754c75e407,box_darkroom_noocc_4_1,00000551,corrected,box,pale rectangular face; orange-red side; small printed emblem,contents; wording; material,,近邻转面辅助厚度确认，后帧文字不回填。,初始化索引 550：红框为白橙浅包装，有盒沿/侧面，不是证书或触屏手机。,,,GPT-6 Astra Pro,2026-10-02,conflicting,True,gb,initial,box,pale rectangular face; orange-red side; small printed emblem,contents; wording; material,
vot,475,95a6d24b62e05977c824e79ae176a524091e39dc1beb911fac62d51b487d9430,box_darkroom_noocc_4_1,00000601,supported,box,pale rectangular face; orange-red side; small printed emblem,contents; wording; material,,近邻转面辅助厚度确认，后帧文字不回填。,初始化索引 600：红框为白橙浅包装，有盒沿/侧面，不是证书或触屏手机。,,,GPT-6 Astra Pro,2026-10-02,conflicting,True,gb,initial,box,pale rectangular face; orange-red side; small printed emblem,contents; wording; material,
vot,476,45f379dbf69a14427c7016d7d63dba6e10c4fc787790f91257a5f84d557c41ab,box_darkroom_noocc_4_1,00000651,supported,box,pale rectangular face; orange-red side; small printed emblem,contents; wording; material,,近邻转面辅助厚度确认，后帧文字不回填。,初始化索引 650：红框为白橙浅包装，有盒沿/侧面，不是证书或触屏手机。,,,GPT-6 Astra Pro,2026-10-02,conflicting,True,gb,initial,box,pale rectangular face; orange-red side; small printed emblem,contents; wording; material,
vot,477,5589a3db0dfec4062e45f40d6399ed43f3fa254c5c2c8821403cdb6f88df8173,box_darkroom_noocc_4_1,00000701,corrected,box,pale rectangular face; orange-red side; small printed emblem,contents; wording; material,,近邻转面辅助厚度确认，后帧文字不回填。,初始化索引 700：红框为白橙浅包装，有盒沿/侧面，不是证书或触屏手机。,,,GPT-6 Astra Pro,2026-10-02,conflicting,True,gb,initial,box,pale rectangular face; orange-red side; small printed emblem,contents; wording; material,
vot,478,ac8ccc9ef2393fbad2cb8ff25dc25bdb9e1c072e1decb9ee9812b70bc9c920bd,box_darkroom_noocc_4_1,00000751,corrected,box,orange-red side; pale panel; small print,contents; wording; material,,近邻转面辅助厚度确认，后帧文字不回填。,初始化索引 750：红框为白橙浅包装，有盒沿/侧面，不是证书或触屏手机。,,,GPT-6 Astra Pro,2026-10-02,conflicting,True,gb,initial,box,orange-red side; pale panel; small print,contents; wording; material,
vot,479,b0b43727331805f54f97f78d9ced95fe92b69f8863ce77025f2641abac6c39b7,box_darkroom_noocc_4_1,00000801,corrected,box,orange-red side; pale panel; small print,contents; wording; material,,近邻转面辅助厚度确认，后帧文字不回填。,初始化索引 800：红框为白橙浅包装，有盒沿/侧面，不是证书或触屏手机。,,,GPT-6 Astra Pro,2026-10-02,conflicting,True,gb,initial,box,orange-red side; pale panel; small print,contents; wording; material,
vot,480,117e8cedd74d2da6949c293aa79d624b98a4c42d41f6764723e2efa16ca5c10b,box_darkroom_noocc_4_1,00000851,corrected,box,pale rectangular printed face; small mark,contents; wording; material,,近邻转面辅助厚度确认，后帧文字不回填。,初始化索引 850：红框为白橙浅包装，有盒沿/侧面，不是证书或触屏手机。,,,GPT-6 Astra Pro,2026-10-02,conflicting,True,gb,initial,box,pale rectangular printed face; small mark,contents; wording; material,
vot,481,128d66e21b0f470bc303c1c6b2c46cb0f2f1b9e580871c34ba8b08a7bf6a8ad3,box_darkroom_noocc_4_1,00000901,corrected,box,orange-red side; pale panel; small print,contents; wording; material,,近邻转面辅助厚度确认，后帧文字不回填。,初始化索引 900：红框为白橙浅包装，有盒沿/侧面，不是证书或触屏手机。,,,GPT-6 Astra Pro,2026-10-02,conflicting,True,gb,initial,box,orange-red side; pale panel; small print,contents; wording; material,
vot,482,d0796f093267e19b512ecdb60a69d67126ee1cd7db2a75bdde43dec9fd9687b6,box_darkroom_noocc_4_1,00000951,corrected,box,pale rectangular printed face; small mark,contents; wording; material,,近邻转面辅助厚度确认，后帧文字不回填。,初始化索引 950：红框为白橙浅包装，有盒沿/侧面，不是证书或触屏手机。,,,GPT-6 Astra Pro,2026-10-02,conflicting,True,gb,initial,box,pale rectangular printed face; small mark,contents; wording; material,
vot,483,dd85212cabd3d4e0ad9c767c42fc86d4f6a8171fc3dc772bfafb59f84dfb4c2c,box_darkroom_noocc_4_1,00001001,corrected,box,pale rectangular printed face; small mark,contents; wording; material,,近邻转面辅助厚度确认，后帧文字不回填。,初始化索引 1000：红框为白橙浅包装，有盒沿/侧面，不是证书或触屏手机。,,,GPT-6 Astra Pro,2026-10-02,conflicting,True,gb,initial,box,pale rectangular printed face; small mark,contents; wording; material,
vot,484,8a73cde1dcca69025979d4823cbbdfc67764268c80e8441e76175acf2138a4d8,box_darkroom_noocc_4_1,00001051,corrected,box,pale rectangular face; orange-red side; small printed emblem,contents; wording; material,,近邻转面辅助厚度确认，后帧文字不回填。,初始化索引 1050：红框为白橙浅包装，有盒沿/侧面，不是证书或触屏手机。,,,GPT-6 Astra Pro,2026-10-02,conflicting,True,gb,initial,box,pale rectangular face; orange-red side; small printed emblem,contents; wording; material,
vot,485,4cd44bd9bba926b38dcf3c0d3b983c9e14aa2eaead62eeac1e5ee2729a35c941,box_darkroom_noocc_4_1,00001101,corrected,box,orange-red side; pale panel; small print,contents; wording; material,,近邻转面辅助厚度确认，后帧文字不回填。,初始化索引 1100：红框为白橙浅包装，有盒沿/侧面，不是证书或触屏手机。,,,GPT-6 Astra Pro,2026-10-02,conflicting,True,gb,initial,box,orange-red side; pale panel; small print,contents; wording; material,
vot,486,d86747de0ab0002daa04e29aadfb71b2c3005e4a02d29819e7af6521ace30715,box_darkroom_noocc_4_1,00001151,corrected,box,pale rectangular face; orange-red side; small printed emblem,contents; wording; material,,近邻转面辅助厚度确认，后帧文字不回填。,初始化索引 1150：红框为白橙浅包装，有盒沿/侧面，不是证书或触屏手机。,,,GPT-6 Astra Pro,2026-10-02,conflicting,True,gb,initial,box,pale rectangular face; orange-red side; small printed emblem,contents; wording; material,
vot,487,e6dd2b9738b9820cabe3b768185c84be662d120ce5bbbe9d7ee2d14736da2d59,box_darkroom_noocc_4_1,00001201,corrected,box,pale rectangular printed face; small mark,contents; wording; material,,近邻转面辅助厚度确认，后帧文字不回填。,初始化索引 1200：红框为白橙浅包装，有盒沿/侧面，不是证书或触屏手机。,,,GPT-6 Astra Pro,2026-10-02,conflicting,True,gb,initial,box,pale rectangular printed face; small mark,contents; wording; material,
vot,488,02109d681a7fb4c7276086787840fc77dfd743d706cf45b134cc3e1501dce49f,box_darkroom_noocc_4_1,00001220,uncertain,box,pale rectangular printed face; small mark,contents; wording; material,,近邻转面辅助厚度确认，后帧文字不回填。,初始化索引 1219：本帧偏正视，浅色矩形面的厚度不充分；浅盒判断由近邻转面辅助，不能硬判名片或手机。,,,GPT-6 Astra Pro,2026-10-02,conflicting,True,gb,initial,box,pale rectangular printed face; small mark,contents; wording; material,
vot,489,579863f56d9f12db09c89b11ed18f36a7fc088c7dd970489efb2291eed511dc7,box_darkroom_noocc_5_1,00000001,corrected,box,dark package face; yellow-green border; pale printed graphics,contents; wireless function; material; print,,,初始化索引 0：紅框为包装整体而非印刷控制器；不从商品图推定无线功能。,,,GPT-6 Astra Pro,2026-10-02,conflicting,True,gb,initial,box,dark package face; yellow-green border; pale printed graphics,contents; wireless function; material; print,
vot,490,cd4458880dce7ada99e66a36cf898fafbb435b3360460a567c0cd84849ac2a17,box_darkroom_noocc_5_1,00000051,corrected,box,yellow-green rectangular side; dark print; adjacent dark face,contents; wireless function; material; print,,,初始化索引 50：紅框为包装整体而非印刷控制器；不从商品图推定无线功能。,,,GPT-6 Astra Pro,2026-10-02,conflicting,True,gb,initial,box,yellow-green rectangular side; dark print; adjacent dark face,contents; wireless function; material; print,
vot,491,e4b65c949ef2fb7a87c4d68352f740f89ac35ec49c1a49fbf958989533358a3c,box_darkroom_noocc_5_1,00000101,supported,box,yellow-green rectangular side; dark print; adjacent dark face,contents; wireless function; material; print,,,初始化索引 100：紅框为包装整体而非印刷控制器；不从商品图推定无线功能。,,,GPT-6 Astra Pro,2026-10-02,conflicting,True,gb,initial,box,yellow-green rectangular side; dark print; adjacent dark face,contents; wireless function; material; print,
vot,492,ac52dd9bf59a773ad18897890bc97b70c4dcc9bc25981c2378df24b8f3969b96,box_darkroom_noocc_5_1,00000151,corrected,box,dark package face; yellow-green border; pale printed graphics,contents; wireless function; material; print,,,初始化索引 150：紅框为包装整体而非印刷控制器；不从商品图推定无线功能。,,,GPT-6 Astra Pro,2026-10-02,conflicting,True,gb,initial,box,dark package face; yellow-green border; pale printed graphics,contents; wireless function; material; print,
vot,493,86d9d956df6b4573fb96ca2f679504aa94c4de90100144e92a0a293a46dc038d,box_darkroom_noocc_5_1,00000201,corrected,box,dark package face; yellow-green border; pale printed graphics,contents; wireless function; material; print,,,初始化索引 200：紅框为包装整体而非印刷控制器；不从商品图推定无线功能。,,,GPT-6 Astra Pro,2026-10-02,conflicting,True,gb,initial,box,dark package face; yellow-green border; pale printed graphics,contents; wireless function; material; print,
vot,494,dead5cea29ae7760dc4fb89f12a51dda94b4a851c2260493f370ae1c2ba75f01,box_darkroom_noocc_5_1,00000251,corrected,box,dark package face; yellow-green border; pale printed graphics,contents; wireless function; material; print,,,初始化索引 250：紅框为包装整体而非印刷控制器；不从商品图推定无线功能。,,,GPT-6 Astra Pro,2026-10-02,conflicting,True,gb,initial,box,dark package face; yellow-green border; pale printed graphics,contents; wireless function; material; print,
vot,495,d5c6824acf6ad8e668db086af2579b3f0d9a280a5f12d3460743c6bbf46bb233,box_darkroom_noocc_5_1,00000301,corrected,box,yellow-green rectangular side; dark print; adjacent dark face,contents; wireless function; material; print,,,初始化索引 300：紅框为包装整体而非印刷控制器；不从商品图推定无线功能。,,,GPT-6 Astra Pro,2026-10-02,conflicting,True,gb,initial,box,yellow-green rectangular side; dark print; adjacent dark face,contents; wireless function; material; print,
vot,496,72176d9ff56932c50f53985ccb8cc2d2e8bafb74e96dab11430048740a99069e,box_darkroom_noocc_5_1,00000351,supported,box,yellow-green rectangular side; dark print; adjacent dark face,contents; wireless function; material; print,,,初始化索引 350：紅框为包装整体而非印刷控制器；不从商品图推定无线功能。,,,GPT-6 Astra Pro,2026-10-02,conflicting,True,gb,initial,box,yellow-green rectangular side; dark print; adjacent dark face,contents; wireless function; material; print,
vot,497,af8dc98b21d93c304ceb43e4dad8ee20f079740f39f462bf9a4183de870a1a17,box_darkroom_noocc_5_1,00000401,supported,box,dark package face; yellow-green border; pale printed graphics,contents; wireless function; material; print,,,初始化索引 400：紅框为包装整体而非印刷控制器；不从商品图推定无线功能。,,,GPT-6 Astra Pro,2026-10-02,conflicting,True,gb,initial,box,dark package face; yellow-green border; pale printed graphics,contents; wireless function; material; print,
vot,498,125e06b6df3dbc3b333f45f7f7ce4327f32fe32f6a727cf861e93f7cd0e52772,box_darkroom_noocc_5_1,00000451,supported,box,dark package face; yellow-green border; pale printed graphics,contents; wireless function; material; print,,,初始化索引 450：紅框为包装整体而非印刷控制器；不从商品图推定无线功能。,,,GPT-6 Astra Pro,2026-10-02,conflicting,True,gb,initial,box,dark package face; yellow-green border; pale printed graphics,contents; wireless function; material; print,
vot,499,2cdc2cb170d6da0b3fbdee9b4c50ab443dfc80a942963083c1b18fa1fad3cb22,box_darkroom_noocc_5_1,00000501,supported,box,dark package face; yellow-green border; pale printed graphics,contents; wireless function; material; print,,,初始化索引 500：紅框为包装整体而非印刷控制器；不从商品图推定无线功能。,,,GPT-6 Astra Pro,2026-10-02,conflicting,True,gb,initial,box,dark package face; yellow-green border; pale printed graphics,contents; wireless function; material; print,
vot,500,0f62a4538abd4bf9b675278d2fced96632915bc8c590bcbff2ad112c56b03daf,box_darkroom_noocc_5_1,00000551,corrected,box,dark package face; yellow-green border; pale printed graphics,contents; wireless function; material; print,,,初始化索引 550：紅框为包装整体而非印刷控制器；不从商品图推定无线功能。,,,GPT-6 Astra Pro,2026-10-02,conflicting,True,gb,initial,box,dark package face; yellow-green border; pale printed graphics,contents; wireless function; material; print,
vot,501,eafb400cd23dab74e24876ad09c04fc3e0cbef12fc81883652ebeec8cd366090,box_darkroom_noocc_5_1,00000601,supported,box,dark package face; yellow-green border; pale printed graphics,contents; wireless function; material; print,,,初始化索引 600：紅框为包装整体而非印刷控制器；不从商品图推定无线功能。,,,GPT-6 Astra Pro,2026-10-02,conflicting,True,gb,initial,box,dark package face; yellow-green border; pale printed graphics,contents; wireless function; material; print,
vot,502,b3bb7210cdd17417679a1f1b39368677a382e8992da48a50239002e0d28976f0,box_darkroom_noocc_5_1,00000651,corrected,box,dark package face; yellow-green border; pale printed graphics,contents; wireless function; material; print,,,初始化索引 650：紅框为包装整体而非印刷控制器；不从商品图推定无线功能。,,,GPT-6 Astra Pro,2026-10-02,conflicting,True,gb,initial,box,dark package face; yellow-green border; pale printed graphics,contents; wireless function; material; print,
vot,503,a98c3f18b33c255a740a71efb7a786a90a13a1a122a00682eb1c6a6b31dc8b75,box_darkroom_noocc_5_1,00000701,corrected,box,yellow-green rectangular side; dark print; adjacent dark face,contents; wireless function; material; print,,,初始化索引 700：紅框为包装整体而非印刷控制器；不从商品图推定无线功能。,,,GPT-6 Astra Pro,2026-10-02,conflicting,True,gb,initial,box,yellow-green rectangular side; dark print; adjacent dark face,contents; wireless function; material; print,
vot,504,ae0e700afad0788cf8a10d840b865b5bf1c1a6106529290f1d9813698ab0a83a,box_darkroom_noocc_5_1,00000751,corrected,box,yellow-green rectangular side; dark print; adjacent dark face,contents; wireless function; material; print,,,初始化索引 750：紅框为包装整体而非印刷控制器；不从商品图推定无线功能。,,,GPT-6 Astra Pro,2026-10-02,conflicting,True,gb,initial,box,yellow-green rectangular side; dark print; adjacent dark face,contents; wireless function; material; print,
vot,505,f70c9c0529beee8601889fb775cbb9156ecbe48a25b4954dc6e100adfa1d5381,box_darkroom_noocc_5_1,00000801,supported,box,dark package face; yellow-green border; pale printed graphics,contents; wireless function; material; print,,,初始化索引 800：紅框为包装整体而非印刷控制器；不从商品图推定无线功能。,,,GPT-6 Astra Pro,2026-10-02,conflicting,True,gb,initial,box,dark package face; yellow-green border; pale printed graphics,contents; wireless function; material; print,
vot,506,f64eaf6c69d350a0334a8ac500a0176fcd1a083a6b0a4267315b9c5fda21463c,box_darkroom_noocc_5_1,00000851,corrected,box,dark package face; yellow-green border; pale printed graphics,contents; wireless function; material; print,,,初始化索引 850：紅框为包装整体而非印刷控制器；不从商品图推定无线功能。,,,GPT-6 Astra Pro,2026-10-02,conflicting,True,gb,initial,box,dark package face; yellow-green border; pale printed graphics,contents; wireless function; material; print,
vot,507,8a864dfcd907694dd8c12602b2804e6c92bb37d515cc3540cbd101b13d724b03,box_darkroom_noocc_5_1,00000901,supported,box,dark package face; yellow-green border; pale printed graphics,contents; wireless function; material; print,,,初始化索引 900：紅框为包装整体而非印刷控制器；不从商品图推定无线功能。,,,GPT-6 Astra Pro,2026-10-02,conflicting,True,gb,initial,box,dark package face; yellow-green border; pale printed graphics,contents; wireless function; material; print,
vot,508,87d9c4be8e94d1197f01743cc2a715db628eb367dce7178059a1c7526a0309d4,box_darkroom_noocc_5_1,00000951,supported,box,dark package face; yellow-green border; pale printed graphics,contents; wireless function; material; print,,,初始化索引 950：紅框为包装整体而非印刷控制器；不从商品图推定无线功能。,,,GPT-6 Astra Pro,2026-10-02,conflicting,True,gb,initial,box,dark package face; yellow-green border; pale printed graphics,contents; wireless function; material; print,
vot,509,51d674bc270c34e726878ab9bbb12c8c167c59de75b691622f46e47602342168,box_darkroom_noocc_5_1,00001001,corrected,box,dark package face; yellow-green border; pale printed graphics,contents; wireless function; material; print,,,初始化索引 1000：紅框为包装整体而非印刷控制器；不从商品图推定无线功能。,,,GPT-6 Astra Pro,2026-10-02,conflicting,True,gb,initial,box,dark package face; yellow-green border; pale printed graphics,contents; wireless function; material; print,
vot,510,83e3ffd1fc23be1408389b2b9818265689b51d5139c0d809671c501a0fe007af,box_darkroom_noocc_5_1,00001051,corrected,box,dark package face; yellow-green border; pale printed graphics,contents; wireless function; material; print,,,初始化索引 1050：紅框为包装整体而非印刷控制器；不从商品图推定无线功能。,,,GPT-6 Astra Pro,2026-10-02,conflicting,True,gb,initial,box,dark package face; yellow-green border; pale printed graphics,contents; wireless function; material; print,
vot,511,9a636e87966f4191c32d08c0c6146b0d73736cd4da49b9fe023c4905a7fec0e0,box_darkroom_noocc_5_1,00001101,supported,box,yellow-green rectangular side; dark print; adjacent dark face,contents; wireless function; material; print,,,初始化索引 1100：紅框为包装整体而非印刷控制器；不从商品图推定无线功能。,,,GPT-6 Astra Pro,2026-10-02,conflicting,True,gb,initial,box,yellow-green rectangular side; dark print; adjacent dark face,contents; wireless function; material; print,
vot,512,de0eda6667decc4532155ec0353d9bf4e9a9128af48ff698a0dc8a5b204858b9,box_darkroom_noocc_5_1,00001151,corrected,box,yellow-green rectangular side; dark print; adjacent dark face,contents; wireless function; material; print,,,初始化索引 1150：紅框为包装整体而非印刷控制器；不从商品图推定无线功能。,,,GPT-6 Astra Pro,2026-10-02,conflicting,True,gb,initial,box,yellow-green rectangular side; dark print; adjacent dark face,contents; wireless function; material; print,
vot,513,874319794c4c78b5d56c1ef52418169d12b803ba8e6d4b5d2d50b55522cd9d3d,box_darkroom_noocc_5_1,00001201,corrected,box,dark package face; yellow-green border; pale printed graphics,contents; wireless function; material; print,,,初始化索引 1200：紅框为包装整体而非印刷控制器；不从商品图推定无线功能。,,,GPT-6 Astra Pro,2026-10-02,conflicting,True,gb,initial,box,dark package face; yellow-green border; pale printed graphics,contents; wireless function; material; print,
vot,514,cc201107a19383e63709df88ab75559b1398ae8c6e211b49b0093365e4293cc0,box_darkroom_noocc_5_1,00001251,supported,box,dark package face; yellow-green border; pale printed graphics,contents; wireless function; material; print,,,初始化索引 1250：紅框为包装整体而非印刷控制器；不从商品图推定无线功能。,,,GPT-6 Astra Pro,2026-10-02,conflicting,True,gb,initial,box,dark package face; yellow-green border; pale printed graphics,contents; wireless function; material; print,
vot,515,7a5608b26f1e102fac3f256a8c4d19c351f233af62c6af5a04e915fbf018637e,box_darkroom_noocc_5_1,00001301,corrected,box,yellow-green rectangular side; dark print; adjacent dark face,contents; wireless function; material; print,,,初始化索引 1300：紅框为包装整体而非印刷控制器；不从商品图推定无线功能。,,,GPT-6 Astra Pro,2026-10-02,conflicting,True,gb,initial,box,yellow-green rectangular side; dark print; adjacent dark face,contents; wireless function; material; print,
vot,516,ac92461186ef84cdc4bbd05f0e31443f50317adf5b27e26dbc3601821922bcdd,box_darkroom_noocc_5_1,00001351,corrected,box,dark package face; yellow-green border; pale printed graphics,contents; wireless function; material; print,,,初始化索引 1350：紅框为包装整体而非印刷控制器；不从商品图推定无线功能。,,,GPT-6 Astra Pro,2026-10-02,conflicting,True,gb,initial,box,dark package face; yellow-green border; pale printed graphics,contents; wireless function; material; print,
vot,517,eb77f1186365c135229cf86a31f3ece89a535c12e73ffd84ce8437ee2d0478ef,box_darkroom_noocc_5_1,00001401,supported,box,yellow-green rectangular side; dark print; adjacent dark face,contents; wireless function; material; print,,,初始化索引 1400：紅框为包装整体而非印刷控制器；不从商品图推定无线功能。,,,GPT-6 Astra Pro,2026-10-02,conflicting,True,gb,initial,box,yellow-green rectangular side; dark print; adjacent dark face,contents; wireless function; material; print,
vot,518,70a5c9871abe67d32f26ea5dc9392ca8662382fd3159c48658676f3a3901d58c,box_darkroom_noocc_5_1,00001451,supported,box,dark package face; yellow-green border; pale printed graphics,contents; wireless function; material; print,,,初始化索引 1450：紅框为包装整体而非印刷控制器；不从商品图推定无线功能。,,,GPT-6 Astra Pro,2026-10-02,conflicting,True,gb,initial,box,dark package face; yellow-green border; pale printed graphics,contents; wireless function; material; print,
vot,519,68f7c1aee15b24b11ecfdcb35177280eadcb230be7e35d6612186d3927067104,box_darkroom_noocc_5_1,00001501,supported,box,dark package face; yellow-green border; pale printed graphics,contents; wireless function; material; print,,,初始化索引 1500：紅框为包装整体而非印刷控制器；不从商品图推定无线功能。,,,GPT-6 Astra Pro,2026-10-02,conflicting,True,gb,initial,box,dark package face; yellow-green border; pale printed graphics,contents; wireless function; material; print,
vot,520,30d068fd1ec936fee8d9270809f664d6ba8bd368c41295a3d5119fa1c02fcd12,box_darkroom_noocc_5_1,00001551,corrected,box,dark package face; yellow-green border; pale printed graphics,contents; wireless function; material; print,,,初始化索引 1550：紅框为包装整体而非印刷控制器；不从商品图推定无线功能。,,,GPT-6 Astra Pro,2026-10-02,conflicting,True,gb,initial,box,dark package face; yellow-green border; pale printed graphics,contents; wireless function; material; print,
vot,521,022087d451d7081787b2fe088038b0c7916994993fcdb8637b9662a2233f5ab2,box_darkroom_noocc_5_1,00001601,supported,box,dark package face; yellow-green border; pale printed graphics,contents; wireless function; material; print,,,初始化索引 1600：紅框为包装整体而非印刷控制器；不从商品图推定无线功能。,,,GPT-6 Astra Pro,2026-10-02,conflicting,True,gb,initial,box,dark package face; yellow-green border; pale printed graphics,contents; wireless function; material; print,
vot,522,282b256302897f8c7573533ab02a3358b3f8be71841495d95ad39abcebc0a4aa,box_darkroom_noocc_5_1,00001651,corrected,box,dark package face; yellow-green border; pale printed graphics,contents; wireless function; material; print,,,初始化索引 1650：紅框为包装整体而非印刷控制器；不从商品图推定无线功能。,,,GPT-6 Astra Pro,2026-10-02,conflicting,True,gb,initial,box,dark package face; yellow-green border; pale printed graphics,contents; wireless function; material; print,
vot,523,f069b0a60dcd62a9e68b5a934aa0b7ab9524f6bc1f5f1cf691bad09550787cec,box_darkroom_noocc_5_1,00001701,corrected,box,dark package face; yellow-green border; pale printed graphics,contents; wireless function; material; print,,,初始化索引 1700：紅框为包装整体而非印刷控制器；不从商品图推定无线功能。,,,GPT-6 Astra Pro,2026-10-02,conflicting,True,gb,initial,box,dark package face; yellow-green border; pale printed graphics,contents; wireless function; material; print,
vot,524,0c87e2b7587e98ca065611eb3b20b0d687b1326a652f452e1c3d34cc37cf4b03,box_darkroom_noocc_5_1,00001751,corrected,box,yellow-green rectangular side; dark print; adjacent dark face,contents; wireless function; material; print,,,初始化索引 1750：紅框为包装整体而非印刷控制器；不从商品图推定无线功能。,,,GPT-6 Astra Pro,2026-10-02,conflicting,True,gb,initial,box,yellow-green rectangular side; dark print; adjacent dark face,contents; wireless function; material; print,
vot,525,76aabf2db1a8bcd4ca73616b3c5b9c08411a05ba2ff9302a7c0228212c56a8f0,box_darkroom_noocc_5_1,00001801,corrected,box,dark package face; yellow-green border; pale printed graphics,contents; wireless function; material; print,,,初始化索引 1800：紅框为包装整体而非印刷控制器；不从商品图推定无线功能。,,,GPT-6 Astra Pro,2026-10-02,conflicting,True,gb,initial,box,dark package face; yellow-green border; pale printed graphics,contents; wireless function; material; print,
vot,526,8981e3f501fa7cb76bf6376e944f3de2d4663bbaf7f9220e99e0b01abbfa098d,box_darkroom_noocc_5_1,00001851,corrected,box,dark package face; yellow-green border; pale printed graphics,contents; wireless function; material; print,,,初始化索引 1850：紅框为包装整体而非印刷控制器；不从商品图推定无线功能。,,,GPT-6 Astra Pro,2026-10-02,conflicting,True,gb,initial,box,dark package face; yellow-green border; pale printed graphics,contents; wireless function; material; print,
vot,527,3d07373827165c00063ef6200437d5b871a4545cb892e6cfa96c3b366fb0d32e,box_darkroom_noocc_5_1,00001901,corrected,box,dark package face; yellow-green border; pale printed graphics,contents; wireless function; material; print,,,初始化索引 1900：紅框为包装整体而非印刷控制器；不从商品图推定无线功能。,,,GPT-6 Astra Pro,2026-10-02,conflicting,True,gb,initial,box,dark package face; yellow-green border; pale printed graphics,contents; wireless function; material; print,
vot,528,f41c48a49ba3b870b8c8f5827a3aeaf9187eeaaea7a2bf6b305f80e961741766,box_darkroom_noocc_5_1,00001951,corrected,box,dark package face; yellow-green border; pale printed graphics,contents; wireless function; material; print,,,初始化索引 1950：紅框为包装整体而非印刷控制器；不从商品图推定无线功能。,,,GPT-6 Astra Pro,2026-10-02,conflicting,True,gb,initial,box,dark package face; yellow-green border; pale printed graphics,contents; wireless function; material; print,
vot,529,1a8a69804957cbd63db73813d75de185ec9fc7566801ddf8eed11c69fba778be,box_darkroom_noocc_5_1,00002001,corrected,box,dark package face; yellow-green border; pale printed graphics,contents; wireless function; material; print,,,初始化索引 2000：紅框为包装整体而非印刷控制器；不从商品图推定无线功能。,,,GPT-6 Astra Pro,2026-10-02,conflicting,True,gb,initial,box,dark package face; yellow-green border; pale printed graphics,contents; wireless function; material; print,
vot,530,e52cc2bb9d68acdc46a231b8dfb8f22087b7224abbd43db37346f1330982df99,box_darkroom_noocc_5_1,00002051,corrected,box,dark package face; yellow-green border; pale printed graphics,contents; wireless function; material; print,,,初始化索引 2050：紅框为包装整体而非印刷控制器；不从商品图推定无线功能。,,,GPT-6 Astra Pro,2026-10-02,conflicting,True,gb,initial,box,dark package face; yellow-green border; pale printed graphics,contents; wireless function; material; print,
vot,531,aa7f2cfea4caff2f70467e4c2195832fc8a27d56e159d28c2fdc31b7d98cc036,box_darkroom_noocc_5_1,00002101,corrected,box,dark package face; yellow-green border; pale printed graphics,contents; wireless function; material; print,,,初始化索引 2100：紅框为包装整体而非印刷控制器；不从商品图推定无线功能。,,,GPT-6 Astra Pro,2026-10-02,conflicting,True,gb,initial,box,dark package face; yellow-green border; pale printed graphics,contents; wireless function; material; print,
vot,532,3272782dfb3fce91bc363d3c672f369940002a17798cb49a907c31adc2e9e43e,box_darkroom_noocc_5_1,00002151,supported,box,yellow-green rectangular side; dark print; adjacent dark face,contents; wireless function; material; print,,,初始化索引 2150：紅框为包装整体而非印刷控制器；不从商品图推定无线功能。,,,GPT-6 Astra Pro,2026-10-02,conflicting,True,gb,initial,box,yellow-green rectangular side; dark print; adjacent dark face,contents; wireless function; material; print,
vot,533,e9756892e044ffed3ec4e0fe989ecf18c6c0107d09faac0aca422c91af4d5979,box_darkroom_noocc_5_1,00002166,supported,box,dark package face; yellow-green border; pale printed graphics,contents; wireless function; material; print,,,初始化索引 2165：紅框为包装整体而非印刷控制器；不从商品图推定无线功能。,,,GPT-6 Astra Pro,2026-10-02,conflicting,True,gb,initial,box,dark package face; yellow-green border; pale printed graphics,contents; wireless function; material; print,
vot,534,44660ddd69c905af73e8d3fef0fa6f0687117a9d93ce0b62a4234090929db5b4,box_darkroom_noocc_6_1,00000001,corrected,box,dark package face; yellow-green border; pale printed graphics,contents; wireless function; material; print,,,初始化索引 0：暗处小包装只可见绿边和暗印刷面，不确认数字屏。,,,GPT-6 Astra Pro,2026-10-02,conflicting,True,gb,initial,box,dark package face; yellow-green border; pale printed graphics,contents; wireless function; material; print,
vot,535,76a746ec2ce64ce97e05adcad5a2853e2f37f0429ad81ad196316128c5246797,box_darkroom_noocc_6_1,00000051,corrected,box,dark package face; yellow-green border; pale printed graphics,contents; wireless function; material; print,,,初始化索引 50：紅框为包装整体而非印刷控制器；不从商品图推定无线功能。,,,GPT-6 Astra Pro,2026-10-02,conflicting,True,gb,initial,box,dark package face; yellow-green border; pale printed graphics,contents; wireless function; material; print,
vot,536,6ed11be12ff29e0270e54726076d3883f56e232b3fc23917ddc6e5c4ef39bcb7,box_darkroom_noocc_6_1,00000101,corrected,box,yellow-green rectangular side; dark print; adjacent dark face,contents; wireless function; material; print,,,初始化索引 100：紅框为包装整体而非印刷控制器；不从商品图推定无线功能。,,,GPT-6 Astra Pro,2026-10-02,conflicting,True,gb,initial,box,yellow-green rectangular side; dark print; adjacent dark face,contents; wireless function; material; print,
vot,537,ad73f2a499cd691b455c7a393a7b275030ce59af2a5f3a05a9fd93f4fe7ad4df,box_darkroom_noocc_6_1,00000151,corrected,box,dark package face; yellow-green border; pale printed graphics,contents; wireless function; material; print,,,初始化索引 150：紅框为包装整体而非印刷控制器；不从商品图推定无线功能。,,,GPT-6 Astra Pro,2026-10-02,conflicting,True,gb,initial,box,dark package face; yellow-green border; pale printed graphics,contents; wireless function; material; print,
vot,538,6a000ef963f39ded89f25bab1c9fc70096da111fc44667a20431efbf3bd3f686,box_darkroom_noocc_6_1,00000201,corrected,box,yellow-green rectangular side; dark print; adjacent dark face,contents; wireless function; material; print,,,初始化索引 200：紅框为包装整体而非印刷控制器；不从商品图推定无线功能。,,,GPT-6 Astra Pro,2026-10-02,conflicting,True,gb,initial,box,yellow-green rectangular side; dark print; adjacent dark face,contents; wireless function; material; print,
vot,539,1fceac890aac2a49e1d2915e323d7be8b8ef49eb9d44b3467da8200229f51e75,box_darkroom_noocc_6_1,00000251,corrected,box,dark package face; yellow-green border; pale printed graphics,contents; wireless function; material; print,,,初始化索引 250：紅框为包装整体而非印刷控制器；不从商品图推定无线功能。,,,GPT-6 Astra Pro,2026-10-02,conflicting,True,gb,initial,box,dark package face; yellow-green border; pale printed graphics,contents; wireless function; material; print,
vot,540,9c088c4e44a2c2a6d82b1511fb37aedfeeba639b407764a85bc68c7ee0be0b67,box_darkroom_noocc_6_1,00000301,supported,box,dark package face; yellow-green border; pale printed graphics,contents; wireless function; material; print,,,初始化索引 300：紅框为包装整体而非印刷控制器；不从商品图推定无线功能。,,,GPT-6 Astra Pro,2026-10-02,conflicting,True,gb,initial,box,dark package face; yellow-green border; pale printed graphics,contents; wireless function; material; print,
vot,541,e3e8246a4c58474a724bd0c6bf62b04257d0cf1da08e6a942a4ad6c8609fe433,box_darkroom_noocc_6_1,00000351,supported,box,yellow-green rectangular side; dark print; adjacent dark face,contents; wireless function; material; print,,,初始化索引 350：紅框为包装整体而非印刷控制器；不从商品图推定无线功能。,,,GPT-6 Astra Pro,2026-10-02,conflicting,True,gb,initial,box,yellow-green rectangular side; dark print; adjacent dark face,contents; wireless function; material; print,
vot,542,7797d1ad4c8fa05e459e77c2708012cf64c864d40fe4e9e0f1aa9bd2071d9264,box_darkroom_noocc_6_1,00000401,corrected,box,dark package face; yellow-green border; pale printed graphics,contents; wireless function; material; print,,,初始化索引 400：紅框为包装整体而非印刷控制器；不从商品图推定无线功能。,,,GPT-6 Astra Pro,2026-10-02,conflicting,True,gb,initial,box,dark package face; yellow-green border; pale printed graphics,contents; wireless function; material; print,
vot,543,2fe4673521677f9e2f5029a2b74b72d778320335761a54cebbe70cd6ed3f2c57,box_darkroom_noocc_6_1,00000451,corrected,box,dark package face; yellow-green border; pale printed graphics,contents; wireless function; material; print,,,初始化索引 450：紅框为包装整体而非印刷控制器；不从商品图推定无线功能。,,,GPT-6 Astra Pro,2026-10-02,conflicting,True,gb,initial,box,dark package face; yellow-green border; pale printed graphics,contents; wireless function; material; print,
vot,544,e22ba27ba8e0bac1697719e204aebb2866187a6cd8d33f8b3446802ee2614c91,box_darkroom_noocc_6_1,00000501,supported,box,dark package face; yellow-green border; pale printed graphics,contents; wireless function; material; print,,,初始化索引 500：紅框为包装整体而非印刷控制器；不从商品图推定无线功能。,,,GPT-6 Astra Pro,2026-10-02,conflicting,True,gb,initial,box,dark package face; yellow-green border; pale printed graphics,contents; wireless function; material; print,
vot,545,d77d815f98f949d5e1592cb76d464953d1d8af35cad901452c4075217dd8a7cd,box_darkroom_noocc_6_1,00000551,supported,box,yellow-green rectangular side; dark print; adjacent dark face,contents; wireless function; material; print,,,初始化索引 550：紅框为包装整体而非印刷控制器；不从商品图推定无线功能。,,,GPT-6 Astra Pro,2026-10-02,conflicting,True,gb,initial,box,yellow-green rectangular side; dark print; adjacent dark face,contents; wireless function; material; print,
vot,546,a9645886cf1ec5faa230f335db5426d190a7262eca16605421d52d08ab7570b8,box_darkroom_noocc_6_1,00000601,corrected,box,yellow-green rectangular side; dark print; adjacent dark face,contents; wireless function; material; print,,,初始化索引 600：紅框为包装整体而非印刷控制器；不从商品图推定无线功能。,,,GPT-6 Astra Pro,2026-10-02,conflicting,True,gb,initial,box,yellow-green rectangular side; dark print; adjacent dark face,contents; wireless function; material; print,
vot,547,4792df850f645a8d32f584cdb6015843f0f1ceef5306f6d1367ac0dca3c8b583,box_darkroom_noocc_6_1,00000651,supported,box,dark package face; yellow-green border; pale printed graphics,contents; wireless function; material; print,,,初始化索引 650：紅框为包装整体而非印刷控制器；不从商品图推定无线功能。,,,GPT-6 Astra Pro,2026-10-02,conflicting,True,gb,initial,box,dark package face; yellow-green border; pale printed graphics,contents; wireless function; material; print,
vot,548,4297e9ee4e2c56a8da120a42c3ff4f9f020a8aea4f8e54a37ebfc61c833bdf76,box_darkroom_noocc_6_1,00000701,corrected,box,yellow-green rectangular side; dark print; adjacent dark face,contents; wireless function; material; print,,,初始化索引 700：紅框为包装整体而非印刷控制器；不从商品图推定无线功能。,,,GPT-6 Astra Pro,2026-10-02,conflicting,True,gb,initial,box,yellow-green rectangular side; dark print; adjacent dark face,contents; wireless function; material; print,
vot,549,e37ce99e0aea9bb5d163528a357b80b7cd8a73d3297008d5657c50784b05fbd3,box_darkroom_noocc_6_1,00000751,supported,box,dark package face; yellow-green border; pale printed graphics,contents; wireless function; material; print,,,初始化索引 750：紅框为包装整体而非印刷控制器；不从商品图推定无线功能。,,,GPT-6 Astra Pro,2026-10-02,conflicting,True,gb,initial,box,dark package face; yellow-green border; pale printed graphics,contents; wireless function; material; print,
vot,550,6fcfd6ef5998de8c37e7d9a6ad3a4cd63c890e6b4669958cf06b7e04c7c2443e,box_darkroom_noocc_6_1,00000801,corrected,box,dark package face; yellow-green border; pale printed graphics,contents; wireless function; material; print,,,初始化索引 800：紅框为包装整体而非印刷控制器；不从商品图推定无线功能。,,,GPT-6 Astra Pro,2026-10-02,conflicting,True,gb,initial,box,dark package face; yellow-green border; pale printed graphics,contents; wireless function; material; print,
vot,551,9962cad9f606b821bb489c7c8f6eca21ac304badab111dd3627a54f2b78bf828,box_darkroom_noocc_6_1,00000851,supported,box,yellow-green rectangular side; dark print; adjacent dark face,contents; wireless function; material; print,,,初始化索引 850：紅框为包装整体而非印刷控制器；不从商品图推定无线功能。,,,GPT-6 Astra Pro,2026-10-02,conflicting,True,gb,initial,box,yellow-green rectangular side; dark print; adjacent dark face,contents; wireless function; material; print,
vot,552,eac0ad7a4b04c491a7f5a816ee5b1d394b7f7cb82f55c1ae1d94a14846d1b09a,box_darkroom_noocc_6_1,00000901,supported,box,yellow-green rectangular side; dark print; adjacent dark face,contents; wireless function; material; print,,,初始化索引 900：紅框为包装整体而非印刷控制器；不从商品图推定无线功能。,,,GPT-6 Astra Pro,2026-10-02,conflicting,True,gb,initial,box,yellow-green rectangular side; dark print; adjacent dark face,contents; wireless function; material; print,
vot,553,4ec19c2e0269f1d651a6cb393c3d12c9b06aa9a30b3efe829f73eb2bbcb75646,box_darkroom_noocc_6_1,00000951,corrected,box,dark package face; yellow-green border; pale printed graphics,contents; wireless function; material; print,,,初始化索引 950：紅框为包装整体而非印刷控制器；不从商品图推定无线功能。,,,GPT-6 Astra Pro,2026-10-02,conflicting,True,gb,initial,box,dark package face; yellow-green border; pale printed graphics,contents; wireless function; material; print,
vot,554,00af77d93504d2f37a0099db5d432e5128ed44a1ecfd1e88e2aa7d4d87ccbc91,box_darkroom_noocc_6_1,00001001,corrected,box,dark package face; yellow-green border; pale printed graphics,contents; wireless function; material; print,,,初始化索引 1000：紅框为包装整体而非印刷控制器；不从商品图推定无线功能。,,,GPT-6 Astra Pro,2026-10-02,conflicting,True,gb,initial,box,dark package face; yellow-green border; pale printed graphics,contents; wireless function; material; print,
vot,555,30df714d5787bc2cf019ffb0ef829d1f6bfcc554be2a5246fb283dac2760dfda,box_darkroom_noocc_6_1,00001051,corrected,box,yellow-green rectangular side; dark print; adjacent dark face,contents; wireless function; material; print,,,初始化索引 1050：紅框为包装整体而非印刷控制器；不从商品图推定无线功能。,,,GPT-6 Astra Pro,2026-10-02,conflicting,True,gb,initial,box,yellow-green rectangular side; dark print; adjacent dark face,contents; wireless function; material; print,
vot,556,6db310c52d7a137dccdaecbcc185418833e870988e8ce083b197ade56dcc3ca8,box_darkroom_noocc_6_1,00001076,corrected,box,dark package face; yellow-green border; pale printed graphics,contents; wireless function; material; print,,,初始化索引 1075：紅框为包装整体而非印刷控制器；不从商品图推定无线功能。,,,GPT-6 Astra Pro,2026-10-02,conflicting,True,gb,initial,box,dark package face; yellow-green border; pale printed graphics,contents; wireless function; material; print,
vot,557,89cfb520c50dc23ef98df69094a2e1b36c516f391940607408ef2b1aa2e7f094,box_darkroom_noocc_7_1,00000001,supported,box,long dark printed face; narrow orange edge,contents; material; print,,,初始化索引 0：红框为长盒，非衣物、吉他、鞋或滑板。,,,GPT-6 Astra Pro,2026-10-02,conflicting,True,gb,initial,box,long dark printed face; narrow orange edge,contents; material; print,
vot,558,f972079795681b484c937209316a56a7206c508a00499a15bf32fa2c19f31c13,box_darkroom_noocc_7_1,00000051,corrected,box,long dark printed face; narrow orange edge,contents; material; print,,,初始化索引 50：红框为长盒，非衣物、吉他、鞋或滑板。,,,GPT-6 Astra Pro,2026-10-02,conflicting,True,gb,initial,box,long dark printed face; narrow orange edge,contents; material; print,
vot,559,91ebec7ae3dfef7df090712c7a248c4253bfde65d01bc2cec2c0e7e7e233ccb1,box_darkroom_noocc_7_1,00000101,corrected,box,long orange-brown rectangular panel; dark edge,contents; material; print,,,初始化索引 100：红框为长盒，非衣物、吉他、鞋或滑板。,,,GPT-6 Astra Pro,2026-10-02,conflicting,True,gb,initial,box,long orange-brown rectangular panel; dark edge,contents; material; print,
vot,560,2ad6576ca8128854095f246e4e3476107afa00481d5e05cbfe066259f3ca01cb,box_darkroom_noocc_7_1,00000151,supported,box,long dark printed face; narrow orange edge,contents; material; print,,,初始化索引 150：红框为长盒，非衣物、吉他、鞋或滑板。,,,GPT-6 Astra Pro,2026-10-02,conflicting,True,gb,initial,box,long dark printed face; narrow orange edge,contents; material; print,
vot,561,b22f8bbb83ff7a81147f135dbb4a87037e4a3f369d74a30e9f08e30f1a59c5f3,box_darkroom_noocc_7_1,00000201,corrected,box,long orange-brown rectangular panel; dark edge,contents; material; print,,,初始化索引 200：红框为长盒，非衣物、吉他、鞋或滑板。,,,GPT-6 Astra Pro,2026-10-02,conflicting,True,gb,initial,box,long orange-brown rectangular panel; dark edge,contents; material; print,
vot,562,c8226e4ec5ad1fc982ef041f8f90bd575be825b93650e9ab704c2d68f0af916d,box_darkroom_noocc_7_1,00000251,corrected,box,long dark printed face; narrow orange edge,contents; material; print,,,初始化索引 250：红框为长盒，非衣物、吉他、鞋或滑板。,,,GPT-6 Astra Pro,2026-10-02,conflicting,True,gb,initial,box,long dark printed face; narrow orange edge,contents; material; print,
vot,563,42a31eb617ce50fb947a61d82ae35381a099ea05849c314b1cbae758ddca8d26,box_darkroom_noocc_7_1,00000301,supported,box,long dark printed face; narrow orange edge,contents; material; print,,,初始化索引 300：红框为长盒，非衣物、吉他、鞋或滑板。,,,GPT-6 Astra Pro,2026-10-02,conflicting,True,gb,initial,box,long dark printed face; narrow orange edge,contents; material; print,
vot,564,3893a68c56992ddd961ca64044ca12cc844de4755cf8b8711a0884698bf34073,box_darkroom_noocc_7_1,00000362,corrected,box,long dark printed face; narrow orange edge,contents; material; print,,,初始化索引 361：红框为长盒，非衣物、吉他、鞋或滑板。,,,GPT-6 Astra Pro,2026-10-02,conflicting,True,gb,initial,box,long dark printed face; narrow orange edge,contents; material; print,
vot,565,76b0cd00a30ed3d64a286949a503de89ba4ea6d705edcb260c420f17de8a6f40,box_darkroom_noocc_7_1,00000401,corrected,box,long dark printed face; narrow orange edge,contents; material; print,,,初始化索引 400：红框为长盒，非衣物、吉他、鞋或滑板。,,,GPT-6 Astra Pro,2026-10-02,conflicting,True,gb,initial,box,long dark printed face; narrow orange edge,contents; material; print,
vot,566,5adc52062e551626de56c4c30e70f1c1ecf9dd8b43691826f20a027f516fbbd0,box_darkroom_noocc_7_1,00000451,corrected,box,long orange-brown rectangular panel; dark edge,contents; material; print,,,初始化索引 450：红框为长盒，非衣物、吉他、鞋或滑板。,,,GPT-6 Astra Pro,2026-10-02,conflicting,True,gb,initial,box,long orange-brown rectangular panel; dark edge,contents; material; print,
vot,567,ee3b712845a05a65c5405bda028f61ecb3b0bacd32420d192fd0b7204ff62d67,box_darkroom_noocc_7_1,00000501,supported,box,long dark printed face; narrow orange edge,contents; material; print,,,初始化索引 500：红框为长盒，非衣物、吉他、鞋或滑板。,,,GPT-6 Astra Pro,2026-10-02,conflicting,True,gb,initial,box,long dark printed face; narrow orange edge,contents; material; print,
vot,568,4ada8cc474935f53972cb3c57f9f256bbbbf388cc36973c7cc621f1eb91e6243,box_darkroom_noocc_7_1,00000551,corrected,box,long dark printed face; narrow orange edge,contents; material; print,,,初始化索引 550：红框为长盒，非衣物、吉他、鞋或滑板。,,,GPT-6 Astra Pro,2026-10-02,conflicting,True,gb,initial,box,long dark printed face; narrow orange edge,contents; material; print,
vot,569,3bf539663f833d16180bfa4c6b5f2939a1a361d829564f950d5de6e39f9a64e7,box_darkroom_noocc_7_1,00000601,corrected,box,long dark printed face; narrow orange edge,contents; material; print,,,初始化索引 600：红框为长盒，非衣物、吉他、鞋或滑板。,,,GPT-6 Astra Pro,2026-10-02,conflicting,True,gb,initial,box,long dark printed face; narrow orange edge,contents; material; print,
vot,570,7ee0e9c2c924553d8e7ef8087336967ae4523f0f2d88aa948fdd0a44e8422352,box_darkroom_noocc_7_1,00000654,corrected,box,long dark printed face; narrow orange edge,contents; material; print,,,初始化索引 653：红框为长盒，非衣物、吉他、鞋或滑板。,,,GPT-6 Astra Pro,2026-10-02,conflicting,True,gb,initial,box,long dark printed face; narrow orange edge,contents; material; print,
vot,571,08ac4a1629406b7d84ac39cbb6fd98a7a8d808e6e77629f53633aca02a743000,box_darkroom_noocc_7_1,00000697,corrected,box,long dark printed face; narrow orange edge,contents; material; print,,,初始化索引 696：红框为长盒，非衣物、吉他、鞋或滑板。,,,GPT-6 Astra Pro,2026-10-02,conflicting,True,gb,initial,box,long dark printed face; narrow orange edge,contents; material; print,
vot,572,39e96c3813f7c6824b33e6d62fea9a2b93f1a22d32d24e30b1f58e9e7e6e269a,box_humans_room_occ_1_1,00000001,corrected,box,black rectangular box; green XMG lettering; printed border,contents; material,,,初始化索引 0：红框为手提整盒，不是logo或电脑屏幕。,,,GPT-6 Astra Pro,2026-10-02,conflicting,True,gb,initial,box,black rectangular box; green XMG lettering; printed border,contents; material,
vot,573,c16b7eb9474e5e903b39c749797d584cd727f3ea21eefd0d894568cd5b57afe6,box_humans_room_occ_1_1,00000051,corrected,box,black rectangular box; green XMG lettering; printed border,contents; material,,,初始化索引 50：红框为手提整盒，不是logo或电脑屏幕。,,,GPT-6 Astra Pro,2026-10-02,conflicting,True,gb,initial,box,black rectangular box; green XMG lettering; printed border,contents; material,
vot,574,db8a025cdd4719d6dcf4394f7f45e435fe3e5d7bf62b0479b718f2f8790d690f,box_humans_room_occ_1_1,00000101,corrected,box,black rectangular box; green XMG lettering; printed border,contents; material,,,初始化索引 100：红框为手提整盒，不是logo或电脑屏幕。,,,GPT-6 Astra Pro,2026-10-02,conflicting,True,gb,initial,box,black rectangular box; green XMG lettering; printed border,contents; material,
vot,575,4b7b0beedebe064888fb600da7607e1ea795f7f8d10394741b034f47fc51f3e9,box_humans_room_occ_1_1,00000151,corrected,box,black rectangular box; green XMG lettering; printed border,contents; material,,,初始化索引 150：红框为手提整盒，不是logo或电脑屏幕。,,,GPT-6 Astra Pro,2026-10-02,conflicting,True,gb,initial,box,black rectangular box; green XMG lettering; printed border,contents; material,
vot,576,9d75d4c1b0e0f3b5362299b809e13eba4117350fd0f86dab158279153fb69ba1,box_humans_room_occ_1_1,00000201,corrected,box,black rectangular box; green XMG lettering; printed border,contents; material,,,初始化索引 200：红框为手提整盒，不是logo或电脑屏幕。,,,GPT-6 Astra Pro,2026-10-02,conflicting,True,gb,initial,box,black rectangular box; green XMG lettering; printed border,contents; material,
vot,577,f5da020d850562085276f0ae44d591c6db93d90a9bd37785d3e68ed3a8bbb36b,box_humans_room_occ_1_1,00000251,corrected,box,black rectangular box; green XMG lettering; printed border,contents; material,,,初始化索引 250：红框为手提整盒，不是logo或电脑屏幕。,,,GPT-6 Astra Pro,2026-10-02,conflicting,True,gb,initial,box,black rectangular box; green XMG lettering; printed border,contents; material,
vot,578,1cba591e0d6b30934327a91f150d4449626bba24199da44f40b5ba0e3b2e9785,box_humans_room_occ_1_1,00000301,corrected,box,black rectangular box; green XMG lettering; printed border,contents; material,,,初始化索引 300：红框为手提整盒，不是logo或电脑屏幕。,,,GPT-6 Astra Pro,2026-10-02,conflicting,True,gb,initial,box,black rectangular box; green XMG lettering; printed border,contents; material,
vot,579,de8544e21796c553c352845cd01fc1424ec4ae9909597009b453c7fa1c0ef483,box_humans_room_occ_1_1,00000351,corrected,box,black rectangular box; green XMG lettering; printed border,contents; material,,,初始化索引 350：红框为手提整盒，不是logo或电脑屏幕。,,,GPT-6 Astra Pro,2026-10-02,conflicting,True,gb,initial,box,black rectangular box; green XMG lettering; printed border,contents; material,
vot,580,66edeb8cdb6ca05e5eab8ef0fb1760a424cc491153f902548b30624dac2a9e0d,box_humans_room_occ_1_1,00000401,corrected,box,black rectangular box; green XMG lettering; printed border,contents; material,,,初始化索引 400：红框为手提整盒，不是logo或电脑屏幕。,,,GPT-6 Astra Pro,2026-10-02,conflicting,True,gb,initial,box,black rectangular box; green XMG lettering; printed border,contents; material,
vot,581,b7f15d6b57f5b2e6aafbdf90f5cc9ec4f074403db876af93b8bee32d33dce1f6,box_humans_room_occ_1_1,00000411,corrected,box,black rectangular box; green XMG lettering; printed border,contents; material,,,初始化索引 410：红框为手提整盒，不是logo或电脑屏幕。,,,GPT-6 Astra Pro,2026-10-02,conflicting,True,gb,initial,box,black rectangular box; green XMG lettering; printed border,contents; material,
vot,582,8336dff0b470f295a98f1a6b69a02d3a1c6fc3f833e64f7fb0cbdd19a0ce8998,box_room_noocc_3_1,00000001,corrected,box,long narrow rectangular package; dark face; orange edge,contents; material; print,,,初始化索引 0：红框是细长包装，印刷产品不是真实乐器、剑或键盘。,,,GPT-6 Astra Pro,2026-10-02,conflicting,True,gb,initial,box,long narrow rectangular package; dark face; orange edge,contents; material; print,
vot,583,8236e2b5412fd1dfcb5d2cede3acff4c872408d62d4b5c315fbf1b2f1f26ffa0,box_room_noocc_3_1,00000051,corrected,box,long narrow rectangular package; dark face; orange edge,contents; material; print,,,初始化索引 50：红框是细长包装，印刷产品不是真实乐器、剑或键盘。,,,GPT-6 Astra Pro,2026-10-02,conflicting,True,gb,initial,box,long narrow rectangular package; dark face; orange edge,contents; material; print,
vot,584,eb4f1fe528382b3acaaa4c6d02a62e4e9c168dd4456fee24f0af9f324ad043c2,box_room_noocc_3_1,00000101,corrected,box,long narrow rectangular package; dark face; orange edge,contents; material; print,,,初始化索引 100：红框是细长包装，印刷产品不是真实乐器、剑或键盘。,,,GPT-6 Astra Pro,2026-10-02,conflicting,True,gb,initial,box,long narrow rectangular package; dark face; orange edge,contents; material; print,
vot,585,63449705e338eab7fc6c3eec1e5117c9e3d2335bc0e13b965c8983db55f8b6a2,box_room_noocc_3_1,00000151,corrected,box,long narrow rectangular package; dark face; orange edge,contents; material; print,,,初始化索引 150：红框是细长包装，印刷产品不是真实乐器、剑或键盘。,,,GPT-6 Astra Pro,2026-10-02,conflicting,True,gb,initial,box,long narrow rectangular package; dark face; orange edge,contents; material; print,
vot,586,1b408140729441a13ed40bcb7325586c3466914fef670a189009c5547a064950,box_room_noocc_3_1,00000201,corrected,box,long narrow rectangular package; dark face; orange edge,contents; material; print,,,初始化索引 200：红框是细长包装，印刷产品不是真实乐器、剑或键盘。,,,GPT-6 Astra Pro,2026-10-02,conflicting,True,gb,initial,box,long narrow rectangular package; dark face; orange edge,contents; material; print,
vot,587,e1366d494f4712a16c9b936316208a1b53410391e418e280869938e54abd1944,box_room_noocc_3_1,00000251,corrected,box,long narrow rectangular package; dark face; orange edge,contents; material; print,,,初始化索引 250：红框是细长包装，印刷产品不是真实乐器、剑或键盘。,,,GPT-6 Astra Pro,2026-10-02,conflicting,True,gb,initial,box,long narrow rectangular package; dark face; orange edge,contents; material; print,
vot,588,fa119dacb84975ef5376c340ca010c30e77de1fa7bad6b5f7c6c260350b3b2e0,box_room_noocc_3_1,00000301,corrected,box,long narrow rectangular package; dark face; orange edge,contents; material; print,,,初始化索引 300：红框是细长包装，印刷产品不是真实乐器、剑或键盘。,,,GPT-6 Astra Pro,2026-10-02,conflicting,True,gb,initial,box,long narrow rectangular package; dark face; orange edge,contents; material; print,
vot,589,cefc0c49f6dd9b971186b7396277507ec3354dfe272a650f941e75cfc105614a,box_room_noocc_3_1,00000351,corrected,box,long narrow rectangular package; dark face; orange edge,contents; material; print,,,初始化索引 350：红框是细长包装，印刷产品不是真实乐器、剑或键盘。,,,GPT-6 Astra Pro,2026-10-02,conflicting,True,gb,initial,box,long narrow rectangular package; dark face; orange edge,contents; material; print,
vot,590,b455d722ead51c764d65f767ed4bf88d80213d0c90de9be8f7b2f068118e960e,box_room_noocc_3_1,00000401,corrected,box,long orange rectangular face; pale print,contents; material; print,,,初始化索引 400：本帧为橙色长盒面，不是木板、棋盘或书。,,,GPT-6 Astra Pro,2026-10-02,conflicting,True,gb,initial,box,long orange rectangular face; pale print,contents; material; print,
vot,591,dd1c1831e26ece870284b36e592d2506a646b8797518f066904c82b4b10f2edf,box_room_noocc_3_1,00000451,supported,box,long narrow rectangular package; dark face; orange edge,contents; material; print,,,初始化索引 450：红框是细长包装，印刷产品不是真实乐器、剑或键盘。,,,GPT-6 Astra Pro,2026-10-02,conflicting,True,gb,initial,box,long narrow rectangular package; dark face; orange edge,contents; material; print,
vot,592,e5154c053e7fc6f153eacc1cbc159a3d59adff9139da0d2775b354104426aed8,box_room_noocc_3_1,00000501,supported,box,long narrow rectangular package; dark face; orange edge,contents; material; print,,,初始化索引 500：红框是细长包装，印刷产品不是真实乐器、剑或键盘。,,,GPT-6 Astra Pro,2026-10-02,conflicting,True,gb,initial,box,long narrow rectangular package; dark face; orange edge,contents; material; print,
vot,593,ddb6293cfec7dd6fed2a0ed7761ace98e6a7aeb6efc664c0f6081f548c6e53df,box_room_noocc_3_1,00000551,supported,box,long narrow rectangular package; dark face; orange edge,contents; material; print,,,初始化索引 550：红框是细长包装，印刷产品不是真实乐器、剑或键盘。,,,GPT-6 Astra Pro,2026-10-02,conflicting,True,gb,initial,box,long narrow rectangular package; dark face; orange edge,contents; material; print,
vot,594,c0041c396e23eaeb8ec9e8e1a2e65e742360126fbe60dca1a3d4688f7fd106a5,box_room_noocc_3_1,00000601,corrected,box,long orange rectangular face; pale print,contents; material; print,,,初始化索引 600：本帧为橙色长盒面，不是木板、棋盘或书。,,,GPT-6 Astra Pro,2026-10-02,conflicting,True,gb,initial,box,long orange rectangular face; pale print,contents; material; print,
vot,595,7567f6b98d8251fdc39db9482096750ad04d5df9ae05ee6c96a9bd9ce8bd2be1,box_room_noocc_3_1,00000651,corrected,box,long orange rectangular face; pale print,contents; material; print,,,初始化索引 650：本帧为橙色长盒面，不是木板、棋盘或书。,,,GPT-6 Astra Pro,2026-10-02,conflicting,True,gb,initial,box,long orange rectangular face; pale print,contents; material; print,
vot,596,f3ac778d4708ceb1b09252e6da7d2fc53e7b374762e6aef96d2eb3b4b0a9204c,box_room_noocc_3_1,00000701,corrected,box,long orange rectangular face; pale print,contents; material; print,,,初始化索引 700：本帧为橙色长盒面，不是木板、棋盘或书。,,,GPT-6 Astra Pro,2026-10-02,conflicting,True,gb,initial,box,long orange rectangular face; pale print,contents; material; print,
vot,597,6617fc8a9d269f17a0f1ec37b9a899382e6384f06f84497e1daf0b992a93f5f3,box_room_noocc_3_1,00000751,corrected,box,long orange rectangular face; pale print,contents; material; print,,,初始化索引 750：本帧为橙色长盒面，不是木板、棋盘或书。,,,GPT-6 Astra Pro,2026-10-02,conflicting,True,gb,initial,box,long orange rectangular face; pale print,contents; material; print,
vot,598,aca80d5ed839853c38465b6c1f52c1563ecb05d4b9c6a69867ce98a2ea55a6e2,box_room_noocc_3_1,00000801,corrected,box,long orange rectangular face; pale print,contents; material; print,,,初始化索引 800：本帧为橙色长盒面，不是木板、棋盘或书。,,,GPT-6 Astra Pro,2026-10-02,conflicting,True,gb,initial,box,long orange rectangular face; pale print,contents; material; print,
vot,599,bc9efecee28723f4dd7b0a7612ee3abc04a48572745beed7fc6d49f8bb2849fc,box_room_noocc_3_1,00000851,corrected,box,long orange rectangular face; pale print,contents; material; print,,,初始化索引 850：本帧为橙色长盒面，不是木板、棋盘或书。,,,GPT-6 Astra Pro,2026-10-02,conflicting,True,gb,initial,box,long orange rectangular face; pale print,contents; material; print,
vot,600,405f911e111c1e090ff8e682dff98f76b2096dfaa498ac40aeac4179799714ad,box_room_noocc_3_1,00000901,corrected,box,long orange rectangular face; pale print,contents; material; print,,,初始化索引 900：本帧为橙色长盒面，不是木板、棋盘或书。,,,GPT-6 Astra Pro,2026-10-02,conflicting,True,gb,initial,box,long orange rectangular face; pale print,contents; material; print,
vot,601,c789e61a1c9c0d27c2088b950aa5b7542c9c6985f0ff19a6e734a74d6ce273ac,box_room_noocc_3_1,00000951,corrected,box,long orange rectangular face; pale print,contents; material; print,,,初始化索引 950：本帧为橙色长盒面，不是木板、棋盘或书。,,,GPT-6 Astra Pro,2026-10-02,conflicting,True,gb,initial,box,long orange rectangular face; pale print,contents; material; print,
vot,602,549177d98475bc0ff35aae2ba2a0306380f002c1bb0e227adb3e20cb792fa862,box_room_noocc_3_1,00001001,corrected,box,long narrow rectangular package; dark face; orange edge,contents; material; print,,,初始化索引 1000：红框是细长包装，印刷产品不是真实乐器、剑或键盘。,,,GPT-6 Astra Pro,2026-10-02,conflicting,True,gb,initial,box,long narrow rectangular package; dark face; orange edge,contents; material; print,
vot,603,06d1e10f94e943650d2a112781762fa5f1653d30f2faa7230dac7193d4d972d2,box_room_noocc_3_1,00001051,supported,box,long narrow rectangular package; dark face; orange edge,contents; material; print,,,初始化索引 1050：红框是细长包装，印刷产品不是真实乐器、剑或键盘。,,,GPT-6 Astra Pro,2026-10-02,conflicting,True,gb,initial,box,long narrow rectangular package; dark face; orange edge,contents; material; print,
vot,604,634e863d28f044a4162670bc121a0390a6f211119340f03035d6cb4c6951f3fa,box_room_noocc_3_1,00001101,corrected,box,long narrow rectangular package; dark face; orange edge,contents; material; print,,,初始化索引 1100：红框是细长包装，印刷产品不是真实乐器、剑或键盘。,,,GPT-6 Astra Pro,2026-10-02,conflicting,True,gb,initial,box,long narrow rectangular package; dark face; orange edge,contents; material; print,
vot,605,97d64f657733bcad2f3cd016ac9ec54261ec4239be8693f3dffd18978b075679,box_room_noocc_3_1,00001132,corrected,box,long orange rectangular face; pale print,contents; material; print,,,初始化索引 1131：本帧为橙色长盒面，不是木板、棋盘或书。,,,GPT-6 Astra Pro,2026-10-02,conflicting,True,gb,initial,box,long orange rectangular face; pale print,contents; material; print,
vot,606,2c01267e56fc14abcb1d2fb3d79c1b40422e332384e2c98d6d569dabca0b8c24,box_room_noocc_4_1,00000001,corrected,box,dark rectangular package; yellow-green border; printed panel,contents; buttons; display,,,初始化索引 0：红框为有厚度的手柄包装，不是裸控制器、遥控器或电脑。,,,GPT-6 Astra Pro,2026-10-02,conflicting,True,gb,initial,box,dark rectangular package; yellow-green border; printed panel,contents; buttons; display,
vot,607,7a849c0f1b89d63fe3867f9c9c1944a3897e5e262554073e9ab8d64e941ba63c,box_room_noocc_4_1,00000051,corrected,box,dark rectangular package; yellow-green border; printed panel,contents; buttons; display,,,初始化索引 50：红框为有厚度的手柄包装，不是裸控制器、遥控器或电脑。,,,GPT-6 Astra Pro,2026-10-02,conflicting,True,gb,initial,box,dark rectangular package; yellow-green border; printed panel,contents; buttons; display,
vot,608,18baa275f6ba0817ee0fd3cedd6e0723a0db3b45b302eb78d542857f1330e111,box_room_noocc_4_1,00000101,corrected,box,dark rectangular package; yellow-green border; printed panel,contents; buttons; display,,,初始化索引 100：红框为有厚度的手柄包装，不是裸控制器、遥控器或电脑。,,,GPT-6 Astra Pro,2026-10-02,conflicting,True,gb,initial,box,dark rectangular package; yellow-green border; printed panel,contents; buttons; display,
vot,609,65cdc3f0b8dcb58924a605ae7a6afcd8b3f166e8938173d99154a7451156f6c6,box_room_noocc_4_1,00000151,corrected,box,yellow-green narrow side; dark print,contents; buttons; display,,,初始化索引 150：仅见窄侧标签及盒厚，不补未见控制器正面图。,,,GPT-6 Astra Pro,2026-10-02,conflicting,True,gb,initial,box,yellow-green narrow side; dark print,contents; buttons; display,
vot,610,d7150c81462997f5b465dbdeffb2c9bb3645ad1abaa33695a02f2480d83087cc,box_room_noocc_4_1,00000201,corrected,box,dark rectangular package; yellow-green border; printed panel,contents; buttons; display,,,初始化索引 200：红框为有厚度的手柄包装，不是裸控制器、遥控器或电脑。,,,GPT-6 Astra Pro,2026-10-02,conflicting,True,gb,initial,box,dark rectangular package; yellow-green border; printed panel,contents; buttons; display,
vot,611,1374761a0de76721480ab794e3356cf2f71d88d5cc3188e727525a8867e3aff5,box_room_noocc_4_1,00000251,corrected,box,dark rectangular package; yellow-green border; printed panel,contents; buttons; display,,,初始化索引 250：红框为有厚度的手柄包装，不是裸控制器、遥控器或电脑。,,,GPT-6 Astra Pro,2026-10-02,conflicting,True,gb,initial,box,dark rectangular package; yellow-green border; printed panel,contents; buttons; display,
vot,612,9d7439a50fe9f8c25e331b9f23b6e3eaa3a74f211efa690dfd47d54ef7f622a5,box_room_noocc_4_1,00000301,corrected,box,dark rectangular package; yellow-green border; printed panel,contents; buttons; display,,,初始化索引 300：红框为有厚度的手柄包装，不是裸控制器、遥控器或电脑。,,,GPT-6 Astra Pro,2026-10-02,conflicting,True,gb,initial,box,dark rectangular package; yellow-green border; printed panel,contents; buttons; display,
vot,613,fa79484f0c596cfc67c5a87571a91928a2df75c394848a636a5cafbf89035122,box_room_noocc_4_1,00000351,corrected,box,yellow-green narrow side; dark print,contents; buttons; display,,,初始化索引 350：仅见窄侧标签及盒厚，不补未见控制器正面图。,,,GPT-6 Astra Pro,2026-10-02,conflicting,True,gb,initial,box,yellow-green narrow side; dark print,contents; buttons; display,
vot,614,000d261e2f5a494035c169ca19bac7ab982fcefdf3f14051430d95329e0364fb,box_room_noocc_4_1,00000401,corrected,box,dark rectangular package; yellow-green border; printed panel,contents; buttons; display,,,初始化索引 400：红框为有厚度的手柄包装，不是裸控制器、遥控器或电脑。,,,GPT-6 Astra Pro,2026-10-02,conflicting,True,gb,initial,box,dark rectangular package; yellow-green border; printed panel,contents; buttons; display,
vot,615,deab263f5def84e66e950a7910eebc6355efd210f34598c0093d7e5bec9a1ba5,box_room_noocc_4_1,00000451,corrected,box,dark rectangular package; yellow-green border; printed panel,contents; buttons; display,,,初始化索引 450：红框为有厚度的手柄包装，不是裸控制器、遥控器或电脑。,,,GPT-6 Astra Pro,2026-10-02,conflicting,True,gb,initial,box,dark rectangular package; yellow-green border; printed panel,contents; buttons; display,
vot,616,cb73de33d0be11d77c74ed4e6e3079b108bfe907c4e0da09a5fc35245c618a46,box_room_noocc_4_1,00000501,corrected,box,dark rectangular package; yellow-green border; printed panel,contents; buttons; display,,,初始化索引 500：红框为有厚度的手柄包装，不是裸控制器、遥控器或电脑。,,,GPT-6 Astra Pro,2026-10-02,conflicting,True,gb,initial,box,dark rectangular package; yellow-green border; printed panel,contents; buttons; display,
vot,617,52ce79ecd88a9c3448414e27323849490288743e6c8d2f7a7305137a9245c76d,box_room_noocc_4_1,00000551,corrected,box,dark rectangular package; yellow-green border; printed panel,contents; buttons; display,,,初始化索引 550：红框为有厚度的手柄包装，不是裸控制器、遥控器或电脑。,,,GPT-6 Astra Pro,2026-10-02,conflicting,True,gb,initial,box,dark rectangular package; yellow-green border; printed panel,contents; buttons; display,
vot,618,954dc226b9219f5e8844b85a6d69feac7cc539c0ffb20ec6cd429a6efa595032,box_room_noocc_4_1,00000601,corrected,box,dark rectangular package; yellow-green border; printed panel,contents; buttons; display,,,初始化索引 600：红框为有厚度的手柄包装，不是裸控制器、遥控器或电脑。,,,GPT-6 Astra Pro,2026-10-02,conflicting,True,gb,initial,box,dark rectangular package; yellow-green border; printed panel,contents; buttons; display,
vot,619,31bfab1ac0cc779ad0605d38bc163c7ae3ecf441d279c5d95ef95d185529d845,box_room_noocc_4_1,00000651,corrected,box,yellow-green narrow side; dark print,contents; buttons; display,,,初始化索引 650：仅见窄侧标签及盒厚，不补未见控制器正面图。,,,GPT-6 Astra Pro,2026-10-02,conflicting,True,gb,initial,box,yellow-green narrow side; dark print,contents; buttons; display,
vot,620,9ffda0ba50c05ef4603c756c248a4257f942b38129d74449c3b803f5c461d1f3,box_room_noocc_4_1,00000701,corrected,box,dark rectangular package; yellow-green border; printed panel,contents; buttons; display,,,初始化索引 700：红框为有厚度的手柄包装，不是裸控制器、遥控器或电脑。,,,GPT-6 Astra Pro,2026-10-02,conflicting,True,gb,initial,box,dark rectangular package; yellow-green border; printed panel,contents; buttons; display,
vot,621,fa925cc8ffb78e27cf063de7425b0fd9b40027776aac066e481b675f19dadf67,box_room_noocc_4_1,00000751,corrected,box,dark rectangular package; yellow-green border; printed panel,contents; buttons; display,,,初始化索引 750：红框为有厚度的手柄包装，不是裸控制器、遥控器或电脑。,,,GPT-6 Astra Pro,2026-10-02,conflicting,True,gb,initial,box,dark rectangular package; yellow-green border; printed panel,contents; buttons; display,
vot,622,b4a3dbf019a0f786a4b60ebaeebf69e9aa68976084acef829e015cf4c77ea359,box_room_noocc_4_1,00000801,corrected,box,dark rectangular package; yellow-green border; printed panel,contents; buttons; display,,,初始化索引 800：红框为有厚度的手柄包装，不是裸控制器、遥控器或电脑。,,,GPT-6 Astra Pro,2026-10-02,conflicting,True,gb,initial,box,dark rectangular package; yellow-green border; printed panel,contents; buttons; display,
vot,623,940a5ee7aa8045cd345cc88c8308537bf3f0e7829178dcb9d0b4576850be14e9,box_room_noocc_4_1,00000851,corrected,box,yellow-green narrow side; dark print,contents; buttons; display,,,初始化索引 850：仅见窄侧标签及盒厚，不补未见控制器正面图。,,,GPT-6 Astra Pro,2026-10-02,conflicting,True,gb,initial,box,yellow-green narrow side; dark print,contents; buttons; display,
vot,624,443b2b10d2df16256bbc9d268525d20e2d63f04c88d782a6b72c4dd520d7d488,box_room_noocc_4_1,00000901,corrected,box,yellow-green narrow side; dark print,contents; buttons; display,,,初始化索引 900：仅见窄侧标签及盒厚，不补未见控制器正面图。,,,GPT-6 Astra Pro,2026-10-02,conflicting,True,gb,initial,box,yellow-green narrow side; dark print,contents; buttons; display,
vot,625,6e3a79899d69d38d33d5da9fcdd6908cc78f6422df09770530fe02cac9a770ad,box_room_noocc_4_1,00000951,corrected,box,dark rectangular package; yellow-green border; printed panel,contents; buttons; display,,,初始化索引 950：红框为有厚度的手柄包装，不是裸控制器、遥控器或电脑。,,,GPT-6 Astra Pro,2026-10-02,conflicting,True,gb,initial,box,dark rectangular package; yellow-green border; printed panel,contents; buttons; display,
vot,626,a89279176b45a63f462cd1d9bedcc8654ceb42979fc7a82914966ad4b7026673,box_room_noocc_4_1,00001001,supported,box,dark narrow rectangular side; straight edges,contents; buttons; display,,,初始化索引 1000：当前深色窄侧面，无可确认按钮或屏幕。,,,GPT-6 Astra Pro,2026-10-02,conflicting,True,gb,initial,box,dark narrow rectangular side; straight edges,contents; buttons; display,
vot,627,5c3a40b87d52ca1b48e44b76cafb935211a3e99b61c084be9189421996f14425,box_room_noocc_4_1,00001051,corrected,box,dark narrow rectangular side; straight edges,contents; buttons; display,,,初始化索引 1050：当前深色窄侧面，无可确认按钮或屏幕。,,,GPT-6 Astra Pro,2026-10-02,conflicting,True,gb,initial,box,dark narrow rectangular side; straight edges,contents; buttons; display,
vot,628,a59e51da3580c6bea9f508507e41f75bcabf15ec911c6f82db95c553af1b69be,box_room_noocc_4_1,00001101,corrected,box,dark rectangular package; yellow-green border; printed panel,contents; buttons; display,,,初始化索引 1100：红框为有厚度的手柄包装，不是裸控制器、遥控器或电脑。,,,GPT-6 Astra Pro,2026-10-02,conflicting,True,gb,initial,box,dark rectangular package; yellow-green border; printed panel,contents; buttons; display,
vot,629,aa438706260d8fcc31b771d6ff9eaf96b18eccbcf75c27be85f2b377b52ff049,box_room_noocc_4_1,00001151,corrected,box,dark rectangular package; yellow-green border; printed panel,contents; buttons; display,,,初始化索引 1150：红框为有厚度的手柄包装，不是裸控制器、遥控器或电脑。,,,GPT-6 Astra Pro,2026-10-02,conflicting,True,gb,initial,box,dark rectangular package; yellow-green border; printed panel,contents; buttons; display,
vot,630,fcf1c8aae20f09aea42a0b0e0d54c6e3775780138508fcc5900d875bbc47ec59,box_room_noocc_4_1,00001201,corrected,box,dark rectangular package; yellow-green border; printed panel,contents; buttons; display,,,初始化索引 1200：红框为有厚度的手柄包装，不是裸控制器、遥控器或电脑。,,,GPT-6 Astra Pro,2026-10-02,conflicting,True,gb,initial,box,dark rectangular package; yellow-green border; printed panel,contents; buttons; display,
vot,631,61f8049b35f9030b2039f0aaaa8cc85532b0acd182cda8754765855206bd7c13,box_room_noocc_4_1,00001251,corrected,box,yellow-green narrow side; dark print,contents; buttons; display,,,初始化索引 1250：仅见窄侧标签及盒厚，不补未见控制器正面图。,,,GPT-6 Astra Pro,2026-10-02,conflicting,True,gb,initial,box,yellow-green narrow side; dark print,contents; buttons; display,
vot,632,b1b4dd5efb333dfe324e8e3abcf41e449b2b98ab8bf211227bdfa4c70b78765f,box_room_noocc_7_1,00000001,corrected,box,black rectangular box; green XMG lettering; printed border,contents; electronic function; material,,,初始化索引 0：红框为包装整体，不是logo、显示器或微波炉。,,,GPT-6 Astra Pro,2026-10-02,conflicting,True,gb,initial,box,black rectangular box; green XMG lettering; printed border,contents; electronic function; material,
vot,633,33ef987de1358f99f6f6724e956abbe53ab6d4a0a832d29df09432c89f2eff1e,box_room_noocc_7_1,00000051,corrected,box,black rectangular box; green XMG lettering; printed border,contents; electronic function; material,,,初始化索引 50：红框为包装整体，不是logo、显示器或微波炉。,,,GPT-6 Astra Pro,2026-10-02,conflicting,True,gb,initial,box,black rectangular box; green XMG lettering; printed border,contents; electronic function; material,
vot,634,eefe33e3beb5622e0f9f512008982e67c189c3294e04572df684a9eda45bd4aa,box_room_noocc_7_1,00000101,corrected,box,black narrow box side; green printed panel,contents; electronic function; material,,,初始化索引 100：红框为包装整体，不是logo、显示器或微波炉。,,,GPT-6 Astra Pro,2026-10-02,conflicting,True,gb,initial,box,black narrow box side; green printed panel,contents; electronic function; material,
vot,635,2dae6065234f98ea5cb411541b6128b916efcad7c31f74a27b26002274e96919,box_room_noocc_7_1,00000151,corrected,box,black rectangular box; green XMG lettering; printed border,contents; electronic function; material,,,初始化索引 150：红框为包装整体，不是logo、显示器或微波炉。,,,GPT-6 Astra Pro,2026-10-02,conflicting,True,gb,initial,box,black rectangular box; green XMG lettering; printed border,contents; electronic function; material,
vot,636,b3ee99d0e36224199e79ed023d5d5d28bfce5ffd4cf42c37571213fe21313f54,box_room_noocc_7_1,00000201,corrected,box,black rectangular box; green XMG lettering; printed border,contents; electronic function; material,,,初始化索引 200：红框为包装整体，不是logo、显示器或微波炉。,,,GPT-6 Astra Pro,2026-10-02,conflicting,True,gb,initial,box,black rectangular box; green XMG lettering; printed border,contents; electronic function; material,
vot,637,fb7304cc8a16b7e2996e267f3239a7dc5b8cc018f7fb5b30e16a8dd65f62cefd,box_room_noocc_7_1,00000251,corrected,box,black rectangular box; green XMG lettering; printed border,contents; electronic function; material,,,初始化索引 250：红框为包装整体，不是logo、显示器或微波炉。,,,GPT-6 Astra Pro,2026-10-02,conflicting,True,gb,initial,box,black rectangular box; green XMG lettering; printed border,contents; electronic function; material,
vot,638,f1ab5474d339854b4f1b73e03360b68a1d87eb36f46f58ebea81e6ff602dd2b5,box_room_noocc_7_1,00000301,supported,box,black rectangular box; green XMG lettering; printed border,contents; electronic function; material,,,初始化索引 300：红框为包装整体，不是logo、显示器或微波炉。,,,GPT-6 Astra Pro,2026-10-02,conflicting,True,gb,initial,box,black rectangular box; green XMG lettering; printed border,contents; electronic function; material,
vot,639,75c3909078b1c5a8d036b5e9c90c1e543d68e2b0e0d297decb3137f50c1dd4ce,box_room_noocc_7_1,00000351,supported,box,black rectangular box; green XMG lettering; printed border,contents; electronic function; material,,,初始化索引 350：红框为包装整体，不是logo、显示器或微波炉。,,,GPT-6 Astra Pro,2026-10-02,conflicting,True,gb,initial,box,black rectangular box; green XMG lettering; printed border,contents; electronic function; material,
vot,640,a5d23b9e287db77d4c2f9bd95d4181ccd58a272a062663dc23f67ecf92b4c10a,box_room_noocc_7_1,00000401,corrected,box,black rectangular box; green XMG lettering; printed border,contents; electronic function; material,,,初始化索引 400：红框为包装整体，不是logo、显示器或微波炉。,,,GPT-6 Astra Pro,2026-10-02,conflicting,True,gb,initial,box,black rectangular box; green XMG lettering; printed border,contents; electronic function; material,
vot,641,5154fb35cea26e6bef3ec089813e144e7bac0e686b15aa303bcdb60f8954d65b,box_room_noocc_7_1,00000451,corrected,box,black rectangular box; green XMG lettering; printed border,contents; electronic function; material,,,初始化索引 450：红框为包装整体，不是logo、显示器或微波炉。,,,GPT-6 Astra Pro,2026-10-02,conflicting,True,gb,initial,box,black rectangular box; green XMG lettering; printed border,contents; electronic function; material,
vot,642,b9842e0432eb60f58053469d5692e1a643ce2a9faa28dec986283dc3986cedf6,box_room_noocc_7_1,00000501,supported,box,black rectangular box; green XMG lettering; printed border,contents; electronic function; material,,,初始化索引 500：红框为包装整体，不是logo、显示器或微波炉。,,,GPT-6 Astra Pro,2026-10-02,conflicting,True,gb,initial,box,black rectangular box; green XMG lettering; printed border,contents; electronic function; material,
vot,643,c6f0cbb47e4cdc1d4d090c50170fea58a8f8b2b0fa91bc0fdf5620c551a7f541,box_room_noocc_7_1,00000551,corrected,box,black rectangular box; green XMG lettering; printed border,contents; electronic function; material,,,初始化索引 550：红框为包装整体，不是logo、显示器或微波炉。,,,GPT-6 Astra Pro,2026-10-02,conflicting,True,gb,initial,box,black rectangular box; green XMG lettering; printed border,contents; electronic function; material,
vot,644,73e93ee29f70dfdbefc12f5b91a06b170836d43217f44dfbdd24de84388fec2d,box_room_noocc_7_1,00000601,corrected,box,black rectangular box; green XMG lettering; printed border,contents; electronic function; material,,,初始化索引 600：红框为包装整体，不是logo、显示器或微波炉。,,,GPT-6 Astra Pro,2026-10-02,conflicting,True,gb,initial,box,black rectangular box; green XMG lettering; printed border,contents; electronic function; material,
vot,645,cecaa36bafa47a508919519b76b1eac53f4cceef2e5ce4a9757423884a54ab42,box_room_noocc_7_1,00000651,corrected,box,black rectangular box; green XMG lettering; printed border,contents; electronic function; material,,,初始化索引 650：红框为包装整体，不是logo、显示器或微波炉。,,,GPT-6 Astra Pro,2026-10-02,conflicting,True,gb,initial,box,black rectangular box; green XMG lettering; printed border,contents; electronic function; material,
vot,646,5f9bccd02f148e95fa164b67957db7bfcd1cb62e2637ed49b2921c3b9a0d1ec4,box_room_noocc_7_1,00000701,corrected,box,black rectangular box; green XMG lettering; printed border,contents; electronic function; material,,,初始化索引 700：红框为包装整体，不是logo、显示器或微波炉。,,,GPT-6 Astra Pro,2026-10-02,conflicting,True,gb,initial,box,black rectangular box; green XMG lettering; printed border,contents; electronic function; material,
vot,647,9ac87ba0dc6220066bb5805add08bfa77dd8d46c40d19a838b8267d74439d4ae,box_room_noocc_7_1,00000751,supported,box,black rectangular box; green XMG lettering; printed border,contents; electronic function; material,,,初始化索引 750：红框为包装整体，不是logo、显示器或微波炉。,,,GPT-6 Astra Pro,2026-10-02,conflicting,True,gb,initial,box,black rectangular box; green XMG lettering; printed border,contents; electronic function; material,
vot,648,6e19ab11156c6731b6f755ba31e46f576b6ebccf5571227b80079efef4bc24c5,box_room_noocc_7_1,00000801,supported,box,black rectangular box; green XMG lettering; printed border,contents; electronic function; material,,,初始化索引 800：红框为包装整体，不是logo、显示器或微波炉。,,,GPT-6 Astra Pro,2026-10-02,conflicting,True,gb,initial,box,black rectangular box; green XMG lettering; printed border,contents; electronic function; material,
vot,649,df5d332b55097ad9e7700aa2c185a60ae5d23d2df92b912a61c2c90593c87e22,box_room_noocc_7_1,00000851,corrected,box,long dark narrow edge; rectangular thickness; pale marks,contents; electronic function; material,,,初始化索引 850：当前为黑盒窄边，不是白色电子屏。,,,GPT-6 Astra Pro,2026-10-02,conflicting,True,gb,initial,box,long dark narrow edge; rectangular thickness; pale marks,contents; electronic function; material,
vot,650,05a150c4ef1d83ff281fb3f6ca462a522d29c7b94ce125e02fcf7566c691ba50,box_room_noocc_7_1,00000901,corrected,box,black rectangular box; green XMG lettering; printed border,contents; electronic function; material,,,初始化索引 900：红框为包装整体，不是logo、显示器或微波炉。,,,GPT-6 Astra Pro,2026-10-02,conflicting,True,gb,initial,box,black rectangular box; green XMG lettering; printed border,contents; electronic function; material,
vot,651,1093f07505053d35e3e95d3e397b4f721f0ddd0540dc200ffbf0542032275579,box_room_noocc_7_1,00000951,corrected,box,black rectangular box; green XMG lettering; printed border,contents; electronic function; material,,,初始化索引 950：红框为包装整体，不是logo、显示器或微波炉。,,,GPT-6 Astra Pro,2026-10-02,conflicting,True,gb,initial,box,black rectangular box; green XMG lettering; printed border,contents; electronic function; material,
vot,652,985a7c6b3379c28e4c480d9b621025e27b8007423ec306a152a8b113eccc0b08,box_room_noocc_7_1,00001001,corrected,box,black rectangular box; green XMG lettering; printed border,contents; electronic function; material,,,初始化索引 1000：红框为包装整体，不是logo、显示器或微波炉。,,,GPT-6 Astra Pro,2026-10-02,conflicting,True,gb,initial,box,black rectangular box; green XMG lettering; printed border,contents; electronic function; material,
vot,653,50a3743c2f417aaf13690b8cfac162cbd3fc7521fe88920ed1b87cab07c663a5,box_room_noocc_7_1,00001051,corrected,box,black narrow box side; green printed panel,contents; electronic function; material,,,初始化索引 1050：红框为包装整体，不是logo、显示器或微波炉。,,,GPT-6 Astra Pro,2026-10-02,conflicting,True,gb,initial,box,black narrow box side; green printed panel,contents; electronic function; material,
vot,654,4fa1076bb52812587b21f6a8aea9db5ffc744979d36cc8a83862e2d9b28278c3,box_room_noocc_7_1,00001101,corrected,box,black rectangular box; green XMG lettering; printed border,contents; electronic function; material,,,初始化索引 1100：红框为包装整体，不是logo、显示器或微波炉。,,,GPT-6 Astra Pro,2026-10-02,conflicting,True,gb,initial,box,black rectangular box; green XMG lettering; printed border,contents; electronic function; material,
vot,655,48a7cae3fb32237f91799b15d0f39131569876e72202fa59e1acd3491dba13ce,box_room_noocc_7_1,00001151,supported,box,black rectangular box; green XMG lettering; printed border,contents; electronic function; material,,,初始化索引 1150：红框为包装整体，不是logo、显示器或微波炉。,,,GPT-6 Astra Pro,2026-10-02,conflicting,True,gb,initial,box,black rectangular box; green XMG lettering; printed border,contents; electronic function; material,
vot,656,2d24679c6cee0bb92e5f7649b021ba3077470462dfa16ece49ba80843c6fa55e,box_room_noocc_7_1,00001201,corrected,box,black rectangular box; green XMG lettering; printed border,contents; electronic function; material,,,初始化索引 1200：红框为包装整体，不是logo、显示器或微波炉。,,,GPT-6 Astra Pro,2026-10-02,conflicting,True,gb,initial,box,black rectangular box; green XMG lettering; printed border,contents; electronic function; material,
vot,657,b99cf090db88438277727c94b298c16c19fa6c428268d8e1cca49908c8c862b5,box_room_noocc_7_1,00001251,corrected,box,black rectangular box; green XMG lettering; printed border,contents; electronic function; material,,,初始化索引 1250：红框为包装整体，不是logo、显示器或微波炉。,,,GPT-6 Astra Pro,2026-10-02,conflicting,True,gb,initial,box,black rectangular box; green XMG lettering; printed border,contents; electronic function; material,
vot,658,f80e494ac79fa59a6f58cde9bffcc80221688fc0ddd054de98112b03ecc33cee,box_room_noocc_7_1,00001301,supported,box,black rectangular box; green XMG lettering; printed border,contents; electronic function; material,,,初始化索引 1300：红框为包装整体，不是logo、显示器或微波炉。,,,GPT-6 Astra Pro,2026-10-02,conflicting,True,gb,initial,box,black rectangular box; green XMG lettering; printed border,contents; electronic function; material,
vot,659,68c66f7947578262e54ee06f843655eeb969860696d50f569ff262e27fdf6e8c,box_room_noocc_7_1,00001348,corrected,box,black rectangular box; green XMG lettering; printed border,contents; electronic function; material,,,初始化索引 1347：红框为包装整体，不是logo、显示器或微波炉。,,,GPT-6 Astra Pro,2026-10-02,conflicting,True,gb,initial,box,black rectangular box; green XMG lettering; printed border,contents; electronic function; material,
vot,660,45d2828b88dfbea6f5e29ed4666b586c06a81c9d6627414edc25a02d89c67dd4,box_room_occ_2_1,00000001,corrected,box,dark rectangular package; yellow-green trim; printed controller image,contents; wireless function; button count,,,初始化索引 0：红框为小包装，非背后大盒或印刷手柄本体。,,,GPT-6 Astra Pro,2026-10-02,conflicting,True,gb,initial,box,dark rectangular package; yellow-green trim; printed controller image,contents; wireless function; button count,
vot,661,a41dd121f9281cdfaecceaabd2d8d939a8d35097f0f18fef15b729595b1eff3d,box_room_occ_2_1,00000051,corrected,box,dark rectangular package; yellow-green trim; printed controller image,contents; wireless function; button count,,,初始化索引 50：红框为小包装，非背后大盒或印刷手柄本体。,,,GPT-6 Astra Pro,2026-10-02,conflicting,True,gb,initial,box,dark rectangular package; yellow-green trim; printed controller image,contents; wireless function; button count,
vot,662,9f3942efca97e44e1f16e0c5672cedd93a6a98740d5b440d71c6dec79a5248d2,box_room_occ_2_1,00000101,supported,box,dark rectangular package; yellow-green trim; printed controller image,contents; wireless function; button count,,,初始化索引 100：红框为小包装，非背后大盒或印刷手柄本体。,,,GPT-6 Astra Pro,2026-10-02,conflicting,True,gb,initial,box,dark rectangular package; yellow-green trim; printed controller image,contents; wireless function; button count,
vot,663,e940b3cd963085a05da0e77ae203004525b6da098ae64ae835d1362883aa4223,box_room_occ_2_1,00000151,supported,box,dark rectangular package; yellow-green trim; printed controller image,contents; wireless function; button count,,,初始化索引 150：红框为小包装，非背后大盒或印刷手柄本体。,,,GPT-6 Astra Pro,2026-10-02,conflicting,True,gb,initial,box,dark rectangular package; yellow-green trim; printed controller image,contents; wireless function; button count,
vot,664,88f860aa1402811eb2fb5c28b872a00999839d0240e2ecb2b37967391ce1a5ba,box_room_occ_2_1,00000201,supported,box,dark narrow side; yellow-green end label,contents; wireless function; button count,,,初始化索引 200：红框为小包装，非背后大盒或印刷手柄本体。,,,GPT-6 Astra Pro,2026-10-02,conflicting,True,gb,initial,box,dark narrow side; yellow-green end label,contents; wireless function; button count,
vot,665,0fd27ff24c37b8125c89c9e136cea9bf1c741cb82913f5566f2c61ae47dac67a,box_room_occ_2_1,00000251,corrected,box,yellow-green end; dark adjacent side; folded edges,contents; wireless function; button count,,,初始化索引 250：红框为小包装，非背后大盒或印刷手柄本体。,,,GPT-6 Astra Pro,2026-10-02,conflicting,True,gb,initial,box,yellow-green end; dark adjacent side; folded edges,contents; wireless function; button count,
vot,666,407baaf382b54800ce65f7b6d28db731a8777c513086a9f01ce756eaf3315e1e,box_room_occ_2_1,00000301,supported,box,dark rectangular package; yellow-green trim; printed controller image,contents; wireless function; button count,,,初始化索引 300：红框为小包装，非背后大盒或印刷手柄本体。,,,GPT-6 Astra Pro,2026-10-02,conflicting,True,gb,initial,box,dark rectangular package; yellow-green trim; printed controller image,contents; wireless function; button count,
vot,667,6e46189f19ee48dc0ec4c2983c1588a8d18ca555dce755ab5c1f9e5ee3472b39,box_room_occ_2_1,00000351,corrected,box,dark rectangular package; yellow-green trim; printed controller image,contents; wireless function; button count,,,初始化索引 350：红框为小包装，非背后大盒或印刷手柄本体。,,,GPT-6 Astra Pro,2026-10-02,conflicting,True,gb,initial,box,dark rectangular package; yellow-green trim; printed controller image,contents; wireless function; button count,
vot,668,20cac1b8767e01ac1a0992c51b2baf8cb9e7b5d38785d882d3753e34ced8cac4,box_room_occ_2_1,00000401,supported,box,dark rectangular package; yellow-green trim; printed controller image,contents; wireless function; button count,,,初始化索引 400：红框为小包装，非背后大盒或印刷手柄本体。,,,GPT-6 Astra Pro,2026-10-02,conflicting,True,gb,initial,box,dark rectangular package; yellow-green trim; printed controller image,contents; wireless function; button count,
vot,669,5b268581093a5a64112c0941ad0bd2961857edde7f5a7392bd6355bf4e53c09c,box_room_occ_2_1,00000451,supported,box,dark rectangular package; yellow-green trim; printed controller image,contents; wireless function; button count,,,初始化索引 450：红框为小包装，非背后大盒或印刷手柄本体。,,,GPT-6 Astra Pro,2026-10-02,conflicting,True,gb,initial,box,dark rectangular package; yellow-green trim; printed controller image,contents; wireless function; button count,
vot,670,77c13db4a83057558fec18d8803893ab31a4a77360cad48c1f553e3610645388,box_room_occ_2_1,00000501,corrected,box,dark rectangular package; yellow-green trim; printed controller image,contents; wireless function; button count,,,初始化索引 500：红框为小包装，非背后大盒或印刷手柄本体。,,,GPT-6 Astra Pro,2026-10-02,conflicting,True,gb,initial,box,dark rectangular package; yellow-green trim; printed controller image,contents; wireless function; button count,
vot,671,ac9998369923e0dcd21eafbf7a465929d817fbabdd75d097b43a8e3029e45377,box_room_occ_2_2,00000001,corrected,box,dark rectangular package; yellow-green trim; printed controller image,contents; wireless function; button count,,,初始化索引 0：红框为小包装，非背后大盒或印刷手柄本体。,,,GPT-6 Astra Pro,2026-10-02,conflicting,True,gb,initial,box,dark rectangular package; yellow-green trim; printed controller image,contents; wireless function; button count,
vot,672,921bf6d009b448fddc65ddccd8e4475be9f3198c385ce1cf768e5b0a21af6407,box_room_occ_2_2,00000051,supported,box,dark rectangular package; yellow-green trim; printed controller image,contents; wireless function; button count,,,初始化索引 50：红框为小包装，非背后大盒或印刷手柄本体。,,,GPT-6 Astra Pro,2026-10-02,conflicting,True,gb,initial,box,dark rectangular package; yellow-green trim; printed controller image,contents; wireless function; button count,
vot,673,d096ed865fb0b6ae0584ceb8201852a7cbda72a88d365033f54c17961834efb8,box_room_occ_2_2,00000101,supported,box,dark rectangular package; yellow-green trim; printed controller image,contents; wireless function; button count,,,初始化索引 100：红框为小包装，非背后大盒或印刷手柄本体。,,,GPT-6 Astra Pro,2026-10-02,conflicting,True,gb,initial,box,dark rectangular package; yellow-green trim; printed controller image,contents; wireless function; button count,
vot,674,8c240709a7e87b17da3f5f969ada33b864273db10397db479d6d402cf662b90b,box_room_occ_2_2,00000151,corrected,box,dark rectangular package; yellow-green trim; printed controller image,contents; wireless function; button count,,,初始化索引 150：红框为小包装，非背后大盒或印刷手柄本体。,,,GPT-6 Astra Pro,2026-10-02,conflicting,True,gb,initial,box,dark rectangular package; yellow-green trim; printed controller image,contents; wireless function; button count,
vot,675,0f1bb4721cd0ae0561946511e197fd60a4f83b772f6ac131841c40ad098368cd,box_room_occ_2_2,00000201,corrected,box,dark rectangular package; yellow-green trim; printed controller image,contents; wireless function; button count,,,初始化索引 200：红框为小包装，非背后大盒或印刷手柄本体。,,,GPT-6 Astra Pro,2026-10-02,conflicting,True,gb,initial,box,dark rectangular package; yellow-green trim; printed controller image,contents; wireless function; button count,
vot,676,7e938f7e1a796970f27c997d323cbc9364c6793180464e71f102388f987336e7,boxes_backpack_room_occ_1_2,00000001,corrected,backpack,olive green body; stitched panels; hanging straps,camouflage; wear; material,,,初始化索引 0：红框为背包及带子，不是衣服或器械，不确认迷彩和磨损程度。,,,GPT-6 Astra Pro,2026-10-02,conflicting,True,gb,initial,backpack,olive green body; stitched panels; hanging straps,camouflage; wear; material,
vot,677,d91c86d5a27c3c027331728c7d0a36874e3dc04d55d92d13528f113b11137539,boxes_backpack_room_occ_1_2,00000051,corrected,backpack,olive green body; stitched panels; hanging straps,camouflage; wear; material,,,初始化索引 50：红框为背包及带子，不是衣服或器械，不确认迷彩和磨损程度。,,,GPT-6 Astra Pro,2026-10-02,conflicting,True,gb,initial,backpack,olive green body; stitched panels; hanging straps,camouflage; wear; material,
vot,678,f5cc71eec6921bbe353d747099e52800a3c515182ed8508ed04cbee34ef7df84,boxes_backpack_room_occ_1_2,00000101,corrected,backpack,olive green body; stitched panels; hanging straps,camouflage; wear; material,,,初始化索引 100：红框为背包及带子，不是衣服或器械，不确认迷彩和磨损程度。,,,GPT-6 Astra Pro,2026-10-02,conflicting,True,gb,initial,backpack,olive green body; stitched panels; hanging straps,camouflage; wear; material,
vot,679,f1a8e395d15057089de6e45b1ca313915fbf1c7a413195492bab8008402c1773,boxes_backpack_room_occ_1_2,00000151,corrected,backpack,olive green body; stitched panels; hanging straps,camouflage; wear; material,,,初始化索引 150：红框为背包及带子，不是衣服或器械，不确认迷彩和磨损程度。,,,GPT-6 Astra Pro,2026-10-02,conflicting,True,gb,initial,backpack,olive green body; stitched panels; hanging straps,camouflage; wear; material,
vot,680,a7463a5c1ae0cdf7d13c31b4133fb9217301c362205b28b67498c3ec3908fe1b,boxes_backpack_room_occ_1_2,00000201,corrected,backpack,olive green body; stitched panels; hanging straps,camouflage; wear; material,,,初始化索引 200：红框为背包及带子，不是衣服或器械，不确认迷彩和磨损程度。,,,GPT-6 Astra Pro,2026-10-02,conflicting,True,gb,initial,backpack,olive green body; stitched panels; hanging straps,camouflage; wear; material,
vot,681,8828256d13c468f92bae2afd7079962d57343b6d76c46779d476c19367f22b72,boxes_backpack_room_occ_1_2,00000251,corrected,backpack,olive green body; stitched panels; hanging straps,camouflage; wear; material,,,初始化索引 250：红框为背包及带子，不是衣服或器械，不确认迷彩和磨损程度。,,,GPT-6 Astra Pro,2026-10-02,conflicting,True,gb,initial,backpack,olive green body; stitched panels; hanging straps,camouflage; wear; material,
vot,682,192c8ef6051fa68f54c98d36ea5d9814106dd4410df929d396e4968a1f67d045,boxes_backpack_room_occ_1_2,00000300,corrected,backpack,olive-green side profile; dark straps; folded soft panels,camouflage; wear; material,,,初始化索引 299：红框为背包侧面和带子，不是刀刃。,,,GPT-6 Astra Pro,2026-10-02,conflicting,True,gb,initial,backpack,olive-green side profile; dark straps; folded soft panels,camouflage; wear; material,
vot,683,6db940652dcae6d9f6b4fc193486bbf48e632c3c7fcf2e78a5022cb1c22a5a41,boxes_humans_room_occ_1_1,00000001,supported,person,dark blue long-sleeved top; blue-gray jeans,fabric; shoes,,近邻仅帮助区分多人，服饰不是永久身份证明。,初始化索引 0：红框为整个人物，不是独立衣物或手中盒子；不混入另一人衣服。,,,GPT-6 Astra Pro,2026-10-02,conflicting,True,gb,initial,person,dark blue long-sleeved top; blue-gray jeans,fabric; shoes,
vot,684,bd31b8c962a202610f08372f4ba932306829d39a3700559d358c12d92319577e,boxes_humans_room_occ_1_1,00000051,supported,person,dark blue long-sleeved top; blue-gray jeans,fabric; shoes,,近邻仅帮助区分多人，服饰不是永久身份证明。,初始化索引 50：红框为整个人物，不是独立衣物或手中盒子；不混入另一人衣服。,,,GPT-6 Astra Pro,2026-10-02,conflicting,True,gb,initial,person,dark blue long-sleeved top; blue-gray jeans,fabric; shoes,
vot,685,e2601b8de24c74baf239e4473c6792c2f85488780c8cda871388137bd387c4a7,boxes_humans_room_occ_1_1,00000101,corrected,person,dark blue long-sleeved top; blue-gray jeans,fabric; shoes,,近邻仅帮助区分多人，服饰不是永久身份证明。,初始化索引 100：红框为整个人物，不是独立衣物或手中盒子；不混入另一人衣服。,,,GPT-6 Astra Pro,2026-10-02,conflicting,True,gb,initial,person,dark blue long-sleeved top; blue-gray jeans,fabric; shoes,
vot,686,9a925ee60105d2cf5f367908c4c2c35b5e7810febad5de4647d99e3e838fef61,boxes_humans_room_occ_1_1,00000151,corrected,person,dark blue long-sleeved top; blue-gray jeans,fabric; shoes,,近邻仅帮助区分多人，服饰不是永久身份证明。,初始化索引 150：红框为整个人物，不是独立衣物或手中盒子；不混入另一人衣服。,,,GPT-6 Astra Pro,2026-10-02,conflicting,True,gb,initial,person,dark blue long-sleeved top; blue-gray jeans,fabric; shoes,
vot,687,39e095e6186a25146f000aa13302b8c5fa044270711ee7954fb58fcb85badc81,boxes_humans_room_occ_1_1,00000201,corrected,person,dark blue long-sleeved top; blue-gray jeans,fabric; shoes,,近邻仅帮助区分多人，服饰不是永久身份证明。,初始化索引 200：红框为整个人物，不是独立衣物或手中盒子；不混入另一人衣服。,,,GPT-6 Astra Pro,2026-10-02,conflicting,True,gb,initial,person,dark blue long-sleeved top; blue-gray jeans,fabric; shoes,
vot,688,4028730576c7d7902e1fe05e38aada79a70f198ef39e334de6691ed9a0d6a1d1,boxes_humans_room_occ_1_1,00000236,corrected,person,dark blue long-sleeved top; blue-gray jeans,fabric; shoes,,近邻仅帮助区分多人，服饰不是永久身份证明。,初始化索引 235：红框为整个人物，不是独立衣物或手中盒子；不混入另一人衣服。,,,GPT-6 Astra Pro,2026-10-02,conflicting,True,gb,initial,person,dark blue long-sleeved top; blue-gray jeans,fabric; shoes,
vot,689,e33b67cb4474fd3ea3f0f5ceb6a6446fa56240cc6459d08703efe5f821984d9d,boxes_humans_room_occ_1_4,00000001,supported,person,dark blue long-sleeved top; blue-gray jeans,fabric; shoes,,近邻仅帮助区分多人，服饰不是永久身份证明。,初始化索引 0：红框为整个人物，不是独立衣物或手中盒子；不混入另一人衣服。,,,GPT-6 Astra Pro,2026-10-02,conflicting,True,gb,initial,person,dark blue long-sleeved top; blue-gray jeans,fabric; shoes,
vot,690,bf7a9f9490e2fda086f38500a84d2c2edbb698a51a4b53ad85d9e527f3a30086,boxes_humans_room_occ_1_4,00000051,supported,person,dark blue long-sleeved top; blue-gray jeans,fabric; shoes,,近邻仅帮助区分多人，服饰不是永久身份证明。,初始化索引 50：红框为整个人物，不是独立衣物或手中盒子；不混入另一人衣服。,,,GPT-6 Astra Pro,2026-10-02,conflicting,True,gb,initial,person,dark blue long-sleeved top; blue-gray jeans,fabric; shoes,
vot,691,49269987b574a04cb685c3b7bf1f429122e4198309e9ffa7f61a63ce164f530e,boxes_humans_room_occ_1_4,00000101,corrected,person,dark blue long-sleeved top; blue-gray jeans,fabric; shoes,,近邻仅帮助区分多人，服饰不是永久身份证明。,初始化索引 100：红框为整个人物，不是独立衣物或手中盒子；不混入另一人衣服。,,,GPT-6 Astra Pro,2026-10-02,conflicting,True,gb,initial,person,dark blue long-sleeved top; blue-gray jeans,fabric; shoes,
vot,692,8444fa55b462bcdd919c32a9d5ba63abd846a0c453996ec0351cd34ac63ece4c,boxes_humans_room_occ_1_4,00000151,corrected,person,dark blue long-sleeved top; blue-gray jeans,fabric; shoes,,近邻仅帮助区分多人，服饰不是永久身份证明。,初始化索引 150：红框是坐在沙发上的深蓝素衣人物，旁边站立者的花纹衬衣不属于目标。,,,GPT-6 Astra Pro,2026-10-02,conflicting,True,gb,initial,person,dark blue long-sleeved top; blue-gray jeans,fabric; shoes,
vot,693,250f686a4a1a3824a7e4d0b1509b8869f533b7701923e7e7950db86668284077,boxes_humans_room_occ_1_4,00000201,supported,person,dark blue long-sleeved top; blue-gray jeans,fabric; shoes,,近邻仅帮助区分多人，服饰不是永久身份证明。,初始化索引 200：红框为整个人物，不是独立衣物或手中盒子；不混入另一人衣服。,,,GPT-6 Astra Pro,2026-10-02,conflicting,True,gb,initial,person,dark blue long-sleeved top; blue-gray jeans,fabric; shoes,
vot,694,b04abbea1431a90e4b437da09c1f59ce4dcddc9272ad253a6067621aca8d5c26,boxes_humans_room_occ_1_4,00000251,corrected,person,dark blue long-sleeved top; blue-gray jeans,fabric; shoes,,近邻仅帮助区分多人，服饰不是永久身份证明。,初始化索引 250：红框覆盖深蓝衣人物，而非手中绿盒。,,,GPT-6 Astra Pro,2026-10-02,conflicting,True,gb,initial,person,dark blue long-sleeved top; blue-gray jeans,fabric; shoes,
vot,695,0f75c723dddb5c48ff06feb51f41e2dfc625e9e20fa8ffede00dbe53f7bd7bd3,boxes_humans_room_occ_1_4,00000293,corrected,person,dark blue long-sleeved top; blue-gray jeans,fabric; shoes,,近邻仅帮助区分多人，服饰不是永久身份证明。,初始化索引 292：红框为整个人物，不是独立衣物或手中盒子；不混入另一人衣服。,,,GPT-6 Astra Pro,2026-10-02,conflicting,True,gb,initial,person,dark blue long-sleeved top; blue-gray jeans,fabric; shoes,
vot,696,c0d2fc4a8cd248260af643660c17cf851c63372f6eb6d9dfefe25b7869d6eb2e,boxes_humans_room_occ_1_5,00000001,supported,person,dark blue long-sleeved top; blue-gray jeans,fabric; shoes,,近邻仅帮助区分多人，服饰不是永久身份证明。,初始化索引 0：红框为整个人物，不是独立衣物或手中盒子；不混入另一人衣服。,,,GPT-6 Astra Pro,2026-10-02,conflicting,True,gb,initial,person,dark blue long-sleeved top; blue-gray jeans,fabric; shoes,
vot,697,3d0eb98670f2652c41fcb80767a81e848d16e13e4a6daa687e6829d1a2d5cca1,boxes_humans_room_occ_1_5,00000051,supported,person,dark blue long-sleeved top; blue-gray jeans,fabric; shoes,,近邻仅帮助区分多人，服饰不是永久身份证明。,初始化索引 50：红框为整个人物，不是独立衣物或手中盒子；不混入另一人衣服。,,,GPT-6 Astra Pro,2026-10-02,conflicting,True,gb,initial,person,dark blue long-sleeved top; blue-gray jeans,fabric; shoes,
vot,698,638a5f25764f23793cb189347b5486c6ba75af4cac8c5a46424876ce84acdaed,boxes_humans_room_occ_1_5,00000101,corrected,person,dark blue long-sleeved top; blue-gray jeans,fabric; shoes,,近邻仅帮助区分多人，服饰不是永久身份证明。,初始化索引 100：红框为整个人物，不是独立衣物或手中盒子；不混入另一人衣服。,,,GPT-6 Astra Pro,2026-10-02,conflicting,True,gb,initial,person,dark blue long-sleeved top; blue-gray jeans,fabric; shoes,
vot,699,c93c87cd911a207dc2c0d9cd1553cfc9cb1d8e4d2e8b019e10a236ced1a1f536,boxes_humans_room_occ_1_5,00000155,corrected,person,dark blue long-sleeved top; blue-gray jeans,fabric; shoes,,近邻仅帮助区分多人，服饰不是永久身份证明。,初始化索引 154：红框为整个人物，不是独立衣物或手中盒子；不混入另一人衣服。,,,GPT-6 Astra Pro,2026-10-02,conflicting,True,gb,initial,person,dark blue long-sleeved top; blue-gray jeans,fabric; shoes,
vot,700,da1e5ef0c25f4b433a85e477f388812f58d2a2952e67cc3fc987d8f7b53862b9,boxes_room_occ_1_1,00000001,supported,box,blue and black rectangular package; printed device image,contents; working ports; port count,,多个盒同时移动，逐初始化按红框判断。,初始化索引 0：红框为设备包装，非相邻绿盒或裸交换机。,,,GPT-6 Astra Pro,2026-10-02,conflicting,True,gb,initial,box,blue and black rectangular package; printed device image,contents; working ports; port count,
vot,701,ef1d4e917485b7b0643ac84ce2625d770202002da97de0f2abfee6838b836e20,boxes_room_occ_1_1,00000051,supported,box,blue and black rectangular package; printed device image,contents; working ports; port count,,多个盒同时移动，逐初始化按红框判断。,初始化索引 50：红框为设备包装，非相邻绿盒或裸交换机。,,,GPT-6 Astra Pro,2026-10-02,conflicting,True,gb,initial,box,blue and black rectangular package; printed device image,contents; working ports; port count,
vot,702,08907348855a5487767f5ff66085ea29d4d9192c0eb98dcf66040bf36c36d126,boxes_room_occ_1_1,00000101,corrected,box,blue and black rectangular package; printed device image,contents; working ports; port count,,多个盒同时移动，逐初始化按红框判断。,初始化索引 100：红框为设备包装，非相邻绿盒或裸交换机。,,,GPT-6 Astra Pro,2026-10-02,conflicting,True,gb,initial,box,blue and black rectangular package; printed device image,contents; working ports; port count,
vot,703,7116f46231c0ca3b9b18e84ec4ef8403aed81dab803d20c7d12d7483cf073b3c,boxes_room_occ_1_1,00000151,supported,box,blue and black rectangular package; printed device image,contents; working ports; port count,,多个盒同时移动，逐初始化按红框判断。,初始化索引 150：红框为设备包装，非相邻绿盒或裸交换机。,,,GPT-6 Astra Pro,2026-10-02,conflicting,True,gb,initial,box,blue and black rectangular package; printed device image,contents; working ports; port count,
vot,704,dc99380f3e5ecc6123004119c878b22ad22cc3063e837e9a6051ea802e0c87bf,boxes_room_occ_1_1,00000201,corrected,box,dark narrow side; pale printed label,contents; working ports; port count,,多个盒同时移动，逐初始化按红框判断。,初始化索引 200：红框为蓝黑包装窄边，旁边绿色盒不作为目标属性。,,,GPT-6 Astra Pro,2026-10-02,conflicting,True,gb,initial,box,dark narrow side; pale printed label,contents; working ports; port count,
vot,705,76c2512b029e883e2fa0be9bd74605f7caea729283f92869567c378c2a591c19,boxes_room_occ_1_1,00000251,corrected,box,pale blue-white package rear; printed diagrams and text,contents; working ports; port count,,多个盒同时移动，逐初始化按红框判断。,初始化索引 250：本帧为包装背面，印刷图不是屏幕，也不是独立文档。,,,GPT-6 Astra Pro,2026-10-02,conflicting,True,gb,initial,box,pale blue-white package rear; printed diagrams and text,contents; working ports; port count,
vot,706,e4fce4067ec71b1f888e1fdf0b97bc2652f62dedd46dea5eef559b6dc3f6f7ac,boxes_room_occ_1_1,00000301,corrected,box,pale blue-white package rear; printed diagrams and text,contents; working ports; port count,,多个盒同时移动，逐初始化按红框判断。,初始化索引 300：本帧为包装背面，印刷图不是屏幕，也不是独立文档。,,,GPT-6 Astra Pro,2026-10-02,conflicting,True,gb,initial,box,pale blue-white package rear; printed diagrams and text,contents; working ports; port count,
vot,707,858bd730dbb4b81f3d9787d5636c164eaea84ad9dec9a93266f33c199fbbf547,boxes_room_occ_1_1,00000351,corrected,box,pale blue-white package rear; printed diagrams and text,contents; working ports; port count,,多个盒同时移动，逐初始化按红框判断。,初始化索引 350：本帧为包装背面，印刷图不是屏幕，也不是独立文档。,,,GPT-6 Astra Pro,2026-10-02,conflicting,True,gb,initial,box,pale blue-white package rear; printed diagrams and text,contents; working ports; port count,
vot,708,17a19c0118b08d4cdd694ad697918d47d5269d3dabd7d04c1b3f61a8dbe635a2,boxes_room_occ_1_1,00000401,corrected,box,pale blue-white package rear; printed diagrams and text,contents; working ports; port count,,多个盒同时移动，逐初始化按红框判断。,初始化索引 400：本帧为包装背面，印刷图不是屏幕，也不是独立文档。,,,GPT-6 Astra Pro,2026-10-02,conflicting,True,gb,initial,box,pale blue-white package rear; printed diagrams and text,contents; working ports; port count,
vot,709,3267e3f7c35e35a84b92be8d36176d12ff51df6b5055e2e6b88b403209ca4954,boxes_room_occ_1_1,00000451,corrected,box,pale blue-white package rear; printed diagrams and text,contents; working ports; port count,,多个盒同时移动，逐初始化按红框判断。,初始化索引 450：本帧为包装背面，印刷图不是屏幕，也不是独立文档。,,,GPT-6 Astra Pro,2026-10-02,conflicting,True,gb,initial,box,pale blue-white package rear; printed diagrams and text,contents; working ports; port count,
vot,710,89f1f944619c501417a41a355d3556fc2e45ab6e618023e4d4ab12219ba829d6,boxes_room_occ_1_1,00000501,corrected,box,pale blue-white package rear; printed diagrams and text,contents; working ports; port count,,多个盒同时移动，逐初始化按红框判断。,初始化索引 500：本帧为包装背面，印刷图不是屏幕，也不是独立文档。,,,GPT-6 Astra Pro,2026-10-02,conflicting,True,gb,initial,box,pale blue-white package rear; printed diagrams and text,contents; working ports; port count,
vot,711,b9ec3cd3edfee38180e513f4ba6b1f4684d5c07d724c9ff016d29d8a58a00ced,boxes_room_occ_1_1,00000551,corrected,box,pale blue-white package rear; printed diagrams and text,contents; working ports; port count,,多个盒同时移动，逐初始化按红框判断。,初始化索引 550：本帧为包装背面，印刷图不是屏幕，也不是独立文档。,,,GPT-6 Astra Pro,2026-10-02,conflicting,True,gb,initial,box,pale blue-white package rear; printed diagrams and text,contents; working ports; port count,
vot,712,16c7b418b243231b39889a765cf76c4f4c0a4fbc16e09bcd465335164f6cd57f,boxes_room_occ_1_1,00000601,corrected,box,pale blue-white package rear; printed diagrams and text,contents; working ports; port count,,多个盒同时移动，逐初始化按红框判断。,初始化索引 600：本帧为包装背面，印刷图不是屏幕，也不是独立文档。,,,GPT-6 Astra Pro,2026-10-02,conflicting,True,gb,initial,box,pale blue-white package rear; printed diagrams and text,contents; working ports; port count,
vot,713,29c0475eaf443cd885bdb3c8b9e6f33af76d7e17c72ac43db8568cbfa54ca45e,boxes_room_occ_1_1,00000651,corrected,box,pale blue-white package rear; printed diagrams and text,contents; working ports; port count,,多个盒同时移动，逐初始化按红框判断。,初始化索引 650：本帧为包装背面，印刷图不是屏幕，也不是独立文档。,,,GPT-6 Astra Pro,2026-10-02,conflicting,True,gb,initial,box,pale blue-white package rear; printed diagrams and text,contents; working ports; port count,
vot,714,f9e8047331ce3e92d294d02fe938a65c2c87aac580aaf2f8164e85cac8fe2ca2,boxes_room_occ_1_1,00000670,corrected,box,pale blue-white package rear; printed diagrams and text,contents; working ports; port count,,多个盒同时移动，逐初始化按红框判断。,初始化索引 669：本帧为包装背面，印刷图不是屏幕，也不是独立文档。,,,GPT-6 Astra Pro,2026-10-02,conflicting,True,gb,initial,box,pale blue-white package rear; printed diagrams and text,contents; working ports; port count,
vot,715,f3625223c52e274ff5fc5e462079b0d3ca907ed813382d2e06bd3dbe79932a3d,boxes_room_occ_1_1,00000751,corrected,box,pale blue-white package rear; printed diagrams and text,contents; working ports; port count,,多个盒同时移动，逐初始化按红框判断。,初始化索引 750：本帧为包装背面，印刷图不是屏幕，也不是独立文档。,,,GPT-6 Astra Pro,2026-10-02,conflicting,True,gb,initial,box,pale blue-white package rear; printed diagrams and text,contents; working ports; port count,
vot,716,76e6c5344782b14d1416db1eee12a52958a477ef26e62f8d43b2cd3a08380123,boxes_room_occ_1_1,00000801,corrected,box,pale blue-white package rear; printed diagrams and text,contents; working ports; port count,,多个盒同时移动，逐初始化按红框判断。,初始化索引 800：本帧为包装背面，印刷图不是屏幕，也不是独立文档。,,,GPT-6 Astra Pro,2026-10-02,conflicting,True,gb,initial,box,pale blue-white package rear; printed diagrams and text,contents; working ports; port count,
vot,717,e282240280df7b8713ecf95a196c444ceb58092f94c579eba69f88e46b8be0ca,boxes_room_occ_1_1,00000836,corrected,box,pale blue-white package rear; printed diagrams and text,contents; working ports; port count,,多个盒同时移动，逐初始化按红框判断。,初始化索引 835：本帧为包装背面，印刷图不是屏幕，也不是独立文档。,,,GPT-6 Astra Pro,2026-10-02,conflicting,True,gb,initial,box,pale blue-white package rear; printed diagrams and text,contents; working ports; port count,
vot,718,6d7066c6a3d5f0b72eac0ad49d153da5cff13aed7521ddd59b5ac091c759de84,boxes_room_occ_1_2,00000001,corrected,box,dark narrow side; pale printed label,contents; working ports; port count,,多个盒同时移动，逐初始化按红框判断。,初始化索引 0：红框为蓝黑包装窄边，旁边绿色盒不作为目标属性。,,,GPT-6 Astra Pro,2026-10-02,conflicting,True,gb,initial,box,dark narrow side; pale printed label,contents; working ports; port count,
vot,719,44c78ab1ed9a6e58667e90837a60d83a09b3e7d5df4f6c021100e754f66e2da4,boxes_room_occ_1_2,00000051,supported,box,blue and black rectangular package; printed device image,contents; working ports; port count,,多个盒同时移动，逐初始化按红框判断。,初始化索引 50：红框为设备包装，非相邻绿盒或裸交换机。,,,GPT-6 Astra Pro,2026-10-02,conflicting,True,gb,initial,box,blue and black rectangular package; printed device image,contents; working ports; port count,
vot,720,1dff031edc90c55b869a011ffd46f97a92ded309bb41da865fef02669cd8f894,boxes_room_occ_1_2,00000101,corrected,box,blue and black rectangular package; printed device image,contents; working ports; port count,,多个盒同时移动，逐初始化按红框判断。,初始化索引 100：红框为设备包装，非相邻绿盒或裸交换机。,,,GPT-6 Astra Pro,2026-10-02,conflicting,True,gb,initial,box,blue and black rectangular package; printed device image,contents; working ports; port count,
vot,721,feba480947cefdebe4d851a796a6f9e74a3e4e688cdcc6ee8dac5c46fd16fd72,boxes_room_occ_1_2,00000151,corrected,box,blue and black rectangular package; printed device image,contents; working ports; port count,,多个盒同时移动，逐初始化按红框判断。,初始化索引 150：红框为设备包装，非相邻绿盒或裸交换机。,,,GPT-6 Astra Pro,2026-10-02,conflicting,True,gb,initial,box,blue and black rectangular package; printed device image,contents; working ports; port count,
vot,722,73e8aa645ce7026e04e7fdf1aebb6b442affc06188099f67be9057dd4779a5f4,boxes_room_occ_1_2,00000201,corrected,box,blue and black rectangular package; printed device image,contents; working ports; port count,,多个盒同时移动，逐初始化按红框判断。,初始化索引 200：红框为设备包装，非相邻绿盒或裸交换机。,,,GPT-6 Astra Pro,2026-10-02,conflicting,True,gb,initial,box,blue and black rectangular package; printed device image,contents; working ports; port count,
vot,723,a91f26ee0e6c86110b5f15e64277c001c52519c97c9497ee03a3271f47a11ae4,boxes_room_occ_1_2,00000230,corrected,box,blue and black rectangular package; printed device image,contents; working ports; port count,,多个盒同时移动，逐初始化按红框判断。,初始化索引 229：红框为设备包装，非相邻绿盒或裸交换机。,,,GPT-6 Astra Pro,2026-10-02,conflicting,True,gb,initial,box,blue and black rectangular package; printed device image,contents; working ports; port count,
vot,724,9400db1b7c03a33914fd9f6d3ee0c66671b4c8b63e91227f4831fb88d165b653,cartman_1,00000001,corrected,plush toy,pale round face; outlined white eyes; blue-yellow cap; red top; brown lower body,character name; glasses; scarf; fabric,,近邻只辅助转向，背视时不补脸部。,初始化索引 0：红框为圆脸布偶，不是持物者或机械臂；黑眼线不等于眼镜，未见独立围巾。,,,GPT-6 Astra Pro,2026-10-02,conflicting,True,gb,initial,plush toy,pale round face; outlined white eyes; blue-yellow cap; red top; brown lower body,character name; glasses; scarf; fabric,
vot,725,ff38d7fba0eca41c218509c51509a1a239ef2e872c021f81795dedcf74054ac2,cartman_1,00000051,corrected,plush toy,pale round face; outlined white eyes; blue-yellow cap; red top; brown lower body,character name; glasses; scarf; fabric,,近邻只辅助转向，背视时不补脸部。,初始化索引 50：红框为圆脸布偶，不是持物者或机械臂；黑眼线不等于眼镜，未见独立围巾。,,,GPT-6 Astra Pro,2026-10-02,conflicting,True,gb,initial,plush toy,pale round face; outlined white eyes; blue-yellow cap; red top; brown lower body,character name; glasses; scarf; fabric,
vot,726,7528f448c85854f7b2253bcbee86572547d49fe6c6749d826703cbb596aca09b,cartman_1,00000101,corrected,plush toy,pale round face; outlined white eyes; blue-yellow cap; red top; brown lower body,character name; glasses; scarf; fabric,,近邻只辅助转向，背视时不补脸部。,初始化索引 100：红框为圆脸布偶，不是持物者或机械臂；黑眼线不等于眼镜，未见独立围巾。,,,GPT-6 Astra Pro,2026-10-02,conflicting,True,gb,initial,plush toy,pale round face; outlined white eyes; blue-yellow cap; red top; brown lower body,character name; glasses; scarf; fabric,
vot,727,f9ad773854031e11a7f4661a426ea020119a82419130f1e584f8cdf3f1bd67f0,cartman_1,00000151,corrected,plush toy,blue-yellow cap; red upper body; brown lower body; soft rounded form,character name; glasses; scarf; fabric,,近邻只辅助转向，背视时不补脸部。,初始化索引 150：本帧侧/背视，不补被遮住的眼睛、嘴或鸟喙。,,,GPT-6 Astra Pro,2026-10-02,conflicting,True,gb,initial,plush toy,blue-yellow cap; red upper body; brown lower body; soft rounded form,character name; glasses; scarf; fabric,
vot,728,5dd938ea38042b4ff22a87f1c1f0079ebd0af46149b58e3fb91737acbd559ba6,cartman_1,00000201,corrected,plush toy,blue-yellow cap; red upper body; brown lower body; soft rounded form,character name; glasses; scarf; fabric,,近邻只辅助转向，背视时不补脸部。,初始化索引 200：本帧侧/背视，不补被遮住的眼睛、嘴或鸟喙。,,,GPT-6 Astra Pro,2026-10-02,conflicting,True,gb,initial,plush toy,blue-yellow cap; red upper body; brown lower body; soft rounded form,character name; glasses; scarf; fabric,
vot,729,722c2acf18d405b8e9007e9e55db767f933556ffcab6597973da841854d26c7b,cartman_1,00000251,corrected,plush toy,pale round face; outlined white eyes; blue-yellow cap; red top; brown lower body,character name; glasses; scarf; fabric,,近邻只辅助转向，背视时不补脸部。,初始化索引 250：红框为圆脸布偶，不是持物者或机械臂；黑眼线不等于眼镜，未见独立围巾。,,,GPT-6 Astra Pro,2026-10-02,conflicting,True,gb,initial,plush toy,pale round face; outlined white eyes; blue-yellow cap; red top; brown lower body,character name; glasses; scarf; fabric,
vot,730,38f4a0ad8dcc50793b9d1033122fd6e001d6e659d9b74a8f414d4f5c7f3cf44c,cartman_1,00000301,corrected,plush toy,blue-yellow cap; red upper body; brown lower body; soft rounded form,character name; glasses; scarf; fabric,,近邻只辅助转向，背视时不补脸部。,初始化索引 300：本帧侧/背视，不补被遮住的眼睛、嘴或鸟喙。,,,GPT-6 Astra Pro,2026-10-02,conflicting,True,gb,initial,plush toy,blue-yellow cap; red upper body; brown lower body; soft rounded form,character name; glasses; scarf; fabric,
vot,731,3b5b27a116ce1967bdc1ce50fdc0b4d2edafe62968c99f6a112910fb88772c99,cartman_1,00000351,corrected,plush toy,pale round face; outlined white eyes; blue-yellow cap; red top; brown lower body,character name; glasses; scarf; fabric,,近邻只辅助转向，背视时不补脸部。,初始化索引 350：红框为圆脸布偶，不是持物者或机械臂；黑眼线不等于眼镜，未见独立围巾。,,,GPT-6 Astra Pro,2026-10-02,conflicting,True,gb,initial,plush toy,pale round face; outlined white eyes; blue-yellow cap; red top; brown lower body,character name; glasses; scarf; fabric,
vot,732,3348e375f338fe1ba39ab22ccb441b8cffab4a0c29b884b1149070f4721a6450,cartman_1,00000369,corrected,plush toy,pale round face; outlined white eyes; blue-yellow cap; red top; brown lower body,character name; glasses; scarf; fabric,,近邻只辅助转向，背视时不补脸部。,初始化索引 368：红框为圆脸布偶，不是持物者或机械臂；黑眼线不等于眼镜，未见独立围巾。,,,GPT-6 Astra Pro,2026-10-02,conflicting,True,gb,initial,plush toy,pale round face; outlined white eyes; blue-yellow cap; red top; brown lower body,character name; glasses; scarf; fabric,
vot,733,3a0f56b01a45249b6f6d57be5615c694d48adad21fb2857ba45f0209b0b370e5,cartman_robotarm_lab_noocc_1,00000001,corrected,plush toy,pale round face; outlined white eyes; blue-yellow cap; red top; brown lower body,character name; glasses; scarf; fabric,,近邻只辅助转向，背视时不补脸部。,初始化索引 0：红框为圆脸布偶，不是持物者或机械臂；黑眼线不等于眼镜，未见独立围巾。,,,GPT-6 Astra Pro,2026-10-02,conflicting,True,gb,initial,plush toy,pale round face; outlined white eyes; blue-yellow cap; red top; brown lower body,character name; glasses; scarf; fabric,
vot,734,7325508a7de340163c4b2a30d448236839c2df0acc489eb57f1f4ec53c8fff9b,cartman_robotarm_lab_noocc_1,00000051,corrected,plush toy,pale round face; outlined white eyes; blue-yellow cap; red top; brown lower body,character name; glasses; scarf; fabric,,近邻只辅助转向，背视时不补脸部。,初始化索引 50：红框为圆脸布偶，不是持物者或机械臂；黑眼线不等于眼镜，未见独立围巾。,,,GPT-6 Astra Pro,2026-10-02,conflicting,True,gb,initial,plush toy,pale round face; outlined white eyes; blue-yellow cap; red top; brown lower body,character name; glasses; scarf; fabric,
vot,735,ef3e59d9227c307149c9490426a5c69971ad8f9e134ed9ffcb6d5092718ca6cd,cartman_robotarm_lab_noocc_1,00000101,corrected,plush toy,pale round face; outlined white eyes; blue-yellow cap; red top; brown lower body,character name; glasses; scarf; fabric,,近邻只辅助转向，背视时不补脸部。,初始化索引 100：红框为圆脸布偶，不是持物者或机械臂；黑眼线不等于眼镜，未见独立围巾。,,,GPT-6 Astra Pro,2026-10-02,conflicting,True,gb,initial,plush toy,pale round face; outlined white eyes; blue-yellow cap; red top; brown lower body,character name; glasses; scarf; fabric,
vot,736,30f76bc221f7fa299e841178b98f40563940ce63bec265b6619bd246e2ea215b,cartman_robotarm_lab_noocc_1,00000151,corrected,plush toy,pale round face; outlined white eyes; blue-yellow cap; red top; brown lower body,character name; glasses; scarf; fabric,,近邻只辅助转向，背视时不补脸部。,初始化索引 150：红框为圆脸布偶，不是持物者或机械臂；黑眼线不等于眼镜，未见独立围巾。,,,GPT-6 Astra Pro,2026-10-02,conflicting,True,gb,initial,plush toy,pale round face; outlined white eyes; blue-yellow cap; red top; brown lower body,character name; glasses; scarf; fabric,
vot,737,0a0290dba7b279bb1d151bbdf09a3798371f6c5ad2c3e65f0698525abbd2f0d4,cartman_robotarm_lab_noocc_1,00000201,corrected,plush toy,pale round face; outlined white eyes; blue-yellow cap; red top; brown lower body,character name; glasses; scarf; fabric,,近邻只辅助转向，背视时不补脸部。,初始化索引 200：红框为圆脸布偶，不是持物者或机械臂；黑眼线不等于眼镜，未见独立围巾。,,,GPT-6 Astra Pro,2026-10-02,conflicting,True,gb,initial,plush toy,pale round face; outlined white eyes; blue-yellow cap; red top; brown lower body,character name; glasses; scarf; fabric,
vot,738,c281938c97e96f4533d1100c685f44d0ac2d7498b922319f8cf0cbbf7a2d8247,cartman_robotarm_lab_noocc_1,00000251,corrected,plush toy,pale round face; outlined white eyes; blue-yellow cap; red top; brown lower body,character name; glasses; scarf; fabric,,近邻只辅助转向，背视时不补脸部。,初始化索引 250：红框为圆脸布偶，不是持物者或机械臂；黑眼线不等于眼镜，未见独立围巾。,,,GPT-6 Astra Pro,2026-10-02,conflicting,True,gb,initial,plush toy,pale round face; outlined white eyes; blue-yellow cap; red top; brown lower body,character name; glasses; scarf; fabric,
vot,739,b1721c65cb583122ce67df020bb78b64b17f870626eb0c4a49df0745ae7b20e8,cartman_robotarm_lab_noocc_1,00000301,corrected,plush toy,pale round face; outlined white eyes; blue-yellow cap; red top; brown lower body,character name; glasses; scarf; fabric,,近邻只辅助转向，背视时不补脸部。,初始化索引 300：红框为圆脸布偶，不是持物者或机械臂；黑眼线不等于眼镜，未见独立围巾。,,,GPT-6 Astra Pro,2026-10-02,conflicting,True,gb,initial,plush toy,pale round face; outlined white eyes; blue-yellow cap; red top; brown lower body,character name; glasses; scarf; fabric,
vot,740,84067a35969653851c029a50015dcd66b76b033d5ef8846eddf5891ae6c16df4,cartman_robotarm_lab_noocc_1,00000351,corrected,plush toy,pale round face; outlined white eyes; blue-yellow cap; red top; brown lower body,character name; glasses; scarf; fabric,,近邻只辅助转向，背视时不补脸部。,初始化索引 350：红框为圆脸布偶，不是持物者或机械臂；黑眼线不等于眼镜，未见独立围巾。,,,GPT-6 Astra Pro,2026-10-02,conflicting,True,gb,initial,plush toy,pale round face; outlined white eyes; blue-yellow cap; red top; brown lower body,character name; glasses; scarf; fabric,
vot,741,ac16e39e16a740fa3ca9bae5dd1bc136bfb8c66216d1834273a066ff2ba5238f,cartman_robotarm_lab_noocc_1,00000401,corrected,plush toy,pale round face; outlined white eyes; blue-yellow cap; red top; brown lower body,character name; glasses; scarf; fabric,,近邻只辅助转向，背视时不补脸部。,初始化索引 400：红框为圆脸布偶，不是持物者或机械臂；黑眼线不等于眼镜，未见独立围巾。,,,GPT-6 Astra Pro,2026-10-02,conflicting,True,gb,initial,plush toy,pale round face; outlined white eyes; blue-yellow cap; red top; brown lower body,character name; glasses; scarf; fabric,
vot,742,fbe49ea0ecea3ddcdcc215e62e8ff3ba5525cb33972a2b06331930db0f36f0d0,cartman_robotarm_lab_noocc_1,00000451,corrected,plush toy,pale round face; outlined white eyes; blue-yellow cap; red top; brown lower body,character name; glasses; scarf; fabric,,近邻只辅助转向，背视时不补脸部。,初始化索引 450：红框为圆脸布偶，不是持物者或机械臂；黑眼线不等于眼镜，未见独立围巾。,,,GPT-6 Astra Pro,2026-10-02,conflicting,True,gb,initial,plush toy,pale round face; outlined white eyes; blue-yellow cap; red top; brown lower body,character name; glasses; scarf; fabric,
vot,743,dd180c5d612128a32dabb6b6d51b4b83a72237697818685fc0dcd5c30f3a4a04,cartman_robotarm_lab_noocc_1,00000501,corrected,plush toy,pale round face; outlined white eyes; blue-yellow cap; red top; brown lower body,character name; glasses; scarf; fabric,,近邻只辅助转向，背视时不补脸部。,初始化索引 500：红框为圆脸布偶，不是持物者或机械臂；黑眼线不等于眼镜，未见独立围巾。,,,GPT-6 Astra Pro,2026-10-02,conflicting,True,gb,initial,plush toy,pale round face; outlined white eyes; blue-yellow cap; red top; brown lower body,character name; glasses; scarf; fabric,
vot,744,1ec33760b2649c51ea2aed88f5ad6e620b0b265d3153301795255677de3e9ca9,cartman_robotarm_lab_noocc_1,00000551,supported,plush toy,pale round face; outlined white eyes; blue-yellow cap; red top; brown lower body,character name; glasses; scarf; fabric,,近邻只辅助转向，背视时不补脸部。,初始化索引 550：红框为圆脸布偶，不是持物者或机械臂；黑眼线不等于眼镜，未见独立围巾。,,,GPT-6 Astra Pro,2026-10-02,conflicting,True,gb,initial,plush toy,pale round face; outlined white eyes; blue-yellow cap; red top; brown lower body,character name; glasses; scarf; fabric,
vot,745,35f891edfbec3a03bc9354c938c4b5f6c221312e2f8a409b3cf2a0e86fa9bc56,cartman_robotarm_lab_noocc_1,00000601,corrected,plush toy,pale round face; outlined white eyes; blue-yellow cap; red top; brown lower body,character name; glasses; scarf; fabric,,近邻只辅助转向，背视时不补脸部。,初始化索引 600：红框为圆脸布偶，不是持物者或机械臂；黑眼线不等于眼镜，未见独立围巾。,,,GPT-6 Astra Pro,2026-10-02,conflicting,True,gb,initial,plush toy,pale round face; outlined white eyes; blue-yellow cap; red top; brown lower body,character name; glasses; scarf; fabric,
vot,746,0a442aedca6553c41a53868b04ba0f904efebc511a6644b9888ba2015749daa0,cartman_robotarm_lab_noocc_1,00000651,corrected,plush toy,pale round face; outlined white eyes; blue-yellow cap; red top; brown lower body,character name; glasses; scarf; fabric,,近邻只辅助转向，背视时不补脸部。,初始化索引 650：红框为圆脸布偶，不是持物者或机械臂；黑眼线不等于眼镜，未见独立围巾。,,,GPT-6 Astra Pro,2026-10-02,conflicting,True,gb,initial,plush toy,pale round face; outlined white eyes; blue-yellow cap; red top; brown lower body,character name; glasses; scarf; fabric,
vot,747,ccccb47cd1f3c45c4becf8e5cec89ea1dbc1a7c2ea0a8dd957462b331dbcea5f,cartman_robotarm_lab_noocc_1,00000701,corrected,plush toy,pale round face; outlined white eyes; blue-yellow cap; red top; brown lower body,character name; glasses; scarf; fabric,,近邻只辅助转向，背视时不补脸部。,初始化索引 700：红框为圆脸布偶，不是持物者或机械臂；黑眼线不等于眼镜，未见独立围巾。,,,GPT-6 Astra Pro,2026-10-02,conflicting,True,gb,initial,plush toy,pale round face; outlined white eyes; blue-yellow cap; red top; brown lower body,character name; glasses; scarf; fabric,
vot,748,53d855efd7642cc1422161ca121ae33acd9678ebbd1019af6539cf3f08479af3,cartman_robotarm_lab_noocc_1,00000751,corrected,plush toy,pale round face; outlined white eyes; blue-yellow cap; red top; brown lower body,character name; glasses; scarf; fabric,,近邻只辅助转向，背视时不补脸部。,初始化索引 750：红框为圆脸布偶，不是持物者或机械臂；黑眼线不等于眼镜，未见独立围巾。,,,GPT-6 Astra Pro,2026-10-02,conflicting,True,gb,initial,plush toy,pale round face; outlined white eyes; blue-yellow cap; red top; brown lower body,character name; glasses; scarf; fabric,
vot,749,9f1bcda07974b6e6d9e295faa43a21700abe26595b16964fdc726ec264dabaf2,cartman_robotarm_lab_noocc_1,00000801,corrected,plush toy,pale round face; outlined white eyes; blue-yellow cap; red top; brown lower body,character name; glasses; scarf; fabric,,近邻只辅助转向，背视时不补脸部。,初始化索引 800：红框为圆脸布偶，不是持物者或机械臂；黑眼线不等于眼镜，未见独立围巾。,,,GPT-6 Astra Pro,2026-10-02,conflicting,True,gb,initial,plush toy,pale round face; outlined white eyes; blue-yellow cap; red top; brown lower body,character name; glasses; scarf; fabric,
vot,750,d9d7f81fe775633d355f6c8f2a630c605066e4af58b435b42ac76f525bdfd07f,cartman_robotarm_lab_noocc_1,00000851,corrected,plush toy,pale round face; outlined white eyes; blue-yellow cap; red top; brown lower body,character name; glasses; scarf; fabric,,近邻只辅助转向，背视时不补脸部。,初始化索引 850：红框为圆脸布偶，不是持物者或机械臂；黑眼线不等于眼镜，未见独立围巾。,,,GPT-6 Astra Pro,2026-10-02,conflicting,True,gb,initial,plush toy,pale round face; outlined white eyes; blue-yellow cap; red top; brown lower body,character name; glasses; scarf; fabric,
vot,751,068b7617de05540c911ca0e75e74daff93ac603dea937222415587be85c143cb,cartman_robotarm_lab_noocc_1,00000901,corrected,plush toy,pale round face; outlined white eyes; blue-yellow cap; red top; brown lower body,character name; glasses; scarf; fabric,,近邻只辅助转向，背视时不补脸部。,初始化索引 900：红框为圆脸布偶，不是持物者或机械臂；黑眼线不等于眼镜，未见独立围巾。,,,GPT-6 Astra Pro,2026-10-02,conflicting,True,gb,initial,plush toy,pale round face; outlined white eyes; blue-yellow cap; red top; brown lower body,character name; glasses; scarf; fabric,
vot,752,7d6511a0e62eae18919a9db8fbf09466bfec23b072a9dcabff95047760661704,cartman_robotarm_lab_noocc_1,00000951,corrected,plush toy,pale round face; outlined white eyes; blue-yellow cap; red top; brown lower body,character name; glasses; scarf; fabric,,近邻只辅助转向，背视时不补脸部。,初始化索引 950：红框为圆脸布偶，不是持物者或机械臂；黑眼线不等于眼镜，未见独立围巾。,,,GPT-6 Astra Pro,2026-10-02,conflicting,True,gb,initial,plush toy,pale round face; outlined white eyes; blue-yellow cap; red top; brown lower body,character name; glasses; scarf; fabric,
vot,753,eec6899e587409dd3eb74ba0d5447ff2769ed460ffdf2176351a4ee818645592,cartman_robotarm_lab_noocc_1,00001001,corrected,plush toy,pale round face; outlined white eyes; blue-yellow cap; red top; brown lower body,character name; glasses; scarf; fabric,,近邻只辅助转向，背视时不补脸部。,初始化索引 1000：红框为圆脸布偶，不是持物者或机械臂；黑眼线不等于眼镜，未见独立围巾。,,,GPT-6 Astra Pro,2026-10-02,conflicting,True,gb,initial,plush toy,pale round face; outlined white eyes; blue-yellow cap; red top; brown lower body,character name; glasses; scarf; fabric,
vot,754,284db199435f046b76f47ff6365c35ff6dd3adcf7fc7de52b71aa3e1ef4db52a,cartman_robotarm_lab_noocc_1,00001051,corrected,plush toy,pale round face; outlined white eyes; blue-yellow cap; red top; brown lower body,character name; glasses; scarf; fabric,,近邻只辅助转向，背视时不补脸部。,初始化索引 1050：红框为圆脸布偶，不是持物者或机械臂；黑眼线不等于眼镜，未见独立围巾。,,,GPT-6 Astra Pro,2026-10-02,conflicting,True,gb,initial,plush toy,pale round face; outlined white eyes; blue-yellow cap; red top; brown lower body,character name; glasses; scarf; fabric,
vot,755,b5012f38c68aa6c9178251531c80e7c39713132fd84701401c608a4c8292b8d0,cartman_robotarm_lab_noocc_1,00001101,corrected,plush toy,pale round face; outlined white eyes; blue-yellow cap; red top; brown lower body,character name; glasses; scarf; fabric,,近邻只辅助转向，背视时不补脸部。,初始化索引 1100：红框为圆脸布偶，不是持物者或机械臂；黑眼线不等于眼镜，未见独立围巾。,,,GPT-6 Astra Pro,2026-10-02,conflicting,True,gb,initial,plush toy,pale round face; outlined white eyes; blue-yellow cap; red top; brown lower body,character name; glasses; scarf; fabric,
vot,756,0fc9b87353e485664d8c9391126fc9bf5b7870d56b6a828965cd8116c55a9d14,cartman_robotarm_lab_noocc_1,00001151,corrected,plush toy,pale round face; outlined white eyes; blue-yellow cap; red top; brown lower body,character name; glasses; scarf; fabric,,近邻只辅助转向，背视时不补脸部。,初始化索引 1150：红框为圆脸布偶，不是持物者或机械臂；黑眼线不等于眼镜，未见独立围巾。,,,GPT-6 Astra Pro,2026-10-02,conflicting,True,gb,initial,plush toy,pale round face; outlined white eyes; blue-yellow cap; red top; brown lower body,character name; glasses; scarf; fabric,
vot,757,215cdae1c41a383fe97a33e62b813b30dc3e0befaa9e6330f4da0e2549d54b0c,cartman_robotarm_lab_noocc_1,00001201,corrected,plush toy,pale round face; outlined white eyes; blue-yellow cap; red top; brown lower body,character name; glasses; scarf; fabric,,近邻只辅助转向，背视时不补脸部。,初始化索引 1200：红框为圆脸布偶，不是持物者或机械臂；黑眼线不等于眼镜，未见独立围巾。,,,GPT-6 Astra Pro,2026-10-02,conflicting,True,gb,initial,plush toy,pale round face; outlined white eyes; blue-yellow cap; red top; brown lower body,character name; glasses; scarf; fabric,
vot,758,b58d5ecff3e3ce082c4bc81f7eee7d9e59e34e633716f1c355c45787220087b7,cartman_robotarm_lab_noocc_1,00001251,corrected,plush toy,pale round face; outlined white eyes; blue-yellow cap; red top; brown lower body,character name; glasses; scarf; fabric,,近邻只辅助转向，背视时不补脸部。,初始化索引 1250：红框为圆脸布偶，不是持物者或机械臂；黑眼线不等于眼镜，未见独立围巾。,,,GPT-6 Astra Pro,2026-10-02,conflicting,True,gb,initial,plush toy,pale round face; outlined white eyes; blue-yellow cap; red top; brown lower body,character name; glasses; scarf; fabric,
vot,759,60f1e75b6a31f403487724f50b904fd23d7b7980d89deb2406de40eb0340ceb6,cartman_robotarm_lab_noocc_1,00001301,corrected,plush toy,pale round face; outlined white eyes; blue-yellow cap; red top; brown lower body,character name; glasses; scarf; fabric,,近邻只辅助转向，背视时不补脸部。,初始化索引 1300：红框为圆脸布偶，不是持物者或机械臂；黑眼线不等于眼镜，未见独立围巾。,,,GPT-6 Astra Pro,2026-10-02,conflicting,True,gb,initial,plush toy,pale round face; outlined white eyes; blue-yellow cap; red top; brown lower body,character name; glasses; scarf; fabric,
vot,760,609465a3b626762a9f9fccf16e78a0b87df9872412b72ede94f833880a9b41dd,cartman_robotarm_lab_noocc_1,00001351,corrected,plush toy,pale round face; outlined white eyes; blue-yellow cap; red top; brown lower body,character name; glasses; scarf; fabric,,近邻只辅助转向，背视时不补脸部。,初始化索引 1350：红框为圆脸布偶，不是持物者或机械臂；黑眼线不等于眼镜，未见独立围巾。,,,GPT-6 Astra Pro,2026-10-02,conflicting,True,gb,initial,plush toy,pale round face; outlined white eyes; blue-yellow cap; red top; brown lower body,character name; glasses; scarf; fabric,
vot,761,f0af06c558636b5d197e497c31906787a0f075d70ee63bc7dc3c42be5fd5ab67,cartman_robotarm_lab_noocc_1,00001401,corrected,plush toy,pale round face; outlined white eyes; blue-yellow cap; red top; brown lower body,character name; glasses; scarf; fabric,,近邻只辅助转向，背视时不补脸部。,初始化索引 1400：红框为圆脸布偶，不是持物者或机械臂；黑眼线不等于眼镜，未见独立围巾。,,,GPT-6 Astra Pro,2026-10-02,conflicting,True,gb,initial,plush toy,pale round face; outlined white eyes; blue-yellow cap; red top; brown lower body,character name; glasses; scarf; fabric,
vot,762,a976e6c4152021af01c0ab96489b884e6dedaca936a9fa87c6d299778aa6ffc4,cartman_robotarm_lab_noocc_1,00001451,corrected,plush toy,pale round face; outlined white eyes; blue-yellow cap; red top; brown lower body,character name; glasses; scarf; fabric,,近邻只辅助转向，背视时不补脸部。,初始化索引 1450：红框为圆脸布偶，不是持物者或机械臂；黑眼线不等于眼镜，未见独立围巾。,,,GPT-6 Astra Pro,2026-10-02,conflicting,True,gb,initial,plush toy,pale round face; outlined white eyes; blue-yellow cap; red top; brown lower body,character name; glasses; scarf; fabric,
vot,763,9ae972a6f4edd782abae28363aa000845c4894f9b2133b9d23a04c17a6a79e06,cartman_robotarm_lab_noocc_1,00001501,corrected,plush toy,pale round face; outlined white eyes; blue-yellow cap; red top; brown lower body,character name; glasses; scarf; fabric,,近邻只辅助转向，背视时不补脸部。,初始化索引 1500：红框为圆脸布偶，不是持物者或机械臂；黑眼线不等于眼镜，未见独立围巾。,,,GPT-6 Astra Pro,2026-10-02,conflicting,True,gb,initial,plush toy,pale round face; outlined white eyes; blue-yellow cap; red top; brown lower body,character name; glasses; scarf; fabric,
vot,764,33e46f06317a32b8341e8b0fdc99bc46eaff33ea76a2604d9aa62b6c3105622f,cartman_robotarm_lab_noocc_1,00001551,corrected,plush toy,pale round face; outlined white eyes; blue-yellow cap; red top; brown lower body,character name; glasses; scarf; fabric,,近邻只辅助转向，背视时不补脸部。,初始化索引 1550：红框为圆脸布偶，不是持物者或机械臂；黑眼线不等于眼镜，未见独立围巾。,,,GPT-6 Astra Pro,2026-10-02,conflicting,True,gb,initial,plush toy,pale round face; outlined white eyes; blue-yellow cap; red top; brown lower body,character name; glasses; scarf; fabric,
vot,765,e4f25efa2fc8f283fc446c979c2460f59d5717a91cd47615da562af8b2cf5c53,cartman_robotarm_lab_noocc_1,00001601,corrected,plush toy,pale round face; outlined white eyes; blue-yellow cap; red top; brown lower body,character name; glasses; scarf; fabric,,近邻只辅助转向，背视时不补脸部。,初始化索引 1600：红框为圆脸布偶，不是持物者或机械臂；黑眼线不等于眼镜，未见独立围巾。,,,GPT-6 Astra Pro,2026-10-02,conflicting,True,gb,initial,plush toy,pale round face; outlined white eyes; blue-yellow cap; red top; brown lower body,character name; glasses; scarf; fabric,
vot,766,ac66f24c89bf7cab3a80e027876bceecdcf703aa327c8060773da703f70a05c7,cartman_robotarm_lab_noocc_1,00001651,corrected,plush toy,pale round face; outlined white eyes; blue-yellow cap; red top; brown lower body,character name; glasses; scarf; fabric,,近邻只辅助转向，背视时不补脸部。,初始化索引 1650：红框为圆脸布偶，不是持物者或机械臂；黑眼线不等于眼镜，未见独立围巾。,,,GPT-6 Astra Pro,2026-10-02,conflicting,True,gb,initial,plush toy,pale round face; outlined white eyes; blue-yellow cap; red top; brown lower body,character name; glasses; scarf; fabric,
vot,767,6f0f685d36c7cb56f2811a845422b16404a155be8b4973ada88bc4a4b19f74d1,cartman_robotarm_lab_noocc_1,00001701,corrected,plush toy,pale round face; outlined white eyes; blue-yellow cap; red top; brown lower body,character name; glasses; scarf; fabric,,近邻只辅助转向，背视时不补脸部。,初始化索引 1700：红框为圆脸布偶，不是持物者或机械臂；黑眼线不等于眼镜，未见独立围巾。,,,GPT-6 Astra Pro,2026-10-02,conflicting,True,gb,initial,plush toy,pale round face; outlined white eyes; blue-yellow cap; red top; brown lower body,character name; glasses; scarf; fabric,
vot,768,790c03e0471108f512470f4fa30fea5cb6e7a0d4dbddf58ab9a30e46d70e41d7,cartman_robotarm_lab_noocc_1,00001751,corrected,plush toy,pale round face; outlined white eyes; blue-yellow cap; red top; brown lower body,character name; glasses; scarf; fabric,,近邻只辅助转向，背视时不补脸部。,初始化索引 1750：红框为圆脸布偶，不是持物者或机械臂；黑眼线不等于眼镜，未见独立围巾。,,,GPT-6 Astra Pro,2026-10-02,conflicting,True,gb,initial,plush toy,pale round face; outlined white eyes; blue-yellow cap; red top; brown lower body,character name; glasses; scarf; fabric,
vot,769,0c6792d05e45c781d09ce4fafc77a66a86026fd4a0010075515f31b31fcdebda,cartman_robotarm_lab_noocc_1,00001801,corrected,plush toy,pale round face; outlined white eyes; blue-yellow cap; red top; brown lower body,character name; glasses; scarf; fabric,,近邻只辅助转向，背视时不补脸部。,初始化索引 1800：红框为圆脸布偶，不是持物者或机械臂；黑眼线不等于眼镜，未见独立围巾。,,,GPT-6 Astra Pro,2026-10-02,conflicting,True,gb,initial,plush toy,pale round face; outlined white eyes; blue-yellow cap; red top; brown lower body,character name; glasses; scarf; fabric,
vot,770,739e40607158625e952103d01864e7fdebbc9b9932d24832e0c9a72dc7c8cd4a,cartman_robotarm_lab_noocc_1,00001851,corrected,plush toy,pale round face; outlined white eyes; blue-yellow cap; red top; brown lower body,character name; glasses; scarf; fabric,,近邻只辅助转向，背视时不补脸部。,初始化索引 1850：红框为圆脸布偶，不是持物者或机械臂；黑眼线不等于眼镜，未见独立围巾。,,,GPT-6 Astra Pro,2026-10-02,conflicting,True,gb,initial,plush toy,pale round face; outlined white eyes; blue-yellow cap; red top; brown lower body,character name; glasses; scarf; fabric,
vot,771,8f203752aeae3e086885d9f4a0c24caaab4a8e34216b676a0191ba68126d0f4b,cartman_robotarm_lab_noocc_1,00001901,corrected,plush toy,pale round face; outlined white eyes; blue-yellow cap; red top; brown lower body,character name; glasses; scarf; fabric,,近邻只辅助转向，背视时不补脸部。,初始化索引 1900：红框为圆脸布偶，不是持物者或机械臂；黑眼线不等于眼镜，未见独立围巾。,,,GPT-6 Astra Pro,2026-10-02,conflicting,True,gb,initial,plush toy,pale round face; outlined white eyes; blue-yellow cap; red top; brown lower body,character name; glasses; scarf; fabric,
vot,772,1ea383ac60b784994b4f0ff1d8ab80cf8342ca5e8cfbc69f38376dc90a2dd439,cartman_robotarm_lab_noocc_1,00001951,corrected,plush toy,pale round face; outlined white eyes; blue-yellow cap; red top; brown lower body,character name; glasses; scarf; fabric,,近邻只辅助转向，背视时不补脸部。,初始化索引 1950：红框为圆脸布偶，不是持物者或机械臂；黑眼线不等于眼镜，未见独立围巾。,,,GPT-6 Astra Pro,2026-10-02,conflicting,True,gb,initial,plush toy,pale round face; outlined white eyes; blue-yellow cap; red top; brown lower body,character name; glasses; scarf; fabric,
vot,773,81646a74eec71a690f43f8db216647cd8d0be789324dde75a7938a4242837e99,cartman_robotarm_lab_noocc_1,00002001,corrected,plush toy,pale round face; outlined white eyes; blue-yellow cap; red top; brown lower body,character name; glasses; scarf; fabric,,近邻只辅助转向，背视时不补脸部。,初始化索引 2000：红框为圆脸布偶，不是持物者或机械臂；黑眼线不等于眼镜，未见独立围巾。,,,GPT-6 Astra Pro,2026-10-02,conflicting,True,gb,initial,plush toy,pale round face; outlined white eyes; blue-yellow cap; red top; brown lower body,character name; glasses; scarf; fabric,
vot,774,24bf0888becffdc2ea20a9cb9c1b5a583c7089cb20f7d634a858af83032efff0,cartman_robotarm_lab_noocc_1,00002053,corrected,plush toy,pale round face; outlined white eyes; blue-yellow cap; red top; brown lower body,character name; glasses; scarf; fabric,,近邻只辅助转向，背视时不补脸部。,初始化索引 2052：红框为圆脸布偶，不是持物者或机械臂；黑眼线不等于眼镜，未见独立围巾。,,,GPT-6 Astra Pro,2026-10-02,conflicting,True,gb,initial,plush toy,pale round face; outlined white eyes; blue-yellow cap; red top; brown lower body,character name; glasses; scarf; fabric,
vot,775,92a366405fca128690048d6053627d11ab9b04d9e55fca7a81447ebc79ed903d,case_1,00000001,supported,case,dark rounded oblong body; curved lid; edge seam,contents; material; electronics,,近邻支持眼镜盒式外形，但保留粗类case。,初始化索引 0：红框为长椭圆壳状盒，无触屏、遥控按钮或鞋形依据。,,,GPT-6 Astra Pro,2026-10-02,conflicting,True,gb,initial,case,dark rounded oblong body; curved lid; edge seam,contents; material; electronics,
vot,776,209a9552d3ca23681048f481ba47492a9dfc8a24fab4d5c67477e405b3cff6ab,case_1,00000051,corrected,case,dark rounded oblong body; curved lid; edge seam,contents; material; electronics,,近邻支持眼镜盒式外形，但保留粗类case。,初始化索引 50：红框为长椭圆壳状盒，无触屏、遥控按钮或鞋形依据。,,,GPT-6 Astra Pro,2026-10-02,conflicting,True,gb,initial,case,dark rounded oblong body; curved lid; edge seam,contents; material; electronics,
vot,777,a3437cac063edf37d771b2d087102f05273ea39db2590f4b7b22dcee74eed24b,case_1,00000101,corrected,case,dark rounded oblong body; curved lid; edge seam,contents; material; electronics,,近邻支持眼镜盒式外形，但保留粗类case。,初始化索引 100：红框为长椭圆壳状盒，无触屏、遥控按钮或鞋形依据。,,,GPT-6 Astra Pro,2026-10-02,conflicting,True,gb,initial,case,dark rounded oblong body; curved lid; edge seam,contents; material; electronics,
vot,778,80121b22c113a76e2e23457e78ac0abee418b12566fe5f68b5cd58d3b9e21e8f,case_1,00000151,corrected,case,dark rounded oblong body; curved lid; edge seam,contents; material; electronics,,近邻支持眼镜盒式外形，但保留粗类case。,初始化索引 150：红框为长椭圆壳状盒，无触屏、遥控按钮或鞋形依据。,,,GPT-6 Astra Pro,2026-10-02,conflicting,True,gb,initial,case,dark rounded oblong body; curved lid; edge seam,contents; material; electronics,
vot,779,7aa100e199127469276a5a653f02197fa764d8571fa7f178717cdc807da5ff85,case_1,00000201,corrected,case,dark rounded oblong body; curved lid; edge seam,contents; material; electronics,,近邻支持眼镜盒式外形，但保留粗类case。,初始化索引 200：红框为长椭圆壳状盒，无触屏、遥控按钮或鞋形依据。,,,GPT-6 Astra Pro,2026-10-02,conflicting,True,gb,initial,case,dark rounded oblong body; curved lid; edge seam,contents; material; electronics,
vot,780,5a6a4bda698fba3c7e01835d28b71dd19d95e2121bbffaf41998d50b24d4e3af,case_1,00000251,corrected,case,dark rounded oblong body; curved lid; edge seam,contents; material; electronics,,近邻支持眼镜盒式外形，但保留粗类case。,初始化索引 250：红框为长椭圆壳状盒，无触屏、遥控按钮或鞋形依据。,,,GPT-6 Astra Pro,2026-10-02,conflicting,True,gb,initial,case,dark rounded oblong body; curved lid; edge seam,contents; material; electronics,
vot,781,2252ed41a4f6aeabcbfab9156738fd408fbb48b80da808443761a4a5c9d20ebe,case_1,00000301,corrected,case,dark rounded oblong body; curved lid; edge seam,contents; material; electronics,,近邻支持眼镜盒式外形，但保留粗类case。,初始化索引 300：红框为长椭圆壳状盒，无触屏、遥控按钮或鞋形依据。,,,GPT-6 Astra Pro,2026-10-02,conflicting,True,gb,initial,case,dark rounded oblong body; curved lid; edge seam,contents; material; electronics,
vot,782,942036c135bae0df157f6c16078bf84f0261a4e580646835f845f1610bce3d1a,case_1,00000350,corrected,case,dark rounded oblong body; curved lid; edge seam,contents; material; electronics,,近邻支持眼镜盒式外形，但保留粗类case。,初始化索引 349：红框为长椭圆壳状盒，无触屏、遥控按钮或鞋形依据。,,,GPT-6 Astra Pro,2026-10-02,conflicting,True,gb,initial,case,dark rounded oblong body; curved lid; edge seam,contents; material; electronics,
vot,783,5f0a0eccce48791422324aef7f1ed437dd454b67ee3413389458119ba490c1dc,cat01_indoor_1,00000001,corrected,cat,black upper fur; white muzzle and chest; pointed ears,eye color; breed; age,,桌面/键盘附近转身走动只作上下文，姿态不作稳定属性。,初始化索引 0：红框为黑白猫，非鼠标、耳机或扬声器，不确认眼色/品种。,,,GPT-6 Astra Pro,2026-10-02,conflicting,True,gb,initial,cat,black upper fur; white muzzle and chest; pointed ears,eye color; breed; age,
vot,784,2b5b101333b5a7c74356f5ff6aeb0d0b9be43c29d94ccdff32fce831b93d2916,cat01_indoor_1,00000051,corrected,cat,black upper fur; white muzzle and chest; pointed ears,eye color; breed; age,,桌面/键盘附近转身走动只作上下文，姿态不作稳定属性。,初始化索引 50：红框为黑白猫，非鼠标、耳机或扬声器，不确认眼色/品种。,,,GPT-6 Astra Pro,2026-10-02,conflicting,True,gb,initial,cat,black upper fur; white muzzle and chest; pointed ears,eye color; breed; age,
vot,785,0a84f325aa9fd3f3b4c5686afff377ddefa6c72ad15ddf2891a3d1f7a2ddd2d0,cat01_indoor_1,00000101,corrected,cat,dark fur silhouette; pale face or chest patch,eye color; breed; age,,桌面/键盘附近转身走动只作上下文，姿态不作稳定属性。,初始化索引 100：本帧模糊或裁切，保留猫体和浅斑，不读取眼色。,,,GPT-6 Astra Pro,2026-10-02,conflicting,True,gb,initial,cat,dark fur silhouette; pale face or chest patch,eye color; breed; age,
vot,786,70b05e0622ab534ba539ca56544ebd6b73bd85c2c20540c38027bf62840aa018,cat01_indoor_1,00000151,corrected,cat,black upper fur; white muzzle and chest; pointed ears,eye color; breed; age,,桌面/键盘附近转身走动只作上下文，姿态不作稳定属性。,初始化索引 150：红框为黑白猫，非鼠标、耳机或扬声器，不确认眼色/品种。,,,GPT-6 Astra Pro,2026-10-02,conflicting,True,gb,initial,cat,black upper fur; white muzzle and chest; pointed ears,eye color; breed; age,
vot,787,cad0eaf0ae9fbe170c71d5a966f6eda600e279f07a544350ec5bb7ea94ed6b34,cat01_indoor_1,00000201,supported,cat,black upper fur; white muzzle and chest; pointed ears,eye color; breed; age,,桌面/键盘附近转身走动只作上下文，姿态不作稳定属性。,初始化索引 200：红框为黑白猫，非鼠标、耳机或扬声器，不确认眼色/品种。,,,GPT-6 Astra Pro,2026-10-02,conflicting,True,gb,initial,cat,black upper fur; white muzzle and chest; pointed ears,eye color; breed; age,
vot,788,6e3b8a44eeb2dd6b550e381746b892ba7c43395131a14d3f88c92c133c6492d5,cat01_indoor_1,00000251,supported,cat,black upper fur; white muzzle and chest; pointed ears,eye color; breed; age,,桌面/键盘附近转身走动只作上下文，姿态不作稳定属性。,初始化索引 250：红框为黑白猫，非鼠标、耳机或扬声器，不确认眼色/品种。,,,GPT-6 Astra Pro,2026-10-02,conflicting,True,gb,initial,cat,black upper fur; white muzzle and chest; pointed ears,eye color; breed; age,
vot,789,7b3e7a5bc16e400cae4666d37450c97b950a65041650037ae07ba40bf9d0f5dd,cat01_indoor_1,00000301,corrected,cat,dark fur silhouette; pale face or chest patch,eye color; breed; age,,桌面/键盘附近转身走动只作上下文，姿态不作稳定属性。,初始化索引 300：本帧模糊或裁切，保留猫体和浅斑，不读取眼色。,,,GPT-6 Astra Pro,2026-10-02,conflicting,True,gb,initial,cat,dark fur silhouette; pale face or chest patch,eye color; breed; age,
vot,790,17098644415c1bacb2ad739d9dabc21c4a1e386005d772a5a7a33a1bf162f089,cat01_indoor_1,00000351,corrected,cat,dark fur silhouette; pale face or chest patch,eye color; breed; age,,桌面/键盘附近转身走动只作上下文，姿态不作稳定属性。,初始化索引 350：本帧模糊或裁切，保留猫体和浅斑，不读取眼色。,,,GPT-6 Astra Pro,2026-10-02,conflicting,True,gb,initial,cat,dark fur silhouette; pale face or chest patch,eye color; breed; age,
vot,791,a8236b02c0cbfd1d07a599dcac136264b759982f0c276495164806e2ad28173f,cat01_indoor_1,00000401,corrected,cat,black upper fur; white muzzle and chest; pointed ears,eye color; breed; age,,桌面/键盘附近转身走动只作上下文，姿态不作稳定属性。,初始化索引 400：猫位于桌面/键盘附近，非地板，删除floor场景断言。,,,GPT-6 Astra Pro,2026-10-02,conflicting,True,gb,initial,cat,black upper fur; white muzzle and chest; pointed ears,eye color; breed; age,
vot,792,704803e08a1056060b9a50fa006e7eb28be8a50fb81d31836700d189a69fa75f,cat01_indoor_1,00000451,corrected,cat,black upper fur; white muzzle and chest; pointed ears,eye color; breed; age,,桌面/键盘附近转身走动只作上下文，姿态不作稳定属性。,初始化索引 450：红框为黑白猫，非鼠标、耳机或扬声器，不确认眼色/品种。,,,GPT-6 Astra Pro,2026-10-02,conflicting,True,gb,initial,cat,black upper fur; white muzzle and chest; pointed ears,eye color; breed; age,
vot,793,89343565647b5b8de0508d8e01f2bb92063f53388a79f82af3448d1a1ecdc947,cat01_indoor_1,00000501,supported,cat,black upper fur; white muzzle and chest; pointed ears,eye color; breed; age,,桌面/键盘附近转身走动只作上下文，姿态不作稳定属性。,初始化索引 500：红框为黑白猫，非鼠标、耳机或扬声器，不确认眼色/品种。,,,GPT-6 Astra Pro,2026-10-02,conflicting,True,gb,initial,cat,black upper fur; white muzzle and chest; pointed ears,eye color; breed; age,
vot,794,701c7365b4f84c562315fcc4f8a3d61d40636f7bd6cc123e4b91d79da98ecf23,cat01_indoor_1,00000551,corrected,cat,black upper fur; white muzzle and chest; pointed ears,eye color; breed; age,,桌面/键盘附近转身走动只作上下文，姿态不作稳定属性。,初始化索引 550：红框为黑白猫，非鼠标、耳机或扬声器，不确认眼色/品种。,,,GPT-6 Astra Pro,2026-10-02,conflicting,True,gb,initial,cat,black upper fur; white muzzle and chest; pointed ears,eye color; breed; age,
vot,795,28e87c37a0738dc5d523bfce2e86e456aa0648eedf2346499f5dbb0b01ce2424,cat01_indoor_1,00000601,corrected,cat,dark fur silhouette; pale face or chest patch,eye color; breed; age,,桌面/键盘附近转身走动只作上下文，姿态不作稳定属性。,初始化索引 600：本帧模糊或裁切，保留猫体和浅斑，不读取眼色。,,,GPT-6 Astra Pro,2026-10-02,conflicting,True,gb,initial,cat,dark fur silhouette; pale face or chest patch,eye color; breed; age,
vot,796,2d6692315d2685bf83fd1ea7346cd2ebe7a4a9bc359a9a88549b61c2e7cd0277,cat01_indoor_1,00000651,corrected,cat,dark fur silhouette; pale face or chest patch,eye color; breed; age,,桌面/键盘附近转身走动只作上下文，姿态不作稳定属性。,初始化索引 650：本帧模糊或裁切，保留猫体和浅斑，不读取眼色。,,,GPT-6 Astra Pro,2026-10-02,conflicting,True,gb,initial,cat,dark fur silhouette; pale face or chest patch,eye color; breed; age,
vot,797,99939cd27521a5c6bc59558ba05f914c622e8a35122beb9fbc794fde2ba681bc,cat01_indoor_1,00000701,supported,cat,black upper fur; white muzzle and chest; pointed ears,eye color; breed; age,,桌面/键盘附近转身走动只作上下文，姿态不作稳定属性。,初始化索引 700：红框为黑白猫，非鼠标、耳机或扬声器，不确认眼色/品种。,,,GPT-6 Astra Pro,2026-10-02,conflicting,True,gb,initial,cat,black upper fur; white muzzle and chest; pointed ears,eye color; breed; age,
vot,798,96f84231c2ae3d42f71465d00e85cb14fc53e5b956b4c0a2c4f35190c07cebb2,cat01_indoor_1,00000751,supported,cat,black upper fur; white muzzle and chest; pointed ears,eye color; breed; age,,桌面/键盘附近转身走动只作上下文，姿态不作稳定属性。,初始化索引 750：红框为黑白猫，非鼠标、耳机或扬声器，不确认眼色/品种。,,,GPT-6 Astra Pro,2026-10-02,conflicting,True,gb,initial,cat,black upper fur; white muzzle and chest; pointed ears,eye color; breed; age,
vot,799,a6a2ca7f848408dd02bb543ef358a0694a6390dac395fbd024041c5e2280ddcf,cat01_indoor_1,00000801,corrected,cat,black upper fur; white muzzle and chest; pointed ears,eye color; breed; age,,桌面/键盘附近转身走动只作上下文，姿态不作稳定属性。,初始化索引 800：红框为黑白猫，非鼠标、耳机或扬声器，不确认眼色/品种。,,,GPT-6 Astra Pro,2026-10-02,conflicting,True,gb,initial,cat,black upper fur; white muzzle and chest; pointed ears,eye color; breed; age,
vot,800,ba8302521171c023d49db5fb75570283b114e10a6047de0248efa91a31f12e07,cat01_indoor_1,00000851,corrected,cat,dark fur silhouette; pale face or chest patch,eye color; breed; age,,桌面/键盘附近转身走动只作上下文，姿态不作稳定属性。,初始化索引 850：本帧模糊或裁切，保留猫体和浅斑，不读取眼色。,,,GPT-6 Astra Pro,2026-10-02,conflicting,True,gb,initial,cat,dark fur silhouette; pale face or chest patch,eye color; breed; age,
vot,801,a8341380672306ccd3c290d0272724c717efa5c40deef05811cbde064391b39b,cat01_indoor_1,00000901,corrected,cat,dark fur silhouette; pale face or chest patch,eye color; breed; age,,桌面/键盘附近转身走动只作上下文，姿态不作稳定属性。,初始化索引 900：本帧模糊或裁切，保留猫体和浅斑，不读取眼色。,,,GPT-6 Astra Pro,2026-10-02,conflicting,True,gb,initial,cat,dark fur silhouette; pale face or chest patch,eye color; breed; age,
vot,802,a3b64cdb35e176651303d73f929effc64db62a05ed4a119ca80630fa76b8d10f,cat01_indoor_1,00000951,corrected,cat,black upper fur; white muzzle and chest; pointed ears,eye color; breed; age,,桌面/键盘附近转身走动只作上下文，姿态不作稳定属性。,初始化索引 950：红框为黑白猫，非鼠标、耳机或扬声器，不确认眼色/品种。,,,GPT-6 Astra Pro,2026-10-02,conflicting,True,gb,initial,cat,black upper fur; white muzzle and chest; pointed ears,eye color; breed; age,
vot,803,d23972d8b908a94dbe90a93c7fc5f97d68f80124009fa440b9ec2f8ca8a3d9da,cat01_indoor_1,00001001,supported,cat,black upper fur; white muzzle and chest; pointed ears,eye color; breed; age,,桌面/键盘附近转身走动只作上下文，姿态不作稳定属性。,初始化索引 1000：红框为黑白猫，非鼠标、耳机或扬声器，不确认眼色/品种。,,,GPT-6 Astra Pro,2026-10-02,conflicting,True,gb,initial,cat,black upper fur; white muzzle and chest; pointed ears,eye color; breed; age,
vot,804,0ae6a49dba9e82e511f3bdf23faaf210d75ed4a9d4f8eda09ec672eeb4eaafe1,cat01_indoor_1,00001051,corrected,cat,black upper fur; white muzzle and chest; pointed ears,eye color; breed; age,,桌面/键盘附近转身走动只作上下文，姿态不作稳定属性。,初始化索引 1050：猫位于桌面/键盘附近，非地板，删除floor场景断言。,,,GPT-6 Astra Pro,2026-10-02,conflicting,True,gb,initial,cat,black upper fur; white muzzle and chest; pointed ears,eye color; breed; age,
vot,805,c70774a909b65a0ac710d50f3ee624cbde4b3822242bc422846e54001b49f09c,cat01_indoor_1,00001101,corrected,cat,black upper fur; white muzzle and chest; pointed ears,eye color; breed; age,,桌面/键盘附近转身走动只作上下文，姿态不作稳定属性。,初始化索引 1100：红框为黑白猫，非鼠标、耳机或扬声器，不确认眼色/品种。,,,GPT-6 Astra Pro,2026-10-02,conflicting,True,gb,initial,cat,black upper fur; white muzzle and chest; pointed ears,eye color; breed; age,
vot,806,1e1b5a12205c0bc5fc53a95b228a2ca43e51fa934e7310d281817e0a97c89df2,cat01_indoor_1,00001151,supported,cat,black upper fur; white muzzle and chest; pointed ears,eye color; breed; age,,桌面/键盘附近转身走动只作上下文，姿态不作稳定属性。,初始化索引 1150：红框为黑白猫，非鼠标、耳机或扬声器，不确认眼色/品种。,,,GPT-6 Astra Pro,2026-10-02,conflicting,True,gb,initial,cat,black upper fur; white muzzle and chest; pointed ears,eye color; breed; age,
vot,807,9003ea46c000f94b5a6418c596f8003384dee96f7cfc48fd3ef3224c026dc455,cat01_indoor_1,00001218,supported,cat,black upper fur; white muzzle and chest; pointed ears,eye color; breed; age,,桌面/键盘附近转身走动只作上下文，姿态不作稳定属性。,初始化索引 1217：红框为黑白猫，非鼠标、耳机或扬声器，不确认眼色/品种。,,,GPT-6 Astra Pro,2026-10-02,conflicting,True,gb,initial,cat,black upper fur; white muzzle and chest; pointed ears,eye color; breed; age,
vot,808,2b82f5b4beb9984dd552c50fdf3913031140189aeb155c85db0abecb353559d2,cat01_indoor_1,00001251,corrected,cat,black upper fur; white muzzle and chest; pointed ears,eye color; breed; age,,桌面/键盘附近转身走动只作上下文，姿态不作稳定属性。,初始化索引 1250：猫位于桌面/键盘附近，非地板，删除floor场景断言。,,,GPT-6 Astra Pro,2026-10-02,conflicting,True,gb,initial,cat,black upper fur; white muzzle and chest; pointed ears,eye color; breed; age,
vot,809,acb85dae7463bac00a25ead1ba73fc816c968beb8d6b55da720dc3464a581efa,cat01_indoor_1,00001301,supported,cat,black upper fur; white muzzle and chest; pointed ears,eye color; breed; age,,桌面/键盘附近转身走动只作上下文，姿态不作稳定属性。,初始化索引 1300：红框为黑白猫，非鼠标、耳机或扬声器，不确认眼色/品种。,,,GPT-6 Astra Pro,2026-10-02,conflicting,True,gb,initial,cat,black upper fur; white muzzle and chest; pointed ears,eye color; breed; age,
vot,810,01f85cd442807c91502c90609ab9672ffda7814973ce2ffa512cd565dc6515c5,cat01_indoor_1,00001351,supported,cat,black upper fur; white muzzle and chest; pointed ears,eye color; breed; age,,桌面/键盘附近转身走动只作上下文，姿态不作稳定属性。,初始化索引 1350：红框为黑白猫，非鼠标、耳机或扬声器，不确认眼色/品种。,,,GPT-6 Astra Pro,2026-10-02,conflicting,True,gb,initial,cat,black upper fur; white muzzle and chest; pointed ears,eye color; breed; age,
vot,811,2d022177486675fca5fdfeee8e2a914d5fd642803995d2e3b3bdb0a44e5ef500,cat01_indoor_1,00001377,supported,cat,black upper fur; white muzzle and chest; pointed ears,eye color; breed; age,,桌面/键盘附近转身走动只作上下文，姿态不作稳定属性。,初始化索引 1376：红框为黑白猫，非鼠标、耳机或扬声器，不确认眼色/品种。,,,GPT-6 Astra Pro,2026-10-02,conflicting,True,gb,initial,cat,black upper fur; white muzzle and chest; pointed ears,eye color; breed; age,
vot,812,c1358ac192e51cf3e88dd825a2bd10d33a75f2e3c317a1acd4be378957c37e31,cat01_indoor_3,00000001,supported,cat,black upper fur; white muzzle and chest; pointed ears,eye color; breed; age,,桌面/键盘附近转身走动只作上下文，姿态不作稳定属性。,初始化索引 0：红框为黑白猫，非鼠标、耳机或扬声器，不确认眼色/品种。,,,GPT-6 Astra Pro,2026-10-02,conflicting,True,gb,initial,cat,black upper fur; white muzzle and chest; pointed ears,eye color; breed; age,
vot,813,74a8444a19cbd4539d8a0f301cbdb39ac5662ceabfba01759aca7158c63b3c4a,cat01_indoor_3,00000051,supported,cat,black upper fur; white muzzle and chest; pointed ears,eye color; breed; age,,桌面/键盘附近转身走动只作上下文，姿态不作稳定属性。,初始化索引 50：红框为黑白猫，非鼠标、耳机或扬声器，不确认眼色/品种。,,,GPT-6 Astra Pro,2026-10-02,conflicting,True,gb,initial,cat,black upper fur; white muzzle and chest; pointed ears,eye color; breed; age,
vot,814,89b4e6f1e36dc1118011234b599a9d1f87bf15c7a8ae12221aaa50505f28429b,cat01_indoor_3,00000101,supported,cat,black upper fur; white muzzle and chest; pointed ears,eye color; breed; age,,桌面/键盘附近转身走动只作上下文，姿态不作稳定属性。,初始化索引 100：红框为黑白猫，非鼠标、耳机或扬声器，不确认眼色/品种。,,,GPT-6 Astra Pro,2026-10-02,conflicting,True,gb,initial,cat,black upper fur; white muzzle and chest; pointed ears,eye color; breed; age,
vot,815,5b1502b031d68d23b0231d0373b2cea207fec2bd851e5dc99a95b07e4b3dba4e,cat01_indoor_3,00000151,supported,cat,black upper fur; white muzzle and chest; pointed ears,eye color; breed; age,,桌面/键盘附近转身走动只作上下文，姿态不作稳定属性。,初始化索引 150：红框为黑白猫，非鼠标、耳机或扬声器，不确认眼色/品种。,,,GPT-6 Astra Pro,2026-10-02,conflicting,True,gb,initial,cat,black upper fur; white muzzle and chest; pointed ears,eye color; breed; age,
vot,816,229ad5f5b5d2a6f9ef1656bde648b6cfb90a0155820a3960ad49f84d81888e83,cat01_indoor_3,00000201,corrected,cat,dark fur silhouette; pale face or chest patch,eye color; breed; age,,桌面/键盘附近转身走动只作上下文，姿态不作稳定属性。,初始化索引 200：本帧模糊或裁切，保留猫体和浅斑，不读取眼色。,,,GPT-6 Astra Pro,2026-10-02,conflicting,True,gb,initial,cat,dark fur silhouette; pale face or chest patch,eye color; breed; age,
vot,817,a766e359e4d1c3aee4a83c455da454f07df5fba8beec0bbf876e6d51c95d725a,cat01_indoor_3,00000251,corrected,cat,dark fur silhouette; pale face or chest patch,eye color; breed; age,,桌面/键盘附近转身走动只作上下文，姿态不作稳定属性。,初始化索引 250：本帧模糊或裁切，保留猫体和浅斑，不读取眼色。,,,GPT-6 Astra Pro,2026-10-02,conflicting,True,gb,initial,cat,dark fur silhouette; pale face or chest patch,eye color; breed; age,
vot,818,f865360ae1d8580594fe1f028d15f64353605c2f485c9015bb60b2c1712e5b9c,cat01_indoor_3,00000301,corrected,cat,dark fur silhouette; pale face or chest patch,eye color; breed; age,,桌面/键盘附近转身走动只作上下文，姿态不作稳定属性。,初始化索引 300：本帧模糊或裁切，保留猫体和浅斑，不读取眼色。,,,GPT-6 Astra Pro,2026-10-02,conflicting,True,gb,initial,cat,dark fur silhouette; pale face or chest patch,eye color; breed; age,
vot,819,83b61e2a308124e8488268a7154eb661781828136a428d68b1f78d3f33f6a9cb,cat01_indoor_3,00000351,corrected,cat,black upper fur; white muzzle and chest; pointed ears,eye color; breed; age,,桌面/键盘附近转身走动只作上下文，姿态不作稳定属性。,初始化索引 350：红框为猫，承托面未能确认为靠垫。,,,GPT-6 Astra Pro,2026-10-02,conflicting,True,gb,initial,cat,black upper fur; white muzzle and chest; pointed ears,eye color; breed; age,
vot,820,d915d4c5590ed9a6084daaaec9d12e2b349852b62ffc1061c140265577eb7905,cat01_indoor_3,00000401,supported,cat,black upper fur; white muzzle and chest; pointed ears,eye color; breed; age,,桌面/键盘附近转身走动只作上下文，姿态不作稳定属性。,初始化索引 400：红框为黑白猫，非鼠标、耳机或扬声器，不确认眼色/品种。,,,GPT-6 Astra Pro,2026-10-02,conflicting,True,gb,initial,cat,black upper fur; white muzzle and chest; pointed ears,eye color; breed; age,
vot,821,75bc61905cf4bc65551e03b26d838f658c281b094ab3f1294abf387f44f43007,cat01_indoor_3,00000451,corrected,cat,dark fur silhouette; pale face or chest patch,eye color; breed; age,,桌面/键盘附近转身走动只作上下文，姿态不作稳定属性。,初始化索引 450：本帧模糊或裁切，保留猫体和浅斑，不读取眼色。,,,GPT-6 Astra Pro,2026-10-02,conflicting,True,gb,initial,cat,dark fur silhouette; pale face or chest patch,eye color; breed; age,
vot,822,eadfe796cbb276270c073c8aabba8b616c83a437838af59cff4c68fb9d5f006a,cat01_indoor_3,00000501,corrected,cat,dark fur silhouette; pale face or chest patch,eye color; breed; age,,桌面/键盘附近转身走动只作上下文，姿态不作稳定属性。,初始化索引 500：本帧模糊或裁切，保留猫体和浅斑，不读取眼色。,,,GPT-6 Astra Pro,2026-10-02,conflicting,True,gb,initial,cat,dark fur silhouette; pale face or chest patch,eye color; breed; age,
vot,823,b1dbbd28af37a53b2d51a7138e40057877bb05b84fcf7dc40fd2d8a2285c3fd2,cat01_indoor_3,00000551,supported,cat,black upper fur; white muzzle and chest; pointed ears,eye color; breed; age,,桌面/键盘附近转身走动只作上下文，姿态不作稳定属性。,初始化索引 550：红框为黑白猫，非鼠标、耳机或扬声器，不确认眼色/品种。,,,GPT-6 Astra Pro,2026-10-02,conflicting,True,gb,initial,cat,black upper fur; white muzzle and chest; pointed ears,eye color; breed; age,
vot,824,19a9de0c4d95e5400a545de0cbc56a70310f258dc855e2021a94c16cf66339a4,cat01_indoor_3,00000601,supported,cat,black upper fur; white muzzle and chest; pointed ears,eye color; breed; age,,桌面/键盘附近转身走动只作上下文，姿态不作稳定属性。,初始化索引 600：红框为黑白猫，非鼠标、耳机或扬声器，不确认眼色/品种。,,,GPT-6 Astra Pro,2026-10-02,conflicting,True,gb,initial,cat,black upper fur; white muzzle and chest; pointed ears,eye color; breed; age,
vot,825,45ea16eafbdbcfba3048724e4edb250811e59cb4b391f4c871b957647c94df35,cat01_indoor_3,00000651,corrected,cat,black upper fur; white muzzle and chest; pointed ears,eye color; breed; age,,桌面/键盘附近转身走动只作上下文，姿态不作稳定属性。,初始化索引 650：红框为黑白猫，非鼠标、耳机或扬声器，不确认眼色/品种。,,,GPT-6 Astra Pro,2026-10-02,conflicting,True,gb,initial,cat,black upper fur; white muzzle and chest; pointed ears,eye color; breed; age,
vot,826,233574965fd2e33003164bc7416709750fe964cec0502e51e96a1ff6b9f01d48,cat01_indoor_3,00000701,corrected,cat,dark fur silhouette; pale face or chest patch,eye color; breed; age,,桌面/键盘附近转身走动只作上下文，姿态不作稳定属性。,初始化索引 700：本帧模糊或裁切，保留猫体和浅斑，不读取眼色。,,,GPT-6 Astra Pro,2026-10-02,conflicting,True,gb,initial,cat,dark fur silhouette; pale face or chest patch,eye color; breed; age,
vot,827,b4dd3817c81c6a0eaa1ce2cbc0f96f1e0b14a87308df631e4f5ce7f7c507551d,cat01_indoor_3,00000751,corrected,cat,black upper fur; white muzzle and chest; pointed ears,eye color; breed; age,,桌面/键盘附近转身走动只作上下文，姿态不作稳定属性。,初始化索引 750：猫在键盘后方附近，接近不等于坐在键盘上。,,,GPT-6 Astra Pro,2026-10-02,conflicting,True,gb,initial,cat,black upper fur; white muzzle and chest; pointed ears,eye color; breed; age,
vot,828,4a4230bb3e67c1dd23d1caf4aac5fb58f0c86d860bda49d0945417921972874a,cat01_indoor_3,00000801,corrected,cat,black upper fur; white muzzle and chest; pointed ears,eye color; breed; age,,桌面/键盘附近转身走动只作上下文，姿态不作稳定属性。,初始化索引 800：红框为黑白猫，非鼠标、耳机或扬声器，不确认眼色/品种。,,,GPT-6 Astra Pro,2026-10-02,conflicting,True,gb,initial,cat,black upper fur; white muzzle and chest; pointed ears,eye color; breed; age,
vot,829,a9a4e30daa3b9831abd48d7db76ac5a85d247cc34fae8bbdcaea4ab1a36f44c9,cat01_indoor_3,00000851,supported,cat,black upper fur; white muzzle and chest; pointed ears,eye color; breed; age,,桌面/键盘附近转身走动只作上下文，姿态不作稳定属性。,初始化索引 850：红框为黑白猫，非鼠标、耳机或扬声器，不确认眼色/品种。,,,GPT-6 Astra Pro,2026-10-02,conflicting,True,gb,initial,cat,black upper fur; white muzzle and chest; pointed ears,eye color; breed; age,
vot,830,fddca4b45dcfc05f00b6e6ca254ea412fa98c18da21b67258020a3c98100f3f3,cat01_indoor_3,00000901,corrected,cat,dark fur silhouette; pale face or chest patch,eye color; breed; age,,桌面/键盘附近转身走动只作上下文，姿态不作稳定属性。,初始化索引 900：本帧模糊或裁切，保留猫体和浅斑，不读取眼色。,,,GPT-6 Astra Pro,2026-10-02,conflicting,True,gb,initial,cat,dark fur silhouette; pale face or chest patch,eye color; breed; age,
vot,831,cbf96b013b55878fc91b2e4f658ce55e40add5295159b6f5823fe2ce559810d5,cat01_indoor_3,00000951,supported,cat,black upper fur; white muzzle and chest; pointed ears,eye color; breed; age,,桌面/键盘附近转身走动只作上下文，姿态不作稳定属性。,初始化索引 950：红框为黑白猫，非鼠标、耳机或扬声器，不确认眼色/品种。,,,GPT-6 Astra Pro,2026-10-02,conflicting,True,gb,initial,cat,black upper fur; white muzzle and chest; pointed ears,eye color; breed; age,
vot,832,83ee158f79e7306bf436b0d57f0c10b1568ade4fdb5c574672c70e4eef3c11b0,cat01_indoor_3,00001001,supported,cat,black upper fur; white muzzle and chest; pointed ears,eye color; breed; age,,桌面/键盘附近转身走动只作上下文，姿态不作稳定属性。,初始化索引 1000：红框为黑白猫，非鼠标、耳机或扬声器，不确认眼色/品种。,,,GPT-6 Astra Pro,2026-10-02,conflicting,True,gb,initial,cat,black upper fur; white muzzle and chest; pointed ears,eye color; breed; age,
vot,833,41f9991c55c2589e2c279579f9e12f62f5ea0164ac924ab0d8aeb6e84d7ac295,cat01_indoor_3,00001051,supported,cat,black upper fur; white muzzle and chest; pointed ears,eye color; breed; age,,桌面/键盘附近转身走动只作上下文，姿态不作稳定属性。,初始化索引 1050：红框为黑白猫，非鼠标、耳机或扬声器，不确认眼色/品种。,,,GPT-6 Astra Pro,2026-10-02,conflicting,True,gb,initial,cat,black upper fur; white muzzle and chest; pointed ears,eye color; breed; age,
vot,834,53a96b7310b9731348512c1a5f03f4eba02d3be688949b3f31080e5b443eec72,cat01_indoor_3,00001092,supported,cat,black upper fur; white muzzle and chest; pointed ears,eye color; breed; age,,桌面/键盘附近转身走动只作上下文，姿态不作稳定属性。,初始化索引 1091：红框为黑白猫，非鼠标、耳机或扬声器，不确认眼色/品种。,,,GPT-6 Astra Pro,2026-10-02,conflicting,True,gb,initial,cat,black upper fur; white muzzle and chest; pointed ears,eye color; breed; age,
vot,835,9ea14655aa21fe5a116b5e5193246d0b0ed01b141ef79df2c882b461e73e909e,colacan03_indoor_1,00000001,supported,can,red cylinder; white curved lettering; silver-colored rim,contents; alloy; pull tab,,近邻辅助目标罐位置，不跨罐移用细节。,初始化索引 0：红框为悬动红罐，非台面其他罐或猫，不确认内容物。,,,GPT-6 Astra Pro,2026-10-02,conflicting,True,gb,initial,colacan,red cylinder; white curved lettering; silver-colored rim,contents; alloy; pull tab,
vot,836,8d1ad61d164843ffe532f69f99a7802cffe7e8e3205a74a85bb78abe7624e89a,colacan03_indoor_1,00000051,corrected,can,red cylinder; white curved lettering; silver-colored rim,contents; alloy; pull tab,,近邻辅助目标罐位置，不跨罐移用细节。,初始化索引 50：红框为悬动红罐，非台面其他罐或猫，不确认内容物。,,,GPT-6 Astra Pro,2026-10-02,conflicting,True,gb,initial,colacan,red cylinder; white curved lettering; silver-colored rim,contents; alloy; pull tab,
vot,837,4086ec971c64cf2156d1b7c618c9313fc4d97104d883bbd60cf0ad2cc5db86db,colacan03_indoor_1,00000101,supported,can,red cylindrical body; pale printed graphics; silver-colored rim,contents; alloy; pull tab,,近邻辅助目标罐位置，不跨罐移用细节。,初始化索引 100：红框为悬动红罐，非台面其他罐或猫，不确认内容物。,,,GPT-6 Astra Pro,2026-10-02,conflicting,True,gb,initial,colacan,red cylindrical body; pale printed graphics; silver-colored rim,contents; alloy; pull tab,
vot,838,ef6ef58b24e89a5cb4e9280f7ad430adbdeffa08be7b90bb9c3330b091f1665d,colacan03_indoor_1,00000151,corrected,can,red cylindrical body; pale printed graphics; silver-colored rim,contents; alloy; pull tab,,近邻辅助目标罐位置，不跨罐移用细节。,初始化索引 150：红框为悬动红罐，非台面其他罐或猫，不确认内容物。,,,GPT-6 Astra Pro,2026-10-02,conflicting,True,gb,initial,colacan,red cylindrical body; pale printed graphics; silver-colored rim,contents; alloy; pull tab,
vot,839,51d47dca06a057240d8f1f403d4064ae1ebb2de28eb53e624cb3ace592dac4e9,colacan03_indoor_1,00000170,supported,can,red cylinder; white curved lettering; silver-colored rim,contents; alloy; pull tab,,近邻辅助目标罐位置，不跨罐移用细节。,初始化索引 169：红框为悬动红罐，非台面其他罐或猫，不确认内容物。,,,GPT-6 Astra Pro,2026-10-02,conflicting,True,gb,initial,colacan,red cylinder; white curved lettering; silver-colored rim,contents; alloy; pull tab,
vot,840,f4fb3e4e03fe0e12c32e2dc798c3e72c24ef29d285b36ce80f629c1b563a7497,colacan03_indoor_3,00000001,corrected,can,red cylindrical body; pale printed graphics; silver-colored rim,contents; alloy; pull tab,,近邻辅助目标罐位置，不跨罐移用细节。,初始化索引 0：红框为悬动红罐，非台面其他罐或猫，不确认内容物。,,,GPT-6 Astra Pro,2026-10-02,conflicting,True,gb,initial,colacan,red cylindrical body; pale printed graphics; silver-colored rim,contents; alloy; pull tab,
vot,841,f7abc3d3a7dbcf454667bc8953e7fe7baa1b40913ad172e3664ba5e1a2aef3f7,colacan03_indoor_3,00000051,corrected,can,red cylinder; white curved lettering; silver-colored rim,contents; alloy; pull tab,,近邻辅助目标罐位置，不跨罐移用细节。,初始化索引 50：红框为悬动红罐，非台面其他罐或猫，不确认内容物。,,,GPT-6 Astra Pro,2026-10-02,conflicting,True,gb,initial,colacan,red cylinder; white curved lettering; silver-colored rim,contents; alloy; pull tab,
vot,842,bcec5334fc42875480bd58c9619f1b538fa7faa531dc4d330c3eb28684148478,colacan03_indoor_3,00000101,corrected,can,red cylindrical outline; pale side marks,contents; alloy; pull tab,,近邻辅助目标罐位置，不跨罐移用细节。,初始化索引 100：本帧罐小或模糊，不读完整品牌/拉环或材质。,,,GPT-6 Astra Pro,2026-10-02,conflicting,True,gb,initial,colacan,red cylindrical outline; pale side marks,contents; alloy; pull tab,
vot,843,235da22e680581a3ea631cb373c241b9fed4292c6963f4b93e0067a2b89091e4,colacan03_indoor_3,00000151,corrected,can,red cylindrical outline; pale side marks,contents; alloy; pull tab,,近邻辅助目标罐位置，不跨罐移用细节。,初始化索引 150：本帧罐小或模糊，不读完整品牌/拉环或材质。,,,GPT-6 Astra Pro,2026-10-02,conflicting,True,gb,initial,colacan,red cylindrical outline; pale side marks,contents; alloy; pull tab,
vot,844,4fadc92da6c31d2a7267ccaf291ace5a8c79bea9cf8d49018d5ee55c1ea29e89,colacan03_indoor_3,00000201,supported,can,red cylindrical body; pale printed graphics; silver-colored rim,contents; alloy; pull tab,,近邻辅助目标罐位置，不跨罐移用细节。,初始化索引 200：红框为悬动红罐，非台面其他罐或猫，不确认内容物。,,,GPT-6 Astra Pro,2026-10-02,conflicting,True,gb,initial,colacan,red cylindrical body; pale printed graphics; silver-colored rim,contents; alloy; pull tab,
vot,845,3d1dba99244e946bd5453307999cf2f37302e27e4eb7243eb28f35f4a8082e33,colacan03_indoor_3,00000251,corrected,can,red cylindrical outline; pale side marks,contents; alloy; pull tab,,近邻辅助目标罐位置，不跨罐移用细节。,初始化索引 250：本帧罐小或模糊，不读完整品牌/拉环或材质。,,,GPT-6 Astra Pro,2026-10-02,conflicting,True,gb,initial,colacan,red cylindrical outline; pale side marks,contents; alloy; pull tab,
vot,846,4561b07581a1dd1778175cf533878cc21e7925ee9773684a2b6860d3c32f96c2,colacan03_indoor_3,00000301,corrected,can,red cylindrical outline; pale side marks,contents; alloy; pull tab,,近邻辅助目标罐位置，不跨罐移用细节。,初始化索引 300：本帧罐小或模糊，不读完整品牌/拉环或材质。,,,GPT-6 Astra Pro,2026-10-02,conflicting,True,gb,initial,colacan,red cylindrical outline; pale side marks,contents; alloy; pull tab,
vot,847,ece483965e3604e7d7dc1f2054e09815a02fd0052f254c415aa771f4293f437a,colacan03_indoor_3,00000351,corrected,can,red cylindrical outline; pale side marks,contents; alloy; pull tab,,近邻辅助目标罐位置，不跨罐移用细节。,初始化索引 350：本帧罐小或模糊，不读完整品牌/拉环或材质。,,,GPT-6 Astra Pro,2026-10-02,conflicting,True,gb,initial,colacan,red cylindrical outline; pale side marks,contents; alloy; pull tab,
vot,848,2826931fa4eacd66c8247fbff2c50932ddc0ded8cb8af5b4da03e34018ffde41,colacan03_indoor_3,00000401,corrected,can,red cylindrical outline; pale side marks,contents; alloy; pull tab,,近邻辅助目标罐位置，不跨罐移用细节。,初始化索引 400：本帧罐小或模糊，不读完整品牌/拉环或材质。,,,GPT-6 Astra Pro,2026-10-02,conflicting,True,gb,initial,colacan,red cylindrical outline; pale side marks,contents; alloy; pull tab,
vot,849,8ac778540d1739a1c6e9e9fd9b75a2af81137d2faa497992b89ffc0e1dba8694,colacan03_indoor_3,00000427,corrected,can,red cylindrical outline; pale side marks,contents; alloy; pull tab,,近邻辅助目标罐位置，不跨罐移用细节。,初始化索引 426：本帧罐小或模糊，不读完整品牌/拉环或材质。,,,GPT-6 Astra Pro,2026-10-02,conflicting,True,gb,initial,colacan,red cylindrical outline; pale side marks,contents; alloy; pull tab,
vot,850,c06ff89b3be411ad2ed426feb5058d6212ec5a405e7fc037c225f726a92dd5cd,colacan03_indoor_7,00000001,corrected,can,red cylindrical outline; pale side marks,contents; alloy; pull tab,,近邻辅助目标罐位置，不跨罐移用细节。,初始化索引 0：本帧罐小或模糊，不读完整品牌/拉环或材质。,,,GPT-6 Astra Pro,2026-10-02,conflicting,True,gb,initial,colacan,red cylindrical outline; pale side marks,contents; alloy; pull tab,
vot,851,dad127b9c742ff0787b44554e7f41f784106da656e148a084fb9174912fa9877,colacan03_indoor_7,00000051,supported,can,red cylinder; white curved lettering; silver-colored rim,contents; alloy; pull tab,,近邻辅助目标罐位置，不跨罐移用细节。,初始化索引 50：红框为悬动红罐，非台面其他罐或猫，不确认内容物。,,,GPT-6 Astra Pro,2026-10-02,conflicting,True,gb,initial,colacan,red cylinder; white curved lettering; silver-colored rim,contents; alloy; pull tab,
vot,852,fc647176347f52f0384e47c7ffd7a2ab13cf537b8dc2ad7b4e7287576c0581fb,colacan03_indoor_7,00000101,supported,can,red cylindrical outline; pale side marks,contents; alloy; pull tab,,近邻辅助目标罐位置，不跨罐移用细节。,初始化索引 100：本帧罐小或模糊，不读完整品牌/拉环或材质。,,,GPT-6 Astra Pro,2026-10-02,conflicting,True,gb,initial,colacan,red cylindrical outline; pale side marks,contents; alloy; pull tab,
vot,853,7306875dff75ff5e5c8ce7fcb0d1e038fa37872f0c9beaa091c39f51ff1c377d,colacan03_indoor_7,00000151,corrected,can,red cylindrical outline; pale side marks,contents; alloy; pull tab,,近邻辅助目标罐位置，不跨罐移用细节。,初始化索引 150：红框为上方红罐，不是后方猫；本帧罐体有模糊。,,,GPT-6 Astra Pro,2026-10-02,conflicting,True,gb,initial,colacan,red cylindrical outline; pale side marks,contents; alloy; pull tab,
vot,854,c6bdc510893236e3e16e594b7a27d53b9057e7b0638da16243c97db7201145d5,colacan03_indoor_7,00000201,corrected,can,red cylinder; white curved lettering; silver-colored rim,contents; alloy; pull tab,,近邻辅助目标罐位置，不跨罐移用细节。,初始化索引 200：红框为悬动红罐，非台面其他罐或猫，不确认内容物。,,,GPT-6 Astra Pro,2026-10-02,conflicting,True,gb,initial,colacan,red cylinder; white curved lettering; silver-colored rim,contents; alloy; pull tab,
vot,855,7a8c5de207240a3b6f830abd055fc87402705d363a96899a7805865dab76ee6b,colacan03_indoor_7,00000218,corrected,can,red cylinder; white curved lettering; silver-colored rim,contents; alloy; pull tab,,近邻辅助目标罐位置，不跨罐移用细节。,初始化索引 217：红框为悬动红罐，非台面其他罐或猫，不确认内容物。,,,GPT-6 Astra Pro,2026-10-02,conflicting,True,gb,initial,colacan,red cylinder; white curved lettering; silver-colored rim,contents; alloy; pull tab,
vot,856,2bf365e15e49f903d09979c559009c1b0c284ba91693002a4561565b70067665,container_room_noocc_1_1,00000001,supported,container,orange rectangular container; open cavity; raised rim,material; contents; metal handles,,近邻翻转辅助空腔辨认，只在本帧可见时记录。,初始化索引 0：本帧开口内壁可见，材料类型不确定；开口状态不保证永久不变。,,,GPT-6 Astra Pro,2026-10-02,conflicting,True,gb,initial,container,orange rectangular container; open cavity; raised rim,material; contents; metal handles,
vot,857,de44eee780431ab3cd2d6f6f374f4a4856e6e9696acd89e8032d5f387ea0d919,container_room_noocc_1_1,00000051,supported,container,orange rectangular container; open cavity; raised rim,material; contents; metal handles,,近邻翻转辅助空腔辨认，只在本帧可见时记录。,初始化索引 50：本帧开口内壁可见，材料类型不确定；开口状态不保证永久不变。,,,GPT-6 Astra Pro,2026-10-02,conflicting,True,gb,initial,container,orange rectangular container; open cavity; raised rim,material; contents; metal handles,
vot,858,065dd7f913208b00cf77d85a4b784a744f7838dc908d46e21c07344cc58094f2,container_room_noocc_1_1,00000101,corrected,container,orange rectangular container; open cavity; raised rim,material; contents; metal handles,,近邻翻转辅助空腔辨认，只在本帧可见时记录。,初始化索引 100：本帧开口内壁可见，材料类型不确定；开口状态不保证永久不变。,,,GPT-6 Astra Pro,2026-10-02,conflicting,True,gb,initial,container,orange rectangular container; open cavity; raised rim,material; contents; metal handles,
vot,859,017aa36966fd85e8d0e6d7827ed6d67d29a2e883aac55158986c7b60b51ae49e,container_room_noocc_1_1,00000151,supported,container,orange rectangular container; open cavity; raised rim,material; contents; metal handles,,近邻翻转辅助空腔辨认，只在本帧可见时记录。,初始化索引 150：本帧开口内壁可见，材料类型不确定；开口状态不保证永久不变。,,,GPT-6 Astra Pro,2026-10-02,conflicting,True,gb,initial,container,orange rectangular container; open cavity; raised rim,material; contents; metal handles,
vot,860,b6196c85d699775a6569318d85d3537ece257d87ae775ba28edcc6cada4bdefe,container_room_noocc_1_1,00000201,corrected,container,orange broad base or side; raised edges,material; contents; metal handles,,近邻翻转辅助空腔辨认，只在本帧可见时记录。,初始化索引 200：本帧底/侧面朝镜头，不代表盖子已经关闭。,,,GPT-6 Astra Pro,2026-10-02,conflicting,True,gb,initial,container,orange broad base or side; raised edges,material; contents; metal handles,
vot,861,037d65be095348aa8b22fc5d0db45121510765ed6b2ba9884e69945883679fc6,container_room_noocc_1_1,00000251,corrected,container,orange broad base or side; raised edges,material; contents; metal handles,,近邻翻转辅助空腔辨认，只在本帧可见时记录。,初始化索引 250：本帧底/侧面朝镜头，不代表盖子已经关闭。,,,GPT-6 Astra Pro,2026-10-02,conflicting,True,gb,initial,container,orange broad base or side; raised edges,material; contents; metal handles,
vot,862,c22139a13096c6c1394ba79fc936ed7c4d2fe6c524b3361248844110b7dac2ac,container_room_noocc_1_1,00000301,corrected,container,orange broad base or side; raised edges,material; contents; metal handles,,近邻翻转辅助空腔辨认，只在本帧可见时记录。,初始化索引 300：本帧底/侧面朝镜头，不代表盖子已经关闭。,,,GPT-6 Astra Pro,2026-10-02,conflicting,True,gb,initial,container,orange broad base or side; raised edges,material; contents; metal handles,
vot,863,17f3f63a68509fc43229dcfdbcbce61fe86969f5e66fc39b1bd6ab5eeb2a154e,container_room_noocc_1_1,00000351,corrected,container,orange broad base or side; raised edges,material; contents; metal handles,,近邻翻转辅助空腔辨认，只在本帧可见时记录。,初始化索引 350：本帧底/侧面朝镜头，不代表盖子已经关闭。,,,GPT-6 Astra Pro,2026-10-02,conflicting,True,gb,initial,container,orange broad base or side; raised edges,material; contents; metal handles,
vot,864,2e728ad4ee43094cdca4ac8acdfac9b168b2cc36145c1bc94aeea8bb1c8ed293,container_room_noocc_1_1,00000401,corrected,container,orange broad base or side; raised edges,material; contents; metal handles,,近邻翻转辅助空腔辨认，只在本帧可见时记录。,初始化索引 400：本帧底/侧面朝镜头，不代表盖子已经关闭。,,,GPT-6 Astra Pro,2026-10-02,conflicting,True,gb,initial,container,orange broad base or side; raised edges,material; contents; metal handles,
vot,865,24f17be4ebc1ba003eaea784324a906bf812e61a35205f26f483842d12fbbe43,container_room_noocc_1_1,00000451,corrected,container,orange broad base or side; raised edges,material; contents; metal handles,,近邻翻转辅助空腔辨认，只在本帧可见时记录。,初始化索引 450：本帧底/侧面朝镜头，不代表盖子已经关闭。,,,GPT-6 Astra Pro,2026-10-02,conflicting,True,gb,initial,container,orange broad base or side; raised edges,material; contents; metal handles,
vot,866,0065afcbbc9ea2129e466cf98f2f8b6feb40ecf5a9ecfe25f4d475c3177f5058,container_room_noocc_1_1,00000501,corrected,container,orange broad base or side; raised edges,material; contents; metal handles,,近邻翻转辅助空腔辨认，只在本帧可见时记录。,初始化索引 500：本帧底/侧面朝镜头，不代表盖子已经关闭。,,,GPT-6 Astra Pro,2026-10-02,conflicting,True,gb,initial,container,orange broad base or side; raised edges,material; contents; metal handles,
vot,867,fc7fa79592ba3c583a22acfa81a4d912ea41f18a76f71d6519f6adbed1b84d93,container_room_noocc_1_1,00000551,corrected,container,orange broad base or side; raised edges,material; contents; metal handles,,近邻翻转辅助空腔辨认，只在本帧可见时记录。,初始化索引 550：本帧底/侧面朝镜头，不代表盖子已经关闭。,,,GPT-6 Astra Pro,2026-10-02,conflicting,True,gb,initial,container,orange broad base or side; raised edges,material; contents; metal handles,
vot,868,532ea75daed3943908a6227123616ebde46ec4fbf026fe3c1ca3d7af930c34b3,container_room_noocc_1_1,00000601,supported,container,orange rectangular container; open cavity; raised rim,material; contents; metal handles,,近邻翻转辅助空腔辨认，只在本帧可见时记录。,初始化索引 600：本帧开口内壁可见，材料类型不确定；开口状态不保证永久不变。,,,GPT-6 Astra Pro,2026-10-02,conflicting,True,gb,initial,container,orange rectangular container; open cavity; raised rim,material; contents; metal handles,
vot,869,9c08afd8c04e2d508f0058c4938d5868214dc7631f61d90743c7078fed842ac2,container_room_noocc_1_1,00000651,corrected,container,orange rectangular container; open cavity; raised rim,material; contents; metal handles,,近邻翻转辅助空腔辨认，只在本帧可见时记录。,初始化索引 650：本帧开口内壁可见，材料类型不确定；开口状态不保证永久不变。,,,GPT-6 Astra Pro,2026-10-02,conflicting,True,gb,initial,container,orange rectangular container; open cavity; raised rim,material; contents; metal handles,
vot,870,7276ba541f429164c94a33ec40b8420120fd4476f90989bae0afae3c363a658f,container_room_noocc_1_1,00000701,corrected,container,orange rectangular container; open cavity; raised rim,material; contents; metal handles,,近邻翻转辅助空腔辨认，只在本帧可见时记录。,初始化索引 700：本帧开口内壁可见，材料类型不确定；开口状态不保证永久不变。,,,GPT-6 Astra Pro,2026-10-02,conflicting,True,gb,initial,container,orange rectangular container; open cavity; raised rim,material; contents; metal handles,
vot,871,f82bb435c8a78154f4115d97b79f767052d8687602c95b84e4983e4c66ba1cda,container_room_noocc_1_1,00000751,corrected,container,orange rectangular container; open cavity; raised rim,material; contents; metal handles,,近邻翻转辅助空腔辨认，只在本帧可见时记录。,初始化索引 750：本帧开口内壁可见，材料类型不确定；开口状态不保证永久不变。,,,GPT-6 Astra Pro,2026-10-02,conflicting,True,gb,initial,container,orange rectangular container; open cavity; raised rim,material; contents; metal handles,
vot,872,1ea288d9a6b761398cb2f3e4bde39d0e678f6aebb3f9ed7ef7e1c1a6befefdab,container_room_noocc_1_1,00000801,supported,container,orange rectangular container; open cavity; raised rim,material; contents; metal handles,,近邻翻转辅助空腔辨认，只在本帧可见时记录。,初始化索引 800：本帧开口内壁可见，材料类型不确定；开口状态不保证永久不变。,,,GPT-6 Astra Pro,2026-10-02,conflicting,True,gb,initial,container,orange rectangular container; open cavity; raised rim,material; contents; metal handles,
vot,873,1a8ee6d236498645ac984a5680f273745eca10756972c22adfd98504e365ddb6,container_room_noocc_1_1,00000851,corrected,container,orange rectangular container; open cavity; raised rim,material; contents; metal handles,,近邻翻转辅助空腔辨认，只在本帧可见时记录。,初始化索引 850：本帧开口内壁可见，材料类型不确定；开口状态不保证永久不变。,,,GPT-6 Astra Pro,2026-10-02,conflicting,True,gb,initial,container,orange rectangular container; open cavity; raised rim,material; contents; metal handles,
vot,874,f4dbd6b52ab7ac1f60ebd6589d16c23dd67d9bdcb205740cd4bc887e3841d99d,container_room_noocc_1_1,00000901,supported,container,orange rectangular container; open cavity; raised rim,material; contents; metal handles,,近邻翻转辅助空腔辨认，只在本帧可见时记录。,初始化索引 900：本帧开口内壁可见，材料类型不确定；开口状态不保证永久不变。,,,GPT-6 Astra Pro,2026-10-02,conflicting,True,gb,initial,container,orange rectangular container; open cavity; raised rim,material; contents; metal handles,
vot,875,f8b270331d53abd5900613f5ffbf1bb171b56054f2de48e389b1022019e9d837,container_room_noocc_1_1,00000951,supported,container,orange rectangular container; open cavity; raised rim,material; contents; metal handles,,近邻翻转辅助空腔辨认，只在本帧可见时记录。,初始化索引 950：本帧开口内壁可见，材料类型不确定；开口状态不保证永久不变。,,,GPT-6 Astra Pro,2026-10-02,conflicting,True,gb,initial,container,orange rectangular container; open cavity; raised rim,material; contents; metal handles,
vot,876,10cabae40c70e279898bf4fe97e792ce86ddcbc0621dbd62fe469f3a7407a38b,container_room_noocc_1_1,00001001,supported,container,orange rectangular container; open cavity; raised rim,material; contents; metal handles,,近邻翻转辅助空腔辨认，只在本帧可见时记录。,初始化索引 1000：本帧开口内壁可见，材料类型不确定；开口状态不保证永久不变。,,,GPT-6 Astra Pro,2026-10-02,conflicting,True,gb,initial,container,orange rectangular container; open cavity; raised rim,material; contents; metal handles,
vot,877,eb3eea3aef80653055eb375124c55f37781a651a4a338935ef63f411059d6c71,container_room_noocc_1_1,00001051,corrected,container,orange rectangular container; open cavity; raised rim,material; contents; metal handles,,近邻翻转辅助空腔辨认，只在本帧可见时记录。,初始化索引 1050：本帧开口内壁可见，材料类型不确定；开口状态不保证永久不变。,,,GPT-6 Astra Pro,2026-10-02,conflicting,True,gb,initial,container,orange rectangular container; open cavity; raised rim,material; contents; metal handles,
vot,878,e1e4d4d81503a6258549d886796a5895734733b423bf76d27f3f267e4663558c,container_room_noocc_1_1,00001101,corrected,container,orange rectangular side wall; recessed handhold,material; contents; metal handles,,近邻翻转辅助空腔辨认，只在本帧可见时记录。,初始化索引 1100：本帧侧壁与凹把可见，不能把侧视遮挡判为closed。,,,GPT-6 Astra Pro,2026-10-02,conflicting,True,gb,initial,container,orange rectangular side wall; recessed handhold,material; contents; metal handles,
vot,879,7f4e269ba3f61c652a5986fe59403635a11bfabe4fb04b3bb50789949b65227d,container_room_noocc_1_1,00001151,corrected,container,orange rectangular side wall; recessed handhold,material; contents; metal handles,,近邻翻转辅助空腔辨认，只在本帧可见时记录。,初始化索引 1150：本帧侧壁与凹把可见，不能把侧视遮挡判为closed。,,,GPT-6 Astra Pro,2026-10-02,conflicting,True,gb,initial,container,orange rectangular side wall; recessed handhold,material; contents; metal handles,
vot,880,1c5d0ae75de818ea94881a0e0ebf4d577ba806816c0e72e9dc398565445f3f2e,container_room_noocc_1_1,00001201,corrected,container,orange rectangular side wall; recessed handhold,material; contents; metal handles,,近邻翻转辅助空腔辨认，只在本帧可见时记录。,初始化索引 1200：本帧侧壁与凹把可见，不能把侧视遮挡判为closed。,,,GPT-6 Astra Pro,2026-10-02,conflicting,True,gb,initial,container,orange rectangular side wall; recessed handhold,material; contents; metal handles,
vot,881,bbf25253238de96d408723fff8c34e9a04c2a1f8f59604503d761f716625a73e,container_room_noocc_1_1,00001251,supported,container,orange rectangular container; open cavity; raised rim,material; contents; metal handles,,近邻翻转辅助空腔辨认，只在本帧可见时记录。,初始化索引 1250：本帧开口内壁可见，材料类型不确定；开口状态不保证永久不变。,,,GPT-6 Astra Pro,2026-10-02,conflicting,True,gb,initial,container,orange rectangular container; open cavity; raised rim,material; contents; metal handles,
vot,882,fc2e8b449df095c233168cf12ccab4dd42471ed8aa114cfc560addac6c6ce73a,container_room_noocc_1_1,00001301,supported,container,orange rectangular container; open cavity; raised rim,material; contents; metal handles,,近邻翻转辅助空腔辨认，只在本帧可见时记录。,初始化索引 1300：本帧开口内壁可见，材料类型不确定；开口状态不保证永久不变。,,,GPT-6 Astra Pro,2026-10-02,conflicting,True,gb,initial,container,orange rectangular container; open cavity; raised rim,material; contents; metal handles,
vot,883,704bf2765bde921afe68cdeb8aba71361238d19e6e80414d5ca8f78723286591,container_room_noocc_1_1,00001351,corrected,container,orange rectangular side wall; recessed handhold,material; contents; metal handles,,近邻翻转辅助空腔辨认，只在本帧可见时记录。,初始化索引 1350：本帧侧壁与凹把可见，不能把侧视遮挡判为closed。,,,GPT-6 Astra Pro,2026-10-02,conflicting,True,gb,initial,container,orange rectangular side wall; recessed handhold,material; contents; metal handles,
vot,884,fce33769fd759c6596425dd6b4997ac678779e193f2fc9b1951b3a7723c7b9f9,container_room_noocc_1_1,00001401,supported,container,orange rectangular side wall; recessed handhold,material; contents; metal handles,,近邻翻转辅助空腔辨认，只在本帧可见时记录。,初始化索引 1400：本帧侧壁与凹把可见，不能把侧视遮挡判为closed。,,,GPT-6 Astra Pro,2026-10-02,conflicting,True,gb,initial,container,orange rectangular side wall; recessed handhold,material; contents; metal handles,
vot,885,b45815f647ec81bbd3b81577b6e9fc9fd93d4d90fd61125701b3783b53561055,container_room_noocc_1_1,00001451,corrected,container,orange rectangular side wall; recessed handhold,material; contents; metal handles,,近邻翻转辅助空腔辨认，只在本帧可见时记录。,初始化索引 1450：本帧侧壁与凹把可见，不能把侧视遮挡判为closed。,,,GPT-6 Astra Pro,2026-10-02,conflicting,True,gb,initial,container,orange rectangular side wall; recessed handhold,material; contents; metal handles,
vot,886,728693d5bdac2e3503f0841ea8a79aa99a8a7db0304aea2b612f5769b9633d5a,container_room_noocc_1_1,00001501,corrected,container,orange rectangular side wall; recessed handhold,material; contents; metal handles,,近邻翻转辅助空腔辨认，只在本帧可见时记录。,初始化索引 1500：本帧侧壁与凹把可见，不能把侧视遮挡判为closed。,,,GPT-6 Astra Pro,2026-10-02,conflicting,True,gb,initial,container,orange rectangular side wall; recessed handhold,material; contents; metal handles,
vot,887,df34b862ccf0459bb240b61558688e980d7cebb7aaf2ac6714db10300110c6ac,container_room_noocc_1_1,00001551,corrected,container,orange rectangular side wall; recessed handhold,material; contents; metal handles,,近邻翻转辅助空腔辨认，只在本帧可见时记录。,初始化索引 1550：本帧侧壁与凹把可见，不能把侧视遮挡判为closed。,,,GPT-6 Astra Pro,2026-10-02,conflicting,True,gb,initial,container,orange rectangular side wall; recessed handhold,material; contents; metal handles,
vot,888,16ee8095bf33d79496d3d201646fe8a47205e5778f50b32c8535f74bf6ae00ec,container_room_noocc_1_1,00001601,supported,container,orange rectangular container; open cavity; raised rim,material; contents; metal handles,,近邻翻转辅助空腔辨认，只在本帧可见时记录。,初始化索引 1600：本帧开口内壁可见，材料类型不确定；开口状态不保证永久不变。,,,GPT-6 Astra Pro,2026-10-02,conflicting,True,gb,initial,container,orange rectangular container; open cavity; raised rim,material; contents; metal handles,
vot,889,b4d476e78e4e3ac24cdd6fa1ea81aa32d6029a8e70ba1673167494192a16f5a6,container_room_noocc_1_1,00001639,supported,container,orange rectangular container; open cavity; raised rim,material; contents; metal handles,,近邻翻转辅助空腔辨认，只在本帧可见时记录。,初始化索引 1638：本帧开口内壁可见，材料类型不确定；开口状态不保证永久不变。,,,GPT-6 Astra Pro,2026-10-02,conflicting,True,gb,initial,container,orange rectangular container; open cavity; raised rim,material; contents; metal handles,
vot,890,18732590f94d0c7756321dab8fb0874c8079596bed1ce567520b06c8b61a40e7,cube02_indoor_1,00000001,uncertain,object,small dark block-like body; rounded corners,type; leather or rubber; electronics; closure,,概览可见独立小物，缺少功能部件，保留object。,初始化索引 0：红框为摆动黑色小块，边缘可见但用途不明，不是整张椅子或衣服。,,,GPT-6 Astra Pro,2026-10-02,conflicting,True,gb,initial,cube,small dark block-like body; rounded corners,type; leather or rubber; electronics; closure,
vot,891,e0759ddbe622510a1a9bb004ef30d4ce127df3303004b00b38ecb28b8774583c,cube02_indoor_1,00000051,uncertain,object,small dark block-like body; rounded corners,type; leather or rubber; electronics; closure,,概览可见独立小物，缺少功能部件，保留object。,初始化索引 50：红框为摆动黑色小块，边缘可见但用途不明，不是整张椅子或衣服。,,,GPT-6 Astra Pro,2026-10-02,conflicting,True,gb,initial,cube,small dark block-like body; rounded corners,type; leather or rubber; electronics; closure,
vot,892,1ddb721fc9c5a7bc273d2739f514fa496b9a2e4302ea59cf120e973f4b7dda5b,cube02_indoor_1,00000101,uncertain,object,small dark block-like body; rounded corners,type; leather or rubber; electronics; closure,,概览可见独立小物，缺少功能部件，保留object。,初始化索引 100：红框为摆动黑色小块，边缘可见但用途不明，不是整张椅子或衣服。,,,GPT-6 Astra Pro,2026-10-02,conflicting,True,gb,initial,cube,small dark block-like body; rounded corners,type; leather or rubber; electronics; closure,
vot,893,b2d5f8e517039d8cb7993bb8a4aec60f9b0fbe88723d5dfa4b3898c393fadb8a,cube02_indoor_1,00000151,uncertain,object,dark rounded cuboid outline; curved seam,type; leather or rubber; electronics; closure,,概览可见独立小物，缺少功能部件，保留object。,初始化索引 150：红框为摆动黑色小块，边缘可见但用途不明，不是整张椅子或衣服。,,,GPT-6 Astra Pro,2026-10-02,conflicting,True,gb,initial,cube,dark rounded cuboid outline; curved seam,type; leather or rubber; electronics; closure,
vot,894,f5374857d5bc571a867f517deead76c5326c5cd9a36a11bb2c6355cc8d37a906,cube02_indoor_1,00000201,uncertain,object,small dark block-like body; rounded corners,type; leather or rubber; electronics; closure,,概览可见独立小物，缺少功能部件，保留object。,初始化索引 200：红框为摆动黑色小块，边缘可见但用途不明，不是整张椅子或衣服。,,,GPT-6 Astra Pro,2026-10-02,conflicting,True,gb,initial,cube,small dark block-like body; rounded corners,type; leather or rubber; electronics; closure,
vot,895,21b101ad971cf6a865ae33205b7bf8ac121ae5b152bbf325cd6809cca79d917a,cube02_indoor_1,00000251,uncertain,object,small dark block-like body; rounded corners,type; leather or rubber; electronics; closure,,概览可见独立小物，缺少功能部件，保留object。,初始化索引 250：红框为摆动黑色小块，边缘可见但用途不明，不是整张椅子或衣服。,,,GPT-6 Astra Pro,2026-10-02,conflicting,True,gb,initial,cube,small dark block-like body; rounded corners,type; leather or rubber; electronics; closure,
vot,896,8f19a31cc933ee9bd27ff1268525272f4ad3282983aa0bf45634194fd73bddd6,cube02_indoor_1,00000301,uncertain,object,small dark block-like body; rounded corners,type; leather or rubber; electronics; closure,,概览可见独立小物，缺少功能部件，保留object。,初始化索引 300：红框为摆动黑色小块，边缘可见但用途不明，不是整张椅子或衣服。,,,GPT-6 Astra Pro,2026-10-02,conflicting,True,gb,initial,cube,small dark block-like body; rounded corners,type; leather or rubber; electronics; closure,
vot,897,3b71516967a93c35d90c44e76760c3eb97bc7ea2b87e4aeae05dde653d660e1e,cube02_indoor_1,00000351,uncertain,object,small dark block-like body; rounded corners,type; leather or rubber; electronics; closure,,概览可见独立小物，缺少功能部件，保留object。,初始化索引 350：红框为摆动黑色小块，边缘可见但用途不明，不是整张椅子或衣服。,,,GPT-6 Astra Pro,2026-10-02,conflicting,True,gb,initial,cube,small dark block-like body; rounded corners,type; leather or rubber; electronics; closure,
vot,898,95a9bbfeae0e2158b0f009ff53d7480c9a2c6f2a07135d2dcabea6e1a0a4b971,cube02_indoor_1,00000401,uncertain,object,dark rounded cuboid outline; curved seam,type; leather or rubber; electronics; closure,,概览可见独立小物，缺少功能部件，保留object。,初始化索引 400：红框为摆动黑色小块，边缘可见但用途不明，不是整张椅子或衣服。,,,GPT-6 Astra Pro,2026-10-02,conflicting,True,gb,initial,cube,dark rounded cuboid outline; curved seam,type; leather or rubber; electronics; closure,
vot,899,a69949789229b20dc56339c2335f372da536c48cc0c5c6c3e42b319aff0677ef,cube02_indoor_1,00000451,uncertain,object,dark rounded cuboid outline; curved seam,type; leather or rubber; electronics; closure,,概览可见独立小物，缺少功能部件，保留object。,初始化索引 450：红框为摆动黑色小块，边缘可见但用途不明，不是整张椅子或衣服。,,,GPT-6 Astra Pro,2026-10-02,conflicting,True,gb,initial,cube,dark rounded cuboid outline; curved seam,type; leather or rubber; electronics; closure,
vot,900,e32508ca89cfb84b6a8170f79534d17c00006394748ab2b2c313ed3db65584be,cube02_indoor_1,00000507,uncertain,object,small dark block-like body; rounded corners,type; leather or rubber; electronics; closure,,概览可见独立小物，缺少功能部件，保留object。,初始化索引 506：红框为摆动黑色小块，边缘可见但用途不明，不是整张椅子或衣服。,,,GPT-6 Astra Pro,2026-10-02,conflicting,True,gb,initial,cube,small dark block-like body; rounded corners,type; leather or rubber; electronics; closure,
vot,901,8557584e7b13c8d488f9518e0dd3d47d3668330b1dbd5a2893dd3e5cd6e54245,cube02_indoor_1,00000551,uncertain,object,small dark block-like body; rounded corners,type; leather or rubber; electronics; closure,,概览可见独立小物，缺少功能部件，保留object。,初始化索引 550：红框为摆动黑色小块，边缘可见但用途不明，不是整张椅子或衣服。,,,GPT-6 Astra Pro,2026-10-02,conflicting,True,gb,initial,cube,small dark block-like body; rounded corners,type; leather or rubber; electronics; closure,
vot,902,3ea38cc669a9869f14d94695a02d23d9bce88c6b896e3eb0ece767f3267ebb97,cube02_indoor_1,00000570,uncertain,object,dark low-contrast patch,type; leather or rubber; electronics; closure,,概览可见独立小物，缺少功能部件，保留object。,初始化索引 569：目标与黑背景融合，近邻只说明有独立小物，类型不清。,,,GPT-6 Astra Pro,2026-10-02,conflicting,True,gb,initial,cube,dark low-contrast patch,type; leather or rubber; electronics; closure,
vot,903,cd118788607ebd873dcbe87d55ff8f96ab6657d259e5b478c38b42f3e498e54c,cube02_indoor_2,00000001,uncertain,object,small dark block-like body; rounded corners,type; leather or rubber; electronics; closure,,概览可见独立小物，缺少功能部件，保留object。,初始化索引 0：红框为摆动黑色小块，边缘可见但用途不明，不是整张椅子或衣服。,,,GPT-6 Astra Pro,2026-10-02,conflicting,True,gb,initial,cube,small dark block-like body; rounded corners,type; leather or rubber; electronics; closure,
vot,904,3950a6959f20b56a00c7c37323435bdc7c10ed8b243f2ad9f9213183c2e99ffc,cube02_indoor_2,00000051,uncertain,object,small dark blurred shape,type; leather or rubber; electronics; closure,,概览可见独立小物，缺少功能部件，保留object。,初始化索引 50：目标与椅子重叠，不能硬判椅、帽、枕头或鞋。,,,GPT-6 Astra Pro,2026-10-02,conflicting,True,gb,initial,cube,small dark blurred shape,type; leather or rubber; electronics; closure,
vot,905,2777668eabbc7e72dc453205711a219880c0221cc3842d303cb3fc8bd50b5626,cube02_indoor_2,00000092,uncertain,object,small dark blurred shape,type; leather or rubber; electronics; closure,,概览可见独立小物，缺少功能部件，保留object。,初始化索引 91：目标与椅子重叠，不能硬判椅、帽、枕头或鞋。,,,GPT-6 Astra Pro,2026-10-02,conflicting,True,gb,initial,cube,small dark blurred shape,type; leather or rubber; electronics; closure,
vot,906,301a1e38829464d9a4e00f1d969c5dc760d86460b2313929088f3168b337c785,cube02_indoor_2,00000151,uncertain,object,dark rounded cuboid outline; curved seam,type; leather or rubber; electronics; closure,,概览可见独立小物，缺少功能部件，保留object。,初始化索引 150：红框为摆动黑色小块，边缘可见但用途不明，不是整张椅子或衣服。,,,GPT-6 Astra Pro,2026-10-02,conflicting,True,gb,initial,cube,dark rounded cuboid outline; curved seam,type; leather or rubber; electronics; closure,
vot,907,4aca6b3340e62a35a131d95796c0379eeb37dec5f45dfd0e18343c1f49e3ff86,cube02_indoor_2,00000201,uncertain,object,dark rounded cuboid outline; curved seam,type; leather or rubber; electronics; closure,,概览可见独立小物，缺少功能部件，保留object。,初始化索引 200：红框为摆动黑色小块，边缘可见但用途不明，不是整张椅子或衣服。,,,GPT-6 Astra Pro,2026-10-02,conflicting,True,gb,initial,cube,dark rounded cuboid outline; curved seam,type; leather or rubber; electronics; closure,
vot,908,988ea9caccdf924bdcd20c0f9508916a4e3333cc5f5b83a266fede0fcfad597b,cube02_indoor_2,00000251,uncertain,object,small dark blurred shape,type; leather or rubber; electronics; closure,,概览可见独立小物，缺少功能部件，保留object。,初始化索引 250：目标与椅子重叠，不能硬判椅、帽、枕头或鞋。,,,GPT-6 Astra Pro,2026-10-02,conflicting,True,gb,initial,cube,small dark blurred shape,type; leather or rubber; electronics; closure,
vot,909,073777956618484bd4a30162794131e51c352c49b58a27ef2b3d59af970b3b09,cube02_indoor_2,00000301,uncertain,object,dark rounded cuboid outline; curved seam,type; leather or rubber; electronics; closure,,概览可见独立小物，缺少功能部件，保留object。,初始化索引 300：红框为摆动黑色小块，边缘可见但用途不明，不是整张椅子或衣服。,,,GPT-6 Astra Pro,2026-10-02,conflicting,True,gb,initial,cube,dark rounded cuboid outline; curved seam,type; leather or rubber; electronics; closure,
vot,910,e7c47df3a0c1ab59dbe7c6a4f7e61b07ddcc128e741afa902aa5faa03f7d6a51,cube02_indoor_2,00000351,uncertain,object,dark rounded cuboid outline; curved seam,type; leather or rubber; electronics; closure,,概览可见独立小物，缺少功能部件，保留object。,初始化索引 350：红框为摆动黑色小块，边缘可见但用途不明，不是整张椅子或衣服。,,,GPT-6 Astra Pro,2026-10-02,conflicting,True,gb,initial,cube,dark rounded cuboid outline; curved seam,type; leather or rubber; electronics; closure,
vot,911,75f8e2ade0326d72eeebd25ae9961150708edd22edbcc16041c58d5b9eadb61c,cube02_indoor_2,00000401,uncertain,object,small dark block-like body; rounded corners,type; leather or rubber; electronics; closure,,概览可见独立小物，缺少功能部件，保留object。,初始化索引 400：红框为摆动黑色小块，边缘可见但用途不明，不是整张椅子或衣服。,,,GPT-6 Astra Pro,2026-10-02,conflicting,True,gb,initial,cube,small dark block-like body; rounded corners,type; leather or rubber; electronics; closure,
vot,912,66b2a015946674c448f8591f4a4a1f996c68e81ce5b3cc2d4749df85cad24cb3,cube02_indoor_2,00000451,uncertain,object,dark rounded cuboid outline; curved seam,type; leather or rubber; electronics; closure,,概览可见独立小物，缺少功能部件，保留object。,初始化索引 450：红框为摆动黑色小块，边缘可见但用途不明，不是整张椅子或衣服。,,,GPT-6 Astra Pro,2026-10-02,conflicting,True,gb,initial,cube,dark rounded cuboid outline; curved seam,type; leather or rubber; electronics; closure,
vot,913,91fca51ad0b85ee313bbfb089daeacd4f8e156cae587fbb8c0434aae3d83e826,cube02_indoor_2,00000501,uncertain,object,small dark blurred shape,type; leather or rubber; electronics; closure,,概览可见独立小物，缺少功能部件，保留object。,初始化索引 500：目标与椅子重叠，不能硬判椅、帽、枕头或鞋。,,,GPT-6 Astra Pro,2026-10-02,conflicting,True,gb,initial,cube,small dark blurred shape,type; leather or rubber; electronics; closure,
vot,914,68a398571223e7a4eb000984db1b4e39fb13f3bf425f34037f5fc55728569a63,cube02_indoor_2,00000551,uncertain,object,small dark blurred shape,type; leather or rubber; electronics; closure,,概览可见独立小物，缺少功能部件，保留object。,初始化索引 550：目标与椅子重叠，不能硬判椅、帽、枕头或鞋。,,,GPT-6 Astra Pro,2026-10-02,conflicting,True,gb,initial,cube,small dark blurred shape,type; leather or rubber; electronics; closure,
vot,915,48f0987a202d7200f633688aa8fadd0e7b1df92f2256b03d1013c4c08b4bec4b,cube02_indoor_2,00000590,uncertain,object,small dark blurred shape,type; leather or rubber; electronics; closure,,概览可见独立小物，缺少功能部件，保留object。,初始化索引 589：目标与椅子重叠，不能硬判椅、帽、枕头或鞋。,,,GPT-6 Astra Pro,2026-10-02,conflicting,True,gb,initial,cube,small dark blurred shape,type; leather or rubber; electronics; closure,
vot,916,ccd68d3f2c29821b8a3cbfd2afd58dfec6af48c5019d25ef00767382ede9ca08,cube05_indoor_1,00000001,corrected,block,light tan cuboid; dark printed numerals; straight edges,wood type; unseen-face numbers; identity among similar blocks,,近邻仅辅助转向，不补背面数字。,初始化索引 0：红框为浅色数字积木，非手机、猫、镜头或数字屏；不确认木材种类。,,,GPT-6 Astra Pro,2026-10-02,conflicting,True,gb,initial,cube,light tan cuboid; dark printed numerals; straight edges,wood type; unseen-face numbers; identity among similar blocks,
vot,917,dc9e7588e0949731ab641350294beb0baf7800baf1f1760cc5a6c18f25cb989c,cube05_indoor_1,00000051,corrected,block,light tan cuboid; dark printed numerals; straight edges,wood type; unseen-face numbers; identity among similar blocks,,近邻仅辅助转向，不补背面数字。,初始化索引 50：红框为浅色数字积木，非手机、猫、镜头或数字屏；不确认木材种类。,,,GPT-6 Astra Pro,2026-10-02,conflicting,True,gb,initial,cube,light tan cuboid; dark printed numerals; straight edges,wood type; unseen-face numbers; identity among similar blocks,
vot,918,467b572b766b8e734fd4f99d8a6ef715cb9ad69063d5886b3d1b0739d225c86a,cube05_indoor_1,00000101,uncertain,block,light tan block-like outline; dark blurred mark,wood type; unseen-face numbers; identity among similar blocks,,近邻仅辅助转向，不补背面数字。,初始化索引 100：方块在摆动，本帧不读具体数字；块状类别借邻近多面结构辅助。,,,GPT-6 Astra Pro,2026-10-02,conflicting,True,gb,initial,cube,light tan block-like outline; dark blurred mark,wood type; unseen-face numbers; identity among similar blocks,
vot,919,8ef9461df11ca2c5bd2d811bcd7c8e9b85c9283ecdcd578e189c9c175fb681e9,cube05_indoor_1,00000111,uncertain,block,light tan block-like outline; dark blurred mark,wood type; unseen-face numbers; identity among similar blocks,,近邻仅辅助转向，不补背面数字。,初始化索引 110：方块在摆动，本帧不读具体数字；块状类别借邻近多面结构辅助。,,,GPT-6 Astra Pro,2026-10-02,conflicting,True,gb,initial,cube,light tan block-like outline; dark blurred mark,wood type; unseen-face numbers; identity among similar blocks,
vot,920,3c9eea04bb47c8d22c2a24b8d25c884805abb9b69bb0aca233ef4cc25ff9d7cb,cube05_indoor_2,00000001,corrected,block,light tan cuboid; dark printed numerals; straight edges,wood type; unseen-face numbers; identity among similar blocks,,近邻仅辅助转向，不补背面数字。,初始化索引 0：红框为浅色数字积木，非手机、猫、镜头或数字屏；不确认木材种类。,,,GPT-6 Astra Pro,2026-10-02,conflicting,True,gb,initial,cube,light tan cuboid; dark printed numerals; straight edges,wood type; unseen-face numbers; identity among similar blocks,
vot,921,f20bc7dcb70726e7bd9ceccddf83bd2330be1b3f54b45d32dac98206362f838d,cube05_indoor_2,00000051,corrected,block,light tan cuboid; dark printed numerals; straight edges,wood type; unseen-face numbers; identity among similar blocks,,近邻仅辅助转向，不补背面数字。,初始化索引 50：红框为浅色数字积木，非手机、猫、镜头或数字屏；不确认木材种类。,,,GPT-6 Astra Pro,2026-10-02,conflicting,True,gb,initial,cube,light tan cuboid; dark printed numerals; straight edges,wood type; unseen-face numbers; identity among similar blocks,
vot,922,e0af96f9a1affc0ca8924181b28aff479d2e91b5adeae3e62c1484905ad020db,cube05_indoor_2,00000101,corrected,block,light tan cuboid; dark printed numerals; straight edges,wood type; unseen-face numbers; identity among similar blocks,,近邻仅辅助转向，不补背面数字。,初始化索引 100：红框为浅色数字积木，非手机、猫、镜头或数字屏；不确认木材种类。,,,GPT-6 Astra Pro,2026-10-02,conflicting,True,gb,initial,cube,light tan cuboid; dark printed numerals; straight edges,wood type; unseen-face numbers; identity among similar blocks,
vot,923,4330facf002eca94535ea65a107f1c999f4b33f9add5d2e4d2f562974ffbe36c,cube05_indoor_2,00000146,corrected,block,light tan cuboid; dark printed numerals; straight edges,wood type; unseen-face numbers; identity among similar blocks,,近邻仅辅助转向，不补背面数字。,初始化索引 145：红框为浅色数字积木，非手机、猫、镜头或数字屏；不确认木材种类。,,,GPT-6 Astra Pro,2026-10-02,conflicting,True,gb,initial,cube,light tan cuboid; dark printed numerals; straight edges,wood type; unseen-face numbers; identity among similar blocks,
vot,924,605192a7ed667e67d6abbdea5aec4fb23b4d5979fa3a2a9e35de81b103db2f79,cube05_indoor_3,00000001,corrected,block,light tan cuboid; dark printed numerals; straight edges,wood type; unseen-face numbers; identity among similar blocks,,近邻仅辅助转向，不补背面数字。,初始化索引 0：红框为浅色数字积木，非手机、猫、镜头或数字屏；不确认木材种类。,,,GPT-6 Astra Pro,2026-10-02,conflicting,True,gb,initial,cube,light tan cuboid; dark printed numerals; straight edges,wood type; unseen-face numbers; identity among similar blocks,
vot,925,9264568f4fb08e72c87419ab63df92aec3c300725cc6edcad92bafa50b64d3b4,cube05_indoor_3,00000051,corrected,block,light tan cuboid; dark printed numerals; straight edges,wood type; unseen-face numbers; identity among similar blocks,,近邻仅辅助转向，不补背面数字。,初始化索引 50：红框为浅色数字积木，非手机、猫、镜头或数字屏；不确认木材种类。,,,GPT-6 Astra Pro,2026-10-02,conflicting,True,gb,initial,cube,light tan cuboid; dark printed numerals; straight edges,wood type; unseen-face numbers; identity among similar blocks,
vot,926,7e135943fa9b391d4fd257ed0a902ae0400984a304c221e2484039f8a42930dc,cube05_indoor_3,00000101,corrected,block,light tan cuboid; dark printed numerals; straight edges,wood type; unseen-face numbers; identity among similar blocks,,近邻仅辅助转向，不补背面数字。,初始化索引 100：红框为浅色数字积木，非手机、猫、镜头或数字屏；不确认木材种类。,,,GPT-6 Astra Pro,2026-10-02,conflicting,True,gb,initial,cube,light tan cuboid; dark printed numerals; straight edges,wood type; unseen-face numbers; identity among similar blocks,
vot,927,2e2dec97f2aa50377b1800875802cd8dda5e181a6fb3df21927cd4a0ccecff71,cube05_indoor_3,00000151,corrected,block,light tan cuboid; dark printed numerals; straight edges,wood type; unseen-face numbers; identity among similar blocks,,近邻仅辅助转向，不补背面数字。,初始化索引 150：红框为浅色数字积木，非手机、猫、镜头或数字屏；不确认木材种类。,,,GPT-6 Astra Pro,2026-10-02,conflicting,True,gb,initial,cube,light tan cuboid; dark printed numerals; straight edges,wood type; unseen-face numbers; identity among similar blocks,
vot,928,1b70a79744eadd8069d24748db6295f4f7be08ee43dba1314fb2b19d1bd03f4a,cube05_indoor_3,00000201,uncertain,block,light tan block-like outline; dark blurred mark,wood type; unseen-face numbers; identity among similar blocks,,近邻仅辅助转向，不补背面数字。,初始化索引 200：方块在摆动，本帧不读具体数字；块状类别借邻近多面结构辅助。,,,GPT-6 Astra Pro,2026-10-02,conflicting,True,gb,initial,cube,light tan block-like outline; dark blurred mark,wood type; unseen-face numbers; identity among similar blocks,
vot,929,ab3e3de9d4ce92a970486eb398b34f573ffc1713887ad6c96cbfef14515e6087,cube05_indoor_3,00000258,uncertain,block,light tan block-like outline; dark blurred mark,wood type; unseen-face numbers; identity among similar blocks,,近邻仅辅助转向，不补背面数字。,初始化索引 257：方块在摆动，本帧不读具体数字；块状类别借邻近多面结构辅助。,,,GPT-6 Astra Pro,2026-10-02,conflicting,True,gb,initial,cube,light tan block-like outline; dark blurred mark,wood type; unseen-face numbers; identity among similar blocks,
vot,930,8fd1d16edf02ec730fd967e7a167bce8c7d23ab9d793f643327cf0fad62ffe75,cube05_indoor_3,00000292,corrected,block,light tan cuboid; dark printed numerals; straight edges,wood type; unseen-face numbers; identity among similar blocks,,近邻仅辅助转向，不补背面数字。,初始化索引 291：红框为浅色数字积木，非手机、猫、镜头或数字屏；不确认木材种类。,,,GPT-6 Astra Pro,2026-10-02,conflicting,True,gb,initial,cube,light tan cuboid; dark printed numerals; straight edges,wood type; unseen-face numbers; identity among similar blocks,
vot,931,1a79d4f6415fdb34e6e733df2811b66530239384fa2419e5ac6c8f0b88c3fab7,cube05_indoor_4,00000001,corrected,block,light tan cuboid; dark printed numerals; straight edges,wood type; unseen-face numbers; identity among similar blocks,,近邻仅辅助转向，不补背面数字。,初始化索引 0：红框为浅色数字积木，非手机、猫、镜头或数字屏；不确认木材种类。,,,GPT-6 Astra Pro,2026-10-02,conflicting,True,gb,initial,cube,light tan cuboid; dark printed numerals; straight edges,wood type; unseen-face numbers; identity among similar blocks,
vot,932,0f639fa118bab1afb9dc4c056973402ea96dd72839d66646c07ace84c23c0afc,cube05_indoor_4,00000051,corrected,block,light tan cuboid; dark printed numerals; straight edges,wood type; unseen-face numbers; identity among similar blocks,,近邻仅辅助转向，不补背面数字。,初始化索引 50：红框为浅色数字积木，非手机、猫、镜头或数字屏；不确认木材种类。,,,GPT-6 Astra Pro,2026-10-02,conflicting,True,gb,initial,cube,light tan cuboid; dark printed numerals; straight edges,wood type; unseen-face numbers; identity among similar blocks,
vot,933,f99d6e97af90d87bca368a5c4573de301760d085b8e9359ff16c94c761227660,cube05_indoor_4,00000101,corrected,block,light tan cuboid; dark printed numerals; straight edges,wood type; unseen-face numbers; identity among similar blocks,,近邻仅辅助转向，不补背面数字。,初始化索引 100：红框为浅色数字积木，非手机、猫、镜头或数字屏；不确认木材种类。,,,GPT-6 Astra Pro,2026-10-02,conflicting,True,gb,initial,cube,light tan cuboid; dark printed numerals; straight edges,wood type; unseen-face numbers; identity among similar blocks,
vot,934,dcc7b67add236991d1c9749317c6cbd6c2067c40e237e44a3fa8e4d4b1ac84fd,cube05_indoor_4,00000150,uncertain,block,light tan block-like outline; dark blurred mark,wood type; unseen-face numbers; identity among similar blocks,,近邻仅辅助转向，不补背面数字。,初始化索引 149：方块在摆动，本帧不读具体数字；块状类别借邻近多面结构辅助。,,,GPT-6 Astra Pro,2026-10-02,conflicting,True,gb,initial,cube,light tan block-like outline; dark blurred mark,wood type; unseen-face numbers; identity among similar blocks,
vot,935,f5977ff437596bf0b69311b2d232fb40f74578ec6bae1941ec82be3f772589c4,cube05_indoor_4,00000200,uncertain,block,light tan block-like outline; dark blurred mark,wood type; unseen-face numbers; identity among similar blocks,,近邻仅辅助转向，不补背面数字。,初始化索引 199：方块在摆动，本帧不读具体数字；块状类别借邻近多面结构辅助。,,,GPT-6 Astra Pro,2026-10-02,conflicting,True,gb,initial,cube,light tan block-like outline; dark blurred mark,wood type; unseen-face numbers; identity among similar blocks,
vot,936,37f7e52053a10d31efe266de7ce45dbc1af4b6d294d91c82b52edf7f2b3a67de,cube05_indoor_4,00000250,uncertain,block,light tan block-like outline; dark blurred mark,wood type; unseen-face numbers; identity among similar blocks,,近邻仅辅助转向，不补背面数字。,初始化索引 249：方块在摆动，本帧不读具体数字；块状类别借邻近多面结构辅助。,,,GPT-6 Astra Pro,2026-10-02,conflicting,True,gb,initial,cube,light tan block-like outline; dark blurred mark,wood type; unseen-face numbers; identity among similar blocks,
vot,937,cc2a540db081b94178038654db33bace39c588322a28b7ea77605227f24fc786,cube05_indoor_4,00000299,corrected,block,light tan cuboid; dark printed numerals; straight edges,wood type; unseen-face numbers; identity among similar blocks,,近邻仅辅助转向，不补背面数字。,初始化索引 298：红框为浅色数字积木，非手机、猫、镜头或数字屏；不确认木材种类。,,,GPT-6 Astra Pro,2026-10-02,conflicting,True,gb,initial,cube,light tan cuboid; dark printed numerals; straight edges,wood type; unseen-face numbers; identity among similar blocks,
vot,938,d6f2c89648e73ddfab045cc7bb02d42a30d5a5b07b21bad95c62d1ca66e70847,cube05_indoor_5,00000001,corrected,block,light tan cuboid; dark printed numerals; straight edges,wood type; unseen-face numbers; identity among similar blocks,,近邻仅辅助转向，不补背面数字。,初始化索引 0：红框为浅色数字积木，非手机、猫、镜头或数字屏；不确认木材种类。,,,GPT-6 Astra Pro,2026-10-02,conflicting,True,gb,initial,cube,light tan cuboid; dark printed numerals; straight edges,wood type; unseen-face numbers; identity among similar blocks,
vot,939,dec0385ef2aa3e8d00ec07dc6d0243048fb77dd6e99b45e65df39ba4d4d6a050,cube05_indoor_5,00000051,corrected,block,light tan cuboid; dark printed numerals; straight edges,wood type; unseen-face numbers; identity among similar blocks,,近邻仅辅助转向，不补背面数字。,初始化索引 50：红框为浅色数字积木，非手机、猫、镜头或数字屏；不确认木材种类。,,,GPT-6 Astra Pro,2026-10-02,conflicting,True,gb,initial,cube,light tan cuboid; dark printed numerals; straight edges,wood type; unseen-face numbers; identity among similar blocks,
vot,940,79a39ece454360c7d011f31cc930fe9dee281f31dde50f772aec8bc303f396b7,cube05_indoor_5,00000101,corrected,block,light tan cuboid; dark printed numerals; straight edges,wood type; unseen-face numbers; identity among similar blocks,,近邻仅辅助转向，不补背面数字。,初始化索引 100：红框为浅色数字积木，非手机、猫、镜头或数字屏；不确认木材种类。,,,GPT-6 Astra Pro,2026-10-02,conflicting,True,gb,initial,cube,light tan cuboid; dark printed numerals; straight edges,wood type; unseen-face numbers; identity among similar blocks,
vot,941,e62b5be2d329bfff23412f380f09aff330928c3836ae6b9a16decdb55173fdcc,cube05_indoor_5,00000151,corrected,block,light tan cuboid; dark printed numerals; straight edges,wood type; unseen-face numbers; identity among similar blocks,,近邻仅辅助转向，不补背面数字。,初始化索引 150：红框为浅色数字积木，非手机、猫、镜头或数字屏；不确认木材种类。,,,GPT-6 Astra Pro,2026-10-02,conflicting,True,gb,initial,cube,light tan cuboid; dark printed numerals; straight edges,wood type; unseen-face numbers; identity among similar blocks,
vot,942,7c3da92471db2e27f4c764b1f797ad1e590a1302eff694a65c482d0372dec5cd,cube05_indoor_5,00000201,corrected,block,light tan cuboid; dark printed numerals; straight edges,wood type; unseen-face numbers; identity among similar blocks,,近邻仅辅助转向，不补背面数字。,初始化索引 200：红框为浅色数字积木，非手机、猫、镜头或数字屏；不确认木材种类。,,,GPT-6 Astra Pro,2026-10-02,conflicting,True,gb,initial,cube,light tan cuboid; dark printed numerals; straight edges,wood type; unseen-face numbers; identity among similar blocks,
vot,943,e34f65a3504906ae0924ee2533baecec7c988e3e468ff95b7ee1f856b56d2c59,cube05_indoor_5,00000251,corrected,block,light tan cuboid; dark printed numerals; straight edges,wood type; unseen-face numbers; identity among similar blocks,,近邻仅辅助转向，不补背面数字。,初始化索引 250：红框为浅色数字积木，非手机、猫、镜头或数字屏；不确认木材种类。,,,GPT-6 Astra Pro,2026-10-02,conflicting,True,gb,initial,cube,light tan cuboid; dark printed numerals; straight edges,wood type; unseen-face numbers; identity among similar blocks,
vot,944,208a7cab67c6e46fab5ae77d6e6d9af74df2dd79e6d59ddbdb8e644d202e0dd9,cube05_indoor_5,00000296,corrected,block,light tan cuboid; dark printed numerals; straight edges,wood type; unseen-face numbers; identity among similar blocks,,近邻仅辅助转向，不补背面数字。,初始化索引 295：红框为浅色数字积木，非手机、猫、镜头或数字屏；不确认木材种类。,,,GPT-6 Astra Pro,2026-10-02,conflicting,True,gb,initial,cube,light tan cuboid; dark printed numerals; straight edges,wood type; unseen-face numbers; identity among similar blocks,
vot,945,46115c92386772d3cf1bb17cf1de1fa0ec41002368a3b1d6a93c96bd6c044bb0,cube05_indoor_5,00000388,corrected,block,light tan cuboid; dark printed numerals; straight edges,wood type; unseen-face numbers; identity among similar blocks,,近邻仅辅助转向，不补背面数字。,初始化索引 387：红框为浅色数字积木，非手机、猫、镜头或数字屏；不确认木材种类。,,,GPT-6 Astra Pro,2026-10-02,conflicting,True,gb,initial,cube,light tan cuboid; dark printed numerals; straight edges,wood type; unseen-face numbers; identity among similar blocks,
vot,946,644b9e2813b9a9ace6058f709531f7190c7920ae4ebd7e57d6a52111448d52bc,cube05_indoor_5,00000401,corrected,block,light tan cuboid; dark printed numerals; straight edges,wood type; unseen-face numbers; identity among similar blocks,,近邻仅辅助转向，不补背面数字。,初始化索引 400：红框为浅色数字积木，非手机、猫、镜头或数字屏；不确认木材种类。,,,GPT-6 Astra Pro,2026-10-02,conflicting,True,gb,initial,cube,light tan cuboid; dark printed numerals; straight edges,wood type; unseen-face numbers; identity among similar blocks,
vot,947,7fb7f637003a075dbae7cd545089cf6e0cbd2d33c59f2ee737db3084a3cd933c,cube05_indoor_5,00000451,corrected,block,light tan cuboid; dark printed numerals; straight edges,wood type; unseen-face numbers; identity among similar blocks,,近邻仅辅助转向，不补背面数字。,初始化索引 450：红框为浅色数字积木，非手机、猫、镜头或数字屏；不确认木材种类。,,,GPT-6 Astra Pro,2026-10-02,conflicting,True,gb,initial,cube,light tan cuboid; dark printed numerals; straight edges,wood type; unseen-face numbers; identity among similar blocks,
vot,948,49b873b799da1a8c0ececf62879e5a1ec40a329a091e59d9e8810f9a1cc7b6c9,cube05_indoor_5,00000492,corrected,block,light tan cuboid; dark printed numerals; straight edges,wood type; unseen-face numbers; identity among similar blocks,,近邻仅辅助转向，不补背面数字。,初始化索引 491：红框为浅色数字积木，非手机、猫、镜头或数字屏；不确认木材种类。,,,GPT-6 Astra Pro,2026-10-02,conflicting,True,gb,initial,cube,light tan cuboid; dark printed numerals; straight edges,wood type; unseen-face numbers; identity among similar blocks,
vot,949,db9e7a4a52cb11a575703f0111006d184758170ee3915299f25bf53c4fa9cabd,cube05_indoor_6,00000001,corrected,block,light tan cuboid; dark printed numerals; straight edges,wood type; unseen-face numbers; identity among similar blocks,,近邻仅辅助转向，不补背面数字。,初始化索引 0：红框为浅色数字积木，非手机、猫、镜头或数字屏；不确认木材种类。,,,GPT-6 Astra Pro,2026-10-02,conflicting,True,gb,initial,cube,light tan cuboid; dark printed numerals; straight edges,wood type; unseen-face numbers; identity among similar blocks,
vot,950,4a5a10fa5890501ee1d9d660146728f55e156c99947289639a922906f6a9d87f,cube05_indoor_6,00000048,corrected,block,light tan cuboid; dark printed numerals; straight edges,wood type; unseen-face numbers; identity among similar blocks,,近邻仅辅助转向，不补背面数字。,初始化索引 47：红框为浅色数字积木，非手机、猫、镜头或数字屏；不确认木材种类。,,,GPT-6 Astra Pro,2026-10-02,conflicting,True,gb,initial,cube,light tan cuboid; dark printed numerals; straight edges,wood type; unseen-face numbers; identity among similar blocks,
vot,951,d21e22411931f89b4425b5f5de0e4dfdeb44c2fe01ba8c8259aca1751856190b,cube05_indoor_6,00000101,corrected,block,light tan cuboid; dark printed numerals; straight edges,wood type; unseen-face numbers; identity among similar blocks,,近邻仅辅助转向，不补背面数字。,初始化索引 100：红框为浅色数字积木，非手机、猫、镜头或数字屏；不确认木材种类。,,,GPT-6 Astra Pro,2026-10-02,conflicting,True,gb,initial,cube,light tan cuboid; dark printed numerals; straight edges,wood type; unseen-face numbers; identity among similar blocks,
vot,952,b48496a4e9ac9ff898a999b208f30282a0cf6f2a22a19a4d2c7d9a3f98a2dfc5,cube05_indoor_6,00000151,corrected,block,light tan cuboid; dark printed numerals; straight edges,wood type; unseen-face numbers; identity among similar blocks,,近邻仅辅助转向，不补背面数字。,初始化索引 150：红框为浅色数字积木，非手机、猫、镜头或数字屏；不确认木材种类。,,,GPT-6 Astra Pro,2026-10-02,conflicting,True,gb,initial,cube,light tan cuboid; dark printed numerals; straight edges,wood type; unseen-face numbers; identity among similar blocks,
vot,953,3b98fef6c566d180a324e3c484cb25c002b61335932a048c0ddab5a25c07437d,cube05_indoor_6,00000201,corrected,block,light tan cuboid; dark printed numerals; straight edges,wood type; unseen-face numbers; identity among similar blocks,,近邻仅辅助转向，不补背面数字。,初始化索引 200：红框为浅色数字积木，非手机、猫、镜头或数字屏；不确认木材种类。,,,GPT-6 Astra Pro,2026-10-02,conflicting,True,gb,initial,cube,light tan cuboid; dark printed numerals; straight edges,wood type; unseen-face numbers; identity among similar blocks,
vot,954,b14ad4639d5ae7c805beb63b7c8fba18253842c50ef65b2e2ad02e7f0a94f2a7,cube05_indoor_6,00000251,uncertain,block,light tan block-like outline; dark blurred mark,wood type; unseen-face numbers; identity among similar blocks,,近邻仅辅助转向，不补背面数字。,初始化索引 250：方块在摆动，本帧不读具体数字；块状类别借邻近多面结构辅助。,,,GPT-6 Astra Pro,2026-10-02,conflicting,True,gb,initial,cube,light tan block-like outline; dark blurred mark,wood type; unseen-face numbers; identity among similar blocks,
vot,955,e274a5ce41d637e1d0e2906c187ade5bb89d8d47589debe05c2292db9ac726f0,cube05_indoor_6,00000301,uncertain,block,light tan block-like outline; dark blurred mark,wood type; unseen-face numbers; identity among similar blocks,,近邻仅辅助转向，不补背面数字。,初始化索引 300：方块在摆动，本帧不读具体数字；块状类别借邻近多面结构辅助。,,,GPT-6 Astra Pro,2026-10-02,conflicting,True,gb,initial,cube,light tan block-like outline; dark blurred mark,wood type; unseen-face numbers; identity among similar blocks,
vot,956,5d6b95426c60f18bb653ab31ac9013d75190c9d31ae0fd436c442b6c3b7704d8,cube05_indoor_6,00000351,corrected,block,light tan cuboid; dark printed numerals; straight edges,wood type; unseen-face numbers; identity among similar blocks,,近邻仅辅助转向，不补背面数字。,初始化索引 350：红框为浅色数字积木，非手机、猫、镜头或数字屏；不确认木材种类。,,,GPT-6 Astra Pro,2026-10-02,conflicting,True,gb,initial,cube,light tan cuboid; dark printed numerals; straight edges,wood type; unseen-face numbers; identity among similar blocks,
vot,957,e453b4cc6560737ef3a7d5e85478fd471740ff2c130f8c7ddf1316b4105cd057,cube05_indoor_6,00000401,uncertain,block,light tan block-like outline; dark blurred mark,wood type; unseen-face numbers; identity among similar blocks,,近邻仅辅助转向，不补背面数字。,初始化索引 400：方块在摆动，本帧不读具体数字；块状类别借邻近多面结构辅助。,,,GPT-6 Astra Pro,2026-10-02,conflicting,True,gb,initial,cube,light tan block-like outline; dark blurred mark,wood type; unseen-face numbers; identity among similar blocks,
vot,958,d60d10550f18264cb59ea9c40c9ec7e7c733f8e9e54a4b8c51e9558530e9fc06,cube05_indoor_6,00000451,corrected,block,light tan cuboid; dark printed numerals; straight edges,wood type; unseen-face numbers; identity among similar blocks,,近邻仅辅助转向，不补背面数字。,初始化索引 450：红框为浅色数字积木，非手机、猫、镜头或数字屏；不确认木材种类。,,,GPT-6 Astra Pro,2026-10-02,conflicting,True,gb,initial,cube,light tan cuboid; dark printed numerals; straight edges,wood type; unseen-face numbers; identity among similar blocks,
vot,959,8d319df62ce823ff13231816ca55b667084eb9a98b48130b3a34ff1311266988,cube05_indoor_6,00000501,corrected,block,light tan cuboid; dark printed numerals; straight edges,wood type; unseen-face numbers; identity among similar blocks,,近邻仅辅助转向，不补背面数字。,初始化索引 500：红框为浅色数字积木，非手机、猫、镜头或数字屏；不确认木材种类。,,,GPT-6 Astra Pro,2026-10-02,conflicting,True,gb,initial,cube,light tan cuboid; dark printed numerals; straight edges,wood type; unseen-face numbers; identity among similar blocks,
vot,960,c2bc2be491107c244134266f26b887a7229e4faf6dfa5a7e2d313589a340cb7a,cube05_indoor_6,00000551,corrected,block,light tan cuboid; dark printed numerals; straight edges,wood type; unseen-face numbers; identity among similar blocks,,近邻仅辅助转向，不补背面数字。,初始化索引 550：红框为浅色数字积木，非手机、猫、镜头或数字屏；不确认木材种类。,,,GPT-6 Astra Pro,2026-10-02,conflicting,True,gb,initial,cube,light tan cuboid; dark printed numerals; straight edges,wood type; unseen-face numbers; identity among similar blocks,
vot,961,03773f801c6596fe93aa59ad1ead95175ac96efbd9977fd20333e889522d9df8,cube05_indoor_6,00000601,corrected,block,light tan cuboid; dark printed numerals; straight edges,wood type; unseen-face numbers; identity among similar blocks,,近邻仅辅助转向，不补背面数字。,初始化索引 600：红框为浅色数字积木，非手机、猫、镜头或数字屏；不确认木材种类。,,,GPT-6 Astra Pro,2026-10-02,conflicting,True,gb,initial,cube,light tan cuboid; dark printed numerals; straight edges,wood type; unseen-face numbers; identity among similar blocks,
vot,962,2b48b78411fbc204df6ef48b2f15750265e5d006d8c275e46a05b797333f0e44,cube05_indoor_6,00000651,corrected,block,light tan cuboid; dark printed numerals; straight edges,wood type; unseen-face numbers; identity among similar blocks,,近邻仅辅助转向，不补背面数字。,初始化索引 650：红框为浅色数字积木，非手机、猫、镜头或数字屏；不确认木材种类。,,,GPT-6 Astra Pro,2026-10-02,conflicting,True,gb,initial,cube,light tan cuboid; dark printed numerals; straight edges,wood type; unseen-face numbers; identity among similar blocks,
vot,963,4ff99c455fcaa9ebe204a895a443a98d1c7fe67177345e96cac4dd8ef735ed05,cube05_indoor_6,00000701,corrected,block,light tan cuboid; dark printed numerals; straight edges,wood type; unseen-face numbers; identity among similar blocks,,近邻仅辅助转向，不补背面数字。,初始化索引 700：红框为浅色数字积木，非手机、猫、镜头或数字屏；不确认木材种类。,,,GPT-6 Astra Pro,2026-10-02,conflicting,True,gb,initial,cube,light tan cuboid; dark printed numerals; straight edges,wood type; unseen-face numbers; identity among similar blocks,
vot,964,a4b63228579b8465a127c4283f8cf3566c6b80f004847ecca58231a550ba7fd6,cube05_indoor_6,00000723,corrected,block,light tan cuboid; dark printed numerals; straight edges,wood type; unseen-face numbers; identity among similar blocks,,近邻仅辅助转向，不补背面数字。,初始化索引 722：红框为浅色数字积木，非手机、猫、镜头或数字屏；不确认木材种类。,,,GPT-6 Astra Pro,2026-10-02,conflicting,True,gb,initial,cube,light tan cuboid; dark printed numerals; straight edges,wood type; unseen-face numbers; identity among similar blocks,
vot,965,1d546072e12b0009318fb7cf72b4215d24d2f7df4089fadb0ffbd677d215c2ef,cup01_indoor_1,00000001,corrected,cup,brown rounded body; circular rim; small side handle,material; contents,,近邻只辅助杯体转面，未露口沿/把手不强行补全。,初始化索引 0：红框为棕色圆腹杯，不是杯内小物、椰子、手机或卷烟。,,,GPT-6 Astra Pro,2026-10-02,conflicting,True,gb,initial,cup,brown rounded body; circular rim; small side handle,material; contents,
vot,966,8722c8b31b591da5edb50b3179e0f3309bb3c8ca36594bcae861bb67a95cc80e,cup01_indoor_1,00000051,supported,cup,brown rounded body; circular rim; small side handle,material; contents,,近邻只辅助杯体转面，未露口沿/把手不强行补全。,初始化索引 50：红框为棕色圆腹杯，不是杯内小物、椰子、手机或卷烟。,,,GPT-6 Astra Pro,2026-10-02,conflicting,True,gb,initial,cup,brown rounded body; circular rim; small side handle,material; contents,
vot,967,aefa056bae73674affd20391b72b2b8f6f1371b60bfa58b9cba7dde24a610ec1,cup01_indoor_1,00000101,corrected,cup,brown rounded body; circular rim; small side handle,material; contents,,近邻只辅助杯体转面，未露口沿/把手不强行补全。,初始化索引 100：红框为棕色圆腹杯，不是杯内小物、椰子、手机或卷烟。,,,GPT-6 Astra Pro,2026-10-02,conflicting,True,gb,initial,cup,brown rounded body; circular rim; small side handle,material; contents,
vot,968,044dc1a5163a40021d5e55edf673d08350028ea6702941ca8b94988e538f21f9,cup01_indoor_1,00000151,supported,cup,brown rounded body; circular rim; small side handle,material; contents,,近邻只辅助杯体转面，未露口沿/把手不强行补全。,初始化索引 150：红框为棕色圆腹杯，不是杯内小物、椰子、手机或卷烟。,,,GPT-6 Astra Pro,2026-10-02,conflicting,True,gb,initial,cup,brown rounded body; circular rim; small side handle,material; contents,
vot,969,ef96104d5d68592bc4861f4c897cb0056292f86628ac595eaa093d6e8bc7309a,cup01_indoor_1,00000201,corrected,cup,brown rounded outer wall,material; contents,,近邻只辅助杯体转面，未露口沿/把手不强行补全。,初始化索引 200：杯体侧转、被手挡住或模糊，不补不可见把手和杯口。,,,GPT-6 Astra Pro,2026-10-02,conflicting,True,gb,initial,cup,brown rounded outer wall,material; contents,
vot,970,5c178e10fc3c3c10e311b31bc045ee86c7871a2d9099aa6f07797bf2eb0c8fed,cup01_indoor_1,00000251,corrected,cup,brown rounded outer wall,material; contents,,近邻只辅助杯体转面，未露口沿/把手不强行补全。,初始化索引 250：杯体侧转、被手挡住或模糊，不补不可见把手和杯口。,,,GPT-6 Astra Pro,2026-10-02,conflicting,True,gb,initial,cup,brown rounded outer wall,material; contents,
vot,971,d28bf3c830b839b6007a6af785dbdddf55d315e0fdf646c242b6aee9b678c570,cup01_indoor_1,00000301,corrected,cup,brown rounded body; circular rim; small side handle,material; contents,,近邻只辅助杯体转面，未露口沿/把手不强行补全。,初始化索引 300：红框为棕色圆腹杯，不是杯内小物、椰子、手机或卷烟。,,,GPT-6 Astra Pro,2026-10-02,conflicting,True,gb,initial,cup,brown rounded body; circular rim; small side handle,material; contents,
vot,972,df8af71ed1cbd3643e2ed65398ae15cc93299b13e298e70fcf38ea0eea3f1f05,cup01_indoor_1,00000351,corrected,cup,brown rounded body; circular rim; small side handle,material; contents,,近邻只辅助杯体转面，未露口沿/把手不强行补全。,初始化索引 350：红框为棕色圆腹杯，不是杯内小物、椰子、手机或卷烟。,,,GPT-6 Astra Pro,2026-10-02,conflicting,True,gb,initial,cup,brown rounded body; circular rim; small side handle,material; contents,
vot,973,ae323c76b85cb07f376cadbc5ba17b560bb4ec37a1e20d13afb8bf0fbb8d1697,cup01_indoor_1,00000401,corrected,cup,brown rounded outer wall,material; contents,,近邻只辅助杯体转面，未露口沿/把手不强行补全。,初始化索引 400：杯体侧转、被手挡住或模糊，不补不可见把手和杯口。,,,GPT-6 Astra Pro,2026-10-02,conflicting,True,gb,initial,cup,brown rounded outer wall,material; contents,
vot,974,b41fca300b7e9c5f638ef8a62fa659b6d2c418eff669816cc78b994cc9041fa9,cup01_indoor_1,00000451,corrected,cup,brown rounded outer wall,material; contents,,近邻只辅助杯体转面，未露口沿/把手不强行补全。,初始化索引 450：杯体侧转、被手挡住或模糊，不补不可见把手和杯口。,,,GPT-6 Astra Pro,2026-10-02,conflicting,True,gb,initial,cup,brown rounded outer wall,material; contents,
vot,975,05c5e86266db0c84be78ad50b73d113a01d1f853869df992cc0a76ff43d2b880,cup01_indoor_1,00000501,corrected,cup,brown rounded outer wall,material; contents,,近邻只辅助杯体转面，未露口沿/把手不强行补全。,初始化索引 500：杯体侧转、被手挡住或模糊，不补不可见把手和杯口。,,,GPT-6 Astra Pro,2026-10-02,conflicting,True,gb,initial,cup,brown rounded outer wall,material; contents,
vot,976,c21570007fc7985701cf14d2fe370a9592af27377a416fc8135e8316a7beefd5,cup01_indoor_1,00000551,corrected,cup,brown rounded outer wall,material; contents,,近邻只辅助杯体转面，未露口沿/把手不强行补全。,初始化索引 550：杯体侧转、被手挡住或模糊，不补不可见把手和杯口。,,,GPT-6 Astra Pro,2026-10-02,conflicting,True,gb,initial,cup,brown rounded outer wall,material; contents,
vot,977,abc62f8bccc09bf5f7379ea997a4e27673524138875f54ec94903d8368552427,cup01_indoor_1,00000601,supported,cup,brown rounded body; circular rim; small side handle,material; contents,,近邻只辅助杯体转面，未露口沿/把手不强行补全。,初始化索引 600：红框为棕色圆腹杯，不是杯内小物、椰子、手机或卷烟。,,,GPT-6 Astra Pro,2026-10-02,conflicting,True,gb,initial,cup,brown rounded body; circular rim; small side handle,material; contents,
vot,978,a47278296ccb6678d762835d189b5aaa550738157e36f050f42e01e306f55b77,cup01_indoor_1,00000651,corrected,cup,brown rounded body; circular rim; small side handle,material; contents,,近邻只辅助杯体转面，未露口沿/把手不强行补全。,初始化索引 650：红框为棕色圆腹杯，不是杯内小物、椰子、手机或卷烟。,,,GPT-6 Astra Pro,2026-10-02,conflicting,True,gb,initial,cup,brown rounded body; circular rim; small side handle,material; contents,
vot,979,1d0b3bf4dd1df69a7d6f1ebb79a3a8dd621af843cd6c1ea7c1e1ab1bc152986e,cup01_indoor_1,00000701,corrected,cup,brown rounded body; circular rim; small side handle,material; contents,,近邻只辅助杯体转面，未露口沿/把手不强行补全。,初始化索引 700：红框为棕色圆腹杯，不是杯内小物、椰子、手机或卷烟。,,,GPT-6 Astra Pro,2026-10-02,conflicting,True,gb,initial,cup,brown rounded body; circular rim; small side handle,material; contents,
vot,980,0c47d06c78a2bc428e384d0dd15a2b90d71999caa14957073f5ecb2745129a55,cup01_indoor_1,00000754,corrected,cup,brown rounded outer wall,material; contents,,近邻只辅助杯体转面，未露口沿/把手不强行补全。,初始化索引 753：杯体侧转、被手挡住或模糊，不补不可见把手和杯口。,,,GPT-6 Astra Pro,2026-10-02,conflicting,True,gb,initial,cup,brown rounded outer wall,material; contents,
vot,981,4c55764813a75ba450d08eecc39d9b3f71f33ed7a4d134b51ac4fceeeb19a2f6,cup02_indoor_1,00000001,corrected,cup,red tapered body; pale rim; side ridges,paper versus plastic; contents; identity among similar cups,,多杯移动和翻转，按本初始化红框确定对象。,初始化索引 0：红框为多只相似红杯中的一只，不能确定纸或塑料，不凭相同外观推断后续同一实例。,,,GPT-6 Astra Pro,2026-10-02,conflicting,True,gb,initial,cup,red tapered body; pale rim; side ridges,paper versus plastic; contents; identity among similar cups,
vot,982,436b0c199f8451bd67347e63870c21d9f27e56c45e98aa749780ee5e31462a82,cup02_indoor_1,00000051,corrected,cup,red tapered body; pale rim; side ridges,paper versus plastic; contents; identity among similar cups,,多杯移动和翻转，按本初始化红框确定对象。,初始化索引 50：红框为多只相似红杯中的一只，不能确定纸或塑料，不凭相同外观推断后续同一实例。,,,GPT-6 Astra Pro,2026-10-02,conflicting,True,gb,initial,cup,red tapered body; pale rim; side ridges,paper versus plastic; contents; identity among similar cups,
vot,983,0a778bc7d9928d47f1d586fa7c7566dc923a595ab591304ffd9d9c10eb92e211,cup02_indoor_1,00000101,corrected,cup,red tapered body; pale rim; side ridges,paper versus plastic; contents; identity among similar cups,,多杯移动和翻转，按本初始化红框确定对象。,初始化索引 100：红框为多只相似红杯中的一只，不能确定纸或塑料，不凭相同外观推断后续同一实例。,,,GPT-6 Astra Pro,2026-10-02,conflicting,True,gb,initial,cup,red tapered body; pale rim; side ridges,paper versus plastic; contents; identity among similar cups,
vot,984,8d95e018a0a0166f2ab8fd618c2818530c9f771653358bd8d50d484143490a17,cup02_indoor_1,00000151,corrected,cup,red tapered body; pale rim; side ridges,paper versus plastic; contents; identity among similar cups,,多杯移动和翻转，按本初始化红框确定对象。,初始化索引 150：红框为多只相似红杯中的一只，不能确定纸或塑料，不凭相同外观推断后续同一实例。,,,GPT-6 Astra Pro,2026-10-02,conflicting,True,gb,initial,cup,red tapered body; pale rim; side ridges,paper versus plastic; contents; identity among similar cups,
vot,985,fe128920c1edeeca9617e375fb1c2abd3e7f83c6b971fd4a43ce2d4005f82c01,cup02_indoor_1,00000201,corrected,cup,red tapered body; pale rim; side ridges,paper versus plastic; contents; identity among similar cups,,多杯移动和翻转，按本初始化红框确定对象。,初始化索引 200：红框为多只相似红杯中的一只，不能确定纸或塑料，不凭相同外观推断后续同一实例。,,,GPT-6 Astra Pro,2026-10-02,conflicting,True,gb,initial,cup,red tapered body; pale rim; side ridges,paper versus plastic; contents; identity among similar cups,
vot,986,7c6c47320fef6df59ed1719e658241a2e3ba9b6969ab412c01fbb27645a8a39a,cup02_indoor_1,00000251,corrected,cup,red tapered body; pale rim; side ridges,paper versus plastic; contents; identity among similar cups,,多杯移动和翻转，按本初始化红框确定对象。,初始化索引 250：红框为多只相似红杯中的一只，不能确定纸或塑料，不凭相同外观推断后续同一实例。,,,GPT-6 Astra Pro,2026-10-02,conflicting,True,gb,initial,cup,red tapered body; pale rim; side ridges,paper versus plastic; contents; identity among similar cups,
vot,987,e6ac10ec875862b373ecdbb2f1292ba9c8bd2f65d7db22e529a378725318445c,cup02_indoor_1,00000301,corrected,cup,red tapered body; pale rim; side ridges,paper versus plastic; contents; identity among similar cups,,多杯移动和翻转，按本初始化红框确定对象。,初始化索引 300：红框为多只相似红杯中的一只，不能确定纸或塑料，不凭相同外观推断后续同一实例。,,,GPT-6 Astra Pro,2026-10-02,conflicting,True,gb,initial,cup,red tapered body; pale rim; side ridges,paper versus plastic; contents; identity among similar cups,
vot,988,96e68197bdf4262ed9c57c43ea1ffc9aae89db7bd19882087a3cd15fbf55000a,cup02_indoor_1,00000351,corrected,cup,red tapered body; pale rim; side ridges,paper versus plastic; contents; identity among similar cups,,多杯移动和翻转，按本初始化红框确定对象。,初始化索引 350：红框为多只相似红杯中的一只，不能确定纸或塑料，不凭相同外观推断后续同一实例。,,,GPT-6 Astra Pro,2026-10-02,conflicting,True,gb,initial,cup,red tapered body; pale rim; side ridges,paper versus plastic; contents; identity among similar cups,
vot,989,3c3a5e00258bf8482bf91d8cec64757761a2f08922d2288e507303a5053f2c14,cup02_indoor_1,00000401,corrected,cup,red tapered body; pale rim; side ridges,paper versus plastic; contents; identity among similar cups,,多杯移动和翻转，按本初始化红框确定对象。,初始化索引 400：红框为多只相似红杯中的一只，不能确定纸或塑料，不凭相同外观推断后续同一实例。,,,GPT-6 Astra Pro,2026-10-02,conflicting,True,gb,initial,cup,red tapered body; pale rim; side ridges,paper versus plastic; contents; identity among similar cups,
vot,990,b8cc0ada94a07a4f628cc1f0f452c8683e0e148127f0084e2c0ed53ae3e870a5,cup02_indoor_1,00000451,corrected,cup,red tapered body; pale rim; side ridges,paper versus plastic; contents; identity among similar cups,,多杯移动和翻转，按本初始化红框确定对象。,初始化索引 450：红框为多只相似红杯中的一只，不能确定纸或塑料，不凭相同外观推断后续同一实例。,,,GPT-6 Astra Pro,2026-10-02,conflicting,True,gb,initial,cup,red tapered body; pale rim; side ridges,paper versus plastic; contents; identity among similar cups,
vot,991,929ea2f66750ab2ad03c8964ba0cca059bf25e7da0c7b75cffb5109115bb3402,cup02_indoor_1,00000501,corrected,cup,red tapered body; pale rim; side ridges,paper versus plastic; contents; identity among similar cups,,多杯移动和翻转，按本初始化红框确定对象。,初始化索引 500：红框为多只相似红杯中的一只，不能确定纸或塑料，不凭相同外观推断后续同一实例。,,,GPT-6 Astra Pro,2026-10-02,conflicting,True,gb,initial,cup,red tapered body; pale rim; side ridges,paper versus plastic; contents; identity among similar cups,
vot,992,29e97d845ec18f85d26f042dc594478f07c3dbed71d374b047f6999473b50b16,cup02_indoor_1,00000551,corrected,cup,red tapered body; pale rim; side ridges,paper versus plastic; contents; identity among similar cups,,多杯移动和翻转，按本初始化红框确定对象。,初始化索引 550：红框为多只相似红杯中的一只，不能确定纸或塑料，不凭相同外观推断后续同一实例。,,,GPT-6 Astra Pro,2026-10-02,conflicting,True,gb,initial,cup,red tapered body; pale rim; side ridges,paper versus plastic; contents; identity among similar cups,
vot,993,bba25779fc6e457a8b989a1c578666c9ba9ea7cf8fc08306035e31ec28aa6bf1,cup02_indoor_1,00000601,corrected,cup,red tapered body; pale rim; side ridges,paper versus plastic; contents; identity among similar cups,,多杯移动和翻转，按本初始化红框确定对象。,初始化索引 600：红框为多只相似红杯中的一只，不能确定纸或塑料，不凭相同外观推断后续同一实例。,,,GPT-6 Astra Pro,2026-10-02,conflicting,True,gb,initial,cup,red tapered body; pale rim; side ridges,paper versus plastic; contents; identity among similar cups,
vot,994,826d872e05372abb2fd94740f6c0a879e6fda8b0a771c7536b6d4a2ed15c5ba2,cup02_indoor_1,00000651,corrected,cup,red tapered body; pale rim; side ridges,paper versus plastic; contents; identity among similar cups,,多杯移动和翻转，按本初始化红框确定对象。,初始化索引 650：红框为多只相似红杯中的一只，不能确定纸或塑料，不凭相同外观推断后续同一实例。,,,GPT-6 Astra Pro,2026-10-02,conflicting,True,gb,initial,cup,red tapered body; pale rim; side ridges,paper versus plastic; contents; identity among similar cups,
vot,995,beffb6bb4bdd8698371e559f90707759263e18fa4487cffa1daf0606b23a5517,cup02_indoor_1,00000701,corrected,cup,red tapered body; pale rim; side ridges,paper versus plastic; contents; identity among similar cups,,多杯移动和翻转，按本初始化红框确定对象。,初始化索引 700：红框为多只相似红杯中的一只，不能确定纸或塑料，不凭相同外观推断后续同一实例。,,,GPT-6 Astra Pro,2026-10-02,conflicting,True,gb,initial,cup,red tapered body; pale rim; side ridges,paper versus plastic; contents; identity among similar cups,
vot,996,86083fe0b595fee2424ee424928ac2d91caf1481ec2f090f0c5712cd5dd3d3bf,cup02_indoor_1,00000751,corrected,cup,red cup side; pale circular rim; light interior,paper versus plastic; contents; identity among similar cups,,多杯移动和翻转，按本初始化红框确定对象。,初始化索引 750：杯口朝镜头，材料不确认。,,,GPT-6 Astra Pro,2026-10-02,conflicting,True,gb,initial,cup,red cup side; pale circular rim; light interior,paper versus plastic; contents; identity among similar cups,
vot,997,e481820513d6a9458a2d388fbd4612fdba2ad8f2b75c43adb7f5e44577a8a25d,cup02_indoor_1,00000801,corrected,cup,red tapered cup body; pale broad rim; circular bottom,paper versus plastic; contents; identity among similar cups,,多杯移动和翻转，按本初始化红框确定对象。,初始化索引 800：目标本帧倒扣/翻转，宽口浅边朝下；仅描述当前可见结构，不把姿态当永久属性。,,,GPT-6 Astra Pro,2026-10-02,conflicting,True,gb,initial,cup,red tapered cup body; pale broad rim; circular bottom,paper versus plastic; contents; identity among similar cups,
vot,998,1744720db35ba999cfd49f848b77ab7cfae043f9a2406c424447f5214b9f892e,cup02_indoor_1,00000851,corrected,cup,red tapered cup body; pale broad rim; circular bottom,paper versus plastic; contents; identity among similar cups,,多杯移动和翻转，按本初始化红框确定对象。,初始化索引 850：目标本帧倒扣/翻转，宽口浅边朝下；仅描述当前可见结构，不把姿态当永久属性。,,,GPT-6 Astra Pro,2026-10-02,conflicting,True,gb,initial,cup,red tapered cup body; pale broad rim; circular bottom,paper versus plastic; contents; identity among similar cups,
vot,999,9a87d3b1aab6509e44696ff0f96210c159b4da46b2eebc4caed58f1da8ac7f27,cup02_indoor_1,00000901,supported,cup,red tapered cup body; pale broad rim; circular bottom,paper versus plastic; contents; identity among similar cups,,多杯移动和翻转，按本初始化红框确定对象。,初始化索引 900：目标本帧倒扣/翻转，宽口浅边朝下；仅描述当前可见结构，不把姿态当永久属性。,,,GPT-6 Astra Pro,2026-10-02,conflicting,True,gb,initial,cup,red tapered cup body; pale broad rim; circular bottom,paper versus plastic; contents; identity among similar cups,
vot,1000,acd1f5fd2822d44de32207fe33359adea8d90b71562565d160bd62a02b386d96,cup02_indoor_1,00000959,corrected,cup,red tapered cup body; pale broad rim; circular bottom,paper versus plastic; contents; identity among similar cups,,多杯移动和翻转，按本初始化红框确定对象。,初始化索引 958：目标本帧倒扣/翻转，宽口浅边朝下；仅描述当前可见结构，不把姿态当永久属性。,,,GPT-6 Astra Pro,2026-10-02,conflicting,True,gb,initial,cup,red tapered cup body; pale broad rim; circular bottom,paper versus plastic; contents; identity among similar cups,
vot,1001,20832aff933e6bd367f8ef1363d797307154c21ccaeaaee531492213bc16096e,cup02_indoor_1,00001007,corrected,cup,red tapered cup body; pale broad rim; circular bottom,paper versus plastic; contents; identity among similar cups,,多杯移动和翻转，按本初始化红框确定对象。,初始化索引 1006：目标本帧倒扣/翻转，宽口浅边朝下；仅描述当前可见结构，不把姿态当永久属性。,,,GPT-6 Astra Pro,2026-10-02,conflicting,True,gb,initial,cup,red tapered cup body; pale broad rim; circular bottom,paper versus plastic; contents; identity among similar cups,
vot,1002,5f5338026a54317e883bf07f32c9e7643c3955af499d0a7b36608fac2ae08834,cup02_indoor_1,00001051,corrected,cup,red tapered cup body; pale broad rim; circular bottom,paper versus plastic; contents; identity among similar cups,,多杯移动和翻转，按本初始化红框确定对象。,初始化索引 1050：目标本帧倒扣/翻转，宽口浅边朝下；仅描述当前可见结构，不把姿态当永久属性。,,,GPT-6 Astra Pro,2026-10-02,conflicting,True,gb,initial,cup,red tapered cup body; pale broad rim; circular bottom,paper versus plastic; contents; identity among similar cups,
vot,1003,5043dd62a4c62f0cf4a85002f4af87e0c46aceb7fbd05b4737b3d9149c51ebe9,cup02_indoor_1,00001101,corrected,cup,red tapered cup body; pale broad rim; circular bottom,paper versus plastic; contents; identity among similar cups,,多杯移动和翻转，按本初始化红框确定对象。,初始化索引 1100：目标本帧倒扣/翻转，宽口浅边朝下；仅描述当前可见结构，不把姿态当永久属性。,,,GPT-6 Astra Pro,2026-10-02,conflicting,True,gb,initial,cup,red tapered cup body; pale broad rim; circular bottom,paper versus plastic; contents; identity among similar cups,
vot,1004,6201abfc93148788fcb9cb5ab780f468a1a9b7034b72f32008f2aef064b5215a,cup02_indoor_1,00001151,corrected,cup,red tapered cup body; pale broad rim; circular bottom,paper versus plastic; contents; identity among similar cups,,多杯移动和翻转，按本初始化红框确定对象。,初始化索引 1150：目标本帧倒扣/翻转，宽口浅边朝下；仅描述当前可见结构，不把姿态当永久属性。,,,GPT-6 Astra Pro,2026-10-02,conflicting,True,gb,initial,cup,red tapered cup body; pale broad rim; circular bottom,paper versus plastic; contents; identity among similar cups,
vot,1005,ed469dc746327a9b99973eb2c4538c29bfec124ce9cd0325c17936a369f54c72,cup02_indoor_1,00001201,supported,cup,red tapered cup body; pale broad rim; circular bottom,paper versus plastic; contents; identity among similar cups,,多杯移动和翻转，按本初始化红框确定对象。,初始化索引 1200：目标本帧倒扣/翻转，宽口浅边朝下；仅描述当前可见结构，不把姿态当永久属性。,,,GPT-6 Astra Pro,2026-10-02,conflicting,True,gb,initial,cup,red tapered cup body; pale broad rim; circular bottom,paper versus plastic; contents; identity among similar cups,
vot,1006,9d78932e0f581bed2cbc30fe36273d9ff818ad0fdba731ed6e7020d87e3c1a10,cup02_indoor_1,00001251,corrected,cup,red tapered cup body; pale broad rim; circular bottom,paper versus plastic; contents; identity among similar cups,,多杯移动和翻转，按本初始化红框确定对象。,初始化索引 1250：目标本帧倒扣/翻转，宽口浅边朝下；仅描述当前可见结构，不把姿态当永久属性。,,,GPT-6 Astra Pro,2026-10-02,conflicting,True,gb,initial,,,,
vot,1007,192108c81229f09595b1533cd01aedf6b15f964039e215e67870fbb2c6c57117,cup02_indoor_1,00001301,corrected,cup,red tapered cup body; pale broad rim; circular bottom,paper versus plastic; contents; identity among similar cups,,多杯移动和翻转，按本初始化红框确定对象。,初始化索引 1300：目标本帧倒扣/翻转，宽口浅边朝下；仅描述当前可见结构，不把姿态当永久属性。,,,GPT-6 Astra Pro,2026-10-02,conflicting,True,gb,initial,cup,red tapered cup body; pale broad rim; circular bottom,paper versus plastic; contents; identity among similar cups,
vot,1008,b19dbe82cc4ab6e6b74239187205219807a83eb5e5aa6247dc30f25fc4e540c6,cup02_indoor_1,00001351,supported,cup,red tapered cup body; pale broad rim; circular bottom,paper versus plastic; contents; identity among similar cups,,多杯移动和翻转，按本初始化红框确定对象。,初始化索引 1350：目标本帧倒扣/翻转，宽口浅边朝下；仅描述当前可见结构，不把姿态当永久属性。,,,GPT-6 Astra Pro,2026-10-02,conflicting,True,gb,initial,cup,red tapered cup body; pale broad rim; circular bottom,paper versus plastic; contents; identity among similar cups,
vot,1009,adf0779b9b0da85ebface8b96750e5607ad727529110af4bf26bbc7c67e44c19,cup02_indoor_1,00001401,corrected,cup,red tapered cup body; pale broad rim; circular bottom,paper versus plastic; contents; identity among similar cups,,多杯移动和翻转，按本初始化红框确定对象。,初始化索引 1400：目标本帧倒扣/翻转，宽口浅边朝下；仅描述当前可见结构，不把姿态当永久属性。,,,GPT-6 Astra Pro,2026-10-02,conflicting,True,gb,initial,cup,red tapered cup body; pale broad rim; circular bottom,paper versus plastic; contents; identity among similar cups,
vot,1010,bbaa92390f01868770bf393578e9f82a84fd094d57ddb86ddfd506ed7ff3ee75,cup02_indoor_1,00001451,corrected,cup,red tapered cup body; pale broad rim; circular bottom,paper versus plastic; contents; identity among similar cups,,多杯移动和翻转，按本初始化红框确定对象。,初始化索引 1450：目标本帧倒扣/翻转，宽口浅边朝下；仅描述当前可见结构，不把姿态当永久属性。,,,GPT-6 Astra Pro,2026-10-02,conflicting,True,gb,initial,cup,red tapered cup body; pale broad rim; circular bottom,paper versus plastic; contents; identity among similar cups,
vot,1011,38c3e095b91838a3be9a5e6da41777baf9206650ce8ba6b914b8f298f38e997c,cup02_indoor_1,00001501,supported,cup,red tapered cup body; pale broad rim; circular bottom,paper versus plastic; contents; identity among similar cups,,多杯移动和翻转，按本初始化红框确定对象。,初始化索引 1500：目标本帧倒扣/翻转，宽口浅边朝下；仅描述当前可见结构，不把姿态当永久属性。,,,GPT-6 Astra Pro,2026-10-02,conflicting,True,gb,initial,cup,red tapered cup body; pale broad rim; circular bottom,paper versus plastic; contents; identity among similar cups,
vot,1012,9534034d7c590a1036e5c22e9b5057ea4ab90800fda8f494bf316cfebc33eb8e,cup02_indoor_1,00001551,corrected,cup,red tapered cup body; pale broad rim; circular bottom,paper versus plastic; contents; identity among similar cups,,多杯移动和翻转，按本初始化红框确定对象。,初始化索引 1550：目标本帧倒扣/翻转，宽口浅边朝下；仅描述当前可见结构，不把姿态当永久属性。,,,GPT-6 Astra Pro,2026-10-02,conflicting,True,gb,initial,cup,red tapered cup body; pale broad rim; circular bottom,paper versus plastic; contents; identity among similar cups,
vot,1013,762fb287eda8f76b83beae62ee434ae67c0a463fe2786dfdad89cabfe37948bf,cup02_indoor_1,00001601,supported,cup,red tapered cup body; pale broad rim; circular bottom,paper versus plastic; contents; identity among similar cups,,多杯移动和翻转，按本初始化红框确定对象。,初始化索引 1600：目标本帧倒扣/翻转，宽口浅边朝下；仅描述当前可见结构，不把姿态当永久属性。,,,GPT-6 Astra Pro,2026-10-02,conflicting,True,gb,initial,cup,red tapered cup body; pale broad rim; circular bottom,paper versus plastic; contents; identity among similar cups,
vot,1014,a2920cf3e92e905bd14fa242c510bb5ecef963a36871ab916b7697d9c48f1858,cup02_indoor_1,00001651,corrected,cup,red cup side; pale rim,paper versus plastic; contents; identity among similar cups,,多杯移动和翻转，按本初始化红框确定对象。,初始化索引 1650：杯侧翻且部分被手遮住，不借邻杯的姿态判断本目标。,,,GPT-6 Astra Pro,2026-10-02,conflicting,True,gb,initial,cup,red cup side; pale rim,paper versus plastic; contents; identity among similar cups,
vot,1015,098dbf0b216f8d09bf91e8ee04eca6fa2d4c8c1ea6627c68e28e4c542eac3108,cup02_indoor_1,00001701,corrected,cup,red tapered body; pale rim; side ridges,paper versus plastic; contents; identity among similar cups,,多杯移动和翻转，按本初始化红框确定对象。,初始化索引 1700：红框为多只相似红杯中的一只，不能确定纸或塑料，不凭相同外观推断后续同一实例。,,,GPT-6 Astra Pro,2026-10-02,conflicting,True,gb,initial,cup,red tapered body; pale rim; side ridges,paper versus plastic; contents; identity among similar cups,
vot,1016,8571a14a81883a884140e08e02de1934058033ecc5e5803c4368ba428949ea9e,cup02_indoor_1,00001753,corrected,cup,red tapered body; pale rim; side ridges,paper versus plastic; contents; identity among similar cups,,多杯移动和翻转，按本初始化红框确定对象。,初始化索引 1752：红框为多只相似红杯中的一只，不能确定纸或塑料，不凭相同外观推断后续同一实例。,,,GPT-6 Astra Pro,2026-10-02,conflicting,True,gb,initial,cup,red tapered body; pale rim; side ridges,paper versus plastic; contents; identity among similar cups,
vot,1017,982007084dec4b60396a13ddec64f4770732e9ba38398d51255fc620208837aa,cup04_indoor_1,00000001,uncertain,object,black cylinder; ridged rings; pale upper rim; thin red ring,camera lens versus lens-shaped cup; function; contents; material,,近邻/概览只确认圆柱转向，不以文件名确定用途。,初始化索引 0：黑色圆柱有镜头式环纹，但真实镜头与镜头造型杯难区分；不硬判光学或饮水功能。,,,GPT-6 Astra Pro,2026-10-02,conflicting,True,gb,initial,camera lens-shaped cup,black cylinder; ridged rings; pale upper rim; thin red ring,camera lens versus lens-shaped cup; function; contents; material,
vot,1018,cf5b95cbbc126132cd0edb8a3f3bf237b1e54fa2e6e6f54691e81756aaf05e07,cup04_indoor_1,00000051,uncertain,object,black cylinder; ridged rings; pale upper rim; thin red ring,camera lens versus lens-shaped cup; function; contents; material,,近邻/概览只确认圆柱转向，不以文件名确定用途。,初始化索引 50：黑色圆柱有镜头式环纹，但真实镜头与镜头造型杯难区分；不硬判光学或饮水功能。,,,GPT-6 Astra Pro,2026-10-02,conflicting,True,gb,initial,camera lens-shaped cup,black cylinder; ridged rings; pale upper rim; thin red ring,camera lens versus lens-shaped cup; function; contents; material,
vot,1019,ddc68ecd700cdcc5a4f4d6d666be2234b5deacc9e30734bc8550398a7b136fee,cup04_indoor_1,00000101,uncertain,object,dark cylindrical outline; pale upper band,camera lens versus lens-shaped cup; function; contents; material,,近邻/概览只确认圆柱转向，不以文件名确定用途。,初始化索引 100：本帧目标小或模糊，无法确认环纹、细字和光学/饮水用途。,,,GPT-6 Astra Pro,2026-10-02,conflicting,True,gb,initial,camera lens-shaped cup,dark cylindrical outline; pale upper band,camera lens versus lens-shaped cup; function; contents; material,
vot,1020,6b36fd390622d83f1434eff17ecbbee2cebc9d665a5a8a613174f54fbd018215,cup04_indoor_1,00000151,uncertain,object,dark cylindrical outline; pale upper band,camera lens versus lens-shaped cup; function; contents; material,,近邻/概览只确认圆柱转向，不以文件名确定用途。,初始化索引 150：本帧目标小或模糊，无法确认环纹、细字和光学/饮水用途。,,,GPT-6 Astra Pro,2026-10-02,conflicting,True,gb,initial,camera lens-shaped cup,dark cylindrical outline; pale upper band,camera lens versus lens-shaped cup; function; contents; material,
vot,1021,a10c737c3d726a19c07b4f1980cceea21bb938070848e4c295813d2fb154d28a,cup04_indoor_1,00000201,uncertain,object,black cylinder; ridged rings; pale upper rim; thin red ring,camera lens versus lens-shaped cup; function; contents; material,,近邻/概览只确认圆柱转向，不以文件名确定用途。,初始化索引 200：黑色圆柱有镜头式环纹，但真实镜头与镜头造型杯难区分；不硬判光学或饮水功能。,,,GPT-6 Astra Pro,2026-10-02,conflicting,True,gb,initial,camera lens-shaped cup,black cylinder; ridged rings; pale upper rim; thin red ring,camera lens versus lens-shaped cup; function; contents; material,
vot,1022,4fed486f64e8718bc515d828d9664b5c247d2b2f49b8842b3d4de67e0e52cf98,cup04_indoor_1,00000251,uncertain,object,black cylinder; ridged rings; pale upper rim; thin red ring,camera lens versus lens-shaped cup; function; contents; material,,近邻/概览只确认圆柱转向，不以文件名确定用途。,初始化索引 250：黑色圆柱有镜头式环纹，但真实镜头与镜头造型杯难区分；不硬判光学或饮水功能。,,,GPT-6 Astra Pro,2026-10-02,conflicting,True,gb,initial,camera lens-shaped cup,black cylinder; ridged rings; pale upper rim; thin red ring,camera lens versus lens-shaped cup; function; contents; material,
vot,1023,bc16883c0870567e3cada40b664fabaef476ccf0527afc951c9c94eea91e5b44,cup04_indoor_1,00000301,uncertain,object,black cylinder; ridged rings; pale upper rim; thin red ring,camera lens versus lens-shaped cup; function; contents; material,,近邻/概览只确认圆柱转向，不以文件名确定用途。,初始化索引 300：黑色圆柱有镜头式环纹，但真实镜头与镜头造型杯难区分；不硬判光学或饮水功能。,,,GPT-6 Astra Pro,2026-10-02,conflicting,True,gb,initial,camera lens-shaped cup,black cylinder; ridged rings; pale upper rim; thin red ring,camera lens versus lens-shaped cup; function; contents; material,
vot,1024,b27226204169656cca079534825da9c5227dd1ea30ea3adf287fcdb5a80bc43c,cup04_indoor_1,00000351,uncertain,object,dark cylindrical outline; pale upper band,camera lens versus lens-shaped cup; function; contents; material,,近邻/概览只确认圆柱转向，不以文件名确定用途。,初始化索引 350：本帧目标小或模糊，无法确认环纹、细字和光学/饮水用途。,,,GPT-6 Astra Pro,2026-10-02,conflicting,True,gb,initial,camera lens-shaped cup,dark cylindrical outline; pale upper band,camera lens versus lens-shaped cup; function; contents; material,
vot,1025,132240ac7feb5e27e87c3d7a17a5fca78f788f638d52b9d6f588f7c3dfe02f64,cup04_indoor_1,00000401,uncertain,object,dark cylindrical outline; pale upper band,camera lens versus lens-shaped cup; function; contents; material,,近邻/概览只确认圆柱转向，不以文件名确定用途。,初始化索引 400：本帧目标小或模糊，无法确认环纹、细字和光学/饮水用途。,,,GPT-6 Astra Pro,2026-10-02,conflicting,True,gb,initial,camera lens-shaped cup,dark cylindrical outline; pale upper band,camera lens versus lens-shaped cup; function; contents; material,
vot,1026,7011985b9b41e03b61abf79c0f3f48064fd5f8a7bddcd43352735503d8e2951c,cup04_indoor_1,00000451,uncertain,object,black cylinder; ridged rings; pale upper rim; thin red ring,camera lens versus lens-shaped cup; function; contents; material,,近邻/概览只确认圆柱转向，不以文件名确定用途。,初始化索引 450：黑色圆柱有镜头式环纹，但真实镜头与镜头造型杯难区分；不硬判光学或饮水功能。,,,GPT-6 Astra Pro,2026-10-02,conflicting,True,gb,initial,camera lens-shaped cup,black cylinder; ridged rings; pale upper rim; thin red ring,camera lens versus lens-shaped cup; function; contents; material,
vot,1027,245bcd8ed3ec7e218b8da923d3af223934eb0676b0dd81b812978abde7c6cbbd,cup04_indoor_1,00000501,uncertain,object,black cylinder; ridged rings; pale upper rim; thin red ring,camera lens versus lens-shaped cup; function; contents; material,,近邻/概览只确认圆柱转向，不以文件名确定用途。,初始化索引 500：黑色圆柱有镜头式环纹，但真实镜头与镜头造型杯难区分；不硬判光学或饮水功能。,,,GPT-6 Astra Pro,2026-10-02,conflicting,True,gb,initial,camera lens-shaped cup,black cylinder; ridged rings; pale upper rim; thin red ring,camera lens versus lens-shaped cup; function; contents; material,
vot,1028,f7e04632988d197d67228d4fd15d982a8399514332ba9c6f454d113a56a257e9,cup04_indoor_1,00000551,uncertain,object,black cylinder; ridged rings; pale upper rim; thin red ring,camera lens versus lens-shaped cup; function; contents; material,,近邻/概览只确认圆柱转向，不以文件名确定用途。,初始化索引 550：黑色圆柱有镜头式环纹，但真实镜头与镜头造型杯难区分；不硬判光学或饮水功能。,,,GPT-6 Astra Pro,2026-10-02,conflicting,True,gb,initial,camera lens-shaped cup,black cylinder; ridged rings; pale upper rim; thin red ring,camera lens versus lens-shaped cup; function; contents; material,
vot,1029,743e88ec3ad657d4aa8e728e94f96d137ccab4668a35706c8e88def98bfad680,cup04_indoor_1,00000601,uncertain,object,black cylinder; ridged rings; pale upper rim; thin red ring,camera lens versus lens-shaped cup; function; contents; material,,近邻/概览只确认圆柱转向，不以文件名确定用途。,初始化索引 600：黑色圆柱有镜头式环纹，但真实镜头与镜头造型杯难区分；不硬判光学或饮水功能。,,,GPT-6 Astra Pro,2026-10-02,conflicting,True,gb,initial,camera lens-shaped cup,black cylinder; ridged rings; pale upper rim; thin red ring,camera lens versus lens-shaped cup; function; contents; material,
vot,1030,3bc465b5c5272f32250a9bccd196901bbe91db85fe9b409c1ca9e55f347c26de,cup04_indoor_1,00000651,uncertain,object,black cylinder; ridged rings; pale upper rim; thin red ring,camera lens versus lens-shaped cup; function; contents; material,,近邻/概览只确认圆柱转向，不以文件名确定用途。,初始化索引 650：黑色圆柱有镜头式环纹，但真实镜头与镜头造型杯难区分；不硬判光学或饮水功能。,,,GPT-6 Astra Pro,2026-10-02,conflicting,True,gb,initial,camera lens-shaped cup,black cylinder; ridged rings; pale upper rim; thin red ring,camera lens versus lens-shaped cup; function; contents; material,
vot,1031,221e4f5052193d75393f1a6fb2b88a16955f299d6ab77158200ebe1a151590be,cup04_indoor_1,00000701,uncertain,object,black cylinder; ridged rings; pale upper rim; thin red ring,camera lens versus lens-shaped cup; function; contents; material,,近邻/概览只确认圆柱转向，不以文件名确定用途。,初始化索引 700：黑色圆柱有镜头式环纹，但真实镜头与镜头造型杯难区分；不硬判光学或饮水功能。,,,GPT-6 Astra Pro,2026-10-02,conflicting,True,gb,initial,camera lens-shaped cup,black cylinder; ridged rings; pale upper rim; thin red ring,camera lens versus lens-shaped cup; function; contents; material,
vot,1032,4350cfb451238196beea1ebb5257b356d3112f3c9bf5fdf0704e44e8d7336219,cup04_indoor_1,00000751,uncertain,object,black cylinder; ridged rings; pale upper rim; thin red ring,camera lens versus lens-shaped cup; function; contents; material,,近邻/概览只确认圆柱转向，不以文件名确定用途。,初始化索引 750：黑色圆柱有镜头式环纹，但真实镜头与镜头造型杯难区分；不硬判光学或饮水功能。,,,GPT-6 Astra Pro,2026-10-02,conflicting,True,gb,initial,camera lens-shaped cup,black cylinder; ridged rings; pale upper rim; thin red ring,camera lens versus lens-shaped cup; function; contents; material,
vot,1033,4da3808579d859c933ebd013c4010709cd17d77987d236410b657324f9cc9538,cup04_indoor_1,00000801,uncertain,object,dark cylindrical outline; pale upper band,camera lens versus lens-shaped cup; function; contents; material,,近邻/概览只确认圆柱转向，不以文件名确定用途。,初始化索引 800：本帧目标小或模糊，无法确认环纹、细字和光学/饮水用途。,,,GPT-6 Astra Pro,2026-10-02,conflicting,True,gb,initial,camera lens-shaped cup,dark cylindrical outline; pale upper band,camera lens versus lens-shaped cup; function; contents; material,
vot,1034,5f4dddecc5156fec33327f3b7d78c0aa83aec730ff6ffe7c10e050aee3277a65,cup04_indoor_1,00000851,uncertain,object,dark cylindrical outline; pale upper band,camera lens versus lens-shaped cup; function; contents; material,,近邻/概览只确认圆柱转向，不以文件名确定用途。,初始化索引 850：本帧目标小或模糊，无法确认环纹、细字和光学/饮水用途。,,,GPT-6 Astra Pro,2026-10-02,conflicting,True,gb,initial,camera lens-shaped cup,dark cylindrical outline; pale upper band,camera lens versus lens-shaped cup; function; contents; material,
vot,1035,e437ef0291cde2cded4e85221d62df6f535c5bfbd7c919fb99824fe613165b4d,cup04_indoor_1,00000901,uncertain,object,dark cylindrical outline; pale upper band,camera lens versus lens-shaped cup; function; contents; material,,近邻/概览只确认圆柱转向，不以文件名确定用途。,初始化索引 900：本帧目标小或模糊，无法确认环纹、细字和光学/饮水用途。,,,GPT-6 Astra Pro,2026-10-02,conflicting,True,gb,initial,camera lens-shaped cup,dark cylindrical outline; pale upper band,camera lens versus lens-shaped cup; function; contents; material,
vot,1036,88bf44dc0b08b7934bcf328808f5bfccceb43160cb093b8afb69a953055c5812,cup04_indoor_1,00000951,uncertain,object,black cylinder; ridged rings; pale upper rim; thin red ring,camera lens versus lens-shaped cup; function; contents; material,,近邻/概览只确认圆柱转向，不以文件名确定用途。,初始化索引 950：黑色圆柱有镜头式环纹，但真实镜头与镜头造型杯难区分；不硬判光学或饮水功能。,,,GPT-6 Astra Pro,2026-10-02,conflicting,True,gb,initial,camera lens-shaped cup,black cylinder; ridged rings; pale upper rim; thin red ring,camera lens versus lens-shaped cup; function; contents; material,
vot,1037,f350f172fcaf48c7adef57a2619a96a907a6f149b459ccbbb979766188d0393f,cup04_indoor_1,00001001,uncertain,object,black cylinder; ridged rings; pale upper rim; thin red ring,camera lens versus lens-shaped cup; function; contents; material,,近邻/概览只确认圆柱转向，不以文件名确定用途。,初始化索引 1000：黑色圆柱有镜头式环纹，但真实镜头与镜头造型杯难区分；不硬判光学或饮水功能。,,,GPT-6 Astra Pro,2026-10-02,conflicting,True,gb,initial,camera lens-shaped cup,black cylinder; ridged rings; pale upper rim; thin red ring,camera lens versus lens-shaped cup; function; contents; material,
vot,1038,cea3f7bca7445dd2e49ea2dbf0d933542e8cc9e234aa6a43c3eb103289726faf,cup04_indoor_1,00001051,uncertain,object,black cylinder; ridged rings; pale upper rim; thin red ring,camera lens versus lens-shaped cup; function; contents; material,,近邻/概览只确认圆柱转向，不以文件名确定用途。,初始化索引 1050：黑色圆柱有镜头式环纹，但真实镜头与镜头造型杯难区分；不硬判光学或饮水功能。,,,GPT-6 Astra Pro,2026-10-02,conflicting,True,gb,initial,camera lens-shaped cup,black cylinder; ridged rings; pale upper rim; thin red ring,camera lens versus lens-shaped cup; function; contents; material,
vot,1039,2faf27fc0bed235cf1d61124e5f01b922d44cbbf413c60297ad0a51fca9b4714,cup04_indoor_1,00001085,uncertain,object,dark cylindrical outline; pale upper band,camera lens versus lens-shaped cup; function; contents; material,,近邻/概览只确认圆柱转向，不以文件名确定用途。,初始化索引 1084：本帧目标小或模糊，无法确认环纹、细字和光学/饮水用途。,,,GPT-6 Astra Pro,2026-10-02,conflicting,True,gb,initial,camera lens-shaped cup,dark cylindrical outline; pale upper band,camera lens versus lens-shaped cup; function; contents; material,
vot,1040,f4ade2cfb176aefdcd2ef1e3671d4dd14256c95cc3f98fa375aa1136d463bab0,developmentboard_indoor_4,00000001,corrected,electronic device,small greenish board; arranged pale components,function; model; buttons,,近邻另一面有蓝色发光区域，未见部件不补入初始。,初始化索引 0：朝镜头为板件和排列元件，不能认定遥控按钮。,,,GPT-6 Astra Pro,2026-10-02,conflicting,True,gb,initial,developmentboard,small greenish board; arranged pale components,function; model; buttons,
vot,1041,27e579c01ca5af2821ec5cb9ae14e43bbfc3c2a4053e2041a1c2706a7f697638,developmentboard_indoor_4,00000051,uncertain,electronic device,thin dark edge; small blue and red light spots,function; model; buttons,,近邻另一面有蓝色发光区域，未见部件不补入初始。,初始化索引 50：本帧为窄侧面，功能不明，类别由近邻板件辅助。,,,GPT-6 Astra Pro,2026-10-02,conflicting,True,gb,initial,developmentboard,thin dark edge; small blue and red light spots,function; model; buttons,
vot,1042,31858c33328a59da3a9877739d2a5778a1cdb7c5657bb18cdfd67ce48be57fcd,developmentboard_indoor_4,00000106,corrected,electronic device,narrow board-like body; pale component marks,function; model; buttons,,近邻另一面有蓝色发光区域，未见部件不补入初始。,初始化索引 105：板件被手部分遮住，不确认具体端口或功能。,,,GPT-6 Astra Pro,2026-10-02,conflicting,True,gb,initial,developmentboard,narrow board-like body; pale component marks,function; model; buttons,
vot,1043,46cd74a366296aa2e34445ae8ebc262e428bffbc1b562d5862ab4aae38214125,developmentboard_indoor_4,00000151,corrected,electronic device,narrow board-like body; pale component marks,function; model; buttons,,近邻另一面有蓝色发光区域，未见部件不补入初始。,初始化索引 150：板件被手部分遮住，不确认具体端口或功能。,,,GPT-6 Astra Pro,2026-10-02,conflicting,True,gb,initial,developmentboard,narrow board-like body; pale component marks,function; model; buttons,
vot,1044,cc3883419e0c78fe15288300c57e9e24f202bc40fe2e42d33db0db601e447519,developmentboard_indoor_4,00000201,corrected,electronic device,narrow board-like body; pale component marks,function; model; buttons,,近邻另一面有蓝色发光区域，未见部件不补入初始。,初始化索引 200：板件被手部分遮住，不确认具体端口或功能。,,,GPT-6 Astra Pro,2026-10-02,conflicting,True,gb,initial,developmentboard,narrow board-like body; pale component marks,function; model; buttons,
vot,1045,332b03460555b9c459dfdd42c59ecb05db57bc0693efe60955bd742a75c96d73,developmentboard_indoor_4,00000251,corrected,electronic device,small dark board-like device; blue luminous areas,function; model; buttons,,近邻另一面有蓝色发光区域，未见部件不补入初始。,初始化索引 250：蓝色发光区域是本帧可见状态，不确认显示用途和按键。,,,GPT-6 Astra Pro,2026-10-02,conflicting,True,gb,initial,developmentboard,small dark board-like device; blue luminous areas,function; model; buttons,
vot,1046,fdecd1768c786e1d875896588a07a317e560cdbc34c480fbe2b64e2a31b717aa,developmentboard_indoor_4,00000301,corrected,electronic device,small dark board-like device; blue luminous areas,function; model; buttons,,近邻另一面有蓝色发光区域，未见部件不补入初始。,初始化索引 300：蓝色发光区域是本帧可见状态，不确认显示用途和按键。,,,GPT-6 Astra Pro,2026-10-02,conflicting,True,gb,initial,developmentboard,small dark board-like device; blue luminous areas,function; model; buttons,
vot,1047,bcc097b4ec3dad8eecc6d5c7530cfe39d527f4a2e061cf7fb80bbe6058436383,developmentboard_indoor_4,00000351,corrected,electronic device,small dark board-like device; blue luminous areas,function; model; buttons,,近邻另一面有蓝色发光区域，未见部件不补入初始。,初始化索引 350：蓝色发光区域是本帧可见状态，不确认显示用途和按键。,,,GPT-6 Astra Pro,2026-10-02,conflicting,True,gb,initial,developmentboard,small dark board-like device; blue luminous areas,function; model; buttons,
vot,1048,e93a11c9047aefc21fa0ee81e5c0b9d73959057855fd0422e9a95d696e19e69c,developmentboard_indoor_4,00000364,corrected,electronic device,small dark board-like device; blue luminous areas,function; model; buttons,,近邻另一面有蓝色发光区域，未见部件不补入初始。,初始化索引 363：蓝色发光区域是本帧可见状态，不确认显示用途和按键。,,,GPT-6 Astra Pro,2026-10-02,conflicting,True,gb,initial,developmentboard,small dark board-like device; blue luminous areas,function; model; buttons,
vot,1049,e6d2b14d182b8c0855d8754170a55da7330042a0afb1d96f8917248f5d97d0ae,dog_outside_1,00000001,corrected,dog,dark upper coat; white chest and lower-leg patches; dog-like head,breed; blue jacket; collar,,近邻辅助犬与周围人的区分，姿态不作永久属性。,初始化索引 0：红框为犬只，不把旁边人的蓝色衣物移给犬，品种不确认。,,,GPT-6 Astra Pro,2026-10-02,conflicting,True,gb,initial,dog,dark upper coat; white chest and lower-leg patches; dog-like head,breed; blue jacket; collar,
vot,1050,cab2c5b6320c81b75c4620278220a09f5ece4a1c6d433c2b57ace305b071f392,dog_outside_1,00000051,corrected,dog,dark and pale fur patches; blurred four-legged silhouette,breed; blue jacket; collar,,近邻辅助犬与周围人的区分，姿态不作永久属性。,初始化索引 50：本帧强光/模糊，只确认犬形粗轮廓，不确认衣物。,,,GPT-6 Astra Pro,2026-10-02,conflicting,True,gb,initial,dog,dark and pale fur patches; blurred four-legged silhouette,breed; blue jacket; collar,
vot,1051,71f5030ea8ed84337b04b0896dcdd2d4becfd3156807140150eda7bd5907e172,dog_outside_1,00000101,corrected,dog,dark upper coat; white chest and lower-leg patches; dog-like head,breed; blue jacket; collar,,近邻辅助犬与周围人的区分，姿态不作永久属性。,初始化索引 100：红框为犬只，不把旁边人的蓝色衣物移给犬，品种不确认。,,,GPT-6 Astra Pro,2026-10-02,conflicting,True,gb,initial,dog,dark upper coat; white chest and lower-leg patches; dog-like head,breed; blue jacket; collar,
vot,1052,23c5212bcb7ac4ad07ed40e155b583c5254a1a8d649082aaceb39da44ce5c423,dog_outside_1,00000151,corrected,dog,black and white coat; side or rear body,breed; blue jacket; collar,,近邻辅助犬与周围人的区分，姿态不作永久属性。,初始化索引 150：当前侧/背向，不补眼色和正脸毛斑。,,,GPT-6 Astra Pro,2026-10-02,conflicting,True,gb,initial,dog,black and white coat; side or rear body,breed; blue jacket; collar,
vot,1053,aa3494e7c48ab905afb864c1587b5dedd0c09699dbeff7a3edd77189f24e04e9,dog_outside_1,00000201,corrected,dog,black and white coat; side or rear body,breed; blue jacket; collar,,近邻辅助犬与周围人的区分，姿态不作永久属性。,初始化索引 200：当前侧/背向，不补眼色和正脸毛斑。,,,GPT-6 Astra Pro,2026-10-02,conflicting,True,gb,initial,dog,black and white coat; side or rear body,breed; blue jacket; collar,
vot,1054,f5919a6439db79197c49fa97f434bdf0515411a124b2d7bd192386f149193d16,dog_outside_1,00000251,corrected,dog,black and white coat; side or rear body,breed; blue jacket; collar,,近邻辅助犬与周围人的区分，姿态不作永久属性。,初始化索引 250：当前侧/背向，不补眼色和正脸毛斑。,,,GPT-6 Astra Pro,2026-10-02,conflicting,True,gb,initial,dog,black and white coat; side or rear body,breed; blue jacket; collar,
vot,1055,4dbb7b2617da2f9d15892dde22bfe752b4b18341d6d1f00622ebacdbb1d78f4d,dog_outside_1,00000301,corrected,dog,dark upper coat; white chest and lower-leg patches; dog-like head,breed; blue jacket; collar,,近邻辅助犬与周围人的区分，姿态不作永久属性。,初始化索引 300：红框为犬只，不把旁边人的蓝色衣物移给犬，品种不确认。,,,GPT-6 Astra Pro,2026-10-02,conflicting,True,gb,initial,dog,dark upper coat; white chest and lower-leg patches; dog-like head,breed; blue jacket; collar,
vot,1056,ddbf347e7a00448f6e040c1494aceb4c852a5886fc13631bafb6de380a542e93,dog_outside_1,00000351,corrected,dog,black and white coat; side or rear body,breed; blue jacket; collar,,近邻辅助犬与周围人的区分，姿态不作永久属性。,初始化索引 350：当前侧/背向，不补眼色和正脸毛斑。,,,GPT-6 Astra Pro,2026-10-02,conflicting,True,gb,initial,dog,black and white coat; side or rear body,breed; blue jacket; collar,
vot,1057,26ef0a6535793580f947707546c984998291f69f7966fdf6aa2644d66b6003b2,dog_outside_1,00000401,corrected,dog,black and white coat; side or rear body,breed; blue jacket; collar,,近邻辅助犬与周围人的区分，姿态不作永久属性。,初始化索引 400：当前侧/背向，不补眼色和正脸毛斑。,,,GPT-6 Astra Pro,2026-10-02,conflicting,True,gb,initial,dog,black and white coat; side or rear body,breed; blue jacket; collar,
vot,1058,3bdd166c63d24ef3a808c4cc7641f3f223d1b013275f6e8ce9457fb1fffcbcc6,dog_outside_1,00000451,corrected,dog,dark upper coat; white chest and lower-leg patches; dog-like head,breed; blue jacket; collar,,近邻辅助犬与周围人的区分，姿态不作永久属性。,初始化索引 450：红框为犬只，不把旁边人的蓝色衣物移给犬，品种不确认。,,,GPT-6 Astra Pro,2026-10-02,conflicting,True,gb,initial,dog,dark upper coat; white chest and lower-leg patches; dog-like head,breed; blue jacket; collar,
vot,1059,1c860f572bc19fc49192cd16d9f2f0b0377d24acf8b6ee5fbcc55d5346c0948c,dog_outside_1,00000501,corrected,dog,black and white coat; side or rear body,breed; blue jacket; collar,,近邻辅助犬与周围人的区分，姿态不作永久属性。,初始化索引 500：当前侧/背向，不补眼色和正脸毛斑。,,,GPT-6 Astra Pro,2026-10-02,conflicting,True,gb,initial,dog,black and white coat; side or rear body,breed; blue jacket; collar,
vot,1060,8d97a2783c1ce3b42f30f9a9eadd65eac93feea19eea87295f266692122ddf57,dog_outside_1,00000551,corrected,dog,dark upper coat; white chest and lower-leg patches; dog-like head,breed; blue jacket; collar,,近邻辅助犬与周围人的区分，姿态不作永久属性。,初始化索引 550：红框为犬只，不把旁边人的蓝色衣物移给犬，品种不确认。,,,GPT-6 Astra Pro,2026-10-02,conflicting,True,gb,initial,dog,dark upper coat; white chest and lower-leg patches; dog-like head,breed; blue jacket; collar,
vot,1061,2d17cadbb350b871805b8dcf5e0f9b0e272986d86f162efa39780ca7003b83c7,dog_outside_1,00000601,corrected,dog,black and white coat; side or rear body,breed; blue jacket; collar,,近邻辅助犬与周围人的区分，姿态不作永久属性。,初始化索引 600：当前侧/背向，不补眼色和正脸毛斑。,,,GPT-6 Astra Pro,2026-10-02,conflicting,True,gb,initial,dog,black and white coat; side or rear body,breed; blue jacket; collar,
vot,1062,deb1cc927a84158692a5d8e0c2fd2a7c983ab5cb27a7adb796617b806fbcef0c,dog_outside_1,00000651,corrected,dog,dark upper coat; white chest and lower-leg patches; dog-like head,breed; blue jacket; collar,,近邻辅助犬与周围人的区分，姿态不作永久属性。,初始化索引 650：红框为犬只，不把旁边人的蓝色衣物移给犬，品种不确认。,,,GPT-6 Astra Pro,2026-10-02,conflicting,True,gb,initial,dog,dark upper coat; white chest and lower-leg patches; dog-like head,breed; blue jacket; collar,
vot,1063,2ba7bd1cd7b97b8467e3b3c23dabebc03939cc82d7311124c0dca28545a087e7,dog_outside_1,00000701,corrected,dog,black and white coat; side or rear body,breed; blue jacket; collar,,近邻辅助犬与周围人的区分，姿态不作永久属性。,初始化索引 700：当前侧/背向，不补眼色和正脸毛斑。,,,GPT-6 Astra Pro,2026-10-02,conflicting,True,gb,initial,dog,black and white coat; side or rear body,breed; blue jacket; collar,
vot,1064,f2dcca846ee14f56d5737689048b4cfd73868040e03464ec96bf4eb88fa61481,dog_outside_1,00000751,corrected,dog,dark upper coat; white chest and lower-leg patches; dog-like head,breed; blue jacket; collar,,近邻辅助犬与周围人的区分，姿态不作永久属性。,初始化索引 750：红框为犬只，不把旁边人的蓝色衣物移给犬，品种不确认。,,,GPT-6 Astra Pro,2026-10-02,conflicting,True,gb,initial,dog,dark upper coat; white chest and lower-leg patches; dog-like head,breed; blue jacket; collar,
vot,1065,a5aa5cb5210e97bd23d9c54f0def4770938d68dfa724e8bea3c833cb336860e0,dog_outside_1,00000801,corrected,dog,dark upper coat; white chest and lower-leg patches; dog-like head,breed; blue jacket; collar,,近邻辅助犬与周围人的区分，姿态不作永久属性。,初始化索引 800：红框为犬只，不把旁边人的蓝色衣物移给犬，品种不确认。,,,GPT-6 Astra Pro,2026-10-02,conflicting,True,gb,initial,dog,dark upper coat; white chest and lower-leg patches; dog-like head,breed; blue jacket; collar,
vot,1066,f79cf3806f6ba171d8988ff807063763ee7e43027ad5235be9b5c2cc771666fc,dog_outside_1,00000851,corrected,dog,black and white coat; side or rear body,breed; blue jacket; collar,,近邻辅助犬与周围人的区分，姿态不作永久属性。,初始化索引 850：当前侧/背向，不补眼色和正脸毛斑。,,,GPT-6 Astra Pro,2026-10-02,conflicting,True,gb,initial,dog,black and white coat; side or rear body,breed; blue jacket; collar,
vot,1067,e2dec4c5259dd4ce2317dd5547c4ef43f4a6511516a3e24231b5f915fb1a620f,dog_outside_1,00000866,corrected,dog,black and white coat; side or rear body,breed; blue jacket; collar,,近邻辅助犬与周围人的区分，姿态不作永久属性。,初始化索引 865：当前侧/背向，不补眼色和正脸毛斑。,,,GPT-6 Astra Pro,2026-10-02,conflicting,True,gb,initial,dog,black and white coat; side or rear body,breed; blue jacket; collar,
vot,1068,213fb8b24c957d9d546c452d2b1d4c9f95f0a22ef374340298c76354f825e16a,duck03_wild_1,00000001,corrected,duck,brown-gray waterfowl body; darker feather patches,species; fine feather color; sex,,水面存在其他水鸟和倒影，后帧对应不硬判。,初始化索引 0：红框为水面指定的鸭形鸟，不混用邻鸟/倒影羽色，不细分物种。,,,GPT-6 Astra Pro,2026-10-02,conflicting,True,gb,initial,duck,brown-gray waterfowl body; darker feather patches,species; fine feather color; sex,
vot,1069,0667bf921934b861117e0f276ae062882a3dfa932ee8723f939ef00f57659c09,duck03_wild_1,00000051,corrected,duck,brown-gray waterfowl body; darker feather patches,species; fine feather color; sex,,水面存在其他水鸟和倒影，后帧对应不硬判。,初始化索引 50：红框为水面指定的鸭形鸟，不混用邻鸟/倒影羽色，不细分物种。,,,GPT-6 Astra Pro,2026-10-02,conflicting,True,gb,initial,duck,brown-gray waterfowl body; darker feather patches,species; fine feather color; sex,
vot,1070,7c966497f45c4f87dbf62562e0f2823719db93299c0885730012b1ee23c53b7d,duck03_wild_1,00000101,corrected,duck,brown-gray waterfowl body; darker feather patches,species; fine feather color; sex,,水面存在其他水鸟和倒影，后帧对应不硬判。,初始化索引 100：红框为水面指定的鸭形鸟，不混用邻鸟/倒影羽色，不细分物种。,,,GPT-6 Astra Pro,2026-10-02,conflicting,True,gb,initial,duck,brown-gray waterfowl body; darker feather patches,species; fine feather color; sex,
vot,1071,c983950efbcba5423dc7db575d60b1175565b5f56341c98c330025bc243e640c,duck03_wild_1,00000151,uncertain,duck,small blurred waterbird silhouette,species; fine feather color; sex,,水面存在其他水鸟和倒影，后帧对应不硬判。,初始化索引 150：水面目标太小/模糊，鸭类只作邻近辅助粗判断，品种和羽色不确认。,,,GPT-6 Astra Pro,2026-10-02,conflicting,True,gb,initial,duck,small blurred waterbird silhouette,species; fine feather color; sex,
vot,1072,9f994d8e7125750388e8e9903034af3620b03f59a8a4f2ad6d83007bea527a14,duck03_wild_1,00000201,corrected,duck,brown-gray waterfowl body; darker feather patches,species; fine feather color; sex,,水面存在其他水鸟和倒影，后帧对应不硬判。,初始化索引 200：红框为水面指定的鸭形鸟，不混用邻鸟/倒影羽色，不细分物种。,,,GPT-6 Astra Pro,2026-10-02,conflicting,True,gb,initial,duck,brown-gray waterfowl body; darker feather patches,species; fine feather color; sex,
vot,1073,5203b5c267cff69f07dd00a45c729e01ed08e3b02658304a74cb468b712770ec,duck03_wild_1,00000218,corrected,duck,brown-gray waterfowl body; darker feather patches,species; fine feather color; sex,,水面存在其他水鸟和倒影，后帧对应不硬判。,初始化索引 217：红框为水面指定的鸭形鸟，不混用邻鸟/倒影羽色，不细分物种。,,,GPT-6 Astra Pro,2026-10-02,conflicting,True,gb,initial,duck,brown-gray waterfowl body; darker feather patches,species; fine feather color; sex,
vot,1074,4629cdcb33052364ca2700edd1cd2eb61c1d53b44be7e65adb946d8586e55054,duck03_wild_2,00000001,corrected,duck,brown-gray waterfowl body; darker feather patches,species; fine feather color; sex,,水面存在其他水鸟和倒影，后帧对应不硬判。,初始化索引 0：红框为水面指定的鸭形鸟，不混用邻鸟/倒影羽色，不细分物种。,,,GPT-6 Astra Pro,2026-10-02,conflicting,True,gb,initial,duck,brown-gray waterfowl body; darker feather patches,species; fine feather color; sex,
vot,1075,a38fe527a8c43517b058502035df1b52e364907463f2d95a3526b4037f39f431,duck03_wild_2,00000051,corrected,duck,brown-gray waterfowl body; darker feather patches,species; fine feather color; sex,,水面存在其他水鸟和倒影，后帧对应不硬判。,初始化索引 50：红框为水面指定的鸭形鸟，不混用邻鸟/倒影羽色，不细分物种。,,,GPT-6 Astra Pro,2026-10-02,conflicting,True,gb,initial,duck,brown-gray waterfowl body; darker feather patches,species; fine feather color; sex,
vot,1076,9eebc224c778c02d592799d2833ba365f77b400a1d83a3aec77e3f240fc80bca,duck03_wild_2,00000101,corrected,duck,dark greenish head; pale neck band; gray body,species; fine feather color; sex,,水面存在其他水鸟和倒影，后帧对应不硬判。,初始化索引 100：本帧可见羽色，不进一步推定品种或性别。,,,GPT-6 Astra Pro,2026-10-02,conflicting,True,gb,initial,duck,dark greenish head; pale neck band; gray body,species; fine feather color; sex,
vot,1077,42caaabb369b582a0be01236f7cd1269ceffdcf32d867d0b3a4669248667d793,duck03_wild_2,00000151,corrected,duck,dark greenish head; pale neck band; gray body,species; fine feather color; sex,,水面存在其他水鸟和倒影，后帧对应不硬判。,初始化索引 150：本帧可见羽色，不进一步推定品种或性别。,,,GPT-6 Astra Pro,2026-10-02,conflicting,True,gb,initial,duck,dark greenish head; pale neck band; gray body,species; fine feather color; sex,
vot,1078,8fa6c9816648d53c03e466ff6afa909bfd56ce7675c51c99129b5d3dae3c8c4f,duck03_wild_2,00000201,corrected,duck,pale gray body; darker head and wing areas,species; fine feather color; sex,,水面存在其他水鸟和倒影，后帧对应不硬判。,初始化索引 200：红框为水面指定的鸭形鸟，不混用邻鸟/倒影羽色，不细分物种。,,,GPT-6 Astra Pro,2026-10-02,conflicting,True,gb,initial,duck,pale gray body; darker head and wing areas,species; fine feather color; sex,
vot,1079,985f3a0fb29b72e900b9dd61b1dfff508b2f22cb96a236ec5044cf5c03938387,duck03_wild_2,00000247,corrected,duck,pale gray body; darker head and wing areas,species; fine feather color; sex,,水面存在其他水鸟和倒影，后帧对应不硬判。,初始化索引 246：红框为水面指定的鸭形鸟，不混用邻鸟/倒影羽色，不细分物种。,,,GPT-6 Astra Pro,2026-10-02,conflicting,True,gb,initial,duck,pale gray body; darker head and wing areas,species; fine feather color; sex,
vot,1080,34a5247a26ca3e8c31204e9a416bc816dc818a50632cc19b7345fb41f560bee2,dumbbells01_indoor_1,00000001,corrected,kettlebell,black rounded weight body; red loop handle,weight; material; label,,近邻辅助把手形态，底视不可见部分不补写。,初始化索引 0：红框为黑色球腹和红环把组成的壶铃形物，非普通球或横杆哑铃。,,,GPT-6 Astra Pro,2026-10-02,conflicting,True,gb,initial,dumbbells,black rounded weight body; red loop handle,weight; material; label,
vot,1081,d444fbceb0f0d48f30e07e2041ae95738b13345b7c0263a2c27b92855d6bf1eb,dumbbells01_indoor_1,00000051,corrected,kettlebell,dark rounded body; partial red component,weight; material; label,,近邻辅助把手形态，底视不可见部分不补写。,初始化索引 50：本帧偏底/侧面，环把未充分显示；壶铃粗类依近邻辅助。,,,GPT-6 Astra Pro,2026-10-02,conflicting,True,gb,initial,dumbbells,dark rounded body; partial red component,weight; material; label,
vot,1082,5eb8824fb331b31bf33a24ea8ffc28d2f14b7b612e59931831428d393d9d6a49,dumbbells01_indoor_1,00000101,corrected,kettlebell,black rounded weight body; red loop handle,weight; material; label,,近邻辅助把手形态，底视不可见部分不补写。,初始化索引 100：红框为黑色球腹和红环把组成的壶铃形物，非普通球或横杆哑铃。,,,GPT-6 Astra Pro,2026-10-02,conflicting,True,gb,initial,dumbbells,black rounded weight body; red loop handle,weight; material; label,
vot,1083,ef0c25299bd45b96841d0cfcbad6b948e172ebe57007df70270d4447570b5cf7,dumbbells01_indoor_1,00000151,corrected,kettlebell,black rounded weight body; red loop handle,weight; material; label,,近邻辅助把手形态，底视不可见部分不补写。,初始化索引 150：红框为黑色球腹和红环把组成的壶铃形物，非普通球或横杆哑铃。,,,GPT-6 Astra Pro,2026-10-02,conflicting,True,gb,initial,dumbbells,black rounded weight body; red loop handle,weight; material; label,
vot,1084,2dc948c65b2e60e5328dac43add702fea97918c9bb3be17fc0e005364e97960c,dumbbells01_indoor_1,00000201,corrected,kettlebell,dark rounded body; partial red component,weight; material; label,,近邻辅助把手形态，底视不可见部分不补写。,初始化索引 200：本帧偏底/侧面，环把未充分显示；壶铃粗类依近邻辅助。,,,GPT-6 Astra Pro,2026-10-02,conflicting,True,gb,initial,dumbbells,dark rounded body; partial red component,weight; material; label,
vot,1085,00723153a5de99cb1aa1be636f815e986af4984331bee90d7d603b524b8d3933,dumbbells01_indoor_1,00000251,corrected,kettlebell,black rounded weight body; red loop handle,weight; material; label,,近邻辅助把手形态，底视不可见部分不补写。,初始化索引 250：红框为黑色球腹和红环把组成的壶铃形物，非普通球或横杆哑铃。,,,GPT-6 Astra Pro,2026-10-02,conflicting,True,gb,initial,dumbbells,black rounded weight body; red loop handle,weight; material; label,
vot,1086,786ed4f3ca198cf4fe3b20ad627242583a8b49b07d7c8a8d77d0af4dfeb6cbeb,dumbbells01_indoor_1,00000289,corrected,kettlebell,black rounded weight body; red loop handle,weight; material; label,,近邻辅助把手形态，底视不可见部分不补写。,初始化索引 288：红框为黑色球腹和红环把组成的壶铃形物，非普通球或横杆哑铃。,,,GPT-6 Astra Pro,2026-10-02,conflicting,True,gb,initial,dumbbells,black rounded weight body; red loop handle,weight; material; label,
vot,1087,9c37b1126a39cffa4a02b796a6fb487d72ef25d1193fec653060bf9d66186bbe,dumbbells01_indoor_2,00000001,corrected,kettlebell,black rounded weight body; red loop handle,weight; material; label,,近邻辅助把手形态，底视不可见部分不补写。,初始化索引 0：红框为黑色球腹和红环把组成的壶铃形物，非普通球或横杆哑铃。,,,GPT-6 Astra Pro,2026-10-02,conflicting,True,gb,initial,dumbbells,black rounded weight body; red loop handle,weight; material; label,
vot,1088,6246497c3ceb058ec710f03c980b07088e277ed5f92b073add36ec13ca56d02c,dumbbells01_indoor_2,00000051,corrected,kettlebell,dark rounded body; partial red component,weight; material; label,,近邻辅助把手形态，底视不可见部分不补写。,初始化索引 50：本帧偏底/侧面，环把未充分显示；壶铃粗类依近邻辅助。,,,GPT-6 Astra Pro,2026-10-02,conflicting,True,gb,initial,dumbbells,dark rounded body; partial red component,weight; material; label,
vot,1089,e0ee80b3d993ab2e4ab8e3e9e4ffb7f6497af066bc00c744b692ae9bca690cf0,dumbbells01_indoor_2,00000101,corrected,kettlebell,dark rounded body; partial red component,weight; material; label,,近邻辅助把手形态，底视不可见部分不补写。,初始化索引 100：本帧偏底/侧面，环把未充分显示；壶铃粗类依近邻辅助。,,,GPT-6 Astra Pro,2026-10-02,conflicting,True,gb,initial,dumbbells,dark rounded body; partial red component,weight; material; label,
vot,1090,29195cbca458c4f6b6b51613787b667b39591f063f8c15cb2b3d0b7fd3a0f2aa,dumbbells01_indoor_2,00000151,corrected,kettlebell,black rounded weight body; red loop handle,weight; material; label,,近邻辅助把手形态，底视不可见部分不补写。,初始化索引 150：红框为黑色球腹和红环把组成的壶铃形物，非普通球或横杆哑铃。,,,GPT-6 Astra Pro,2026-10-02,conflicting,True,gb,initial,dumbbells,black rounded weight body; red loop handle,weight; material; label,
vot,1091,e25610575b1df4f4b6084319ff389c6c66e0795be6c8a319ea47b092f6114b36,dumbbells01_indoor_2,00000201,corrected,kettlebell,dark rounded body; partial red component,weight; material; label,,近邻辅助把手形态，底视不可见部分不补写。,初始化索引 200：本帧偏底/侧面，环把未充分显示；壶铃粗类依近邻辅助。,,,GPT-6 Astra Pro,2026-10-02,conflicting,True,gb,initial,dumbbells,dark rounded body; partial red component,weight; material; label,
vot,1092,624a160d7222b8c52e90d19006018b540ef74bba97a6ddae015d348f302a5d09,dumbbells01_indoor_2,00000257,corrected,kettlebell,black rounded weight body; red loop handle,weight; material; label,,近邻辅助把手形态，底视不可见部分不补写。,初始化索引 256：红框为黑色球腹和红环把组成的壶铃形物，非普通球或横杆哑铃。,,,GPT-6 Astra Pro,2026-10-02,conflicting,True,gb,initial,dumbbells,black rounded weight body; red loop handle,weight; material; label,
vot,1093,48dff7ebfe6e840ebb278b39a46513a6d19cb9d0b08761348d27d9ffc37a9a8a,dumbbells01_indoor_2,00000296,corrected,kettlebell,dark rounded body; partial red component,weight; material; label,,近邻辅助把手形态，底视不可见部分不补写。,初始化索引 295：本帧偏底/侧面，环把未充分显示；壶铃粗类依近邻辅助。,,,GPT-6 Astra Pro,2026-10-02,conflicting,True,gb,initial,dumbbells,dark rounded body; partial red component,weight; material; label,
vot,1094,21e7b4fb3a37d3a02f0284d6f771a2956cd83387c395a3972886a812535c0644,dumbbells01_indoor_2,00000351,corrected,kettlebell,black rounded weight body; red loop handle,weight; material; label,,近邻辅助把手形态，底视不可见部分不补写。,初始化索引 350：红框为黑色球腹和红环把组成的壶铃形物，非普通球或横杆哑铃。,,,GPT-6 Astra Pro,2026-10-02,conflicting,True,gb,initial,dumbbells,black rounded weight body; red loop handle,weight; material; label,
vot,1095,a33e28a34fb37b13db556524250b4bcc896ccda6e17f433259924d3cea904a34,dumbbells01_indoor_2,00000396,corrected,kettlebell,dark rounded body; partial red component,weight; material; label,,近邻辅助把手形态，底视不可见部分不补写。,初始化索引 395：本帧偏底/侧面，环把未充分显示；壶铃粗类依近邻辅助。,,,GPT-6 Astra Pro,2026-10-02,conflicting,True,gb,initial,dumbbells,dark rounded body; partial red component,weight; material; label,
vot,1096,174ce116713c3d3cfc7457aaa42ac753e805125e3e1f0c33fd4c6a35be1d323e,dumbbells01_indoor_2,00000451,corrected,kettlebell,dark rounded body; partial red component,weight; material; label,,近邻辅助把手形态，底视不可见部分不补写。,初始化索引 450：本帧偏底/侧面，环把未充分显示；壶铃粗类依近邻辅助。,,,GPT-6 Astra Pro,2026-10-02,conflicting,True,gb,initial,dumbbells,dark rounded body; partial red component,weight; material; label,
vot,1097,a339dbc0c93a2571c43e2f854f0c22293a17b510ce10a9cb674064c5256cc39d,dumbbells01_indoor_2,00000501,corrected,kettlebell,dark rounded body; partial red component,weight; material; label,,近邻辅助把手形态，底视不可见部分不补写。,初始化索引 500：本帧偏底/侧面，环把未充分显示；壶铃粗类依近邻辅助。,,,GPT-6 Astra Pro,2026-10-02,conflicting,True,gb,initial,dumbbells,dark rounded body; partial red component,weight; material; label,
vot,1098,78f0b68e3e65043b0b56ddc167f52a945e66f7ba618808e853443763e20417b1,dumbbells01_indoor_2,00000509,corrected,kettlebell,black rounded weight body; red loop handle,weight; material; label,,近邻辅助把手形态，底视不可见部分不补写。,初始化索引 508：红框为黑色球腹和红环把组成的壶铃形物，非普通球或横杆哑铃。,,,GPT-6 Astra Pro,2026-10-02,conflicting,True,gb,initial,dumbbells,black rounded weight body; red loop handle,weight; material; label,
vot,1099,55f307f7ce365f35a0b8a28a7771a0fdd41ef7cf9dddd0ebdf544987de5eba4a,earphone01_indoor_1,00000001,corrected,headphones,black headband; dark earcups; red accents,connection mode; material,,近邻只辅助耳机转面和悬挂位置。,初始化索引 0：红框为头戴耳机，不是帽、鞋带、兔、袋；不从图片确认有线无线功能。,,,GPT-6 Astra Pro,2026-10-02,conflicting,True,gb,initial,headphones,black headband; dark earcups; red accents,connection mode; material,
vot,1100,d58bd82cee14f7a6ed8ddd2f8d2b88cc9cd0e9714976ba5c9de5802530a6e3c8,earphone01_indoor_1,00000051,corrected,headphones,dark curved headband or earcup silhouette; red accent,connection mode; material,,近邻只辅助耳机转面和悬挂位置。,初始化索引 50：红框为头戴耳机，不是帽、鞋带、兔、袋；不从图片确认有线无线功能。,,,GPT-6 Astra Pro,2026-10-02,conflicting,True,gb,initial,headphones,dark curved headband or earcup silhouette; red accent,connection mode; material,
vot,1101,4ce7af66e30b0d347a1af1fef06b713023d50fc09cf12d20a147962f78bf7d55,earphone01_indoor_1,00000101,corrected,headphones,black headband; dark earcups; red accents,connection mode; material,,近邻只辅助耳机转面和悬挂位置。,初始化索引 100：红框为头戴耳机，不是帽、鞋带、兔、袋；不从图片确认有线无线功能。,,,GPT-6 Astra Pro,2026-10-02,conflicting,True,gb,initial,headphones,black headband; dark earcups; red accents,connection mode; material,
vot,1102,4914a3970f4ede9b30ee02c8d77d7c3a5b76c6e1d6d748d6b5484dcefa2a4af8,earphone01_indoor_1,00000151,corrected,headphones,black headband; dark earcups; red accents,connection mode; material,,近邻只辅助耳机转面和悬挂位置。,初始化索引 150：红框为头戴耳机，不是帽、鞋带、兔、袋；不从图片确认有线无线功能。,,,GPT-6 Astra Pro,2026-10-02,conflicting,True,gb,initial,headphones,black headband; dark earcups; red accents,connection mode; material,
vot,1103,7696266d92e02c12320343525376f242603a1c51f8cbf970c3741365fbd1dfd6,earphone01_indoor_1,00000201,corrected,headphones,black headband; dark earcups; red accents,connection mode; material,,近邻只辅助耳机转面和悬挂位置。,初始化索引 200：红框为头戴耳机，不是帽、鞋带、兔、袋；不从图片确认有线无线功能。,,,GPT-6 Astra Pro,2026-10-02,conflicting,True,gb,initial,headphones,black headband; dark earcups; red accents,connection mode; material,
vot,1104,6e8821a6cdc16baac2ebe5d0eb13f16749e68c001898a7e304bb3d3329fc3cfa,earphone01_indoor_1,00000251,corrected,headphones,black headband; dark earcups; red accents,connection mode; material,,近邻只辅助耳机转面和悬挂位置。,初始化索引 250：红框为头戴耳机，不是帽、鞋带、兔、袋；不从图片确认有线无线功能。,,,GPT-6 Astra Pro,2026-10-02,conflicting,True,gb,initial,headphones,black headband; dark earcups; red accents,connection mode; material,
vot,1105,3deb59529092ae648a47a95bcb863c1932b70ed8f2311fdc4f01ff39246b1fd8,earphone01_indoor_1,00000301,corrected,headphones,dark curved headband or earcup silhouette; red accent,connection mode; material,,近邻只辅助耳机转面和悬挂位置。,初始化索引 300：红框为头戴耳机，不是帽、鞋带、兔、袋；不从图片确认有线无线功能。,,,GPT-6 Astra Pro,2026-10-02,conflicting,True,gb,initial,headphones,dark curved headband or earcup silhouette; red accent,connection mode; material,
vot,1106,1348240fb4d8364ba78b7148afaaae83d3f6df73a5102e697cf8699a1154b819,earphone01_indoor_1,00000351,corrected,headphones,dark curved headband or earcup silhouette; red accent,connection mode; material,,近邻只辅助耳机转面和悬挂位置。,初始化索引 350：红框为头戴耳机，不是帽、鞋带、兔、袋；不从图片确认有线无线功能。,,,GPT-6 Astra Pro,2026-10-02,conflicting,True,gb,initial,headphones,dark curved headband or earcup silhouette; red accent,connection mode; material,
vot,1107,69920d66a14d1c501432d2502774e185f7295fdc4483a7de33169ac3e8d803fc,earphone01_indoor_1,00000401,uncertain,headphones,dark blurred curved object; red patch,connection mode; material,,近邻只辅助耳机转面和悬挂位置。,初始化索引 400：耳机运动模糊，粗类别借近邻头梁/耳罩辅助，当前不补精细部件。,,,GPT-6 Astra Pro,2026-10-02,conflicting,True,gb,initial,headphones,dark blurred curved object; red patch,connection mode; material,
vot,1108,8c4002c8bd2404ce6bc422596d29235b519a5e708914b2c4ff818725d847e1b4,earphone01_indoor_1,00000451,corrected,headphones,black headband; dark earcups; red accents,connection mode; material,,近邻只辅助耳机转面和悬挂位置。,初始化索引 450：红框为头戴耳机，不是帽、鞋带、兔、袋；不从图片确认有线无线功能。,,,GPT-6 Astra Pro,2026-10-02,conflicting,True,gb,initial,headphones,black headband; dark earcups; red accents,connection mode; material,
vot,1109,130747a3702f0855a7089ee1d734d2b262a6f23a04c0ff2cbed22fbb755d57c9,earphone01_indoor_1,00000501,corrected,headphones,dark curved headband or earcup silhouette; red accent,connection mode; material,,近邻只辅助耳机转面和悬挂位置。,初始化索引 500：红框为头戴耳机，不是帽、鞋带、兔、袋；不从图片确认有线无线功能。,,,GPT-6 Astra Pro,2026-10-02,conflicting,True,gb,initial,headphones,dark curved headband or earcup silhouette; red accent,connection mode; material,
vot,1110,66d8842c5baa2ead4020c48da0fc70cdc6e294d60f19d350932bee5de0a85d25,earphone01_indoor_1,00000551,corrected,headphones,dark curved headband or earcup silhouette; red accent,connection mode; material,,近邻只辅助耳机转面和悬挂位置。,初始化索引 550：红框为头戴耳机，不是帽、鞋带、兔、袋；不从图片确认有线无线功能。,,,GPT-6 Astra Pro,2026-10-02,conflicting,True,gb,initial,headphones,dark curved headband or earcup silhouette; red accent,connection mode; material,
vot,1111,8fe746f7d076b77eced377ea2ca471f255400fcb66a65d897350a8a651716677,earphone01_indoor_1,00000601,corrected,headphones,black headband; dark earcups; red accents,connection mode; material,,近邻只辅助耳机转面和悬挂位置。,初始化索引 600：红框为头戴耳机，不是帽、鞋带、兔、袋；不从图片确认有线无线功能。,,,GPT-6 Astra Pro,2026-10-02,conflicting,True,gb,initial,headphones,black headband; dark earcups; red accents,connection mode; material,
vot,1112,63f8e9fa0319c26b73a0910bde73fac6c887eac8caef24ced7004b9b6f8f98f5,earphone01_indoor_1,00000651,corrected,headphones,dark curved headband or earcup silhouette; red accent,connection mode; material,,近邻只辅助耳机转面和悬挂位置。,初始化索引 650：红框为头戴耳机，不是帽、鞋带、兔、袋；不从图片确认有线无线功能。,,,GPT-6 Astra Pro,2026-10-02,conflicting,True,gb,initial,headphones,dark curved headband or earcup silhouette; red accent,connection mode; material,
vot,1113,f66f6de25db8b76e6f5d35ddbf0c8a4032e846c5f7a44339ca32ce646348c47c,earphone01_indoor_1,00000851,corrected,headphones,black headband; dark earcups; red accents,connection mode; material,,近邻只辅助耳机转面和悬挂位置。,初始化索引 850：红框为头戴耳机，不是帽、鞋带、兔、袋；不从图片确认有线无线功能。,,,GPT-6 Astra Pro,2026-10-02,conflicting,True,gb,initial,headphones,black headband; dark earcups; red accents,connection mode; material,
vot,1114,28f90ff2fcefd1cf400a51d6a5e8bdb3b74cb5bff3e7110f94d501c23d2395d6,earphone01_indoor_1,00000901,corrected,headphones,black headband; dark earcups; red accents,connection mode; material,,近邻只辅助耳机转面和悬挂位置。,初始化索引 900：红框为头戴耳机，不是帽、鞋带、兔、袋；不从图片确认有线无线功能。,,,GPT-6 Astra Pro,2026-10-02,conflicting,True,gb,initial,headphones,black headband; dark earcups; red accents,connection mode; material,
vot,1115,bf0de4a337a3a78fa1119bb582e31f2d951636614f7c4277b85118eb948c2222,earphone01_indoor_1,00000951,corrected,headphones,black headband; dark earcups; red accents,connection mode; material,,近邻只辅助耳机转面和悬挂位置。,初始化索引 950：红框为头戴耳机，不是帽、鞋带、兔、袋；不从图片确认有线无线功能。,,,GPT-6 Astra Pro,2026-10-02,conflicting,True,gb,initial,headphones,black headband; dark earcups; red accents,connection mode; material,
vot,1116,124b77767a021f9c43b462f68aeaaedf0df53c7b0540647aa090c1c22b0ea423,earphone01_indoor_1,00001001,corrected,headphones,dark curved headband or earcup silhouette; red accent,connection mode; material,,近邻只辅助耳机转面和悬挂位置。,初始化索引 1000：红框为头戴耳机，不是帽、鞋带、兔、袋；不从图片确认有线无线功能。,,,GPT-6 Astra Pro,2026-10-02,conflicting,True,gb,initial,headphones,dark curved headband or earcup silhouette; red accent,connection mode; material,
vot,1117,fdf32b82a51f9f55223b738a557a5749026cc817319d9230790c66d061c7a17f,earphone01_indoor_1,00001051,corrected,headphones,black headband; dark earcups; red accents,connection mode; material,,近邻只辅助耳机转面和悬挂位置。,初始化索引 1050：红框为头戴耳机，不是帽、鞋带、兔、袋；不从图片确认有线无线功能。,,,GPT-6 Astra Pro,2026-10-02,conflicting,True,gb,initial,headphones,black headband; dark earcups; red accents,connection mode; material,
vot,1118,b5604229afbc31f79e31703c262b258828c25da5b8a2febc9ba6ad3ed3904d4c,earphone01_indoor_1,00001085,corrected,headphones,dark curved headband or earcup silhouette; red accent,connection mode; material,,近邻只辅助耳机转面和悬挂位置。,初始化索引 1084：红框为头戴耳机，不是帽、鞋带、兔、袋；不从图片确认有线无线功能。,,,GPT-6 Astra Pro,2026-10-02,conflicting,True,gb,initial,headphones,dark curved headband or earcup silhouette; red accent,connection mode; material,
vot,1119,fe0e42ad45e246396fb790875cf6ace6704e4459c806a26ef1a83364c2d8a076,file01_indoor_1,00000001,corrected,folder,pale gray-white rectangular cover; printed or written lines,cover material; contents; wording,,邻近弯折转面辅助文件套粗类，不推定页数。,初始化索引 0：红框为文件套/纸夹，不是人物衬衫或鼠标垫；不识读微小正文。,,,GPT-6 Astra Pro,2026-10-02,conflicting,True,gb,initial,folder,pale gray-white rectangular cover; printed or written lines,cover material; contents; wording,
vot,1120,c4f97675bc4ed012dba779cfd235bbdecb65f3184a2bd3e99ca9cf8f5e445703,file01_indoor_1,00000051,corrected,folder,pale gray-white rectangular cover; printed or written lines,cover material; contents; wording,,邻近弯折转面辅助文件套粗类，不推定页数。,初始化索引 50：红框为文件套/纸夹，不是人物衬衫或鼠标垫；不识读微小正文。,,,GPT-6 Astra Pro,2026-10-02,conflicting,True,gb,initial,folder,pale gray-white rectangular cover; printed or written lines,cover material; contents; wording,
vot,1121,8f5fcc8e05f9788cbcbfdec730e1895966497dc15d0ff640fab5c421f2bf604a,file01_indoor_1,00000101,corrected,folder,pale gray-white rectangular cover; printed or written lines,cover material; contents; wording,,邻近弯折转面辅助文件套粗类，不推定页数。,初始化索引 100：红框为文件套/纸夹，不是人物衬衫或鼠标垫；不识读微小正文。,,,GPT-6 Astra Pro,2026-10-02,conflicting,True,gb,initial,folder,pale gray-white rectangular cover; printed or written lines,cover material; contents; wording,
vot,1122,ba5788c27af781756e0b85a629eb36e646f0598043d3125c7857028ed5b5aa48,file01_indoor_1,00000151,corrected,folder,pale rectangular document-like face; dark edge,cover material; contents; wording,,邻近弯折转面辅助文件套粗类，不推定页数。,初始化索引 150：本帧侧转/较小，不确认页数、材料和正文。,,,GPT-6 Astra Pro,2026-10-02,conflicting,True,gb,initial,folder,pale rectangular document-like face; dark edge,cover material; contents; wording,
vot,1123,7888ddb4ae394451a575955cebb015e5a43be19526a011ebeef265169aff591d,file01_indoor_1,00000201,corrected,folder,pale gray-white rectangular cover; printed or written lines,cover material; contents; wording,,邻近弯折转面辅助文件套粗类，不推定页数。,初始化索引 200：红框为文件套/纸夹，不是人物衬衫或鼠标垫；不识读微小正文。,,,GPT-6 Astra Pro,2026-10-02,conflicting,True,gb,initial,folder,pale gray-white rectangular cover; printed or written lines,cover material; contents; wording,
vot,1124,730bd607318e45cb14a5b6ebad38a135023a56af4aca72141684ef1429e1a97c,file01_indoor_1,00000251,corrected,folder,pale gray-white rectangular cover; printed or written lines,cover material; contents; wording,,邻近弯折转面辅助文件套粗类，不推定页数。,初始化索引 250：红框为文件套/纸夹，不是人物衬衫或鼠标垫；不识读微小正文。,,,GPT-6 Astra Pro,2026-10-02,conflicting,True,gb,initial,folder,pale gray-white rectangular cover; printed or written lines,cover material; contents; wording,
vot,1125,6ba4b5a3102c0f6029a1a725d2e0e8bd47f48d1f6333bb30b00d29e9b36ba8d6,file01_indoor_1,00000301,corrected,folder,pale gray-white rectangular cover; printed or written lines,cover material; contents; wording,,邻近弯折转面辅助文件套粗类，不推定页数。,初始化索引 300：红框为文件套/纸夹，不是人物衬衫或鼠标垫；不识读微小正文。,,,GPT-6 Astra Pro,2026-10-02,conflicting,True,gb,initial,folder,pale gray-white rectangular cover; printed or written lines,cover material; contents; wording,
vot,1126,4c3bd0a9f6535f6a1aea59f36359d8a143a3093ae3eb71d54a0dad446f8908bf,file01_indoor_1,00000351,corrected,folder,pale gray-white rectangular cover; printed or written lines,cover material; contents; wording,,邻近弯折转面辅助文件套粗类，不推定页数。,初始化索引 350：红框为文件套/纸夹，不是人物衬衫或鼠标垫；不识读微小正文。,,,GPT-6 Astra Pro,2026-10-02,conflicting,True,gb,initial,folder,pale gray-white rectangular cover; printed or written lines,cover material; contents; wording,
vot,1127,8de9fa81b074c965bacffc276fafdd8a78f39f45670af017dc935c4466ba3ec4,file01_indoor_1,00000401,corrected,folder,pale gray-white rectangular cover; printed or written lines,cover material; contents; wording,,邻近弯折转面辅助文件套粗类，不推定页数。,初始化索引 400：红框为文件套/纸夹，不是人物衬衫或鼠标垫；不识读微小正文。,,,GPT-6 Astra Pro,2026-10-02,conflicting,True,gb,initial,folder,pale gray-white rectangular cover; printed or written lines,cover material; contents; wording,
vot,1128,9ec262997888bede953634b0f1a4ab47274310ba3a819aa241d02ab7138ba799,file01_indoor_1,00000451,corrected,folder,pale gray-white rectangular cover; printed or written lines,cover material; contents; wording,,邻近弯折转面辅助文件套粗类，不推定页数。,初始化索引 450：红框为文件套/纸夹，不是人物衬衫或鼠标垫；不识读微小正文。,,,GPT-6 Astra Pro,2026-10-02,conflicting,True,gb,initial,folder,pale gray-white rectangular cover; printed or written lines,cover material; contents; wording,
vot,1129,5c05520bf95d348091ffc692868c6dbf1742e229d8fec8952503c7613526d207,file01_indoor_1,00000501,corrected,folder,pale gray-white rectangular cover; printed or written lines,cover material; contents; wording,,邻近弯折转面辅助文件套粗类，不推定页数。,初始化索引 500：红框为文件套/纸夹，不是人物衬衫或鼠标垫；不识读微小正文。,,,GPT-6 Astra Pro,2026-10-02,conflicting,True,gb,initial,folder,pale gray-white rectangular cover; printed or written lines,cover material; contents; wording,
vot,1130,6009a0848cca552f2a8fcbca374d7997487b94209a00f8d2c82a85fadbdbe7e5,file01_indoor_1,00000551,corrected,folder,pale rectangular document-like face; dark edge,cover material; contents; wording,,邻近弯折转面辅助文件套粗类，不推定页数。,初始化索引 550：本帧侧转/较小，不确认页数、材料和正文。,,,GPT-6 Astra Pro,2026-10-02,conflicting,True,gb,initial,folder,pale rectangular document-like face; dark edge,cover material; contents; wording,
vot,1131,25a4a4f530cd1fd83d120c05ab92618a349be587e7eb20b2c23b98cbf0917d24,file01_indoor_1,00000601,corrected,folder,pale gray-white rectangular cover; printed or written lines,cover material; contents; wording,,邻近弯折转面辅助文件套粗类，不推定页数。,初始化索引 600：红框为文件套/纸夹，不是人物衬衫或鼠标垫；不识读微小正文。,,,GPT-6 Astra Pro,2026-10-02,conflicting,True,gb,initial,folder,pale gray-white rectangular cover; printed or written lines,cover material; contents; wording,
vot,1132,9d08cf770038131cd7a065549d0ad1324ed313bac2719a290e49512167643fe8,file01_indoor_1,00000674,corrected,folder,pale rectangular document-like face; dark edge,cover material; contents; wording,,邻近弯折转面辅助文件套粗类，不推定页数。,初始化索引 673：本帧侧转/较小，不确认页数、材料和正文。,,,GPT-6 Astra Pro,2026-10-02,conflicting,True,gb,initial,folder,pale rectangular document-like face; dark edge,cover material; contents; wording,
vot,1133,88df96d1ff620e0ba4042701482d7dd6b8629f25514f5ffa4b4cadbbebbf6218,flag_indoor_1,00000001,corrected,flag,white field; dark blue cross; thin pole,fabric; permanent orientation,,近邻展开用于辅助旗类，折叠帧不补完整纹样。,初始化索引 0：红框为带杆小旗，非围巾、披肩或单独白纸，不确认丝绸材质。,,,GPT-6 Astra Pro,2026-10-02,conflicting,True,gb,initial,flag,white field; dark blue cross; thin pole,fabric; permanent orientation,
vot,1134,2f7a9f51561234622bff3859ad523bf97bed5be8776e9bbdb27a0db64910e82d,flag_indoor_1,00000100,corrected,flag,folded white and dark blue fabric; thin pole,fabric; permanent orientation,,近邻展开用于辅助旗类，折叠帧不补完整纹样。,初始化索引 99：旗布折叠或模糊，十字全形只在近邻辅助，不补本帧隐藏部位。,,,GPT-6 Astra Pro,2026-10-02,conflicting,True,gb,initial,flag,folded white and dark blue fabric; thin pole,fabric; permanent orientation,
vot,1135,11cc73477e3b2e2624b8845972dfdadf7936e3fae0158192fa9ca8994c262846,flag_indoor_1,00000164,corrected,flag,folded white and dark blue fabric; thin pole,fabric; permanent orientation,,近邻展开用于辅助旗类，折叠帧不补完整纹样。,初始化索引 163：旗布折叠或模糊，十字全形只在近邻辅助，不补本帧隐藏部位。,,,GPT-6 Astra Pro,2026-10-02,conflicting,True,gb,initial,flag,folded white and dark blue fabric; thin pole,fabric; permanent orientation,
vot,1136,a07e1b485ca5764eda10324885fadb35cdaebbe27aa4080b7c713ba5cfc94af8,flag_indoor_1,00000201,corrected,flag,folded white and dark blue fabric; thin pole,fabric; permanent orientation,,近邻展开用于辅助旗类，折叠帧不补完整纹样。,初始化索引 200：旗布折叠或模糊，十字全形只在近邻辅助，不补本帧隐藏部位。,,,GPT-6 Astra Pro,2026-10-02,conflicting,True,gb,initial,flag,folded white and dark blue fabric; thin pole,fabric; permanent orientation,
vot,1137,cf7fba5bbc2d8575c399fe2340f5872db1c8d5d14f8414daf72b724aec3590a2,flag_indoor_1,00000251,corrected,flag,white field; dark blue cross; thin pole,fabric; permanent orientation,,近邻展开用于辅助旗类，折叠帧不补完整纹样。,初始化索引 250：红框为带杆小旗，非围巾、披肩或单独白纸，不确认丝绸材质。,,,GPT-6 Astra Pro,2026-10-02,conflicting,True,gb,initial,flag,white field; dark blue cross; thin pole,fabric; permanent orientation,
vot,1138,f289a5ddf004fa2169acf4825c817dfb619d88a1387bf70f4571833067e65cff,flag_indoor_1,00000301,corrected,flag,white field; dark blue cross; thin pole,fabric; permanent orientation,,近邻展开用于辅助旗类，折叠帧不补完整纹样。,初始化索引 300：红框为带杆小旗，非围巾、披肩或单独白纸，不确认丝绸材质。,,,GPT-6 Astra Pro,2026-10-02,conflicting,True,gb,initial,flag,white field; dark blue cross; thin pole,fabric; permanent orientation,
vot,1139,5d340704563be79585b938fff1461edcdb46b7a903674cd50e604eeb71c6d4d3,flag_indoor_1,00000351,corrected,flag,folded white and dark blue fabric; thin pole,fabric; permanent orientation,,近邻展开用于辅助旗类，折叠帧不补完整纹样。,初始化索引 350：旗布折叠或模糊，十字全形只在近邻辅助，不补本帧隐藏部位。,,,GPT-6 Astra Pro,2026-10-02,conflicting,True,gb,initial,flag,folded white and dark blue fabric; thin pole,fabric; permanent orientation,
vot,1140,1d25180420ec0e9faa0574789a6a80a352ce1ebd3254a0cde5d38c08fcbfe7fd,flag_indoor_1,00000401,corrected,flag,white field; dark blue cross; thin pole,fabric; permanent orientation,,近邻展开用于辅助旗类，折叠帧不补完整纹样。,初始化索引 400：红框为带杆小旗，非围巾、披肩或单独白纸，不确认丝绸材质。,,,GPT-6 Astra Pro,2026-10-02,conflicting,True,gb,initial,flag,white field; dark blue cross; thin pole,fabric; permanent orientation,
vot,1141,b055192d0670d1220830a97ab0007df8177d1215fef4b162af21df3bc1d42e32,flag_indoor_1,00000468,corrected,flag,folded white and dark blue fabric; thin pole,fabric; permanent orientation,,近邻展开用于辅助旗类，折叠帧不补完整纹样。,初始化索引 467：旗布折叠或模糊，十字全形只在近邻辅助，不补本帧隐藏部位。,,,GPT-6 Astra Pro,2026-10-02,conflicting,True,gb,initial,flag,folded white and dark blue fabric; thin pole,fabric; permanent orientation,
vot,1142,f20a95388738dc1aaa9da0fcaa29ff4cdebc947792f5e78fdcd39c4d5d396729,flag_indoor_1,00000501,corrected,flag,folded white and dark blue fabric; thin pole,fabric; permanent orientation,,近邻展开用于辅助旗类，折叠帧不补完整纹样。,初始化索引 500：旗布折叠或模糊，十字全形只在近邻辅助，不补本帧隐藏部位。,,,GPT-6 Astra Pro,2026-10-02,conflicting,True,gb,initial,flag,folded white and dark blue fabric; thin pole,fabric; permanent orientation,
vot,1143,e7fa26c26290608ab1dbc9ed287a87d4f6ef4470e607eb774294fe3075e3ccd9,flag_indoor_1,00000551,corrected,flag,white field; dark blue cross; thin pole,fabric; permanent orientation,,近邻展开用于辅助旗类，折叠帧不补完整纹样。,初始化索引 550：红框为带杆小旗，非围巾、披肩或单独白纸，不确认丝绸材质。,,,GPT-6 Astra Pro,2026-10-02,conflicting,True,gb,initial,flag,white field; dark blue cross; thin pole,fabric; permanent orientation,
vot,1144,9fc6213200a51b76e1839bef22d83f2aaf8b6a4fa7105ff9c6d8e5056a8c9edb,flag_indoor_1,00000609,corrected,flag,folded white and dark blue fabric; thin pole,fabric; permanent orientation,,近邻展开用于辅助旗类，折叠帧不补完整纹样。,初始化索引 608：旗布折叠或模糊，十字全形只在近邻辅助，不补本帧隐藏部位。,,,GPT-6 Astra Pro,2026-10-02,conflicting,True,gb,initial,flag,folded white and dark blue fabric; thin pole,fabric; permanent orientation,
vot,1145,3f63bb94d34984b5d9bbac6ffae7b6e7eab521aa02ad087af2af74836bd09419,flag_indoor_1,00000653,corrected,flag,white field; dark blue cross; thin pole,fabric; permanent orientation,,近邻展开用于辅助旗类，折叠帧不补完整纹样。,初始化索引 652：红框为带杆小旗，非围巾、披肩或单独白纸，不确认丝绸材质。,,,GPT-6 Astra Pro,2026-10-02,conflicting,True,gb,initial,flag,white field; dark blue cross; thin pole,fabric; permanent orientation,
vot,1146,ccbbb7ac00eadd965887eef815bc9b10e889bf86c378691b59046de693261af2,flag_indoor_1,00000708,corrected,flag,folded white and dark blue fabric; thin pole,fabric; permanent orientation,,近邻展开用于辅助旗类，折叠帧不补完整纹样。,初始化索引 707：旗布折叠或模糊，十字全形只在近邻辅助，不补本帧隐藏部位。,,,GPT-6 Astra Pro,2026-10-02,conflicting,True,gb,initial,flag,folded white and dark blue fabric; thin pole,fabric; permanent orientation,
vot,1147,4730f7c0e3a4877ff66b3d57080d809752c5c2c40c8451c764ba6ce61c56647c,flag_indoor_1,00000751,corrected,flag,white field; dark blue cross; thin pole,fabric; permanent orientation,,近邻展开用于辅助旗类，折叠帧不补完整纹样。,初始化索引 750：红框为带杆小旗，非围巾、披肩或单独白纸，不确认丝绸材质。,,,GPT-6 Astra Pro,2026-10-02,conflicting,True,gb,initial,flag,white field; dark blue cross; thin pole,fabric; permanent orientation,
vot,1148,d7f2ee5eeb6c43e79ec2ab27ce66951417b59cfaf6c1611cf781f72a1997e1ca,flag_indoor_1,00000801,corrected,flag,folded white and dark blue fabric; thin pole,fabric; permanent orientation,,近邻展开用于辅助旗类，折叠帧不补完整纹样。,初始化索引 800：旗布折叠或模糊，十字全形只在近邻辅助，不补本帧隐藏部位。,,,GPT-6 Astra Pro,2026-10-02,conflicting,True,gb,initial,flag,folded white and dark blue fabric; thin pole,fabric; permanent orientation,
vot,1149,c37e31d3c7b8d359e97b7fb748bce73e9d72bbc6fb41a03a2a4f946ca0d0b053,flag_indoor_1,00000851,corrected,flag,white field; dark blue cross; thin pole,fabric; permanent orientation,,近邻展开用于辅助旗类，折叠帧不补完整纹样。,初始化索引 850：红框为带杆小旗，非围巾、披肩或单独白纸，不确认丝绸材质。,,,GPT-6 Astra Pro,2026-10-02,conflicting,True,gb,initial,flag,white field; dark blue cross; thin pole,fabric; permanent orientation,
vot,1150,db1631339f537aad8c856aad602a2f533a5c854fc02cfbcf7cbe36ff4d5f3d6b,flag_indoor_1,00000901,corrected,flag,folded white and dark blue fabric; thin pole,fabric; permanent orientation,,近邻展开用于辅助旗类，折叠帧不补完整纹样。,初始化索引 900：旗布折叠或模糊，十字全形只在近邻辅助，不补本帧隐藏部位。,,,GPT-6 Astra Pro,2026-10-02,conflicting,True,gb,initial,flag,folded white and dark blue fabric; thin pole,fabric; permanent orientation,
vot,1151,771c63aa38fc8c2ad292f700bb419d9f31f1c98c4a2e16303566c863d5000a5a,flag_indoor_1,00000950,corrected,flag,white field; dark blue cross; thin pole,fabric; permanent orientation,,近邻展开用于辅助旗类，折叠帧不补完整纹样。,初始化索引 949：红框为带杆小旗，非围巾、披肩或单独白纸，不确认丝绸材质。,,,GPT-6 Astra Pro,2026-10-02,conflicting,True,gb,initial,flag,white field; dark blue cross; thin pole,fabric; permanent orientation,
vot,1152,324b527c9f1bae594a7d309f92c4c7f84a40d3aeecb6012d8555d50c1ad21618,flag_indoor_1,00000999,corrected,flag,folded white and dark blue fabric; thin pole,fabric; permanent orientation,,近邻展开用于辅助旗类，折叠帧不补完整纹样。,初始化索引 998：旗布折叠或模糊，十字全形只在近邻辅助，不补本帧隐藏部位。,,,GPT-6 Astra Pro,2026-10-02,conflicting,True,gb,initial,flag,folded white and dark blue fabric; thin pole,fabric; permanent orientation,
vot,1153,412326b22cfdb743dec6ac616af892d331c0c27c4b9d777830ec0b66b58424a4,flag_indoor_1,00001051,corrected,flag,folded white and dark blue fabric; thin pole,fabric; permanent orientation,,近邻展开用于辅助旗类，折叠帧不补完整纹样。,初始化索引 1050：旗布折叠或模糊，十字全形只在近邻辅助，不补本帧隐藏部位。,,,GPT-6 Astra Pro,2026-10-02,conflicting,True,gb,initial,flag,folded white and dark blue fabric; thin pole,fabric; permanent orientation,
vot,1154,d611c5d9fba471a88c42b6ba1b7f41a8aef6cb3cede12fba74673d29cfdbfc7c,flag_indoor_1,00001101,corrected,flag,white field; dark blue cross; thin pole,fabric; permanent orientation,,近邻展开用于辅助旗类，折叠帧不补完整纹样。,初始化索引 1100：红框为带杆小旗，非围巾、披肩或单独白纸，不确认丝绸材质。,,,GPT-6 Astra Pro,2026-10-02,conflicting,True,gb,initial,flag,white field; dark blue cross; thin pole,fabric; permanent orientation,
vot,1155,6a17e1db04209d7aca71e916ee7c5504075b3ff4975ecda683c3b327ea704a84,flag_indoor_1,00001151,corrected,flag,folded white and dark blue fabric; thin pole,fabric; permanent orientation,,近邻展开用于辅助旗类，折叠帧不补完整纹样。,初始化索引 1150：旗布折叠或模糊，十字全形只在近邻辅助，不补本帧隐藏部位。,,,GPT-6 Astra Pro,2026-10-02,conflicting,True,gb,initial,flag,folded white and dark blue fabric; thin pole,fabric; permanent orientation,
vot,1156,527df3d7ef4e7adf0f69c4fada042da849bc33e274fc70f7fb0605c5bc5820d8,flag_indoor_1,00001201,corrected,flag,white field; dark blue cross; thin pole,fabric; permanent orientation,,近邻展开用于辅助旗类，折叠帧不补完整纹样。,初始化索引 1200：红框为带杆小旗，非围巾、披肩或单独白纸，不确认丝绸材质。,,,GPT-6 Astra Pro,2026-10-02,conflicting,True,gb,initial,flag,white field; dark blue cross; thin pole,fabric; permanent orientation,
vot,1157,0bfcc54c2b520d4016e96f084663b7d65ed2e9de5a52201e3e4c0c19c86cc640,flag_indoor_1,00001251,corrected,flag,folded white and dark blue fabric; thin pole,fabric; permanent orientation,,近邻展开用于辅助旗类，折叠帧不补完整纹样。,初始化索引 1250：旗布折叠或模糊，十字全形只在近邻辅助，不补本帧隐藏部位。,,,GPT-6 Astra Pro,2026-10-02,conflicting,True,gb,initial,flag,folded white and dark blue fabric; thin pole,fabric; permanent orientation,
vot,1158,c8fa528f01b6cc662f271f3c2d4ea643ee0b41c3ac72cdfaba10d9c2b5ce7067,flag_indoor_1,00001301,corrected,flag,white field; dark blue cross; thin pole,fabric; permanent orientation,,近邻展开用于辅助旗类，折叠帧不补完整纹样。,初始化索引 1300：红框为带杆小旗，非围巾、披肩或单独白纸，不确认丝绸材质。,,,GPT-6 Astra Pro,2026-10-02,conflicting,True,gb,initial,flag,white field; dark blue cross; thin pole,fabric; permanent orientation,
vot,1159,d1c891d8c40eaff6c525eeeab4a74c5b6cf390cf6a078a4174313a49eb053f54,flag_indoor_1,00001366,corrected,flag,folded white and dark blue fabric; thin pole,fabric; permanent orientation,,近邻展开用于辅助旗类，折叠帧不补完整纹样。,初始化索引 1365：旗布折叠或模糊，十字全形只在近邻辅助，不补本帧隐藏部位。,,,GPT-6 Astra Pro,2026-10-02,conflicting,True,gb,initial,flag,folded white and dark blue fabric; thin pole,fabric; permanent orientation,
vot,1160,3e3bc26051893f4b9dfd2d39cb9ceef420de9e45dcfb082ba6e689012736ef9e,glass01_indoor_1,00000001,corrected,glass,transparent cylindrical vessel; circular open rim; thicker base,contents; material; etched pattern,,近邻有拿杯及倒液动作；液体种类和临时状态不作稳定属性。,初始化索引 0：红框为透明杯，透出的椅条/手不是杯上印纹，不把内容物当杯体类别。,,,GPT-6 Astra Pro,2026-10-02,conflicting,True,gb,initial,glass,transparent cylindrical vessel; circular open rim; thicker base,contents; material; etched pattern,
vot,1161,877ba2be39191ffc4e609f7b23cb6913a8fbaecd692730e0ffccd50720f0f3da,glass01_indoor_1,00000051,corrected,glass,transparent curved vessel outline; bright rim or base,contents; material; etched pattern,,近邻有拿杯及倒液动作；液体种类和临时状态不作稳定属性。,初始化索引 50：杯体倾斜/遮挡/模糊，不把手或背景纹理当杯子属性。,,,GPT-6 Astra Pro,2026-10-02,conflicting,True,gb,initial,glass,transparent curved vessel outline; bright rim or base,contents; material; etched pattern,
vot,1162,27f9f867d9b89dde04b194d7c788830b47736814012c0376a38b7670bdae6a94,glass01_indoor_1,00000101,corrected,glass,transparent cylindrical vessel; circular open rim; thicker base,contents; material; etched pattern,,近邻有拿杯及倒液动作；液体种类和临时状态不作稳定属性。,初始化索引 100：红框为透明杯，透出的椅条/手不是杯上印纹，不把内容物当杯体类别。,,,GPT-6 Astra Pro,2026-10-02,conflicting,True,gb,initial,glass,transparent cylindrical vessel; circular open rim; thicker base,contents; material; etched pattern,
vot,1163,ebc3bd37535dc24367da283697b3ca85f2b1d757bf2d337b98efbcfb0ca02993,glass01_indoor_1,00000151,corrected,glass,transparent cylindrical vessel; circular open rim; thicker base,contents; material; etched pattern,,近邻有拿杯及倒液动作；液体种类和临时状态不作稳定属性。,初始化索引 150：红框为透明杯，透出的椅条/手不是杯上印纹，不把内容物当杯体类别。,,,GPT-6 Astra Pro,2026-10-02,conflicting,True,gb,initial,glass,transparent cylindrical vessel; circular open rim; thicker base,contents; material; etched pattern,
vot,1164,7c88d3dd2246bef8b9a71100e59be5d30de0e3d7a0dc234e4b70133c37ef9ad2,glass01_indoor_1,00000167,corrected,glass,transparent cylindrical vessel; circular open rim; thicker base,contents; material; etched pattern,,近邻有拿杯及倒液动作；液体种类和临时状态不作稳定属性。,初始化索引 166：红框为透明杯，透出的椅条/手不是杯上印纹，不把内容物当杯体类别。,,,GPT-6 Astra Pro,2026-10-02,conflicting,True,gb,initial,glass,transparent cylindrical vessel; circular open rim; thicker base,contents; material; etched pattern,
vot,1165,bcc630b4ea5d3dd12e1e59c26efd267c333fe1856a1c61a6105fb2238c074ac0,glass01_indoor_2,00000001,corrected,glass,transparent curved vessel outline; bright rim or base,contents; material; etched pattern,,近邻有拿杯及倒液动作；液体种类和临时状态不作稳定属性。,初始化索引 0：杯体倾斜/遮挡/模糊，不把手或背景纹理当杯子属性。,,,GPT-6 Astra Pro,2026-10-02,conflicting,True,gb,initial,glass,transparent curved vessel outline; bright rim or base,contents; material; etched pattern,
vot,1166,e12791bdec72eea4240edf0f777e5a7b56f5a389b17096c6b9a3f26d77fcd455,glass01_indoor_2,00000051,corrected,glass,transparent cylindrical vessel; circular open rim; thicker base,contents; material; etched pattern,,近邻有拿杯及倒液动作；液体种类和临时状态不作稳定属性。,初始化索引 50：红框为透明杯，透出的椅条/手不是杯上印纹，不把内容物当杯体类别。,,,GPT-6 Astra Pro,2026-10-02,conflicting,True,gb,initial,glass,transparent cylindrical vessel; circular open rim; thicker base,contents; material; etched pattern,
vot,1167,fdf1cc56d1137faad5317df9b08af703d787fd13f80879f99fed0d0a8fe9ef42,glass01_indoor_2,00000101,corrected,glass,transparent curved vessel outline; bright rim or base,contents; material; etched pattern,,近邻有拿杯及倒液动作；液体种类和临时状态不作稳定属性。,初始化索引 100：杯体倾斜/遮挡/模糊，不把手或背景纹理当杯子属性。,,,GPT-6 Astra Pro,2026-10-02,conflicting,True,gb,initial,glass,transparent curved vessel outline; bright rim or base,contents; material; etched pattern,
vot,1168,33b3e9d9e1fa1969f7f547549ecbc132474b5a57d9f5f3ea3217c1ed3e1b99e2,glass01_indoor_2,00000151,corrected,glass,transparent curved vessel outline; bright rim or base,contents; material; etched pattern,,近邻有拿杯及倒液动作；液体种类和临时状态不作稳定属性。,初始化索引 150：杯体倾斜/遮挡/模糊，不把手或背景纹理当杯子属性。,,,GPT-6 Astra Pro,2026-10-02,conflicting,True,gb,initial,glass,transparent curved vessel outline; bright rim or base,contents; material; etched pattern,
vot,1169,f1736a6f28221929764d155956b9bf2f6eb30202cc7061a94cd29eeed9fe7b15,glass01_indoor_2,00000201,corrected,glass,transparent curved vessel outline; bright rim or base,contents; material; etched pattern,,近邻有拿杯及倒液动作；液体种类和临时状态不作稳定属性。,初始化索引 200：杯体倾斜/遮挡/模糊，不把手或背景纹理当杯子属性。,,,GPT-6 Astra Pro,2026-10-02,conflicting,True,gb,initial,glass,transparent curved vessel outline; bright rim or base,contents; material; etched pattern,
vot,1170,a66f4644d80e5541b908923efea301410e13179a707f192549006fabcce76764,glass01_indoor_2,00000250,corrected,glass,transparent curved vessel outline; bright rim or base,contents; material; etched pattern,,近邻有拿杯及倒液动作；液体种类和临时状态不作稳定属性。,初始化索引 249：杯体倾斜/遮挡/模糊，不把手或背景纹理当杯子属性。,,,GPT-6 Astra Pro,2026-10-02,conflicting,True,gb,initial,glass,transparent curved vessel outline; bright rim or base,contents; material; etched pattern,
vot,1171,59f254b168506badf1831a135fa671ed582ae9a60f819cae5f9f21e7c3c77b8e,glass01_indoor_2,00000300,corrected,glass,transparent curved vessel outline; bright rim or base,contents; material; etched pattern,,近邻有拿杯及倒液动作；液体种类和临时状态不作稳定属性。,初始化索引 299：杯体倾斜/遮挡/模糊，不把手或背景纹理当杯子属性。,,,GPT-6 Astra Pro,2026-10-02,conflicting,True,gb,initial,glass,transparent curved vessel outline; bright rim or base,contents; material; etched pattern,
vot,1172,50212a9c1393b4ef3f0c3346c5b41c8c7c54fad3570773cb974899878f4ec61f,glass01_indoor_2,00000350,supported,glass,transparent cylindrical vessel; circular open rim; thicker base,contents; material; etched pattern,,近邻有拿杯及倒液动作；液体种类和临时状态不作稳定属性。,初始化索引 349：红框为透明杯，透出的椅条/手不是杯上印纹，不把内容物当杯体类别。,,,GPT-6 Astra Pro,2026-10-02,conflicting,True,gb,initial,glass,transparent cylindrical vessel; circular open rim; thicker base,contents; material; etched pattern,
vot,1173,ef32ab32ba3f265f7c73040edaf17f4d1e72074f58038c4c7e76b3311cbc2b6c,glass01_indoor_2,00000400,corrected,glass,transparent curved vessel outline; bright rim or base,contents; material; etched pattern,,近邻有拿杯及倒液动作；液体种类和临时状态不作稳定属性。,初始化索引 399：杯体倾斜/遮挡/模糊，不把手或背景纹理当杯子属性。,,,GPT-6 Astra Pro,2026-10-02,conflicting,True,gb,initial,glass,transparent curved vessel outline; bright rim or base,contents; material; etched pattern,
vot,1174,4ba413a7372a493450deb2f3d5be3ba2f6ee92e8ca0bcf0f5c5cc0928b300ef6,glass01_indoor_2,00000450,supported,glass,transparent cylindrical vessel; circular open rim; thicker base,contents; material; etched pattern,,近邻有拿杯及倒液动作；液体种类和临时状态不作稳定属性。,初始化索引 449：红框为透明杯，透出的椅条/手不是杯上印纹，不把内容物当杯体类别。,,,GPT-6 Astra Pro,2026-10-02,conflicting,True,gb,initial,glass,transparent cylindrical vessel; circular open rim; thicker base,contents; material; etched pattern,
vot,1175,b957e044f4b8ecbf72edbdf8d115657813c2d3177c6750804eedae01d7ac688f,glass01_indoor_2,00000500,corrected,glass,transparent cylindrical vessel; circular open rim; thicker base,contents; material; etched pattern,,近邻有拿杯及倒液动作；液体种类和临时状态不作稳定属性。,初始化索引 499：红框为透明杯，透出的椅条/手不是杯上印纹，不把内容物当杯体类别。,,,GPT-6 Astra Pro,2026-10-02,conflicting,True,gb,initial,glass,transparent cylindrical vessel; circular open rim; thicker base,contents; material; etched pattern,
vot,1176,f1ee26aa8d513cf87d96caf2f9f87f013df855e611672262c997c4064dd8e06e,glass01_indoor_2,00000550,supported,glass,transparent cylindrical vessel; circular open rim; thicker base,contents; material; etched pattern,,近邻有拿杯及倒液动作；液体种类和临时状态不作稳定属性。,初始化索引 549：红框为透明杯，透出的椅条/手不是杯上印纹，不把内容物当杯体类别。,,,GPT-6 Astra Pro,2026-10-02,conflicting,True,gb,initial,glass,transparent cylindrical vessel; circular open rim; thicker base,contents; material; etched pattern,
vot,1177,86e9ef10ebb59d1628f90a2b1e59ea3a139af6e95dac356da0ac33e0fed19b64,glass01_indoor_2,00000600,corrected,glass,transparent curved vessel outline; bright rim or base,contents; material; etched pattern,,近邻有拿杯及倒液动作；液体种类和临时状态不作稳定属性。,初始化索引 599：杯体倾斜/遮挡/模糊，不把手或背景纹理当杯子属性。,,,GPT-6 Astra Pro,2026-10-02,conflicting,True,gb,initial,glass,transparent curved vessel outline; bright rim or base,contents; material; etched pattern,
vot,1178,8768576596a0c9f66c3f41a92ef4ee2ae2dc85ca6f13fbc2eda0e12234121a97,glass01_indoor_2,00000650,corrected,glass,transparent cylindrical vessel; circular open rim; thicker base,contents; material; etched pattern,,近邻有拿杯及倒液动作；液体种类和临时状态不作稳定属性。,初始化索引 649：红框为杯体，当前浅色液体不能只凭颜色认定牛奶；倒入纸盒不属于杯子。,,,GPT-6 Astra Pro,2026-10-02,conflicting,True,gb,initial,glass,transparent cylindrical vessel; circular open rim; thicker base,contents; material; etched pattern,
vot,1179,f5d4458801e2fb97ac6f81ed7fef7933722af58eebc7e96716d7dd40ac658917,glass01_indoor_2,00000700,corrected,glass,transparent cylindrical vessel; circular open rim; thicker base,contents; material; etched pattern,,近邻有拿杯及倒液动作；液体种类和临时状态不作稳定属性。,初始化索引 699：红框为杯体，当前浅色液体不能只凭颜色认定牛奶；倒入纸盒不属于杯子。,,,GPT-6 Astra Pro,2026-10-02,conflicting,True,gb,initial,glass,transparent cylindrical vessel; circular open rim; thicker base,contents; material; etched pattern,
vot,1180,10f5f4c5ff530aa8cfbc19cb305f433f75b0468be0b097cd2f44d08096fb1752,glass01_indoor_2,00000750,corrected,glass,transparent cylindrical vessel; circular open rim; thicker base,contents; material; etched pattern,,近邻有拿杯及倒液动作；液体种类和临时状态不作稳定属性。,初始化索引 749：红框为杯体，当前浅色液体不能只凭颜色认定牛奶；倒入纸盒不属于杯子。,,,GPT-6 Astra Pro,2026-10-02,conflicting,True,gb,initial,glass,transparent cylindrical vessel; circular open rim; thicker base,contents; material; etched pattern,
vot,1181,8da3846dcd3ec20b11643fe46f3bea219c629e1fea6cbd56ef223a240fd42e31,glass01_indoor_2,00000800,corrected,glass,transparent cylindrical vessel; circular open rim; thicker base,contents; material; etched pattern,,近邻有拿杯及倒液动作；液体种类和临时状态不作稳定属性。,初始化索引 799：红框为杯体，当前浅色液体不能只凭颜色认定牛奶；倒入纸盒不属于杯子。,,,GPT-6 Astra Pro,2026-10-02,conflicting,True,gb,initial,glass,transparent cylindrical vessel; circular open rim; thicker base,contents; material; etched pattern,
vot,1182,1e5717b82c17da5c422aa935f1feb355c61da87754a4691d12a6b523c7d1f1fe,glass01_indoor_2,00000850,corrected,glass,transparent cylindrical vessel; circular open rim; thicker base,contents; material; etched pattern,,近邻有拿杯及倒液动作；液体种类和临时状态不作稳定属性。,初始化索引 849：红框为杯体，当前浅色液体不能只凭颜色认定牛奶；倒入纸盒不属于杯子。,,,GPT-6 Astra Pro,2026-10-02,conflicting,True,gb,initial,glass,transparent cylindrical vessel; circular open rim; thicker base,contents; material; etched pattern,
vot,1183,09e2999cabfa0b5e713a7a8a55a32b382bce24f1f60ba73f348b6980416f4648,glass01_indoor_2,00000889,corrected,glass,transparent cylindrical vessel; circular open rim; thicker base,contents; material; etched pattern,,近邻有拿杯及倒液动作；液体种类和临时状态不作稳定属性。,初始化索引 888：红框为杯体，当前浅色液体不能只凭颜色认定牛奶；倒入纸盒不属于杯子。,,,GPT-6 Astra Pro,2026-10-02,conflicting,True,gb,initial,glass,transparent cylindrical vessel; circular open rim; thicker base,contents; material; etched pattern,
vot,1184,85910ec538b729a6f84ebb7f5bf0d17d59c6cd9f8a240f4b49e17fb1772c9b97,human02_indoor_1,00000001,supported,person,white short-sleeved top; dark trousers; glasses; short dark hair,fabric; small accessories,,该段有换外衣和戴帽，只描述本初始化服饰，不作永久身份。,初始化索引 0：红框为整个人，不是单独shirt、帽、手套或所持外衣。,,,GPT-6 Astra Pro,2026-10-02,conflicting,True,gb,initial,person,white short-sleeved top; dark trousers; glasses; short dark hair,fabric; small accessories,
vot,1185,dae5052767dd93bd627d5b32ad2dbd31138fe8b17aef4c80d5b31632bdedbd88,human02_indoor_1,00000051,corrected,person,white short-sleeved top; dark trousers; glasses; short dark hair,fabric; small accessories,,该段有换外衣和戴帽，只描述本初始化服饰，不作永久身份。,初始化索引 50：红框为整个人，不是单独shirt、帽、手套或所持外衣。,,,GPT-6 Astra Pro,2026-10-02,conflicting,True,gb,initial,person,white short-sleeved top; dark trousers; glasses; short dark hair,fabric; small accessories,
vot,1186,eed9851b56d88f6d27598fd5a27f822aa91a7305c6a093aed6cdcfa8597801b8,human02_indoor_1,00000060,corrected,person,white short-sleeved top; dark trousers; glasses; short dark hair,fabric; small accessories,,该段有换外衣和戴帽，只描述本初始化服饰，不作永久身份。,初始化索引 59：红框为整个人，不是单独shirt、帽、手套或所持外衣。,,,GPT-6 Astra Pro,2026-10-02,conflicting,True,gb,initial,person,white short-sleeved top; dark trousers; glasses; short dark hair,fabric; small accessories,
vot,1187,d40eb071d173f24281b1f389aec6bc328b56a574de483ef8f5ebc91b4e63aaa8,human02_indoor_2,00000001,corrected,person,white short-sleeved top; dark trousers; glasses; short dark hair,fabric; small accessories,,该段有换外衣和戴帽，只描述本初始化服饰，不作永久身份。,初始化索引 0：红框为整个人，不是单独shirt、帽、手套或所持外衣。,,,GPT-6 Astra Pro,2026-10-02,conflicting,True,gb,initial,person,white short-sleeved top; dark trousers; glasses; short dark hair,fabric; small accessories,
vot,1188,a9628fdc98a1b338deabdcbca7ab4b2b83eda689119b519dd3c3453c4f327207,human02_indoor_2,00000051,supported,person,blue outer jacket; white inner top; dark trousers; glasses,fabric; small accessories,,该段有换外衣和戴帽，只描述本初始化服饰，不作永久身份。,初始化索引 50：本帧为蓝外套和白内搭的人物，不是孤立外套。,,,GPT-6 Astra Pro,2026-10-02,conflicting,True,gb,initial,person,blue outer jacket; white inner top; dark trousers; glasses,fabric; small accessories,
vot,1189,9157b4cc3c41273c85f3daafeccb2293231ef05f260180fd2474017126643c28,human02_indoor_2,00000101,supported,person,blue outer jacket; white inner top; dark trousers; glasses,fabric; small accessories,,该段有换外衣和戴帽，只描述本初始化服饰，不作永久身份。,初始化索引 100：本帧为蓝外套和白内搭的人物，不是孤立外套。,,,GPT-6 Astra Pro,2026-10-02,conflicting,True,gb,initial,person,blue outer jacket; white inner top; dark trousers; glasses,fabric; small accessories,
vot,1190,1e50d059fc2e3a2cff8df085928907c950187f6951d953807198557576f5d7ac,human02_indoor_2,00000151,supported,person,blue outer jacket; white inner top; dark trousers; glasses,fabric; small accessories,,该段有换外衣和戴帽，只描述本初始化服饰，不作永久身份。,初始化索引 150：本帧为蓝外套和白内搭的人物，不是孤立外套。,,,GPT-6 Astra Pro,2026-10-02,conflicting,True,gb,initial,person,blue outer jacket; white inner top; dark trousers; glasses,fabric; small accessories,
vot,1191,357344ba1f33182dfb1fe1a7b6d1a497a7d7905815979c6876ee9a31087b568e,human02_indoor_2,00000201,corrected,person,blue outer jacket; white inner top; dark trousers; glasses,fabric; small accessories,,该段有换外衣和戴帽，只描述本初始化服饰，不作永久身份。,初始化索引 200：本帧为蓝外套和白内搭的人物，不是孤立外套。,,,GPT-6 Astra Pro,2026-10-02,conflicting,True,gb,initial,person,blue outer jacket; white inner top; dark trousers; glasses,fabric; small accessories,
vot,1192,9ae6ee031f396d134ed2481d8542347df44393497c8ccff0658b71017b3c0810,human02_indoor_2,00000251,supported,person,white short-sleeved top; dark trousers; glasses; short dark hair,fabric; small accessories,,该段有换外衣和戴帽，只描述本初始化服饰，不作永久身份。,初始化索引 250：红框为整个人，不是单独shirt、帽、手套或所持外衣。,,,GPT-6 Astra Pro,2026-10-02,conflicting,True,gb,initial,person,white short-sleeved top; dark trousers; glasses; short dark hair,fabric; small accessories,
vot,1193,eaa747e2f7f0bebf479215889f9c32242bca3de9af2c2621f2bfc8ba5b3d7d93,human02_indoor_2,00000301,supported,person,white short-sleeved top; dark trousers; glasses; short dark hair,fabric; small accessories,,该段有换外衣和戴帽，只描述本初始化服饰，不作永久身份。,初始化索引 300：红框为整个人，不是单独shirt、帽、手套或所持外衣。,,,GPT-6 Astra Pro,2026-10-02,conflicting,True,gb,initial,person,white short-sleeved top; dark trousers; glasses; short dark hair,fabric; small accessories,
vot,1194,f7b209d6ecf9332989ea1047f90e657f1ea7a7d9c490e4f1b0691fe378d39b57,human02_indoor_2,00000351,corrected,person,white short-sleeved top; dark trousers; glasses; short dark hair,fabric; small accessories,,该段有换外衣和戴帽，只描述本初始化服饰，不作永久身份。,初始化索引 350：红框为整个人，不是单独shirt、帽、手套或所持外衣。,,,GPT-6 Astra Pro,2026-10-02,conflicting,True,gb,initial,person,white short-sleeved top; dark trousers; glasses; short dark hair,fabric; small accessories,
vot,1195,71c812f7e59fb0de46492bca103ad505c122f520a1fc7da514d4782875fde20f,human02_indoor_2,00000401,corrected,person,white short-sleeved top; dark trousers; glasses; short dark hair,fabric; small accessories,,该段有换外衣和戴帽，只描述本初始化服饰，不作永久身份。,初始化索引 400：红框为整个人，不是单独shirt、帽、手套或所持外衣。,,,GPT-6 Astra Pro,2026-10-02,conflicting,True,gb,initial,person,white short-sleeved top; dark trousers; glasses; short dark hair,fabric; small accessories,
vot,1196,1907078ca7a1a35df2c8c2e9e8c4af76de2a527e86f0e20a97cb192ef034a2f9,human02_indoor_2,00000450,corrected,person,white short-sleeved top; dark trousers; glasses; short dark hair,fabric; small accessories,,该段有换外衣和戴帽，只描述本初始化服饰，不作永久身份。,初始化索引 449：红框为整个人，不是单独shirt、帽、手套或所持外衣。,,,GPT-6 Astra Pro,2026-10-02,conflicting,True,gb,initial,person,white short-sleeved top; dark trousers; glasses; short dark hair,fabric; small accessories,
vot,1197,284ad0f357b9cd80a9493c7569d651e35437b4ef62316bcf965b129c682a5e38,human02_indoor_2,00000500,corrected,person,white short-sleeved top; dark trousers; glasses; short dark hair,fabric; small accessories,,该段有换外衣和戴帽，只描述本初始化服饰，不作永久身份。,初始化索引 499：红框为整个人，不是单独shirt、帽、手套或所持外衣。,,,GPT-6 Astra Pro,2026-10-02,conflicting,True,gb,initial,person,white short-sleeved top; dark trousers; glasses; short dark hair,fabric; small accessories,
vot,1198,8b0f54e91145f4f8f2f6c875384d0cbaef74194c9c999a3e40740d52b920c2a3,human02_indoor_2,00000550,corrected,person,white short-sleeved top; dark trousers; glasses; short dark hair,fabric; small accessories,,该段有换外衣和戴帽，只描述本初始化服饰，不作永久身份。,初始化索引 549：红框为整个人，不是单独shirt、帽、手套或所持外衣。,,,GPT-6 Astra Pro,2026-10-02,conflicting,True,gb,initial,person,white short-sleeved top; dark trousers; glasses; short dark hair,fabric; small accessories,
vot,1199,34fc9a22f7271ca1e05cdf7844a8e620af3b4822dd3d150399eefbed805539e4,human02_indoor_2,00000600,corrected,person,white short-sleeved top; dark trousers; glasses; short dark hair,fabric; small accessories,,该段有换外衣和戴帽，只描述本初始化服饰，不作永久身份。,初始化索引 599：红框为整个人，不是单独shirt、帽、手套或所持外衣。,,,GPT-6 Astra Pro,2026-10-02,conflicting,True,gb,initial,person,white short-sleeved top; dark trousers; glasses; short dark hair,fabric; small accessories,
vot,1200,d93367d7b98008fdd6f0cc2591935d3bc6e676b02357ad6940bf36b9d131695a,human02_indoor_2,00000644,corrected,person,white short-sleeved top; dark trousers; glasses; short dark hair,fabric; small accessories,,该段有换外衣和戴帽，只描述本初始化服饰，不作永久身份。,初始化索引 643：红框为整个人，不是单独shirt、帽、手套或所持外衣。,,,GPT-6 Astra Pro,2026-10-02,conflicting,True,gb,initial,person,white short-sleeved top; dark trousers; glasses; short dark hair,fabric; small accessories,
vot,1201,4c42ac6aeb1021eb33083f30c98a904493148ba701b187277b330164643150c0,human02_indoor_2,00000700,corrected,person,black outer jacket; white inner top; dark trousers; glasses,fabric; small accessories,,该段有换外衣和戴帽，只描述本初始化服饰，不作永久身份。,初始化索引 699：本帧目标穿/正在穿黑外套，未见可靠胡须证据；不混入另一个人。,,,GPT-6 Astra Pro,2026-10-02,conflicting,True,gb,initial,person,black outer jacket; white inner top; dark trousers; glasses,fabric; small accessories,
vot,1202,1d0e5bb577ac016647895fdf7ecc43a89803aa7e564c90881cc14ed28a98557b,human02_indoor_2,00000750,supported,person,black outer jacket; white inner top; dark trousers; glasses,fabric; small accessories,,该段有换外衣和戴帽，只描述本初始化服饰，不作永久身份。,初始化索引 749：本帧目标穿/正在穿黑外套，未见可靠胡须证据；不混入另一个人。,,,GPT-6 Astra Pro,2026-10-02,conflicting,True,gb,initial,person,black outer jacket; white inner top; dark trousers; glasses,fabric; small accessories,
vot,1203,a8d78a3e36868d2e0c7f631582efec837460917d57fc081b81bb01362b930c17,human02_indoor_2,00000800,supported,person,black outer jacket; white inner top; dark trousers; glasses,fabric; small accessories,,该段有换外衣和戴帽，只描述本初始化服饰，不作永久身份。,初始化索引 799：本帧目标穿/正在穿黑外套，未见可靠胡须证据；不混入另一个人。,,,GPT-6 Astra Pro,2026-10-02,conflicting,True,gb,initial,person,black outer jacket; white inner top; dark trousers; glasses,fabric; small accessories,
vot,1204,cc252e01595be7e368d18172016d170cb30dfc23145177e87c381ade0b0e94ad,human02_indoor_2,00000850,corrected,person,black outer jacket; white inner top; dark trousers; glasses,fabric; small accessories,,该段有换外衣和戴帽，只描述本初始化服饰，不作永久身份。,初始化索引 849：本帧目标穿/正在穿黑外套，未见可靠胡须证据；不混入另一个人。,,,GPT-6 Astra Pro,2026-10-02,conflicting,True,gb,initial,person,black outer jacket; white inner top; dark trousers; glasses,fabric; small accessories,
vot,1205,0439bd689d3ca87946f8388237b31ced0d2bdfd5f85be0e6031d856d2fca8bd1,human02_indoor_2,00000900,supported,person,black outer jacket; white inner top; dark trousers; glasses,fabric; small accessories,,该段有换外衣和戴帽，只描述本初始化服饰，不作永久身份。,初始化索引 899：本帧目标穿/正在穿黑外套，未见可靠胡须证据；不混入另一个人。,,,GPT-6 Astra Pro,2026-10-02,conflicting,True,gb,initial,person,black outer jacket; white inner top; dark trousers; glasses,fabric; small accessories,
vot,1206,5c58119fd39021adb800f6fa20d798f68fa4b7830cc2adf3eba1ba09d8710ae2,human02_indoor_2,00000950,supported,person,white short-sleeved top; dark trousers; glasses; short dark hair,fabric; small accessories,,该段有换外衣和戴帽，只描述本初始化服饰，不作永久身份。,初始化索引 949：红框为整个人，不是单独shirt、帽、手套或所持外衣。,,,GPT-6 Astra Pro,2026-10-02,conflicting,True,gb,initial,person,white short-sleeved top; dark trousers; glasses; short dark hair,fabric; small accessories,
vot,1207,4e2913cb2557f4706cfff6817f3a6c959afc48f92e48173bb2a1aabedd81b6d3,human02_indoor_2,00001000,corrected,person,white short-sleeved top; dark trousers; glasses; short dark hair,fabric; small accessories,,该段有换外衣和戴帽，只描述本初始化服饰，不作永久身份。,初始化索引 999：红框为整个人，不是单独shirt、帽、手套或所持外衣。,,,GPT-6 Astra Pro,2026-10-02,conflicting,True,gb,initial,person,white short-sleeved top; dark trousers; glasses; short dark hair,fabric; small accessories,
vot,1208,9479826357d092db01c9940d7643ab9534dc9c94b5c3c2a3e15f5ca2951fcdb7,human02_indoor_2,00001050,corrected,person,white short-sleeved top; dark trousers; glasses; short dark hair,fabric; small accessories,,该段有换外衣和戴帽，只描述本初始化服饰，不作永久身份。,初始化索引 1049：红框为整个人，不是单独shirt、帽、手套或所持外衣。,,,GPT-6 Astra Pro,2026-10-02,conflicting,True,gb,initial,person,white short-sleeved top; dark trousers; glasses; short dark hair,fabric; small accessories,
vot,1209,37b6aedfe4a67df2d6080fb742af1eb180644548a57f3a66fa2c11f76742e102,human02_indoor_2,00001072,corrected,person,white short-sleeved top; dark trousers; glasses; short dark hair,fabric; small accessories,,该段有换外衣和戴帽，只描述本初始化服饰，不作永久身份。,初始化索引 1071：白T人物所持深色可折叠物不能确认为包。,,,GPT-6 Astra Pro,2026-10-02,conflicting,True,gb,initial,person,white short-sleeved top; dark trousers; glasses; short dark hair,fabric; small accessories,
vot,1210,b3c06c87b68a0a56259e1539fae6f6768c0cefd9c581a3a1bb7b05959648785b,human02_indoor_3,00000001,corrected,person,white short-sleeved top; dark trousers; glasses; short dark hair,fabric; small accessories,,该段有换外衣和戴帽，只描述本初始化服饰，不作永久身份。,初始化索引 0：白T、眼镜和深色长裤可见，不能将长裤写成短裤。,,,GPT-6 Astra Pro,2026-10-02,conflicting,True,gb,initial,person,white short-sleeved top; dark trousers; glasses; short dark hair,fabric; small accessories,
vot,1211,72b820b2bf0a9d4c74f4dc0fde1582dcee8cbc46c6a0388cfe4ad596092d6cc9,human02_indoor_3,00000051,corrected,person,white short-sleeved top; dark trousers; glasses; short dark hair,fabric; small accessories,,该段有换外衣和戴帽，只描述本初始化服饰，不作永久身份。,初始化索引 50：红框为整个人，不是单独shirt、帽、手套或所持外衣。,,,GPT-6 Astra Pro,2026-10-02,conflicting,True,gb,initial,person,white short-sleeved top; dark trousers; glasses; short dark hair,fabric; small accessories,
vot,1212,fd95b3c4f727f30b1b322d5d26c1b96a6fad378d841d34ab3b6a73d77fe23a33,human02_indoor_3,00000101,corrected,person,white short-sleeved top; dark trousers; dark cap,fabric; small accessories,,该段有换外衣和戴帽，只描述本初始化服饰，不作永久身份。,初始化索引 100：本帧人物戴黑帽，帽是临时配饰，不替代人这一类别。,,,GPT-6 Astra Pro,2026-10-02,conflicting,True,gb,initial,person,white short-sleeved top; dark trousers; dark cap,fabric; small accessories,
vot,1213,29dd0effd82fac84247e3b0f5feefad7c2f25c191df0f9ab037a0abb7afd6be1,human02_indoor_3,00000151,corrected,person,white short-sleeved top; dark trousers; dark cap,fabric; small accessories,,该段有换外衣和戴帽，只描述本初始化服饰，不作永久身份。,初始化索引 150：本帧人物戴黑帽，帽是临时配饰，不替代人这一类别。,,,GPT-6 Astra Pro,2026-10-02,conflicting,True,gb,initial,person,white short-sleeved top; dark trousers; dark cap,fabric; small accessories,
vot,1214,01e9ed25ae07cc38951ae49e68f3a2ab1fd8a2120f8d120e463046217c8e300b,human02_indoor_3,00000193,corrected,person,white short-sleeved top; dark trousers; dark cap,fabric; small accessories,,该段有换外衣和戴帽，只描述本初始化服饰，不作永久身份。,初始化索引 192：本帧人物戴黑帽，帽是临时配饰，不替代人这一类别。,,,GPT-6 Astra Pro,2026-10-02,conflicting,True,gb,initial,person,white short-sleeved top; dark trousers; dark cap,fabric; small accessories,
vot,1215,acefdbc3e4e415e5274e078882a3cfa07c556c654105edd1f44b9700369ecc55,human02_indoor_3,00000262,corrected,person,white short-sleeved top; dark trousers; glasses; short dark hair,fabric; small accessories,,该段有换外衣和戴帽，只描述本初始化服饰，不作永久身份。,初始化索引 261：红框为整个人，不是单独shirt、帽、手套或所持外衣。,,,GPT-6 Astra Pro,2026-10-02,conflicting,True,gb,initial,person,white short-sleeved top; dark trousers; glasses; short dark hair,fabric; small accessories,
vot,1216,c11f42cc748cb12570fd332be5b16740cc7ffc50ff437dd28f44d10fc872eac2,human02_indoor_3,00000301,corrected,person,white short-sleeved top; dark trousers; glasses; short dark hair,fabric; small accessories,,该段有换外衣和戴帽，只描述本初始化服饰，不作永久身份。,初始化索引 300：红框为人物，手中小黑物不能硬判为手套。,,,GPT-6 Astra Pro,2026-10-02,conflicting,True,gb,initial,person,white short-sleeved top; dark trousers; glasses; short dark hair,fabric; small accessories,
vot,1217,503d6cb52e8338d7ac138b989ba285913471107051f14f5c1a74de5498bbf539,human02_indoor_3,00000351,corrected,person,white short-sleeved top; dark trousers; glasses; short dark hair,fabric; small accessories,,该段有换外衣和戴帽，只描述本初始化服饰，不作永久身份。,初始化索引 350：白T和眼镜可见，腕部细节不足，不确认手链。,,,GPT-6 Astra Pro,2026-10-02,conflicting,True,gb,initial,person,white short-sleeved top; dark trousers; glasses; short dark hair,fabric; small accessories,
vot,1218,58aded5cbabefcc06450009a8923bbde79ff00e8a89cef10b7490942e47119c7,human02_indoor_3,00000375,supported,person,white short-sleeved top; dark trousers; glasses; short dark hair,fabric; small accessories,,该段有换外衣和戴帽，只描述本初始化服饰，不作永久身份。,初始化索引 374：红框为整个人，不是单独shirt、帽、手套或所持外衣。,,,GPT-6 Astra Pro,2026-10-02,conflicting,True,gb,initial,person,white short-sleeved top; dark trousers; glasses; short dark hair,fabric; small accessories,
vot,1219,9489ae1559a166ecca3b686095421343f520ec3322e2b14a0f1caec23e17605c,humans_corridor_occ_1_1,00000001,supported,person,dark long-sleeved top; blue-gray trousers; rear silhouette,fine clothing texture; shoes,,远处遮挡和并行人物仅作辅助。,初始化索引 0：红框为走廊左侧人物，不是右边条纹上衣人。,,,GPT-6 Astra Pro,2026-10-02,conflicting,True,gb,initial,person,dark long-sleeved top; blue-gray trousers; rear silhouette,fine clothing texture; shoes,
vot,1220,ad639bdf56604063849569106f9dc3416a8111be47c20f738e6ca6f286d505ed,humans_corridor_occ_1_1,00000051,supported,person,dark long-sleeved top; blue-gray trousers; rear silhouette,fine clothing texture; shoes,,远处遮挡和并行人物仅作辅助。,初始化索引 50：红框为走廊左侧人物，不是右边条纹上衣人。,,,GPT-6 Astra Pro,2026-10-02,conflicting,True,gb,initial,person,dark long-sleeved top; blue-gray trousers; rear silhouette,fine clothing texture; shoes,
vot,1221,b2fac6d28282c8ee623d7ab3375dd5cfd6ce12876407e4bf8d28ea56cd573059,humans_corridor_occ_1_1,00000101,supported,person,dark long-sleeved top; blue-gray trousers; rear silhouette,fine clothing texture; shoes,,远处遮挡和并行人物仅作辅助。,初始化索引 100：红框为走廊左侧人物，不是右边条纹上衣人。,,,GPT-6 Astra Pro,2026-10-02,conflicting,True,gb,initial,person,dark long-sleeved top; blue-gray trousers; rear silhouette,fine clothing texture; shoes,
vot,1222,063a3c93ab0329147daaab9e999b7e2968db77f106bc1c6c4398e6c7178acff8,humans_corridor_occ_1_1,00000115,uncertain,person,partly occluded dark human silhouette,fine clothing texture; shoes,,远处遮挡和并行人物仅作辅助。,初始化索引 114：人物在门/墙边，只露窄身体部分，服饰细节不清。,,,GPT-6 Astra Pro,2026-10-02,conflicting,True,gb,initial,person,partly occluded dark human silhouette,fine clothing texture; shoes,
vot,1223,b5652826b9d7e33088cecf9351e8f2d4907fe4e67c60f3dcf6192041fa498fe0,humans_shirts_room_occ_1_A_1,00000001,supported,person,dark blue long-sleeved top; blue-gray jeans,fabric; hidden accessories,,两人换上衣，逐初始化描述，服饰不保证跨时刻不变。,初始化索引 0：目标当前为深蓝素面上衣人物，不是旁边花纹衣者。,,,GPT-6 Astra Pro,2026-10-02,conflicting,True,gb,initial,person,dark blue long-sleeved top; blue-gray jeans,fabric; hidden accessories,
vot,1224,db3f416228171cb9b27600183e51876470dd661aa3c776a02b6c15c987fa01d2,humans_shirts_room_occ_1_A_1,00000051,supported,person,dark blue long-sleeved top; blue-gray jeans,fabric; hidden accessories,,两人换上衣，逐初始化描述，服饰不保证跨时刻不变。,初始化索引 50：目标当前为深蓝素面上衣人物，不是旁边花纹衣者。,,,GPT-6 Astra Pro,2026-10-02,conflicting,True,gb,initial,person,dark blue long-sleeved top; blue-gray jeans,fabric; hidden accessories,
vot,1225,4fc39133af42efb85273e09d62125d6282297e4f94b3fa58ede6952fdddee618,humans_shirts_room_occ_1_A_1,00000101,corrected,person,dark blue long-sleeved top; blue-gray jeans,fabric; hidden accessories,,两人换上衣，逐初始化描述，服饰不保证跨时刻不变。,初始化索引 100：目标当前为深蓝素面上衣人物，不是旁边花纹衣者。,,,GPT-6 Astra Pro,2026-10-02,conflicting,True,gb,initial,person,dark blue long-sleeved top; blue-gray jeans,fabric; hidden accessories,
vot,1226,7731ee591a216905a37582529d1e4ce6e4f7b74500181bafb5b1959ea82db58f,humans_shirts_room_occ_1_A_1,00000151,corrected,person,blue-gray striped inner top; blue jeans; dark garment raised over head,fabric; hidden accessories,,两人换上衣，逐初始化描述，服饰不保证跨时刻不变。,初始化索引 150：正在脱深色外衣，头脸遮挡，不能移用另一位眼镜人物的特征。,,,GPT-6 Astra Pro,2026-10-02,conflicting,True,gb,initial,person,blue-gray striped inner top; blue jeans; dark garment raised over head,fabric; hidden accessories,
vot,1227,bba615286408ddc38388113bffd6cd3d25fe83b6e099e835e5327b8f1e073828,humans_shirts_room_occ_1_A_1,00000201,corrected,person,blue-gray horizontal striped top; blue jeans,fabric; hidden accessories,,两人换上衣，逐初始化描述，服饰不保证跨时刻不变。,初始化索引 200：本初始化目标露出横条内搭，穿脱外衣属于当前状态。,,,GPT-6 Astra Pro,2026-10-02,conflicting,True,gb,initial,person,blue-gray horizontal striped top; blue jeans,fabric; hidden accessories,
vot,1228,97f029f9d50ac632c3bac3034f284e2fa15131a4786c7f3fba195333875e7243,humans_shirts_room_occ_1_A_1,00000251,corrected,person,blue-gray horizontal striped top; blue jeans,fabric; hidden accessories,,两人换上衣，逐初始化描述，服饰不保证跨时刻不变。,初始化索引 250：本初始化目标露出横条内搭，穿脱外衣属于当前状态。,,,GPT-6 Astra Pro,2026-10-02,conflicting,True,gb,initial,person,blue-gray horizontal striped top; blue jeans,fabric; hidden accessories,
vot,1229,f7ec53b2e8d48d82e79ddb1566a64698f400e7646d8f67a87ad2474577d19c43,humans_shirts_room_occ_1_A_1,00000301,corrected,person,blue-gray horizontal striped top; blue jeans,fabric; hidden accessories,,两人换上衣，逐初始化描述，服饰不保证跨时刻不变。,初始化索引 300：本初始化目标露出横条内搭，穿脱外衣属于当前状态。,,,GPT-6 Astra Pro,2026-10-02,conflicting,True,gb,initial,person,blue-gray horizontal striped top; blue jeans,fabric; hidden accessories,
vot,1230,8c8a6bb34907f5954ee625fc20f76e3be2354c33efceea63fe0c4f4b1480469e,humans_shirts_room_occ_1_A_1,00000351,corrected,person,blue-gray horizontal striped top; blue jeans,fabric; hidden accessories,,两人换上衣，逐初始化描述，服饰不保证跨时刻不变。,初始化索引 350：本初始化目标露出横条内搭，穿脱外衣属于当前状态。,,,GPT-6 Astra Pro,2026-10-02,conflicting,True,gb,initial,person,blue-gray horizontal striped top; blue jeans,fabric; hidden accessories,
vot,1231,da251eea6cbe140998b3822cf881345a1d4a3906bff7789f711764963be12019,humans_shirts_room_occ_1_A_1,00000401,corrected,person,blue-gray horizontal striped top; blue jeans,fabric; hidden accessories,,两人换上衣，逐初始化描述，服饰不保证跨时刻不变。,初始化索引 400：本初始化目标露出横条内搭，穿脱外衣属于当前状态。,,,GPT-6 Astra Pro,2026-10-02,conflicting,True,gb,initial,person,blue-gray horizontal striped top; blue jeans,fabric; hidden accessories,
vot,1232,7a246739fd9b81e292c5083a6c0bbbb19bf1c6cc7e08cea3734194649c2618c0,humans_shirts_room_occ_1_A_1,00000451,corrected,person,blue-gray horizontal striped top; blue jeans,fabric; hidden accessories,,两人换上衣，逐初始化描述，服饰不保证跨时刻不变。,初始化索引 450：本初始化目标露出横条内搭，穿脱外衣属于当前状态。,,,GPT-6 Astra Pro,2026-10-02,conflicting,True,gb,initial,person,blue-gray horizontal striped top; blue jeans,fabric; hidden accessories,
vot,1233,3cfb762bee8ca4f6c1d26241d7b40a3976b0086e872a1f411787d0a21bcabd5e,humans_shirts_room_occ_1_A_1,00000501,corrected,person,blue-gray horizontal striped top; blue jeans,fabric; hidden accessories,,两人换上衣，逐初始化描述，服饰不保证跨时刻不变。,初始化索引 500：本初始化目标露出横条内搭，穿脱外衣属于当前状态。,,,GPT-6 Astra Pro,2026-10-02,conflicting,True,gb,initial,person,blue-gray horizontal striped top; blue jeans,fabric; hidden accessories,
vot,1234,9f627581f8b24348a7cdc192124ecc20b1193a1865a35de455d16402e32f2f7b,humans_shirts_room_occ_1_A_1,00000551,corrected,person,dark patterned collared outer top; blue jeans,fabric; hidden accessories,,两人换上衣，逐初始化描述，服饰不保证跨时刻不变。,初始化索引 550：目标本帧穿细花纹翻领外衣，不将杂纹直接当迷彩。,,,GPT-6 Astra Pro,2026-10-02,conflicting,True,gb,initial,person,dark patterned collared outer top; blue jeans,fabric; hidden accessories,
vot,1235,5d21a70b7c7c71f70e3006be8208ddb80956dcdc7bde7313ff2fc93a33e75567,humans_shirts_room_occ_1_A_1,00000601,corrected,person,dark patterned collared outer top; blue jeans,fabric; hidden accessories,,两人换上衣，逐初始化描述，服饰不保证跨时刻不变。,初始化索引 600：目标本帧穿细花纹翻领外衣，不将杂纹直接当迷彩。,,,GPT-6 Astra Pro,2026-10-02,conflicting,True,gb,initial,person,dark patterned collared outer top; blue jeans,fabric; hidden accessories,
vot,1236,3448dd14d673519ac83f3014e36469ed49f4e7d24c19cb9cb993f6089a96bfbc,humans_shirts_room_occ_1_A_1,00000651,corrected,person,dark patterned collared outer top; blue jeans,fabric; hidden accessories,,两人换上衣，逐初始化描述，服饰不保证跨时刻不变。,初始化索引 650：目标本帧穿细花纹翻领外衣，不将杂纹直接当迷彩。,,,GPT-6 Astra Pro,2026-10-02,conflicting,True,gb,initial,person,dark patterned collared outer top; blue jeans,fabric; hidden accessories,
vot,1237,c700c089d406ec7ff5df7440237366517a7f16d284cd64021357ed0e4c3df078,humans_shirts_room_occ_1_A_1,00000701,corrected,person,dark patterned collared outer top; blue jeans,fabric; hidden accessories,,两人换上衣，逐初始化描述，服饰不保证跨时刻不变。,初始化索引 700：目标本帧穿细花纹翻领外衣，不将杂纹直接当迷彩。,,,GPT-6 Astra Pro,2026-10-02,conflicting,True,gb,initial,person,dark patterned collared outer top; blue jeans,fabric; hidden accessories,
vot,1238,13310ebeae74b0aa5036975a7a216c0ae48cc6861843406d849ff1804a68f694,humans_shirts_room_occ_1_A_1,00000751,supported,person,distant dark patterned top; blue-gray lower clothing,fabric; hidden accessories,,两人换上衣，逐初始化描述，服饰不保证跨时刻不变。,初始化索引 750：目标到门边，面部和细花纹不可辨，仅保留衣色。,,,GPT-6 Astra Pro,2026-10-02,conflicting,True,gb,initial,person,distant dark patterned top; blue-gray lower clothing,fabric; hidden accessories,
vot,1239,119021d3df4aef89e3f0cca037ff5e0b669cbe23a6d6f3e86c6945facc38e175,humans_shirts_room_occ_1_A_1,00000768,supported,person,distant dark patterned top; blue-gray lower clothing,fabric; hidden accessories,,两人换上衣，逐初始化描述，服饰不保证跨时刻不变。,初始化索引 767：目标到门边，面部和细花纹不可辨，仅保留衣色。,,,GPT-6 Astra Pro,2026-10-02,conflicting,True,gb,initial,person,distant dark patterned top; blue-gray lower clothing,fabric; hidden accessories,
vot,1240,eb52738e067472b894d3390091dc87937297ff94ea03baf8ac48d3aa93502a30,humans_shirts_room_occ_1_A_2,00000001,supported,person,dark patterned collared outer top; blue jeans,fabric; hidden accessories,,两人换上衣，逐初始化描述，服饰不保证跨时刻不变。,初始化索引 0：目标本帧穿细花纹翻领外衣，不将杂纹直接当迷彩。,,,GPT-6 Astra Pro,2026-10-02,conflicting,True,gb,initial,person,dark patterned collared outer top; blue jeans,fabric; hidden accessories,
vot,1241,ca349109b6ea35b3e664d5de798e16bc49819806059d48fcf980b86c107efe03,humans_shirts_room_occ_1_A_2,00000051,corrected,person,dark patterned collared outer top; blue jeans,fabric; hidden accessories,,两人换上衣，逐初始化描述，服饰不保证跨时刻不变。,初始化索引 50：目标本帧穿细花纹翻领外衣，不将杂纹直接当迷彩。,,,GPT-6 Astra Pro,2026-10-02,conflicting,True,gb,initial,person,dark patterned collared outer top; blue jeans,fabric; hidden accessories,
vot,1242,200d45c21d27375cbf3c5a38f82948968a5940f5a2dcc29c89ba860f4bea02bb,humans_shirts_room_occ_1_A_2,00000101,corrected,person,dark patterned collared outer top; blue jeans,fabric; hidden accessories,,两人换上衣，逐初始化描述，服饰不保证跨时刻不变。,初始化索引 100：目标本帧穿细花纹翻领外衣，不将杂纹直接当迷彩。,,,GPT-6 Astra Pro,2026-10-02,conflicting,True,gb,initial,person,dark patterned collared outer top; blue jeans,fabric; hidden accessories,
vot,1243,59ecc151e84c6b2f3964b6376f2e56e5993d828d77aa47f50bbcc065247be6dc,humans_shirts_room_occ_1_A_2,00000151,corrected,person,dark patterned collared outer top; blue jeans,fabric; hidden accessories,,两人换上衣，逐初始化描述，服饰不保证跨时刻不变。,初始化索引 150：目标本帧穿细花纹翻领外衣，不将杂纹直接当迷彩。,,,GPT-6 Astra Pro,2026-10-02,conflicting,True,gb,initial,person,dark patterned collared outer top; blue jeans,fabric; hidden accessories,
vot,1244,c6a06c119c3ff424e86a58bb35b4c4dd5aa171e70ea99681580f18f5798a27c5,humans_shirts_room_occ_1_A_2,00000201,corrected,person,blue-gray horizontal striped top; blue jeans,fabric; hidden accessories,,两人换上衣，逐初始化描述，服饰不保证跨时刻不变。,初始化索引 200：本初始化目标露出横条内搭，穿脱外衣属于当前状态。,,,GPT-6 Astra Pro,2026-10-02,conflicting,True,gb,initial,person,blue-gray horizontal striped top; blue jeans,fabric; hidden accessories,
vot,1245,2172a0f3900237fbcbda8b3abc6022cc975d39da57fa6e86d9e8aafc4c1e5e46,humans_shirts_room_occ_1_A_2,00000251,corrected,person,blue-gray horizontal striped top; blue jeans,fabric; hidden accessories,,两人换上衣，逐初始化描述，服饰不保证跨时刻不变。,初始化索引 250：本初始化目标露出横条内搭，穿脱外衣属于当前状态。,,,GPT-6 Astra Pro,2026-10-02,conflicting,True,gb,initial,person,blue-gray horizontal striped top; blue jeans,fabric; hidden accessories,
vot,1246,e09426f79eb8c826b3c6bbfc9376d3277f09749471a307fd17e84b7af4dd6af4,humans_shirts_room_occ_1_A_2,00000301,corrected,person,blue-gray horizontal striped top; blue jeans,fabric; hidden accessories,,两人换上衣，逐初始化描述，服饰不保证跨时刻不变。,初始化索引 300：本初始化目标露出横条内搭，穿脱外衣属于当前状态。,,,GPT-6 Astra Pro,2026-10-02,conflicting,True,gb,initial,person,blue-gray horizontal striped top; blue jeans,fabric; hidden accessories,
vot,1247,3f67e89956d234fed6e8bd9023b69f4c43e82a5a33cf68d10892c397f74bfb0a,humans_shirts_room_occ_1_A_2,00000351,corrected,person,blue-gray horizontal striped top; blue jeans,fabric; hidden accessories,,两人换上衣，逐初始化描述，服饰不保证跨时刻不变。,初始化索引 350：本初始化目标露出横条内搭，穿脱外衣属于当前状态。,,,GPT-6 Astra Pro,2026-10-02,conflicting,True,gb,initial,person,blue-gray horizontal striped top; blue jeans,fabric; hidden accessories,
vot,1248,b01ca18e58f0d97e254a24e7b376debb1ee8578b8a8c2da2c3853caec2100e20,humans_shirts_room_occ_1_A_2,00000401,corrected,person,blue-gray horizontal striped top; blue jeans,fabric; hidden accessories,,两人换上衣，逐初始化描述，服饰不保证跨时刻不变。,初始化索引 400：本初始化目标露出横条内搭，穿脱外衣属于当前状态。,,,GPT-6 Astra Pro,2026-10-02,conflicting,True,gb,initial,person,blue-gray horizontal striped top; blue jeans,fabric; hidden accessories,
vot,1249,520ba7ea61250475011e928fd46cfd38f945f8bec22a1e5e860ad332969dcf01,humans_shirts_room_occ_1_A_2,00000451,corrected,person,blue-gray horizontal striped top; blue jeans,fabric; hidden accessories,,两人换上衣，逐初始化描述，服饰不保证跨时刻不变。,初始化索引 450：本初始化目标露出横条内搭，穿脱外衣属于当前状态。,,,GPT-6 Astra Pro,2026-10-02,conflicting,True,gb,initial,person,blue-gray horizontal striped top; blue jeans,fabric; hidden accessories,
vot,1250,40c52a18fa2768ccbe8d01fac84fc1a9f27edf9ac3a6287ca61e8b0d21e86edf,humans_shirts_room_occ_1_A_2,00000501,corrected,person,dark blue long-sleeved top; blue-gray jeans,fabric; hidden accessories,,两人换上衣，逐初始化描述，服饰不保证跨时刻不变。,初始化索引 500：目标当前为深蓝素面上衣人物，不是旁边花纹衣者。,,,GPT-6 Astra Pro,2026-10-02,conflicting,True,gb,initial,person,dark blue long-sleeved top; blue-gray jeans,fabric; hidden accessories,
vot,1251,6ed3089bfc9bae3c5b8d297255c8859d12c15ac884c18186de104eab59bad9bd,humans_shirts_room_occ_1_A_2,00000551,corrected,person,dark blue long-sleeved top; blue-gray jeans,fabric; hidden accessories,,两人换上衣，逐初始化描述，服饰不保证跨时刻不变。,初始化索引 550：目标当前为深蓝素面上衣人物，不是旁边花纹衣者。,,,GPT-6 Astra Pro,2026-10-02,conflicting,True,gb,initial,person,dark blue long-sleeved top; blue-gray jeans,fabric; hidden accessories,
vot,1252,e5a5ed42cc7e810b063cb8f13b14b2e63810f22bc6d228d233c99771d16627c8,humans_shirts_room_occ_1_A_2,00000565,supported,person,dark blue long-sleeved top; blue-gray jeans,fabric; hidden accessories,,两人换上衣，逐初始化描述，服饰不保证跨时刻不变。,初始化索引 564：目标当前为深蓝素面上衣人物，不是旁边花纹衣者。,,,GPT-6 Astra Pro,2026-10-02,conflicting,True,gb,initial,person,dark blue long-sleeved top; blue-gray jeans,fabric; hidden accessories,
vot,1253,dc104a962efc077056466425de0dff36ccc5f2b9158f8f37037e848252ac6cfe,humans_shirts_room_occ_1_B_1,00000001,supported,person,dark patterned collared top; dark trousers,face details; fabric,,两人交换衣物，后帧衣服不能回填当前初始化。,初始化索引 0：红框后方人物当前穿/正在穿花纹上衣，不借前景人的素色或条纹衣描述。,,,GPT-6 Astra Pro,2026-10-02,conflicting,True,gb,initial,person,dark patterned collared top; dark trousers,face details; fabric,
vot,1254,f6d61e676227bc3e95975726fd14294f56180ed8cd2c3cf2643f3b1b9b4ec96e,humans_shirts_room_occ_1_B_1,00000051,corrected,person,dark patterned collared top; dark trousers,face details; fabric,,两人交换衣物，后帧衣服不能回填当前初始化。,初始化索引 50：红框后方人物当前穿/正在穿花纹上衣，不借前景人的素色或条纹衣描述。,,,GPT-6 Astra Pro,2026-10-02,conflicting,True,gb,initial,person,dark patterned collared top; dark trousers,face details; fabric,
vot,1255,b5f9fcdff6c46f51c56ac72c8a56994a2fc38ab0985e346bbcfeb69b36309058,humans_shirts_room_occ_1_B_1,00000101,corrected,person,black short-sleeved top; pale circular chest graphic; dark trousers; glasses,face details; fabric,,两人交换衣物，后帧衣服不能回填当前初始化。,初始化索引 100：黑色圆图案短袖属于红框目标，非旁人蓝灰条纹。,,,GPT-6 Astra Pro,2026-10-02,conflicting,True,gb,initial,person,black short-sleeved top; pale circular chest graphic; dark trousers; glasses,face details; fabric,
vot,1256,2179a0a2d3706eb6bff2090f7c6cf61d9c8d8e2dfa89016341b62c076efba656,humans_shirts_room_occ_1_B_1,00000151,corrected,person,black short-sleeved top; pale circular chest graphic; dark trousers; glasses,face details; fabric,,两人交换衣物，后帧衣服不能回填当前初始化。,初始化索引 150：黑色圆图案短袖属于红框目标，非旁人蓝灰条纹。,,,GPT-6 Astra Pro,2026-10-02,conflicting,True,gb,initial,person,black short-sleeved top; pale circular chest graphic; dark trousers; glasses,face details; fabric,
vot,1257,697b0f7788a62a9c6dafcf4eff1a4f85d8013a672f5ea1a980559582b9f7ed36,humans_shirts_room_occ_1_B_1,00000201,corrected,person,black short-sleeved top; pale circular chest graphic; dark trousers; glasses,face details; fabric,,两人交换衣物，后帧衣服不能回填当前初始化。,初始化索引 200：黑色圆图案短袖属于红框目标，非旁人蓝灰条纹。,,,GPT-6 Astra Pro,2026-10-02,conflicting,True,gb,initial,person,black short-sleeved top; pale circular chest graphic; dark trousers; glasses,face details; fabric,
vot,1258,b42612830acc31d29a94ece8f737aa8c40fae83d55492428900336b38ca818d1,humans_shirts_room_occ_1_B_1,00000251,corrected,person,black short-sleeved top; pale circular chest graphic; dark trousers; glasses,face details; fabric,,两人交换衣物，后帧衣服不能回填当前初始化。,初始化索引 250：黑色圆图案短袖属于红框目标，非旁人蓝灰条纹。,,,GPT-6 Astra Pro,2026-10-02,conflicting,True,gb,initial,person,black short-sleeved top; pale circular chest graphic; dark trousers; glasses,face details; fabric,
vot,1259,dec090c72e7f7b49a067378900f0fc3cf3817cb8a243a181af83e1586c69c861,humans_shirts_room_occ_1_B_1,00000301,corrected,person,dark blue outer top; dark trousers,face details; fabric,,两人交换衣物，后帧衣服不能回填当前初始化。,初始化索引 300：本帧红框目标穿/正在穿深蓝外衣，另一人的花纹衣不移用。,,,GPT-6 Astra Pro,2026-10-02,conflicting,True,gb,initial,person,dark blue outer top; dark trousers,face details; fabric,
vot,1260,b5545c407577c03f03965c5646fc5c3f8abf4dc448ebbd1a38a3882eccd9d0d8,humans_shirts_room_occ_1_B_1,00000351,corrected,person,dark blue outer top; dark trousers,face details; fabric,,两人交换衣物，后帧衣服不能回填当前初始化。,初始化索引 350：本帧红框目标穿/正在穿深蓝外衣，另一人的花纹衣不移用。,,,GPT-6 Astra Pro,2026-10-02,conflicting,True,gb,initial,person,dark blue outer top; dark trousers,face details; fabric,
vot,1261,764ea276298dee1475ec6e05bdebe3b2e7f7d338d35fe8a55e4a0f9cfc441012,humans_shirts_room_occ_1_B_1,00000401,corrected,person,dark blue outer top; dark trousers,face details; fabric,,两人交换衣物，后帧衣服不能回填当前初始化。,初始化索引 400：本帧红框目标穿/正在穿深蓝外衣，另一人的花纹衣不移用。,,,GPT-6 Astra Pro,2026-10-02,conflicting,True,gb,initial,person,dark blue outer top; dark trousers,face details; fabric,
vot,1262,c51f83048aa2d1299360872ab546c11947d1fc689db80e863eed338b49a74846,humans_shirts_room_occ_1_B_1,00000451,corrected,person,dark blue outer top; dark trousers,face details; fabric,,两人交换衣物，后帧衣服不能回填当前初始化。,初始化索引 450：本帧红框目标穿/正在穿深蓝外衣，另一人的花纹衣不移用。,,,GPT-6 Astra Pro,2026-10-02,conflicting,True,gb,initial,person,dark blue outer top; dark trousers,face details; fabric,
vot,1263,3a676273b21f23cf49cb5295611bc6a4c6950968900ed2bc834878bc82fa1fd8,humans_shirts_room_occ_1_B_1,00000501,corrected,person,dark blue outer top; dark trousers,face details; fabric,,两人交换衣物，后帧衣服不能回填当前初始化。,初始化索引 500：本帧红框目标穿/正在穿深蓝外衣，另一人的花纹衣不移用。,,,GPT-6 Astra Pro,2026-10-02,conflicting,True,gb,initial,person,dark blue outer top; dark trousers,face details; fabric,
vot,1264,8e234ffd1c3f7f280839bf619f7d42631a74b542f2fa7c200e86a05a4da0a514,humans_shirts_room_occ_1_B_1,00000511,corrected,person,dark blue outer top; dark trousers,face details; fabric,,两人交换衣物，后帧衣服不能回填当前初始化。,初始化索引 510：本帧红框目标穿/正在穿深蓝外衣，另一人的花纹衣不移用。,,,GPT-6 Astra Pro,2026-10-02,conflicting,True,gb,initial,person,dark blue outer top; dark trousers,face details; fabric,
vot,1265,d0147ad76c900dc4a14e3c7a66b4e0261dd9e3d9d6a58217a5869ba601fd1e55,humans_shirts_room_occ_1_B_2,00000001,supported,person,dark blue outer top; dark trousers,face details; fabric,,两人交换衣物，后帧衣服不能回填当前初始化。,初始化索引 0：本帧红框目标穿/正在穿深蓝外衣，另一人的花纹衣不移用。,,,GPT-6 Astra Pro,2026-10-02,conflicting,True,gb,initial,person,dark blue outer top; dark trousers,face details; fabric,
vot,1266,89a0bc90dd5e30986d3da0f64cfb6850d054a8c40c1b80b8974cc39f30915f4f,humans_shirts_room_occ_1_B_2,00000051,corrected,person,dark blue outer top; dark trousers,face details; fabric,,两人交换衣物，后帧衣服不能回填当前初始化。,初始化索引 50：本帧红框目标穿/正在穿深蓝外衣，另一人的花纹衣不移用。,,,GPT-6 Astra Pro,2026-10-02,conflicting,True,gb,initial,person,dark blue outer top; dark trousers,face details; fabric,
vot,1267,527da73a784fa17ebedb25852b420568285b6e380139b044a411b0e7445bd9d3,humans_shirts_room_occ_1_B_2,00000101,corrected,person,black short-sleeved top; pale circular chest graphic; dark trousers; glasses,face details; fabric,,两人交换衣物，后帧衣服不能回填当前初始化。,初始化索引 100：黑色圆图案短袖属于红框目标，非旁人蓝灰条纹。,,,GPT-6 Astra Pro,2026-10-02,conflicting,True,gb,initial,person,black short-sleeved top; pale circular chest graphic; dark trousers; glasses,face details; fabric,
vot,1268,b5d135fb32082727d34b3e6d82b96c6badb68b8a9231bf3ba5209d5a07ed2ae0,humans_shirts_room_occ_1_B_2,00000151,corrected,person,black short-sleeved top; pale circular chest graphic; dark trousers; glasses,face details; fabric,,两人交换衣物，后帧衣服不能回填当前初始化。,初始化索引 150：黑色圆图案短袖属于红框目标，非旁人蓝灰条纹。,,,GPT-6 Astra Pro,2026-10-02,conflicting,True,gb,initial,person,black short-sleeved top; pale circular chest graphic; dark trousers; glasses,face details; fabric,
vot,1269,49379d38a108abb018d49f97b300a66802013fe750e81baa226f82f00f8b476f,humans_shirts_room_occ_1_B_2,00000201,corrected,person,dark patterned collared top; dark trousers,face details; fabric,,两人交换衣物，后帧衣服不能回填当前初始化。,初始化索引 200：红框后方人物当前穿/正在穿花纹上衣，不借前景人的素色或条纹衣描述。,,,GPT-6 Astra Pro,2026-10-02,conflicting,True,gb,initial,person,dark patterned collared top; dark trousers,face details; fabric,
vot,1270,dff826ce8d1e155396b94f4e4796bde2b09e8c1acbbc3c25d6c0955037cc2d2d,humans_shirts_room_occ_1_B_2,00000251,corrected,person,dark patterned collared top; dark trousers,face details; fabric,,两人交换衣物，后帧衣服不能回填当前初始化。,初始化索引 250：红框后方人物当前穿/正在穿花纹上衣，不借前景人的素色或条纹衣描述。,,,GPT-6 Astra Pro,2026-10-02,conflicting,True,gb,initial,person,dark patterned collared top; dark trousers,face details; fabric,
vot,1271,bbdd4f96c7ea4c75fc4cced6fda5d3e8c82a76364d88784273c1f526cabc90bf,humans_shirts_room_occ_1_B_2,00000301,corrected,person,dark patterned collared top; dark trousers,face details; fabric,,两人交换衣物，后帧衣服不能回填当前初始化。,初始化索引 300：红框后方人物当前穿/正在穿花纹上衣，不借前景人的素色或条纹衣描述。,,,GPT-6 Astra Pro,2026-10-02,conflicting,True,gb,initial,person,dark patterned collared top; dark trousers,face details; fabric,
vot,1272,bc38c96c023e721b06a2be005a1bd383ab978ba4051d9727de6740f95bfd43e9,humans_shirts_room_occ_1_B_2,00000351,corrected,person,dark patterned collared top; dark trousers,face details; fabric,,两人交换衣物，后帧衣服不能回填当前初始化。,初始化索引 350：目标为后方花纹上衣人物，前景深蓝衣胡须人物不在此红框。,,,GPT-6 Astra Pro,2026-10-02,conflicting,True,gb,initial,person,dark patterned collared top; dark trousers,face details; fabric,
vot,1273,1742c602f753f4383b364231013ddfba355b43826b462d13049b1aa74314ac79,humans_shirts_room_occ_1_B_2,00000401,corrected,person,dark patterned collared top; dark trousers,face details; fabric,,两人交换衣物，后帧衣服不能回填当前初始化。,初始化索引 400：红框后方人物当前穿/正在穿花纹上衣，不借前景人的素色或条纹衣描述。,,,GPT-6 Astra Pro,2026-10-02,conflicting,True,gb,initial,person,dark patterned collared top; dark trousers,face details; fabric,
vot,1274,5662e61e06483cdca51fd8b1f57a523bf6d9ec896e2b68c6b2c3200033f85a15,humans_shirts_room_occ_1_B_2,00000451,supported,person,dark patterned collared top; dark trousers,face details; fabric,,两人交换衣物，后帧衣服不能回填当前初始化。,初始化索引 450：红框后方人物当前穿/正在穿花纹上衣，不借前景人的素色或条纹衣描述。,,,GPT-6 Astra Pro,2026-10-02,conflicting,True,gb,initial,person,dark patterned collared top; dark trousers,face details; fabric,
vot,1275,7ca66c190111541eb1dd8898c259486bdab7056232906df78996af14e235d3ed,humans_shirts_room_occ_1_B_2,00000483,supported,person,dark patterned collared top; dark trousers,face details; fabric,,两人交换衣物，后帧衣服不能回填当前初始化。,初始化索引 482：红框后方人物当前穿/正在穿花纹上衣，不借前景人的素色或条纹衣描述。,,,GPT-6 Astra Pro,2026-10-02,conflicting,True,gb,initial,person,dark patterned collared top; dark trousers,face details; fabric,
vot,1276,58cf2907400f369912c357fa81baa2d3ea8258e9662d55a5635b0f0437ad1cb7,jug_1,00000001,corrected,pitcher,transparent rounded belly; narrow neck; pouring lip; side handle,contents; material; pattern,,倾倒动作只辅助壶形态，不确认液体种类。,初始化索引 0：红框为透明曲腹壶，非普通杯；反射不等于刻纹或蓝色图案。,,,GPT-6 Astra Pro,2026-10-02,conflicting,True,gb,initial,jug,transparent rounded belly; narrow neck; pouring lip; side handle,contents; material; pattern,
vot,1277,88152ca668afc579938462db5369468b7bea55810fdfc160f75b229c92a03722,jug_1,00000051,corrected,pitcher,transparent rounded belly; narrow neck; pouring lip; side handle,contents; material; pattern,,倾倒动作只辅助壶形态，不确认液体种类。,初始化索引 50：红框为透明曲腹壶，非普通杯；反射不等于刻纹或蓝色图案。,,,GPT-6 Astra Pro,2026-10-02,conflicting,True,gb,initial,jug,transparent rounded belly; narrow neck; pouring lip; side handle,contents; material; pattern,
vot,1278,e48e9216000ce9549c31fdad22e08260d008341d40206f634fc90e8014f0fb8a,jug_1,00000101,corrected,pitcher,transparent rounded belly; narrow neck; pouring lip; side handle,contents; material; pattern,,倾倒动作只辅助壶形态，不确认液体种类。,初始化索引 100：红框为透明曲腹壶，非普通杯；反射不等于刻纹或蓝色图案。,,,GPT-6 Astra Pro,2026-10-02,conflicting,True,gb,initial,jug,transparent rounded belly; narrow neck; pouring lip; side handle,contents; material; pattern,
vot,1279,894169f84104b02e2232c91101243aa1cf064899c1718fd8c71c6bd2fb28ab9f,jug_1,00000151,corrected,pitcher,transparent rounded belly; narrow neck; pouring lip; side handle,contents; material; pattern,,倾倒动作只辅助壶形态，不确认液体种类。,初始化索引 150：红框为透明曲腹壶，非普通杯；反射不等于刻纹或蓝色图案。,,,GPT-6 Astra Pro,2026-10-02,conflicting,True,gb,initial,jug,transparent rounded belly; narrow neck; pouring lip; side handle,contents; material; pattern,
vot,1280,f242ea1ecf6d69086ddcd42c9404d10a33675c2f781889eee4978e0b937f7429,jug_1,00000201,corrected,pitcher,transparent curved pitcher body; side handle,contents; material; pattern,,倾倒动作只辅助壶形态，不确认液体种类。,初始化索引 200：壶横向倾倒，亮反光不证明金属，条纹承接杯不是目标。,,,GPT-6 Astra Pro,2026-10-02,conflicting,True,gb,initial,jug,transparent curved pitcher body; side handle,contents; material; pattern,
vot,1281,3b233f855d65cd1b2a1f01e102e3ae33bf7b1adb59c70e7a293b394f6c493e60,jug_1,00000239,corrected,pitcher,transparent rounded belly; narrow neck; pouring lip; side handle,contents; material; pattern,,倾倒动作只辅助壶形态，不确认液体种类。,初始化索引 238：红框为透明曲腹壶，非普通杯；反射不等于刻纹或蓝色图案。,,,GPT-6 Astra Pro,2026-10-02,conflicting,True,gb,initial,jug,transparent rounded belly; narrow neck; pouring lip; side handle,contents; material; pattern,
vot,1282,981117260122c1cf831b310274acc05bbe9408da4984904fd9a64b595b05a4d2,lamp02_indoor_1,00000001,corrected,lamp,pale spherical shade; irregular gray patches; cord,shade material; bulb construction; base,,近邻的球形装置和亮暗变化辅助灯类，灯开关是临时状态。,初始化索引 0：红框为球形灯体，非电线、云、布、屏幕或体育球。,,,GPT-6 Astra Pro,2026-10-02,conflicting,True,gb,initial,lamp,pale spherical shade; irregular gray patches; cord,shade material; bulb construction; base,
vot,1283,47461b1a0ef8a060e12e11ed05db4856d16131438f4bafaa265d0649b2f32ad6,lamp02_indoor_1,00000051,uncertain,lamp,overexposed white region; faint curved edge,shade material; bulb construction; base,,近邻的球形装置和亮暗变化辅助灯类，灯开关是临时状态。,初始化索引 50：过曝导致轮廓细节不足，lamp只由近邻球体和亮暗变化辅助，不能认定灯泡材料。,,,GPT-6 Astra Pro,2026-10-02,conflicting,True,gb,initial,lamp,overexposed white region; faint curved edge,shade material; bulb construction; base,
vot,1284,7e30e90475f6d583b798bed7d425a93f6f7ed8143559956f80d267fc769b2d4f,lamp02_indoor_1,00000101,uncertain,lamp,overexposed white region; faint curved edge,shade material; bulb construction; base,,近邻的球形装置和亮暗变化辅助灯类，灯开关是临时状态。,初始化索引 100：过曝导致轮廓细节不足，lamp只由近邻球体和亮暗变化辅助，不能认定灯泡材料。,,,GPT-6 Astra Pro,2026-10-02,conflicting,True,gb,initial,lamp,overexposed white region; faint curved edge,shade material; bulb construction; base,
vot,1285,f77fcc40f4797a22383a2fad98afc711a3e4e01f60e766f507345dcbd675b0d6,lamp02_indoor_1,00000151,corrected,lamp,pale spherical shade; irregular gray patches; cord,shade material; bulb construction; base,,近邻的球形装置和亮暗变化辅助灯类，灯开关是临时状态。,初始化索引 150：红框为球形灯体，非电线、云、布、屏幕或体育球。,,,GPT-6 Astra Pro,2026-10-02,conflicting,True,gb,initial,lamp,pale spherical shade; irregular gray patches; cord,shade material; bulb construction; base,
vot,1286,da922ec5e50baad01782816d4f95552e1c659846734a75fab5f7f9fbe09418a9,lamp02_indoor_1,00000201,uncertain,lamp,overexposed white region; faint curved edge,shade material; bulb construction; base,,近邻的球形装置和亮暗变化辅助灯类，灯开关是临时状态。,初始化索引 200：过曝导致轮廓细节不足，lamp只由近邻球体和亮暗变化辅助，不能认定灯泡材料。,,,GPT-6 Astra Pro,2026-10-02,conflicting,True,gb,initial,lamp,overexposed white region; faint curved edge,shade material; bulb construction; base,
vot,1287,ddff95fea45f992aaf048504b8b0a1cf99798e899d20b2e741a6f03946b880f8,lamp02_indoor_1,00000251,corrected,lamp,pale spherical shade; irregular gray patches; cord,shade material; bulb construction; base,,近邻的球形装置和亮暗变化辅助灯类，灯开关是临时状态。,初始化索引 250：红框为球形灯体，非电线、云、布、屏幕或体育球。,,,GPT-6 Astra Pro,2026-10-02,conflicting,True,gb,initial,lamp,pale spherical shade; irregular gray patches; cord,shade material; bulb construction; base,
vot,1288,71b0ff1bd3d78811ada293ceb3841d2c2f4f82a8b78058f13c4768265df90297,lamp02_indoor_1,00000301,corrected,lamp,white-gray spherical body; attached cord,shade material; bulb construction; base,,近邻的球形装置和亮暗变化辅助灯类，灯开关是临时状态。,初始化索引 300：球形轮廓和线可见，非遥控器、衣物或运动球。,,,GPT-6 Astra Pro,2026-10-02,conflicting,True,gb,initial,lamp,white-gray spherical body; attached cord,shade material; bulb construction; base,
vot,1289,756b8ebc935880efc380be82d25c78fb38b99c54cff63d616d05d9f793a8da9e,lamp02_indoor_1,00000351,uncertain,lamp,overexposed white region; faint curved edge,shade material; bulb construction; base,,近邻的球形装置和亮暗变化辅助灯类，灯开关是临时状态。,初始化索引 350：过曝导致轮廓细节不足，lamp只由近邻球体和亮暗变化辅助，不能认定灯泡材料。,,,GPT-6 Astra Pro,2026-10-02,conflicting,True,gb,initial,lamp,overexposed white region; faint curved edge,shade material; bulb construction; base,
vot,1290,a94b3e064fb836147a47cb67dac30e488a4eb16bdac9997bbe706263154d66f9,lamp02_indoor_1,00000401,uncertain,lamp,overexposed white region; faint curved edge,shade material; bulb construction; base,,近邻的球形装置和亮暗变化辅助灯类，灯开关是临时状态。,初始化索引 400：过曝导致轮廓细节不足，lamp只由近邻球体和亮暗变化辅助，不能认定灯泡材料。,,,GPT-6 Astra Pro,2026-10-02,conflicting,True,gb,initial,lamp,overexposed white region; faint curved edge,shade material; bulb construction; base,
vot,1291,93ad2e79ab30875325594a2a1cf782bceb869e86308c84de633cc7bd7bec352b,lamp02_indoor_1,00000451,corrected,lamp,white-gray spherical body; attached cord,shade material; bulb construction; base,,近邻的球形装置和亮暗变化辅助灯类，灯开关是临时状态。,初始化索引 450：球形轮廓和线可见，非遥控器、衣物或运动球。,,,GPT-6 Astra Pro,2026-10-02,conflicting,True,gb,initial,lamp,white-gray spherical body; attached cord,shade material; bulb construction; base,
vot,1292,3571e47ee93b0a6516a617ab845b5d682bc7391963e76c0d61a1ec5bd6f1d189,lamp02_indoor_1,00000501,corrected,lamp,white-gray spherical body; attached cord,shade material; bulb construction; base,,近邻的球形装置和亮暗变化辅助灯类，灯开关是临时状态。,初始化索引 500：球形轮廓和线可见，非遥控器、衣物或运动球。,,,GPT-6 Astra Pro,2026-10-02,conflicting,True,gb,initial,lamp,white-gray spherical body; attached cord,shade material; bulb construction; base,
vot,1293,07c762ca8b8f057771f5d16d1b7928491913d72cdf9e4d7ed31787cf6f82b204,lamp02_indoor_1,00000551,corrected,lamp,pale spherical shade; irregular gray patches; cord,shade material; bulb construction; base,,近邻的球形装置和亮暗变化辅助灯类，灯开关是临时状态。,初始化索引 550：红框为球形灯体，非电线、云、布、屏幕或体育球。,,,GPT-6 Astra Pro,2026-10-02,conflicting,True,gb,initial,lamp,pale spherical shade; irregular gray patches; cord,shade material; bulb construction; base,
vot,1294,b4af6aaa77ee419f5c6ab62f6217b854b0d6e8d2c23385cc1bfb952d3637b2bc,lamp02_indoor_1,00000601,corrected,lamp,pale spherical shade; irregular gray patches; cord,shade material; bulb construction; base,,近邻的球形装置和亮暗变化辅助灯类，灯开关是临时状态。,初始化索引 600：红框为球形灯体，非电线、云、布、屏幕或体育球。,,,GPT-6 Astra Pro,2026-10-02,conflicting,True,gb,initial,lamp,pale spherical shade; irregular gray patches; cord,shade material; bulb construction; base,
vot,1295,365891a3ebdca97cb5a444df24223ee1b3af19807bf6dc09e61ee3b451ed5b68,lamp02_indoor_1,00000651,corrected,lamp,pale spherical shade; irregular gray patches; cord,shade material; bulb construction; base,,近邻的球形装置和亮暗变化辅助灯类，灯开关是临时状态。,初始化索引 650：红框为球形灯体，非电线、云、布、屏幕或体育球。,,,GPT-6 Astra Pro,2026-10-02,conflicting,True,gb,initial,lamp,pale spherical shade; irregular gray patches; cord,shade material; bulb construction; base,
vot,1296,229861ddabf15ad82469ead4ec850a9f8abb0b5e899d38440ccb2b729f9881d1,lamp02_indoor_1,00000701,corrected,lamp,pale spherical shade; irregular gray patches; cord,shade material; bulb construction; base,,近邻的球形装置和亮暗变化辅助灯类，灯开关是临时状态。,初始化索引 700：红框为球形灯体，非电线、云、布、屏幕或体育球。,,,GPT-6 Astra Pro,2026-10-02,conflicting,True,gb,initial,lamp,pale spherical shade; irregular gray patches; cord,shade material; bulb construction; base,
vot,1297,d61f68ee739074dc42f0ad9fe9759ae41faa896e3c54779d3f529fcce3800326,lamp02_indoor_1,00000751,uncertain,lamp,overexposed white region; faint curved edge,shade material; bulb construction; base,,近邻的球形装置和亮暗变化辅助灯类，灯开关是临时状态。,初始化索引 750：过曝导致轮廓细节不足，lamp只由近邻球体和亮暗变化辅助，不能认定灯泡材料。,,,GPT-6 Astra Pro,2026-10-02,conflicting,True,gb,initial,lamp,overexposed white region; faint curved edge,shade material; bulb construction; base,
vot,1298,c971834447372be59168fd96c610f9ee51c6ac5425f622c058918261fec85652,lamp02_indoor_1,00000801,uncertain,lamp,overexposed white region; faint curved edge,shade material; bulb construction; base,,近邻的球形装置和亮暗变化辅助灯类，灯开关是临时状态。,初始化索引 800：过曝导致轮廓细节不足，lamp只由近邻球体和亮暗变化辅助，不能认定灯泡材料。,,,GPT-6 Astra Pro,2026-10-02,conflicting,True,gb,initial,lamp,overexposed white region; faint curved edge,shade material; bulb construction; base,
vot,1299,75fea21e48bff957c7fbcb2dd44901bd2e7a7671fe3f4b904061650ffac93882,lamp02_indoor_1,00000851,corrected,lamp,pale spherical shade; irregular gray patches; cord,shade material; bulb construction; base,,近邻的球形装置和亮暗变化辅助灯类，灯开关是临时状态。,初始化索引 850：红框为球形灯体，非电线、云、布、屏幕或体育球。,,,GPT-6 Astra Pro,2026-10-02,conflicting,True,gb,initial,lamp,pale spherical shade; irregular gray patches; cord,shade material; bulb construction; base,
vot,1300,1eef628b64de6366bde32ffb25d3cf82bc634e02d0eb8f400e858362dca53da6,lamp02_indoor_1,00000901,corrected,lamp,white-gray spherical body; attached cord,shade material; bulb construction; base,,近邻的球形装置和亮暗变化辅助灯类，灯开关是临时状态。,初始化索引 900：球形轮廓和线可见，非遥控器、衣物或运动球。,,,GPT-6 Astra Pro,2026-10-02,conflicting,True,gb,initial,lamp,white-gray spherical body; attached cord,shade material; bulb construction; base,
vot,1301,85079b4e265623aa6375d02f636a19c663b467b0ea585cd284acf53c2c6387e3,lamp02_indoor_1,00000951,corrected,lamp,white-gray spherical body; attached cord,shade material; bulb construction; base,,近邻的球形装置和亮暗变化辅助灯类，灯开关是临时状态。,初始化索引 950：球形轮廓和线可见，非遥控器、衣物或运动球。,,,GPT-6 Astra Pro,2026-10-02,conflicting,True,gb,initial,lamp,white-gray spherical body; attached cord,shade material; bulb construction; base,
vot,1302,177a8660b00cd04e2e0f650a8974c5110914fc48cbf7586468123c86fd35183c,lamp02_indoor_1,00000970,corrected,lamp,white-gray spherical body; attached cord,shade material; bulb construction; base,,近邻的球形装置和亮暗变化辅助灯类，灯开关是临时状态。,初始化索引 969：球形轮廓和线可见，非遥控器、衣物或运动球。,,,GPT-6 Astra Pro,2026-10-02,conflicting,True,gb,initial,lamp,white-gray spherical body; attached cord,shade material; bulb construction; base,
vot,1303,958c03539b3397da1591c1fcb03b7ea69d7d432fd5d788e66750ab4b6cdf2b4a,mobilephone03_indoor_2,00000001,corrected,phone,black rectangular body; illuminated screen,model; touch function; display content,,近邻正背面辅助粗类别，侧视不补当前未见屏内容。,初始化索引 0：可见黑边屏，蓝白为显示内容，不代表蓝机身或已确认触控。,,,GPT-6 Astra Pro,2026-10-02,conflicting,True,gb,initial,mobilephone,black rectangular body; illuminated screen,model; touch function; display content,
vot,1304,1c7c42da643179750a1bca03f27ec7026e150cbaf95b9ba7210cd80a30539e2a,mobilephone03_indoor_2,00000051,corrected,phone,black rectangular body; illuminated screen,model; touch function; display content,,近邻正背面辅助粗类别，侧视不补当前未见屏内容。,初始化索引 50：可见黑边屏，蓝白为显示内容，不代表蓝机身或已确认触控。,,,GPT-6 Astra Pro,2026-10-02,conflicting,True,gb,initial,mobilephone,black rectangular body; illuminated screen,model; touch function; display content,
vot,1305,1b2c9b46fb2688d96e09501db942284b645ddfeccf3cab87de652800c17d4d33,mobilephone03_indoor_2,00000101,corrected,phone,black rectangular body; illuminated screen,model; touch function; display content,,近邻正背面辅助粗类别，侧视不补当前未见屏内容。,初始化索引 100：可见黑边屏，蓝白为显示内容，不代表蓝机身或已确认触控。,,,GPT-6 Astra Pro,2026-10-02,conflicting,True,gb,initial,mobilephone,black rectangular body; illuminated screen,model; touch function; display content,
vot,1306,c39ebe91091bac35fdf787cf0c72bb027bd50380b136f836079305d2650c98a0,mobilephone03_indoor_2,00000151,corrected,phone,black rectangular body; illuminated screen,model; touch function; display content,,近邻正背面辅助粗类别，侧视不补当前未见屏内容。,初始化索引 150：可见黑边屏，蓝白为显示内容，不代表蓝机身或已确认触控。,,,GPT-6 Astra Pro,2026-10-02,conflicting,True,gb,initial,mobilephone,black rectangular body; illuminated screen,model; touch function; display content,
vot,1307,fc46d2a74afb302b94992c599d7a883ce313cefb1e6251034b1d1011963822e0,mobilephone03_indoor_2,00000201,corrected,phone,black rectangular body; illuminated screen,model; touch function; display content,,近邻正背面辅助粗类别，侧视不补当前未见屏内容。,初始化索引 200：可见黑边屏，蓝白为显示内容，不代表蓝机身或已确认触控。,,,GPT-6 Astra Pro,2026-10-02,conflicting,True,gb,initial,mobilephone,black rectangular body; illuminated screen,model; touch function; display content,
vot,1308,3669704789f5ba35674b394670cf8ccfc752d1501f98dbac22bbedded9e6f602,mobilephone03_indoor_2,00000251,corrected,phone,black rectangular body; illuminated screen,model; touch function; display content,,近邻正背面辅助粗类别，侧视不补当前未见屏内容。,初始化索引 250：可见黑边屏，蓝白为显示内容，不代表蓝机身或已确认触控。,,,GPT-6 Astra Pro,2026-10-02,conflicting,True,gb,initial,mobilephone,black rectangular body; illuminated screen,model; touch function; display content,
vot,1309,575677a69d2fef55482cb8da3fddc27020c51c832f4538d8ec20c646da16d8dc,mobilephone03_indoor_2,00000301,corrected,phone,thin dark rectangular side or back,model; touch function; display content,,近邻正背面辅助粗类别，侧视不补当前未见屏内容。,初始化索引 300：当前侧/背面，手机粗类依邻近翻面辅助，不补未见显示内容。,,,GPT-6 Astra Pro,2026-10-02,conflicting,True,gb,initial,mobilephone,thin dark rectangular side or back,model; touch function; display content,
vot,1310,fcdb082964bb550247ab041181c6c4d312faf0424f1702239f335ec240216f6d,mobilephone03_indoor_2,00000351,corrected,phone,thin dark rectangular side or back,model; touch function; display content,,近邻正背面辅助粗类别，侧视不补当前未见屏内容。,初始化索引 350：当前侧/背面，手机粗类依邻近翻面辅助，不补未见显示内容。,,,GPT-6 Astra Pro,2026-10-02,conflicting,True,gb,initial,mobilephone,thin dark rectangular side or back,model; touch function; display content,
vot,1311,9b6a45270e6d1200b38adb3100222a39b06a100d138052fb3c7b1388dada06ee,mobilephone03_indoor_2,00000401,corrected,phone,thin dark rectangular side or back,model; touch function; display content,,近邻正背面辅助粗类别，侧视不补当前未见屏内容。,初始化索引 400：当前侧/背面，手机粗类依邻近翻面辅助，不补未见显示内容。,,,GPT-6 Astra Pro,2026-10-02,conflicting,True,gb,initial,mobilephone,thin dark rectangular side or back,model; touch function; display content,
vot,1312,4b6b034813c9ce17aafff554f880c82ee925740d7ffb69580ed74c033df4b36b,mobilephone03_indoor_2,00000414,corrected,phone,thin dark rectangular side or back,model; touch function; display content,,近邻正背面辅助粗类别，侧视不补当前未见屏内容。,初始化索引 413：当前侧/背面，手机粗类依邻近翻面辅助，不补未见显示内容。,,,GPT-6 Astra Pro,2026-10-02,conflicting,True,gb,initial,mobilephone,thin dark rectangular side or back,model; touch function; display content,
vot,1313,99b769dfd3e0c0bd51b00952f0fa18b52ed2ab2b53891fc7adaa52cb86a1e4b7,mug_ankara_1,00000001,corrected,mug,white cylindrical body; black lettering; side handle,wording; physical texture; material,,,初始化索引 0：红框为有把白杯，黑字为印刷，不是书或CD，不确认细微凹凸。,,,GPT-6 Astra Pro,2026-10-02,conflicting,True,gb,initial,mug,white cylindrical body; black lettering; side handle,wording; physical texture; material,
vot,1314,9d24efaa635311405cd5dc6a4a5c8e9d26808270a2f0760890c9f8d08c175014,mug_ankara_1,00000051,supported,mug,white cylindrical body; black lettering; side handle,wording; physical texture; material,,,初始化索引 50：红框为有把白杯，黑字为印刷，不是书或CD，不确认细微凹凸。,,,GPT-6 Astra Pro,2026-10-02,conflicting,True,gb,initial,mug,white cylindrical body; black lettering; side handle,wording; physical texture; material,
vot,1315,732ee2b37f1e480e56a8a53f21d2194515b0bd6b3fabf8e2b4439d5de60e8457,mug_ankara_1,00000101,supported,mug,white cylindrical body; black lettering; side handle,wording; physical texture; material,,,初始化索引 100：红框为有把白杯，黑字为印刷，不是书或CD，不确认细微凹凸。,,,GPT-6 Astra Pro,2026-10-02,conflicting,True,gb,initial,mug,white cylindrical body; black lettering; side handle,wording; physical texture; material,
vot,1316,00b80a797eb20756e01284d776d10dc75c9a0c5dd55c080bed3ea99eca099e96,mug_ankara_1,00000151,supported,mug,white cylindrical body; black lettering; side handle,wording; physical texture; material,,,初始化索引 150：红框为有把白杯，黑字为印刷，不是书或CD，不确认细微凹凸。,,,GPT-6 Astra Pro,2026-10-02,conflicting,True,gb,initial,mug,white cylindrical body; black lettering; side handle,wording; physical texture; material,
vot,1317,f77f37125fc16cff13607cfe63d62e79fb6c8c32c5d011541516b135202c5c2d,mug_ankara_1,00000201,corrected,mug,white cylindrical body; black lettering; side handle,wording; physical texture; material,,,初始化索引 200：红框为有把白杯，黑字为印刷，不是书或CD，不确认细微凹凸。,,,GPT-6 Astra Pro,2026-10-02,conflicting,True,gb,initial,mug,white cylindrical body; black lettering; side handle,wording; physical texture; material,
vot,1318,c524f5826e6bf9be9619fa14dfa9e92804b1811093779395fd2544c7d6ba82b4,mug_ankara_1,00000251,corrected,mug,white circular base; dark central mark; white handle,wording; physical texture; material,,,初始化索引 250：当前为杯底，中央暗印不是CD孔，侧面字未完整展示。,,,GPT-6 Astra Pro,2026-10-02,conflicting,True,gb,initial,mug,white circular base; dark central mark; white handle,wording; physical texture; material,
vot,1319,990ab7a12edd95115d1c88c26608e455045e34350d4563bf6ca336736a018163,mug_ankara_1,00000270,corrected,mug,white cylindrical body; black lettering; side handle,wording; physical texture; material,,,初始化索引 269：红框为有把白杯，黑字为印刷，不是书或CD，不确认细微凹凸。,,,GPT-6 Astra Pro,2026-10-02,conflicting,True,gb,initial,mug,white cylindrical body; black lettering; side handle,wording; physical texture; material,
vot,1320,fc52dd33206d82ba0933ef8aee43343d4ae5e39f7a17691e28739ef402b1c1b7,mug_gs_1,00000001,corrected,mug,yellow-dark red striped mug; circular emblem; white rim; handle,emblem text; material; physical texture,,,初始化索引 0：红框为条纹杯，不是卡片、标签或另一只白杯；把手方向不作固定身份。,,,GPT-6 Astra Pro,2026-10-02,conflicting,True,gb,initial,mug,yellow-dark red striped mug; circular emblem; white rim; handle,emblem text; material; physical texture,
vot,1321,20e5c4f03f2f862084c295b9619acca5057906a9cbea0a1d33b82d01a8fdf384,mug_gs_1,00000051,corrected,mug,yellow-dark red striped mug; circular emblem; white rim; handle,emblem text; material; physical texture,,,初始化索引 50：红框为条纹杯，不是卡片、标签或另一只白杯；把手方向不作固定身份。,,,GPT-6 Astra Pro,2026-10-02,conflicting,True,gb,initial,mug,yellow-dark red striped mug; circular emblem; white rim; handle,emblem text; material; physical texture,
vot,1322,ea1f385f195ddd70161b735af879c639b9f989984818b51234d2ffd1b513f434,mug_gs_1,00000101,corrected,mug,white open rim and interior; striped outer edge; handle,emblem text; material; physical texture,,,初始化索引 100：本帧杯口朝镜头，白内壁不能等同杯外主色。,,,GPT-6 Astra Pro,2026-10-02,conflicting,True,gb,initial,mug,white open rim and interior; striped outer edge; handle,emblem text; material; physical texture,
vot,1323,602b5e65106fe8a54bf77c948b30619af30b4cd9586b4984559a21b707f1d5f6,mug_gs_1,00000151,corrected,mug,yellow and dark red diagonal stripes; white rim; side handle,emblem text; material; physical texture,,,初始化索引 150：红框为条纹杯，不是卡片、标签或另一只白杯；把手方向不作固定身份。,,,GPT-6 Astra Pro,2026-10-02,conflicting,True,gb,initial,mug,yellow and dark red diagonal stripes; white rim; side handle,emblem text; material; physical texture,
vot,1324,8e78f3c4be0fcef02ccb285c499618e7799d419972ca0f6582801edc4e353af9,mug_gs_1,00000201,corrected,mug,yellow-dark red striped mug; circular emblem; white rim; handle,emblem text; material; physical texture,,,初始化索引 200：红框为条纹杯，不是卡片、标签或另一只白杯；把手方向不作固定身份。,,,GPT-6 Astra Pro,2026-10-02,conflicting,True,gb,initial,mug,yellow-dark red striped mug; circular emblem; white rim; handle,emblem text; material; physical texture,
vot,1325,7318abb79074554bc657f2e89638eec4d4189bec30332e391428bf15804a5f45,mug_gs_1,00000251,supported,mug,yellow and dark red diagonal stripes; white rim; side handle,emblem text; material; physical texture,,,初始化索引 250：红框为条纹杯，不是卡片、标签或另一只白杯；把手方向不作固定身份。,,,GPT-6 Astra Pro,2026-10-02,conflicting,True,gb,initial,mug,yellow and dark red diagonal stripes; white rim; side handle,emblem text; material; physical texture,
vot,1326,6a94788b40033667e8f204fbe8aaf9f5291b7728c7999b3306eba556865eb812,mug_gs_1,00000301,corrected,mug,white open rim and interior; striped outer edge; handle,emblem text; material; physical texture,,,初始化索引 300：本帧杯口朝镜头，白内壁不能等同杯外主色。,,,GPT-6 Astra Pro,2026-10-02,conflicting,True,gb,initial,mug,white open rim and interior; striped outer edge; handle,emblem text; material; physical texture,
vot,1327,7347631ed4e50f753a2a98939048d214bd51cc193bfce1380a3353b4eeecb69c,mug_gs_1,00000341,corrected,mug,white circular base; striped side; handle,emblem text; material; physical texture,,,初始化索引 340：当前主要见白底及条纹边，不确认凹凸纹和底字。,,,GPT-6 Astra Pro,2026-10-02,conflicting,True,gb,initial,mug,white circular base; striped side; handle,emblem text; material; physical texture,
vot,1328,8db5593fef7b0acb3dfc73d8943eeb030aee5efe96a67bf99f2feb8192c50c4d,mug_gs_1,00000393,corrected,mug,white circular base; striped side; handle,emblem text; material; physical texture,,,初始化索引 392：当前主要见白底及条纹边，不确认凹凸纹和底字。,,,GPT-6 Astra Pro,2026-10-02,conflicting,True,gb,initial,mug,white circular base; striped side; handle,emblem text; material; physical texture,
vot,1329,d3994bbf8c925a3d9a6e607f613b7d0ac4bfe9f9b00955df1f0a1b2c74f93c32,mug_gs_1,00000422,corrected,mug,yellow and dark red diagonal stripes; white rim; side handle,emblem text; material; physical texture,,,初始化索引 421：红框为条纹杯，不是卡片、标签或另一只白杯；把手方向不作固定身份。,,,GPT-6 Astra Pro,2026-10-02,conflicting,True,gb,initial,mug,yellow and dark red diagonal stripes; white rim; side handle,emblem text; material; physical texture,
vot,1330,aaea173388ae5489ed048394986c479a9d364d58b4087025a47a78d16f5477d4,notebook01_indoor_1,00000001,uncertain,object,flat dark rectangular body; pale narrow edge,notebook versus device; screen; buttons; material,,多帧只确认转动的薄物，不凭文件名定类。,初始化索引 0：红框为薄矩形独立物，不是椅子、衣服或画框；无法确认笔记本与电子器件。,,,GPT-6 Astra Pro,2026-10-02,conflicting,True,gb,initial,notebook,flat dark rectangular body; pale narrow edge,notebook versus device; screen; buttons; material,
vot,1331,7d289589f895f0d0843ccb8bf9e96108b90fd5589e5be1d07f588f6cfd9aba21,notebook01_indoor_1,00000051,uncertain,object,flat dark rectangular body; pale narrow edge,notebook versus device; screen; buttons; material,,多帧只确认转动的薄物，不凭文件名定类。,初始化索引 50：红框为薄矩形独立物，不是椅子、衣服或画框；无法确认笔记本与电子器件。,,,GPT-6 Astra Pro,2026-10-02,conflicting,True,gb,initial,notebook,flat dark rectangular body; pale narrow edge,notebook versus device; screen; buttons; material,
vot,1332,f5c815d11362689e8b1d173c99a60a0f1e7b3e4236f2955f783f115cc20f158f,notebook01_indoor_1,00000101,uncertain,object,flat dark rectangular body; pale narrow edge,notebook versus device; screen; buttons; material,,多帧只确认转动的薄物，不凭文件名定类。,初始化索引 100：红框为薄矩形独立物，不是椅子、衣服或画框；无法确认笔记本与电子器件。,,,GPT-6 Astra Pro,2026-10-02,conflicting,True,gb,initial,notebook,flat dark rectangular body; pale narrow edge,notebook versus device; screen; buttons; material,
vot,1333,ab0237bb130828dc318e3deefcfdf5164576843afe683129b507662c9b05d16a,notebook01_indoor_1,00000151,uncertain,object,dark rectangular patch partly merged with chair,notebook versus device; screen; buttons; material,,多帧只确认转动的薄物，不凭文件名定类。,初始化索引 150：目标与黑椅重叠，不能把整椅或衣服当小矩形物。,,,GPT-6 Astra Pro,2026-10-02,conflicting,True,gb,initial,notebook,dark rectangular patch partly merged with chair,notebook versus device; screen; buttons; material,
vot,1334,6ac8749beacc55cb7acb83a4ab27b6bd59ecf4027648d0402e8e08eea2661662,notebook01_indoor_1,00000201,uncertain,object,dark rectangular patch partly merged with chair,notebook versus device; screen; buttons; material,,多帧只确认转动的薄物，不凭文件名定类。,初始化索引 200：目标与黑椅重叠，不能把整椅或衣服当小矩形物。,,,GPT-6 Astra Pro,2026-10-02,conflicting,True,gb,initial,notebook,dark rectangular patch partly merged with chair,notebook versus device; screen; buttons; material,
vot,1335,6b26e7827ce12bf89424607fd96e6e969263dc2165ee24f3039386aabc4c85e1,notebook01_indoor_1,00000251,uncertain,object,thin pale-dark edge,notebook versus device; screen; buttons; material,,多帧只确认转动的薄物，不凭文件名定类。,初始化索引 250：当前侧向很薄且模糊，不能确认金属笔或电子用途。,,,GPT-6 Astra Pro,2026-10-02,conflicting,True,gb,initial,notebook,thin pale-dark edge,notebook versus device; screen; buttons; material,
vot,1336,08c3d3442cf6a3220717b8f17d1a4e1c2eeba3255dff8913f6c50d54014bb679,notebook01_indoor_1,00000301,uncertain,object,dark rectangular patch partly merged with chair,notebook versus device; screen; buttons; material,,多帧只确认转动的薄物，不凭文件名定类。,初始化索引 300：目标与黑椅重叠，不能把整椅或衣服当小矩形物。,,,GPT-6 Astra Pro,2026-10-02,conflicting,True,gb,initial,notebook,dark rectangular patch partly merged with chair,notebook versus device; screen; buttons; material,
vot,1337,92926865bf6e8674373e89ddd64a353ee0f7fe3a3b61c4b8d0d5849afa6790db,notebook01_indoor_1,00000351,uncertain,object,dark rectangular patch partly merged with chair,notebook versus device; screen; buttons; material,,多帧只确认转动的薄物，不凭文件名定类。,初始化索引 350：目标与黑椅重叠，不能把整椅或衣服当小矩形物。,,,GPT-6 Astra Pro,2026-10-02,conflicting,True,gb,initial,notebook,dark rectangular patch partly merged with chair,notebook versus device; screen; buttons; material,
vot,1338,30070795476d93baca1006e56d3cf16fdb948e225e0fd97d480603daa7a4faa1,notebook01_indoor_1,00000401,uncertain,object,dark rectangular patch partly merged with chair,notebook versus device; screen; buttons; material,,多帧只确认转动的薄物，不凭文件名定类。,初始化索引 400：目标与黑椅重叠，不能把整椅或衣服当小矩形物。,,,GPT-6 Astra Pro,2026-10-02,conflicting,True,gb,initial,notebook,dark rectangular patch partly merged with chair,notebook versus device; screen; buttons; material,
vot,1339,db92a6973dae11f6d786fb4fac947e0dd3e131a4000836a7a3e33a829a8d53d9,notebook01_indoor_1,00000451,uncertain,object,flat dark rectangular body; pale narrow edge,notebook versus device; screen; buttons; material,,多帧只确认转动的薄物，不凭文件名定类。,初始化索引 450：红框为薄矩形独立物，不是椅子、衣服或画框；无法确认笔记本与电子器件。,,,GPT-6 Astra Pro,2026-10-02,conflicting,True,gb,initial,notebook,flat dark rectangular body; pale narrow edge,notebook versus device; screen; buttons; material,
vot,1340,f5cdf72c4e1a12d50be5eea12b9f53ad370005983226bc8c61c07f2d3519069e,notebook01_indoor_1,00000501,uncertain,object,flat dark rectangular body; pale narrow edge,notebook versus device; screen; buttons; material,,多帧只确认转动的薄物，不凭文件名定类。,初始化索引 500：红框为薄矩形独立物，不是椅子、衣服或画框；无法确认笔记本与电子器件。,,,GPT-6 Astra Pro,2026-10-02,conflicting,True,gb,initial,notebook,flat dark rectangular body; pale narrow edge,notebook versus device; screen; buttons; material,
vot,1341,8ba49ba2a310d7d0f67018c2e1db56983ecc6378f792a0eb8637ca465cd2f6ba,notebook01_indoor_1,00000558,uncertain,object,flat dark rectangular body; pale narrow edge,notebook versus device; screen; buttons; material,,多帧只确认转动的薄物，不凭文件名定类。,初始化索引 557：红框为薄矩形独立物，不是椅子、衣服或画框；无法确认笔记本与电子器件。,,,GPT-6 Astra Pro,2026-10-02,conflicting,True,gb,initial,notebook,flat dark rectangular body; pale narrow edge,notebook versus device; screen; buttons; material,
vot,1342,b7a35dc776c591386dc79bb7b2c447c1013a3667e8be4d660aa78d0ad464bdce,notebook01_indoor_1,00000601,uncertain,object,dark rectangular patch partly merged with chair,notebook versus device; screen; buttons; material,,多帧只确认转动的薄物，不凭文件名定类。,初始化索引 600：目标与黑椅重叠，不能把整椅或衣服当小矩形物。,,,GPT-6 Astra Pro,2026-10-02,conflicting,True,gb,initial,notebook,dark rectangular patch partly merged with chair,notebook versus device; screen; buttons; material,
vot,1343,89f70ba35492a67c2ab31974efbd3914f25fa08391786c8c888048b9ac28ab6e,notebook01_indoor_1,00000651,uncertain,object,flat dark rectangular body; pale narrow edge,notebook versus device; screen; buttons; material,,多帧只确认转动的薄物，不凭文件名定类。,初始化索引 650：红框为薄矩形独立物，不是椅子、衣服或画框；无法确认笔记本与电子器件。,,,GPT-6 Astra Pro,2026-10-02,conflicting,True,gb,initial,notebook,flat dark rectangular body; pale narrow edge,notebook versus device; screen; buttons; material,
vot,1344,f5e49de5a04d235b9d52a1c88e5676227f9d232854246885505bc8b01457997d,notebook01_indoor_1,00000701,uncertain,object,flat dark rectangular body; pale narrow edge,notebook versus device; screen; buttons; material,,多帧只确认转动的薄物，不凭文件名定类。,初始化索引 700：红框为薄矩形独立物，不是椅子、衣服或画框；无法确认笔记本与电子器件。,,,GPT-6 Astra Pro,2026-10-02,conflicting,True,gb,initial,notebook,flat dark rectangular body; pale narrow edge,notebook versus device; screen; buttons; material,
vot,1345,49e08ba0f1ab46e80629a0b608843d02f9d67e8ce65a21536364271d849d4e89,notebook01_indoor_1,00000709,uncertain,object,thin pale-dark edge,notebook versus device; screen; buttons; material,,多帧只确认转动的薄物，不凭文件名定类。,初始化索引 708：当前侧向很薄且模糊，不能确认金属笔或电子用途。,,,GPT-6 Astra Pro,2026-10-02,conflicting,True,gb,initial,notebook,thin pale-dark edge,notebook versus device; screen; buttons; material,
vot,1346,526d8910bb037178ab38427694e880c32311db3b5bcd078e16438bccd719dea0,paperpunch_3,00000001,uncertain,object,dark rectangular tool-like body; pale component,paper-punch function; mechanism; material,,近邻有杠杆/底座，支持办公工具解释，但仅底视时用途仍不明。,初始化索引 0：红框是有厚度/开合构件的小工具，未见触屏或电话键。,,,GPT-6 Astra Pro,2026-10-02,conflicting,True,gb,initial,paperpunch,dark rectangular tool-like body; pale component,paper-punch function; mechanism; material,
vot,1347,2a62ad6e94b4cdc30022f32fcf1ed4c79eeb77f4215ff45a78ae3bc39b9b3fe9,paperpunch_3,00000051,corrected,paper punch,dark broad base; hinged lever; pale inner rail,paper-punch function; mechanism; material,,近邻有杠杆/底座，支持办公工具解释，但仅底视时用途仍不明。,初始化索引 50：初始化张开的杠杆、底座和内导轨可见，支持纸张打孔器粗类，不是平遥控器。,,,GPT-6 Astra Pro,2026-10-02,conflicting,True,gb,initial,paperpunch,dark broad base; hinged lever; pale inner rail,paper-punch function; mechanism; material,
vot,1348,5af95c483940a84c55343b85fd60e674f59484b29a70710d4bd297e2d66509d5,paperpunch_3,00000105,uncertain,object,dark rectangular tool-like body; pale component,paper-punch function; mechanism; material,,近邻有杠杆/底座，支持办公工具解释，但仅底视时用途仍不明。,初始化索引 104：红框是有厚度/开合构件的小工具，未见触屏或电话键。,,,GPT-6 Astra Pro,2026-10-02,conflicting,True,gb,initial,paperpunch,dark rectangular tool-like body; pale component,paper-punch function; mechanism; material,
vot,1349,ee0be0b4e844b3e7e9718d08c146ef4c52d037bb4f1d6ef1c52cf469675f36a7,paperpunch_3,00000151,uncertain,object,dark rectangular tool-like body; pale component,paper-punch function; mechanism; material,,近邻有杠杆/底座，支持办公工具解释，但仅底视时用途仍不明。,初始化索引 150：红框是有厚度/开合构件的小工具，未见触屏或电话键。,,,GPT-6 Astra Pro,2026-10-02,conflicting,True,gb,initial,paperpunch,dark rectangular tool-like body; pale component,paper-punch function; mechanism; material,
vot,1350,3557afb5776bd87fe326098840344fd1ced3b325ef8b8e9aaf757d5c3ef424e4,paperpunch_3,00000163,uncertain,object,dark rectangular tool-like body; pale component,paper-punch function; mechanism; material,,近邻有杠杆/底座，支持办公工具解释，但仅底视时用途仍不明。,初始化索引 162：红框是有厚度/开合构件的小工具，未见触屏或电话键。,,,GPT-6 Astra Pro,2026-10-02,conflicting,True,gb,initial,paperpunch,dark rectangular tool-like body; pale component,paper-punch function; mechanism; material,
vot,1351,aa81fef8a8e9d7d322c9d708e62c30b08c29a74ca5e1fd5b5d2f059666090aa5,person_outside_1,00000001,corrected,person,dark hooded coat; brown hood trim; light blue-gray trousers,fabric; shoe color,,两人交错时只按本条红框判断，服饰/位置不作永久身份。,初始化索引 0：红框为道路/雪地指定人物，非后出现的另一深色外衣者。,,,GPT-6 Astra Pro,2026-10-02,conflicting,True,gb,initial,person,dark hooded coat; brown hood trim; light blue-gray trousers,fabric; shoe color,
vot,1352,c8a204c837ad036d3ae196dee517a4d99015f23e125b4ab6b5ca4c50b92a1e78,person_outside_1,00000051,supported,person,dark purple-blue coat; light blue-gray trousers,fabric; shoe color,,两人交错时只按本条红框判断，服饰/位置不作永久身份。,初始化索引 50：红框为道路/雪地指定人物，非后出现的另一深色外衣者。,,,GPT-6 Astra Pro,2026-10-02,conflicting,True,gb,initial,person,dark purple-blue coat; light blue-gray trousers,fabric; shoe color,
vot,1353,6f887e566a442cc87f4ea144e734b104683aee0a62dba918a85c8e90643c782f,person_outside_1,00000101,supported,person,dark purple-blue coat; light blue-gray trousers,fabric; shoe color,,两人交错时只按本条红框判断，服饰/位置不作永久身份。,初始化索引 100：红框为道路/雪地指定人物，非后出现的另一深色外衣者。,,,GPT-6 Astra Pro,2026-10-02,conflicting,True,gb,initial,person,dark purple-blue coat; light blue-gray trousers,fabric; shoe color,
vot,1354,6dbf966b2fd5b412f0913166e68cb03a92fec62432dd7d96309271fe87468f1f,person_outside_1,00000151,supported,person,dark purple-blue coat; light blue-gray trousers,fabric; shoe color,,两人交错时只按本条红框判断，服饰/位置不作永久身份。,初始化索引 150：红框为道路/雪地指定人物，非后出现的另一深色外衣者。,,,GPT-6 Astra Pro,2026-10-02,conflicting,True,gb,initial,person,dark purple-blue coat; light blue-gray trousers,fabric; shoe color,
vot,1355,3723bac726dbc7b9a27b04b247110e470e85e13a5098f3d50da57af2b4dc11a7,person_outside_1,00000201,corrected,person,dark purple-blue coat; light blue-gray trousers,fabric; shoe color,,两人交错时只按本条红框判断，服饰/位置不作永久身份。,初始化索引 200：红框为道路/雪地指定人物，非后出现的另一深色外衣者。,,,GPT-6 Astra Pro,2026-10-02,conflicting,True,gb,initial,person,dark purple-blue coat; light blue-gray trousers,fabric; shoe color,
vot,1356,f18efb427e6341b169c74249a0e30b87c196fedb6e71aaf448323e6694c0765e,person_outside_1,00000251,corrected,person,dark purple-blue coat; light blue-gray trousers,fabric; shoe color,,两人交错时只按本条红框判断，服饰/位置不作永久身份。,初始化索引 250：人物当前蹲下，深色为外套、裤子偏浅灰蓝，不是紫色裤；蹲姿不固定。,,,GPT-6 Astra Pro,2026-10-02,conflicting,True,gb,initial,person,dark purple-blue coat; light blue-gray trousers,fabric; shoe color,
vot,1357,8fbcccad66900b0bf88e79d612508db0babd08bb076051ff8a6a43a5e247c715,person_outside_1,00000301,corrected,person,dark purple-blue coat; light blue-gray trousers,fabric; shoe color,,两人交错时只按本条红框判断，服饰/位置不作永久身份。,初始化索引 300：人物当前蹲下，深色为外套、裤子偏浅灰蓝，不是紫色裤；蹲姿不固定。,,,GPT-6 Astra Pro,2026-10-02,conflicting,True,gb,initial,person,dark purple-blue coat; light blue-gray trousers,fabric; shoe color,
vot,1358,928985b2d855d16def5caa5978843bc707fa406e996b5fe2c7552b06ad6df01f,person_outside_1,00000351,supported,person,dark purple-blue coat; light blue-gray trousers,fabric; shoe color,,两人交错时只按本条红框判断，服饰/位置不作永久身份。,初始化索引 350：红框为道路/雪地指定人物，非后出现的另一深色外衣者。,,,GPT-6 Astra Pro,2026-10-02,conflicting,True,gb,initial,person,dark purple-blue coat; light blue-gray trousers,fabric; shoe color,
vot,1359,4d9f35d06eb03f7c22c6471d03a0a93996efbb0310036ae9fb0c4f2995beee05,person_outside_1,00000401,corrected,person,dark purple-blue coat; light blue-gray trousers,fabric; shoe color,,两人交错时只按本条红框判断，服饰/位置不作永久身份。,初始化索引 400：红框为道路/雪地指定人物，非后出现的另一深色外衣者。,,,GPT-6 Astra Pro,2026-10-02,conflicting,True,gb,initial,person,dark purple-blue coat; light blue-gray trousers,fabric; shoe color,
vot,1360,4a8edb986550790971b0f3bc51ac5ec87963247f7bbba6e68116d27f71a61d5b,person_outside_1,00000451,supported,person,dark purple-blue coat; light blue-gray trousers,fabric; shoe color,,两人交错时只按本条红框判断，服饰/位置不作永久身份。,初始化索引 450：红框指定远处浅裤人物，而非更近的深色衣物者，细节不从旁人借用。,,,GPT-6 Astra Pro,2026-10-02,conflicting,True,gb,initial,person,dark purple-blue coat; light blue-gray trousers,fabric; shoe color,
vot,1361,09d91e9dabd2308e366fa6b6dad39d47d03c3275aef06def7c24deb15356e2f8,person_outside_1,00000501,supported,person,dark purple-blue coat; light blue-gray trousers,fabric; shoe color,,两人交错时只按本条红框判断，服饰/位置不作永久身份。,初始化索引 500：红框指定远处浅裤人物，而非更近的深色衣物者，细节不从旁人借用。,,,GPT-6 Astra Pro,2026-10-02,conflicting,True,gb,initial,person,dark purple-blue coat; light blue-gray trousers,fabric; shoe color,
vot,1362,bf4c8f259d0303eabbab690170fa4092610b9bd755d7b26864114ee2169c4af1,person_outside_1,00000551,supported,person,dark purple-blue coat; light blue-gray trousers,fabric; shoe color,,两人交错时只按本条红框判断，服饰/位置不作永久身份。,初始化索引 550：红框为道路/雪地指定人物，非后出现的另一深色外衣者。,,,GPT-6 Astra Pro,2026-10-02,conflicting,True,gb,initial,person,dark purple-blue coat; light blue-gray trousers,fabric; shoe color,
vot,1363,b2bd1e12fddee68e3da7f3c7843425e0993d0ca2cbc507dcc8403142d33012fc,person_outside_1,00000601,corrected,person,dark purple-blue coat; light blue-gray trousers,fabric; shoe color,,两人交错时只按本条红框判断，服饰/位置不作永久身份。,初始化索引 600：红框为道路/雪地指定人物，非后出现的另一深色外衣者。,,,GPT-6 Astra Pro,2026-10-02,conflicting,True,gb,initial,person,dark purple-blue coat; light blue-gray trousers,fabric; shoe color,
vot,1364,4318fdb652a224f308499e596f13e9620198ec6fd8c05b4cf288c9afca64cc38,person_outside_1,00000651,supported,person,dark purple-blue coat; light blue-gray trousers,fabric; shoe color,,两人交错时只按本条红框判断，服饰/位置不作永久身份。,初始化索引 650：红框为道路/雪地指定人物，非后出现的另一深色外衣者。,,,GPT-6 Astra Pro,2026-10-02,conflicting,True,gb,initial,person,dark purple-blue coat; light blue-gray trousers,fabric; shoe color,
vot,1365,01682e57e9f87ab3b34d618445298f09eae77809b5f673c454b45abefe67782f,person_outside_1,00000701,supported,person,dark hooded coat; brown hood trim; light blue-gray trousers,fabric; shoe color,,两人交错时只按本条红框判断，服饰/位置不作永久身份。,初始化索引 700：红框为道路/雪地指定人物，非后出现的另一深色外衣者。,,,GPT-6 Astra Pro,2026-10-02,conflicting,True,gb,initial,person,dark hooded coat; brown hood trim; light blue-gray trousers,fabric; shoe color,
vot,1366,ee45d7aea6747748c3f754319cc7c132f7a96d952ca5b4617a7e66b55b2683d7,person_outside_1,00000751,corrected,person,dark purple-blue coat; light blue-gray trousers,fabric; shoe color,,两人交错时只按本条红框判断，服饰/位置不作永久身份。,初始化索引 750：红框指定远处浅裤人物，而非更近的深色衣物者，细节不从旁人借用。,,,GPT-6 Astra Pro,2026-10-02,conflicting,True,gb,initial,person,dark purple-blue coat; light blue-gray trousers,fabric; shoe color,
vot,1367,737bbfcfd2fcee19e628083850c36f562b1b713b3db71f9c2a560077db27677d,person_outside_1,00000801,supported,person,dark purple-blue coat; light blue-gray trousers,fabric; shoe color,,两人交错时只按本条红框判断，服饰/位置不作永久身份。,初始化索引 800：红框指定远处浅裤人物，而非更近的深色衣物者，细节不从旁人借用。,,,GPT-6 Astra Pro,2026-10-02,conflicting,True,gb,initial,person,dark purple-blue coat; light blue-gray trousers,fabric; shoe color,
vot,1368,4e5cb18120bae63c1dadf261ff294de4c943f14e834f5d1561e6c6a4e3789ec1,pigeon01_wild_1,00000001,supported,bird,gray-dark feathers; rounded head and body; short tail,species; fine markings; feet color,,近邻/概览辅助鸟形，不能确认整段同一物理个体。,初始化索引 0：当前为灰黑鸽形鸟，落叶暖色和邻鸟白斑不归给目标。,,,GPT-6 Astra Pro,2026-10-02,conflicting,True,gb,initial,pigeon,gray-dark feathers; rounded head and body; short tail,species; fine markings; feet color,
vot,1369,fb2a470521d239a9269d81c752883dfbec2b338372e9c3b2295759961e8ffe09,pigeon01_wild_1,00000051,supported,bird,gray-dark feathers; rounded head and body; short tail,species; fine markings; feet color,,近邻/概览辅助鸟形，不能确认整段同一物理个体。,初始化索引 50：当前为灰黑鸽形鸟，落叶暖色和邻鸟白斑不归给目标。,,,GPT-6 Astra Pro,2026-10-02,conflicting,True,gb,initial,pigeon,gray-dark feathers; rounded head and body; short tail,species; fine markings; feet color,
vot,1370,619a653ff2da807daf08446b5997a5ed7c9a747883e51dcf44a622439d0932fb,pigeon01_wild_1,00000101,supported,bird,gray-dark feathers; rounded head and body; short tail,species; fine markings; feet color,,近邻/概览辅助鸟形，不能确认整段同一物理个体。,初始化索引 100：当前为灰黑鸽形鸟，落叶暖色和邻鸟白斑不归给目标。,,,GPT-6 Astra Pro,2026-10-02,conflicting,True,gb,initial,pigeon,gray-dark feathers; rounded head and body; short tail,species; fine markings; feet color,
vot,1371,cc7ffece1f5911e5c254d7192288aeea4531bed562761d634fbcafb019dcd2be,pigeon01_wild_1,00000151,corrected,bird,gray-dark feathers; rounded head and body; short tail,species; fine markings; feet color,,近邻/概览辅助鸟形，不能确认整段同一物理个体。,初始化索引 150：当前为灰黑鸽形鸟，落叶暖色和邻鸟白斑不归给目标。,,,GPT-6 Astra Pro,2026-10-02,conflicting,True,gb,initial,pigeon,gray-dark feathers; rounded head and body; short tail,species; fine markings; feet color,
vot,1372,85f06410d355160eda9b693ba6409e5a32457e8fbad0f062a7e74cfaa2d4ee93,pigeon01_wild_1,00000201,corrected,bird,gray-dark feathers; rounded head and body; short tail,species; fine markings; feet color,,近邻/概览辅助鸟形，不能确认整段同一物理个体。,初始化索引 200：当前为灰黑鸽形鸟，落叶暖色和邻鸟白斑不归给目标。,,,GPT-6 Astra Pro,2026-10-02,conflicting,True,gb,initial,pigeon,gray-dark feathers; rounded head and body; short tail,species; fine markings; feet color,
vot,1373,94c484073ce9be84655f41e599912847ae7bb3067b4c0a5bc1a658dfbe7d921d,pigeon01_wild_1,00000251,corrected,bird,dark gray body; blue-green sheen near neck,species; fine markings; feet color,,近邻/概览辅助鸟形，不能确认整段同一物理个体。,初始化索引 250：局部颈部反光不能写成整身绿色或蓝色。,,,GPT-6 Astra Pro,2026-10-02,conflicting,True,gb,initial,pigeon,dark gray body; blue-green sheen near neck,species; fine markings; feet color,
vot,1374,460ab2defda9de7e1ea5491ec746e72ef9dd3a3e75b3cfa9a6b78668b63cc0c9,pigeon01_wild_1,00000301,supported,bird,gray-dark feathers; rounded head and body; short tail,species; fine markings; feet color,,近邻/概览辅助鸟形，不能确认整段同一物理个体。,初始化索引 300：当前为灰黑鸽形鸟，落叶暖色和邻鸟白斑不归给目标。,,,GPT-6 Astra Pro,2026-10-02,conflicting,True,gb,initial,pigeon,gray-dark feathers; rounded head and body; short tail,species; fine markings; feet color,
vot,1375,35ffaaabc44122138ffce52336f68cb825669404df7235bf3dbc1cbd44121b1a,pigeon01_wild_1,00000351,supported,bird,gray-dark feathers; rounded head and body; short tail,species; fine markings; feet color,,近邻/概览辅助鸟形，不能确认整段同一物理个体。,初始化索引 350：当前为灰黑鸽形鸟，落叶暖色和邻鸟白斑不归给目标。,,,GPT-6 Astra Pro,2026-10-02,conflicting,True,gb,initial,pigeon,gray-dark feathers; rounded head and body; short tail,species; fine markings; feet color,
vot,1376,1a0f961a5219ef7e78e40e8a9cac631769e533bc7e22f06d0841ee375d674693,pigeon01_wild_1,00000401,supported,bird,gray-dark feathers; rounded head and body; short tail,species; fine markings; feet color,,近邻/概览辅助鸟形，不能确认整段同一物理个体。,初始化索引 400：当前为灰黑鸽形鸟，落叶暖色和邻鸟白斑不归给目标。,,,GPT-6 Astra Pro,2026-10-02,conflicting,True,gb,initial,pigeon,gray-dark feathers; rounded head and body; short tail,species; fine markings; feet color,
vot,1377,e1e4ba8bf2148d22793dc4bcfb351af8191fb657ea2a60a9d416f505655d1740,pigeon01_wild_1,00000451,uncertain,bird,small dark blurred bird-like patch,species; fine markings; feet color,,近邻/概览辅助鸟形，不能确认整段同一物理个体。,初始化索引 450：红框小目标模糊或与落叶重叠，鸟类粗判断需近邻辅助，脚和羽纹不确定。,,,GPT-6 Astra Pro,2026-10-02,conflicting,True,gb,initial,pigeon,small dark blurred bird-like patch,species; fine markings; feet color,
vot,1378,8417ee688f6c3ff8ea78e8bd92424b310efcd388bf7000b70402ed923215e507,pigeon01_wild_1,00000501,corrected,bird,small gray bird-shaped body,species; fine markings; feet color,,近邻/概览辅助鸟形，不能确认整段同一物理个体。,初始化索引 500：远处鸟轮廓可辨，脚与羽纹不足以细分类。,,,GPT-6 Astra Pro,2026-10-02,conflicting,True,gb,initial,pigeon,small gray bird-shaped body,species; fine markings; feet color,
vot,1379,536ed9da6ea2f62a794fca8660bea3606b16b9d69fa692193da1a01c1ad9004f,pigeon01_wild_1,00000551,uncertain,bird,small dark blurred bird-like patch,species; fine markings; feet color,,近邻/概览辅助鸟形，不能确认整段同一物理个体。,初始化索引 550：红框小目标模糊或与落叶重叠，鸟类粗判断需近邻辅助，脚和羽纹不确定。,,,GPT-6 Astra Pro,2026-10-02,conflicting,True,gb,initial,pigeon,small dark blurred bird-like patch,species; fine markings; feet color,
vot,1380,8bde69a6e8462368ff31be0e8e52c4b829c5935577531622b7001f5eb49be7f1,pigeon01_wild_1,00000601,uncertain,object,very small dark indistinct patch,species; fine markings; feet color,,近邻与概览有鸟群，但本条红框对应和单帧细节不足，保留未知。,初始化索引 600：本帧接近边缘/树旁，无法可靠确认鸟形，不用旁边更清楚的鸟替代。,,,GPT-6 Astra Pro,2026-10-02,conflicting,True,gb,initial,pigeon,very small dark indistinct patch,species; fine markings; feet color,
vot,1381,0b708de99ff03b02e6e4770c6ecde2acd25e8a03eda32cf525374ad7c0078601,pigeon01_wild_1,00000651,uncertain,object,very small dark indistinct patch,species; fine markings; feet color,,近邻与概览有鸟群，但本条红框对应和单帧细节不足，保留未知。,初始化索引 650：本帧接近边缘/树旁，无法可靠确认鸟形，不用旁边更清楚的鸟替代。,,,GPT-6 Astra Pro,2026-10-02,conflicting,True,gb,initial,pigeon,very small dark indistinct patch,species; fine markings; feet color,
vot,1382,dd73d775a022104d86686f16226061d346172c0ed4b85025477519b4b4f7824c,pigeon01_wild_1,00000663,uncertain,bird,small dark blurred bird-like patch,species; fine markings; feet color,,近邻/概览辅助鸟形，不能确认整段同一物理个体。,初始化索引 662：红框小目标模糊或与落叶重叠，鸟类粗判断需近邻辅助，脚和羽纹不确定。,,,GPT-6 Astra Pro,2026-10-02,conflicting,True,gb,initial,pigeon,small dark blurred bird-like patch,species; fine markings; feet color,
vot,1383,a40ac83791c64da03ba7dab915c3746ac661f6a292f5a1277cc6f35e0a1a5eb7,pigeon02_wild_1,00000001,supported,bird,gray-dark feathers; rounded head and body; short tail,species; fine markings; feet color,,近邻/概览辅助鸟形，不能确认整段同一物理个体。,初始化索引 0：当前为灰黑鸽形鸟，落叶暖色和邻鸟白斑不归给目标。,,,GPT-6 Astra Pro,2026-10-02,conflicting,True,gb,initial,pigeon,gray-dark feathers; rounded head and body; short tail,species; fine markings; feet color,
vot,1384,b7d44b94dfff885706e6099c530f9ce6fc331541e352c3e567b615ccc1e12d6d,pigeon02_wild_1,00000051,supported,bird,gray-dark feathers; rounded head and body; short tail,species; fine markings; feet color,,近邻/概览辅助鸟形，不能确认整段同一物理个体。,初始化索引 50：当前为灰黑鸽形鸟，落叶暖色和邻鸟白斑不归给目标。,,,GPT-6 Astra Pro,2026-10-02,conflicting,True,gb,initial,pigeon,gray-dark feathers; rounded head and body; short tail,species; fine markings; feet color,
vot,1385,f65d8e774858d4f0e3b157fd49c0cbc94c9d0b5e2b3157c9cba5a53ebc103185,pigeon02_wild_1,00000101,corrected,bird,gray-dark feathers; rounded head and body; short tail,species; fine markings; feet color,,近邻/概览辅助鸟形，不能确认整段同一物理个体。,初始化索引 100：当前为灰黑鸽形鸟，落叶暖色和邻鸟白斑不归给目标。,,,GPT-6 Astra Pro,2026-10-02,conflicting,True,gb,initial,pigeon,gray-dark feathers; rounded head and body; short tail,species; fine markings; feet color,
vot,1386,5759b6460673b28c94f9febfcb672e69a1ecce0cc83667dd85f0834f653de658,pigeon02_wild_1,00000151,supported,bird,gray-dark feathers; rounded head and body; short tail,species; fine markings; feet color,,近邻/概览辅助鸟形，不能确认整段同一物理个体。,初始化索引 150：当前为灰黑鸽形鸟，落叶暖色和邻鸟白斑不归给目标。,,,GPT-6 Astra Pro,2026-10-02,conflicting,True,gb,initial,pigeon,gray-dark feathers; rounded head and body; short tail,species; fine markings; feet color,
vot,1387,aed7231afe69b884b4c012d5d1abbb8dbcd0275c06bd0f748941832839ed206d,pigeon02_wild_1,00000201,corrected,bird,gray-dark feathers; rounded head and body; short tail,species; fine markings; feet color,,近邻/概览辅助鸟形，不能确认整段同一物理个体。,初始化索引 200：当前为灰黑鸽形鸟，落叶暖色和邻鸟白斑不归给目标。,,,GPT-6 Astra Pro,2026-10-02,conflicting,True,gb,initial,pigeon,gray-dark feathers; rounded head and body; short tail,species; fine markings; feet color,
vot,1388,854bc30ecc2155ef3d8acf9c0d12834300d3c61e26f1b76f88f6619360bd84f5,pigeon02_wild_1,00000251,supported,bird,gray-dark feathers; rounded head and body; short tail,species; fine markings; feet color,,近邻/概览辅助鸟形，不能确认整段同一物理个体。,初始化索引 250：当前为灰黑鸽形鸟，落叶暖色和邻鸟白斑不归给目标。,,,GPT-6 Astra Pro,2026-10-02,conflicting,True,gb,initial,pigeon,gray-dark feathers; rounded head and body; short tail,species; fine markings; feet color,
vot,1389,08b69b9818f0409c81b8c6fefdbafd883902b8523845230e22442e1caf362dd7,pigeon02_wild_1,00000296,supported,bird,gray-dark feathers; rounded head and body; short tail,species; fine markings; feet color,,近邻/概览辅助鸟形，不能确认整段同一物理个体。,初始化索引 295：当前为灰黑鸽形鸟，落叶暖色和邻鸟白斑不归给目标。,,,GPT-6 Astra Pro,2026-10-02,conflicting,True,gb,initial,pigeon,gray-dark feathers; rounded head and body; short tail,species; fine markings; feet color,
vot,1390,a1d56eda7079b87a663ec784ce8a9551f9dc1b38e4123c78f720aca0b10d0382,pigeon04_wild_1,00000001,corrected,bird,dark bird body; neck and tail silhouette,species; fine markings; feet color,,近邻/概览辅助鸟形，不能确认整段同一物理个体。,初始化索引 0：红框为水边深色鸟，脚色、蹼形及羽毛湿润状态不确认。,,,GPT-6 Astra Pro,2026-10-02,conflicting,True,gb,initial,pigeon,dark bird body; neck and tail silhouette,species; fine markings; feet color,
vot,1391,bd08b04c2cd705196978044e628489977c448b1a51c2882af4899520c5e67fcb,pigeon04_wild_1,00000051,corrected,bird,dark bird body; neck and tail silhouette,species; fine markings; feet color,,近邻/概览辅助鸟形，不能确认整段同一物理个体。,初始化索引 50：红框为水边深色鸟，脚色、蹼形及羽毛湿润状态不确认。,,,GPT-6 Astra Pro,2026-10-02,conflicting,True,gb,initial,pigeon,dark bird body; neck and tail silhouette,species; fine markings; feet color,
vot,1392,7dd7f85fc9919141dcc0c8b9dc7f2ef7a30db3cc0d08a25d3efab7a5bcc5312b,pigeon04_wild_1,00000098,uncertain,bird,dark blurred bird silhouette,species; fine markings; feet color,,近邻/概览辅助鸟形，不能确认整段同一物理个体。,初始化索引 97：本帧靠边且模糊，不确认脚色或蹼形。,,,GPT-6 Astra Pro,2026-10-02,conflicting,True,gb,initial,pigeon,dark blurred bird silhouette,species; fine markings; feet color,
vot,1393,5d3a1801285533c17111f5f4153d08d516c174e8b3f365b0f34550e46baf7fc8,pot_indoor_1,00000001,uncertain,object,very dark rounded silhouette,category; material; face or clock details,,概览同样暗，未提供足够用途证据，不按文件名判锅。,初始化索引 0：低光下只见圆/曲面暗物，不能确认容器、帽等用途，更非可确定的人头或钟。,,,GPT-6 Astra Pro,2026-10-02,conflicting,True,gb,initial,pot,very dark rounded silhouette,category; material; face or clock details,
vot,1394,1fef314ca2e7b3ab37097f6b1ca2154056a0cf61fc2e6b719c95aa274e0a2263,pot_indoor_1,00000031,uncertain,object,very dark rounded silhouette,category; material; face or clock details,,概览同样暗，未提供足够用途证据，不按文件名判锅。,初始化索引 30：低光下只见圆/曲面暗物，不能确认容器、帽等用途，更非可确定的人头或钟。,,,GPT-6 Astra Pro,2026-10-02,conflicting,True,gb,initial,pot,very dark rounded silhouette,category; material; face or clock details,
vot,1395,e0469a5ca07df4cff42e8c508b2ac8351a2bd5052b5b033ffb0bbd9a897e2432,pot_indoor_2,00000001,uncertain,object,very dark rounded silhouette,category; material; face or clock details,,概览同样暗，未提供足够用途证据，不按文件名判锅。,初始化索引 0：低光下只见圆/曲面暗物，不能确认容器、帽等用途，更非可确定的人头或钟。,,,GPT-6 Astra Pro,2026-10-02,conflicting,True,gb,initial,pot,very dark rounded silhouette,category; material; face or clock details,
vot,1396,7fa7e0c33d4beb15edecfaefcdca020b9f84a074a4d2c83001f62f9f5694ea4c,pot_indoor_2,00000051,uncertain,object,very dark rounded silhouette,category; material; face or clock details,,概览同样暗，未提供足够用途证据，不按文件名判锅。,初始化索引 50：低光下只见圆/曲面暗物，不能确认容器、帽等用途，更非可确定的人头或钟。,,,GPT-6 Astra Pro,2026-10-02,conflicting,True,gb,initial,pot,very dark rounded silhouette,category; material; face or clock details,
vot,1397,b7529a26806906e39313b3a7c3b6af8b82604248a67295a2fb5409a9e55f9f58,pot_indoor_2,00000090,uncertain,object,very dark rounded silhouette,category; material; face or clock details,,概览同样暗，未提供足够用途证据，不按文件名判锅。,初始化索引 89：低光下只见圆/曲面暗物，不能确认容器、帽等用途，更非可确定的人头或钟。,,,GPT-6 Astra Pro,2026-10-02,conflicting,True,gb,initial,pot,very dark rounded silhouette,category; material; face or clock details,
vot,1398,472d0a6604a9ab90e14192f82fd3d80b6f069017c54c9dd8c5c9641313c7cfa4,pot_indoor_3,00000001,uncertain,object,very dark rounded silhouette,category; material; face or clock details,,概览同样暗，未提供足够用途证据，不按文件名判锅。,初始化索引 0：低光下只见圆/曲面暗物，不能确认容器、帽等用途，更非可确定的人头或钟。,,,GPT-6 Astra Pro,2026-10-02,conflicting,True,gb,initial,pot,very dark rounded silhouette,category; material; face or clock details,
vot,1399,abb47e3bc31a76b44cfd0e04cc585ba03252778d4f9d4846453fd77bb0e8e0bc,pot_indoor_3,00000051,uncertain,object,low-contrast dark patch,category; material; face or clock details,,概览同样暗，未提供足够用途证据，不按文件名判锅。,初始化索引 50：红框目标与深背景融合，不能靠相邻摆件补出类型。,,,GPT-6 Astra Pro,2026-10-02,conflicting,True,gb,initial,pot,low-contrast dark patch,category; material; face or clock details,
vot,1400,28ab83ef9ee719ed47896cad450c1ee417bc574b57de322d1e9a4b0d9b77b8c5,pot_indoor_3,00000101,uncertain,object,low-contrast dark patch,category; material; face or clock details,,概览同样暗，未提供足够用途证据，不按文件名判锅。,初始化索引 100：红框目标与深背景融合，不能靠相邻摆件补出类型。,,,GPT-6 Astra Pro,2026-10-02,conflicting,True,gb,initial,pot,low-contrast dark patch,category; material; face or clock details,
vot,1401,5c711388300211c0e2ddc02c191ecf51e990f7511e08aeb9e68dbd32f59f2294,pot_indoor_3,00000151,uncertain,object,low-contrast dark patch,category; material; face or clock details,,概览同样暗，未提供足够用途证据，不按文件名判锅。,初始化索引 150：红框目标与深背景融合，不能靠相邻摆件补出类型。,,,GPT-6 Astra Pro,2026-10-02,conflicting,True,gb,initial,pot,low-contrast dark patch,category; material; face or clock details,
vot,1402,59c1173e56cf14aa1ec8d60ac973f61ec08f0e77c6a44cebcb7b7f94db814818,pot_indoor_3,00000175,uncertain,object,low-contrast dark patch,category; material; face or clock details,,概览同样暗，未提供足够用途证据，不按文件名判锅。,初始化索引 174：红框目标与深背景融合，不能靠相邻摆件补出类型。,,,GPT-6 Astra Pro,2026-10-02,conflicting,True,gb,initial,pot,low-contrast dark patch,category; material; face or clock details,
vot,1403,79ee61880cfc120730981707407c9994259fab8ad81a8ed2b3ff747a5574a79d,robot_corridor_occ_1_1,00000001,supported,mobile robot,blue-purple low platform; pale upper unit; dark wheels,wheel count; laser pointer; material; model,,,初始化索引 0：红框为低矮轮式机器人，不是普通滑板或轮椅。,,,GPT-6 Astra Pro,2026-10-02,conflicting,True,gb,initial,mobile robot,blue-purple low platform; pale upper unit; dark wheels,wheel count; laser pointer; material; model,
vot,1404,1dcd86bd9c87c2cea81ad4e006c64de3b8ddb2fec2999f94246a7fa6450387ee,robot_corridor_occ_1_1,00000051,corrected,mobile robot,blue-purple low platform; pale upper unit; dark wheels,wheel count; laser pointer; material; model,,,初始化索引 50：红框为低矮轮式机器人，不是普通滑板或轮椅。,,,GPT-6 Astra Pro,2026-10-02,conflicting,True,gb,initial,mobile robot,blue-purple low platform; pale upper unit; dark wheels,wheel count; laser pointer; material; model,
vot,1405,c5c76a6f47611b86eb3a8eb7215be0473ee1c7edb0604d1626cf2fa51cc38229,robot_corridor_occ_1_1,00000101,corrected,mobile robot,blue-purple low platform; pale upper unit; dark wheels,wheel count; laser pointer; material; model,,,初始化索引 100：红框为低矮轮式机器人，不是普通滑板或轮椅。,,,GPT-6 Astra Pro,2026-10-02,conflicting,True,gb,initial,mobile robot,blue-purple low platform; pale upper unit; dark wheels,wheel count; laser pointer; material; model,
vot,1406,fdb5e64785e5f73b7473275813f4e2675c121f24227700fff8b1a5ae3b4d6f78,robot_corridor_occ_1_1,00000151,supported,mobile robot,blue-purple low platform; pale upper unit; dark wheels,wheel count; laser pointer; material; model,,,初始化索引 150：红框为低矮轮式机器人，不是普通滑板或轮椅。,,,GPT-6 Astra Pro,2026-10-02,conflicting,True,gb,initial,mobile robot,blue-purple low platform; pale upper unit; dark wheels,wheel count; laser pointer; material; model,
vot,1407,011502d8ce40edc9c644480d5a05ab3b01a20ee7f35358ce63d992450c895766,robot_corridor_occ_1_1,00000201,corrected,mobile robot,blue-purple low platform; pale upper unit; dark wheels,wheel count; laser pointer; material; model,,,初始化索引 200：红框为低矮轮式机器人，不是普通滑板或轮椅。,,,GPT-6 Astra Pro,2026-10-02,conflicting,True,gb,initial,mobile robot,blue-purple low platform; pale upper unit; dark wheels,wheel count; laser pointer; material; model,
vot,1408,426a6466d8fdc73130cdd83906a64ca1641db65b30a7fc7905dd84495c8e50a9,robot_corridor_occ_1_1,00000251,corrected,mobile robot,blue-purple low platform; pale upper unit; dark wheels,wheel count; laser pointer; material; model,,,初始化索引 250：红框为低矮轮式机器人，不是普通滑板或轮椅。,,,GPT-6 Astra Pro,2026-10-02,conflicting,True,gb,initial,mobile robot,blue-purple low platform; pale upper unit; dark wheels,wheel count; laser pointer; material; model,
vot,1409,f849d86396974e2e45ad0305dd8b9733c1982c1e6ea22a2977f2f64b3ade1299,robot_corridor_occ_1_1,00000301,corrected,mobile robot,blue-purple low platform; pale upper unit; dark wheels,wheel count; laser pointer; material; model,,,初始化索引 300：红框为低矮轮式机器人，不是普通滑板或轮椅。,,,GPT-6 Astra Pro,2026-10-02,conflicting,True,gb,initial,mobile robot,blue-purple low platform; pale upper unit; dark wheels,wheel count; laser pointer; material; model,
vot,1410,e008410f3bb522171e13c21802fa24d5defadcf53a65168c655b97a6f27cdd81,robot_corridor_occ_1_1,00000351,supported,mobile robot,blue-purple low platform; pale upper unit; dark wheels,wheel count; laser pointer; material; model,,,初始化索引 350：红框为低矮轮式机器人，不是普通滑板或轮椅。,,,GPT-6 Astra Pro,2026-10-02,conflicting,True,gb,initial,mobile robot,blue-purple low platform; pale upper unit; dark wheels,wheel count; laser pointer; material; model,
vot,1411,de4ab339a1425b928eae794c1c392555e129ed764c179ed80590875efe05af27,robot_corridor_occ_1_1,00000380,corrected,mobile robot,blue-purple side platform; visible wheels; pale upper components,wheel count; laser pointer; material; model,,,初始化索引 379：可見轮式侧面，但没有轮椅靠背和软坐垫依据。,,,GPT-6 Astra Pro,2026-10-02,conflicting,True,gb,initial,mobile robot,blue-purple side platform; visible wheels; pale upper components,wheel count; laser pointer; material; model,
vot,1412,1c5a1270bca45cb2ad2ef08d2a89227956eca52fe29840d049f09933e960afad,robot_human_corridor_noocc_1_B_1,00000001,supported,person,black short-sleeved top; blue-dark trousers; short hair,age; fabric; held object,,平台运动与坐姿只作当前上下文，不作身份属性。,初始化索引 0：红框是坐在轮式平台上的人物，不是平台本身，不能由距离/姿态判断儿童。,,,GPT-6 Astra Pro,2026-10-02,conflicting,True,gb,initial,person,black short-sleeved top; blue-dark trousers; short hair,age; fabric; held object,
vot,1413,abf21fbc7b68f8cb5a7b33eab23436fe6fdbcaeb44469bb59f4014a7c00e0318,robot_human_corridor_noocc_1_B_1,00000051,corrected,person,black short-sleeved top; blue-dark trousers; short hair,age; fabric; held object,,平台运动与坐姿只作当前上下文，不作身份属性。,初始化索引 50：红框是坐在轮式平台上的人物，不是平台本身，不能由距离/姿态判断儿童。,,,GPT-6 Astra Pro,2026-10-02,conflicting,True,gb,initial,person,black short-sleeved top; blue-dark trousers; short hair,age; fabric; held object,
vot,1414,cfb210c4ab031625b109fb585de43b8a42f3a394d8bb544a2384d61ac8e81964,robot_human_corridor_noocc_1_B_1,00000101,supported,person,black short-sleeved top; blue-dark trousers; short hair,age; fabric; held object,,平台运动与坐姿只作当前上下文，不作身份属性。,初始化索引 100：红框是坐在轮式平台上的人物，不是平台本身，不能由距离/姿态判断儿童。,,,GPT-6 Astra Pro,2026-10-02,conflicting,True,gb,initial,person,black short-sleeved top; blue-dark trousers; short hair,age; fabric; held object,
vot,1415,fab0fdc4e587da916ad342803c7054712b3fe5a7a31ff1c33e8105dd18018034,robot_human_corridor_noocc_1_B_1,00000151,corrected,person,black short-sleeved top; blue-dark trousers; short hair,age; fabric; held object,,平台运动与坐姿只作当前上下文，不作身份属性。,初始化索引 150：目标为黑短袖人物，手旁小件不够清晰，不能确认拐杖或相机。,,,GPT-6 Astra Pro,2026-10-02,conflicting,True,gb,initial,person,black short-sleeved top; blue-dark trousers; short hair,age; fabric; held object,
vot,1416,158487470bd92847358226f0a7fe3e885e17526cbb509b186fd1f60e20fdb0b1,robot_human_corridor_noocc_1_B_1,00000201,corrected,person,black short-sleeved top; blue-dark trousers; short hair,age; fabric; held object,,平台运动与坐姿只作当前上下文，不作身份属性。,初始化索引 200：目标为黑短袖人物，手旁小件不够清晰，不能确认拐杖或相机。,,,GPT-6 Astra Pro,2026-10-02,conflicting,True,gb,initial,person,black short-sleeved top; blue-dark trousers; short hair,age; fabric; held object,
vot,1417,d15aad0a81e6396caf29fee65120d8ee50daf1e5af0da7085befe4eeebc0e161,robot_human_corridor_noocc_1_B_1,00000251,corrected,person,black short-sleeved top; blue-dark trousers; short hair,age; fabric; held object,,平台运动与坐姿只作当前上下文，不作身份属性。,初始化索引 250：目标穿黑短袖，不是已确认的夹克；承载平台也不直接判为玩具车。,,,GPT-6 Astra Pro,2026-10-02,conflicting,True,gb,initial,person,black short-sleeved top; blue-dark trousers; short hair,age; fabric; held object,
vot,1418,82e1a0733d6ba03ca104f326bee17758ba6d0f9d9a0068edb6898dde726efb74,robot_human_corridor_noocc_1_B_1,00000301,supported,person,black short-sleeved top; dark lower clothing; short-hair rear or side silhouette,age; fabric; held object,,平台运动与坐姿只作当前上下文，不作身份属性。,初始化索引 300：红框是坐在轮式平台上的人物，不是平台本身，不能由距离/姿态判断儿童。,,,GPT-6 Astra Pro,2026-10-02,conflicting,True,gb,initial,person,black short-sleeved top; dark lower clothing; short-hair rear or side silhouette,age; fabric; held object,
vot,1419,c452a90d50d4812a0e7599084fad21e3e209690e00009514b174681a13d588df,robot_human_corridor_noocc_1_B_1,00000351,supported,person,black short-sleeved top; dark lower clothing; short-hair rear or side silhouette,age; fabric; held object,,平台运动与坐姿只作当前上下文，不作身份属性。,初始化索引 350：红框是坐在轮式平台上的人物，不是平台本身，不能由距离/姿态判断儿童。,,,GPT-6 Astra Pro,2026-10-02,conflicting,True,gb,initial,person,black short-sleeved top; dark lower clothing; short-hair rear or side silhouette,age; fabric; held object,
vot,1420,fac5fd8971e176f1f4300ede16bd5ecc5a8c8ab5ada4dd4e5983ed6713f63cbf,robot_human_corridor_noocc_1_B_1,00000401,supported,person,black short-sleeved top; dark lower clothing; short-hair rear or side silhouette,age; fabric; held object,,平台运动与坐姿只作当前上下文，不作身份属性。,初始化索引 400：红框是坐在轮式平台上的人物，不是平台本身，不能由距离/姿态判断儿童。,,,GPT-6 Astra Pro,2026-10-02,conflicting,True,gb,initial,person,black short-sleeved top; dark lower clothing; short-hair rear or side silhouette,age; fabric; held object,
vot,1421,3ac3e156507f889af03230a952e1b3feddd33fb700165e63f11e9dfc4b03005a,robot_human_corridor_noocc_1_B_1,00000451,corrected,person,black short-sleeved top; dark lower clothing; short-hair rear or side silhouette,age; fabric; held object,,平台运动与坐姿只作当前上下文，不作身份属性。,初始化索引 450：红框是坐在轮式平台上的人物，不是平台本身，不能由距离/姿态判断儿童。,,,GPT-6 Astra Pro,2026-10-02,conflicting,True,gb,initial,person,black short-sleeved top; dark lower clothing; short-hair rear or side silhouette,age; fabric; held object,
vot,1422,8abfbce7775d7ca269d7b28c60dafd59e0472ba5b7586a63b5f814d3d0b47c5a,robot_human_corridor_noocc_1_B_1,00000501,supported,person,black short-sleeved top; dark lower clothing; short-hair rear or side silhouette,age; fabric; held object,,平台运动与坐姿只作当前上下文，不作身份属性。,初始化索引 500：红框是坐在轮式平台上的人物，不是平台本身，不能由距离/姿态判断儿童。,,,GPT-6 Astra Pro,2026-10-02,conflicting,True,gb,initial,person,black short-sleeved top; dark lower clothing; short-hair rear or side silhouette,age; fabric; held object,
vot,1423,6f80029d9c9949aeab8f908a3ce37dddfc26ce472175281307611fce802d4d54,robot_human_corridor_noocc_1_B_1,00000551,supported,person,black short-sleeved top; dark lower clothing; short-hair rear or side silhouette,age; fabric; held object,,平台运动与坐姿只作当前上下文，不作身份属性。,初始化索引 550：红框是坐在轮式平台上的人物，不是平台本身，不能由距离/姿态判断儿童。,,,GPT-6 Astra Pro,2026-10-02,conflicting,True,gb,initial,person,black short-sleeved top; dark lower clothing; short-hair rear or side silhouette,age; fabric; held object,
vot,1424,8c2d6136ff723efb6d69b5838002db7865a02d94a8440b061e17d3f81519498a,robot_human_corridor_noocc_1_B_1,00000601,corrected,person,black short-sleeved top; blue-dark trousers; short hair,age; fabric; held object,,平台运动与坐姿只作当前上下文，不作身份属性。,初始化索引 600：红框是坐在轮式平台上的人物，不是平台本身，不能由距离/姿态判断儿童。,,,GPT-6 Astra Pro,2026-10-02,conflicting,True,gb,initial,person,black short-sleeved top; blue-dark trousers; short hair,age; fabric; held object,
vot,1425,b39f706e8fcd0361dd4e7ab73a9cdb8ef56f8206930fd85cfc222efe22a7ee99,robot_human_corridor_noocc_1_B_1,00000651,supported,person,black short-sleeved top; blue-dark trousers; short hair,age; fabric; held object,,平台运动与坐姿只作当前上下文，不作身份属性。,初始化索引 650：红框是坐在轮式平台上的人物，不是平台本身，不能由距离/姿态判断儿童。,,,GPT-6 Astra Pro,2026-10-02,conflicting,True,gb,initial,person,black short-sleeved top; blue-dark trousers; short hair,age; fabric; held object,
vot,1426,b89f15deb3f5e3c12971824357ecfac3928de1ec0159290f75b7eaaac221074a,robot_human_corridor_noocc_1_B_1,00000701,supported,person,black short-sleeved top; dark lower clothing; short-hair rear or side silhouette,age; fabric; held object,,平台运动与坐姿只作当前上下文，不作身份属性。,初始化索引 700：红框是坐在轮式平台上的人物，不是平台本身，不能由距离/姿态判断儿童。,,,GPT-6 Astra Pro,2026-10-02,conflicting,True,gb,initial,person,black short-sleeved top; dark lower clothing; short-hair rear or side silhouette,age; fabric; held object,
vot,1427,960058e9e64c0bbcb1fdf66b859a90b28a662d26f4698c74addb8739c47d2767,robot_human_corridor_noocc_1_B_1,00000751,supported,person,black short-sleeved top; dark lower clothing; short-hair rear or side silhouette,age; fabric; held object,,平台运动与坐姿只作当前上下文，不作身份属性。,初始化索引 750：红框是坐在轮式平台上的人物，不是平台本身，不能由距离/姿态判断儿童。,,,GPT-6 Astra Pro,2026-10-02,conflicting,True,gb,initial,person,black short-sleeved top; dark lower clothing; short-hair rear or side silhouette,age; fabric; held object,
vot,1428,d363e1833e00531d0a6e12999ebbefb189d539c674a8dbd2a14034337957a356,robot_human_corridor_noocc_1_B_1,00000801,corrected,person,black short-sleeved top; dark lower clothing; short-hair rear or side silhouette,age; fabric; held object,,平台运动与坐姿只作当前上下文，不作身份属性。,初始化索引 800：红框是坐在轮式平台上的人物，不是平台本身，不能由距离/姿态判断儿童。,,,GPT-6 Astra Pro,2026-10-02,conflicting,True,gb,initial,person,black short-sleeved top; dark lower clothing; short-hair rear or side silhouette,age; fabric; held object,
vot,1429,c94848b58d2adbc301c7f62b8d057b6f9aa0c6329e46762b879e60469268e044,robot_human_corridor_noocc_1_B_1,00000851,supported,person,black short-sleeved top; dark lower clothing; short-hair rear or side silhouette,age; fabric; held object,,平台运动与坐姿只作当前上下文，不作身份属性。,初始化索引 850：红框是坐在轮式平台上的人物，不是平台本身，不能由距离/姿态判断儿童。,,,GPT-6 Astra Pro,2026-10-02,conflicting,True,gb,initial,person,black short-sleeved top; dark lower clothing; short-hair rear or side silhouette,age; fabric; held object,
vot,1430,66d73946b0e845912277f4354b36321827bf7f6d64ecdfdfe3889761c701270a,robot_human_corridor_noocc_1_B_1,00000897,supported,person,black short-sleeved top; dark lower clothing; short-hair rear or side silhouette,age; fabric; held object,,平台运动与坐姿只作当前上下文，不作身份属性。,初始化索引 896：红框是坐在轮式平台上的人物，不是平台本身，不能由距离/姿态判断儿童。,,,GPT-6 Astra Pro,2026-10-02,conflicting,True,gb,initial,person,black short-sleeved top; dark lower clothing; short-hair rear or side silhouette,age; fabric; held object,
vot,1431,abe139fc788fc6d51c1e7fa5171a8191b8f0e83367b3d540d766dd7d3677e2ea,robot_lab_occ_1,00000001,corrected,mobile robot,gray frame; dark platform; patterned wheels; circular upper parts,material; sensor function; wheel count; print,,,初始化索引 0：红框为带轮框架机器人，而非单独板件/黄色部件，不推定传感器型号。,,,GPT-6 Astra Pro,2026-10-02,conflicting,True,gb,initial,mobile robot,gray frame; dark platform; patterned wheels; circular upper parts,material; sensor function; wheel count; print,
vot,1432,6192ca8ee55993931813545c3fce694bf139d84d2bbfca09c0bf3716a3b19f94,robot_lab_occ_1,00000051,corrected,mobile robot,gray frame; dark platform; patterned wheels; circular upper parts,material; sensor function; wheel count; print,,,初始化索引 50：红框为带轮框架机器人，而非单独板件/黄色部件，不推定传感器型号。,,,GPT-6 Astra Pro,2026-10-02,conflicting,True,gb,initial,mobile robot,gray frame; dark platform; patterned wheels; circular upper parts,material; sensor function; wheel count; print,
vot,1433,e5651d99caa22ec2b802f629c85d7185ffea45641e0cdc1f417a4c413d72f0bb,robot_lab_occ_1,00000101,corrected,mobile robot,gray frame; dark platform; patterned wheels; circular upper parts,material; sensor function; wheel count; print,,,初始化索引 100：红框为带轮框架机器人，而非单独板件/黄色部件，不推定传感器型号。,,,GPT-6 Astra Pro,2026-10-02,conflicting,True,gb,initial,mobile robot,gray frame; dark platform; patterned wheels; circular upper parts,material; sensor function; wheel count; print,
vot,1434,d33078dfc905fe7d39c3424ddc44b172c437be17241bae006144593c67c3d885,robot_lab_occ_1,00000151,supported,mobile robot,gray frame; dark platform; patterned wheels; circular upper parts,material; sensor function; wheel count; print,,,初始化索引 150：红框为带轮框架机器人，而非单独板件/黄色部件，不推定传感器型号。,,,GPT-6 Astra Pro,2026-10-02,conflicting,True,gb,initial,mobile robot,gray frame; dark platform; patterned wheels; circular upper parts,material; sensor function; wheel count; print,
vot,1435,d1575c8a265b45a8688511d482877dca000836f212ff8428ebed14f73571c1f9,robot_lab_occ_1,00000201,corrected,mobile robot,gray frame; dark platform; patterned wheels; circular upper parts,material; sensor function; wheel count; print,,,初始化索引 200：红框为带轮框架机器人，而非单独板件/黄色部件，不推定传感器型号。,,,GPT-6 Astra Pro,2026-10-02,conflicting,True,gb,initial,mobile robot,gray frame; dark platform; patterned wheels; circular upper parts,material; sensor function; wheel count; print,
vot,1436,df0d1075db4a95d3835d3b71c8a441f7c16979e868478482b1d362b78155eabc,robot_lab_occ_1,00000251,corrected,mobile robot,gray frame; dark platform; patterned wheels; circular upper parts,material; sensor function; wheel count; print,,,初始化索引 250：红框为带轮框架机器人，而非单独板件/黄色部件，不推定传感器型号。,,,GPT-6 Astra Pro,2026-10-02,conflicting,True,gb,initial,mobile robot,gray frame; dark platform; patterned wheels; circular upper parts,material; sensor function; wheel count; print,
vot,1437,4b595a184fe987453534036fe1987956d472374f8eb531183812476dd1ab9319,robot_lab_occ_1,00000301,corrected,mobile robot,gray open frame; yellow rounded panel; dark wheel platform,material; sensor function; wheel count; print,,,初始化索引 300：黄圆件附在灰色机器人上，不是单独黄球；具体功能未知。,,,GPT-6 Astra Pro,2026-10-02,conflicting,True,gb,initial,mobile robot,gray open frame; yellow rounded panel; dark wheel platform,material; sensor function; wheel count; print,
vot,1438,5f4a99c7baff2eb6ab57d4d9d8359c52e9b979ab76896a1e34af3849d510660f,robot_lab_occ_1,00000351,supported,mobile robot,gray open frame; yellow rounded panel; dark wheel platform,material; sensor function; wheel count; print,,,初始化索引 350：黄圆件附在灰色机器人上，不是单独黄球；具体功能未知。,,,GPT-6 Astra Pro,2026-10-02,conflicting,True,gb,initial,mobile robot,gray open frame; yellow rounded panel; dark wheel platform,material; sensor function; wheel count; print,
vot,1439,21c07b9a2bb76cbc81c4bef916a1b5165de3030a28caae1250b4e7f2a6de5011,robot_lab_occ_1,00000401,corrected,mobile robot,gray open frame; yellow rounded panel; dark wheel platform,material; sensor function; wheel count; print,,,初始化索引 400：黄圆件附在灰色机器人上，不是单独黄球；具体功能未知。,,,GPT-6 Astra Pro,2026-10-02,conflicting,True,gb,initial,mobile robot,gray open frame; yellow rounded panel; dark wheel platform,material; sensor function; wheel count; print,
vot,1440,a1e0cd3255dc8fe6c4923b4b91bcf79ed233b5eb744613a9dd24c126d64e9246,robot_lab_occ_1,00000451,corrected,mobile robot,gray upper rails and frame; yellow round panel; dark lower parts,material; sensor function; wheel count; print,,,初始化索引 450：本帧靠近镜头且下部有裁切，不补不可見轮数。,,,GPT-6 Astra Pro,2026-10-02,conflicting,True,gb,initial,mobile robot,gray upper rails and frame; yellow round panel; dark lower parts,material; sensor function; wheel count; print,
vot,1441,4d0e260e65f9f0ce77dbb185ba051d4813e580382c094a55a7d950892d764e49,robot_lab_occ_1,00000501,corrected,mobile robot,gray open frame; yellow rounded panel; dark wheel platform,material; sensor function; wheel count; print,,,初始化索引 500：黄圆件附在灰色机器人上，不是单独黄球；具体功能未知。,,,GPT-6 Astra Pro,2026-10-02,conflicting,True,gb,initial,mobile robot,gray open frame; yellow rounded panel; dark wheel platform,material; sensor function; wheel count; print,
vot,1442,6f22cfb65469a64fffe693acc1355e4aa86264d2d245cdbd39798133aff15707,robot_lab_occ_1,00000551,corrected,mobile robot,gray open frame; yellow rounded panel; dark wheel platform,material; sensor function; wheel count; print,,,初始化索引 550：黄圆件附在灰色机器人上，不是单独黄球；具体功能未知。,,,GPT-6 Astra Pro,2026-10-02,conflicting,True,gb,initial,mobile robot,gray open frame; yellow rounded panel; dark wheel platform,material; sensor function; wheel count; print,
vot,1443,8919725f0ce3567a710030dde066aed3307f86354ef570b12f06d5f0f91b1daa,robot_lab_occ_1,00000601,corrected,mobile robot,gray open frame; yellow rounded panel; dark wheel platform,material; sensor function; wheel count; print,,,初始化索引 600：黄圆件附在灰色机器人上，不是单独黄球；具体功能未知。,,,GPT-6 Astra Pro,2026-10-02,conflicting,True,gb,initial,mobile robot,gray open frame; yellow rounded panel; dark wheel platform,material; sensor function; wheel count; print,
vot,1444,30de058677214291d4dcd5d22f21816f35cc9a72f11a8bf8ff5cbd17226b70e4,robot_lab_occ_1,00000651,supported,mobile robot,gray open frame; yellow rounded panel; dark wheel platform,material; sensor function; wheel count; print,,,初始化索引 650：黄圆件附在灰色机器人上，不是单独黄球；具体功能未知。,,,GPT-6 Astra Pro,2026-10-02,conflicting,True,gb,initial,mobile robot,gray open frame; yellow rounded panel; dark wheel platform,material; sensor function; wheel count; print,
vot,1445,c9bda5c9f76d561e91cd8a353ad52481581960fdb2c7fadba88fd4eef43dabe2,robot_lab_occ_1,00000701,corrected,mobile robot,gray open frame; yellow rounded panel; dark wheel platform,material; sensor function; wheel count; print,,,初始化索引 700：黄圆件附在灰色机器人上，不是单独黄球；具体功能未知。,,,GPT-6 Astra Pro,2026-10-02,conflicting,True,gb,initial,mobile robot,gray open frame; yellow rounded panel; dark wheel platform,material; sensor function; wheel count; print,
vot,1446,8b0fa17350e67ee8619729bdf97fe0272940817b7bc74a2668a0924d163ea5cd,robot_lab_occ_1,00000751,corrected,mobile robot,gray frame; dark platform; patterned wheels; circular upper parts,material; sensor function; wheel count; print,,,初始化索引 750：红框为带轮框架机器人，而非单独板件/黄色部件，不推定传感器型号。,,,GPT-6 Astra Pro,2026-10-02,conflicting,True,gb,initial,mobile robot,gray frame; dark platform; patterned wheels; circular upper parts,material; sensor function; wheel count; print,
vot,1447,47fa45ec79fdfb04a4f15171393958016415bc0f6b88cd2797b9d3358ed9065c,robot_lab_occ_1,00000801,corrected,mobile robot,gray frame; dark platform; patterned wheels; circular upper parts,material; sensor function; wheel count; print,,,初始化索引 800：红框为带轮框架机器人，而非单独板件/黄色部件，不推定传感器型号。,,,GPT-6 Astra Pro,2026-10-02,conflicting,True,gb,initial,mobile robot,gray frame; dark platform; patterned wheels; circular upper parts,material; sensor function; wheel count; print,
vot,1448,abf25eac2c8e61e90ab32bf4dadea6a426f5efeef3a54c9eeba34023cdc4352a,robot_lab_occ_1,00000851,corrected,mobile robot,gray frame; dark platform; patterned wheels; circular upper parts,material; sensor function; wheel count; print,,,初始化索引 850：红框为带轮框架机器人，而非单独板件/黄色部件，不推定传感器型号。,,,GPT-6 Astra Pro,2026-10-02,conflicting,True,gb,initial,mobile robot,gray frame; dark platform; patterned wheels; circular upper parts,material; sensor function; wheel count; print,
vot,1449,8dfada77fde875ab5309d927bd8de33a9e8765fc8fa1e700aab263980eca477c,robot_lab_occ_1,00000901,supported,mobile robot,gray frame; dark platform; patterned wheels; circular upper parts,material; sensor function; wheel count; print,,,初始化索引 900：红框为带轮框架机器人，而非单独板件/黄色部件，不推定传感器型号。,,,GPT-6 Astra Pro,2026-10-02,conflicting,True,gb,initial,mobile robot,gray frame; dark platform; patterned wheels; circular upper parts,material; sensor function; wheel count; print,
vot,1450,e76e5558e34a3a28d286e0989b253d104fa8ecdc92bae48ae0f7c86d58872667,robot_lab_occ_1,00000951,corrected,mobile robot,gray open frame; yellow rounded panel; dark wheel platform,material; sensor function; wheel count; print,,,初始化索引 950：黄圆件附在灰色机器人上，不是单独黄球；具体功能未知。,,,GPT-6 Astra Pro,2026-10-02,conflicting,True,gb,initial,mobile robot,gray open frame; yellow rounded panel; dark wheel platform,material; sensor function; wheel count; print,
vot,1451,ba99cb253234bd2275c9c1820e497bc123c998108de9d16a1c6827bc6ea427e0,robot_lab_occ_1,00001007,corrected,mobile robot,gray open frame; yellow rounded panel; dark wheel platform,material; sensor function; wheel count; print,,,初始化索引 1006：黄圆件附在灰色机器人上，不是单独黄球；具体功能未知。,,,GPT-6 Astra Pro,2026-10-02,conflicting,True,gb,initial,mobile robot,gray open frame; yellow rounded panel; dark wheel platform,material; sensor function; wheel count; print,
vot,1452,d41fa9576bdfc19ad326ffc3ef07eeaaf13e365dba3847d2d42580b4885493db,roller_indoor_1,00000001,uncertain,object,dark circular center; short side projections,function; handles; material; category,,概览能见轮廓变化但很暗，不按名称确认健身滚轮。,初始化索引 0：低光圆盘状小物部分有侧向突出，不能确定滚轮用途，不支持水果、灯或遥控器。,,,GPT-6 Astra Pro,2026-10-02,conflicting,True,gb,initial,roller,dark circular center; short side projections,function; handles; material; category,
vot,1453,284fabe8f653ff61219c6716328e3b7607483c0559133859f9cb50dc3f0fb3a6,roller_indoor_1,00000051,uncertain,object,very dark partly merged patch,function; handles; material; category,,概览能见轮廓变化但很暗，不按名称确认健身滚轮。,初始化索引 50：目标与暗桌/边缘融合，用途不清，不当背景屏或桌面。,,,GPT-6 Astra Pro,2026-10-02,conflicting,True,gb,initial,roller,very dark partly merged patch,function; handles; material; category,
vot,1454,68f6fbed4841cb0b00c69099dc29494f37011e3b349dd3b5a9094323bb3cbec8,roller_indoor_1,00000101,uncertain,object,dark circular center; short side projections,function; handles; material; category,,概览能见轮廓变化但很暗，不按名称确认健身滚轮。,初始化索引 100：低光圆盘状小物部分有侧向突出，不能确定滚轮用途，不支持水果、灯或遥控器。,,,GPT-6 Astra Pro,2026-10-02,conflicting,True,gb,initial,roller,dark circular center; short side projections,function; handles; material; category,
vot,1455,b521d627e893ad1b656b04eddc0c876d5d9e6d6579eece76f91b021d5f75ee08,roller_indoor_1,00000151,uncertain,object,dark circular center; short side projections,function; handles; material; category,,概览能见轮廓变化但很暗，不按名称确认健身滚轮。,初始化索引 150：低光圆盘状小物部分有侧向突出，不能确定滚轮用途，不支持水果、灯或遥控器。,,,GPT-6 Astra Pro,2026-10-02,conflicting,True,gb,initial,roller,dark circular center; short side projections,function; handles; material; category,
vot,1456,59f4fc1513dcdd6137fc6494f61445e943ea2d32bf290c5dfd0081624529174f,roller_indoor_1,00000163,uncertain,object,very dark partly merged patch,function; handles; material; category,,概览能见轮廓变化但很暗，不按名称确认健身滚轮。,初始化索引 162：目标与暗桌/边缘融合，用途不清，不当背景屏或桌面。,,,GPT-6 Astra Pro,2026-10-02,conflicting,True,gb,initial,roller,very dark partly merged patch,function; handles; material; category,
vot,1457,80dccb5be2a87b45113ee13d524d95e8421dc626a2d9531afc7fd02e39b3d2bc,roller_indoor_2,00000001,uncertain,object,dark circular center; short side projections,function; handles; material; category,,概览能见轮廓变化但很暗，不按名称确认健身滚轮。,初始化索引 0：低光圆盘状小物部分有侧向突出，不能确定滚轮用途，不支持水果、灯或遥控器。,,,GPT-6 Astra Pro,2026-10-02,conflicting,True,gb,initial,roller,dark circular center; short side projections,function; handles; material; category,
vot,1458,300e614eb301e0212e89a0ccc3e244eba4e368b31ef529f607d9bf2106fb3e7c,roller_indoor_2,00000051,uncertain,object,dark circular center; short side projections,function; handles; material; category,,概览能见轮廓变化但很暗，不按名称确认健身滚轮。,初始化索引 50：低光圆盘状小物部分有侧向突出，不能确定滚轮用途，不支持水果、灯或遥控器。,,,GPT-6 Astra Pro,2026-10-02,conflicting,True,gb,initial,roller,dark circular center; short side projections,function; handles; material; category,
vot,1459,94a9f229538a42415151abbd0dc7000f2a1e6ae28e13f0a40fe3993c7824e2aa,roller_indoor_2,00000102,uncertain,object,very dark partly merged patch,function; handles; material; category,,概览能见轮廓变化但很暗，不按名称确认健身滚轮。,初始化索引 101：目标与暗桌/边缘融合，用途不清，不当背景屏或桌面。,,,GPT-6 Astra Pro,2026-10-02,conflicting,True,gb,initial,roller,very dark partly merged patch,function; handles; material; category,
vot,1460,13b4f94d6296502097777c00ee267baa0298491c52b890a03c883cbee839f48b,roller_indoor_4,00000001,uncertain,object,very dark partly merged patch,function; handles; material; category,,概览能见轮廓变化但很暗，不按名称确认健身滚轮。,初始化索引 0：目标与暗桌/边缘融合，用途不清，不当背景屏或桌面。,,,GPT-6 Astra Pro,2026-10-02,conflicting,True,gb,initial,roller,very dark partly merged patch,function; handles; material; category,
vot,1461,6402b8895b7f556a769ed499ad3567a8ed7e8c83f0e0a54ed80329db1b1a7c51,roller_indoor_4,00000051,uncertain,object,very dark partly merged patch,function; handles; material; category,,概览能见轮廓变化但很暗，不按名称确认健身滚轮。,初始化索引 50：目标与暗桌/边缘融合，用途不清，不当背景屏或桌面。,,,GPT-6 Astra Pro,2026-10-02,conflicting,True,gb,initial,roller,very dark partly merged patch,function; handles; material; category,
vot,1462,d41657410d19f693908000e3d87c3b225051b5ac0f6e32b7296f10b7f771f709,roller_indoor_4,00000109,uncertain,object,very dark partly merged patch,function; handles; material; category,,概览能见轮廓变化但很暗，不按名称确认健身滚轮。,初始化索引 108：目标与暗桌/边缘融合，用途不清，不当背景屏或桌面。,,,GPT-6 Astra Pro,2026-10-02,conflicting,True,gb,initial,roller,very dark partly merged patch,function; handles; material; category,
vot,1463,cb0a6c104e625fbad9645013a277a15c97b0e4083a24af6533c06c23fb060c06,shoes02_indoor_1,00000001,supported,shoe,dark blue-black low-cut shoe; laces; curved sole,material; model,,近邻有抬脚脱鞋取鞋，左右与姿态不作永久身份。,初始化索引 0：红框为一只鞋，不是黑袜或另一只相似鞋，不确认皮革/橡胶成分。,,,GPT-6 Astra Pro,2026-10-02,conflicting,True,gb,initial,shoe,dark blue-black low-cut shoe; laces; curved sole,material; model,
vot,1464,fffd400a7428017ff02b8939ee2c7e43883519679d9be512af83de07921d6c16,shoes02_indoor_1,00000051,supported,shoe,dark blue-black low-cut shoe; laces; curved sole,material; model,,近邻有抬脚脱鞋取鞋，左右与姿态不作永久身份。,初始化索引 50：红框为一只鞋，不是黑袜或另一只相似鞋，不确认皮革/橡胶成分。,,,GPT-6 Astra Pro,2026-10-02,conflicting,True,gb,initial,shoe,dark blue-black low-cut shoe; laces; curved sole,material; model,
vot,1465,7707069c5abef6508a88ed7fd81ea23edf5329aa8122cb968c61ed82785c4d66,shoes02_indoor_1,00000101,corrected,shoe,dark blue-black low-cut shoe; laces; curved sole,material; model,,近邻有抬脚脱鞋取鞋，左右与姿态不作永久身份。,初始化索引 100：红框为一只鞋，不是黑袜或另一只相似鞋，不确认皮革/橡胶成分。,,,GPT-6 Astra Pro,2026-10-02,conflicting,True,gb,initial,shoe,dark blue-black low-cut shoe; laces; curved sole,material; model,
vot,1466,69a77ca64a4be70de2256a407abba5a524a17ef48bae6e931368e3ea5a4c73f3,shoes02_indoor_1,00000151,supported,shoe,dark blue-black low-cut shoe; laces; curved sole,material; model,,近邻有抬脚脱鞋取鞋，左右与姿态不作永久身份。,初始化索引 150：红框为一只鞋，不是黑袜或另一只相似鞋，不确认皮革/橡胶成分。,,,GPT-6 Astra Pro,2026-10-02,conflicting,True,gb,initial,shoe,dark blue-black low-cut shoe; laces; curved sole,material; model,
vot,1467,58ced6cad761f05b01878a5144a0a185127f200c0ae29a62f2e25912b9175e70,shoes02_indoor_1,00000201,uncertain,shoe,dark blurred shoe-like outline,material; model,,近邻有抬脚脱鞋取鞋，左右与姿态不作永久身份。,初始化索引 200：鞋在移动/被拿起，类别借近邻结构辅助，不将袜或手混作目标。,,,GPT-6 Astra Pro,2026-10-02,conflicting,True,gb,initial,shoe,dark blurred shoe-like outline,material; model,
vot,1468,cb1fc3ff8f162d455661771cb8d5df15a04508105560fc8c9f0f80899d3f1e13,shoes02_indoor_1,00000251,uncertain,shoe,dark blurred shoe-like outline,material; model,,近邻有抬脚脱鞋取鞋，左右与姿态不作永久身份。,初始化索引 250：鞋在移动/被拿起，类别借近邻结构辅助，不将袜或手混作目标。,,,GPT-6 Astra Pro,2026-10-02,conflicting,True,gb,initial,shoe,dark blurred shoe-like outline,material; model,
vot,1469,a1493d867530c02ac9a25a05ac690193b0bb2ac1050daa11a9f902d462d08295,shoes02_indoor_1,00000301,supported,shoe,dark blue-black low-cut shoe; laces; curved sole,material; model,,近邻有抬脚脱鞋取鞋，左右与姿态不作永久身份。,初始化索引 300：红框为一只鞋，不是黑袜或另一只相似鞋，不确认皮革/橡胶成分。,,,GPT-6 Astra Pro,2026-10-02,conflicting,True,gb,initial,shoe,dark blue-black low-cut shoe; laces; curved sole,material; model,
vot,1470,8cc5592c6f25061ad532e92cdf00c268352166b42af65f57287eddace63dce45,shoes02_indoor_1,00000351,supported,shoe,dark blue-black low-cut shoe; laces; curved sole,material; model,,近邻有抬脚脱鞋取鞋，左右与姿态不作永久身份。,初始化索引 350：红框为一只鞋，不是黑袜或另一只相似鞋，不确认皮革/橡胶成分。,,,GPT-6 Astra Pro,2026-10-02,conflicting,True,gb,initial,shoe,dark blue-black low-cut shoe; laces; curved sole,material; model,
vot,1471,cd87106ca5f500020994a5c0dd5cc8774871657f81572bf43b263f695ecf9a66,shoes02_indoor_1,00000401,supported,shoe,dark blue-black low-cut shoe; laces; curved sole,material; model,,近邻有抬脚脱鞋取鞋，左右与姿态不作永久身份。,初始化索引 400：红框为一只鞋，不是黑袜或另一只相似鞋，不确认皮革/橡胶成分。,,,GPT-6 Astra Pro,2026-10-02,conflicting,True,gb,initial,shoe,dark blue-black low-cut shoe; laces; curved sole,material; model,
vot,1472,b0f7c51d40a9c6bd2152dddb996195213e6a9236b24656a327ec1234063b66fb,shoes02_indoor_1,00000451,corrected,shoe,dark blue-black sole; patterned tread; elongated shoe outline,material; model,,近邻有抬脚脱鞋取鞋，左右与姿态不作永久身份。,初始化索引 450：本帧翻起鞋底，纹样可见但材料成分未知。,,,GPT-6 Astra Pro,2026-10-02,conflicting,True,gb,initial,shoe,dark blue-black sole; patterned tread; elongated shoe outline,material; model,
vot,1473,f40bf783f956aa25fdd5e362024c70285a2db106b9090d7293afb07f0732e702,shoes02_indoor_1,00000501,corrected,shoe,dark blue-black low-cut shoe; laces; curved sole,material; model,,近邻有抬脚脱鞋取鞋，左右与姿态不作永久身份。,初始化索引 500：红框为一只鞋，不是黑袜或另一只相似鞋，不确认皮革/橡胶成分。,,,GPT-6 Astra Pro,2026-10-02,conflicting,True,gb,initial,shoe,dark blue-black low-cut shoe; laces; curved sole,material; model,
vot,1474,6ff6a43afdf00dc77e1caff75ffb1fd9407101fe0394d87b353000b4b5f0df04,shoes02_indoor_1,00000551,supported,shoe,dark blue-black low-cut shoe; laces; curved sole,material; model,,近邻有抬脚脱鞋取鞋，左右与姿态不作永久身份。,初始化索引 550：红框为一只鞋，不是黑袜或另一只相似鞋，不确认皮革/橡胶成分。,,,GPT-6 Astra Pro,2026-10-02,conflicting,True,gb,initial,shoe,dark blue-black low-cut shoe; laces; curved sole,material; model,
vot,1475,1ddbc3ceb741dc9fa175d4a7f0b17187490e75cce73a93fec5eda353c52e5282,shoes02_indoor_1,00000614,uncertain,shoe,dark blurred shoe-like outline,material; model,,近邻有抬脚脱鞋取鞋，左右与姿态不作永久身份。,初始化索引 613：鞋在移动/被拿起，类别借近邻结构辅助，不将袜或手混作目标。,,,GPT-6 Astra Pro,2026-10-02,conflicting,True,gb,initial,shoe,dark blurred shoe-like outline,material; model,
vot,1476,d7563d48e4ce7609e4f8f4c4534487ad8c369b1500fb3292fe5fcf3eb51f2d8a,shoes02_indoor_2,00000001,supported,shoe,dark blue-black low-cut shoe; laces; curved sole,material; model,,近邻有抬脚脱鞋取鞋，左右与姿态不作永久身份。,初始化索引 0：红框为一只鞋，不是黑袜或另一只相似鞋，不确认皮革/橡胶成分。,,,GPT-6 Astra Pro,2026-10-02,conflicting,True,gb,initial,shoe,dark blue-black low-cut shoe; laces; curved sole,material; model,
vot,1477,6ece2f4dfdf0aebe0d3942460233291693ddf05ea2ed665f61963a179bc67ccc,shoes02_indoor_2,00000051,supported,shoe,dark blue-black low-cut shoe; laces; curved sole,material; model,,近邻有抬脚脱鞋取鞋，左右与姿态不作永久身份。,初始化索引 50：红框为一只鞋，不是黑袜或另一只相似鞋，不确认皮革/橡胶成分。,,,GPT-6 Astra Pro,2026-10-02,conflicting,True,gb,initial,shoe,dark blue-black low-cut shoe; laces; curved sole,material; model,
vot,1478,4e7850c342cfaf4f51821116d79df59b010c57938e12b2141509fa85b6eba090,shoes02_indoor_2,00000101,supported,shoe,dark blue-black low-cut shoe; laces; curved sole,material; model,,近邻有抬脚脱鞋取鞋，左右与姿态不作永久身份。,初始化索引 100：红框为一只鞋，不是黑袜或另一只相似鞋，不确认皮革/橡胶成分。,,,GPT-6 Astra Pro,2026-10-02,conflicting,True,gb,initial,shoe,dark blue-black low-cut shoe; laces; curved sole,material; model,
vot,1479,4c14b1398a9a95ddf140d2e75855fcbdf88ffcd64f130d515d8820c130f7b5ca,shoes02_indoor_2,00000111,supported,shoe,dark blue-black low-cut shoe; laces; curved sole,material; model,,近邻有抬脚脱鞋取鞋，左右与姿态不作永久身份。,初始化索引 110：红框为一只鞋，不是黑袜或另一只相似鞋，不确认皮革/橡胶成分。,,,GPT-6 Astra Pro,2026-10-02,conflicting,True,gb,initial,shoe,dark blue-black low-cut shoe; laces; curved sole,material; model,
vot,1480,4d1025440d2194944ab5fed7b4dbdb5999661ac5c16a2fca80e24d8a7be60559,squirrel_wild_1,00000001,corrected,squirrel,reddish-brown furry body; bushy tail,species; fine markings,,近邻/概览支持松鼠式体尾，不硬判跨帧个体对应。,初始化索引 0：红框为有长蓬松尾的四足小动物，非蜗牛、树干、落叶或鸟。,,,GPT-6 Astra Pro,2026-10-02,conflicting,True,gb,initial,squirrel,reddish-brown furry body; bushy tail,species; fine markings,
vot,1481,b611fbb9e75ec559482bc7a0358e074531b8d5a95fce0a988c33138b345e01cb,squirrel_wild_1,00000051,supported,squirrel,reddish-brown furry body; bushy tail,species; fine markings,,近邻/概览支持松鼠式体尾，不硬判跨帧个体对应。,初始化索引 50：红框为有长蓬松尾的四足小动物，非蜗牛、树干、落叶或鸟。,,,GPT-6 Astra Pro,2026-10-02,conflicting,True,gb,initial,squirrel,reddish-brown furry body; bushy tail,species; fine markings,
vot,1482,0b863e728ea2cd91caa3acd4362594f6a90b9875a6abc34afdb55c2e9efbe488,squirrel_wild_1,00000101,supported,squirrel,reddish-brown furry body; bushy tail,species; fine markings,,近邻/概览支持松鼠式体尾，不硬判跨帧个体对应。,初始化索引 100：红框为有长蓬松尾的四足小动物，非蜗牛、树干、落叶或鸟。,,,GPT-6 Astra Pro,2026-10-02,conflicting,True,gb,initial,squirrel,reddish-brown furry body; bushy tail,species; fine markings,
vot,1483,81bfd46bf5326eef05648184352fb052af71c2507a6638bbd5a05d1b3e7f6882,squirrel_wild_1,00000151,supported,squirrel,reddish-brown furry body; bushy tail,species; fine markings,,近邻/概览支持松鼠式体尾，不硬判跨帧个体对应。,初始化索引 150：红框为有长蓬松尾的四足小动物，非蜗牛、树干、落叶或鸟。,,,GPT-6 Astra Pro,2026-10-02,conflicting,True,gb,initial,squirrel,reddish-brown furry body; bushy tail,species; fine markings,
vot,1484,f4b10f808c7a7e2bd16707a3d32be0f96ae831656f0e0010f8e78362edd8150e,squirrel_wild_1,00000201,uncertain,squirrel,small reddish-brown furry or animal-like patch,species; fine markings,,近邻/概览支持松鼠式体尾，不硬判跨帧个体对应。,初始化索引 200：目标小、模糊或遮挡，松鼠粗判断来自邻近体尾；不硬读树皮、壳或羽毛。,,,GPT-6 Astra Pro,2026-10-02,conflicting,True,gb,initial,squirrel,small reddish-brown furry or animal-like patch,species; fine markings,
vot,1485,ee62aa55a428018b9f8356bc5d6573c3232eb02aca70d5bc9d6e8f39693c8285,squirrel_wild_1,00000251,supported,squirrel,reddish-brown furry body; bushy tail,species; fine markings,,近邻/概览支持松鼠式体尾，不硬判跨帧个体对应。,初始化索引 250：红框为有长蓬松尾的四足小动物，非蜗牛、树干、落叶或鸟。,,,GPT-6 Astra Pro,2026-10-02,conflicting,True,gb,initial,squirrel,reddish-brown furry body; bushy tail,species; fine markings,
vot,1486,91105f82ce339b1637accc7450f1fda8701d2c4e93b20c35e33d21a65798feda,squirrel_wild_1,00000301,uncertain,squirrel,small reddish-brown furry or animal-like patch,species; fine markings,,近邻/概览支持松鼠式体尾，不硬判跨帧个体对应。,初始化索引 300：目标小、模糊或遮挡，松鼠粗判断来自邻近体尾；不硬读树皮、壳或羽毛。,,,GPT-6 Astra Pro,2026-10-02,conflicting,True,gb,initial,squirrel,small reddish-brown furry or animal-like patch,species; fine markings,
vot,1487,971e3d4f48e971d676f74491d850c0cc4bbde79d7be42414c95fda320b09965e,squirrel_wild_1,00000351,uncertain,squirrel,small reddish-brown furry or animal-like patch,species; fine markings,,近邻/概览支持松鼠式体尾，不硬判跨帧个体对应。,初始化索引 350：目标小、模糊或遮挡，松鼠粗判断来自邻近体尾；不硬读树皮、壳或羽毛。,,,GPT-6 Astra Pro,2026-10-02,conflicting,True,gb,initial,squirrel,small reddish-brown furry or animal-like patch,species; fine markings,
vot,1488,4aaf03dd826b19f0ba16eba6fef73cc0b7c63fe9eb335c55c6d1b826e1a64d00,squirrel_wild_1,00000363,uncertain,squirrel,small reddish-brown furry or animal-like patch,species; fine markings,,近邻/概览支持松鼠式体尾，不硬判跨帧个体对应。,初始化索引 362：目标小、模糊或遮挡，松鼠粗判断来自邻近体尾；不硬读树皮、壳或羽毛。,,,GPT-6 Astra Pro,2026-10-02,conflicting,True,gb,initial,squirrel,small reddish-brown furry or animal-like patch,species; fine markings,
vot,1489,c5775d4bccbe14e07ea2a067dc013b9a7df30f5366d6f5754c8eb90f856ea1c9,squirrel_wild_2,00000001,uncertain,squirrel,small reddish-brown furry or animal-like patch,species; fine markings,,近邻/概览支持松鼠式体尾，不硬判跨帧个体对应。,初始化索引 0：目标小、模糊或遮挡，松鼠粗判断来自邻近体尾；不硬读树皮、壳或羽毛。,,,GPT-6 Astra Pro,2026-10-02,conflicting,True,gb,initial,squirrel,small reddish-brown furry or animal-like patch,species; fine markings,
vot,1490,2506513a51f0d2fd53190830a2d42588019872c11ed053c3eeca5cc2851d44ed,squirrel_wild_2,00000045,supported,squirrel,reddish-brown furry body; bushy tail,species; fine markings,,近邻/概览支持松鼠式体尾，不硬判跨帧个体对应。,初始化索引 44：红框为有长蓬松尾的四足小动物，非蜗牛、树干、落叶或鸟。,,,GPT-6 Astra Pro,2026-10-02,conflicting,True,gb,initial,squirrel,reddish-brown furry body; bushy tail,species; fine markings,
vot,1491,8606075b20ccd2a719b60da16d2cb3b131f399d81809694078ffab98a10c9bba,squirrel_wild_2,00000101,supported,squirrel,reddish-brown furry body; bushy tail,species; fine markings,,近邻/概览支持松鼠式体尾，不硬判跨帧个体对应。,初始化索引 100：红框为有长蓬松尾的四足小动物，非蜗牛、树干、落叶或鸟。,,,GPT-6 Astra Pro,2026-10-02,conflicting,True,gb,initial,squirrel,reddish-brown furry body; bushy tail,species; fine markings,
vot,1492,8f6ab3f3b8d0a8593391db6f2e5241ccd3337bc4226b685f2660f54f580e3ea1,squirrel_wild_2,00000151,corrected,squirrel,reddish-brown furry body; bushy tail,species; fine markings,,近邻/概览支持松鼠式体尾，不硬判跨帧个体对应。,初始化索引 150：红框为有长蓬松尾的四足小动物，非蜗牛、树干、落叶或鸟。,,,GPT-6 Astra Pro,2026-10-02,conflicting,True,gb,initial,squirrel,reddish-brown furry body; bushy tail,species; fine markings,
vot,1493,9202ea6ae3ee9ca22c4f10c19000f9421a308ec5d222bd85cc4e0be62465e4ce,squirrel_wild_2,00000201,uncertain,squirrel,small reddish-brown furry or animal-like patch,species; fine markings,,近邻/概览支持松鼠式体尾，不硬判跨帧个体对应。,初始化索引 200：目标小、模糊或遮挡，松鼠粗判断来自邻近体尾；不硬读树皮、壳或羽毛。,,,GPT-6 Astra Pro,2026-10-02,conflicting,True,gb,initial,squirrel,small reddish-brown furry or animal-like patch,species; fine markings,
vot,1494,610c76c086d979a40a0de9c00faa38e5d84cd7ce6bdf40eb3af89076075ba255,squirrel_wild_2,00000251,uncertain,squirrel,small reddish-brown furry or animal-like patch,species; fine markings,,近邻/概览支持松鼠式体尾，不硬判跨帧个体对应。,初始化索引 250：目标小、模糊或遮挡，松鼠粗判断来自邻近体尾；不硬读树皮、壳或羽毛。,,,GPT-6 Astra Pro,2026-10-02,conflicting,True,gb,initial,squirrel,small reddish-brown furry or animal-like patch,species; fine markings,
vot,1495,cdcecb9624f27ea80f1656d5497bbfcd25c7c083043478e43f591870ee0b812e,squirrel_wild_2,00000301,uncertain,squirrel,small reddish-brown furry or animal-like patch,species; fine markings,,近邻/概览支持松鼠式体尾，不硬判跨帧个体对应。,初始化索引 300：目标小、模糊或遮挡，松鼠粗判断来自邻近体尾；不硬读树皮、壳或羽毛。,,,GPT-6 Astra Pro,2026-10-02,conflicting,True,gb,initial,squirrel,small reddish-brown furry or animal-like patch,species; fine markings,
vot,1496,6471ceecd005faabda98fa21f2323cfaa0e957797f0a7dd77077ef4c735f15a9,squirrel_wild_2,00000330,uncertain,squirrel,small reddish-brown furry or animal-like patch,species; fine markings,,近邻/概览支持松鼠式体尾，不硬判跨帧个体对应。,初始化索引 329：目标小、模糊或遮挡，松鼠粗判断来自邻近体尾；不硬读树皮、壳或羽毛。,,,GPT-6 Astra Pro,2026-10-02,conflicting,True,gb,initial,squirrel,small reddish-brown furry or animal-like patch,species; fine markings,
vot,1497,52a1efdd55680ce5046cdeb4a65068c18d178ad4ee7f91af668b42bd687fb842,squirrel_wild_3,00000001,supported,squirrel,reddish-brown furry body; bushy tail,species; fine markings,,近邻/概览支持松鼠式体尾，不硬判跨帧个体对应。,初始化索引 0：红框为有长蓬松尾的四足小动物，非蜗牛、树干、落叶或鸟。,,,GPT-6 Astra Pro,2026-10-02,conflicting,True,gb,initial,squirrel,reddish-brown furry body; bushy tail,species; fine markings,
vot,1498,c4084c2cd4b0659cea7409a032317994180a7078f9ce92be1ab6061fe816e963,squirrel_wild_3,00000051,corrected,squirrel,reddish-brown furry body; bushy tail,species; fine markings,,近邻/概览支持松鼠式体尾，不硬判跨帧个体对应。,初始化索引 50：红框可見棕红四足体和蓬松尾，非无足蛞蝓。,,,GPT-6 Astra Pro,2026-10-02,conflicting,True,gb,initial,squirrel,reddish-brown furry body; bushy tail,species; fine markings,
vot,1499,4502bf0aec91b13e338c3418e57e9eefc42a16113dd47d27878877ae1d8834c3,squirrel_wild_3,00000096,supported,squirrel,reddish-brown furry body; bushy tail,species; fine markings,,近邻/概览支持松鼠式体尾，不硬判跨帧个体对应。,初始化索引 95：红框为有长蓬松尾的四足小动物，非蜗牛、树干、落叶或鸟。,,,GPT-6 Astra Pro,2026-10-02,conflicting,True,gb,initial,squirrel,reddish-brown furry body; bushy tail,species; fine markings,
vot,1500,736de1046d81ae2ce5fc7d2bbf2fa7be7d39689578748dd09fbb7cb14799bd5b,squirrel_wild_3,00000136,uncertain,squirrel,small reddish-brown furry or animal-like patch,species; fine markings,,近邻/概览支持松鼠式体尾，不硬判跨帧个体对应。,初始化索引 135：目标小、模糊或遮挡，松鼠粗判断来自邻近体尾；不硬读树皮、壳或羽毛。,,,GPT-6 Astra Pro,2026-10-02,conflicting,True,gb,initial,squirrel,small reddish-brown furry or animal-like patch,species; fine markings,
vot,1501,d348576e9e6a4078deb4fc14ff2eb98430e35ba4358fab3c523721365ac6464a,stick_indoor_1,00000001,corrected,telescopic stick,light blue compact handle-like body; pale end or folded component,selfie-stick function; electronics; material,,概览有伸缩，收拢时仅作类别辅助，不写后帧长度。,初始化索引 0：当前杆件收拢，只写蓝手柄与端部；近邻伸长帮助类别判断。,,,GPT-6 Astra Pro,2026-10-02,conflicting,True,gb,initial,telescopic stick,light blue compact handle-like body; pale end or folded component,selfie-stick function; electronics; material,
vot,1502,048274cc2a10b796cfdd9f549b9d11ae966ae9e886ca77922954f8a7eb1c3d57,stick_indoor_1,00000051,corrected,telescopic stick,light blue compact handle-like body; pale end or folded component,selfie-stick function; electronics; material,,概览有伸缩，收拢时仅作类别辅助，不写后帧长度。,初始化索引 50：当前杆件收拢，只写蓝手柄与端部；近邻伸长帮助类别判断。,,,GPT-6 Astra Pro,2026-10-02,conflicting,True,gb,initial,telescopic stick,light blue compact handle-like body; pale end or folded component,selfie-stick function; electronics; material,
vot,1503,45e0b1676ff111a0f6167afce98d0b9433fb4c4ff98734928a6e0d9b66dd8119,stick_indoor_1,00000101,corrected,telescopic stick,light blue compact handle-like body; pale end or folded component,selfie-stick function; electronics; material,,概览有伸缩，收拢时仅作类别辅助，不写后帧长度。,初始化索引 100：当前杆件收拢，只写蓝手柄与端部；近邻伸长帮助类别判断。,,,GPT-6 Astra Pro,2026-10-02,conflicting,True,gb,initial,telescopic stick,light blue compact handle-like body; pale end or folded component,selfie-stick function; electronics; material,
vot,1504,73f7d83cf84fb531d4249bad5a2e8f127e9be3e4f2ad541d3e880ef40bfd4233,stick_indoor_1,00000151,corrected,telescopic stick,light blue compact handle-like body; pale end or folded component,selfie-stick function; electronics; material,,概览有伸缩，收拢时仅作类别辅助，不写后帧长度。,初始化索引 150：当前杆件收拢，只写蓝手柄与端部；近邻伸长帮助类别判断。,,,GPT-6 Astra Pro,2026-10-02,conflicting,True,gb,initial,telescopic stick,light blue compact handle-like body; pale end or folded component,selfie-stick function; electronics; material,
vot,1505,fc3787c5fb074b2e0ba8ddfbb54c2b2357285f3f9df95d1bcce6042352ef8692,stick_indoor_1,00000201,corrected,telescopic stick,light blue compact handle-like body; pale end or folded component,selfie-stick function; electronics; material,,概览有伸缩，收拢时仅作类别辅助，不写后帧长度。,初始化索引 200：当前杆件收拢，只写蓝手柄与端部；近邻伸长帮助类别判断。,,,GPT-6 Astra Pro,2026-10-02,conflicting,True,gb,initial,telescopic stick,light blue compact handle-like body; pale end or folded component,selfie-stick function; electronics; material,
vot,1506,124e5e0261a4b81e2530b867314ad40f83d492d610afd5286c699645a6a53c2d,stick_indoor_1,00000251,corrected,telescopic stick,light blue compact handle-like body; pale end or folded component,selfie-stick function; electronics; material,,概览有伸缩，收拢时仅作类别辅助，不写后帧长度。,初始化索引 250：当前杆件收拢，只写蓝手柄与端部；近邻伸长帮助类别判断。,,,GPT-6 Astra Pro,2026-10-02,conflicting,True,gb,initial,telescopic stick,light blue compact handle-like body; pale end or folded component,selfie-stick function; electronics; material,
vot,1507,0f8c65a9e363413380da4c5bc0f2417a32d442b51e82d311da1cf7c165360c8d,stick_indoor_1,00000301,corrected,telescopic stick,light blue compact handle-like body; pale end or folded component,selfie-stick function; electronics; material,,概览有伸缩，收拢时仅作类别辅助，不写后帧长度。,初始化索引 300：当前杆件收拢，只写蓝手柄与端部；近邻伸长帮助类别判断。,,,GPT-6 Astra Pro,2026-10-02,conflicting,True,gb,initial,telescopic stick,light blue compact handle-like body; pale end or folded component,selfie-stick function; electronics; material,
vot,1508,b60395756a9a94c5b2822e030b3f783f74c781c4491b18aa8870c948c8540395,stick_indoor_1,00000351,corrected,telescopic stick,pale thin extended shaft; blue handle; small end attachment,selfie-stick function; electronics; material,,概览有伸缩，收拢时仅作类别辅助，不写后帧长度。,初始化索引 350：可见细长杆和蓝柄，未确认具体自拍等用途。,,,GPT-6 Astra Pro,2026-10-02,conflicting,True,gb,initial,telescopic stick,pale thin extended shaft; blue handle; small end attachment,selfie-stick function; electronics; material,
vot,1509,ee19652e4fe0e57955b50e0c367350bc9b74fdd5eda0ab921bc9485748d41b5d,stick_indoor_1,00000401,corrected,telescopic stick,pale thin extended shaft; blue handle; small end attachment,selfie-stick function; electronics; material,,概览有伸缩，收拢时仅作类别辅助，不写后帧长度。,初始化索引 400：可见细长杆和蓝柄，未确认具体自拍等用途。,,,GPT-6 Astra Pro,2026-10-02,conflicting,True,gb,initial,telescopic stick,pale thin extended shaft; blue handle; small end attachment,selfie-stick function; electronics; material,
vot,1510,659ec6dab1a7b7e40129b8e77fb67e18c44ea5bc14ce47fd9c33334d4a262b85,stick_indoor_1,00000451,supported,telescopic stick,pale thin extended shaft; blue handle; small end attachment,selfie-stick function; electronics; material,,概览有伸缩，收拢时仅作类别辅助，不写后帧长度。,初始化索引 450：可见细长杆和蓝柄，未确认具体自拍等用途。,,,GPT-6 Astra Pro,2026-10-02,conflicting,True,gb,initial,telescopic stick,pale thin extended shaft; blue handle; small end attachment,selfie-stick function; electronics; material,
vot,1511,f227e081dcf32cb3374152f151eb8ca169cfc202052b97d53d14dba2ac2ba15a,stick_indoor_1,00000501,corrected,telescopic stick,pale thin extended shaft; blue handle; small end attachment,selfie-stick function; electronics; material,,概览有伸缩，收拢时仅作类别辅助，不写后帧长度。,初始化索引 500：可见细长杆和蓝柄，未确认具体自拍等用途。,,,GPT-6 Astra Pro,2026-10-02,conflicting,True,gb,initial,telescopic stick,pale thin extended shaft; blue handle; small end attachment,selfie-stick function; electronics; material,
vot,1512,d4c83b0bdd073602e9241a72e8dc299407ef7890e70f24f8eca89b193ec22699,stick_indoor_1,00000551,corrected,telescopic stick,pale thin extended shaft; blue handle; small end attachment,selfie-stick function; electronics; material,,概览有伸缩，收拢时仅作类别辅助，不写后帧长度。,初始化索引 550：可见细长杆和蓝柄，未确认具体自拍等用途。,,,GPT-6 Astra Pro,2026-10-02,conflicting,True,gb,initial,telescopic stick,pale thin extended shaft; blue handle; small end attachment,selfie-stick function; electronics; material,
vot,1513,4d59480dca4b656d68c0e71b1f877191e83edc65b481e14e27b12c16bf9dae07,stick_indoor_1,00000601,corrected,telescopic stick,light blue compact handle-like body; pale end or folded component,selfie-stick function; electronics; material,,概览有伸缩，收拢时仅作类别辅助，不写后帧长度。,初始化索引 600：当前杆件收拢，只写蓝手柄与端部；近邻伸长帮助类别判断。,,,GPT-6 Astra Pro,2026-10-02,conflicting,True,gb,initial,telescopic stick,light blue compact handle-like body; pale end or folded component,selfie-stick function; electronics; material,
vot,1514,bce11ea9b18bbd3a19672b73a429b4621e27d8b9e06983799502335ff99b10cb,stick_indoor_1,00000651,corrected,telescopic stick,pale thin extended shaft; blue handle; small end attachment,selfie-stick function; electronics; material,,概览有伸缩，收拢时仅作类别辅助，不写后帧长度。,初始化索引 650：可见细长杆和蓝柄，未确认具体自拍等用途。,,,GPT-6 Astra Pro,2026-10-02,conflicting,True,gb,initial,telescopic stick,pale thin extended shaft; blue handle; small end attachment,selfie-stick function; electronics; material,
vot,1515,0a86835c0d376e10b2351fac3c5a9c07aa121485c26e03893a66a0678caa700e,stick_indoor_1,00000701,corrected,telescopic stick,light blue compact handle-like body; pale end or folded component,selfie-stick function; electronics; material,,概览有伸缩，收拢时仅作类别辅助，不写后帧长度。,初始化索引 700：当前杆件收拢，只写蓝手柄与端部；近邻伸长帮助类别判断。,,,GPT-6 Astra Pro,2026-10-02,conflicting,True,gb,initial,telescopic stick,light blue compact handle-like body; pale end or folded component,selfie-stick function; electronics; material,
vot,1516,4d4206e2bdb52a1a1b049ef4a041d2124de2687e6eb2c36244cc422827e7d80d,stick_indoor_1,00000751,corrected,telescopic stick,light blue compact handle-like body; pale end or folded component,selfie-stick function; electronics; material,,概览有伸缩，收拢时仅作类别辅助，不写后帧长度。,初始化索引 750：当前杆件收拢，只写蓝手柄与端部；近邻伸长帮助类别判断。,,,GPT-6 Astra Pro,2026-10-02,conflicting,True,gb,initial,telescopic stick,light blue compact handle-like body; pale end or folded component,selfie-stick function; electronics; material,
vot,1517,d4f281f25a89248a4a1d7678c3f24ed28e561c6f9ecac62d8164c71c2b40300f,stick_indoor_1,00000801,corrected,telescopic stick,light blue compact handle-like body; pale end or folded component,selfie-stick function; electronics; material,,概览有伸缩，收拢时仅作类别辅助，不写后帧长度。,初始化索引 800：当前杆件收拢，只写蓝手柄与端部；近邻伸长帮助类别判断。,,,GPT-6 Astra Pro,2026-10-02,conflicting,True,gb,initial,telescopic stick,light blue compact handle-like body; pale end or folded component,selfie-stick function; electronics; material,
vot,1518,05708664de623e103f0833d2b3228a4c2fd19d098eddabe78d71f00d81aa1973,stick_indoor_1,00000851,corrected,telescopic stick,light blue compact handle-like body; pale end or folded component,selfie-stick function; electronics; material,,概览有伸缩，收拢时仅作类别辅助，不写后帧长度。,初始化索引 850：当前杆件收拢，只写蓝手柄与端部；近邻伸长帮助类别判断。,,,GPT-6 Astra Pro,2026-10-02,conflicting,True,gb,initial,telescopic stick,light blue compact handle-like body; pale end or folded component,selfie-stick function; electronics; material,
vot,1519,48460f29dea0e6ad47b8c413af5507bb1db5ff01d88f7236bbd531b7579cff8e,stick_indoor_1,00000881,corrected,telescopic stick,light blue compact handle-like body; pale end or folded component,selfie-stick function; electronics; material,,概览有伸缩，收拢时仅作类别辅助，不写后帧长度。,初始化索引 880：当前杆件收拢，只写蓝手柄与端部；近邻伸长帮助类别判断。,,,GPT-6 Astra Pro,2026-10-02,conflicting,True,gb,initial,telescopic stick,light blue compact handle-like body; pale end or folded component,selfie-stick function; electronics; material,
vot,1520,26918828900492230a1b9a75aae4900458253b513a2515dcbc8252b1c2fb3f2a,teapot_1,00000001,supported,kettle,red rounded body; dark handle; silver-colored spout and rim,contents; material; heating function,,,初始化索引 0：红框是带嘴红壶，不是杯、灯、CD或闹钟。,,,GPT-6 Astra Pro,2026-10-02,conflicting,True,gb,initial,teapot,red rounded body; dark handle; silver-colored spout and rim,contents; material; heating function,
vot,1521,a7bf9bab09a6448973d6d9f3ea6b858effde5c97ae938f808afab0ca86ed62f0,teapot_1,00000051,corrected,kettle,red rounded body; dark handle; silver-colored spout and rim,contents; material; heating function,,,初始化索引 50：红框是带嘴红壶，不是杯、灯、CD或闹钟。,,,GPT-6 Astra Pro,2026-10-02,conflicting,True,gb,initial,teapot,red rounded body; dark handle; silver-colored spout and rim,contents; material; heating function,
vot,1522,9ef6a3aa582512c683d6ab6fd987b91dbe168ff95cd089b1b5002ad9f57bd4f8,teapot_1,00000101,corrected,kettle,red rounded body; dark handle; silver-colored spout and rim,contents; material; heating function,,,初始化索引 100：红框是带嘴红壶，不是杯、灯、CD或闹钟。,,,GPT-6 Astra Pro,2026-10-02,conflicting,True,gb,initial,teapot,red rounded body; dark handle; silver-colored spout and rim,contents; material; heating function,
vot,1523,4b6872d65adefdb84f2437fb4fb22a880f5f53f86079975a50edd198a284202c,teapot_1,00000151,corrected,kettle,dark circular base; red curved side; pale rim,contents; material; heating function,,,初始化索引 150：本帧看到圆壶底和红侧壁，底贴不是CD孔，近邻壶嘴辅助类别。,,,GPT-6 Astra Pro,2026-10-02,conflicting,True,gb,initial,teapot,dark circular base; red curved side; pale rim,contents; material; heating function,
vot,1524,f5fe6845a0c1666994245e37a5f8992ed4f244efede76a0c23ec1a64d10b890d,teapot_1,00000201,corrected,kettle,dark circular base; red curved side; pale rim,contents; material; heating function,,,初始化索引 200：本帧看到圆壶底和红侧壁，底贴不是CD孔，近邻壶嘴辅助类别。,,,GPT-6 Astra Pro,2026-10-02,conflicting,True,gb,initial,teapot,dark circular base; red curved side; pale rim,contents; material; heating function,
vot,1525,f19159b15f215f957b1f4866656360dc37b19b92d334bc476ff7c5a0c215a299,teapot_1,00000251,corrected,kettle,red rounded body; dark handle; silver-colored spout and rim,contents; material; heating function,,,初始化索引 250：红框是带嘴红壶，不是杯、灯、CD或闹钟。,,,GPT-6 Astra Pro,2026-10-02,conflicting,True,gb,initial,teapot,red rounded body; dark handle; silver-colored spout and rim,contents; material; heating function,
vot,1526,82fe3e45a1ac2bfa3ac9e7b552dae81fa2dcaaa6c60047f660b1b05cf1792ee9,teapot_1,00000285,corrected,kettle,red rounded body; dark handle; silver-colored spout and rim,contents; material; heating function,,,初始化索引 284：红框是带嘴红壶，不是杯、灯、CD或闹钟。,,,GPT-6 Astra Pro,2026-10-02,conflicting,True,gb,initial,teapot,red rounded body; dark handle; silver-colored spout and rim,contents; material; heating function,
vot,1527,802b586c87f3488590ae1d36971abc26822c15ec0f7e1ca72cad48d68a397751,toiletpaper01_indoor_1,00000001,supported,paper roll,white cylindrical roll; hollow center,fine embossing; paper type,,近邻辅助卷状轮廓，模糊/侧视不补不可见中心孔。,初始化索引 0：红框为摆动纸卷，不是白衬衫或桌上其他卷，不确定纸类型与细压纹。,,,GPT-6 Astra Pro,2026-10-02,conflicting,True,gb,initial,toiletpaper,white cylindrical roll; hollow center,fine embossing; paper type,
vot,1528,9954ada8cc8e9f3a409a769045354b31cd2c4689a97c7ddc19234e087d10fd92,toiletpaper01_indoor_1,00000051,supported,paper roll,white cylindrical roll; hollow center,fine embossing; paper type,,近邻辅助卷状轮廓，模糊/侧视不补不可见中心孔。,初始化索引 50：红框为摆动纸卷，不是白衬衫或桌上其他卷，不确定纸类型与细压纹。,,,GPT-6 Astra Pro,2026-10-02,conflicting,True,gb,initial,toiletpaper,white cylindrical roll; hollow center,fine embossing; paper type,
vot,1529,37c337506909cd28ba8e0a20a94a7a6b92e19b108eb980b8822e7e9e5381cb86,toiletpaper01_indoor_1,00000101,corrected,paper roll,white cylindrical roll; hollow center,fine embossing; paper type,,近邻辅助卷状轮廓，模糊/侧视不补不可见中心孔。,初始化索引 100：红框为摆动纸卷，不是白衬衫或桌上其他卷，不确定纸类型与细压纹。,,,GPT-6 Astra Pro,2026-10-02,conflicting,True,gb,initial,toiletpaper,white cylindrical roll; hollow center,fine embossing; paper type,
vot,1530,420d7abe5bdd4bf67bf3429837c6562046289914c71bcce11b0e879c06ce1df1,toiletpaper01_indoor_1,00000151,supported,paper roll,white cylindrical roll; hollow center,fine embossing; paper type,,近邻辅助卷状轮廓，模糊/侧视不补不可见中心孔。,初始化索引 150：红框为摆动纸卷，不是白衬衫或桌上其他卷，不确定纸类型与细压纹。,,,GPT-6 Astra Pro,2026-10-02,conflicting,True,gb,initial,toiletpaper,white cylindrical roll; hollow center,fine embossing; paper type,
vot,1531,206df37aee1cc371e43f4d5ebf25a5124e6e05c0bd6e802a51627b11c4ebe62a,toiletpaper01_indoor_1,00000198,corrected,paper roll,white cylindrical roll; hollow center,fine embossing; paper type,,近邻辅助卷状轮廓，模糊/侧视不补不可见中心孔。,初始化索引 197：红框为摆动纸卷，不是白衬衫或桌上其他卷，不确定纸类型与细压纹。,,,GPT-6 Astra Pro,2026-10-02,conflicting,True,gb,initial,toiletpaper,white cylindrical roll; hollow center,fine embossing; paper type,
vot,1532,60c916c390694c243b2ea9f7314b7454178ed512d7df11574455a801248a8530,toiletpaper01_indoor_2,00000001,supported,paper roll,white cylindrical roll; hollow center,fine embossing; paper type,,近邻辅助卷状轮廓，模糊/侧视不补不可见中心孔。,初始化索引 0：红框为摆动纸卷，不是白衬衫或桌上其他卷，不确定纸类型与细压纹。,,,GPT-6 Astra Pro,2026-10-02,conflicting,True,gb,initial,toiletpaper,white cylindrical roll; hollow center,fine embossing; paper type,
vot,1533,8c59cc6ec39709064d2e8b2861bd659e7f45362b2d6d80f8f407e2a9af3a2c83,toiletpaper01_indoor_2,00000051,uncertain,paper roll,small white cylindrical or block-like blurred patch,fine embossing; paper type,,近邻辅助卷状轮廓，模糊/侧视不补不可见中心孔。,初始化索引 50：本初始化侧视/模糊/过曝，中心孔不清；纸卷类别借近邻辅助，不当白衬衫。,,,GPT-6 Astra Pro,2026-10-02,conflicting,True,gb,initial,toiletpaper,small white cylindrical or block-like blurred patch,fine embossing; paper type,
vot,1534,6eac804a7118e9236ae67258560aaf9475347ee9ac9eb24bdb1161ad0e052f37,toiletpaper01_indoor_2,00000101,corrected,paper roll,white cylindrical roll; hollow center,fine embossing; paper type,,近邻辅助卷状轮廓，模糊/侧视不补不可见中心孔。,初始化索引 100：红框为摆动纸卷，不是白衬衫或桌上其他卷，不确定纸类型与细压纹。,,,GPT-6 Astra Pro,2026-10-02,conflicting,True,gb,initial,toiletpaper,white cylindrical roll; hollow center,fine embossing; paper type,
vot,1535,1b906fc1b488133f639cbc7ac174b021f54a576ee33ff855b8d563446d3a8d1b,toiletpaper01_indoor_2,00000151,uncertain,paper roll,small white cylindrical or block-like blurred patch,fine embossing; paper type,,近邻辅助卷状轮廓，模糊/侧视不补不可见中心孔。,初始化索引 150：本初始化侧视/模糊/过曝，中心孔不清；纸卷类别借近邻辅助，不当白衬衫。,,,GPT-6 Astra Pro,2026-10-02,conflicting,True,gb,initial,toiletpaper,small white cylindrical or block-like blurred patch,fine embossing; paper type,
vot,1536,ce41a084a6da0228b035c5aaa16c797f4710428175931691adabb2b9ee1dbe71,toiletpaper01_indoor_2,00000201,supported,paper roll,white cylindrical roll; hollow center,fine embossing; paper type,,近邻辅助卷状轮廓，模糊/侧视不补不可见中心孔。,初始化索引 200：红框为摆动纸卷，不是白衬衫或桌上其他卷，不确定纸类型与细压纹。,,,GPT-6 Astra Pro,2026-10-02,conflicting,True,gb,initial,toiletpaper,white cylindrical roll; hollow center,fine embossing; paper type,
vot,1537,d527c700b51a0000ae0d6d809ebfb08bd59aebee09177f9cb46260cb01326cac,toiletpaper01_indoor_2,00000251,uncertain,paper roll,small white cylindrical or block-like blurred patch,fine embossing; paper type,,近邻辅助卷状轮廓，模糊/侧视不补不可见中心孔。,初始化索引 250：本初始化侧视/模糊/过曝，中心孔不清；纸卷类别借近邻辅助，不当白衬衫。,,,GPT-6 Astra Pro,2026-10-02,conflicting,True,gb,initial,toiletpaper,small white cylindrical or block-like blurred patch,fine embossing; paper type,
vot,1538,48af673359d2db13de40d0eb958068e5a730930d3c56ad8af78e20789b01132e,toiletpaper01_indoor_2,00000301,supported,paper roll,white cylindrical roll; hollow center,fine embossing; paper type,,近邻辅助卷状轮廓，模糊/侧视不补不可见中心孔。,初始化索引 300：红框为摆动纸卷，不是白衬衫或桌上其他卷，不确定纸类型与细压纹。,,,GPT-6 Astra Pro,2026-10-02,conflicting,True,gb,initial,toiletpaper,white cylindrical roll; hollow center,fine embossing; paper type,
vot,1539,d956f312b70e6425601befbffcee69da0198ec3cac2e37804a09322742f05709,toiletpaper01_indoor_2,00000351,corrected,paper roll,white cylindrical roll; hollow center,fine embossing; paper type,,近邻辅助卷状轮廓，模糊/侧视不补不可见中心孔。,初始化索引 350：当前白卷体及中心孔可见，不是原建议的展开纸。,,,GPT-6 Astra Pro,2026-10-02,conflicting,True,gb,initial,toiletpaper,white cylindrical roll; hollow center,fine embossing; paper type,
vot,1540,c61034961fcc62d144526405e5442c52be687f7bdf54bf1f9f38ab46d76936e0,toiletpaper01_indoor_2,00000401,corrected,paper roll,white cylindrical roll; hollow center,fine embossing; paper type,,近邻辅助卷状轮廓，模糊/侧视不补不可见中心孔。,初始化索引 400：红框为摆动纸卷，不是白衬衫或桌上其他卷，不确定纸类型与细压纹。,,,GPT-6 Astra Pro,2026-10-02,conflicting,True,gb,initial,toiletpaper,white cylindrical roll; hollow center,fine embossing; paper type,
vot,1541,c31a6994a886be1e771eccb053b15c617d473a9545ad65bcb6f5e17a7a36dd3a,toiletpaper01_indoor_2,00000451,supported,paper roll,white cylindrical roll; hollow center,fine embossing; paper type,,近邻辅助卷状轮廓，模糊/侧视不补不可见中心孔。,初始化索引 450：红框为摆动纸卷，不是白衬衫或桌上其他卷，不确定纸类型与细压纹。,,,GPT-6 Astra Pro,2026-10-02,conflicting,True,gb,initial,toiletpaper,white cylindrical roll; hollow center,fine embossing; paper type,
vot,1542,049780c2be0674a847a656be7e046f216feef385c00abcd50eba8489b62737ad,toiletpaper01_indoor_2,00000501,corrected,paper roll,white cylindrical roll; hollow center,fine embossing; paper type,,近邻辅助卷状轮廓，模糊/侧视不补不可见中心孔。,初始化索引 500：红框为摆动纸卷，不是白衬衫或桌上其他卷，不确定纸类型与细压纹。,,,GPT-6 Astra Pro,2026-10-02,conflicting,True,gb,initial,toiletpaper,white cylindrical roll; hollow center,fine embossing; paper type,
vot,1543,7284fb25eefbf80bfd9a20a7e419a615c9bff03aa7b06f87d1bd619d1e5e95a0,toiletpaper01_indoor_2,00000551,supported,paper roll,white cylindrical roll; hollow center,fine embossing; paper type,,近邻辅助卷状轮廓，模糊/侧视不补不可见中心孔。,初始化索引 550：红框为摆动纸卷，不是白衬衫或桌上其他卷，不确定纸类型与细压纹。,,,GPT-6 Astra Pro,2026-10-02,conflicting,True,gb,initial,toiletpaper,white cylindrical roll; hollow center,fine embossing; paper type,
vot,1544,6e64697525c69ac3cd9d0adecc257001ce6addeb40a7a6f9ced9eacaace7c3b3,toiletpaper01_indoor_2,00000601,uncertain,paper roll,small white cylindrical or block-like blurred patch,fine embossing; paper type,,近邻辅助卷状轮廓，模糊/侧视不补不可见中心孔。,初始化索引 600：本初始化侧视/模糊/过曝，中心孔不清；纸卷类别借近邻辅助，不当白衬衫。,,,GPT-6 Astra Pro,2026-10-02,conflicting,True,gb,initial,toiletpaper,small white cylindrical or block-like blurred patch,fine embossing; paper type,
vot,1545,66bf51c77b79ab6d766021a29fce19549cc845deea0cc44edbda26ef1b95944f,toiletpaper01_indoor_2,00000651,uncertain,paper roll,small white cylindrical or block-like blurred patch,fine embossing; paper type,,近邻辅助卷状轮廓，模糊/侧视不补不可见中心孔。,初始化索引 650：本初始化侧视/模糊/过曝，中心孔不清；纸卷类别借近邻辅助，不当白衬衫。,,,GPT-6 Astra Pro,2026-10-02,conflicting,True,gb,initial,toiletpaper,small white cylindrical or block-like blurred patch,fine embossing; paper type,
vot,1546,09a5ccc75032ae744d82c512aecd669d1dcd6e2f1ad2446096b6fbec0d04945e,toiletpaper01_indoor_2,00000701,corrected,paper roll,white cylindrical roll; hollow center,fine embossing; paper type,,近邻辅助卷状轮廓，模糊/侧视不补不可见中心孔。,初始化索引 700：红框为摆动纸卷，不是白衬衫或桌上其他卷，不确定纸类型与细压纹。,,,GPT-6 Astra Pro,2026-10-02,conflicting,True,gb,initial,toiletpaper,white cylindrical roll; hollow center,fine embossing; paper type,
vot,1547,996074a2d16a6363640326cae4b5ef152c86f3036a5c91501970855a30a3abab,toiletpaper01_indoor_2,00000751,corrected,paper roll,white cylindrical roll; hollow center,fine embossing; paper type,,近邻辅助卷状轮廓，模糊/侧视不补不可见中心孔。,初始化索引 750：红框为摆动纸卷，不是白衬衫或桌上其他卷，不确定纸类型与细压纹。,,,GPT-6 Astra Pro,2026-10-02,conflicting,True,gb,initial,toiletpaper,white cylindrical roll; hollow center,fine embossing; paper type,
vot,1548,9ab21b954da095626669411d08604128fdf0cb9ce1bd2f4cef0c5ccf9e53d1a5,toiletpaper01_indoor_2,00000801,uncertain,paper roll,small white cylindrical or block-like blurred patch,fine embossing; paper type,,近邻辅助卷状轮廓，模糊/侧视不补不可见中心孔。,初始化索引 800：本初始化侧视/模糊/过曝，中心孔不清；纸卷类别借近邻辅助，不当白衬衫。,,,GPT-6 Astra Pro,2026-10-02,conflicting,True,gb,initial,toiletpaper,small white cylindrical or block-like blurred patch,fine embossing; paper type,
vot,1549,23944ddcc6668cdae2dc9316b3478475e8f954f8d4c6d879cba482557eaa7e58,toiletpaper01_indoor_2,00000851,uncertain,paper roll,small white cylindrical or block-like blurred patch,fine embossing; paper type,,近邻辅助卷状轮廓，模糊/侧视不补不可见中心孔。,初始化索引 850：本初始化侧视/模糊/过曝，中心孔不清；纸卷类别借近邻辅助，不当白衬衫。,,,GPT-6 Astra Pro,2026-10-02,conflicting,True,gb,initial,toiletpaper,small white cylindrical or block-like blurred patch,fine embossing; paper type,
vot,1550,95f906f2fbeab7a4ca1692624d8c7232844205e409e0c60edc623e3cb3e2585f,toiletpaper01_indoor_2,00000901,uncertain,paper roll,small white cylindrical or block-like blurred patch,fine embossing; paper type,,近邻辅助卷状轮廓，模糊/侧视不补不可见中心孔。,初始化索引 900：本初始化侧视/模糊/过曝，中心孔不清；纸卷类别借近邻辅助，不当白衬衫。,,,GPT-6 Astra Pro,2026-10-02,conflicting,True,gb,initial,toiletpaper,small white cylindrical or block-like blurred patch,fine embossing; paper type,
vot,1551,e8e25202c8b53f60a4b699ba8f36d4a67b4e2a0ad56be699907393374be93f9b,toiletpaper01_indoor_2,00000951,supported,paper roll,white cylindrical roll; hollow center,fine embossing; paper type,,近邻辅助卷状轮廓，模糊/侧视不补不可见中心孔。,初始化索引 950：红框为摆动纸卷，不是白衬衫或桌上其他卷，不确定纸类型与细压纹。,,,GPT-6 Astra Pro,2026-10-02,conflicting,True,gb,initial,toiletpaper,white cylindrical roll; hollow center,fine embossing; paper type,
vot,1552,c614b27e52a31a7d8f5a3935d93c95ab97a4bb35568f779c12db07d72562052d,toiletpaper01_indoor_2,00001001,uncertain,paper roll,small white cylindrical or block-like blurred patch,fine embossing; paper type,,近邻辅助卷状轮廓，模糊/侧视不补不可见中心孔。,初始化索引 1000：本初始化侧视/模糊/过曝，中心孔不清；纸卷类别借近邻辅助，不当白衬衫。,,,GPT-6 Astra Pro,2026-10-02,conflicting,True,gb,initial,toiletpaper,small white cylindrical or block-like blurred patch,fine embossing; paper type,
vot,1553,b49fc0f224808c6ce4756b984736368924a3d47565f94f8e7a91a8f7cc2f270e,toiletpaper01_indoor_2,00001051,uncertain,paper roll,small white cylindrical or block-like blurred patch,fine embossing; paper type,,近邻辅助卷状轮廓，模糊/侧视不补不可见中心孔。,初始化索引 1050：本初始化侧视/模糊/过曝，中心孔不清；纸卷类别借近邻辅助，不当白衬衫。,,,GPT-6 Astra Pro,2026-10-02,conflicting,True,gb,initial,toiletpaper,small white cylindrical or block-like blurred patch,fine embossing; paper type,
vot,1554,991db7d25c6bd51b6870137c9b6fa81b2800d797e14f0142a6eb02d5ba260944,toiletpaper01_indoor_2,00001101,corrected,paper roll,white cylindrical roll; hollow center,fine embossing; paper type,,近邻辅助卷状轮廓，模糊/侧视不补不可见中心孔。,初始化索引 1100：当前白卷体及中心孔可见，不是原建议的展开纸。,,,GPT-6 Astra Pro,2026-10-02,conflicting,True,gb,initial,toiletpaper,white cylindrical roll; hollow center,fine embossing; paper type,
vot,1555,088791f2bd2f89db19cb67b642d615c343a1ba3dd06578bcc16be04ca3affa5d,toiletpaper01_indoor_2,00001155,corrected,paper roll,white cylindrical roll; hollow center,fine embossing; paper type,,近邻辅助卷状轮廓，模糊/侧视不补不可见中心孔。,初始化索引 1154：红框为摆动纸卷，不是白衬衫或桌上其他卷，不确定纸类型与细压纹。,,,GPT-6 Astra Pro,2026-10-02,conflicting,True,gb,initial,toiletpaper,white cylindrical roll; hollow center,fine embossing; paper type,
vot,1556,c6339c741cc20c456fa49f8651612a6ca2ca65a940ca810c6ed722bf71f63e80,toiletpaper01_indoor_2,00001191,uncertain,paper roll,small white cylindrical or block-like blurred patch,fine embossing; paper type,,近邻辅助卷状轮廓，模糊/侧视不补不可见中心孔。,初始化索引 1190：本初始化侧视/模糊/过曝，中心孔不清；纸卷类别借近邻辅助，不当白衬衫。,,,GPT-6 Astra Pro,2026-10-02,conflicting,True,gb,initial,toiletpaper,small white cylindrical or block-like blurred patch,fine embossing; paper type,
vot,1557,098cf90e0b40de8b58fb434dbcfb7b47813ebef1b2f0a4ed9490c5b817a48750,toy02_indoor_1,00000001,corrected,toy figure,brown-orange figure; prominent face; reddish upper parts; broad dark feet,character name; material; clothing detail,,近邻能见站立和翻转，光照变化不作稳定属性。,初始化索引 0：红框为立体人偶，不是三明治、巧克力、肉或手；造型凹凸不代表食品/木材。,,,GPT-6 Astra Pro,2026-10-02,conflicting,True,gb,initial,toy,brown-orange figure; prominent face; reddish upper parts; broad dark feet,character name; material; clothing detail,
vot,1558,6c72f3e689581a855b72e83c2bcdd04af43ce858e88e69b38e476c45c019c75f,toy02_indoor_1,00000051,corrected,toy figure,brown-orange figure; prominent face; reddish upper parts; broad dark feet,character name; material; clothing detail,,近邻能见站立和翻转，光照变化不作稳定属性。,初始化索引 50：红框为立体人偶，不是三明治、巧克力、肉或手；造型凹凸不代表食品/木材。,,,GPT-6 Astra Pro,2026-10-02,conflicting,True,gb,initial,toy,brown-orange figure; prominent face; reddish upper parts; broad dark feet,character name; material; clothing detail,
vot,1559,a95ee4477cb24894a2cffb668091a4fc9aac9190b4ca705828821c5086b0a2d6,toy02_indoor_1,00000101,corrected,toy figure,brown-orange figure; prominent face; reddish upper parts; broad dark feet,character name; material; clothing detail,,近邻能见站立和翻转，光照变化不作稳定属性。,初始化索引 100：红框为立体人偶，不是三明治、巧克力、肉或手；造型凹凸不代表食品/木材。,,,GPT-6 Astra Pro,2026-10-02,conflicting,True,gb,initial,toy,brown-orange figure; prominent face; reddish upper parts; broad dark feet,character name; material; clothing detail,
vot,1560,9eaa4f1236674c668455de0b8c94dc6856c6f444fa3de94546c4ff5d3aeada7a,toy02_indoor_1,00000151,corrected,toy figure,brown-orange irregular figure; protruding limbs or feet,character name; material; clothing detail,,近邻能见站立和翻转，光照变化不作稳定属性。,初始化索引 150：本帧人偶握持/侧转或模糊，不是食物或书，不补被遮住的脸。,,,GPT-6 Astra Pro,2026-10-02,conflicting,True,gb,initial,toy,brown-orange irregular figure; protruding limbs or feet,character name; material; clothing detail,
vot,1561,7f6c94adb6ba09fe150d23f6b3dcc3dbb9207c3518813b23d13cace9d3e48d62,toy02_indoor_1,00000201,corrected,toy figure,brown-orange irregular figure; protruding limbs or feet,character name; material; clothing detail,,近邻能见站立和翻转，光照变化不作稳定属性。,初始化索引 200：本帧人偶握持/侧转或模糊，不是食物或书，不补被遮住的脸。,,,GPT-6 Astra Pro,2026-10-02,conflicting,True,gb,initial,toy,brown-orange irregular figure; protruding limbs or feet,character name; material; clothing detail,
vot,1562,1a190aa79cdbd20d1b548e3b5ba989c7be91e10e133fafe48526c941b334b823,toy02_indoor_1,00000259,corrected,toy figure,brown-orange irregular figure; protruding limbs or feet,character name; material; clothing detail,,近邻能见站立和翻转，光照变化不作稳定属性。,初始化索引 258：本帧人偶握持/侧转或模糊，不是食物或书，不补被遮住的脸。,,,GPT-6 Astra Pro,2026-10-02,conflicting,True,gb,initial,toy,brown-orange irregular figure; protruding limbs or feet,character name; material; clothing detail,
vot,1563,8f4c4e1fb97d150e4cefac1746b4f969b6f73a796d97576fd4a9add5059d023f,toy02_indoor_1,00000301,corrected,toy figure,brown-orange irregular figure; protruding limbs or feet,character name; material; clothing detail,,近邻能见站立和翻转，光照变化不作稳定属性。,初始化索引 300：本帧人偶握持/侧转或模糊，不是食物或书，不补被遮住的脸。,,,GPT-6 Astra Pro,2026-10-02,conflicting,True,gb,initial,toy,brown-orange irregular figure; protruding limbs or feet,character name; material; clothing detail,
vot,1564,425b651bd0d309e38dea52f7bd12c9f6a66cad5d8fe709ad4c92ca8eb73f030f,toy02_indoor_1,00000351,corrected,toy figure,brown-orange irregular figure; protruding limbs or feet,character name; material; clothing detail,,近邻能见站立和翻转，光照变化不作稳定属性。,初始化索引 350：本帧人偶握持/侧转或模糊，不是食物或书，不补被遮住的脸。,,,GPT-6 Astra Pro,2026-10-02,conflicting,True,gb,initial,toy,brown-orange irregular figure; protruding limbs or feet,character name; material; clothing detail,
vot,1565,6b7e9dc2e88d684f1879a397ee94cd9bd1de7a44ba6be7584c429af5d6d9ba33,toy02_indoor_1,00000401,corrected,toy figure,brown-orange irregular figure; protruding limbs or feet,character name; material; clothing detail,,近邻能见站立和翻转，光照变化不作稳定属性。,初始化索引 400：本帧人偶握持/侧转或模糊，不是食物或书，不补被遮住的脸。,,,GPT-6 Astra Pro,2026-10-02,conflicting,True,gb,initial,toy,brown-orange irregular figure; protruding limbs or feet,character name; material; clothing detail,
vot,1566,e35018ccdc02d90116b3b864d3e713bab9a51d67916cf3b837ff47622264c848,toy02_indoor_1,00000451,corrected,toy figure,brown-orange figure; prominent face; reddish upper parts; broad dark feet,character name; material; clothing detail,,近邻能见站立和翻转，光照变化不作稳定属性。,初始化索引 450：红框为立体人偶，不是三明治、巧克力、肉或手；造型凹凸不代表食品/木材。,,,GPT-6 Astra Pro,2026-10-02,conflicting,True,gb,initial,toy,brown-orange figure; prominent face; reddish upper parts; broad dark feet,character name; material; clothing detail,
vot,1567,25486edc101ac38aa4f87f75a6a9a35992e754281f16e09ac67b7e91a503c701,toy02_indoor_1,00000501,corrected,toy figure,brown-orange figure; prominent face; reddish upper parts; broad dark feet,character name; material; clothing detail,,近邻能见站立和翻转，光照变化不作稳定属性。,初始化索引 500：红框为立体人偶，不是三明治、巧克力、肉或手；造型凹凸不代表食品/木材。,,,GPT-6 Astra Pro,2026-10-02,conflicting,True,gb,initial,toy,brown-orange figure; prominent face; reddish upper parts; broad dark feet,character name; material; clothing detail,
vot,1568,69dd297b43208486a80cc9dc9480326ae1e6b8d3b0faf3668f799ffa514da5d3,toy02_indoor_1,00000551,corrected,toy figure,brown-orange stylized body; large head; reddish limbs; broad feet,character name; material; clothing detail,,近邻能见站立和翻转，光照变化不作稳定属性。,初始化索引 550：红框为立体人偶，不是三明治、巧克力、肉或手；造型凹凸不代表食品/木材。,,,GPT-6 Astra Pro,2026-10-02,conflicting,True,gb,initial,toy,brown-orange stylized body; large head; reddish limbs; broad feet,character name; material; clothing detail,
vot,1569,f01db55c4cf171d458186a5bbd12c75e17e928d030b76702ef87f18be628f164,toy02_indoor_1,00000601,corrected,toy figure,brown-orange stylized body; large head; reddish limbs; broad feet,character name; material; clothing detail,,近邻能见站立和翻转，光照变化不作稳定属性。,初始化索引 600：红框为立体人偶，不是三明治、巧克力、肉或手；造型凹凸不代表食品/木材。,,,GPT-6 Astra Pro,2026-10-02,conflicting,True,gb,initial,toy,brown-orange stylized body; large head; reddish limbs; broad feet,character name; material; clothing detail,
vot,1570,e3cb6ecca2d6e20cebbbe52cbecfd5aff8a25eaadb7fb1c082152e4222a421df,toy02_indoor_1,00000651,corrected,toy figure,brown-orange figure; prominent face; reddish upper parts; broad dark feet,character name; material; clothing detail,,近邻能见站立和翻转，光照变化不作稳定属性。,初始化索引 650：红框为立体人偶，不是三明治、巧克力、肉或手；造型凹凸不代表食品/木材。,,,GPT-6 Astra Pro,2026-10-02,conflicting,True,gb,initial,toy,brown-orange figure; prominent face; reddish upper parts; broad dark feet,character name; material; clothing detail,
vot,1571,ae42632e0be6192ac4489dc7358d5ca26c5822fc9508abfff622c61805a1f1ef,toy02_indoor_1,00000701,corrected,toy figure,brown-orange figure; prominent face; reddish upper parts; broad dark feet,character name; material; clothing detail,,近邻能见站立和翻转，光照变化不作稳定属性。,初始化索引 700：红框为立体人偶，不是三明治、巧克力、肉或手；造型凹凸不代表食品/木材。,,,GPT-6 Astra Pro,2026-10-02,conflicting,True,gb,initial,toy,brown-orange figure; prominent face; reddish upper parts; broad dark feet,character name; material; clothing detail,
vot,1572,77b85c8e463d7bf8ac2bf758cc7d55051fbd66c69401927c819adad2d44cfecc,toy02_indoor_1,00000751,corrected,toy figure,brown-orange figure; prominent face; reddish upper parts; broad dark feet,character name; material; clothing detail,,近邻能见站立和翻转，光照变化不作稳定属性。,初始化索引 750：红框为立体人偶，不是三明治、巧克力、肉或手；造型凹凸不代表食品/木材。,,,GPT-6 Astra Pro,2026-10-02,conflicting,True,gb,initial,toy,brown-orange figure; prominent face; reddish upper parts; broad dark feet,character name; material; clothing detail,
vot,1573,3da017ca3737da00e943e7a65e86383a768b0e7c4226fe4dae74ebe4291fab86,toy02_indoor_1,00000801,corrected,toy figure,brown-orange figure; prominent face; reddish upper parts; broad dark feet,character name; material; clothing detail,,近邻能见站立和翻转，光照变化不作稳定属性。,初始化索引 800：红框为立体人偶，不是三明治、巧克力、肉或手；造型凹凸不代表食品/木材。,,,GPT-6 Astra Pro,2026-10-02,conflicting,True,gb,initial,toy,brown-orange figure; prominent face; reddish upper parts; broad dark feet,character name; material; clothing detail,
vot,1574,9b8c671b13bd4b9794b4ae08ef2aaae694b865410274671d58a2a431506a378f,toy02_indoor_1,00000851,corrected,toy figure,brown-orange figure; prominent face; reddish upper parts; broad dark feet,character name; material; clothing detail,,近邻能见站立和翻转，光照变化不作稳定属性。,初始化索引 850：红框为立体人偶，不是三明治、巧克力、肉或手；造型凹凸不代表食品/木材。,,,GPT-6 Astra Pro,2026-10-02,conflicting,True,gb,initial,toy,brown-orange figure; prominent face; reddish upper parts; broad dark feet,character name; material; clothing detail,
vot,1575,bde35749f9fd76d44e42c967453e4b2dd6c736596466b3436bf53f73b85562d0,toy02_indoor_1,00000901,corrected,toy figure,brown-orange figure; prominent face; reddish upper parts; broad dark feet,character name; material; clothing detail,,近邻能见站立和翻转，光照变化不作稳定属性。,初始化索引 900：红框为立体人偶，不是三明治、巧克力、肉或手；造型凹凸不代表食品/木材。,,,GPT-6 Astra Pro,2026-10-02,conflicting,True,gb,initial,toy,brown-orange figure; prominent face; reddish upper parts; broad dark feet,character name; material; clothing detail,
vot,1576,f6426561f18131332e2083b09cf623706c6ef80da2d34bf1aabb680b73481ad5,toy02_indoor_1,00000951,corrected,toy figure,brown-orange irregular figure; protruding limbs or feet,character name; material; clothing detail,,近邻能见站立和翻转，光照变化不作稳定属性。,初始化索引 950：本帧人偶握持/侧转或模糊，不是食物或书，不补被遮住的脸。,,,GPT-6 Astra Pro,2026-10-02,conflicting,True,gb,initial,toy,brown-orange irregular figure; protruding limbs or feet,character name; material; clothing detail,
vot,1577,5531155299cb96fdf507b83cf633872dbccd35aa25739f7c575465d6d6fcda16,toy02_indoor_1,00001001,corrected,toy figure,brown-orange irregular figure; protruding limbs or feet,character name; material; clothing detail,,近邻能见站立和翻转，光照变化不作稳定属性。,初始化索引 1000：本帧人偶握持/侧转或模糊，不是食物或书，不补被遮住的脸。,,,GPT-6 Astra Pro,2026-10-02,conflicting,True,gb,initial,toy,brown-orange irregular figure; protruding limbs or feet,character name; material; clothing detail,
vot,1578,cf082083786bb3ed459c2fc4d3715eedb4c03b9f15e34c6fabc7104bdaf5ede3,toy02_indoor_1,00001059,uncertain,toy figure,brown-orange irregular figure; protruding limbs or feet,character name; material; clothing detail,,近邻能见站立和翻转，光照变化不作稳定属性。,初始化索引 1058：人偶被举起且模糊，类别由近邻站立造型辅助，不能确认毛绒材质或脸部细节。,,,GPT-6 Astra Pro,2026-10-02,conflicting,True,gb,initial,toy,brown-orange irregular figure; protruding limbs or feet,character name; material; clothing detail,
vot,1579,ede04f7ca0ce0f17800adaf9b0262fd99f60da6cf8c8e5b76aff6316a93a858f,toy02_indoor_1,00001115,corrected,toy figure,brown-orange figure; prominent face; reddish upper parts; broad dark feet,character name; material; clothing detail,,近邻能见站立和翻转，光照变化不作稳定属性。,初始化索引 1114：红框为立体人偶，不是三明治、巧克力、肉或手；造型凹凸不代表食品/木材。,,,GPT-6 Astra Pro,2026-10-02,conflicting,True,gb,initial,toy,brown-orange figure; prominent face; reddish upper parts; broad dark feet,character name; material; clothing detail,
vot,1580,80c8b9791a9810f4c6ff3e7f279497d797e1a18312bdfc8877facee411cd542b,toy02_indoor_1,00001135,corrected,toy figure,brown-orange figure; prominent face; reddish upper parts; broad dark feet,character name; material; clothing detail,,近邻能见站立和翻转，光照变化不作稳定属性。,初始化索引 1134：红框为立体人偶，不是三明治、巧克力、肉或手；造型凹凸不代表食品/木材。,,,GPT-6 Astra Pro,2026-10-02,conflicting,True,gb,initial,toy,brown-orange figure; prominent face; reddish upper parts; broad dark feet,character name; material; clothing detail,
vot,1581,f75db7ab325d61c2dd4e4366817be29ce767b8f9c7f898eb408779526383f9da,toy09_indoor_1,00000001,corrected,toy,small white body; dark side; yellow tip or foot,material; stuffed versus molded; text; sound or liquid function,,近邻辅助正背面，不把造型当活体或肥皂功能。,初始化索引 0：手中白色玩具有暗面及黄局部，不是黄盖饮料；材质和部件不超出可见范围。,,,GPT-6 Astra Pro,2026-10-02,conflicting,True,gb,initial,toy,small white body; dark side; yellow tip or foot,material; stuffed versus molded; text; sound or liquid function,
vot,1582,6473c253873c94cc0799ec306bc2269157b2b5f7beb84879d8f0b98474b0f838,toy09_indoor_1,00000051,corrected,toy,small white body; dark side; yellow tip or foot,material; stuffed versus molded; text; sound or liquid function,,近邻辅助正背面，不把造型当活体或肥皂功能。,初始化索引 50：手中白色玩具有暗面及黄局部，不是黄盖饮料；材质和部件不超出可见范围。,,,GPT-6 Astra Pro,2026-10-02,conflicting,True,gb,initial,toy,small white body; dark side; yellow tip or foot,material; stuffed versus molded; text; sound or liquid function,
vot,1583,a179b7350d85905bac5b77b9279a2d674ec89fe7f92777fdcec0bd44a0b1c8e6,toy09_indoor_1,00000101,corrected,toy,small white body; dark side; yellow tip or foot,material; stuffed versus molded; text; sound or liquid function,,近邻辅助正背面，不把造型当活体或肥皂功能。,初始化索引 100：手中白色玩具有暗面及黄局部，不是黄盖饮料；材质和部件不超出可见范围。,,,GPT-6 Astra Pro,2026-10-02,conflicting,True,gb,initial,toy,small white body; dark side; yellow tip or foot,material; stuffed versus molded; text; sound or liquid function,
vot,1584,dbf5634cc2d5a338ae7e0b8e4aa396a8963dd4ec2b98294f784616c3239f3b8e,toy09_indoor_1,00000151,uncertain,toy,small white blurred body; dark or yellow patches,material; stuffed versus molded; text; sound or liquid function,,近邻辅助正背面，不把造型当活体或肥皂功能。,初始化索引 150：小玩具被握持/运动模糊，企鹅形类别仅由邻近完整外形辅助，部件与材料不确定。,,,GPT-6 Astra Pro,2026-10-02,conflicting,True,gb,initial,toy,small white blurred body; dark or yellow patches,material; stuffed versus molded; text; sound or liquid function,
vot,1585,1482908bba8464bb254ba571735746523bd3116fbea2cf3de022434bb50930e1,toy09_indoor_1,00000201,uncertain,toy,small white blurred body; dark or yellow patches,material; stuffed versus molded; text; sound or liquid function,,近邻辅助正背面，不把造型当活体或肥皂功能。,初始化索引 200：小玩具被握持/运动模糊，企鹅形类别仅由邻近完整外形辅助，部件与材料不确定。,,,GPT-6 Astra Pro,2026-10-02,conflicting,True,gb,initial,toy,small white blurred body; dark or yellow patches,material; stuffed versus molded; text; sound or liquid function,
vot,1586,131140df7a5d9eb3a08ee7be2666e470d8411d46ebdd68fa7f131ee825a4a02c,toy09_indoor_1,00000251,uncertain,toy,small white blurred body; dark or yellow patches,material; stuffed versus molded; text; sound or liquid function,,近邻辅助正背面，不把造型当活体或肥皂功能。,初始化索引 250：小玩具被握持/运动模糊，企鹅形类别仅由邻近完整外形辅助，部件与材料不确定。,,,GPT-6 Astra Pro,2026-10-02,conflicting,True,gb,initial,toy,small white blurred body; dark or yellow patches,material; stuffed versus molded; text; sound or liquid function,
vot,1587,a4c17e7cf67ac00358744660004e39d89078e18867704547bc51ca2690b13f41,toy09_indoor_1,00000301,corrected,toy,small white body; dark side; yellow tip or foot,material; stuffed versus molded; text; sound or liquid function,,近邻辅助正背面，不把造型当活体或肥皂功能。,初始化索引 300：手中白色玩具有暗面及黄局部，不是黄盖饮料；材质和部件不超出可见范围。,,,GPT-6 Astra Pro,2026-10-02,conflicting,True,gb,initial,toy,small white body; dark side; yellow tip or foot,material; stuffed versus molded; text; sound or liquid function,
vot,1588,3662e6957ecbf4d8ebde96f080969dd765d1f8ca3af25b2137bd6a3c8b19b282,toy09_indoor_1,00000351,corrected,toy,small white body; dark side; yellow tip or foot,material; stuffed versus molded; text; sound or liquid function,,近邻辅助正背面，不把造型当活体或肥皂功能。,初始化索引 350：手中白色玩具有暗面及黄局部，不是黄盖饮料；材质和部件不超出可见范围。,,,GPT-6 Astra Pro,2026-10-02,conflicting,True,gb,initial,toy,small white body; dark side; yellow tip or foot,material; stuffed versus molded; text; sound or liquid function,
vot,1589,2d0de3d811f43c6258648abe5e258035c77cec4d646914f57cf6018ca33a3ac9,toy09_indoor_1,00000401,uncertain,toy,small white blurred body; dark or yellow patches,material; stuffed versus molded; text; sound or liquid function,,近邻辅助正背面，不把造型当活体或肥皂功能。,初始化索引 400：小玩具被握持/运动模糊，企鹅形类别仅由邻近完整外形辅助，部件与材料不确定。,,,GPT-6 Astra Pro,2026-10-02,conflicting,True,gb,initial,toy,small white blurred body; dark or yellow patches,material; stuffed versus molded; text; sound or liquid function,
vot,1590,568d7d2cdce687456b68e3125d9b9b81a66646134a6568dc7cd719440f056749,toy09_indoor_1,00000451,uncertain,toy,small white blurred body; dark or yellow patches,material; stuffed versus molded; text; sound or liquid function,,近邻辅助正背面，不把造型当活体或肥皂功能。,初始化索引 450：小玩具被握持/运动模糊，企鹅形类别仅由邻近完整外形辅助，部件与材料不确定。,,,GPT-6 Astra Pro,2026-10-02,conflicting,True,gb,initial,toy,small white blurred body; dark or yellow patches,material; stuffed versus molded; text; sound or liquid function,
vot,1591,5f938a31a35a5045d1a2a9cc4dde463a3e38a17ce1a055cf1b21b7e906afeee6,toy09_indoor_1,00000501,corrected,toy,small white body; dark side; yellow tip or foot,material; stuffed versus molded; text; sound or liquid function,,近邻辅助正背面，不把造型当活体或肥皂功能。,初始化索引 500：手中白色玩具有暗面及黄局部，不是黄盖饮料；材质和部件不超出可见范围。,,,GPT-6 Astra Pro,2026-10-02,conflicting,True,gb,initial,toy,small white body; dark side; yellow tip or foot,material; stuffed versus molded; text; sound or liquid function,
vot,1592,97cf1dd7d76ffde227e55441fda53555307f0e8799cc5f5ae145f7018d8c7e34,toy09_indoor_1,00000551,corrected,toy,small white body; dark side; yellow tip or foot,material; stuffed versus molded; text; sound or liquid function,,近邻辅助正背面，不把造型当活体或肥皂功能。,初始化索引 550：手中白色玩具有暗面及黄局部，不是黄盖饮料；材质和部件不超出可见范围。,,,GPT-6 Astra Pro,2026-10-02,conflicting,True,gb,initial,toy,small white body; dark side; yellow tip or foot,material; stuffed versus molded; text; sound or liquid function,
vot,1593,b997289959bc05fadb714446ec467565c6c03962cd82b5fa7da08ecb35f4287e,toy09_indoor_1,00000601,supported,toy,white rounded belly; dark gray-blue back; yellow feet and beak-like tip,material; stuffed versus molded; text; sound or liquid function,,近邻辅助正背面，不把造型当活体或肥皂功能。,初始化索引 600：红框为企鹅形玩具，不是另一手瓶、手机、手套、牙刷或锤，不确认填充材质。,,,GPT-6 Astra Pro,2026-10-02,conflicting,True,gb,initial,toy,white rounded belly; dark gray-blue back; yellow feet and beak-like tip,material; stuffed versus molded; text; sound or liquid function,
vot,1594,1191f59df6042ec54fd5bdb508475392ea121582fdd60b72ca44b1ca65ab8f9d,toy09_indoor_1,00000651,supported,toy,white rounded belly; dark gray-blue back; yellow feet and beak-like tip,material; stuffed versus molded; text; sound or liquid function,,近邻辅助正背面，不把造型当活体或肥皂功能。,初始化索引 650：红框为企鹅形玩具，不是另一手瓶、手机、手套、牙刷或锤，不确认填充材质。,,,GPT-6 Astra Pro,2026-10-02,conflicting,True,gb,initial,toy,white rounded belly; dark gray-blue back; yellow feet and beak-like tip,material; stuffed versus molded; text; sound or liquid function,
vot,1595,0b10cb4e1404db770621f63f5b1e95cfb5476700cea0eff97229726f3b6118a4,toy09_indoor_1,00000701,supported,toy,dark gray-blue curved back; narrow white side; yellow lower tip,material; stuffed versus molded; text; sound or liquid function,,近邻辅助正背面，不把造型当活体或肥皂功能。,初始化索引 700：当前为玩具侧/背，不是手机屏、锤或手，白腹只作近邻类别辅助。,,,GPT-6 Astra Pro,2026-10-02,conflicting,True,gb,initial,toy,dark gray-blue curved back; narrow white side; yellow lower tip,material; stuffed versus molded; text; sound or liquid function,
vot,1596,2dd5fc49566037df7ed5d405f6fb404290a26f3a0175ff3730b54a478f8470b3,toy09_indoor_1,00000751,corrected,toy,dark gray-blue curved back; narrow white side; yellow lower tip,material; stuffed versus molded; text; sound or liquid function,,近邻辅助正背面，不把造型当活体或肥皂功能。,初始化索引 750：当前为玩具侧/背，不是手机屏、锤或手，白腹只作近邻类别辅助。,,,GPT-6 Astra Pro,2026-10-02,conflicting,True,gb,initial,toy,dark gray-blue curved back; narrow white side; yellow lower tip,material; stuffed versus molded; text; sound or liquid function,
vot,1597,e881c85e15c5df76a6098648e7a778e2ef049dcc1aebad9370302e346ba9c732,toy09_indoor_1,00000801,corrected,toy,dark gray-blue curved back; narrow white side; yellow lower tip,material; stuffed versus molded; text; sound or liquid function,,近邻辅助正背面，不把造型当活体或肥皂功能。,初始化索引 800：当前为玩具侧/背，不是手机屏、锤或手，白腹只作近邻类别辅助。,,,GPT-6 Astra Pro,2026-10-02,conflicting,True,gb,initial,toy,dark gray-blue curved back; narrow white side; yellow lower tip,material; stuffed versus molded; text; sound or liquid function,
vot,1598,56a1489b51c53fdd610054448b2e3e616f77eb9162aacaf241e4c74a53c69112,toy09_indoor_1,00000851,supported,toy,white rounded belly; dark gray-blue back; yellow feet and beak-like tip,material; stuffed versus molded; text; sound or liquid function,,近邻辅助正背面，不把造型当活体或肥皂功能。,初始化索引 850：红框为企鹅形玩具，不是另一手瓶、手机、手套、牙刷或锤，不确认填充材质。,,,GPT-6 Astra Pro,2026-10-02,conflicting,True,gb,initial,toy,white rounded belly; dark gray-blue back; yellow feet and beak-like tip,material; stuffed versus molded; text; sound or liquid function,
vot,1599,7dea0befd1e5e570b58606606e4bd72518791f37a77c0cf64299bff38e0fa97d,toy09_indoor_1,00000901,corrected,toy,white rounded belly; dark gray-blue back; yellow feet and beak-like tip,material; stuffed versus molded; text; sound or liquid function,,近邻辅助正背面，不把造型当活体或肥皂功能。,初始化索引 900：红框为企鹅形玩具，不是另一手瓶、手机、手套、牙刷或锤，不确认填充材质。,,,GPT-6 Astra Pro,2026-10-02,conflicting,True,gb,initial,toy,white rounded belly; dark gray-blue back; yellow feet and beak-like tip,material; stuffed versus molded; text; sound or liquid function,
vot,1600,d93f97f9d7c9efa582a799a7e5c2f07d1a0fb4445ab94da49aab34e538421cae,toy09_indoor_1,00000951,corrected,toy,white rounded belly; dark gray-blue back; yellow feet and beak-like tip,material; stuffed versus molded; text; sound or liquid function,,近邻辅助正背面，不把造型当活体或肥皂功能。,初始化索引 950：红框为企鹅形玩具，不是另一手瓶、手机、手套、牙刷或锤，不确认填充材质。,,,GPT-6 Astra Pro,2026-10-02,conflicting,True,gb,initial,toy,white rounded belly; dark gray-blue back; yellow feet and beak-like tip,material; stuffed versus molded; text; sound or liquid function,
vot,1601,477bb1be3da382e5bdbe827feb8c201702607b9f632990958bf1c0415b45f7e0,toy09_indoor_1,00001001,corrected,toy,white rounded belly; dark gray-blue back; yellow feet and beak-like tip,material; stuffed versus molded; text; sound or liquid function,,近邻辅助正背面，不把造型当活体或肥皂功能。,初始化索引 1000：红框为企鹅形玩具，不是另一手瓶、手机、手套、牙刷或锤，不确认填充材质。,,,GPT-6 Astra Pro,2026-10-02,conflicting,True,gb,initial,toy,white rounded belly; dark gray-blue back; yellow feet and beak-like tip,material; stuffed versus molded; text; sound or liquid function,
vot,1602,b1377be0cc7c8a5368bb3d65c5ae10c3f386473ba81f62ef90e6f14877f6cc87,toy09_indoor_1,00001051,corrected,toy,dark gray-blue curved back; narrow white side; yellow lower tip,material; stuffed versus molded; text; sound or liquid function,,近邻辅助正背面，不把造型当活体或肥皂功能。,初始化索引 1050：当前为玩具侧/背，不是手机屏、锤或手，白腹只作近邻类别辅助。,,,GPT-6 Astra Pro,2026-10-02,conflicting,True,gb,initial,toy,dark gray-blue curved back; narrow white side; yellow lower tip,material; stuffed versus molded; text; sound or liquid function,
vot,1603,7e422f83ab30144f234b3ef6a924f580ee22e00ca549c2eb50436c723169ddfb,toy09_indoor_1,00001101,corrected,toy,dark gray-blue curved back; narrow white side; yellow lower tip,material; stuffed versus molded; text; sound or liquid function,,近邻辅助正背面，不把造型当活体或肥皂功能。,初始化索引 1100：当前为玩具侧/背，不是手机屏、锤或手，白腹只作近邻类别辅助。,,,GPT-6 Astra Pro,2026-10-02,conflicting,True,gb,initial,toy,dark gray-blue curved back; narrow white side; yellow lower tip,material; stuffed versus molded; text; sound or liquid function,
vot,1604,931916a2fb77aad893be4b2d41722ad6a7bfa2ec0ad880647783a0474da669ae,toy09_indoor_1,00001251,corrected,toy,white rounded belly; dark gray-blue back; yellow feet and beak-like tip,material; stuffed versus molded; text; sound or liquid function,,近邻辅助正背面，不把造型当活体或肥皂功能。,初始化索引 1250：红框为企鹅形玩具，不是另一手瓶、手机、手套、牙刷或锤，不确认填充材质。,,,GPT-6 Astra Pro,2026-10-02,conflicting,True,gb,initial,toy,white rounded belly; dark gray-blue back; yellow feet and beak-like tip,material; stuffed versus molded; text; sound or liquid function,
vot,1605,ba05323d7dacad49dfd429cad355a4d5e0f03896a6e84900c90dcd8bbf4e851b,toy09_indoor_1,00001301,corrected,toy,white rounded belly; dark gray-blue back; yellow feet and beak-like tip,material; stuffed versus molded; text; sound or liquid function,,近邻辅助正背面，不把造型当活体或肥皂功能。,初始化索引 1300：红框为企鹅形玩具，不是另一手瓶、手机、手套、牙刷或锤，不确认填充材质。,,,GPT-6 Astra Pro,2026-10-02,conflicting,True,gb,initial,toy,white rounded belly; dark gray-blue back; yellow feet and beak-like tip,material; stuffed versus molded; text; sound or liquid function,
vot,1606,6dde8e1da2ec6e6323549f032bc2da5288fda86faa61a5ba4fb866f3bbbaa0b1,toy09_indoor_1,00001339,corrected,toy,white rounded belly; dark gray-blue back; yellow feet and beak-like tip,material; stuffed versus molded; text; sound or liquid function,,近邻辅助正背面，不把造型当活体或肥皂功能。,初始化索引 1338：红框为企鹅形玩具，不是另一手瓶、手机、手套、牙刷或锤，不确认填充材质。,,,GPT-6 Astra Pro,2026-10-02,conflicting,True,gb,initial,toy,white rounded belly; dark gray-blue back; yellow feet and beak-like tip,material; stuffed versus molded; text; sound or liquid function,
vot,1607,d488af47700064faf6386bded43b695c6ea0734d8ed76cd77286817bcb500541,toy_office_noocc_1_1,00000001,supported,plush toy,pale round face; outlined white eyes; blue cap with yellow trim; red top; brown lower body,scarf; yellow hair; material; character name,,转向和底视仅作辅助，未见面部不回填。,初始化索引 0：红框为蓝黄帽圆脸布偶，不是杯、球或手，眼线不是眼镜/文字。,,,GPT-6 Astra Pro,2026-10-02,conflicting,True,gb,initial,plush toy,pale round face; outlined white eyes; blue cap with yellow trim; red top; brown lower body,scarf; yellow hair; material; character name,
vot,1608,f50414b22e349e2977606ce0fd383c14677a6fdb4554957f3c90656a0580cb19,toy_office_noocc_1_1,00000051,corrected,plush toy,pale round face; outlined white eyes; blue cap with yellow trim; red top; brown lower body,scarf; yellow hair; material; character name,,转向和底视仅作辅助，未见面部不回填。,初始化索引 50：红框为蓝黄帽圆脸布偶，不是杯、球或手，眼线不是眼镜/文字。,,,GPT-6 Astra Pro,2026-10-02,conflicting,True,gb,initial,plush toy,pale round face; outlined white eyes; blue cap with yellow trim; red top; brown lower body,scarf; yellow hair; material; character name,
vot,1609,385cf7f077302c5070b476e5079b64921bb811a4c475ffbfdbbb857075f2cf46,toy_office_noocc_1_1,00000101,supported,plush toy,pale round face; outlined white eyes; blue cap with yellow trim; red top; brown lower body,scarf; yellow hair; material; character name,,转向和底视仅作辅助，未见面部不回填。,初始化索引 100：红框为蓝黄帽圆脸布偶，不是杯、球或手，眼线不是眼镜/文字。,,,GPT-6 Astra Pro,2026-10-02,conflicting,True,gb,initial,plush toy,pale round face; outlined white eyes; blue cap with yellow trim; red top; brown lower body,scarf; yellow hair; material; character name,
vot,1610,f1b90ebda6837c85e83db479bcca13510df7dfdd99cf1a26ea9866359c4615ba,toy_office_noocc_1_1,00000151,corrected,plush toy,pale round face; outlined white eyes; blue cap with yellow trim; red top; brown lower body,scarf; yellow hair; material; character name,,转向和底视仅作辅助，未见面部不回填。,初始化索引 150：红框为蓝黄帽圆脸布偶，不是杯、球或手，眼线不是眼镜/文字。,,,GPT-6 Astra Pro,2026-10-02,conflicting,True,gb,initial,plush toy,pale round face; outlined white eyes; blue cap with yellow trim; red top; brown lower body,scarf; yellow hair; material; character name,
vot,1611,d1ab6f0381fd24dae776755f599a4148c874fad3f22ba62d9f8feacfb8d0b91b,toy_office_noocc_1_1,00000201,corrected,plush toy,blue cap; yellow pom-pom and trim; red upper body; brown lower body,scarf; yellow hair; material; character name,,转向和底视仅作辅助，未见面部不回填。,初始化索引 200：当前帽顶/背面为主，黄圆饰不是头发，红为上身而非红裤或围巾。,,,GPT-6 Astra Pro,2026-10-02,conflicting,True,gb,initial,plush toy,blue cap; yellow pom-pom and trim; red upper body; brown lower body,scarf; yellow hair; material; character name,
vot,1612,c5a01b5da6d25a2d6e1f668d752981086fd663578c01e8db37d49844fdd5ef5b,toy_office_noocc_1_1,00000251,corrected,plush toy,blue cap; yellow pom-pom and trim; red upper body; brown lower body,scarf; yellow hair; material; character name,,转向和底视仅作辅助，未见面部不回填。,初始化索引 250：当前帽顶/背面为主，黄圆饰不是头发，红为上身而非红裤或围巾。,,,GPT-6 Astra Pro,2026-10-02,conflicting,True,gb,initial,plush toy,blue cap; yellow pom-pom and trim; red upper body; brown lower body,scarf; yellow hair; material; character name,
vot,1613,7cbdc9f458b0e56f4f9e2669eaf3f4a6679963a1a141c29e5754649571126fbf,toy_office_noocc_1_1,00000301,supported,plush toy,blue cap; yellow pom-pom and trim; red upper body; brown lower body,scarf; yellow hair; material; character name,,转向和底视仅作辅助，未见面部不回填。,初始化索引 300：当前帽顶/背面为主，黄圆饰不是头发，红为上身而非红裤或围巾。,,,GPT-6 Astra Pro,2026-10-02,conflicting,True,gb,initial,plush toy,blue cap; yellow pom-pom and trim; red upper body; brown lower body,scarf; yellow hair; material; character name,
vot,1614,84e8f2e95aa7ca0bb1f816f91261313c5677caf0ba0bf7790a30eab1f4486f4c,toy_office_noocc_1_1,00000351,corrected,plush toy,blue cap; yellow pom-pom and trim; red upper body; brown lower body,scarf; yellow hair; material; character name,,转向和底视仅作辅助，未见面部不回填。,初始化索引 350：当前帽顶/背面为主，黄圆饰不是头发，红为上身而非红裤或围巾。,,,GPT-6 Astra Pro,2026-10-02,conflicting,True,gb,initial,plush toy,blue cap; yellow pom-pom and trim; red upper body; brown lower body,scarf; yellow hair; material; character name,
vot,1615,99524873bd7a0aa7d172b881801703d0039d7bdaeee8e71a524b2182bde7281f,toy_office_noocc_1_1,00000401,corrected,plush toy,blue cap; yellow pom-pom and trim; red upper body; brown lower body,scarf; yellow hair; material; character name,,转向和底视仅作辅助，未见面部不回填。,初始化索引 400：当前帽顶/背面为主，黄圆饰不是头发，红为上身而非红裤或围巾。,,,GPT-6 Astra Pro,2026-10-02,conflicting,True,gb,initial,plush toy,blue cap; yellow pom-pom and trim; red upper body; brown lower body,scarf; yellow hair; material; character name,
vot,1616,8ec14ed17f7390582a9d6c87c2a4e836bee77789a19bc330bf07f9e043e8b1d2,toy_office_noocc_1_1,00000451,supported,plush toy,blue cap; yellow pom-pom and trim; red upper body; brown lower body,scarf; yellow hair; material; character name,,转向和底视仅作辅助，未见面部不回填。,初始化索引 450：当前帽顶/背面为主，黄圆饰不是头发，红为上身而非红裤或围巾。,,,GPT-6 Astra Pro,2026-10-02,conflicting,True,gb,initial,plush toy,blue cap; yellow pom-pom and trim; red upper body; brown lower body,scarf; yellow hair; material; character name,
vot,1617,44e88b02a3cb74a82cddbb6da89af707ba61c72b555957e0c1eec5def17c99ad,toy_office_noocc_1_1,00000501,corrected,plush toy,blue cap; yellow pom-pom and trim; red upper body; brown lower body,scarf; yellow hair; material; character name,,转向和底视仅作辅助，未见面部不回填。,初始化索引 500：当前帽顶/背面为主，黄圆饰不是头发，红为上身而非红裤或围巾。,,,GPT-6 Astra Pro,2026-10-02,conflicting,True,gb,initial,plush toy,blue cap; yellow pom-pom and trim; red upper body; brown lower body,scarf; yellow hair; material; character name,
vot,1618,54b54e0f2413585f6ee78d36c1ebc6dba449b0772351580d9e29a60a45fbfc26,toy_office_noocc_1_1,00000551,corrected,plush toy,pale round face; outlined white eyes; blue cap with yellow trim; red top; brown lower body,scarf; yellow hair; material; character name,,转向和底视仅作辅助，未见面部不回填。,初始化索引 550：红框为蓝黄帽圆脸布偶，不是杯、球或手，眼线不是眼镜/文字。,,,GPT-6 Astra Pro,2026-10-02,conflicting,True,gb,initial,plush toy,pale round face; outlined white eyes; blue cap with yellow trim; red top; brown lower body,scarf; yellow hair; material; character name,
vot,1619,02ad226ce457feedb1c2867f77de562181288c24e1cf5d6c18f44244be960a31,toy_office_noocc_1_1,00000601,corrected,plush toy,pale round face; outlined white eyes; blue cap with yellow trim; red top; brown lower body,scarf; yellow hair; material; character name,,转向和底视仅作辅助，未见面部不回填。,初始化索引 600：红框为蓝黄帽圆脸布偶，不是杯、球或手，眼线不是眼镜/文字。,,,GPT-6 Astra Pro,2026-10-02,conflicting,True,gb,initial,plush toy,pale round face; outlined white eyes; blue cap with yellow trim; red top; brown lower body,scarf; yellow hair; material; character name,
vot,1620,28c1816e8a5b6ea714b454cf4da8878d0db25d4340e1225bfe081ac7d0096913,toy_office_noocc_1_1,00000651,supported,plush toy,pale round face; outlined white eyes; blue cap with yellow trim; red top; brown lower body,scarf; yellow hair; material; character name,,转向和底视仅作辅助，未见面部不回填。,初始化索引 650：红框为蓝黄帽圆脸布偶，不是杯、球或手，眼线不是眼镜/文字。,,,GPT-6 Astra Pro,2026-10-02,conflicting,True,gb,initial,plush toy,pale round face; outlined white eyes; blue cap with yellow trim; red top; brown lower body,scarf; yellow hair; material; character name,
vot,1621,436085a0640ed697fd88a59d0bac8d9a40245914f1fe2787c00121247d400db0,toy_office_noocc_1_1,00000701,corrected,plush toy,pale round face; outlined white eyes; blue cap with yellow trim; red top; brown lower body,scarf; yellow hair; material; character name,,转向和底视仅作辅助，未见面部不回填。,初始化索引 700：红框为蓝黄帽圆脸布偶，不是杯、球或手，眼线不是眼镜/文字。,,,GPT-6 Astra Pro,2026-10-02,conflicting,True,gb,initial,plush toy,pale round face; outlined white eyes; blue cap with yellow trim; red top; brown lower body,scarf; yellow hair; material; character name,
vot,1622,579f5f08bc1a7a53db3bc9fd9dfcbdd2cd63dd9361585688910039f74daff09f,toy_office_noocc_1_1,00000751,corrected,plush toy,pale round face; outlined white eyes; blue cap with yellow trim; red top; brown lower body,scarf; yellow hair; material; character name,,转向和底视仅作辅助，未见面部不回填。,初始化索引 750：红框为蓝黄帽圆脸布偶，不是杯、球或手，眼线不是眼镜/文字。,,,GPT-6 Astra Pro,2026-10-02,conflicting,True,gb,initial,plush toy,pale round face; outlined white eyes; blue cap with yellow trim; red top; brown lower body,scarf; yellow hair; material; character name,
vot,1623,91237dd55b6ca8ba7565fbdfd49a43de442944ca4ef73c20a0cf123f9bc27999,toy_office_noocc_1_1,00000801,corrected,plush toy,dark round feet; brown lower body; red and pale upper portions,scarf; yellow hair; material; character name,,转向和底视仅作辅助，未见面部不回填。,初始化索引 800：本帧玩具脚底朝镜头，两圆底不是杯盖，类別由可见身体和近邻支持。,,,GPT-6 Astra Pro,2026-10-02,conflicting,True,gb,initial,plush toy,dark round feet; brown lower body; red and pale upper portions,scarf; yellow hair; material; character name,
vot,1624,75ce73b6a44cc1396d96fa76bdac6f1ac51e422791dce6ae2c91f7411bbeafa0,toy_office_noocc_1_1,00000851,corrected,plush toy,dark round feet; brown lower body; red and pale upper portions,scarf; yellow hair; material; character name,,转向和底视仅作辅助，未见面部不回填。,初始化索引 850：本帧玩具脚底朝镜头，两圆底不是杯盖，类別由可见身体和近邻支持。,,,GPT-6 Astra Pro,2026-10-02,conflicting,True,gb,initial,plush toy,dark round feet; brown lower body; red and pale upper portions,scarf; yellow hair; material; character name,
vot,1625,082465d8d74d8e40f89ed29d91200795fe37e6ce47685e1bc1e50648e615aa8e,toy_office_noocc_1_1,00000901,corrected,plush toy,dark round feet; brown lower body; red and pale upper portions,scarf; yellow hair; material; character name,,转向和底视仅作辅助，未见面部不回填。,初始化索引 900：本帧玩具脚底朝镜头，两圆底不是杯盖，类別由可见身体和近邻支持。,,,GPT-6 Astra Pro,2026-10-02,conflicting,True,gb,initial,plush toy,dark round feet; brown lower body; red and pale upper portions,scarf; yellow hair; material; character name,
vot,1626,73c308540abc205cc39388dc64e6faec1a33d9e581bf0374ed536e2ceb5598a0,toy_office_noocc_1_1,00000951,corrected,plush toy,pale round face; outlined white eyes; blue cap with yellow trim; red top; brown lower body,scarf; yellow hair; material; character name,,转向和底视仅作辅助，未见面部不回填。,初始化索引 950：红框为蓝黄帽圆脸布偶，不是杯、球或手，眼线不是眼镜/文字。,,,GPT-6 Astra Pro,2026-10-02,conflicting,True,gb,initial,plush toy,pale round face; outlined white eyes; blue cap with yellow trim; red top; brown lower body,scarf; yellow hair; material; character name,
vot,1627,9a38d7f8cd78dc1b5c5e5af5717999e2b5bf4dd360e10bd183d2722b367f62ec,toy_office_noocc_1_1,00000981,corrected,plush toy,pale round face; outlined white eyes; blue cap with yellow trim; red top; brown lower body,scarf; yellow hair; material; character name,,转向和底视仅作辅助，未见面部不回填。,初始化索引 980：蓝黄帽、红上身、棕下部与原黄色头发/蓝衬衫不符。,,,GPT-6 Astra Pro,2026-10-02,conflicting,True,gb,initial,plush toy,pale round face; outlined white eyes; blue cap with yellow trim; red top; brown lower body,scarf; yellow hair; material; character name,
vot,1628,75d0cf40ff056de16c5757d6a1cae474bec88cc5986793ff530ca953ea8834d3,trashcan_room_occ_1_2,00000001,corrected,trash bin,green tall rectangular body; hinged top; dark wheels,material; lettering; lid state,,相似桶由不同人移动，按本初始化红框区分。,初始化索引 0：红框是绿色轮式桶，不是人物或另一只桶，不认定金属材质和圆柱形。,,,GPT-6 Astra Pro,2026-10-02,conflicting,True,gb,initial,trash bin,green tall rectangular body; hinged top; dark wheels,material; lettering; lid state,
vot,1629,b525bf8f6bff3c344a71e800590dcca877391a21523f0dc576dc8521e1683e01,trashcan_room_occ_1_2,00000051,corrected,trash bin,green tall rectangular body; hinged top; dark wheels,material; lettering; lid state,,相似桶由不同人移动，按本初始化红框区分。,初始化索引 50：红框是绿色轮式桶，不是人物或另一只桶，不认定金属材质和圆柱形。,,,GPT-6 Astra Pro,2026-10-02,conflicting,True,gb,initial,trash bin,green tall rectangular body; hinged top; dark wheels,material; lettering; lid state,
vot,1630,2e40aaf995ccbd5c148d730d8d37a21a5c2a2feae10245b0008a7df727406297,trashcan_room_occ_1_2,00000064,corrected,trash bin,green tall rectangular body; hinged top; dark wheels,material; lettering; lid state,,相似桶由不同人移动，按本初始化红框区分。,初始化索引 63：红框是绿色轮式桶，不是人物或另一只桶，不认定金属材质和圆柱形。,,,GPT-6 Astra Pro,2026-10-02,conflicting,True,gb,initial,trash bin,green tall rectangular body; hinged top; dark wheels,material; lettering; lid state,
vot,1631,7851eb2e3fcfea31fd2b037e4b330e9a837479b6502ef3eb8c17a811e24920c9,trashcans_room_occ_1_A_1,00000001,supported,trash bin,green tall rectangular body; hinged top; dark wheels,material; lettering; lid state,,相似桶由不同人移动，按本初始化红框区分。,初始化索引 0：本条目标是后方/靠沙发的绿色桶，非前景倾斜桶；小字位置不确认在盖上。,,,GPT-6 Astra Pro,2026-10-02,conflicting,True,gb,initial,trash bin,green tall rectangular body; hinged top; dark wheels,material; lettering; lid state,
vot,1632,4f5de03bccf1bdf4bffee154120b519ad4f9940fbc9d54dee1664877feee6134,trashcans_room_occ_1_A_1,00000051,corrected,trash bin,green tall rectangular body; hinged top; dark wheels,material; lettering; lid state,,相似桶由不同人移动，按本初始化红框区分。,初始化索引 50：本条目标是后方/靠沙发的绿色桶，非前景倾斜桶；小字位置不确认在盖上。,,,GPT-6 Astra Pro,2026-10-02,conflicting,True,gb,initial,trash bin,green tall rectangular body; hinged top; dark wheels,material; lettering; lid state,
vot,1633,be330d49ffea3a1f73fa6c44fc0392ddf79f612d9744823c815264e85c328b30,trashcans_room_occ_1_B_1,00000001,corrected,trash bin,green rectangular bin; pale front lettering; dark wheels,material; lettering; lid state,,相似桶由不同人移动，按本初始化红框区分。,初始化索引 0：红框是绿色轮式桶，不是人物或另一只桶，不认定金属材质和圆柱形。,,,GPT-6 Astra Pro,2026-10-02,conflicting,True,gb,initial,trash bin,green rectangular bin; pale front lettering; dark wheels,material; lettering; lid state,
vot,1634,adea6a701ffc5fe3f8ac9ff0806ee2b09026c5fd63943208c0413a85325de9d8,trashcans_room_occ_1_B_1,00000051,corrected,trash bin,green rectangular bin; pale front lettering; dark wheels,material; lettering; lid state,,相似桶由不同人移动，按本初始化红框区分。,初始化索引 50：红框是绿色轮式桶，不是人物或另一只桶，不认定金属材质和圆柱形。,,,GPT-6 Astra Pro,2026-10-02,conflicting,True,gb,initial,trash bin,green rectangular bin; pale front lettering; dark wheels,material; lettering; lid state,
vot,1635,4316cb323e5af1dc7c308f89f649190d4ab89bcd1b6bf44518d2651cedad7f9d,trashcans_room_occ_1_B_1,00000101,supported,trash bin,green rectangular bin; pale front lettering; dark wheels,material; lettering; lid state,,相似桶由不同人移动，按本初始化红框区分。,初始化索引 100：红框是绿色轮式桶，不是人物或另一只桶，不认定金属材质和圆柱形。,,,GPT-6 Astra Pro,2026-10-02,conflicting,True,gb,initial,trash bin,green rectangular bin; pale front lettering; dark wheels,material; lettering; lid state,
vot,1636,62d504e1b7d53400016f1a4ff3a79466d0afa20be6756f21f385544b513c603d,trashcans_room_occ_1_B_1,00000151,corrected,trash bin,green tall rectangular body; hinged top; dark wheels,material; lettering; lid state,,相似桶由不同人移动，按本初始化红框区分。,初始化索引 150：桶倾斜且上沿被手挡住，不能确认盖已打开。,,,GPT-6 Astra Pro,2026-10-02,conflicting,True,gb,initial,trash bin,green tall rectangular body; hinged top; dark wheels,material; lettering; lid state,
vot,1637,cd6b4996eb5f0061a27dd922e710197bbd8c2483b2527aaaa0203adcf0851414,trashcans_room_occ_1_B_1,00000161,corrected,trash bin,green tall rectangular body; hinged top; dark wheels,material; lettering; lid state,,相似桶由不同人移动，按本初始化红框区分。,初始化索引 160：桶倾斜且上沿被手挡住，不能确认盖已打开。,,,GPT-6 Astra Pro,2026-10-02,conflicting,True,gb,initial,trash bin,green tall rectangular body; hinged top; dark wheels,material; lettering; lid state,
vot,1638,6b1871c6aef5d0d765b55e431f954536f085e261202e9663b2f137068b523346,trashcans_room_occ_1_B_3,00000001,corrected,trash bin,green tall rectangular body; hinged top; dark wheels,material; lettering; lid state,,相似桶由不同人移动，按本初始化红框区分。,初始化索引 0：红框是绿色轮式桶，不是人物或另一只桶，不认定金属材质和圆柱形。,,,GPT-6 Astra Pro,2026-10-02,conflicting,True,gb,initial,trash bin,green tall rectangular body; hinged top; dark wheels,material; lettering; lid state,
vot,1639,0d9c0383d85ffee3b86244a22265c569f24f96fc6177a3e77f9eacb4ff89c575,trashcans_room_occ_1_B_3,00000051,supported,trash bin,green rectangular bin; pale front lettering; dark wheels,material; lettering; lid state,,相似桶由不同人移动，按本初始化红框区分。,初始化索引 50：红框是绿色轮式桶，不是人物或另一只桶，不认定金属材质和圆柱形。,,,GPT-6 Astra Pro,2026-10-02,conflicting,True,gb,initial,trash bin,green rectangular bin; pale front lettering; dark wheels,material; lettering; lid state,
vot,1640,49aa026053e0e74c3b58cc33c9b56086f54a4a3eb1b36fabb45ac85dc19bee8c,trashcans_room_occ_1_B_3,00000101,corrected,trash bin,green rectangular bin; pale front lettering; dark wheels,material; lettering; lid state,,相似桶由不同人移动，按本初始化红框区分。,初始化索引 100：红框是绿色轮式桶，不是人物或另一只桶，不认定金属材质和圆柱形。,,,GPT-6 Astra Pro,2026-10-02,conflicting,True,gb,initial,trash bin,green rectangular bin; pale front lettering; dark wheels,material; lettering; lid state,
vot,1641,4a19dc5bc7a1bc4dc6d432a821ab6fd71c963669ef00306f4e1086e0fa72a0ed,trendNetBag_outside_1,00000001,corrected,box,rectangular retail package; blue-purple and pale panel; printed dark device image,contents; electronic function; material; fine print,,多帧只辅助盒体转面，不以文件名或人物确定类别。,初始化索引 0：红框为完整包装，设备印图不是实体手机、屏或电脑，人物和背包不并入。,,,GPT-6 Astra Pro,2026-10-02,conflicting,True,gb,initial,box,rectangular retail package; blue-purple and pale panel; printed dark device image,contents; electronic function; material; fine print,
vot,1642,a44a729bd58cc91865ffad826bba7a82d21f968fa98c4767a74bdc71744e236e,trendNetBag_outside_1,00000051,supported,box,rectangular retail package; blue-purple and pale panel; printed dark device image,contents; electronic function; material; fine print,,多帧只辅助盒体转面，不以文件名或人物确定类别。,初始化索引 50：红框为完整包装，设备印图不是实体手机、屏或电脑，人物和背包不并入。,,,GPT-6 Astra Pro,2026-10-02,conflicting,True,gb,initial,box,rectangular retail package; blue-purple and pale panel; printed dark device image,contents; electronic function; material; fine print,
vot,1643,fde4851f6bfdbb4d70591bf84f756c7b97236ec6c6df0a38ba3eb888632ecb95,trendNetBag_outside_1,00000101,corrected,box,rectangular retail package; blue-purple and pale panel; printed dark device image,contents; electronic function; material; fine print,,多帧只辅助盒体转面，不以文件名或人物确定类别。,初始化索引 100：红框为完整包装，设备印图不是实体手机、屏或电脑，人物和背包不并入。,,,GPT-6 Astra Pro,2026-10-02,conflicting,True,gb,initial,box,rectangular retail package; blue-purple and pale panel; printed dark device image,contents; electronic function; material; fine print,
vot,1644,f9533976146fb2989c91532fc907f5645399afe6549af09324a5df0f06f22eff,trendNetBag_outside_1,00000151,supported,box,rectangular retail package; blue-purple and pale panel; printed dark device image,contents; electronic function; material; fine print,,多帧只辅助盒体转面，不以文件名或人物确定类别。,初始化索引 150：红框为完整包装，设备印图不是实体手机、屏或电脑，人物和背包不并入。,,,GPT-6 Astra Pro,2026-10-02,conflicting,True,gb,initial,box,rectangular retail package; blue-purple and pale panel; printed dark device image,contents; electronic function; material; fine print,
vot,1645,d0dcb886115f1ca72da32da734fefe8f4e47ceb3e8499da8e00a5f7bf2cbdea7,trendNetBag_outside_1,00000201,corrected,box,rectangular retail package; blue-purple and pale panel; printed dark device image,contents; electronic function; material; fine print,,多帧只辅助盒体转面，不以文件名或人物确定类别。,初始化索引 200：红框为完整包装，设备印图不是实体手机、屏或电脑，人物和背包不并入。,,,GPT-6 Astra Pro,2026-10-02,conflicting,True,gb,initial,box,rectangular retail package; blue-purple and pale panel; printed dark device image,contents; electronic function; material; fine print,
vot,1646,1c5eab74bbcc53009d97543c1511c27eb9b4cfcccd0091badbf6a173ce6bf995,trendNetBag_outside_1,00000251,corrected,box,rectangular retail package; blue-purple and pale panel; printed dark device image,contents; electronic function; material; fine print,,多帧只辅助盒体转面，不以文件名或人物确定类别。,初始化索引 250：红框为完整包装，设备印图不是实体手机、屏或电脑，人物和背包不并入。,,,GPT-6 Astra Pro,2026-10-02,conflicting,True,gb,initial,box,rectangular retail package; blue-purple and pale panel; printed dark device image,contents; electronic function; material; fine print,
vot,1647,bd4212032f1423a665e7d904fdda51d1fb03cb6b7d2e8647ec8639702cdc93b3,trendNetBag_outside_1,00000301,corrected,box,rectangular retail package; blue-purple and pale panel; printed dark device image,contents; electronic function; material; fine print,,多帧只辅助盒体转面，不以文件名或人物确定类别。,初始化索引 300：红框为完整包装，设备印图不是实体手机、屏或电脑，人物和背包不并入。,,,GPT-6 Astra Pro,2026-10-02,conflicting,True,gb,initial,box,rectangular retail package; blue-purple and pale panel; printed dark device image,contents; electronic function; material; fine print,
vot,1648,238b6b7904c407cea5eeff97307533cfa1f7011d4585b21da6064d5ac2124850,trendNetBag_outside_1,00000351,corrected,box,rectangular retail package; blue-purple and pale panel; printed dark device image,contents; electronic function; material; fine print,,多帧只辅助盒体转面，不以文件名或人物确定类别。,初始化索引 350：红框为完整包装，设备印图不是实体手机、屏或电脑，人物和背包不并入。,,,GPT-6 Astra Pro,2026-10-02,conflicting,True,gb,initial,box,rectangular retail package; blue-purple and pale panel; printed dark device image,contents; electronic function; material; fine print,
vot,1649,1e217d3f6738f748430d576fa4ba59c07a1b8e5f8d5dae5bdb9cc28950e1dd0d,trendNetBag_outside_1,00000401,supported,box,rectangular retail package; blue-purple and pale panel; printed dark device image,contents; electronic function; material; fine print,,多帧只辅助盒体转面，不以文件名或人物确定类别。,初始化索引 400：红框为完整包装，设备印图不是实体手机、屏或电脑，人物和背包不并入。,,,GPT-6 Astra Pro,2026-10-02,conflicting,True,gb,initial,box,rectangular retail package; blue-purple and pale panel; printed dark device image,contents; electronic function; material; fine print,
vot,1650,16484716be984691ce8d606108f2c62c4a6068b0fcc9b8baae8f7d1585e5b5da,trendNetBag_outside_1,00000451,corrected,box,rectangular retail package; blue-purple and pale panel; printed dark device image,contents; electronic function; material; fine print,,多帧只辅助盒体转面，不以文件名或人物确定类别。,初始化索引 450：红框为完整包装，设备印图不是实体手机、屏或电脑，人物和背包不并入。,,,GPT-6 Astra Pro,2026-10-02,conflicting,True,gb,initial,box,rectangular retail package; blue-purple and pale panel; printed dark device image,contents; electronic function; material; fine print,
vot,1651,023af87e32a5ecd4ffe64fc63f90d0186dc14d6ba2325c7d6c0fc28351313c89,trendNetBag_outside_1,00000501,corrected,box,rectangular retail package; blue-purple and pale panel; printed dark device image,contents; electronic function; material; fine print,,多帧只辅助盒体转面，不以文件名或人物确定类别。,初始化索引 500：红框为完整包装，设备印图不是实体手机、屏或电脑，人物和背包不并入。,,,GPT-6 Astra Pro,2026-10-02,conflicting,True,gb,initial,box,rectangular retail package; blue-purple and pale panel; printed dark device image,contents; electronic function; material; fine print,
vot,1652,d7f1309c590ba2e92488ed7b8a362cddec7b3f48372da34b10b8ee0d4b9814c8,trendNetBag_outside_1,00000551,corrected,box,dark narrow printed side; pale-blue adjacent panel; straight box edges,contents; electronic function; material; fine print,,多帧只辅助盒体转面，不以文件名或人物确定类别。,初始化索引 550：当前侧转，仅见侧边和邻面，不是衣服或设备屏，不补未见完整正面。,,,GPT-6 Astra Pro,2026-10-02,conflicting,True,gb,initial,box,dark narrow printed side; pale-blue adjacent panel; straight box edges,contents; electronic function; material; fine print,
vot,1653,67c0cd4bdfdcee5b65913c9762df6284c17a3ef029357cdde3301235ca420fff,trendNetBag_outside_1,00000601,corrected,box,pale rectangular back panel; small printed diagrams and text; dark side,contents; electronic function; material; fine print,,多帧只辅助盒体转面，不以文件名或人物确定类别。,初始化索引 600：本帧为白色印刷包装背面，有盒体边缘，不是独立文档或书。,,,GPT-6 Astra Pro,2026-10-02,conflicting,True,gb,initial,box,pale rectangular back panel; small printed diagrams and text; dark side,contents; electronic function; material; fine print,
vot,1654,6e120c599e011cf48bb8fc8ef2d0785900cb8eb8965597f4c97e11410dcefb32,trendNetBag_outside_1,00000651,corrected,box,pale rectangular back panel; small printed diagrams and text; dark side,contents; electronic function; material; fine print,,多帧只辅助盒体转面，不以文件名或人物确定类别。,初始化索引 650：本帧为白色印刷包装背面，有盒体边缘，不是独立文档或书。,,,GPT-6 Astra Pro,2026-10-02,conflicting,True,gb,initial,box,pale rectangular back panel; small printed diagrams and text; dark side,contents; electronic function; material; fine print,
vot,1655,ca02d7150d987427463d137cf8e7635276c1b8d050a141f5f4b7a7417cf88f49,trendNetBag_outside_1,00000701,corrected,box,dark narrow printed side; pale-blue adjacent panel; straight box edges,contents; electronic function; material; fine print,,多帧只辅助盒体转面，不以文件名或人物确定类别。,初始化索引 700：当前侧转，仅见侧边和邻面，不是衣服或设备屏，不补未见完整正面。,,,GPT-6 Astra Pro,2026-10-02,conflicting,True,gb,initial,box,dark narrow printed side; pale-blue adjacent panel; straight box edges,contents; electronic function; material; fine print,
vot,1656,59df25654172acb132b6b48ab12a43aa70dcd075c3b6af134d9961979bc0750e,trendNetBag_outside_1,00000751,corrected,box,rectangular retail package; blue-purple and pale panel; printed dark device image,contents; electronic function; material; fine print,,多帧只辅助盒体转面，不以文件名或人物确定类别。,初始化索引 750：红框为完整包装，设备印图不是实体手机、屏或电脑，人物和背包不并入。,,,GPT-6 Astra Pro,2026-10-02,conflicting,True,gb,initial,box,rectangular retail package; blue-purple and pale panel; printed dark device image,contents; electronic function; material; fine print,
vot,1657,805cf23bfe222a0bc69ff2c3ca5f0b6aa9495c3839cb0d96baef5e4a69aeb73f,trendNetBag_outside_1,00000801,corrected,box,rectangular retail package; blue-purple and pale panel; printed dark device image,contents; electronic function; material; fine print,,多帧只辅助盒体转面，不以文件名或人物确定类别。,初始化索引 800：所谓鱼形部分是包装印图/反光，红框不是鱼实体。,,,GPT-6 Astra Pro,2026-10-02,conflicting,True,gb,initial,box,rectangular retail package; blue-purple and pale panel; printed dark device image,contents; electronic function; material; fine print,
vot,1658,e63e5a646c5dd9cc0d44b7f56ee0e3f338af1caa01d1d12df460307d7ee7e7df,trendNetBag_outside_1,00000851,corrected,box,rectangular retail package; blue-purple and pale panel; printed dark device image,contents; electronic function; material; fine print,,多帧只辅助盒体转面，不以文件名或人物确定类别。,初始化索引 850：红框为衣前/背包上方的包装，不是下面背包或衣服；产品图不是裸设备。,,,GPT-6 Astra Pro,2026-10-02,conflicting,True,gb,initial,box,rectangular retail package; blue-purple and pale panel; printed dark device image,contents; electronic function; material; fine print,
vot,1659,f1b900e7625473cb24d675e18117915a39ea5c5a499c6fdfa241dbf62aa0d140,trendNetBag_outside_1,00000890,corrected,box,pale rectangular back panel; small printed diagrams and text; dark side,contents; electronic function; material; fine print,,多帧只辅助盒体转面，不以文件名或人物确定类别。,初始化索引 889：本帧为白色印刷包装背面，有盒体边缘，不是独立文档或书。,,,GPT-6 Astra Pro,2026-10-02,conflicting,True,gb,initial,box,pale rectangular back panel; small printed diagrams and text; dark side,contents; electronic function; material; fine print,
vot,1660,044bbc6dd1a8d73e786f5c2cdc5fce559d499afc319018bedde117c1b22fe8d7,trendNetBag_outside_1,00000951,corrected,box,rectangular retail package; blue-purple and pale panel; printed dark device image,contents; electronic function; material; fine print,,多帧只辅助盒体转面，不以文件名或人物确定类别。,初始化索引 950：红框为衣前/背包上方的包装，不是下面背包或衣服；产品图不是裸设备。,,,GPT-6 Astra Pro,2026-10-02,conflicting,True,gb,initial,box,rectangular retail package; blue-purple and pale panel; printed dark device image,contents; electronic function; material; fine print,
vot,1661,790db4843adab3dc9dd920475f6e2d67049e2564feea42b698f443aa65faaf0c,trendNetBag_outside_1,00001001,corrected,box,rectangular retail package; blue-purple and pale panel; printed dark device image,contents; electronic function; material; fine print,,多帧只辅助盒体转面，不以文件名或人物确定类别。,初始化索引 1000：红框为衣前/背包上方的包装，不是下面背包或衣服；产品图不是裸设备。,,,GPT-6 Astra Pro,2026-10-02,conflicting,True,gb,initial,box,rectangular retail package; blue-purple and pale panel; printed dark device image,contents; electronic function; material; fine print,
vot,1662,c114df7bcc9efb3f8bad41fcfa10dbeba1a37b398faa6350133f0262c8a455ce,trendNetBag_outside_1,00001051,corrected,box,rectangular retail package; blue-purple and pale panel; printed dark device image,contents; electronic function; material; fine print,,多帧只辅助盒体转面，不以文件名或人物确定类别。,初始化索引 1050：红框为完整包装，设备印图不是实体手机、屏或电脑，人物和背包不并入。,,,GPT-6 Astra Pro,2026-10-02,conflicting,True,gb,initial,box,rectangular retail package; blue-purple and pale panel; printed dark device image,contents; electronic function; material; fine print,
vot,1663,54556b65d0202a3016ce76abe574ce47657527974ae4f50f92ce004215599355,trendNetBag_outside_1,00001101,corrected,box,rectangular retail package; blue-purple and pale panel; printed dark device image,contents; electronic function; material; fine print,,多帧只辅助盒体转面，不以文件名或人物确定类别。,初始化索引 1100：红框为完整包装，设备印图不是实体手机、屏或电脑，人物和背包不并入。,,,GPT-6 Astra Pro,2026-10-02,conflicting,True,gb,initial,box,rectangular retail package; blue-purple and pale panel; printed dark device image,contents; electronic function; material; fine print,
vot,1664,da66046706cf2bb35017b221b46e8115639acc4246400e8e5811f3378021842a,trendNetBag_outside_1,00001151,corrected,box,rectangular retail package; blue-purple and pale panel; printed dark device image,contents; electronic function; material; fine print,,多帧只辅助盒体转面，不以文件名或人物确定类别。,初始化索引 1150：红框为完整包装，设备印图不是实体手机、屏或电脑，人物和背包不并入。,,,GPT-6 Astra Pro,2026-10-02,conflicting,True,gb,initial,box,rectangular retail package; blue-purple and pale panel; printed dark device image,contents; electronic function; material; fine print,
vot,1665,23baad1fd4c00d7bf32ed515ee8bfe84b61f78286a9a49567cfbcb7c98c715d1,trendNetBag_outside_1,00001201,corrected,box,rectangular retail package; blue-purple and pale panel; printed dark device image,contents; electronic function; material; fine print,,多帧只辅助盒体转面，不以文件名或人物确定类别。,初始化索引 1200：红框为完整包装，设备印图不是实体手机、屏或电脑，人物和背包不并入。,,,GPT-6 Astra Pro,2026-10-02,conflicting,True,gb,initial,box,rectangular retail package; blue-purple and pale panel; printed dark device image,contents; electronic function; material; fine print,
vot,1666,9b74b595126860c2ce999eff64c6e6db3c768b903d4ab4b85598d50d6a1c83ba,trendNetBag_outside_1,00001251,corrected,box,rectangular retail package; blue-purple and pale panel; printed dark device image,contents; electronic function; material; fine print,,多帧只辅助盒体转面，不以文件名或人物确定类别。,初始化索引 1250：红框为完整包装，设备印图不是实体手机、屏或电脑，人物和背包不并入。,,,GPT-6 Astra Pro,2026-10-02,conflicting,True,gb,initial,box,rectangular retail package; blue-purple and pale panel; printed dark device image,contents; electronic function; material; fine print,
vot,1667,138aa58372e0d6e91606ba61a909ce631bce1e1f1ac18e0bf127c2fa14f7eb6b,trendNetBag_outside_1,00001301,supported,box,dark narrow printed side; pale-blue adjacent panel; straight box edges,contents; electronic function; material; fine print,,多帧只辅助盒体转面，不以文件名或人物确定类别。,初始化索引 1300：当前侧转，仅见侧边和邻面，不是衣服或设备屏，不补未见完整正面。,,,GPT-6 Astra Pro,2026-10-02,conflicting,True,gb,initial,box,dark narrow printed side; pale-blue adjacent panel; straight box edges,contents; electronic function; material; fine print,
vot,1668,358f60823dcc9ee8913e15c600f27dfe25b511de5c47181436fda08dc50e36a3,trendNetBag_outside_1,00001351,corrected,box,pale rectangular back panel; small printed diagrams and text; dark side,contents; electronic function; material; fine print,,多帧只辅助盒体转面，不以文件名或人物确定类别。,初始化索引 1350：本帧为白色印刷包装背面，有盒体边缘，不是独立文档或书。,,,GPT-6 Astra Pro,2026-10-02,conflicting,True,gb,initial,box,pale rectangular back panel; small printed diagrams and text; dark side,contents; electronic function; material; fine print,
vot,1669,5a25c4f3b6caa7db1f35c92fbd2ade74d2ec083251cf223f008627aabcf31140,trendNetBag_outside_1,00001401,corrected,box,rectangular retail package; blue-purple and pale panel; printed dark device image,contents; electronic function; material; fine print,,多帧只辅助盒体转面，不以文件名或人物确定类别。,初始化索引 1400：红框为完整包装，设备印图不是实体手机、屏或电脑，人物和背包不并入。,,,GPT-6 Astra Pro,2026-10-02,conflicting,True,gb,initial,box,rectangular retail package; blue-purple and pale panel; printed dark device image,contents; electronic function; material; fine print,
vot,1670,7b734c34d5b189be69938ce03154cf570d302c5269b45096423bf858c85dc6c1,trendNetBag_outside_1,00001451,corrected,box,rectangular retail package; blue-purple and pale panel; printed dark device image,contents; electronic function; material; fine print,,多帧只辅助盒体转面，不以文件名或人物确定类别。,初始化索引 1450：红框为完整包装，设备印图不是实体手机、屏或电脑，人物和背包不并入。,,,GPT-6 Astra Pro,2026-10-02,conflicting,True,gb,initial,box,rectangular retail package; blue-purple and pale panel; printed dark device image,contents; electronic function; material; fine print,
vot,1671,9b4c5566a810fe175496e8b53faca68e64c260ad8cdd7ff1139a00ba0f8e84b1,trendNetBag_outside_1,00001471,corrected,box,rectangular retail package; blue-purple and pale panel; printed dark device image,contents; electronic function; material; fine print,,多帧只辅助盒体转面，不以文件名或人物确定类别。,初始化索引 1470：红框为衣前/背包上方的包装，不是下面背包或衣服；产品图不是裸设备。,,,GPT-6 Astra Pro,2026-10-02,conflicting,True,gb,initial,box,rectangular retail package; blue-purple and pale panel; printed dark device image,contents; electronic function; material; fine print,
vot,1672,fab98639a635ce272e3a3ffaffa239fc8f76bab403eaa86c55e1d1f01b566542,trendNet_outside_1,00000001,corrected,box,rectangular retail package; blue-purple and pale panel; printed dark device image,contents; electronic function; material; fine print,,多帧只辅助盒体转面，不以文件名或人物确定类别。,初始化索引 0：红框为完整包装，设备印图不是实体手机、屏或电脑，人物和背包不并入。,,,GPT-6 Astra Pro,2026-10-02,conflicting,True,gb,initial,box,rectangular retail package; blue-purple and pale panel; printed dark device image,contents; electronic function; material; fine print,
vot,1673,5f26255bf26616e8b106df8ef8f020c5e119b99b15f724c54f25ced9aa4facd5,trendNet_outside_1,00000051,corrected,box,rectangular retail package; blue-purple and pale panel; printed dark device image,contents; electronic function; material; fine print,,多帧只辅助盒体转面，不以文件名或人物确定类别。,初始化索引 50：红框为完整包装，设备印图不是实体手机、屏或电脑，人物和背包不并入。,,,GPT-6 Astra Pro,2026-10-02,conflicting,True,gb,initial,box,rectangular retail package; blue-purple and pale panel; printed dark device image,contents; electronic function; material; fine print,
vot,1674,eac022e80f7267eed6d01a3dd5aa2de7780eef8d9e3569520c6097714d111dcd,trendNet_outside_1,00000101,corrected,box,rectangular retail package; blue-purple and pale panel; printed dark device image,contents; electronic function; material; fine print,,多帧只辅助盒体转面，不以文件名或人物确定类别。,初始化索引 100：红框为完整包装，设备印图不是实体手机、屏或电脑，人物和背包不并入。,,,GPT-6 Astra Pro,2026-10-02,conflicting,True,gb,initial,box,rectangular retail package; blue-purple and pale panel; printed dark device image,contents; electronic function; material; fine print,
vot,1675,6d1d542e863060259ad68760ab83f5313dd748a1d753b80fb17721a7cbf7a3fa,trendNet_outside_1,00000151,corrected,box,rectangular retail package; blue-purple and pale panel; printed dark device image,contents; electronic function; material; fine print,,多帧只辅助盒体转面，不以文件名或人物确定类别。,初始化索引 150：红框为完整包装，设备印图不是实体手机、屏或电脑，人物和背包不并入。,,,GPT-6 Astra Pro,2026-10-02,conflicting,True,gb,initial,box,rectangular retail package; blue-purple and pale panel; printed dark device image,contents; electronic function; material; fine print,
vot,1676,ea74d88b2bea4cec66d1825ee92d152cf6587493a6cf5d33b544db8ff591f009,trendNet_outside_1,00000201,corrected,box,dark narrow printed side; pale-blue adjacent panel; straight box edges,contents; electronic function; material; fine print,,多帧只辅助盒体转面，不以文件名或人物确定类别。,初始化索引 200：当前侧转，仅见侧边和邻面，不是衣服或设备屏，不补未见完整正面。,,,GPT-6 Astra Pro,2026-10-02,conflicting,True,gb,initial,box,dark narrow printed side; pale-blue adjacent panel; straight box edges,contents; electronic function; material; fine print,
vot,1677,fd0564961357c985658614c159d43911c552e26162e78411d56c70167069397d,trendNet_outside_1,00000251,corrected,box,dark narrow printed side; pale-blue adjacent panel; straight box edges,contents; electronic function; material; fine print,,多帧只辅助盒体转面，不以文件名或人物确定类别。,初始化索引 250：当前侧转，仅见侧边和邻面，不是衣服或设备屏，不补未见完整正面。,,,GPT-6 Astra Pro,2026-10-02,conflicting,True,gb,initial,box,dark narrow printed side; pale-blue adjacent panel; straight box edges,contents; electronic function; material; fine print,
vot,1678,89858205379a2719f235d0d110532e5df6820b04d0fb171b65527f59d5b77b86,trendNet_outside_1,00000301,corrected,box,dark narrow printed side; pale-blue adjacent panel; straight box edges,contents; electronic function; material; fine print,,多帧只辅助盒体转面，不以文件名或人物确定类别。,初始化索引 300：当前侧转，仅见侧边和邻面，不是衣服或设备屏，不补未见完整正面。,,,GPT-6 Astra Pro,2026-10-02,conflicting,True,gb,initial,box,dark narrow printed side; pale-blue adjacent panel; straight box edges,contents; electronic function; material; fine print,
vot,1679,947a7bd304f3aca10cd7841b9556e1a5222899a487f37ac2906a350ee2e70b7d,trendNet_outside_1,00000361,corrected,box,pale rectangular back panel; small printed diagrams and text; dark side,contents; electronic function; material; fine print,,多帧只辅助盒体转面，不以文件名或人物确定类别。,初始化索引 360：本帧为白色印刷包装背面，有盒体边缘，不是独立文档或书。,,,GPT-6 Astra Pro,2026-10-02,conflicting,True,gb,initial,box,pale rectangular back panel; small printed diagrams and text; dark side,contents; electronic function; material; fine print,
vot,1680,9429fe23aa960bd5d03d598f14284f74bb4241935bd0bd32d167ad3a3a9ad311,trendNet_outside_1,00000401,corrected,box,pale rectangular back panel; small printed diagrams and text; dark side,contents; electronic function; material; fine print,,多帧只辅助盒体转面，不以文件名或人物确定类别。,初始化索引 400：本帧为白色印刷包装背面，有盒体边缘，不是独立文档或书。,,,GPT-6 Astra Pro,2026-10-02,conflicting,True,gb,initial,box,pale rectangular back panel; small printed diagrams and text; dark side,contents; electronic function; material; fine print,
vot,1681,4d50bf7f44ecc2faeb609c59eafb77a4dc19f736bfde4de251ecfa8aa7bc6ce3,trendNet_outside_1,00000451,corrected,box,pale rectangular back panel; small printed diagrams and text; dark side,contents; electronic function; material; fine print,,多帧只辅助盒体转面，不以文件名或人物确定类别。,初始化索引 450：本帧为白色印刷包装背面，有盒体边缘，不是独立文档或书。,,,GPT-6 Astra Pro,2026-10-02,conflicting,True,gb,initial,box,pale rectangular back panel; small printed diagrams and text; dark side,contents; electronic function; material; fine print,
vot,1682,31f4039a14f149fc0cef23b94e3054b5ce94907437d6e4350fa80accbab1440b,trendNet_outside_1,00000501,corrected,box,pale rectangular back panel; small printed diagrams and text; dark side,contents; electronic function; material; fine print,,多帧只辅助盒体转面，不以文件名或人物确定类别。,初始化索引 500：本帧为白色印刷包装背面，有盒体边缘，不是独立文档或书。,,,GPT-6 Astra Pro,2026-10-02,conflicting,True,gb,initial,box,pale rectangular back panel; small printed diagrams and text; dark side,contents; electronic function; material; fine print,
vot,1683,230e55f0b5d254554d0559d96d60fcd13bcb17e50eecbacb14bf32487540e9ed,trendNet_outside_1,00000551,corrected,box,pale rectangular back panel; small printed diagrams and text; dark side,contents; electronic function; material; fine print,,多帧只辅助盒体转面，不以文件名或人物确定类别。,初始化索引 550：本帧为白色印刷包装背面，有盒体边缘，不是独立文档或书。,,,GPT-6 Astra Pro,2026-10-02,conflicting,True,gb,initial,box,pale rectangular back panel; small printed diagrams and text; dark side,contents; electronic function; material; fine print,
vot,1684,33aefb78aa06a200d585f59d7d146f795ad2e355ef54cd607f919d785db24ba1,trendNet_outside_1,00000601,corrected,box,pale rectangular back panel; small printed diagrams and text; dark side,contents; electronic function; material; fine print,,多帧只辅助盒体转面，不以文件名或人物确定类别。,初始化索引 600：本帧为白色印刷包装背面，有盒体边缘，不是独立文档或书。,,,GPT-6 Astra Pro,2026-10-02,conflicting,True,gb,initial,box,pale rectangular back panel; small printed diagrams and text; dark side,contents; electronic function; material; fine print,
vot,1685,d315d3be507c20a4eef9d01bb2786e0b6a3d3ef7e4b7300b75d9cc406ffe83eb,trendNet_outside_1,00000651,corrected,box,pale rectangular back panel; small printed diagrams and text; dark side,contents; electronic function; material; fine print,,多帧只辅助盒体转面，不以文件名或人物确定类别。,初始化索引 650：本帧为白色印刷包装背面，有盒体边缘，不是独立文档或书。,,,GPT-6 Astra Pro,2026-10-02,conflicting,True,gb,initial,box,pale rectangular back panel; small printed diagrams and text; dark side,contents; electronic function; material; fine print,
vot,1686,24a6bdbe86fd4d549096d25d69d70171e35daf9b500fac66aadd27415a3ac2d3,trendNet_outside_1,00000701,corrected,box,pale rectangular back panel; small printed diagrams and text; dark side,contents; electronic function; material; fine print,,多帧只辅助盒体转面，不以文件名或人物确定类别。,初始化索引 700：本帧为白色印刷包装背面，有盒体边缘，不是独立文档或书。,,,GPT-6 Astra Pro,2026-10-02,conflicting,True,gb,initial,box,pale rectangular back panel; small printed diagrams and text; dark side,contents; electronic function; material; fine print,
vot,1687,3c8b20e8f0bf16c6861bcb3f3041d5c787c83f11718629b5bf52c21ec9bec40d,trendNet_outside_1,00000751,corrected,box,pale rectangular back panel; small printed diagrams and text; dark side,contents; electronic function; material; fine print,,多帧只辅助盒体转面，不以文件名或人物确定类别。,初始化索引 750：本帧为白色印刷包装背面，有盒体边缘，不是独立文档或书。,,,GPT-6 Astra Pro,2026-10-02,conflicting,True,gb,initial,box,pale rectangular back panel; small printed diagrams and text; dark side,contents; electronic function; material; fine print,
vot,1688,0cc32301c67d6bc023e91015090a9975c3340c04e4f45a319d38e9e4d82d1577,trendNet_outside_1,00000769,corrected,box,pale rectangular back panel; small printed diagrams and text; dark side,contents; electronic function; material; fine print,,多帧只辅助盒体转面，不以文件名或人物确定类别。,初始化索引 768：本帧为白色印刷包装背面，有盒体边缘，不是独立文档或书。,,,GPT-6 Astra Pro,2026-10-02,conflicting,True,gb,initial,box,pale rectangular back panel; small printed diagrams and text; dark side,contents; electronic function; material; fine print,
vot,1689,9c1a927dc1f58a657c00f1587656a7d7a9d23e1f1b03097206f6f8dac3a037ad,trendNet_outside_2,00000001,corrected,box,rectangular retail package; blue-purple and pale panel; printed dark device image,contents; electronic function; material; fine print,,多帧只辅助盒体转面，不以文件名或人物确定类别。,初始化索引 0：红框为完整包装，设备印图不是实体手机、屏或电脑，人物和背包不并入。,,,GPT-6 Astra Pro,2026-10-02,conflicting,True,gb,initial,box,rectangular retail package; blue-purple and pale panel; printed dark device image,contents; electronic function; material; fine print,
vot,1690,e0c58ee2146744e7fcf2f9e75744ad724a5f758f1501c54943055d70cb64f20b,trendNet_outside_2,00000051,corrected,box,dark narrow printed side; pale-blue adjacent panel; straight box edges,contents; electronic function; material; fine print,,多帧只辅助盒体转面，不以文件名或人物确定类别。,初始化索引 50：当前侧转，仅见侧边和邻面，不是衣服或设备屏，不补未见完整正面。,,,GPT-6 Astra Pro,2026-10-02,conflicting,True,gb,initial,box,dark narrow printed side; pale-blue adjacent panel; straight box edges,contents; electronic function; material; fine print,
vot,1691,598239daa16b31c2daff2ed86c01273784a498f4e53676f48caa985835022f86,trendNet_outside_2,00000101,corrected,box,dark narrow printed side; pale-blue adjacent panel; straight box edges,contents; electronic function; material; fine print,,多帧只辅助盒体转面，不以文件名或人物确定类别。,初始化索引 100：当前侧转，仅见侧边和邻面，不是衣服或设备屏，不补未见完整正面。,,,GPT-6 Astra Pro,2026-10-02,conflicting,True,gb,initial,box,dark narrow printed side; pale-blue adjacent panel; straight box edges,contents; electronic function; material; fine print,
vot,1692,6cbf551deb0646b86c7219dd4b64e5c0fed250f32491127651983155ec59a8ca,trendNet_outside_2,00000151,supported,box,dark narrow printed side; pale-blue adjacent panel; straight box edges,contents; electronic function; material; fine print,,多帧只辅助盒体转面，不以文件名或人物确定类别。,初始化索引 150：当前侧转，仅见侧边和邻面，不是衣服或设备屏，不补未见完整正面。,,,GPT-6 Astra Pro,2026-10-02,conflicting,True,gb,initial,box,dark narrow printed side; pale-blue adjacent panel; straight box edges,contents; electronic function; material; fine print,
vot,1693,ffb9b813bb08d0193f309112207a777dda8c1bdc7f962b1e0788a03eb59f139a,trendNet_outside_2,00000201,corrected,box,dark narrow printed side; pale-blue adjacent panel; straight box edges,contents; electronic function; material; fine print,,多帧只辅助盒体转面，不以文件名或人物确定类别。,初始化索引 200：当前侧转，仅见侧边和邻面，不是衣服或设备屏，不补未见完整正面。,,,GPT-6 Astra Pro,2026-10-02,conflicting,True,gb,initial,box,dark narrow printed side; pale-blue adjacent panel; straight box edges,contents; electronic function; material; fine print,
vot,1694,caa49c8602cb32305eccacbf0098f96f8a8ab9aed63509faebb56d842c77cf7c,trendNet_outside_2,00000251,supported,box,dark narrow printed side; pale-blue adjacent panel; straight box edges,contents; electronic function; material; fine print,,多帧只辅助盒体转面，不以文件名或人物确定类别。,初始化索引 250：当前侧转，仅见侧边和邻面，不是衣服或设备屏，不补未见完整正面。,,,GPT-6 Astra Pro,2026-10-02,conflicting,True,gb,initial,box,dark narrow printed side; pale-blue adjacent panel; straight box edges,contents; electronic function; material; fine print,
vot,1695,047108761fc7efea169aa1d2e83b125380feaaa36d9ad5a64838f6f57c6c8422,trendNet_outside_2,00000301,corrected,box,dark narrow printed side; pale-blue adjacent panel; straight box edges,contents; electronic function; material; fine print,,多帧只辅助盒体转面，不以文件名或人物确定类别。,初始化索引 300：当前侧转，仅见侧边和邻面，不是衣服或设备屏，不补未见完整正面。,,,GPT-6 Astra Pro,2026-10-02,conflicting,True,gb,initial,box,dark narrow printed side; pale-blue adjacent panel; straight box edges,contents; electronic function; material; fine print,
vot,1696,d9f4f729dde58ec85ed1ca609c6555b1d37c716bc3bee5608469bb509dad9835,trendNet_outside_2,00000351,corrected,box,dark narrow printed side; pale-blue adjacent panel; straight box edges,contents; electronic function; material; fine print,,多帧只辅助盒体转面，不以文件名或人物确定类别。,初始化索引 350：当前侧转，仅见侧边和邻面，不是衣服或设备屏，不补未见完整正面。,,,GPT-6 Astra Pro,2026-10-02,conflicting,True,gb,initial,box,dark narrow printed side; pale-blue adjacent panel; straight box edges,contents; electronic function; material; fine print,
vot,1697,848900f466eb9ef2448c1afae25b10d672a04a19be0ed188210e72aef7a09630,trendNet_outside_2,00000401,corrected,box,dark narrow printed side; pale-blue adjacent panel; straight box edges,contents; electronic function; material; fine print,,多帧只辅助盒体转面，不以文件名或人物确定类别。,初始化索引 400：当前侧转，仅见侧边和邻面，不是衣服或设备屏，不补未见完整正面。,,,GPT-6 Astra Pro,2026-10-02,conflicting,True,gb,initial,box,dark narrow printed side; pale-blue adjacent panel; straight box edges,contents; electronic function; material; fine print,
vot,1698,ce91eec4b98264b1a2c097a4c8ef1029a56c0d09fb393a21869a4f8334f5b185,trendNet_outside_2,00000451,corrected,box,dark narrow printed side; pale-blue adjacent panel; straight box edges,contents; electronic function; material; fine print,,多帧只辅助盒体转面，不以文件名或人物确定类别。,初始化索引 450：当前侧转，仅见侧边和邻面，不是衣服或设备屏，不补未见完整正面。,,,GPT-6 Astra Pro,2026-10-02,conflicting,True,gb,initial,box,dark narrow printed side; pale-blue adjacent panel; straight box edges,contents; electronic function; material; fine print,
vot,1699,f47aee77261e27987032913bfc6b2c9e27164f67616565468acca3472102a30a,trendNet_outside_2,00000501,corrected,box,dark narrow printed side; pale-blue adjacent panel; straight box edges,contents; electronic function; material; fine print,,多帧只辅助盒体转面，不以文件名或人物确定类别。,初始化索引 500：当前侧转，仅见侧边和邻面，不是衣服或设备屏，不补未见完整正面。,,,GPT-6 Astra Pro,2026-10-02,conflicting,True,gb,initial,box,dark narrow printed side; pale-blue adjacent panel; straight box edges,contents; electronic function; material; fine print,
vot,1700,484199d8b850c1a77d90610facc548d9d92ba61b39227a24ff4734702e497657,trendNet_outside_2,00000551,corrected,box,rectangular retail package; blue-purple and pale panel; printed dark device image,contents; electronic function; material; fine print,,多帧只辅助盒体转面，不以文件名或人物确定类别。,初始化索引 550：红框为完整包装，设备印图不是实体手机、屏或电脑，人物和背包不并入。,,,GPT-6 Astra Pro,2026-10-02,conflicting,True,gb,initial,box,rectangular retail package; blue-purple and pale panel; printed dark device image,contents; electronic function; material; fine print,
vot,1701,b3956209d61c888c5941fd5b9fc54a87198720a48bf9506541df0123829c419b,trendNet_outside_2,00000601,corrected,box,rectangular retail package; blue-purple and pale panel; printed dark device image,contents; electronic function; material; fine print,,多帧只辅助盒体转面，不以文件名或人物确定类别。,初始化索引 600：红框为完整包装，设备印图不是实体手机、屏或电脑，人物和背包不并入。,,,GPT-6 Astra Pro,2026-10-02,conflicting,True,gb,initial,box,rectangular retail package; blue-purple and pale panel; printed dark device image,contents; electronic function; material; fine print,
vot,1702,37019d3558bcc55209ce6d6312114144364c15201cebf957075f76f7375a7da9,trendNet_outside_2,00000651,corrected,box,rectangular retail package; blue-purple and pale panel; printed dark device image,contents; electronic function; material; fine print,,多帧只辅助盒体转面，不以文件名或人物确定类别。,初始化索引 650：红框为完整包装，设备印图不是实体手机、屏或电脑，人物和背包不并入。,,,GPT-6 Astra Pro,2026-10-02,conflicting,True,gb,initial,box,rectangular retail package; blue-purple and pale panel; printed dark device image,contents; electronic function; material; fine print,
vot,1703,17a55066bd44dcca0f80bf0a43eff80f7f17412b4e2c29d61991e9547a0f0748,trendNet_outside_2,00000701,corrected,box,rectangular retail package; blue-purple and pale panel; printed dark device image,contents; electronic function; material; fine print,,多帧只辅助盒体转面，不以文件名或人物确定类别。,初始化索引 700：红框为完整包装，设备印图不是实体手机、屏或电脑，人物和背包不并入。,,,GPT-6 Astra Pro,2026-10-02,conflicting,True,gb,initial,box,rectangular retail package; blue-purple and pale panel; printed dark device image,contents; electronic function; material; fine print,
vot,1704,be85a594949e2275a2b76b854adec79989f507623f0a5ed6dde7ffad85fa8a31,trendNet_outside_2,00000751,corrected,box,dark narrow printed side; pale-blue adjacent panel; straight box edges,contents; electronic function; material; fine print,,多帧只辅助盒体转面，不以文件名或人物确定类别。,初始化索引 750：当前侧转，仅见侧边和邻面，不是衣服或设备屏，不补未见完整正面。,,,GPT-6 Astra Pro,2026-10-02,conflicting,True,gb,initial,box,dark narrow printed side; pale-blue adjacent panel; straight box edges,contents; electronic function; material; fine print,
vot,1705,c14347094ca0566515f00d8391e6f206969c8b15e217f44d265b59e62b16586d,trendNet_outside_2,00000763,corrected,box,dark narrow printed side; pale-blue adjacent panel; straight box edges,contents; electronic function; material; fine print,,多帧只辅助盒体转面，不以文件名或人物确定类别。,初始化索引 762：当前侧转，仅见侧边和邻面，不是衣服或设备屏，不补未见完整正面。,,,GPT-6 Astra Pro,2026-10-02,conflicting,True,gb,initial,box,dark narrow printed side; pale-blue adjacent panel; straight box edges,contents; electronic function; material; fine print,
vot,1706,b8ea3cb137c3ef291d2921423aaef5177cd7ffbdc2cea37669726ede45b8b38b,trophy_outside_2,00000001,corrected,trophy,gold-colored cup; curled handles; stem; dark rectangular base,material; engraving; wood or leather; gemstones,,传递和放下仅作上下文，持有人与姿态不作稳定属性。,初始化索引 0：红框为奖杯整体，金色不代表纯金，底座不一概说圆形。,,,GPT-6 Astra Pro,2026-10-02,conflicting,True,gb,initial,trophy,gold-colored cup; curled handles; stem; dark rectangular base,material; engraving; wood or leather; gemstones,
vot,1707,e58ae3cab064fbafe31d71656456a8a21192bbb45b51ace8bb3ea4053f31056f,trophy_outside_2,00000051,corrected,trophy,gold-colored cup; curled handles; stem; dark rectangular base,material; engraving; wood or leather; gemstones,,传递和放下仅作上下文，持有人与姿态不作稳定属性。,初始化索引 50：红框为奖杯整体，金色不代表纯金，底座不一概说圆形。,,,GPT-6 Astra Pro,2026-10-02,conflicting,True,gb,initial,trophy,gold-colored cup; curled handles; stem; dark rectangular base,material; engraving; wood or leather; gemstones,
vot,1708,b7541fcd949d3225befa17f13eb995a7877ae654fd25bf12919288710dc0cc96,trophy_outside_2,00000101,corrected,trophy,gold-colored cup; curled handles; stem; dark rectangular base,material; engraving; wood or leather; gemstones,,传递和放下仅作上下文，持有人与姿态不作稳定属性。,初始化索引 100：红框为奖杯整体，金色不代表纯金，底座不一概说圆形。,,,GPT-6 Astra Pro,2026-10-02,conflicting,True,gb,initial,trophy,gold-colored cup; curled handles; stem; dark rectangular base,material; engraving; wood or leather; gemstones,
vot,1709,bf3a07a83a210eca91bea35e78349760990ec9f1a696feef7fcbb135621c7c0a,trophy_outside_2,00000151,supported,trophy,gold-colored cup; curled handles; stem; dark rectangular base,material; engraving; wood or leather; gemstones,,传递和放下仅作上下文，持有人与姿态不作稳定属性。,初始化索引 150：红框为奖杯整体，金色不代表纯金，底座不一概说圆形。,,,GPT-6 Astra Pro,2026-10-02,conflicting,True,gb,initial,trophy,gold-colored cup; curled handles; stem; dark rectangular base,material; engraving; wood or leather; gemstones,
vot,1710,cc99588059b789deb2f8507c373b8f08a907df3f9d57e5f8a88a9d1e256511d3,trophy_outside_2,00000201,corrected,trophy,gold-colored cup; curled handles; stem; dark rectangular base,material; engraving; wood or leather; gemstones,,传递和放下仅作上下文，持有人与姿态不作稳定属性。,初始化索引 200：红框为奖杯整体，金色不代表纯金，底座不一概说圆形。,,,GPT-6 Astra Pro,2026-10-02,conflicting,True,gb,initial,trophy,gold-colored cup; curled handles; stem; dark rectangular base,material; engraving; wood or leather; gemstones,
vot,1711,e27f2e0d5881d0c862d3caf81b05a980b0d1a9ec1571fa81b8e03df1e853d098,trophy_outside_2,00000251,supported,trophy,gold-colored cup; curled handles; stem; dark rectangular base,material; engraving; wood or leather; gemstones,,传递和放下仅作上下文，持有人与姿态不作稳定属性。,初始化索引 250：红框为奖杯整体，金色不代表纯金，底座不一概说圆形。,,,GPT-6 Astra Pro,2026-10-02,conflicting,True,gb,initial,trophy,gold-colored cup; curled handles; stem; dark rectangular base,material; engraving; wood or leather; gemstones,
vot,1712,0156f0db086d8a95fa79f7ddc28ae7072ebf954ce91d81d3d5d8d3ea9a8207a7,trophy_outside_2,00000301,supported,trophy,gold-colored cup; curled handles; stem; dark rectangular base,material; engraving; wood or leather; gemstones,,传递和放下仅作上下文，持有人与姿态不作稳定属性。,初始化索引 300：红框为奖杯整体，金色不代表纯金，底座不一概说圆形。,,,GPT-6 Astra Pro,2026-10-02,conflicting,True,gb,initial,trophy,gold-colored cup; curled handles; stem; dark rectangular base,material; engraving; wood or leather; gemstones,
vot,1713,f9c951ac887db42a6ca57b4c0171c1ce443d911e3bc1bc17b26dcef716eac00e,trophy_outside_2,00000351,supported,trophy,gold-colored cup; curled handles; stem; dark rectangular base,material; engraving; wood or leather; gemstones,,传递和放下仅作上下文，持有人与姿态不作稳定属性。,初始化索引 350：红框为奖杯整体，金色不代表纯金，底座不一概说圆形。,,,GPT-6 Astra Pro,2026-10-02,conflicting,True,gb,initial,trophy,gold-colored cup; curled handles; stem; dark rectangular base,material; engraving; wood or leather; gemstones,
vot,1714,51014974e7f12ebc7c47e1eb73b41c8c4462be87e2d26c69daa0d2c4ce509b18,trophy_outside_2,00000401,supported,trophy,gold-colored cup; curled handles; stem; dark rectangular base,material; engraving; wood or leather; gemstones,,传递和放下仅作上下文，持有人与姿态不作稳定属性。,初始化索引 400：红框为奖杯整体，金色不代表纯金，底座不一概说圆形。,,,GPT-6 Astra Pro,2026-10-02,conflicting,True,gb,initial,trophy,gold-colored cup; curled handles; stem; dark rectangular base,material; engraving; wood or leather; gemstones,
vot,1715,ba190ef07aa07c78e82b47a0b8e3fc1c5f565a15d30b362d2be8030612134737,trophy_outside_2,00000451,corrected,trophy,small gold-colored cup outline; side handles; dark base,material; engraving; wood or leather; gemstones,,传递和放下仅作上下文，持有人与姿态不作稳定属性。,初始化索引 450：本帧目标靠地面且小，只认杯形轮廓与底座，不读铭文材料。,,,GPT-6 Astra Pro,2026-10-02,conflicting,True,gb,initial,trophy,small gold-colored cup outline; side handles; dark base,material; engraving; wood or leather; gemstones,
vot,1716,02513496c5f306309d0d519bb60b5ee8f10a185e26c1b85ee3b6220a02f93401,trophy_outside_2,00000501,corrected,trophy,small gold-colored cup outline; side handles; dark base,material; engraving; wood or leather; gemstones,,传递和放下仅作上下文，持有人与姿态不作稳定属性。,初始化索引 500：本帧目标靠地面且小，只认杯形轮廓与底座，不读铭文材料。,,,GPT-6 Astra Pro,2026-10-02,conflicting,True,gb,initial,trophy,small gold-colored cup outline; side handles; dark base,material; engraving; wood or leather; gemstones,
vot,1717,4c2ff7382f43670cf6f799d54898d4a75b01d7effac68e5e99657a1a48fe6fe4,trophy_outside_2,00000551,corrected,trophy,small gold-colored cup outline; side handles; dark base,material; engraving; wood or leather; gemstones,,传递和放下仅作上下文，持有人与姿态不作稳定属性。,初始化索引 550：本帧目标靠地面且小，只认杯形轮廓与底座，不读铭文材料。,,,GPT-6 Astra Pro,2026-10-02,conflicting,True,gb,initial,trophy,small gold-colored cup outline; side handles; dark base,material; engraving; wood or leather; gemstones,
vot,1718,35504997fb8cb94300c5a5b3dbe59cb708b074edc9731c162bb515d3eb756025,trophy_outside_2,00000601,corrected,trophy,small gold-colored cup outline; side handles; dark base,material; engraving; wood or leather; gemstones,,传递和放下仅作上下文，持有人与姿态不作稳定属性。,初始化索引 600：本帧目标靠地面且小，只认杯形轮廓与底座，不读铭文材料。,,,GPT-6 Astra Pro,2026-10-02,conflicting,True,gb,initial,trophy,small gold-colored cup outline; side handles; dark base,material; engraving; wood or leather; gemstones,
vot,1719,01a2a7520c6598e7c815f562c0281b0635442b2ef958179913f8399e1f5ceea7,trophy_outside_2,00000631,corrected,trophy,small gold-colored cup outline; side handles; dark base,material; engraving; wood or leather; gemstones,,传递和放下仅作上下文，持有人与姿态不作稳定属性。,初始化索引 630：本帧目标靠地面且小，只认杯形轮廓与底座，不读铭文材料。,,,GPT-6 Astra Pro,2026-10-02,conflicting,True,gb,initial,trophy,small gold-colored cup outline; side handles; dark base,material; engraving; wood or leather; gemstones,
vot,1720,67b0ee856065c2b517848f9accf37b1a4571985c5360d5c3aeb8cd206a2f8305,two_mugs_1,00000001,corrected,mug,yellow and dark red diagonal stripes; white rim; circular emblem; side handle,emblem text; material; physical texture,,,初始化索引 0：红框为条纹杯，不是相邻白色黑字杯，原white混淆两杯或仅描述内壁。,,,GPT-6 Astra Pro,2026-10-02,conflicting,True,gb,initial,mug,yellow and dark red diagonal stripes; white rim; circular emblem; side handle,emblem text; material; physical texture,
vot,1721,df2d55c5caef498cb992301683c5a4c5e4e0fa3c81fc8e91a1e9e7e0c659733e,two_mugs_1,00000051,corrected,mug,yellow and dark red diagonal stripes; white rim; circular emblem; side handle,emblem text; material; physical texture,,,初始化索引 50：红框为条纹杯，不是相邻白色黑字杯，原white混淆两杯或仅描述内壁。,,,GPT-6 Astra Pro,2026-10-02,conflicting,True,gb,initial,mug,yellow and dark red diagonal stripes; white rim; circular emblem; side handle,emblem text; material; physical texture,
vot,1722,4df0f435ef87c36f77327ff8bcc53030170638f8aae98ac1494a4bad505275c7,two_mugs_1,00000101,corrected,mug,yellow and dark red diagonal stripes; white rim; circular emblem; side handle,emblem text; material; physical texture,,,初始化索引 100：红框为条纹杯，不是相邻白色黑字杯，原white混淆两杯或仅描述内壁。,,,GPT-6 Astra Pro,2026-10-02,conflicting,True,gb,initial,mug,yellow and dark red diagonal stripes; white rim; circular emblem; side handle,emblem text; material; physical texture,
vot,1723,5b4905f409129f127d504d747008cdf26e055496389ecd221382b75e6eab916f,two_mugs_1,00000111,corrected,mug,yellow and dark red diagonal stripes; white rim; circular emblem; side handle,emblem text; material; physical texture,,,初始化索引 110：红框为条纹杯，不是相邻白色黑字杯，原white混淆两杯或仅描述内壁。,,,GPT-6 Astra Pro,2026-10-02,conflicting,True,gb,initial,mug,yellow and dark red diagonal stripes; white rim; circular emblem; side handle,emblem text; material; physical texture,
vot,1724,25862c0a4ba25879b31c67f2b0c1c6d34f8fbbffa28a1ee4ff7c5d19c9b00823,two_tennis_balls_1,00000001,supported,tennis ball,yellow-green sphere; pale curved seam; fuzzy surface,lettering; material; identity among similar balls,,双球交换只作类别/场景辅助，不保证物理同一球。,初始化索引 0：红框为两只相似球中的一只，不是苹果；不凭同色推断整个抛接身份。,,,GPT-6 Astra Pro,2026-10-02,conflicting,True,gb,initial,tennis ball,yellow-green sphere; pale curved seam; fuzzy surface,lettering; material; identity among similar balls,
vot,1725,8d6c08efe7c02d1aa08e5a0604eb7b5b8121e71fbd1fa4d5dd72f3b0593afc72,two_tennis_balls_1,00000051,supported,tennis ball,yellow-green sphere; pale curved seam; fuzzy surface,lettering; material; identity among similar balls,,双球交换只作类别/场景辅助，不保证物理同一球。,初始化索引 50：红框为两只相似球中的一只，不是苹果；不凭同色推断整个抛接身份。,,,GPT-6 Astra Pro,2026-10-02,conflicting,True,gb,initial,tennis ball,yellow-green sphere; pale curved seam; fuzzy surface,lettering; material; identity among similar balls,
vot,1726,1ce233ae7ed85d26b40b277990fe75d4e9c0bff1c6bfb9a93ac61aeab12d5b7d,two_tennis_balls_1,00000101,supported,tennis ball,yellow-green sphere; pale curved seam; fuzzy surface,lettering; material; identity among similar balls,,双球交换只作类别/场景辅助，不保证物理同一球。,初始化索引 100：红框为两只相似球中的一只，不是苹果；不凭同色推断整个抛接身份。,,,GPT-6 Astra Pro,2026-10-02,conflicting,True,gb,initial,tennis ball,yellow-green sphere; pale curved seam; fuzzy surface,lettering; material; identity among similar balls,
vot,1727,520e2a11aba3e697b5c0353ba87a3d0ef4d1634ad82369c758587bc2ffb44ba9,two_tennis_balls_1,00000134,supported,tennis ball,yellow-green sphere; pale curved seam; fuzzy surface,lettering; material; identity among similar balls,,双球交换只作类别/场景辅助，不保证物理同一球。,初始化索引 133：红框为两只相似球中的一只，不是苹果；不凭同色推断整个抛接身份。,,,GPT-6 Astra Pro,2026-10-02,conflicting,True,gb,initial,tennis ball,yellow-green sphere; pale curved seam; fuzzy surface,lettering; material; identity among similar balls,
vot,1728,4a132b0c9a94c0b8be5e9dde5ff20fb79723e121e5a54d6222c3d02c7b8550fc,two_tennis_balls_3,00000001,supported,tennis ball,yellow-green sphere; pale curved seam; fuzzy surface,lettering; material; identity among similar balls,,双球交换只作类别/场景辅助，不保证物理同一球。,初始化索引 0：红框为两只相似球中的一只，不是苹果；不凭同色推断整个抛接身份。,,,GPT-6 Astra Pro,2026-10-02,conflicting,True,gb,initial,tennis ball,yellow-green sphere; pale curved seam; fuzzy surface,lettering; material; identity among similar balls,
vot,1729,a47bc3aa38a0c469c99e712190a877ddd2ce3df7408dec365f56e16dcd18d9c6,two_tennis_balls_3,00000051,corrected,tennis ball,yellow-green sphere; pale curved seam; fuzzy surface,lettering; material; identity among similar balls,,双球交换只作类别/场景辅助，不保证物理同一球。,初始化索引 50：红框为两只相似球中的一只，不是苹果；不凭同色推断整个抛接身份。,,,GPT-6 Astra Pro,2026-10-02,conflicting,True,gb,initial,tennis ball,yellow-green sphere; pale curved seam; fuzzy surface,lettering; material; identity among similar balls,
vot,1730,dd0a9c32a077974f4fc6eeef534ebceca9420e80a8a5a3f6fc3ffc1309a9b4d7,two_tennis_balls_3,00000101,corrected,tennis ball,yellow-green round body; blurred pale seam,lettering; material; identity among similar balls,,双球交换只作类别/场景辅助，不保证物理同一球。,初始化索引 100：球在空中模糊，保留粗色和浅缝，细字不可读。,,,GPT-6 Astra Pro,2026-10-02,conflicting,True,gb,initial,tennis ball,yellow-green round body; blurred pale seam,lettering; material; identity among similar balls,
vot,1731,025675590bd913d9ff4d0b7a71ff85b0b720f4f960d0cc5891463fb2236022fa,two_tennis_balls_3,00000130,corrected,tennis ball,yellow-green round body; blurred pale seam,lettering; material; identity among similar balls,,双球交换只作类别/场景辅助，不保证物理同一球。,初始化索引 129：球在空中模糊，保留粗色和浅缝，细字不可读。,,,GPT-6 Astra Pro,2026-10-02,conflicting,True,gb,initial,tennis ball,yellow-green round body; blurred pale seam,lettering; material; identity among similar balls,
vot,1732,5237bab3c189189a6da5b3030f40434b006ca42ebeeb940bbcdf47a446e40d81,yogurt_indoor_1,00000001,corrected,container,pale tapered tub; red-dark printed lid; small side print,contents; food or medicine identity; paper versus plastic; print,,近邻揭盖和用勺只作上下文，不证明具体食物内容。,初始化索引 0：当前盖面有印字，不是电脑或其他杯；包装不能证明内装物。,,,GPT-6 Astra Pro,2026-10-02,conflicting,True,gb,initial,Yogurt container,pale tapered tub; red-dark printed lid; small side print,contents; food or medicine identity; paper versus plastic; print,
vot,1733,2548604e85c886e435c67a642b61945190630deadd592abceb7944ecef4815fd,yogurt_indoor_1,00000051,corrected,container,pale tapered tub; red-dark printed lid; small side print,contents; food or medicine identity; paper versus plastic; print,,近邻揭盖和用勺只作上下文，不证明具体食物内容。,初始化索引 50：当前盖面有印字，不是电脑或其他杯；包装不能证明内装物。,,,GPT-6 Astra Pro,2026-10-02,conflicting,True,gb,initial,Yogurt container,pale tapered tub; red-dark printed lid; small side print,contents; food or medicine identity; paper versus plastic; print,
vot,1734,f713a4c05f36682cf15f57280fdc09acfd5684eed8d6ee595eec64c6732541f2,yogurt_indoor_1,00000101,corrected,container,pale tapered tub; red-dark printed lid; small side print,contents; food or medicine identity; paper versus plastic; print,,近邻揭盖和用勺只作上下文，不证明具体食物内容。,初始化索引 100：当前盖面有印字，不是电脑或其他杯；包装不能证明内装物。,,,GPT-6 Astra Pro,2026-10-02,conflicting,True,gb,initial,Yogurt container,pale tapered tub; red-dark printed lid; small side print,contents; food or medicine identity; paper versus plastic; print,
vot,1735,8244a1de07fe405855e759eca455a4650fc85aeacb568d80cb701648476b79a0,yogurt_indoor_1,00000151,corrected,container,pale tapered tub; red-dark printed lid; small side print,contents; food or medicine identity; paper versus plastic; print,,近邻揭盖和用勺只作上下文，不证明具体食物内容。,初始化索引 150：当前盖面有印字，不是电脑或其他杯；包装不能证明内装物。,,,GPT-6 Astra Pro,2026-10-02,conflicting,True,gb,initial,Yogurt container,pale tapered tub; red-dark printed lid; small side print,contents; food or medicine identity; paper versus plastic; print,
vot,1736,45d0088411c6e8958fe3d2cb9e2bce577bd63a2a1265f776b51d8bf25d110b3a,yogurt_indoor_1,00000201,corrected,container,pale tapered tub; red-dark side label; broad rim,contents; food or medicine identity; paper versus plastic; print,,近邻揭盖和用勺只作上下文，不证明具体食物内容。,初始化索引 200：本帧为浅色包装侧面，不是药瓶或蓝色杯身。,,,GPT-6 Astra Pro,2026-10-02,conflicting,True,gb,initial,Yogurt container,pale tapered tub; red-dark side label; broad rim,contents; food or medicine identity; paper versus plastic; print,
vot,1737,984ad48f8892aef726c71d511c05a7d34775e4b0a1f9a4c012cbe98a76793ccb,yogurt_indoor_1,00000251,corrected,container,pale tapered tub; red-dark side label; broad rim,contents; food or medicine identity; paper versus plastic; print,,近邻揭盖和用勺只作上下文，不证明具体食物内容。,初始化索引 250：本帧为浅色包装侧面，不是药瓶或蓝色杯身。,,,GPT-6 Astra Pro,2026-10-02,conflicting,True,gb,initial,Yogurt container,pale tapered tub; red-dark side label; broad rim,contents; food or medicine identity; paper versus plastic; print,
vot,1738,3becbb9e969a382abf95a84edd0ebc1e4bd8deb841bf6d3bd275653111b0004b,yogurt_indoor_1,00000301,corrected,container,pale tapered tub; red-dark printed lid; small side print,contents; food or medicine identity; paper versus plastic; print,,近邻揭盖和用勺只作上下文，不证明具体食物内容。,初始化索引 300：当前盖面有印字，不是电脑或其他杯；包装不能证明内装物。,,,GPT-6 Astra Pro,2026-10-02,conflicting,True,gb,initial,Yogurt container,pale tapered tub; red-dark printed lid; small side print,contents; food or medicine identity; paper versus plastic; print,
vot,1739,5a896bfc67ebe26c07e5483feecaa0ac8f58e02560b4245e12d3d1354131ee32,yogurt_indoor_1,00000351,supported,container,pale tapered tub; red-dark printed lid; small side print,contents; food or medicine identity; paper versus plastic; print,,近邻揭盖和用勺只作上下文，不证明具体食物内容。,初始化索引 350：当前盖面有印字，不是电脑或其他杯；包装不能证明内装物。,,,GPT-6 Astra Pro,2026-10-02,conflicting,True,gb,initial,Yogurt container,pale tapered tub; red-dark printed lid; small side print,contents; food or medicine identity; paper versus plastic; print,
vot,1740,c50279b7033a60bc055a768b17566784ac5e679547e406dafcbf3a56f5297552,yogurt_indoor_1,00000401,supported,container,pale tapered tub; wide rim; light flexible lid,contents; food or medicine identity; paper versus plastic; print,,近邻揭盖和用勺只作上下文，不证明具体食物内容。,初始化索引 400：可见容器口缘，部分帧掀盖或有勺；目标不是手、勺或食物，材料未知。,,,GPT-6 Astra Pro,2026-10-02,conflicting,True,gb,initial,Yogurt container,pale tapered tub; wide rim; light flexible lid,contents; food or medicine identity; paper versus plastic; print,
vot,1741,3632bd8bca4ffc10c89b9b0c754394460df5ee4938aa7533fbdfbfa82c16ddd0,yogurt_indoor_1,00000451,corrected,container,pale tapered tub; wide rim; light flexible lid,contents; food or medicine identity; paper versus plastic; print,,近邻揭盖和用勺只作上下文，不证明具体食物内容。,初始化索引 450：可见容器口缘，部分帧掀盖或有勺；目标不是手、勺或食物，材料未知。,,,GPT-6 Astra Pro,2026-10-02,conflicting,True,gb,initial,Yogurt container,pale tapered tub; wide rim; light flexible lid,contents; food or medicine identity; paper versus plastic; print,
vot,1742,ddd7a658e7842f8ccb69b82e263f0c645f8110b0dd45144aff0bca47938d605d,yogurt_indoor_1,00000501,corrected,container,pale tapered tub; wide rim; light flexible lid,contents; food or medicine identity; paper versus plastic; print,,近邻揭盖和用勺只作上下文，不证明具体食物内容。,初始化索引 500：可见容器口缘，部分帧掀盖或有勺；目标不是手、勺或食物，材料未知。,,,GPT-6 Astra Pro,2026-10-02,conflicting,True,gb,initial,Yogurt container,pale tapered tub; wide rim; light flexible lid,contents; food or medicine identity; paper versus plastic; print,
vot,1743,3e3e4865941e1a9fcc45db44f2dce84cec64bbdf6b6e5763a255bead4e20b6aa,yogurt_indoor_1,00000551,corrected,container,pale tapered tub; wide rim; light flexible lid,contents; food or medicine identity; paper versus plastic; print,,近邻揭盖和用勺只作上下文，不证明具体食物内容。,初始化索引 550：可见容器口缘，部分帧掀盖或有勺；目标不是手、勺或食物，材料未知。,,,GPT-6 Astra Pro,2026-10-02,conflicting,True,gb,initial,Yogurt container,pale tapered tub; wide rim; light flexible lid,contents; food or medicine identity; paper versus plastic; print,
vot,1744,09da04e6cea016eaa174b281cf5002d3230e9719881be453fc181f335e04aeb7,yogurt_indoor_1,00000601,corrected,container,pale tapered tub; wide rim; light flexible lid,contents; food or medicine identity; paper versus plastic; print,,近邻揭盖和用勺只作上下文，不证明具体食物内容。,初始化索引 600：可见容器口缘，部分帧掀盖或有勺；目标不是手、勺或食物，材料未知。,,,GPT-6 Astra Pro,2026-10-02,conflicting,True,gb,initial,Yogurt container,pale tapered tub; wide rim; light flexible lid,contents; food or medicine identity; paper versus plastic; print,
vot,1745,d7929f7369c57aaa7213372bafd3975cd8af889970032bb4c61920a45253ee88,yogurt_indoor_1,00000651,supported,container,pale tapered tub; wide rim; light flexible lid,contents; food or medicine identity; paper versus plastic; print,,近邻揭盖和用勺只作上下文，不证明具体食物内容。,初始化索引 650：可见容器口缘，部分帧掀盖或有勺；目标不是手、勺或食物，材料未知。,,,GPT-6 Astra Pro,2026-10-02,conflicting,True,gb,initial,Yogurt container,pale tapered tub; wide rim; light flexible lid,contents; food or medicine identity; paper versus plastic; print,
vot,1746,a3dfb581e07482b9f174769fdb128d46f31e4a5b0e9a52b9e1592096dbb8f3bf,yogurt_indoor_1,00000701,corrected,container,pale tapered tub; wide rim; light flexible lid,contents; food or medicine identity; paper versus plastic; print,,近邻揭盖和用勺只作上下文，不证明具体食物内容。,初始化索引 700：可见容器口缘，部分帧掀盖或有勺；目标不是手、勺或食物，材料未知。,,,GPT-6 Astra Pro,2026-10-02,conflicting,True,gb,initial,Yogurt container,pale tapered tub; wide rim; light flexible lid,contents; food or medicine identity; paper versus plastic; print,
vot,1747,81ce56e9538c29c81933842c1c4501b352f8c52584242dffa612793812e8c495,yogurt_indoor_1,00000751,corrected,container,pale tapered tub; wide rim; light flexible lid,contents; food or medicine identity; paper versus plastic; print,,近邻揭盖和用勺只作上下文，不证明具体食物内容。,初始化索引 750：可见容器口缘，部分帧掀盖或有勺；目标不是手、勺或食物，材料未知。,,,GPT-6 Astra Pro,2026-10-02,conflicting,True,gb,initial,Yogurt container,pale tapered tub; wide rim; light flexible lid,contents; food or medicine identity; paper versus plastic; print,
vot,1748,0793ca6edc6df65b45591677c7ec2e40598f4f26a6cf6b7cc06530782dcf4ff3,yogurt_indoor_1,00000801,corrected,container,pale tapered tub; wide rim; light flexible lid,contents; food or medicine identity; paper versus plastic; print,,近邻揭盖和用勺只作上下文，不证明具体食物内容。,初始化索引 800：可见容器口缘，部分帧掀盖或有勺；目标不是手、勺或食物，材料未知。,,,GPT-6 Astra Pro,2026-10-02,conflicting,True,gb,initial,Yogurt container,pale tapered tub; wide rim; light flexible lid,contents; food or medicine identity; paper versus plastic; print,
vot,1749,0e1f825bf7f9261f306f5746f2b4eef35c252708d3ddd17f7515aaeb5ef5864a,yogurt_indoor_1,00000851,corrected,container,small pale container; curved side; rim,contents; food or medicine identity; paper versus plastic; print,,近邻揭盖和用勺只作上下文，不证明具体食物内容。,初始化索引 850：容器被手部分遮挡，仍见浅色曲壁，不补印字，不认定手表/药品。,,,GPT-6 Astra Pro,2026-10-02,conflicting,True,gb,initial,Yogurt container,small pale container; curved side; rim,contents; food or medicine identity; paper versus plastic; print,
vot,1750,256d2849878f66e714a736d65a045ebb0bf4d558ef3b192525836a7da358e530,yogurt_indoor_1,00000901,corrected,container,small pale container; curved side; rim,contents; food or medicine identity; paper versus plastic; print,,近邻揭盖和用勺只作上下文，不证明具体食物内容。,初始化索引 900：容器被手部分遮挡，仍见浅色曲壁，不补印字，不认定手表/药品。,,,GPT-6 Astra Pro,2026-10-02,conflicting,True,gb,initial,Yogurt container,small pale container; curved side; rim,contents; food or medicine identity; paper versus plastic; print,
vot,1751,92b78f643c3152359e980176793efcf25be02d1bfd4a5ed251052f678c094aca,yogurt_indoor_1,00000951,corrected,container,small pale container; curved side; rim,contents; food or medicine identity; paper versus plastic; print,,近邻揭盖和用勺只作上下文，不证明具体食物内容。,初始化索引 950：容器被手部分遮挡，仍见浅色曲壁，不补印字，不认定手表/药品。,,,GPT-6 Astra Pro,2026-10-02,conflicting,True,gb,initial,Yogurt container,small pale container; curved side; rim,contents; food or medicine identity; paper versus plastic; print,
vot,1752,fe60648406ecd084fc00b3eac433534aded26ab7fc72190d3fffe8455d5eb308,yogurt_indoor_1,00001001,corrected,container,small pale container; curved side; rim,contents; food or medicine identity; paper versus plastic; print,,近邻揭盖和用勺只作上下文，不证明具体食物内容。,初始化索引 1000：容器被手部分遮挡，仍见浅色曲壁，不补印字，不认定手表/药品。,,,GPT-6 Astra Pro,2026-10-02,conflicting,True,gb,initial,Yogurt container,small pale container; curved side; rim,contents; food or medicine identity; paper versus plastic; print,
vot,1753,e17b1e4a86e0be5d82301d9d1099bf25617db558a0b72cfdde727e1cdb621535,yogurt_indoor_1,00001051,corrected,container,pale tapered tub; wide rim; light flexible lid,contents; food or medicine identity; paper versus plastic; print,,近邻揭盖和用勺只作上下文，不证明具体食物内容。,初始化索引 1050：可见容器口缘，部分帧掀盖或有勺；目标不是手、勺或食物，材料未知。,,,GPT-6 Astra Pro,2026-10-02,conflicting,True,gb,initial,Yogurt container,pale tapered tub; wide rim; light flexible lid,contents; food or medicine identity; paper versus plastic; print,
vot,1754,3e938d9f0c90f96511f94a34820c86acc1569c81903b33b561cb10278f14f30f,yogurt_indoor_1,00001101,corrected,container,pale tapered tub; wide rim; light flexible lid,contents; food or medicine identity; paper versus plastic; print,,近邻揭盖和用勺只作上下文，不证明具体食物内容。,初始化索引 1100：可见容器口缘，部分帧掀盖或有勺；目标不是手、勺或食物，材料未知。,,,GPT-6 Astra Pro,2026-10-02,conflicting,True,gb,initial,Yogurt container,pale tapered tub; wide rim; light flexible lid,contents; food or medicine identity; paper versus plastic; print,
vot,1755,a1e3278805fcc5c0c368643684123e2eab347cc16bf4d0cdd6ec0d0cc5063afd,yogurt_indoor_1,00001151,corrected,container,pale tapered tub; wide rim; light flexible lid,contents; food or medicine identity; paper versus plastic; print,,近邻揭盖和用勺只作上下文，不证明具体食物内容。,初始化索引 1150：可见容器口缘，部分帧掀盖或有勺；目标不是手、勺或食物，材料未知。,,,GPT-6 Astra Pro,2026-10-02,conflicting,True,gb,initial,Yogurt container,pale tapered tub; wide rim; light flexible lid,contents; food or medicine identity; paper versus plastic; print,
vot,1756,e2ec3032841b2420b7c10ff96cd894bfe1c9b3b0ae4bffc67c06f1a6c798c172,yogurt_indoor_1,00001201,corrected,container,pale tapered tub; wide rim; light flexible lid,contents; food or medicine identity; paper versus plastic; print,,近邻揭盖和用勺只作上下文，不证明具体食物内容。,初始化索引 1200：可见容器口缘，部分帧掀盖或有勺；目标不是手、勺或食物，材料未知。,,,GPT-6 Astra Pro,2026-10-02,conflicting,True,gb,initial,Yogurt container,pale tapered tub; wide rim; light flexible lid,contents; food or medicine identity; paper versus plastic; print,
vot,1757,627ac57a489a610a7cf0f04ea8b126a59bc9f1371b9ed672da32e93438f29ffb,yogurt_indoor_1,00001251,corrected,container,pale tapered tub; wide rim; light flexible lid,contents; food or medicine identity; paper versus plastic; print,,近邻揭盖和用勺只作上下文，不证明具体食物内容。,初始化索引 1250：可见容器口缘，部分帧掀盖或有勺；目标不是手、勺或食物，材料未知。,,,GPT-6 Astra Pro,2026-10-02,conflicting,True,gb,initial,Yogurt container,pale tapered tub; wide rim; light flexible lid,contents; food or medicine identity; paper versus plastic; print,
vot,1758,5d4f0e0e1a072fbf47627af52695f5496a0cea9878fa0d2e328042867875c926,yogurt_indoor_1,00001301,supported,container,pale tapered tub; wide rim; light flexible lid,contents; food or medicine identity; paper versus plastic; print,,近邻揭盖和用勺只作上下文，不证明具体食物内容。,初始化索引 1300：可见容器口缘，部分帧掀盖或有勺；目标不是手、勺或食物，材料未知。,,,GPT-6 Astra Pro,2026-10-02,conflicting,True,gb,initial,Yogurt container,pale tapered tub; wide rim; light flexible lid,contents; food or medicine identity; paper versus plastic; print,
vot,1759,6105b825f8b899fe65dc405b0f719907c1654356a9508480cccb9b605767e7fd,yogurt_indoor_1,00001351,corrected,container,pale tapered tub; wide rim; light flexible lid,contents; food or medicine identity; paper versus plastic; print,,近邻揭盖和用勺只作上下文，不证明具体食物内容。,初始化索引 1350：可见容器口缘，部分帧掀盖或有勺；目标不是手、勺或食物，材料未知。,,,GPT-6 Astra Pro,2026-10-02,conflicting,True,gb,initial,Yogurt container,pale tapered tub; wide rim; light flexible lid,contents; food or medicine identity; paper versus plastic; print,
vot,1760,52ca1018d5cb73335f3675b93d5db360f97d5447e24b0325113a99a7711014f6,yogurt_indoor_1,00001401,corrected,container,pale tapered tub; wide rim; light flexible lid,contents; food or medicine identity; paper versus plastic; print,,近邻揭盖和用勺只作上下文，不证明具体食物内容。,初始化索引 1400：可见容器口缘，部分帧掀盖或有勺；目标不是手、勺或食物，材料未知。,,,GPT-6 Astra Pro,2026-10-02,conflicting,True,gb,initial,Yogurt container,pale tapered tub; wide rim; light flexible lid,contents; food or medicine identity; paper versus plastic; print,
vot,1761,8149b23700d664c1916c887b63e1e7f277e67f943a2348fdd2767cd5058e8df7,yogurt_indoor_1,00001451,corrected,container,pale tapered tub; wide rim; light flexible lid,contents; food or medicine identity; paper versus plastic; print,,近邻揭盖和用勺只作上下文，不证明具体食物内容。,初始化索引 1450：可见容器口缘，部分帧掀盖或有勺；目标不是手、勺或食物，材料未知。,,,GPT-6 Astra Pro,2026-10-02,conflicting,True,gb,initial,Yogurt container,pale tapered tub; wide rim; light flexible lid,contents; food or medicine identity; paper versus plastic; print,
vot,1762,6f906e5a7611368afa59ba3eb09718c7936315a08af6622a806dff0c13694098,yogurt_indoor_1,00001501,corrected,container,pale tapered tub; wide rim; light flexible lid,contents; food or medicine identity; paper versus plastic; print,,近邻揭盖和用勺只作上下文，不证明具体食物内容。,初始化索引 1500：可见容器口缘，部分帧掀盖或有勺；目标不是手、勺或食物，材料未知。,,,GPT-6 Astra Pro,2026-10-02,conflicting,True,gb,initial,Yogurt container,pale tapered tub; wide rim; light flexible lid,contents; food or medicine identity; paper versus plastic; print,
vot,1763,9cc9a4aed20fbafcda4bc74e7630a672c114dcd41acf50cdb7c3d367da11f8f2,yogurt_indoor_1,00001551,corrected,container,pale tapered tub; wide rim; light flexible lid,contents; food or medicine identity; paper versus plastic; print,,近邻揭盖和用勺只作上下文，不证明具体食物内容。,初始化索引 1550：可见容器口缘，部分帧掀盖或有勺；目标不是手、勺或食物，材料未知。,,,GPT-6 Astra Pro,2026-10-02,conflicting,True,gb,initial,Yogurt container,pale tapered tub; wide rim; light flexible lid,contents; food or medicine identity; paper versus plastic; print,
vot,1764,7b5ad5468aaea2473d88c3ab4e0e6ef34bad3cc285e074e1804d12c07e228fac,yogurt_indoor_1,00001601,corrected,container,pale tapered tub; wide rim; light flexible lid,contents; food or medicine identity; paper versus plastic; print,,近邻揭盖和用勺只作上下文，不证明具体食物内容。,初始化索引 1600：可见容器口缘，部分帧掀盖或有勺；目标不是手、勺或食物，材料未知。,,,GPT-6 Astra Pro,2026-10-02,conflicting,True,gb,initial,Yogurt container,pale tapered tub; wide rim; light flexible lid,contents; food or medicine identity; paper versus plastic; print,
vot,1765,ea516f78fc28564bb15b7ac0706493679644979b343a69ba4a7ef565c815662b,yogurt_indoor_1,00001609,corrected,container,pale tapered tub; wide rim; light flexible lid,contents; food or medicine identity; paper versus plastic; print,,近邻揭盖和用勺只作上下文，不证明具体食物内容。,初始化索引 1608：可见容器口缘，部分帧掀盖或有勺；目标不是手、勺或食物，材料未知。,,,GPT-6 Astra Pro,2026-10-02,conflicting,True,gb,initial,Yogurt container,pale tapered tub; wide rim; light flexible lid,contents; food or medicine identity; paper versus plastic; print,
