anchor_key,sequence,anchor,direction,run_length,native_failed,native_progress,old_m82_failed,old_m82_progress,control_failed,control_progress,candidate_failed,candidate_progress
XMG_outside_2@0F,XMG_outside_2,0,forward,882,0,882,0,882,0,882,0,882
XMG_outside_2@100F,XMG_outside_2,100,forward,782,0,782,0,782,0,782,0,782
XMG_outside_2@150F,XMG_outside_2,150,forward,732,0,732,0,732,0,732,0,732
XMG_outside_2@200F,XMG_outside_2,200,forward,682,0,682,0,682,0,682,0,682
XMG_outside_2@250F,XMG_outside_2,250,forward,632,0,632,0,632,0,632,0,632
XMG_outside_2@300F,XMG_outside_2,300,forward,582,0,582,0,582,0,582,0,582
XMG_outside_2@350F,XMG_outside_2,350,forward,532,0,532,0,532,0,532,0,532
XMG_outside_2@400F,XMG_outside_2,400,forward,482,0,482,0,482,0,482,0,482
XMG_outside_2@450B,XMG_outside_2,450,backward,451,0,451,0,451,0,451,0,451
XMG_outside_2@500B,XMG_outside_2,500,backward,501,0,501,0,501,0,501,0,501
XMG_outside_2@50F,XMG_outside_2,50,forward,832,0,832,0,832,0,832,0,832
XMG_outside_2@550B,XMG_outside_2,550,backward,551,0,551,0,551,0,551,0,551
XMG_outside_2@600B,XMG_outside_2,600,backward,601,0,601,0,601,0,601,0,601
XMG_outside_2@650B,XMG_outside_2,650,backward,651,0,651,0,651,0,651,0,651
XMG_outside_2@700B,XMG_outside_2,700,backward,701,0,701,0,701,0,701,0,701
XMG_outside_2@750B,XMG_outside_2,750,backward,751,0,751,0,751,0,751,0,751
XMG_outside_2@800B,XMG_outside_2,800,backward,801,0,801,0,801,0,801,0,801
XMG_outside_2@839B,XMG_outside_2,839,backward,840,0,840,0,840,0,840,0,840
XMG_outside_2@881B,XMG_outside_2,881,backward,882,0,882,0,882,0,882,0,882
adapter01_indoor_1@0F,adapter01_indoor_1,0,forward,893,0,893,1,369,1,370,0,893
adapter01_indoor_1@100F,adapter01_indoor_1,100,forward,793,0,793,0,793,0,793,0,793
adapter01_indoor_1@150F,adapter01_indoor_1,150,forward,743,0,743,0,743,0,743,0,743
adapter01_indoor_1@200F,adapter01_indoor_1,200,forward,693,0,693,0,693,0,693,0,693
adapter01_indoor_1@250F,adapter01_indoor_1,250,forward,643,0,643,0,643,0,643,0,643
adapter01_indoor_1@300F,adapter01_indoor_1,300,forward,593,0,593,0,593,0,593,0,593
adapter01_indoor_1@350F,adapter01_indoor_1,350,forward,543,0,543,0,543,0,543,0,543
adapter01_indoor_1@400F,adapter01_indoor_1,400,forward,493,0,493,0,493,0,493,0,493
adapter01_indoor_1@450B,adapter01_indoor_1,450,backward,451,0,451,0,451,0,451,0,451
adapter01_indoor_1@506B,adapter01_indoor_1,506,backward,507,0,507,0,507,0,507,0,507
adapter01_indoor_1@50F,adapter01_indoor_1,50,forward,843,0,843,0,843,0,843,0,843
adapter01_indoor_1@550B,adapter01_indoor_1,550,backward,551,0,551,0,551,0,551,0,551
adapter01_indoor_1@607B,adapter01_indoor_1,607,backward,608,0,608,0,608,0,608,0,608
adapter01_indoor_1@647B,adapter01_indoor_1,647,backward,648,0,648,0,648,0,648,0,648
adapter01_indoor_1@700B,adapter01_indoor_1,700,backward,701,0,701,0,701,0,701,0,701
adapter01_indoor_1@750B,adapter01_indoor_1,750,backward,751,0,751,0,751,0,751,0,751
adapter01_indoor_1@800B,adapter01_indoor_1,800,backward,801,0,801,0,801,0,801,0,801
adapter01_indoor_1@850B,adapter01_indoor_1,850,backward,851,0,851,0,851,0,851,0,851
adapter01_indoor_1@892B,adapter01_indoor_1,892,backward,893,0,893,0,893,0,893,0,893
backpack_blue_1@0F,backpack_blue_1,0,forward,912,0,912,0,912,0,912,0,912
backpack_blue_1@100F,backpack_blue_1,100,forward,812,0,812,0,812,0,812,0,812
backpack_blue_1@150F,backpack_blue_1,150,forward,762,0,762,0,762,0,762,0,762
backpack_blue_1@200F,backpack_blue_1,200,forward,712,0,712,0,712,0,712,0,712
backpack_blue_1@250F,backpack_blue_1,250,forward,662,0,662,0,662,0,662,0,662
backpack_blue_1@300F,backpack_blue_1,300,forward,612,0,612,0,612,1,178,0,612
backpack_blue_1@350F,backpack_blue_1,350,forward,562,0,562,0,562,0,562,0,562
backpack_blue_1@400F,backpack_blue_1,400,forward,512,1,81,1,84,1,83,1,82
backpack_blue_1@450F,backpack_blue_1,450,forward,462,0,462,0,462,0,462,0,462
backpack_blue_1@500B,backpack_blue_1,500,backward,501,0,501,1,366,1,252,1,371
backpack_blue_1@50F,backpack_blue_1,50,forward,862,0,862,0,862,0,862,0,862
backpack_blue_1@550B,backpack_blue_1,550,backward,551,0,551,0,551,1,372,0,551
backpack_blue_1@600B,backpack_blue_1,600,backward,601,0,601,0,601,1,154,0,601
backpack_blue_1@650B,backpack_blue_1,650,backward,651,0,651,0,651,1,544,0,651
backpack_blue_1@700B,backpack_blue_1,700,backward,701,0,701,0,701,1,587,0,701
backpack_blue_1@750B,backpack_blue_1,750,backward,751,1,480,1,237,1,237,1,34
backpack_blue_1@800B,backpack_blue_1,800,backward,801,0,801,1,588,1,314,1,326
backpack_blue_1@850B,backpack_blue_1,850,backward,851,0,851,0,851,1,640,0,851
backpack_blue_1@900B,backpack_blue_1,900,backward,901,0,901,0,901,0,901,0,901
backpack_blue_1@911B,backpack_blue_1,911,backward,912,0,912,0,912,0,912,0,912
backpack_indoor_1@0F,backpack_indoor_1,0,forward,472,0,472,0,472,0,472,0,472
backpack_indoor_1@100F,backpack_indoor_1,100,forward,372,0,372,0,372,0,372,0,372
backpack_indoor_1@150F,backpack_indoor_1,150,forward,322,0,322,0,322,0,322,0,322
backpack_indoor_1@200F,backpack_indoor_1,200,forward,272,0,272,0,272,0,272,0,272
backpack_indoor_1@250B,backpack_indoor_1,250,backward,251,0,251,0,251,0,251,0,251
backpack_indoor_1@300B,backpack_indoor_1,300,backward,301,0,301,0,301,0,301,0,301
backpack_indoor_1@350B,backpack_indoor_1,350,backward,351,0,351,0,351,0,351,0,351
backpack_indoor_1@400B,backpack_indoor_1,400,backward,401,0,401,0,401,0,401,0,401
backpack_indoor_1@441B,backpack_indoor_1,441,backward,442,0,442,0,442,0,442,0,442
backpack_indoor_1@50F,backpack_indoor_1,50,forward,422,0,422,0,422,0,422,0,422
backpack_robotarm_lab_occ_1@0F,backpack_robotarm_lab_occ_1,0,forward,588,0,588,0,588,0,588,0,588
backpack_robotarm_lab_occ_1@100F,backpack_robotarm_lab_occ_1,100,forward,488,0,488,0,488,0,488,0,488
backpack_robotarm_lab_occ_1@150F,backpack_robotarm_lab_occ_1,150,forward,438,0,438,0,438,0,438,0,438
backpack_robotarm_lab_occ_1@200F,backpack_robotarm_lab_occ_1,200,forward,388,0,388,0,388,0,388,0,388
backpack_robotarm_lab_occ_1@250F,backpack_robotarm_lab_occ_1,250,forward,338,0,338,0,338,0,338,0,338
backpack_robotarm_lab_occ_1@300B,backpack_robotarm_lab_occ_1,300,backward,301,0,301,0,301,0,301,0,301
backpack_robotarm_lab_occ_1@350B,backpack_robotarm_lab_occ_1,350,backward,351,0,351,0,351,0,351,0,351
backpack_robotarm_lab_occ_1@400B,backpack_robotarm_lab_occ_1,400,backward,401,0,401,0,401,0,401,0,401
backpack_robotarm_lab_occ_1@450B,backpack_robotarm_lab_occ_1,450,backward,451,0,451,0,451,0,451,0,451
backpack_robotarm_lab_occ_1@500B,backpack_robotarm_lab_occ_1,500,backward,501,0,501,0,501,0,501,0,501
backpack_robotarm_lab_occ_1@50F,backpack_robotarm_lab_occ_1,50,forward,538,0,538,0,538,0,538,0,538
backpack_robotarm_lab_occ_1@565B,backpack_robotarm_lab_occ_1,565,backward,566,0,566,0,566,0,566,0,566
backpack_room_noocc_1_1@0F,backpack_room_noocc_1_1,0,forward,1371,0,1371,0,1371,0,1371,0,1371
backpack_room_noocc_1_1@1000B,backpack_room_noocc_1_1,1000,backward,1001,0,1001,0,1001,0,1001,0,1001
backpack_room_noocc_1_1@100F,backpack_room_noocc_1_1,100,forward,1271,0,1271,0,1271,0,1271,0,1271
backpack_room_noocc_1_1@1050B,backpack_room_noocc_1_1,1050,backward,1051,0,1051,0,1051,0,1051,0,1051
backpack_room_noocc_1_1@1100B,backpack_room_noocc_1_1,1100,backward,1101,0,1101,0,1101,0,1101,0,1101
backpack_room_noocc_1_1@1150B,backpack_room_noocc_1_1,1150,backward,1151,0,1151,0,1151,0,1151,0,1151
backpack_room_noocc_1_1@1200B,backpack_room_noocc_1_1,1200,backward,1201,0,1201,0,1201,0,1201,0,1201
backpack_room_noocc_1_1@1250B,backpack_room_noocc_1_1,1250,backward,1251,0,1251,0,1251,0,1251,0,1251
backpack_room_noocc_1_1@1300B,backpack_room_noocc_1_1,1300,backward,1301,0,1301,0,1301,0,1301,0,1301
backpack_room_noocc_1_1@1350B,backpack_room_noocc_1_1,1350,backward,1351,0,1351,0,1351,0,1351,0,1351
backpack_room_noocc_1_1@1366B,backpack_room_noocc_1_1,1366,backward,1367,0,1367,0,1367,0,1367,0,1367
backpack_room_noocc_1_1@150F,backpack_room_noocc_1_1,150,forward,1221,0,1221,0,1221,0,1221,0,1221
backpack_room_noocc_1_1@200F,backpack_room_noocc_1_1,200,forward,1171,0,1171,0,1171,0,1171,0,1171
backpack_room_noocc_1_1@250F,backpack_room_noocc_1_1,250,forward,1121,0,1121,0,1121,0,1121,0,1121
backpack_room_noocc_1_1@300F,backpack_room_noocc_1_1,300,forward,1071,0,1071,0,1071,0,1071,0,1071
backpack_room_noocc_1_1@350F,backpack_room_noocc_1_1,350,forward,1021,0,1021,0,1021,0,1021,0,1021
backpack_room_noocc_1_1@400F,backpack_room_noocc_1_1,400,forward,971,0,971,0,971,0,971,0,971
backpack_room_noocc_1_1@450F,backpack_room_noocc_1_1,450,forward,921,0,921,0,921,0,921,0,921
backpack_room_noocc_1_1@500F,backpack_room_noocc_1_1,500,forward,871,0,871,0,871,0,871,0,871
backpack_room_noocc_1_1@50F,backpack_room_noocc_1_1,50,forward,1321,0,1321,0,1321,0,1321,0,1321
backpack_room_noocc_1_1@550F,backpack_room_noocc_1_1,550,forward,821,0,821,0,821,0,821,0,821
backpack_room_noocc_1_1@600F,backpack_room_noocc_1_1,600,forward,771,0,771,0,771,0,771,0,771
backpack_room_noocc_1_1@650F,backpack_room_noocc_1_1,650,forward,721,0,721,0,721,0,721,0,721
backpack_room_noocc_1_1@700B,backpack_room_noocc_1_1,700,backward,701,0,701,0,701,0,701,0,701
backpack_room_noocc_1_1@750B,backpack_room_noocc_1_1,750,backward,751,0,751,0,751,0,751,0,751
backpack_room_noocc_1_1@800B,backpack_room_noocc_1_1,800,backward,801,0,801,0,801,0,801,0,801
backpack_room_noocc_1_1@850B,backpack_room_noocc_1_1,850,backward,851,0,851,0,851,0,851,0,851
backpack_room_noocc_1_1@900B,backpack_room_noocc_1_1,900,backward,901,0,901,0,901,0,901,0,901
backpack_room_noocc_1_1@950B,backpack_room_noocc_1_1,950,backward,951,0,951,0,951,0,951,0,951
bag01_indoor_1@0F,bag01_indoor_1,0,forward,334,0,334,0,334,0,334,0,334
bag01_indoor_1@100F,bag01_indoor_1,100,forward,234,0,234,0,234,0,234,0,234
bag01_indoor_1@150F,bag01_indoor_1,150,forward,184,0,184,0,184,0,184,0,184
bag01_indoor_1@200B,bag01_indoor_1,200,backward,201,0,201,0,201,0,201,0,201
bag01_indoor_1@250B,bag01_indoor_1,250,backward,251,0,251,0,251,0,251,0,251
bag01_indoor_1@300B,bag01_indoor_1,300,backward,301,0,301,0,301,0,301,0,301
bag01_indoor_1@333B,bag01_indoor_1,333,backward,334,0,334,0,334,0,334,0,334
bag01_indoor_1@50F,bag01_indoor_1,50,forward,284,0,284,0,284,0,284,0,284
bag01_indoor_2@0F,bag01_indoor_2,0,forward,972,0,972,0,972,0,972,1,295
bag01_indoor_2@100F,bag01_indoor_2,100,forward,872,1,195,0,872,0,872,0,872
bag01_indoor_2@150F,bag01_indoor_2,150,forward,822,0,822,0,822,0,822,0,822
bag01_indoor_2@213F,bag01_indoor_2,213,forward,759,0,759,0,759,0,759,0,759
bag01_indoor_2@250F,bag01_indoor_2,250,forward,722,0,722,0,722,0,722,0,722
bag01_indoor_2@300F,bag01_indoor_2,300,forward,672,0,672,0,672,0,672,0,672
bag01_indoor_2@350F,bag01_indoor_2,350,forward,622,0,622,0,622,0,622,0,622
bag01_indoor_2@400F,bag01_indoor_2,400,forward,572,0,572,0,572,0,572,0,572
bag01_indoor_2@450F,bag01_indoor_2,450,forward,522,0,522,0,522,0,522,0,522
bag01_indoor_2@500B,bag01_indoor_2,500,backward,501,1,213,0,501,1,213,1,303
bag01_indoor_2@50F,bag01_indoor_2,50,forward,922,0,922,0,922,1,245,0,922
bag01_indoor_2@550B,bag01_indoor_2,550,backward,551,1,237,0,551,1,263,1,237
bag01_indoor_2@600B,bag01_indoor_2,600,backward,601,1,287,1,287,1,257,1,287
bag01_indoor_2@650B,bag01_indoor_2,650,backward,651,1,453,1,363,1,362,0,651
bag01_indoor_2@700B,bag01_indoor_2,700,backward,701,1,387,1,387,1,387,1,387
bag01_indoor_2@750B,bag01_indoor_2,750,backward,751,1,553,0,751,0,751,0,751
bag01_indoor_2@800B,bag01_indoor_2,800,backward,801,1,487,1,487,1,487,1,487
bag01_indoor_2@850B,bag01_indoor_2,850,backward,851,1,562,0,851,1,562,1,537
bag01_indoor_2@900B,bag01_indoor_2,900,backward,901,1,703,1,612,1,612,1,703
bag01_indoor_2@954B,bag01_indoor_2,954,backward,955,1,641,1,757,1,641,1,666
bag01_indoor_2@971B,bag01_indoor_2,971,backward,972,1,774,0,972,1,658,1,774
bag01_indoor_4@0F,bag01_indoor_4,0,forward,397,0,397,0,397,0,397,0,397
bag01_indoor_4@110F,bag01_indoor_4,110,forward,287,0,287,0,287,0,287,0,287
bag01_indoor_4@153F,bag01_indoor_4,153,forward,244,0,244,0,244,0,244,0,244
bag01_indoor_4@200B,bag01_indoor_4,200,backward,201,0,201,0,201,0,201,0,201
bag01_indoor_4@250B,bag01_indoor_4,250,backward,251,0,251,0,251,0,251,0,251
bag01_indoor_4@300B,bag01_indoor_4,300,backward,301,0,301,0,301,0,301,0,301
bag01_indoor_4@350B,bag01_indoor_4,350,backward,351,0,351,0,351,0,351,0,351
bag01_indoor_4@396B,bag01_indoor_4,396,backward,397,0,397,0,397,0,397,0,397
bag01_indoor_4@50F,bag01_indoor_4,50,forward,347,0,347,0,347,0,347,0,347
bag02_indoor_1@0F,bag02_indoor_1,0,forward,485,0,485,0,485,0,485,0,485
bag02_indoor_1@139F,bag02_indoor_1,139,forward,346,0,346,0,346,0,346,0,346
bag02_indoor_1@200F,bag02_indoor_1,200,forward,285,0,285,0,285,0,285,0,285
bag02_indoor_1@250B,bag02_indoor_1,250,backward,251,0,251,0,251,0,251,0,251
bag02_indoor_1@300B,bag02_indoor_1,300,backward,301,0,301,0,301,0,301,0,301
bag02_indoor_1@350B,bag02_indoor_1,350,backward,351,0,351,0,351,0,351,0,351
bag02_indoor_1@400B,bag02_indoor_1,400,backward,401,0,401,0,401,0,401,0,401
bag02_indoor_1@450B,bag02_indoor_1,450,backward,451,0,451,0,451,1,430,0,451
bag02_indoor_1@484B,bag02_indoor_1,484,backward,485,0,485,0,485,0,485,0,485
bag02_indoor_1@50F,bag02_indoor_1,50,forward,435,0,435,0,435,0,435,0,435
bag02_indoor_1@95F,bag02_indoor_1,95,forward,390,0,390,0,390,0,390,0,390
bag02_indoor_2@0F,bag02_indoor_2,0,forward,1271,0,1271,1,545,0,1271,1,1194
bag02_indoor_2@1000B,bag02_indoor_2,1000,backward,1001,0,1001,0,1001,0,1001,0,1001
bag02_indoor_2@100F,bag02_indoor_2,100,forward,1171,0,1171,1,445,0,1171,0,1171
bag02_indoor_2@1050B,bag02_indoor_2,1050,backward,1051,0,1051,0,1051,0,1051,0,1051
bag02_indoor_2@1114B,bag02_indoor_2,1114,backward,1115,0,1115,0,1115,0,1115,0,1115
bag02_indoor_2@1165B,bag02_indoor_2,1165,backward,1166,0,1166,0,1166,0,1166,0,1166
bag02_indoor_2@1203B,bag02_indoor_2,1203,backward,1204,0,1204,0,1204,0,1204,0,1204
bag02_indoor_2@1250B,bag02_indoor_2,1250,backward,1251,1,53,1,52,1,52,1,52
bag02_indoor_2@1270B,bag02_indoor_2,1270,backward,1271,0,1271,0,1271,1,729,0,1271
bag02_indoor_2@150F,bag02_indoor_2,150,forward,1121,1,394,1,394,0,1121,0,1121
bag02_indoor_2@200F,bag02_indoor_2,200,forward,1071,1,1002,1,994,0,1071,0,1071
bag02_indoor_2@250F,bag02_indoor_2,250,forward,1021,0,1021,1,945,1,294,0,1021
bag02_indoor_2@289F,bag02_indoor_2,289,forward,982,1,255,0,982,0,982,1,256
bag02_indoor_2@350F,bag02_indoor_2,350,forward,921,0,921,1,195,0,921,0,921
bag02_indoor_2@400F,bag02_indoor_2,400,forward,871,0,871,1,145,0,871,0,871
bag02_indoor_2@450F,bag02_indoor_2,450,forward,821,1,743,1,94,0,821,1,745
bag02_indoor_2@500F,bag02_indoor_2,500,forward,771,1,696,1,45,1,45,1,45
bag02_indoor_2@50F,bag02_indoor_2,50,forward,1221,0,1221,1,494,1,495,0,1221
bag02_indoor_2@555F,bag02_indoor_2,555,forward,716,0,716,0,716,0,716,0,716
bag02_indoor_2@600F,bag02_indoor_2,600,forward,671,1,602,1,594,0,671,0,671
bag02_indoor_2@650B,bag02_indoor_2,650,backward,651,0,651,0,651,0,651,0,651
bag02_indoor_2@700B,bag02_indoor_2,700,backward,701,0,701,0,701,0,701,0,701
bag02_indoor_2@744B,bag02_indoor_2,744,backward,745,0,745,0,745,0,745,0,745
bag02_indoor_2@800B,bag02_indoor_2,800,backward,801,0,801,0,801,0,801,0,801
bag02_indoor_2@850B,bag02_indoor_2,850,backward,851,0,851,0,851,0,851,0,851
bag02_indoor_2@900B,bag02_indoor_2,900,backward,901,0,901,0,901,0,901,0,901
bag02_indoor_2@950B,bag02_indoor_2,950,backward,951,0,951,0,951,0,951,0,951
bag_outside_2@0F,bag_outside_2,0,forward,565,0,565,0,565,0,565,0,565
bag_outside_2@100F,bag_outside_2,100,forward,465,0,465,0,465,0,465,0,465
bag_outside_2@150F,bag_outside_2,150,forward,415,0,415,0,415,0,415,0,415
bag_outside_2@200F,bag_outside_2,200,forward,365,0,365,0,365,0,365,0,365
bag_outside_2@250F,bag_outside_2,250,forward,315,0,315,0,315,0,315,0,315
bag_outside_2@300B,bag_outside_2,300,backward,301,0,301,0,301,0,301,0,301
bag_outside_2@350B,bag_outside_2,350,backward,351,0,351,0,351,0,351,0,351
bag_outside_2@400B,bag_outside_2,400,backward,401,0,401,0,401,0,401,0,401
bag_outside_2@450B,bag_outside_2,450,backward,451,0,451,0,451,0,451,0,451
bag_outside_2@500B,bag_outside_2,500,backward,501,0,501,0,501,0,501,0,501
bag_outside_2@50F,bag_outside_2,50,forward,515,0,515,0,515,0,515,0,515
bag_outside_2@550B,bag_outside_2,550,backward,551,0,551,1,444,0,551,0,551
bag_outside_2@564B,bag_outside_2,564,backward,565,0,565,0,565,0,565,0,565
bag_outside_3@0F,bag_outside_3,0,forward,684,0,684,0,684,0,684,0,684
bag_outside_3@100F,bag_outside_3,100,forward,584,0,584,0,584,0,584,0,584
bag_outside_3@150F,bag_outside_3,150,forward,534,0,534,0,534,0,534,0,534
bag_outside_3@200F,bag_outside_3,200,forward,484,0,484,0,484,0,484,0,484
bag_outside_3@250F,bag_outside_3,250,forward,434,0,434,0,434,0,434,0,434
bag_outside_3@300F,bag_outside_3,300,forward,384,0,384,0,384,0,384,0,384
bag_outside_3@350B,bag_outside_3,350,backward,351,0,351,0,351,0,351,0,351
bag_outside_3@400B,bag_outside_3,400,backward,401,0,401,0,401,0,401,0,401
bag_outside_3@450B,bag_outside_3,450,backward,451,0,451,0,451,0,451,0,451
bag_outside_3@500B,bag_outside_3,500,backward,501,0,501,0,501,0,501,0,501
bag_outside_3@50F,bag_outside_3,50,forward,634,0,634,0,634,0,634,0,634
bag_outside_3@550B,bag_outside_3,550,backward,551,0,551,0,551,0,551,0,551
bag_outside_3@600B,bag_outside_3,600,backward,601,0,601,0,601,0,601,0,601
bag_outside_3@650B,bag_outside_3,650,backward,651,0,651,0,651,0,651,0,651
bag_outside_3@683B,bag_outside_3,683,backward,684,0,684,0,684,0,684,0,684
ball06_indoor_1@0F,ball06_indoor_1,0,forward,341,0,341,1,324,0,341,1,324
ball06_indoor_1@100F,ball06_indoor_1,100,forward,241,0,241,0,241,0,241,1,224
ball06_indoor_1@150F,ball06_indoor_1,150,forward,191,0,191,0,191,0,191,0,191
ball06_indoor_1@200B,ball06_indoor_1,200,backward,201,0,201,0,201,0,201,0,201
ball06_indoor_1@250B,ball06_indoor_1,250,backward,251,0,251,0,251,0,251,0,251
ball06_indoor_1@300B,ball06_indoor_1,300,backward,301,0,301,0,301,0,301,0,301
ball06_indoor_1@335B,ball06_indoor_1,335,backward,336,1,13,1,13,1,13,1,13
ball06_indoor_1@50F,ball06_indoor_1,50,forward,291,0,291,1,274,1,274,0,291
ball06_indoor_2@0F,ball06_indoor_2,0,forward,337,1,193,1,7,1,7,1,7
ball06_indoor_2@149F,ball06_indoor_2,149,forward,188,1,44,1,44,1,44,1,44
ball06_indoor_2@199B,ball06_indoor_2,199,backward,200,1,87,1,74,1,74,1,74
ball06_indoor_2@248B,ball06_indoor_2,248,backward,249,0,249,1,123,1,123,1,123
ball06_indoor_2@298B,ball06_indoor_2,298,backward,299,1,46,1,18,1,46,1,46
ball06_indoor_2@329B,ball06_indoor_2,329,backward,330,1,77,1,14,1,14,1,14
ball06_indoor_2@50F,ball06_indoor_2,50,forward,287,1,143,1,21,1,21,1,22
ball06_indoor_2@99F,ball06_indoor_2,99,forward,238,1,94,1,94,1,94,1,94
ball11_wild_1@0F,ball11_wild_1,0,forward,238,0,238,0,238,0,238,0,238
ball11_wild_1@100F,ball11_wild_1,100,forward,138,0,138,0,138,0,138,0,138
ball11_wild_1@150B,ball11_wild_1,150,backward,151,0,151,0,151,0,151,0,151
ball11_wild_1@200B,ball11_wild_1,200,backward,201,0,201,0,201,0,201,0,201
ball11_wild_1@237B,ball11_wild_1,237,backward,238,0,238,0,238,0,238,0,238
ball11_wild_1@50F,ball11_wild_1,50,forward,188,0,188,0,188,0,188,0,188
ball11_wild_2@0F,ball11_wild_2,0,forward,170,0,170,0,170,0,170,0,170
ball11_wild_2@100B,ball11_wild_2,100,backward,101,0,101,0,101,0,101,0,101
ball11_wild_2@150B,ball11_wild_2,150,backward,151,0,151,0,151,0,151,0,151
ball11_wild_2@169B,ball11_wild_2,169,backward,170,0,170,0,170,0,170,0,170
ball11_wild_2@50F,ball11_wild_2,50,forward,120,0,120,0,120,0,120,0,120
ball11_wild_5@0F,ball11_wild_5,0,forward,580,0,580,0,580,0,580,0,580
ball11_wild_5@100F,ball11_wild_5,100,forward,480,0,480,0,480,0,480,0,480
ball11_wild_5@150F,ball11_wild_5,150,forward,430,0,430,0,430,0,430,0,430
ball11_wild_5@200F,ball11_wild_5,200,forward,380,0,380,0,380,0,380,0,380
ball11_wild_5@250F,ball11_wild_5,250,forward,330,0,330,0,330,0,330,0,330
ball11_wild_5@300B,ball11_wild_5,300,backward,301,0,301,0,301,0,301,0,301
ball11_wild_5@350B,ball11_wild_5,350,backward,351,0,351,0,351,0,351,0,351
ball11_wild_5@400B,ball11_wild_5,400,backward,401,0,401,0,401,0,401,0,401
ball11_wild_5@450B,ball11_wild_5,450,backward,451,0,451,0,451,0,451,0,451
ball11_wild_5@500B,ball11_wild_5,500,backward,501,0,501,0,501,0,501,0,501
ball11_wild_5@50F,ball11_wild_5,50,forward,530,0,530,0,530,0,530,0,530
ball11_wild_5@550B,ball11_wild_5,550,backward,551,0,551,0,551,0,551,0,551
ball11_wild_5@579B,ball11_wild_5,579,backward,580,0,580,0,580,0,580,0,580
ball20_indoor_1@0F,ball20_indoor_1,0,forward,365,0,365,0,365,0,365,0,365
ball20_indoor_1@100F,ball20_indoor_1,100,forward,265,0,265,0,265,0,265,0,265
ball20_indoor_1@150F,ball20_indoor_1,150,forward,215,0,215,0,215,0,215,0,215
ball20_indoor_1@200B,ball20_indoor_1,200,backward,201,0,201,0,201,0,201,0,201
ball20_indoor_1@250B,ball20_indoor_1,250,backward,251,0,251,0,251,0,251,0,251
ball20_indoor_1@300B,ball20_indoor_1,300,backward,301,0,301,0,301,0,301,0,301
ball20_indoor_1@350B,ball20_indoor_1,350,backward,351,0,351,0,351,0,351,0,351
ball20_indoor_1@359B,ball20_indoor_1,359,backward,360,0,360,0,360,0,360,0,360
ball20_indoor_1@50F,ball20_indoor_1,50,forward,315,0,315,0,315,0,315,0,315
ball20_indoor_4@0F,ball20_indoor_4,0,forward,307,0,307,0,307,0,307,0,307
ball20_indoor_4@100F,ball20_indoor_4,100,forward,207,0,207,0,207,0,207,0,207
ball20_indoor_4@150F,ball20_indoor_4,150,forward,157,0,157,0,157,0,157,0,157
ball20_indoor_4@200B,ball20_indoor_4,200,backward,201,0,201,0,201,0,201,0,201
ball20_indoor_4@250B,ball20_indoor_4,250,backward,251,0,251,0,251,0,251,0,251
ball20_indoor_4@306B,ball20_indoor_4,306,backward,307,0,307,0,307,0,307,0,307
ball20_indoor_4@50F,ball20_indoor_4,50,forward,257,0,257,0,257,0,257,0,257
bandlight_indoor_1@0F,bandlight_indoor_1,0,forward,1185,0,1185,1,209,1,196,1,209
bandlight_indoor_1@1000B,bandlight_indoor_1,1000,backward,1001,0,1001,1,192,1,233,1,254
bandlight_indoor_1@100F,bandlight_indoor_1,100,forward,1085,0,1085,0,1085,1,595,0,1085
bandlight_indoor_1@1050B,bandlight_indoor_1,1050,backward,1051,1,280,0,1051,1,831,0,1051
bandlight_indoor_1@1100B,bandlight_indoor_1,1100,backward,1101,1,327,1,327,0,1101,1,330
bandlight_indoor_1@1150B,bandlight_indoor_1,1150,backward,1151,0,1151,0,1151,0,1151,0,1151
bandlight_indoor_1@1184B,bandlight_indoor_1,1184,backward,1185,0,1185,0,1185,0,1185,0,1185
bandlight_indoor_1@150F,bandlight_indoor_1,150,forward,1035,0,1035,1,59,1,59,0,1035
bandlight_indoor_1@200F,bandlight_indoor_1,200,forward,985,0,985,0,985,1,558,0,985
bandlight_indoor_1@250F,bandlight_indoor_1,250,forward,935,0,935,0,935,1,841,0,935
bandlight_indoor_1@300F,bandlight_indoor_1,300,forward,885,0,885,0,885,0,885,0,885
bandlight_indoor_1@350F,bandlight_indoor_1,350,forward,835,0,835,0,835,0,835,0,835
bandlight_indoor_1@400F,bandlight_indoor_1,400,forward,785,0,785,0,785,0,785,0,785
bandlight_indoor_1@450F,bandlight_indoor_1,450,forward,735,0,735,0,735,0,735,0,735
bandlight_indoor_1@500F,bandlight_indoor_1,500,forward,685,1,432,1,671,1,264,0,685
bandlight_indoor_1@50F,bandlight_indoor_1,50,forward,1135,0,1135,1,675,1,146,1,159
bandlight_indoor_1@550F,bandlight_indoor_1,550,forward,635,0,635,0,635,1,232,0,635
bandlight_indoor_1@600B,bandlight_indoor_1,600,backward,601,0,601,0,601,0,601,0,601
bandlight_indoor_1@650B,bandlight_indoor_1,650,backward,651,0,651,0,651,0,651,0,651
bandlight_indoor_1@700B,bandlight_indoor_1,700,backward,701,0,701,0,701,1,417,0,701
bandlight_indoor_1@750B,bandlight_indoor_1,750,backward,751,0,751,0,751,0,751,0,751
bandlight_indoor_1@800B,bandlight_indoor_1,800,backward,801,0,801,1,678,1,274,0,801
bandlight_indoor_1@850B,bandlight_indoor_1,850,backward,851,1,77,0,851,1,549,0,851
bandlight_indoor_1@900B,bandlight_indoor_1,900,backward,901,1,132,0,901,0,901,0,901
bandlight_indoor_1@950B,bandlight_indoor_1,950,backward,951,0,951,1,206,1,206,0,951
bicycle2_outside_1@0F,bicycle2_outside_1,0,forward,909,0,909,0,909,0,909,0,909
bicycle2_outside_1@100F,bicycle2_outside_1,100,forward,809,0,809,0,809,0,809,0,809
bicycle2_outside_1@150F,bicycle2_outside_1,150,forward,759,0,759,0,759,0,759,0,759
bicycle2_outside_1@200F,bicycle2_outside_1,200,forward,709,0,709,0,709,0,709,0,709
bicycle2_outside_1@250F,bicycle2_outside_1,250,forward,659,0,659,0,659,0,659,0,659
bicycle2_outside_1@300F,bicycle2_outside_1,300,forward,609,0,609,0,609,0,609,0,609
bicycle2_outside_1@350F,bicycle2_outside_1,350,forward,559,0,559,0,559,0,559,0,559
bicycle2_outside_1@400F,bicycle2_outside_1,400,forward,509,0,509,0,509,0,509,0,509
bicycle2_outside_1@450F,bicycle2_outside_1,450,forward,459,0,459,0,459,0,459,0,459
bicycle2_outside_1@500B,bicycle2_outside_1,500,backward,501,0,501,0,501,0,501,0,501
bicycle2_outside_1@50F,bicycle2_outside_1,50,forward,859,0,859,0,859,0,859,0,859
bicycle2_outside_1@550B,bicycle2_outside_1,550,backward,551,0,551,0,551,0,551,0,551
bicycle2_outside_1@600B,bicycle2_outside_1,600,backward,601,0,601,0,601,0,601,0,601
bicycle2_outside_1@639B,bicycle2_outside_1,639,backward,640,0,640,0,640,0,640,0,640
bicycle2_outside_1@700B,bicycle2_outside_1,700,backward,701,0,701,0,701,0,701,0,701
bicycle2_outside_1@750B,bicycle2_outside_1,750,backward,751,0,751,0,751,0,751,0,751
bicycle2_outside_1@800B,bicycle2_outside_1,800,backward,801,0,801,0,801,0,801,0,801
bicycle2_outside_1@850B,bicycle2_outside_1,850,backward,851,0,851,0,851,0,851,0,851
bicycle2_outside_1@877B,bicycle2_outside_1,877,backward,878,0,878,0,878,0,878,0,878
bottle_box_5@0F,bottle_box_5,0,forward,118,0,118,0,118,0,118,0,118
bottle_box_5@100B,bottle_box_5,100,backward,101,0,101,0,101,0,101,0,101
bottle_box_5@117B,bottle_box_5,117,backward,118,0,118,0,118,0,118,0,118
bottle_box_5@50F,bottle_box_5,50,forward,68,0,68,0,68,0,68,0,68
box1_outside_1@0F,box1_outside_1,0,forward,2496,0,2496,0,2496,1,2276,0,2496
box1_outside_1@1000F,box1_outside_1,1000,forward,1496,0,1496,1,1268,1,1241,0,1496
box1_outside_1@100F,box1_outside_1,100,forward,2396,0,2396,0,2396,1,2164,0,2396
box1_outside_1@1050F,box1_outside_1,1050,forward,1446,0,1446,0,1446,1,1192,0,1446
box1_outside_1@1100F,box1_outside_1,1100,forward,1396,0,1396,0,1396,0,1396,0,1396
box1_outside_1@1150F,box1_outside_1,1150,forward,1346,0,1346,0,1346,1,1174,0,1346
box1_outside_1@1200F,box1_outside_1,1200,forward,1296,0,1296,0,1296,1,395,1,1192
box1_outside_1@1250B,box1_outside_1,1250,backward,1251,0,1251,1,101,1,94,0,1251
box1_outside_1@1300B,box1_outside_1,1300,backward,1301,0,1301,1,151,1,144,0,1301
box1_outside_1@1350B,box1_outside_1,1350,backward,1351,0,1351,0,1351,0,1351,0,1351
box1_outside_1@1400B,box1_outside_1,1400,backward,1401,0,1401,0,1401,0,1401,0,1401
box1_outside_1@1450B,box1_outside_1,1450,backward,1451,0,1451,0,1451,0,1451,0,1451
box1_outside_1@1500B,box1_outside_1,1500,backward,1501,0,1501,0,1501,0,1501,0,1501
box1_outside_1@150F,box1_outside_1,150,forward,2346,0,2346,0,2346,0,2346,0,2346
box1_outside_1@1550B,box1_outside_1,1550,backward,1551,0,1551,0,1551,0,1551,0,1551
box1_outside_1@1600B,box1_outside_1,1600,backward,1601,0,1601,0,1601,0,1601,0,1601
box1_outside_1@1650B,box1_outside_1,1650,backward,1651,0,1651,0,1651,0,1651,0,1651
box1_outside_1@1700B,box1_outside_1,1700,backward,1701,0,1701,0,1701,0,1701,0,1701
box1_outside_1@1750B,box1_outside_1,1750,backward,1751,0,1751,0,1751,0,1751,0,1751
box1_outside_1@1800B,box1_outside_1,1800,backward,1801,0,1801,0,1801,0,1801,0,1801
box1_outside_1@1850B,box1_outside_1,1850,backward,1851,0,1851,0,1851,0,1851,0,1851
box1_outside_1@1900B,box1_outside_1,1900,backward,1901,0,1901,0,1901,0,1901,0,1901
box1_outside_1@1950B,box1_outside_1,1950,backward,1951,0,1951,0,1951,0,1951,0,1951
box1_outside_1@2000B,box1_outside_1,2000,backward,2001,0,2001,0,2001,0,2001,0,2001
box1_outside_1@200F,box1_outside_1,200,forward,2296,0,2296,0,2296,1,1643,0,2296
box1_outside_1@2050B,box1_outside_1,2050,backward,2051,0,2051,0,2051,0,2051,0,2051
box1_outside_1@2100B,box1_outside_1,2100,backward,2101,1,71,1,72,1,57,1,58
box1_outside_1@2150B,box1_outside_1,2150,backward,2151,0,2151,0,2151,0,2151,0,2151
box1_outside_1@2200B,box1_outside_1,2200,backward,2201,0,2201,0,2201,0,2201,0,2201
box1_outside_1@2250B,box1_outside_1,2250,backward,2251,0,2251,0,2251,0,2251,0,2251
box1_outside_1@2350B,box1_outside_1,2350,backward,2351,1,1201,1,494,1,472,1,1202
box1_outside_1@2400B,box1_outside_1,2400,backward,2401,1,62,0,2401,0,2401,0,2401
box1_outside_1@2450B,box1_outside_1,2450,backward,2451,1,409,1,173,1,165,0,2451
box1_outside_1@2495B,box1_outside_1,2495,backward,2496,0,2496,0,2496,0,2496,0,2496
box1_outside_1@250F,box1_outside_1,250,forward,2246,0,2246,0,2246,0,2246,0,2246
box1_outside_1@300F,box1_outside_1,300,forward,2196,0,2196,0,2196,0,2196,0,2196
box1_outside_1@350F,box1_outside_1,350,forward,2146,0,2146,0,2146,0,2146,0,2146
box1_outside_1@400F,box1_outside_1,400,forward,2096,0,2096,0,2096,0,2096,0,2096
box1_outside_1@450F,box1_outside_1,450,forward,2046,0,2046,0,2046,1,1455,0,2046
box1_outside_1@500F,box1_outside_1,500,forward,1996,0,1996,1,1773,1,1403,0,1996
box1_outside_1@50F,box1_outside_1,50,forward,2446,0,2446,1,2225,1,2221,1,2335
box1_outside_1@550F,box1_outside_1,550,forward,1946,0,1946,1,1716,1,1310,1,1829
box1_outside_1@600F,box1_outside_1,600,forward,1896,0,1896,1,1668,1,226,1,1784
box1_outside_1@650F,box1_outside_1,650,forward,1846,0,1846,1,1680,0,1846,0,1846
box1_outside_1@700F,box1_outside_1,700,forward,1796,0,1796,1,1631,0,1796,0,1796
box1_outside_1@750F,box1_outside_1,750,forward,1746,0,1746,0,1746,0,1746,0,1746
box1_outside_1@800F,box1_outside_1,800,forward,1696,0,1696,0,1696,0,1696,0,1696
box1_outside_1@850F,box1_outside_1,850,forward,1646,0,1646,1,1481,0,1646,0,1646
box1_outside_1@900F,box1_outside_1,900,forward,1596,0,1596,0,1596,0,1596,0,1596
box1_outside_1@950F,box1_outside_1,950,forward,1546,0,1546,0,1546,1,196,1,1436
box_darkroom_noocc_10_1@0F,box_darkroom_noocc_10_1,0,forward,868,0,868,0,868,0,868,0,868
box_darkroom_noocc_10_1@100F,box_darkroom_noocc_10_1,100,forward,768,0,768,0,768,0,768,0,768
box_darkroom_noocc_10_1@150F,box_darkroom_noocc_10_1,150,forward,718,0,718,0,718,0,718,0,718
box_darkroom_noocc_10_1@200F,box_darkroom_noocc_10_1,200,forward,668,0,668,0,668,0,668,0,668
box_darkroom_noocc_10_1@250F,box_darkroom_noocc_10_1,250,forward,618,0,618,0,618,0,618,0,618
box_darkroom_noocc_10_1@300F,box_darkroom_noocc_10_1,300,forward,568,0,568,0,568,0,568,0,568
box_darkroom_noocc_10_1@350F,box_darkroom_noocc_10_1,350,forward,518,0,518,0,518,0,518,0,518
box_darkroom_noocc_10_1@400F,box_darkroom_noocc_10_1,400,forward,468,0,468,0,468,0,468,0,468
box_darkroom_noocc_10_1@450B,box_darkroom_noocc_10_1,450,backward,451,1,388,0,451,1,237,0,451
box_darkroom_noocc_10_1@500B,box_darkroom_noocc_10_1,500,backward,501,0,501,0,501,1,303,0,501
box_darkroom_noocc_10_1@50F,box_darkroom_noocc_10_1,50,forward,818,0,818,0,818,0,818,0,818
box_darkroom_noocc_10_1@550B,box_darkroom_noocc_10_1,550,backward,551,0,551,0,551,0,551,0,551
box_darkroom_noocc_10_1@600B,box_darkroom_noocc_10_1,600,backward,601,0,601,0,601,0,601,0,601
box_darkroom_noocc_10_1@650B,box_darkroom_noocc_10_1,650,backward,651,0,651,0,651,0,651,0,651
box_darkroom_noocc_10_1@700B,box_darkroom_noocc_10_1,700,backward,701,0,701,0,701,0,701,0,701
box_darkroom_noocc_10_1@750B,box_darkroom_noocc_10_1,750,backward,751,0,751,0,751,0,751,0,751
box_darkroom_noocc_10_1@800B,box_darkroom_noocc_10_1,800,backward,801,0,801,0,801,0,801,0,801
box_darkroom_noocc_10_1@843B,box_darkroom_noocc_10_1,843,backward,844,0,844,0,844,0,844,0,844
box_darkroom_noocc_1_1@0F,box_darkroom_noocc_1_1,0,forward,1094,0,1094,0,1094,0,1094,0,1094
box_darkroom_noocc_1_1@1000B,box_darkroom_noocc_1_1,1000,backward,1001,0,1001,0,1001,0,1001,0,1001
box_darkroom_noocc_1_1@100F,box_darkroom_noocc_1_1,100,forward,994,0,994,0,994,0,994,0,994
box_darkroom_noocc_1_1@1050B,box_darkroom_noocc_1_1,1050,backward,1051,0,1051,0,1051,0,1051,0,1051
box_darkroom_noocc_1_1@1093B,box_darkroom_noocc_1_1,1093,backward,1094,0,1094,0,1094,0,1094,0,1094
box_darkroom_noocc_1_1@150F,box_darkroom_noocc_1_1,150,forward,944,0,944,0,944,0,944,0,944
box_darkroom_noocc_1_1@200F,box_darkroom_noocc_1_1,200,forward,894,0,894,0,894,0,894,0,894
box_darkroom_noocc_1_1@250F,box_darkroom_noocc_1_1,250,forward,844,0,844,0,844,0,844,0,844
box_darkroom_noocc_1_1@300F,box_darkroom_noocc_1_1,300,forward,794,0,794,0,794,0,794,0,794
box_darkroom_noocc_1_1@350F,box_darkroom_noocc_1_1,350,forward,744,0,744,0,744,0,744,0,744
box_darkroom_noocc_1_1@400F,box_darkroom_noocc_1_1,400,forward,694,0,694,0,694,1,482,0,694
box_darkroom_noocc_1_1@450F,box_darkroom_noocc_1_1,450,forward,644,0,644,0,644,0,644,0,644
box_darkroom_noocc_1_1@500F,box_darkroom_noocc_1_1,500,forward,594,0,594,0,594,0,594,0,594
box_darkroom_noocc_1_1@50F,box_darkroom_noocc_1_1,50,forward,1044,0,1044,0,1044,0,1044,0,1044
box_darkroom_noocc_1_1@550B,box_darkroom_noocc_1_1,550,backward,551,0,551,0,551,0,551,0,551
box_darkroom_noocc_1_1@600B,box_darkroom_noocc_1_1,600,backward,601,0,601,0,601,0,601,0,601
box_darkroom_noocc_1_1@650B,box_darkroom_noocc_1_1,650,backward,651,0,651,0,651,0,651,0,651
box_darkroom_noocc_1_1@709B,box_darkroom_noocc_1_1,709,backward,710,0,710,0,710,0,710,0,710
box_darkroom_noocc_1_1@759B,box_darkroom_noocc_1_1,759,backward,760,0,760,0,760,0,760,0,760
box_darkroom_noocc_1_1@806B,box_darkroom_noocc_1_1,806,backward,807,0,807,0,807,0,807,0,807
box_darkroom_noocc_1_1@850B,box_darkroom_noocc_1_1,850,backward,851,0,851,0,851,0,851,0,851
box_darkroom_noocc_1_1@900B,box_darkroom_noocc_1_1,900,backward,901,0,901,0,901,0,901,0,901
box_darkroom_noocc_1_1@950B,box_darkroom_noocc_1_1,950,backward,951,0,951,0,951,0,951,0,951
box_darkroom_noocc_2_1@0F,box_darkroom_noocc_2_1,0,forward,816,0,816,0,816,0,816,0,816
box_darkroom_noocc_2_1@100F,box_darkroom_noocc_2_1,100,forward,716,0,716,0,716,1,458,1,460
box_darkroom_noocc_2_1@150F,box_darkroom_noocc_2_1,150,forward,666,0,666,0,666,0,666,0,666
box_darkroom_noocc_2_1@200F,box_darkroom_noocc_2_1,200,forward,616,0,616,0,616,0,616,0,616
box_darkroom_noocc_2_1@250F,box_darkroom_noocc_2_1,250,forward,566,0,566,0,566,0,566,0,566
box_darkroom_noocc_2_1@300F,box_darkroom_noocc_2_1,300,forward,516,0,516,0,516,0,516,0,516
box_darkroom_noocc_2_1@350F,box_darkroom_noocc_2_1,350,forward,466,0,466,0,466,0,466,0,466
box_darkroom_noocc_2_1@400F,box_darkroom_noocc_2_1,400,forward,416,0,416,0,416,0,416,0,416
box_darkroom_noocc_2_1@450B,box_darkroom_noocc_2_1,450,backward,451,0,451,0,451,0,451,0,451
box_darkroom_noocc_2_1@500B,box_darkroom_noocc_2_1,500,backward,501,0,501,0,501,0,501,0,501
box_darkroom_noocc_2_1@50F,box_darkroom_noocc_2_1,50,forward,766,0,766,0,766,0,766,0,766
box_darkroom_noocc_2_1@550B,box_darkroom_noocc_2_1,550,backward,551,0,551,0,551,0,551,0,551
box_darkroom_noocc_2_1@600B,box_darkroom_noocc_2_1,600,backward,601,0,601,0,601,0,601,0,601
box_darkroom_noocc_2_1@650B,box_darkroom_noocc_2_1,650,backward,651,0,651,0,651,0,651,0,651
box_darkroom_noocc_2_1@700B,box_darkroom_noocc_2_1,700,backward,701,0,701,0,701,0,701,0,701
box_darkroom_noocc_2_1@750B,box_darkroom_noocc_2_1,750,backward,751,0,751,0,751,0,751,0,751
box_darkroom_noocc_2_1@790B,box_darkroom_noocc_2_1,790,backward,791,0,791,0,791,0,791,0,791
box_darkroom_noocc_3_1@0F,box_darkroom_noocc_3_1,0,forward,1808,0,1808,0,1808,0,1808,0,1808
box_darkroom_noocc_3_1@1000B,box_darkroom_noocc_3_1,1000,backward,1001,0,1001,0,1001,0,1001,0,1001
box_darkroom_noocc_3_1@100F,box_darkroom_noocc_3_1,100,forward,1708,0,1708,0,1708,0,1708,0,1708
box_darkroom_noocc_3_1@1050B,box_darkroom_noocc_3_1,1050,backward,1051,0,1051,0,1051,0,1051,0,1051
box_darkroom_noocc_3_1@1100B,box_darkroom_noocc_3_1,1100,backward,1101,0,1101,0,1101,0,1101,0,1101
box_darkroom_noocc_3_1@1150B,box_darkroom_noocc_3_1,1150,backward,1151,0,1151,0,1151,0,1151,0,1151
box_darkroom_noocc_3_1@1200B,box_darkroom_noocc_3_1,1200,backward,1201,0,1201,0,1201,0,1201,0,1201
box_darkroom_noocc_3_1@1250B,box_darkroom_noocc_3_1,1250,backward,1251,0,1251,0,1251,0,1251,0,1251
box_darkroom_noocc_3_1@1300B,box_darkroom_noocc_3_1,1300,backward,1301,0,1301,0,1301,0,1301,0,1301
box_darkroom_noocc_3_1@1350B,box_darkroom_noocc_3_1,1350,backward,1351,0,1351,0,1351,0,1351,0,1351
box_darkroom_noocc_3_1@1400B,box_darkroom_noocc_3_1,1400,backward,1401,0,1401,0,1401,0,1401,0,1401
box_darkroom_noocc_3_1@1450B,box_darkroom_noocc_3_1,1450,backward,1451,0,1451,0,1451,0,1451,0,1451
box_darkroom_noocc_3_1@1500B,box_darkroom_noocc_3_1,1500,backward,1501,0,1501,0,1501,0,1501,0,1501
box_darkroom_noocc_3_1@150F,box_darkroom_noocc_3_1,150,forward,1658,0,1658,0,1658,0,1658,0,1658
box_darkroom_noocc_3_1@1550B,box_darkroom_noocc_3_1,1550,backward,1551,0,1551,0,1551,0,1551,0,1551
box_darkroom_noocc_3_1@1600B,box_darkroom_noocc_3_1,1600,backward,1601,0,1601,0,1601,0,1601,0,1601
box_darkroom_noocc_3_1@1650B,box_darkroom_noocc_3_1,1650,backward,1651,0,1651,0,1651,0,1651,0,1651
box_darkroom_noocc_3_1@1700B,box_darkroom_noocc_3_1,1700,backward,1701,0,1701,0,1701,0,1701,0,1701
box_darkroom_noocc_3_1@1740B,box_darkroom_noocc_3_1,1740,backward,1741,0,1741,0,1741,0,1741,0,1741
box_darkroom_noocc_3_1@1800B,box_darkroom_noocc_3_1,1800,backward,1801,0,1801,0,1801,0,1801,0,1801
box_darkroom_noocc_3_1@200F,box_darkroom_noocc_3_1,200,forward,1608,0,1608,0,1608,0,1608,0,1608
box_darkroom_noocc_3_1@250F,box_darkroom_noocc_3_1,250,forward,1558,0,1558,0,1558,0,1558,0,1558
box_darkroom_noocc_3_1@300F,box_darkroom_noocc_3_1,300,forward,1508,0,1508,0,1508,0,1508,0,1508
box_darkroom_noocc_3_1@350F,box_darkroom_noocc_3_1,350,forward,1458,0,1458,0,1458,0,1458,0,1458
box_darkroom_noocc_3_1@400F,box_darkroom_noocc_3_1,400,forward,1408,0,1408,0,1408,0,1408,0,1408
box_darkroom_noocc_3_1@450F,box_darkroom_noocc_3_1,450,forward,1358,0,1358,0,1358,0,1358,0,1358
box_darkroom_noocc_3_1@500F,box_darkroom_noocc_3_1,500,forward,1308,0,1308,0,1308,0,1308,0,1308
box_darkroom_noocc_3_1@550F,box_darkroom_noocc_3_1,550,forward,1258,0,1258,0,1258,0,1258,0,1258
box_darkroom_noocc_3_1@56F,box_darkroom_noocc_3_1,56,forward,1752,0,1752,0,1752,0,1752,0,1752
box_darkroom_noocc_3_1@600F,box_darkroom_noocc_3_1,600,forward,1208,0,1208,0,1208,0,1208,0,1208
box_darkroom_noocc_3_1@650F,box_darkroom_noocc_3_1,650,forward,1158,0,1158,0,1158,0,1158,0,1158
box_darkroom_noocc_3_1@700F,box_darkroom_noocc_3_1,700,forward,1108,0,1108,0,1108,0,1108,0,1108
box_darkroom_noocc_3_1@750F,box_darkroom_noocc_3_1,750,forward,1058,0,1058,0,1058,0,1058,0,1058
box_darkroom_noocc_3_1@800F,box_darkroom_noocc_3_1,800,forward,1008,0,1008,0,1008,0,1008,0,1008
box_darkroom_noocc_3_1@850F,box_darkroom_noocc_3_1,850,forward,958,0,958,0,958,0,958,0,958
box_darkroom_noocc_3_1@900F,box_darkroom_noocc_3_1,900,forward,908,0,908,0,908,0,908,0,908
box_darkroom_noocc_3_1@950B,box_darkroom_noocc_3_1,950,backward,951,0,951,0,951,0,951,0,951
box_darkroom_noocc_4_1@0F,box_darkroom_noocc_4_1,0,forward,1220,0,1220,0,1220,0,1220,0,1220
box_darkroom_noocc_4_1@1000B,box_darkroom_noocc_4_1,1000,backward,1001,0,1001,0,1001,0,1001,0,1001
box_darkroom_noocc_4_1@100F,box_darkroom_noocc_4_1,100,forward,1120,0,1120,0,1120,0,1120,0,1120
box_darkroom_noocc_4_1@1050B,box_darkroom_noocc_4_1,1050,backward,1051,0,1051,0,1051,0,1051,0,1051
box_darkroom_noocc_4_1@1100B,box_darkroom_noocc_4_1,1100,backward,1101,0,1101,0,1101,0,1101,0,1101
box_darkroom_noocc_4_1@1150B,box_darkroom_noocc_4_1,1150,backward,1151,0,1151,0,1151,0,1151,0,1151
box_darkroom_noocc_4_1@1200B,box_darkroom_noocc_4_1,1200,backward,1201,0,1201,0,1201,0,1201,0,1201
box_darkroom_noocc_4_1@1219B,box_darkroom_noocc_4_1,1219,backward,1220,0,1220,0,1220,0,1220,0,1220
box_darkroom_noocc_4_1@150F,box_darkroom_noocc_4_1,150,forward,1070,0,1070,0,1070,0,1070,0,1070
box_darkroom_noocc_4_1@200F,box_darkroom_noocc_4_1,200,forward,1020,0,1020,0,1020,0,1020,0,1020
box_darkroom_noocc_4_1@250F,box_darkroom_noocc_4_1,250,forward,970,0,970,0,970,0,970,0,970
box_darkroom_noocc_4_1@300F,box_darkroom_noocc_4_1,300,forward,920,0,920,0,920,0,920,0,920
box_darkroom_noocc_4_1@350F,box_darkroom_noocc_4_1,350,forward,870,0,870,0,870,0,870,0,870
box_darkroom_noocc_4_1@400F,box_darkroom_noocc_4_1,400,forward,820,0,820,0,820,0,820,0,820
box_darkroom_noocc_4_1@450F,box_darkroom_noocc_4_1,450,forward,770,0,770,0,770,0,770,0,770
box_darkroom_noocc_4_1@500F,box_darkroom_noocc_4_1,500,forward,720,0,720,0,720,0,720,0,720
box_darkroom_noocc_4_1@50F,box_darkroom_noocc_4_1,50,forward,1170,0,1170,0,1170,0,1170,0,1170
box_darkroom_noocc_4_1@550F,box_darkroom_noocc_4_1,550,forward,670,0,670,0,670,0,670,0,670
box_darkroom_noocc_4_1@600F,box_darkroom_noocc_4_1,600,forward,620,0,620,0,620,0,620,0,620
box_darkroom_noocc_4_1@650B,box_darkroom_noocc_4_1,650,backward,651,0,651,0,651,0,651,0,651
box_darkroom_noocc_4_1@700B,box_darkroom_noocc_4_1,700,backward,701,0,701,0,701,0,701,0,701
box_darkroom_noocc_4_1@750B,box_darkroom_noocc_4_1,750,backward,751,0,751,0,751,0,751,0,751
box_darkroom_noocc_4_1@800B,box_darkroom_noocc_4_1,800,backward,801,0,801,0,801,0,801,0,801
box_darkroom_noocc_4_1@850B,box_darkroom_noocc_4_1,850,backward,851,0,851,0,851,0,851,0,851
box_darkroom_noocc_4_1@900B,box_darkroom_noocc_4_1,900,backward,901,0,901,0,901,0,901,0,901
box_darkroom_noocc_4_1@950B,box_darkroom_noocc_4_1,950,backward,951,0,951,0,951,0,951,0,951
box_darkroom_noocc_5_1@0F,box_darkroom_noocc_5_1,0,forward,2166,0,2166,0,2166,0,2166,0,2166
box_darkroom_noocc_5_1@1000F,box_darkroom_noocc_5_1,1000,forward,1166,0,1166,0,1166,0,1166,0,1166
box_darkroom_noocc_5_1@100F,box_darkroom_noocc_5_1,100,forward,2066,0,2066,0,2066,0,2066,0,2066
box_darkroom_noocc_5_1@1050F,box_darkroom_noocc_5_1,1050,forward,1116,0,1116,0,1116,0,1116,0,1116
box_darkroom_noocc_5_1@1100B,box_darkroom_noocc_5_1,1100,backward,1101,0,1101,0,1101,0,1101,0,1101
box_darkroom_noocc_5_1@1150B,box_darkroom_noocc_5_1,1150,backward,1151,0,1151,0,1151,0,1151,0,1151
box_darkroom_noocc_5_1@1200B,box_darkroom_noocc_5_1,1200,backward,1201,0,1201,0,1201,0,1201,0,1201
box_darkroom_noocc_5_1@1250B,box_darkroom_noocc_5_1,1250,backward,1251,0,1251,0,1251,0,1251,0,1251
box_darkroom_noocc_5_1@1300B,box_darkroom_noocc_5_1,1300,backward,1301,0,1301,0,1301,0,1301,0,1301
box_darkroom_noocc_5_1@1350B,box_darkroom_noocc_5_1,1350,backward,1351,0,1351,0,1351,0,1351,0,1351
box_darkroom_noocc_5_1@1400B,box_darkroom_noocc_5_1,1400,backward,1401,0,1401,0,1401,0,1401,0,1401
box_darkroom_noocc_5_1@1450B,box_darkroom_noocc_5_1,1450,backward,1451,0,1451,0,1451,0,1451,0,1451
box_darkroom_noocc_5_1@1500B,box_darkroom_noocc_5_1,1500,backward,1501,0,1501,0,1501,0,1501,0,1501
box_darkroom_noocc_5_1@150F,box_darkroom_noocc_5_1,150,forward,2016,0,2016,0,2016,0,2016,0,2016
box_darkroom_noocc_5_1@1550B,box_darkroom_noocc_5_1,1550,backward,1551,0,1551,0,1551,0,1551,0,1551
box_darkroom_noocc_5_1@1600B,box_darkroom_noocc_5_1,1600,backward,1601,0,1601,0,1601,0,1601,0,1601
box_darkroom_noocc_5_1@1650B,box_darkroom_noocc_5_1,1650,backward,1651,0,1651,0,1651,0,1651,0,1651
box_darkroom_noocc_5_1@1700B,box_darkroom_noocc_5_1,1700,backward,1701,0,1701,0,1701,0,1701,0,1701
box_darkroom_noocc_5_1@1750B,box_darkroom_noocc_5_1,1750,backward,1751,0,1751,0,1751,0,1751,0,1751
box_darkroom_noocc_5_1@1800B,box_darkroom_noocc_5_1,1800,backward,1801,0,1801,0,1801,0,1801,0,1801
box_darkroom_noocc_5_1@1850B,box_darkroom_noocc_5_1,1850,backward,1851,0,1851,0,1851,0,1851,0,1851
box_darkroom_noocc_5_1@1900B,box_darkroom_noocc_5_1,1900,backward,1901,0,1901,0,1901,0,1901,0,1901
box_darkroom_noocc_5_1@1950B,box_darkroom_noocc_5_1,1950,backward,1951,0,1951,0,1951,0,1951,0,1951
box_darkroom_noocc_5_1@2000B,box_darkroom_noocc_5_1,2000,backward,2001,0,2001,0,2001,0,2001,0,2001
box_darkroom_noocc_5_1@200F,box_darkroom_noocc_5_1,200,forward,1966,0,1966,0,1966,0,1966,0,1966
box_darkroom_noocc_5_1@2050B,box_darkroom_noocc_5_1,2050,backward,2051,0,2051,0,2051,0,2051,0,2051
box_darkroom_noocc_5_1@2100B,box_darkroom_noocc_5_1,2100,backward,2101,0,2101,0,2101,0,2101,0,2101
box_darkroom_noocc_5_1@2150B,box_darkroom_noocc_5_1,2150,backward,2151,0,2151,0,2151,0,2151,0,2151
box_darkroom_noocc_5_1@2165B,box_darkroom_noocc_5_1,2165,backward,2166,0,2166,0,2166,0,2166,0,2166
box_darkroom_noocc_5_1@250F,box_darkroom_noocc_5_1,250,forward,1916,0,1916,0,1916,0,1916,0,1916
box_darkroom_noocc_5_1@300F,box_darkroom_noocc_5_1,300,forward,1866,0,1866,0,1866,0,1866,0,1866
box_darkroom_noocc_5_1@350F,box_darkroom_noocc_5_1,350,forward,1816,0,1816,0,1816,0,1816,0,1816
box_darkroom_noocc_5_1@400F,box_darkroom_noocc_5_1,400,forward,1766,0,1766,0,1766,0,1766,0,1766
box_darkroom_noocc_5_1@450F,box_darkroom_noocc_5_1,450,forward,1716,0,1716,0,1716,0,1716,0,1716
box_darkroom_noocc_5_1@500F,box_darkroom_noocc_5_1,500,forward,1666,0,1666,0,1666,0,1666,0,1666
box_darkroom_noocc_5_1@50F,box_darkroom_noocc_5_1,50,forward,2116,0,2116,0,2116,0,2116,0,2116
box_darkroom_noocc_5_1@550F,box_darkroom_noocc_5_1,550,forward,1616,0,1616,0,1616,0,1616,0,1616
box_darkroom_noocc_5_1@600F,box_darkroom_noocc_5_1,600,forward,1566,0,1566,0,1566,0,1566,0,1566
box_darkroom_noocc_5_1@650F,box_darkroom_noocc_5_1,650,forward,1516,0,1516,0,1516,0,1516,0,1516
box_darkroom_noocc_5_1@700F,box_darkroom_noocc_5_1,700,forward,1466,0,1466,0,1466,0,1466,0,1466
box_darkroom_noocc_5_1@750F,box_darkroom_noocc_5_1,750,forward,1416,0,1416,0,1416,0,1416,0,1416
box_darkroom_noocc_5_1@800F,box_darkroom_noocc_5_1,800,forward,1366,0,1366,0,1366,0,1366,0,1366
box_darkroom_noocc_5_1@850F,box_darkroom_noocc_5_1,850,forward,1316,0,1316,0,1316,0,1316,0,1316
box_darkroom_noocc_5_1@900F,box_darkroom_noocc_5_1,900,forward,1266,0,1266,0,1266,0,1266,0,1266
box_darkroom_noocc_5_1@950F,box_darkroom_noocc_5_1,950,forward,1216,0,1216,0,1216,0,1216,0,1216
box_darkroom_noocc_6_1@0F,box_darkroom_noocc_6_1,0,forward,1076,0,1076,0,1076,0,1076,0,1076
box_darkroom_noocc_6_1@1000B,box_darkroom_noocc_6_1,1000,backward,1001,0,1001,0,1001,0,1001,0,1001
box_darkroom_noocc_6_1@100F,box_darkroom_noocc_6_1,100,forward,976,0,976,0,976,0,976,0,976
box_darkroom_noocc_6_1@1050B,box_darkroom_noocc_6_1,1050,backward,1051,0,1051,0,1051,0,1051,0,1051
box_darkroom_noocc_6_1@1075B,box_darkroom_noocc_6_1,1075,backward,1076,0,1076,0,1076,0,1076,0,1076
box_darkroom_noocc_6_1@150F,box_darkroom_noocc_6_1,150,forward,926,0,926,0,926,0,926,0,926
box_darkroom_noocc_6_1@200F,box_darkroom_noocc_6_1,200,forward,876,0,876,0,876,0,876,0,876
box_darkroom_noocc_6_1@250F,box_darkroom_noocc_6_1,250,forward,826,0,826,0,826,0,826,0,826
box_darkroom_noocc_6_1@300F,box_darkroom_noocc_6_1,300,forward,776,0,776,0,776,0,776,0,776
box_darkroom_noocc_6_1@350F,box_darkroom_noocc_6_1,350,forward,726,0,726,0,726,0,726,0,726
box_darkroom_noocc_6_1@400F,box_darkroom_noocc_6_1,400,forward,676,0,676,0,676,0,676,0,676
box_darkroom_noocc_6_1@450F,box_darkroom_noocc_6_1,450,forward,626,0,626,0,626,0,626,0,626
box_darkroom_noocc_6_1@500F,box_darkroom_noocc_6_1,500,forward,576,0,576,0,576,0,576,0,576
box_darkroom_noocc_6_1@50F,box_darkroom_noocc_6_1,50,forward,1026,0,1026,0,1026,0,1026,0,1026
box_darkroom_noocc_6_1@550B,box_darkroom_noocc_6_1,550,backward,551,0,551,0,551,0,551,0,551
box_darkroom_noocc_6_1@600B,box_darkroom_noocc_6_1,600,backward,601,0,601,0,601,0,601,0,601
box_darkroom_noocc_6_1@650B,box_darkroom_noocc_6_1,650,backward,651,0,651,0,651,0,651,0,651
box_darkroom_noocc_6_1@700B,box_darkroom_noocc_6_1,700,backward,701,0,701,0,701,0,701,0,701
box_darkroom_noocc_6_1@750B,box_darkroom_noocc_6_1,750,backward,751,0,751,0,751,0,751,0,751
box_darkroom_noocc_6_1@800B,box_darkroom_noocc_6_1,800,backward,801,0,801,0,801,0,801,0,801
box_darkroom_noocc_6_1@850B,box_darkroom_noocc_6_1,850,backward,851,0,851,0,851,0,851,0,851
box_darkroom_noocc_6_1@900B,box_darkroom_noocc_6_1,900,backward,901,0,901,0,901,0,901,0,901
box_darkroom_noocc_6_1@950B,box_darkroom_noocc_6_1,950,backward,951,0,951,0,951,0,951,0,951
box_darkroom_noocc_7_1@0F,box_darkroom_noocc_7_1,0,forward,697,0,697,0,697,0,697,0,697
box_darkroom_noocc_7_1@100F,box_darkroom_noocc_7_1,100,forward,597,0,597,0,597,0,597,0,597
box_darkroom_noocc_7_1@150F,box_darkroom_noocc_7_1,150,forward,547,0,547,0,547,0,547,0,547
box_darkroom_noocc_7_1@200F,box_darkroom_noocc_7_1,200,forward,497,0,497,0,497,0,497,0,497
box_darkroom_noocc_7_1@250F,box_darkroom_noocc_7_1,250,forward,447,0,447,0,447,0,447,0,447
box_darkroom_noocc_7_1@300F,box_darkroom_noocc_7_1,300,forward,397,0,397,0,397,0,397,0,397
box_darkroom_noocc_7_1@361B,box_darkroom_noocc_7_1,361,backward,362,1,45,1,44,1,46,1,45
box_darkroom_noocc_7_1@400B,box_darkroom_noocc_7_1,400,backward,401,0,401,1,85,0,401,1,85
box_darkroom_noocc_7_1@450B,box_darkroom_noocc_7_1,450,backward,451,0,451,0,451,0,451,0,451
box_darkroom_noocc_7_1@500B,box_darkroom_noocc_7_1,500,backward,501,0,501,0,501,0,501,0,501
box_darkroom_noocc_7_1@50F,box_darkroom_noocc_7_1,50,forward,647,0,647,0,647,0,647,0,647
box_darkroom_noocc_7_1@550B,box_darkroom_noocc_7_1,550,backward,551,0,551,0,551,1,235,1,234
box_darkroom_noocc_7_1@600B,box_darkroom_noocc_7_1,600,backward,601,0,601,0,601,0,601,0,601
box_darkroom_noocc_7_1@653B,box_darkroom_noocc_7_1,653,backward,654,0,654,0,654,0,654,0,654
box_darkroom_noocc_7_1@696B,box_darkroom_noocc_7_1,696,backward,697,0,697,0,697,1,481,0,697
box_humans_room_occ_1_1@0F,box_humans_room_occ_1_1,0,forward,411,0,411,0,411,0,411,0,411
box_humans_room_occ_1_1@100F,box_humans_room_occ_1_1,100,forward,311,0,311,0,311,0,311,0,311
box_humans_room_occ_1_1@150F,box_humans_room_occ_1_1,150,forward,261,0,261,0,261,0,261,0,261
box_humans_room_occ_1_1@200F,box_humans_room_occ_1_1,200,forward,211,0,211,0,211,0,211,0,211
box_humans_room_occ_1_1@250B,box_humans_room_occ_1_1,250,backward,251,0,251,0,251,0,251,0,251
box_humans_room_occ_1_1@300B,box_humans_room_occ_1_1,300,backward,301,0,301,0,301,0,301,0,301
box_humans_room_occ_1_1@350B,box_humans_room_occ_1_1,350,backward,351,0,351,0,351,0,351,0,351
box_humans_room_occ_1_1@400B,box_humans_room_occ_1_1,400,backward,401,0,401,0,401,0,401,0,401
box_humans_room_occ_1_1@410B,box_humans_room_occ_1_1,410,backward,411,0,411,0,411,0,411,0,411
box_humans_room_occ_1_1@50F,box_humans_room_occ_1_1,50,forward,361,0,361,0,361,0,361,0,361
box_room_noocc_3_1@0F,box_room_noocc_3_1,0,forward,1138,0,1138,0,1138,0,1138,0,1138
box_room_noocc_3_1@1000B,box_room_noocc_3_1,1000,backward,1001,0,1001,0,1001,0,1001,0,1001
box_room_noocc_3_1@100F,box_room_noocc_3_1,100,forward,1038,0,1038,0,1038,0,1038,0,1038
box_room_noocc_3_1@1050B,box_room_noocc_3_1,1050,backward,1051,0,1051,0,1051,0,1051,0,1051
box_room_noocc_3_1@1100B,box_room_noocc_3_1,1100,backward,1101,0,1101,0,1101,0,1101,0,1101
box_room_noocc_3_1@1131B,box_room_noocc_3_1,1131,backward,1132,0,1132,0,1132,0,1132,0,1132
box_room_noocc_3_1@150F,box_room_noocc_3_1,150,forward,988,0,988,0,988,0,988,0,988
box_room_noocc_3_1@200F,box_room_noocc_3_1,200,forward,938,0,938,0,938,0,938,0,938
box_room_noocc_3_1@250F,box_room_noocc_3_1,250,forward,888,0,888,0,888,0,888,0,888
box_room_noocc_3_1@300F,box_room_noocc_3_1,300,forward,838,0,838,0,838,0,838,0,838
box_room_noocc_3_1@350F,box_room_noocc_3_1,350,forward,788,0,788,0,788,0,788,0,788
box_room_noocc_3_1@400F,box_room_noocc_3_1,400,forward,738,0,738,0,738,0,738,0,738
box_room_noocc_3_1@450F,box_room_noocc_3_1,450,forward,688,0,688,0,688,0,688,0,688
box_room_noocc_3_1@500F,box_room_noocc_3_1,500,forward,638,0,638,0,638,0,638,0,638
box_room_noocc_3_1@50F,box_room_noocc_3_1,50,forward,1088,0,1088,0,1088,0,1088,0,1088
box_room_noocc_3_1@550F,box_room_noocc_3_1,550,forward,588,0,588,0,588,0,588,0,588
box_room_noocc_3_1@600B,box_room_noocc_3_1,600,backward,601,0,601,0,601,0,601,0,601
box_room_noocc_3_1@650B,box_room_noocc_3_1,650,backward,651,0,651,0,651,0,651,0,651
box_room_noocc_3_1@700B,box_room_noocc_3_1,700,backward,701,0,701,0,701,0,701,0,701
box_room_noocc_3_1@750B,box_room_noocc_3_1,750,backward,751,0,751,0,751,0,751,0,751
box_room_noocc_3_1@800B,box_room_noocc_3_1,800,backward,801,0,801,0,801,0,801,0,801
box_room_noocc_3_1@850B,box_room_noocc_3_1,850,backward,851,0,851,0,851,0,851,0,851
box_room_noocc_3_1@900B,box_room_noocc_3_1,900,backward,901,0,901,0,901,0,901,0,901
box_room_noocc_3_1@950B,box_room_noocc_3_1,950,backward,951,0,951,0,951,0,951,0,951
box_room_noocc_4_1@0F,box_room_noocc_4_1,0,forward,1261,0,1261,0,1261,0,1261,0,1261
box_room_noocc_4_1@1000B,box_room_noocc_4_1,1000,backward,1001,0,1001,0,1001,0,1001,0,1001
box_room_noocc_4_1@100F,box_room_noocc_4_1,100,forward,1161,0,1161,0,1161,0,1161,0,1161
box_room_noocc_4_1@1050B,box_room_noocc_4_1,1050,backward,1051,0,1051,0,1051,0,1051,0,1051
box_room_noocc_4_1@1100B,box_room_noocc_4_1,1100,backward,1101,0,1101,0,1101,0,1101,0,1101
box_room_noocc_4_1@1150B,box_room_noocc_4_1,1150,backward,1151,0,1151,0,1151,0,1151,0,1151
box_room_noocc_4_1@1200B,box_room_noocc_4_1,1200,backward,1201,0,1201,0,1201,0,1201,0,1201
box_room_noocc_4_1@1250B,box_room_noocc_4_1,1250,backward,1251,0,1251,0,1251,0,1251,0,1251
box_room_noocc_4_1@150F,box_room_noocc_4_1,150,forward,1111,0,1111,0,1111,0,1111,0,1111
box_room_noocc_4_1@200F,box_room_noocc_4_1,200,forward,1061,0,1061,0,1061,0,1061,0,1061
box_room_noocc_4_1@250F,box_room_noocc_4_1,250,forward,1011,0,1011,0,1011,0,1011,0,1011
box_room_noocc_4_1@300F,box_room_noocc_4_1,300,forward,961,0,961,0,961,0,961,0,961
box_room_noocc_4_1@350F,box_room_noocc_4_1,350,forward,911,0,911,0,911,0,911,0,911
box_room_noocc_4_1@400F,box_room_noocc_4_1,400,forward,861,0,861,0,861,0,861,0,861
box_room_noocc_4_1@450F,box_room_noocc_4_1,450,forward,811,0,811,0,811,0,811,0,811
box_room_noocc_4_1@500F,box_room_noocc_4_1,500,forward,761,0,761,0,761,0,761,0,761
box_room_noocc_4_1@50F,box_room_noocc_4_1,50,forward,1211,0,1211,0,1211,0,1211,0,1211
box_room_noocc_4_1@550F,box_room_noocc_4_1,550,forward,711,0,711,0,711,0,711,0,711
box_room_noocc_4_1@600F,box_room_noocc_4_1,600,forward,661,0,661,0,661,0,661,0,661
box_room_noocc_4_1@650B,box_room_noocc_4_1,650,backward,651,0,651,0,651,0,651,0,651
box_room_noocc_4_1@700B,box_room_noocc_4_1,700,backward,701,0,701,0,701,0,701,0,701
box_room_noocc_4_1@750B,box_room_noocc_4_1,750,backward,751,0,751,0,751,0,751,0,751
box_room_noocc_4_1@800B,box_room_noocc_4_1,800,backward,801,0,801,0,801,0,801,0,801
box_room_noocc_4_1@850B,box_room_noocc_4_1,850,backward,851,0,851,0,851,0,851,0,851
box_room_noocc_4_1@900B,box_room_noocc_4_1,900,backward,901,0,901,0,901,0,901,0,901
box_room_noocc_4_1@950B,box_room_noocc_4_1,950,backward,951,0,951,0,951,0,951,0,951
box_room_noocc_7_1@0F,box_room_noocc_7_1,0,forward,1348,0,1348,0,1348,0,1348,0,1348
box_room_noocc_7_1@1000B,box_room_noocc_7_1,1000,backward,1001,0,1001,0,1001,0,1001,0,1001
box_room_noocc_7_1@100F,box_room_noocc_7_1,100,forward,1248,0,1248,0,1248,0,1248,0,1248
box_room_noocc_7_1@1050B,box_room_noocc_7_1,1050,backward,1051,0,1051,0,1051,0,1051,0,1051
box_room_noocc_7_1@1100B,box_room_noocc_7_1,1100,backward,1101,0,1101,0,1101,0,1101,0,1101
box_room_noocc_7_1@1150B,box_room_noocc_7_1,1150,backward,1151,0,1151,0,1151,0,1151,0,1151
box_room_noocc_7_1@1200B,box_room_noocc_7_1,1200,backward,1201,0,1201,0,1201,0,1201,0,1201
box_room_noocc_7_1@1250B,box_room_noocc_7_1,1250,backward,1251,0,1251,0,1251,0,1251,0,1251
box_room_noocc_7_1@1300B,box_room_noocc_7_1,1300,backward,1301,0,1301,0,1301,0,1301,0,1301
box_room_noocc_7_1@1347B,box_room_noocc_7_1,1347,backward,1348,0,1348,0,1348,0,1348,0,1348
box_room_noocc_7_1@150F,box_room_noocc_7_1,150,forward,1198,0,1198,0,1198,0,1198,0,1198
box_room_noocc_7_1@200F,box_room_noocc_7_1,200,forward,1148,0,1148,0,1148,0,1148,0,1148
box_room_noocc_7_1@250F,box_room_noocc_7_1,250,forward,1098,0,1098,0,1098,0,1098,0,1098
box_room_noocc_7_1@300F,box_room_noocc_7_1,300,forward,1048,0,1048,0,1048,0,1048,0,1048
box_room_noocc_7_1@350F,box_room_noocc_7_1,350,forward,998,0,998,0,998,0,998,0,998
box_room_noocc_7_1@400F,box_room_noocc_7_1,400,forward,948,0,948,0,948,0,948,0,948
box_room_noocc_7_1@450F,box_room_noocc_7_1,450,forward,898,0,898,0,898,0,898,0,898
box_room_noocc_7_1@500F,box_room_noocc_7_1,500,forward,848,0,848,0,848,0,848,0,848
box_room_noocc_7_1@50F,box_room_noocc_7_1,50,forward,1298,0,1298,0,1298,0,1298,0,1298
box_room_noocc_7_1@550F,box_room_noocc_7_1,550,forward,798,0,798,0,798,0,798,0,798
box_room_noocc_7_1@600F,box_room_noocc_7_1,600,forward,748,0,748,0,748,0,748,0,748
box_room_noocc_7_1@650F,box_room_noocc_7_1,650,forward,698,0,698,0,698,0,698,0,698
box_room_noocc_7_1@700B,box_room_noocc_7_1,700,backward,701,0,701,0,701,0,701,0,701
box_room_noocc_7_1@750B,box_room_noocc_7_1,750,backward,751,0,751,0,751,0,751,0,751
box_room_noocc_7_1@800B,box_room_noocc_7_1,800,backward,801,0,801,0,801,0,801,0,801
box_room_noocc_7_1@850B,box_room_noocc_7_1,850,backward,851,0,851,0,851,0,851,0,851
box_room_noocc_7_1@900B,box_room_noocc_7_1,900,backward,901,0,901,0,901,0,901,0,901
box_room_noocc_7_1@950B,box_room_noocc_7_1,950,backward,951,0,951,0,951,0,951,0,951
box_room_occ_2_1@0F,box_room_occ_2_1,0,forward,550,0,550,0,550,0,550,0,550
box_room_occ_2_1@100F,box_room_occ_2_1,100,forward,450,0,450,0,450,0,450,0,450
box_room_occ_2_1@150F,box_room_occ_2_1,150,forward,400,0,400,0,400,0,400,0,400
box_room_occ_2_1@200F,box_room_occ_2_1,200,forward,350,0,350,0,350,0,350,0,350
box_room_occ_2_1@250F,box_room_occ_2_1,250,forward,300,0,300,0,300,0,300,0,300
box_room_occ_2_1@300B,box_room_occ_2_1,300,backward,301,0,301,0,301,0,301,0,301
box_room_occ_2_1@350B,box_room_occ_2_1,350,backward,351,0,351,0,351,0,351,0,351
box_room_occ_2_1@400B,box_room_occ_2_1,400,backward,401,0,401,0,401,0,401,0,401
box_room_occ_2_1@450B,box_room_occ_2_1,450,backward,451,0,451,0,451,0,451,0,451
box_room_occ_2_1@500B,box_room_occ_2_1,500,backward,501,0,501,0,501,0,501,0,501
box_room_occ_2_1@50F,box_room_occ_2_1,50,forward,500,0,500,0,500,0,500,0,500
box_room_occ_2_2@0F,box_room_occ_2_2,0,forward,229,0,229,0,229,0,229,0,229
box_room_occ_2_2@100F,box_room_occ_2_2,100,forward,129,0,129,0,129,0,129,0,129
box_room_occ_2_2@150B,box_room_occ_2_2,150,backward,151,0,151,0,151,0,151,0,151
box_room_occ_2_2@200B,box_room_occ_2_2,200,backward,201,0,201,0,201,0,201,0,201
box_room_occ_2_2@50F,box_room_occ_2_2,50,forward,179,0,179,0,179,0,179,0,179
boxes_backpack_room_occ_1_2@0F,boxes_backpack_room_occ_1_2,0,forward,305,0,305,0,305,0,305,0,305
boxes_backpack_room_occ_1_2@100F,boxes_backpack_room_occ_1_2,100,forward,205,0,205,0,205,0,205,0,205
boxes_backpack_room_occ_1_2@150F,boxes_backpack_room_occ_1_2,150,forward,155,0,155,0,155,0,155,0,155
boxes_backpack_room_occ_1_2@200B,boxes_backpack_room_occ_1_2,200,backward,201,0,201,0,201,0,201,0,201
boxes_backpack_room_occ_1_2@250B,boxes_backpack_room_occ_1_2,250,backward,251,0,251,0,251,0,251,0,251
boxes_backpack_room_occ_1_2@299B,boxes_backpack_room_occ_1_2,299,backward,300,0,300,1,168,1,168,0,300
boxes_backpack_room_occ_1_2@50F,boxes_backpack_room_occ_1_2,50,forward,255,0,255,0,255,0,255,0,255
boxes_humans_room_occ_1_1@0F,boxes_humans_room_occ_1_1,0,forward,236,0,236,0,236,0,236,0,236
boxes_humans_room_occ_1_1@100F,boxes_humans_room_occ_1_1,100,forward,136,0,136,0,136,0,136,0,136
boxes_humans_room_occ_1_1@150B,boxes_humans_room_occ_1_1,150,backward,151,0,151,0,151,0,151,0,151
boxes_humans_room_occ_1_1@200B,boxes_humans_room_occ_1_1,200,backward,201,0,201,0,201,0,201,0,201
boxes_humans_room_occ_1_1@235B,boxes_humans_room_occ_1_1,235,backward,236,0,236,0,236,0,236,0,236
boxes_humans_room_occ_1_1@50F,boxes_humans_room_occ_1_1,50,forward,186,0,186,0,186,0,186,0,186
boxes_humans_room_occ_1_4@0F,boxes_humans_room_occ_1_4,0,forward,293,0,293,1,116,1,120,0,293
boxes_humans_room_occ_1_4@100F,boxes_humans_room_occ_1_4,100,forward,193,0,193,0,193,0,193,0,193
boxes_humans_room_occ_1_4@150B,boxes_humans_room_occ_1_4,150,backward,151,0,151,0,151,0,151,0,151
boxes_humans_room_occ_1_4@200B,boxes_humans_room_occ_1_4,200,backward,201,0,201,0,201,0,201,0,201
boxes_humans_room_occ_1_4@250B,boxes_humans_room_occ_1_4,250,backward,251,0,251,0,251,0,251,0,251
boxes_humans_room_occ_1_4@292B,boxes_humans_room_occ_1_4,292,backward,293,1,70,1,67,1,75,0,293
boxes_humans_room_occ_1_4@50F,boxes_humans_room_occ_1_4,50,forward,243,0,243,0,243,1,66,0,243
boxes_humans_room_occ_1_5@0F,boxes_humans_room_occ_1_5,0,forward,155,0,155,0,155,0,155,0,155
boxes_humans_room_occ_1_5@100B,boxes_humans_room_occ_1_5,100,backward,101,0,101,0,101,0,101,0,101
boxes_humans_room_occ_1_5@154B,boxes_humans_room_occ_1_5,154,backward,155,0,155,0,155,0,155,0,155
boxes_humans_room_occ_1_5@50F,boxes_humans_room_occ_1_5,50,forward,105,0,105,0,105,0,105,0,105
boxes_room_occ_1_1@0F,boxes_room_occ_1_1,0,forward,899,0,899,1,323,1,397,0,899
boxes_room_occ_1_1@100F,boxes_room_occ_1_1,100,forward,799,0,799,1,296,1,508,0,799
boxes_room_occ_1_1@150F,boxes_room_occ_1_1,150,forward,749,0,749,0,749,1,455,1,497
boxes_room_occ_1_1@200F,boxes_room_occ_1_1,200,forward,699,0,699,1,442,1,400,0,699
boxes_room_occ_1_1@250F,boxes_room_occ_1_1,250,forward,649,0,649,0,649,0,649,0,649
boxes_room_occ_1_1@300F,boxes_room_occ_1_1,300,forward,599,0,599,0,599,0,599,0,599
boxes_room_occ_1_1@350F,boxes_room_occ_1_1,350,forward,549,0,549,0,549,0,549,0,549
boxes_room_occ_1_1@400F,boxes_room_occ_1_1,400,forward,499,0,499,0,499,0,499,0,499
boxes_room_occ_1_1@450B,boxes_room_occ_1_1,450,backward,451,0,451,0,451,0,451,0,451
boxes_room_occ_1_1@500B,boxes_room_occ_1_1,500,backward,501,0,501,0,501,0,501,0,501
boxes_room_occ_1_1@50F,boxes_room_occ_1_1,50,forward,849,0,849,0,849,0,849,0,849
boxes_room_occ_1_1@550B,boxes_room_occ_1_1,550,backward,551,0,551,0,551,0,551,0,551
boxes_room_occ_1_1@600B,boxes_room_occ_1_1,600,backward,601,0,601,0,601,0,601,0,601
boxes_room_occ_1_1@650B,boxes_room_occ_1_1,650,backward,651,0,651,0,651,0,651,0,651
boxes_room_occ_1_1@669B,boxes_room_occ_1_1,669,backward,670,0,670,0,670,0,670,1,272
boxes_room_occ_1_1@750B,boxes_room_occ_1_1,750,backward,751,1,86,0,751,0,751,1,88
boxes_room_occ_1_1@800B,boxes_room_occ_1_1,800,backward,801,0,801,0,801,0,801,1,138
boxes_room_occ_1_1@835B,boxes_room_occ_1_1,835,backward,836,1,173,0,836,0,836,1,171
boxes_room_occ_1_2@0F,boxes_room_occ_1_2,0,forward,235,0,235,0,235,0,235,0,235
boxes_room_occ_1_2@100F,boxes_room_occ_1_2,100,forward,135,0,135,0,135,0,135,0,135
boxes_room_occ_1_2@150B,boxes_room_occ_1_2,150,backward,151,0,151,0,151,0,151,0,151
boxes_room_occ_1_2@200B,boxes_room_occ_1_2,200,backward,201,0,201,0,201,0,201,0,201
boxes_room_occ_1_2@229B,boxes_room_occ_1_2,229,backward,230,0,230,0,230,0,230,0,230
boxes_room_occ_1_2@50F,boxes_room_occ_1_2,50,forward,185,0,185,0,185,0,185,0,185
cartman_1@0F,cartman_1,0,forward,379,0,379,0,379,0,379,0,379
cartman_1@100F,cartman_1,100,forward,279,0,279,0,279,0,279,0,279
cartman_1@150F,cartman_1,150,forward,229,0,229,0,229,0,229,0,229
cartman_1@200B,cartman_1,200,backward,201,0,201,0,201,0,201,0,201
cartman_1@250B,cartman_1,250,backward,251,0,251,0,251,0,251,0,251
cartman_1@300B,cartman_1,300,backward,301,0,301,0,301,0,301,0,301
cartman_1@350B,cartman_1,350,backward,351,0,351,0,351,0,351,0,351
cartman_1@368B,cartman_1,368,backward,369,0,369,0,369,0,369,0,369
cartman_1@50F,cartman_1,50,forward,329,0,329,0,329,0,329,0,329
cartman_robotarm_lab_noocc_1@0F,cartman_robotarm_lab_noocc_1,0,forward,2053,0,2053,0,2053,0,2053,0,2053
cartman_robotarm_lab_noocc_1@1000F,cartman_robotarm_lab_noocc_1,1000,forward,1053,0,1053,0,1053,0,1053,0,1053
cartman_robotarm_lab_noocc_1@100F,cartman_robotarm_lab_noocc_1,100,forward,1953,0,1953,0,1953,0,1953,0,1953
cartman_robotarm_lab_noocc_1@1050B,cartman_robotarm_lab_noocc_1,1050,backward,1051,0,1051,0,1051,0,1051,0,1051
cartman_robotarm_lab_noocc_1@1100B,cartman_robotarm_lab_noocc_1,1100,backward,1101,0,1101,0,1101,0,1101,0,1101
cartman_robotarm_lab_noocc_1@1150B,cartman_robotarm_lab_noocc_1,1150,backward,1151,0,1151,0,1151,0,1151,0,1151
cartman_robotarm_lab_noocc_1@1200B,cartman_robotarm_lab_noocc_1,1200,backward,1201,0,1201,0,1201,0,1201,0,1201
cartman_robotarm_lab_noocc_1@1250B,cartman_robotarm_lab_noocc_1,1250,backward,1251,0,1251,0,1251,0,1251,0,1251
cartman_robotarm_lab_noocc_1@1300B,cartman_robotarm_lab_noocc_1,1300,backward,1301,0,1301,0,1301,0,1301,0,1301
cartman_robotarm_lab_noocc_1@1350B,cartman_robotarm_lab_noocc_1,1350,backward,1351,0,1351,0,1351,0,1351,0,1351
cartman_robotarm_lab_noocc_1@1400B,cartman_robotarm_lab_noocc_1,1400,backward,1401,0,1401,0,1401,0,1401,0,1401
cartman_robotarm_lab_noocc_1@1450B,cartman_robotarm_lab_noocc_1,1450,backward,1451,0,1451,0,1451,0,1451,0,1451
cartman_robotarm_lab_noocc_1@1500B,cartman_robotarm_lab_noocc_1,1500,backward,1501,0,1501,0,1501,0,1501,0,1501
cartman_robotarm_lab_noocc_1@150F,cartman_robotarm_lab_noocc_1,150,forward,1903,0,1903,0,1903,0,1903,0,1903
cartman_robotarm_lab_noocc_1@1550B,cartman_robotarm_lab_noocc_1,1550,backward,1551,0,1551,0,1551,0,1551,0,1551
cartman_robotarm_lab_noocc_1@1600B,cartman_robotarm_lab_noocc_1,1600,backward,1601,0,1601,0,1601,0,1601,0,1601
cartman_robotarm_lab_noocc_1@1650B,cartman_robotarm_lab_noocc_1,1650,backward,1651,0,1651,0,1651,0,1651,0,1651
cartman_robotarm_lab_noocc_1@1700B,cartman_robotarm_lab_noocc_1,1700,backward,1701,0,1701,0,1701,0,1701,0,1701
cartman_robotarm_lab_noocc_1@1750B,cartman_robotarm_lab_noocc_1,1750,backward,1751,0,1751,0,1751,0,1751,0,1751
cartman_robotarm_lab_noocc_1@1800B,cartman_robotarm_lab_noocc_1,1800,backward,1801,0,1801,0,1801,0,1801,0,1801
cartman_robotarm_lab_noocc_1@1850B,cartman_robotarm_lab_noocc_1,1850,backward,1851,0,1851,0,1851,0,1851,0,1851
cartman_robotarm_lab_noocc_1@1900B,cartman_robotarm_lab_noocc_1,1900,backward,1901,0,1901,0,1901,0,1901,0,1901
cartman_robotarm_lab_noocc_1@1950B,cartman_robotarm_lab_noocc_1,1950,backward,1951,0,1951,0,1951,0,1951,0,1951
cartman_robotarm_lab_noocc_1@2000B,cartman_robotarm_lab_noocc_1,2000,backward,2001,0,2001,0,2001,0,2001,0,2001
cartman_robotarm_lab_noocc_1@200F,cartman_robotarm_lab_noocc_1,200,forward,1853,0,1853,0,1853,0,1853,0,1853
cartman_robotarm_lab_noocc_1@2052B,cartman_robotarm_lab_noocc_1,2052,backward,2053,0,2053,0,2053,0,2053,0,2053
cartman_robotarm_lab_noocc_1@250F,cartman_robotarm_lab_noocc_1,250,forward,1803,0,1803,0,1803,0,1803,0,1803
cartman_robotarm_lab_noocc_1@300F,cartman_robotarm_lab_noocc_1,300,forward,1753,0,1753,0,1753,0,1753,0,1753
cartman_robotarm_lab_noocc_1@350F,cartman_robotarm_lab_noocc_1,350,forward,1703,0,1703,0,1703,0,1703,0,1703
cartman_robotarm_lab_noocc_1@400F,cartman_robotarm_lab_noocc_1,400,forward,1653,0,1653,0,1653,0,1653,0,1653
cartman_robotarm_lab_noocc_1@450F,cartman_robotarm_lab_noocc_1,450,forward,1603,0,1603,0,1603,0,1603,0,1603
cartman_robotarm_lab_noocc_1@500F,cartman_robotarm_lab_noocc_1,500,forward,1553,0,1553,0,1553,0,1553,0,1553
cartman_robotarm_lab_noocc_1@50F,cartman_robotarm_lab_noocc_1,50,forward,2003,0,2003,0,2003,0,2003,0,2003
cartman_robotarm_lab_noocc_1@550F,cartman_robotarm_lab_noocc_1,550,forward,1503,0,1503,0,1503,0,1503,0,1503
cartman_robotarm_lab_noocc_1@600F,cartman_robotarm_lab_noocc_1,600,forward,1453,0,1453,0,1453,0,1453,0,1453
cartman_robotarm_lab_noocc_1@650F,cartman_robotarm_lab_noocc_1,650,forward,1403,0,1403,0,1403,0,1403,0,1403
cartman_robotarm_lab_noocc_1@700F,cartman_robotarm_lab_noocc_1,700,forward,1353,0,1353,0,1353,0,1353,0,1353
cartman_robotarm_lab_noocc_1@750F,cartman_robotarm_lab_noocc_1,750,forward,1303,0,1303,0,1303,0,1303,0,1303
cartman_robotarm_lab_noocc_1@800F,cartman_robotarm_lab_noocc_1,800,forward,1253,0,1253,0,1253,0,1253,0,1253
cartman_robotarm_lab_noocc_1@850F,cartman_robotarm_lab_noocc_1,850,forward,1203,0,1203,0,1203,0,1203,0,1203
cartman_robotarm_lab_noocc_1@900F,cartman_robotarm_lab_noocc_1,900,forward,1153,0,1153,0,1153,0,1153,0,1153
cartman_robotarm_lab_noocc_1@950F,cartman_robotarm_lab_noocc_1,950,forward,1103,0,1103,0,1103,0,1103,0,1103
case_1@0F,case_1,0,forward,350,0,350,0,350,0,350,0,350
case_1@100F,case_1,100,forward,250,0,250,0,250,0,250,0,250
case_1@150F,case_1,150,forward,200,0,200,0,200,0,200,0,200
case_1@200B,case_1,200,backward,201,0,201,0,201,0,201,0,201
case_1@250B,case_1,250,backward,251,0,251,0,251,0,251,0,251
case_1@300B,case_1,300,backward,301,0,301,0,301,0,301,0,301
case_1@349B,case_1,349,backward,350,0,350,0,350,0,350,0,350
case_1@50F,case_1,50,forward,300,0,300,0,300,0,300,0,300
cat01_indoor_1@0F,cat01_indoor_1,0,forward,1382,0,1382,0,1382,0,1382,0,1382
cat01_indoor_1@1000B,cat01_indoor_1,1000,backward,1001,0,1001,0,1001,0,1001,0,1001
cat01_indoor_1@100F,cat01_indoor_1,100,forward,1282,0,1282,0,1282,0,1282,0,1282
cat01_indoor_1@1050B,cat01_indoor_1,1050,backward,1051,0,1051,0,1051,0,1051,0,1051
cat01_indoor_1@1100B,cat01_indoor_1,1100,backward,1101,0,1101,0,1101,0,1101,0,1101
cat01_indoor_1@1150B,cat01_indoor_1,1150,backward,1151,0,1151,0,1151,0,1151,0,1151
cat01_indoor_1@1217B,cat01_indoor_1,1217,backward,1218,0,1218,0,1218,0,1218,0,1218
cat01_indoor_1@1250B,cat01_indoor_1,1250,backward,1251,0,1251,0,1251,0,1251,0,1251
cat01_indoor_1@1300B,cat01_indoor_1,1300,backward,1301,0,1301,0,1301,0,1301,0,1301
cat01_indoor_1@1350B,cat01_indoor_1,1350,backward,1351,0,1351,0,1351,1,29,0,1351
cat01_indoor_1@1376B,cat01_indoor_1,1376,backward,1377,0,1377,0,1377,1,55,0,1377
cat01_indoor_1@150F,cat01_indoor_1,150,forward,1232,0,1232,0,1232,0,1232,0,1232
cat01_indoor_1@200F,cat01_indoor_1,200,forward,1182,0,1182,0,1182,0,1182,0,1182
cat01_indoor_1@250F,cat01_indoor_1,250,forward,1132,0,1132,0,1132,0,1132,0,1132
cat01_indoor_1@300F,cat01_indoor_1,300,forward,1082,0,1082,0,1082,0,1082,0,1082
cat01_indoor_1@350F,cat01_indoor_1,350,forward,1032,0,1032,0,1032,0,1032,0,1032
cat01_indoor_1@400F,cat01_indoor_1,400,forward,982,0,982,0,982,0,982,0,982
cat01_indoor_1@450F,cat01_indoor_1,450,forward,932,0,932,0,932,0,932,0,932
cat01_indoor_1@500F,cat01_indoor_1,500,forward,882,0,882,0,882,0,882,0,882
cat01_indoor_1@50F,cat01_indoor_1,50,forward,1332,0,1332,0,1332,0,1332,0,1332
cat01_indoor_1@550F,cat01_indoor_1,550,forward,832,0,832,0,832,0,832,0,832
cat01_indoor_1@600F,cat01_indoor_1,600,forward,782,0,782,0,782,0,782,0,782
cat01_indoor_1@650F,cat01_indoor_1,650,forward,732,0,732,0,732,0,732,0,732
cat01_indoor_1@700B,cat01_indoor_1,700,backward,701,0,701,0,701,0,701,0,701
cat01_indoor_1@750B,cat01_indoor_1,750,backward,751,0,751,0,751,0,751,0,751
cat01_indoor_1@800B,cat01_indoor_1,800,backward,801,0,801,0,801,0,801,0,801
cat01_indoor_1@850B,cat01_indoor_1,850,backward,851,0,851,0,851,0,851,0,851
cat01_indoor_1@900B,cat01_indoor_1,900,backward,901,0,901,0,901,0,901,0,901
cat01_indoor_1@950B,cat01_indoor_1,950,backward,951,0,951,0,951,0,951,0,951
cat01_indoor_3@0F,cat01_indoor_3,0,forward,1092,0,1092,0,1092,0,1092,0,1092
cat01_indoor_3@1000B,cat01_indoor_3,1000,backward,1001,0,1001,0,1001,0,1001,0,1001
cat01_indoor_3@100F,cat01_indoor_3,100,forward,992,0,992,0,992,0,992,0,992
cat01_indoor_3@1050B,cat01_indoor_3,1050,backward,1051,0,1051,0,1051,0,1051,0,1051
cat01_indoor_3@1091B,cat01_indoor_3,1091,backward,1092,0,1092,0,1092,0,1092,0,1092
cat01_indoor_3@150F,cat01_indoor_3,150,forward,942,0,942,0,942,0,942,0,942
cat01_indoor_3@200F,cat01_indoor_3,200,forward,892,0,892,0,892,0,892,0,892
cat01_indoor_3@250F,cat01_indoor_3,250,forward,842,0,842,0,842,0,842,0,842
cat01_indoor_3@300F,cat01_indoor_3,300,forward,792,0,792,0,792,0,792,0,792
cat01_indoor_3@350F,cat01_indoor_3,350,forward,742,0,742,0,742,0,742,0,742
cat01_indoor_3@400F,cat01_indoor_3,400,forward,692,0,692,0,692,0,692,0,692
cat01_indoor_3@450F,cat01_indoor_3,450,forward,642,0,642,0,642,0,642,0,642
cat01_indoor_3@500F,cat01_indoor_3,500,forward,592,0,592,0,592,0,592,0,592
cat01_indoor_3@50F,cat01_indoor_3,50,forward,1042,0,1042,0,1042,0,1042,0,1042
cat01_indoor_3@550B,cat01_indoor_3,550,backward,551,0,551,0,551,0,551,0,551
cat01_indoor_3@600B,cat01_indoor_3,600,backward,601,0,601,0,601,0,601,0,601
cat01_indoor_3@650B,cat01_indoor_3,650,backward,651,0,651,0,651,0,651,0,651
cat01_indoor_3@700B,cat01_indoor_3,700,backward,701,0,701,0,701,0,701,0,701
cat01_indoor_3@750B,cat01_indoor_3,750,backward,751,0,751,0,751,0,751,0,751
cat01_indoor_3@800B,cat01_indoor_3,800,backward,801,0,801,0,801,0,801,0,801
cat01_indoor_3@850B,cat01_indoor_3,850,backward,851,0,851,0,851,0,851,0,851
cat01_indoor_3@900B,cat01_indoor_3,900,backward,901,0,901,0,901,0,901,0,901
cat01_indoor_3@950B,cat01_indoor_3,950,backward,951,0,951,0,951,0,951,0,951
colacan03_indoor_1@0F,colacan03_indoor_1,0,forward,175,0,175,0,175,0,175,0,175
colacan03_indoor_1@100B,colacan03_indoor_1,100,backward,101,0,101,0,101,0,101,0,101
colacan03_indoor_1@150B,colacan03_indoor_1,150,backward,151,0,151,0,151,0,151,0,151
colacan03_indoor_1@169B,colacan03_indoor_1,169,backward,170,0,170,0,170,0,170,0,170
colacan03_indoor_1@50F,colacan03_indoor_1,50,forward,125,0,125,0,125,0,125,0,125
colacan03_indoor_3@0F,colacan03_indoor_3,0,forward,453,0,453,0,453,0,453,0,453
colacan03_indoor_3@100F,colacan03_indoor_3,100,forward,353,0,353,0,353,0,353,0,353
colacan03_indoor_3@150F,colacan03_indoor_3,150,forward,303,0,303,0,303,0,303,0,303
colacan03_indoor_3@200F,colacan03_indoor_3,200,forward,253,0,253,0,253,0,253,0,253
colacan03_indoor_3@250B,colacan03_indoor_3,250,backward,251,0,251,0,251,0,251,0,251
colacan03_indoor_3@300B,colacan03_indoor_3,300,backward,301,0,301,0,301,0,301,0,301
colacan03_indoor_3@350B,colacan03_indoor_3,350,backward,351,0,351,0,351,0,351,0,351
colacan03_indoor_3@400B,colacan03_indoor_3,400,backward,401,0,401,0,401,0,401,0,401
colacan03_indoor_3@426B,colacan03_indoor_3,426,backward,427,0,427,0,427,0,427,0,427
colacan03_indoor_3@50F,colacan03_indoor_3,50,forward,403,0,403,0,403,0,403,0,403
colacan03_indoor_7@0F,colacan03_indoor_7,0,forward,218,0,218,0,218,0,218,0,218
colacan03_indoor_7@100F,colacan03_indoor_7,100,forward,118,0,118,0,118,0,118,0,118
colacan03_indoor_7@150B,colacan03_indoor_7,150,backward,151,0,151,0,151,0,151,0,151
colacan03_indoor_7@200B,colacan03_indoor_7,200,backward,201,0,201,0,201,0,201,0,201
colacan03_indoor_7@217B,colacan03_indoor_7,217,backward,218,0,218,0,218,0,218,0,218
colacan03_indoor_7@50F,colacan03_indoor_7,50,forward,168,0,168,0,168,0,168,0,168
container_room_noocc_1_1@0F,container_room_noocc_1_1,0,forward,1639,0,1639,0,1639,0,1639,0,1639
container_room_noocc_1_1@1000B,container_room_noocc_1_1,1000,backward,1001,0,1001,0,1001,0,1001,0,1001
container_room_noocc_1_1@100F,container_room_noocc_1_1,100,forward,1539,0,1539,0,1539,0,1539,0,1539
container_room_noocc_1_1@1050B,container_room_noocc_1_1,1050,backward,1051,0,1051,0,1051,0,1051,0,1051
container_room_noocc_1_1@1100B,container_room_noocc_1_1,1100,backward,1101,0,1101,0,1101,0,1101,0,1101
container_room_noocc_1_1@1150B,container_room_noocc_1_1,1150,backward,1151,0,1151,0,1151,0,1151,0,1151
container_room_noocc_1_1@1200B,container_room_noocc_1_1,1200,backward,1201,0,1201,0,1201,0,1201,0,1201
container_room_noocc_1_1@1250B,container_room_noocc_1_1,1250,backward,1251,0,1251,0,1251,0,1251,0,1251
container_room_noocc_1_1@1300B,container_room_noocc_1_1,1300,backward,1301,0,1301,0,1301,0,1301,0,1301
container_room_noocc_1_1@1350B,container_room_noocc_1_1,1350,backward,1351,0,1351,0,1351,0,1351,0,1351
container_room_noocc_1_1@1400B,container_room_noocc_1_1,1400,backward,1401,0,1401,0,1401,0,1401,0,1401
container_room_noocc_1_1@1450B,container_room_noocc_1_1,1450,backward,1451,0,1451,0,1451,0,1451,0,1451
container_room_noocc_1_1@1500B,container_room_noocc_1_1,1500,backward,1501,0,1501,0,1501,0,1501,0,1501
container_room_noocc_1_1@150F,container_room_noocc_1_1,150,forward,1489,0,1489,0,1489,0,1489,0,1489
container_room_noocc_1_1@1550B,container_room_noocc_1_1,1550,backward,1551,0,1551,0,1551,0,1551,0,1551
container_room_noocc_1_1@1600B,container_room_noocc_1_1,1600,backward,1601,0,1601,0,1601,0,1601,0,1601
container_room_noocc_1_1@1638B,container_room_noocc_1_1,1638,backward,1639,0,1639,0,1639,0,1639,0,1639
container_room_noocc_1_1@200F,container_room_noocc_1_1,200,forward,1439,0,1439,0,1439,0,1439,0,1439
container_room_noocc_1_1@250F,container_room_noocc_1_1,250,forward,1389,0,1389,0,1389,0,1389,0,1389
container_room_noocc_1_1@300F,container_room_noocc_1_1,300,forward,1339,0,1339,0,1339,0,1339,0,1339
container_room_noocc_1_1@350F,container_room_noocc_1_1,350,forward,1289,0,1289,0,1289,0,1289,0,1289
container_room_noocc_1_1@400F,container_room_noocc_1_1,400,forward,1239,0,1239,0,1239,0,1239,0,1239
container_room_noocc_1_1@450F,container_room_noocc_1_1,450,forward,1189,0,1189,0,1189,0,1189,0,1189
container_room_noocc_1_1@500F,container_room_noocc_1_1,500,forward,1139,0,1139,0,1139,0,1139,0,1139
container_room_noocc_1_1@50F,container_room_noocc_1_1,50,forward,1589,0,1589,0,1589,0,1589,0,1589
container_room_noocc_1_1@550F,container_room_noocc_1_1,550,forward,1089,0,1089,0,1089,0,1089,0,1089
container_room_noocc_1_1@600F,container_room_noocc_1_1,600,forward,1039,0,1039,0,1039,0,1039,0,1039
container_room_noocc_1_1@650F,container_room_noocc_1_1,650,forward,989,0,989,0,989,0,989,0,989
container_room_noocc_1_1@700F,container_room_noocc_1_1,700,forward,939,0,939,0,939,0,939,0,939
container_room_noocc_1_1@750F,container_room_noocc_1_1,750,forward,889,0,889,0,889,0,889,0,889
container_room_noocc_1_1@800F,container_room_noocc_1_1,800,forward,839,0,839,0,839,0,839,0,839
container_room_noocc_1_1@850B,container_room_noocc_1_1,850,backward,851,0,851,0,851,0,851,0,851
container_room_noocc_1_1@900B,container_room_noocc_1_1,900,backward,901,0,901,0,901,0,901,0,901
container_room_noocc_1_1@950B,container_room_noocc_1_1,950,backward,951,0,951,0,951,0,951,0,951
cube02_indoor_1@0F,cube02_indoor_1,0,forward,572,0,572,1,372,1,174,0,572
cube02_indoor_1@100F,cube02_indoor_1,100,forward,472,0,472,0,472,1,74,0,472
cube02_indoor_1@150F,cube02_indoor_1,150,forward,422,0,422,0,422,0,422,0,422
cube02_indoor_1@200F,cube02_indoor_1,200,forward,372,0,372,0,372,0,372,0,372
cube02_indoor_1@250F,cube02_indoor_1,250,forward,322,0,322,0,322,0,322,0,322
cube02_indoor_1@300B,cube02_indoor_1,300,backward,301,1,127,1,127,1,127,1,127
cube02_indoor_1@350B,cube02_indoor_1,350,backward,351,1,177,1,177,1,177,1,177
cube02_indoor_1@400B,cube02_indoor_1,400,backward,401,1,227,1,227,1,227,1,227
cube02_indoor_1@450B,cube02_indoor_1,450,backward,451,1,16,1,15,1,16,1,16
cube02_indoor_1@506B,cube02_indoor_1,506,backward,507,1,333,1,22,1,333,1,333
cube02_indoor_1@50F,cube02_indoor_1,50,forward,522,0,522,0,522,0,522,0,522
cube02_indoor_1@550B,cube02_indoor_1,550,backward,551,1,377,1,377,1,377,1,377
cube02_indoor_1@569B,cube02_indoor_1,569,backward,570,1,396,1,396,1,396,1,396
cube02_indoor_2@0F,cube02_indoor_2,0,forward,590,0,590,0,590,0,590,0,590
cube02_indoor_2@150F,cube02_indoor_2,150,forward,440,0,440,0,440,0,440,0,440
cube02_indoor_2@200F,cube02_indoor_2,200,forward,390,0,390,0,390,0,390,0,390
cube02_indoor_2@250F,cube02_indoor_2,250,forward,340,0,340,0,340,0,340,0,340
cube02_indoor_2@300F,cube02_indoor_2,300,forward,290,0,290,0,290,0,290,0,290
cube02_indoor_2@350B,cube02_indoor_2,350,backward,351,0,351,0,351,0,351,0,351
cube02_indoor_2@400B,cube02_indoor_2,400,backward,401,0,401,0,401,0,401,0,401
cube02_indoor_2@450B,cube02_indoor_2,450,backward,451,0,451,0,451,0,451,0,451
cube02_indoor_2@500B,cube02_indoor_2,500,backward,501,0,501,1,203,1,204,1,205
cube02_indoor_2@50F,cube02_indoor_2,50,forward,540,0,540,0,540,0,540,0,540
cube02_indoor_2@550B,cube02_indoor_2,550,backward,551,0,551,0,551,0,551,0,551
cube02_indoor_2@589B,cube02_indoor_2,589,backward,590,0,590,1,295,1,294,1,294
cube02_indoor_2@91F,cube02_indoor_2,91,forward,499,0,499,0,499,0,499,0,499
cube05_indoor_1@0F,cube05_indoor_1,0,forward,111,1,9,1,8,1,8,1,10
cube05_indoor_1@100B,cube05_indoor_1,100,backward,101,0,101,0,101,0,101,0,101
cube05_indoor_1@110B,cube05_indoor_1,110,backward,111,1,88,0,111,0,111,0,111
cube05_indoor_1@50F,cube05_indoor_1,50,forward,61,0,61,0,61,0,61,0,61
cube05_indoor_2@0F,cube05_indoor_2,0,forward,146,0,146,0,146,0,146,0,146
cube05_indoor_2@100F,cube05_indoor_2,100,forward,46,0,46,0,46,0,46,0,46
cube05_indoor_2@145B,cube05_indoor_2,145,backward,146,0,146,0,146,0,146,0,146
cube05_indoor_2@50F,cube05_indoor_2,50,forward,96,0,96,0,96,0,96,0,96
cube05_indoor_3@0F,cube05_indoor_3,0,forward,292,0,292,0,292,0,292,0,292
cube05_indoor_3@100F,cube05_indoor_3,100,forward,192,0,192,0,192,0,192,0,192
cube05_indoor_3@150B,cube05_indoor_3,150,backward,151,0,151,0,151,0,151,0,151
cube05_indoor_3@200B,cube05_indoor_3,200,backward,201,0,201,0,201,0,201,0,201
cube05_indoor_3@257B,cube05_indoor_3,257,backward,258,0,258,0,258,0,258,0,258
cube05_indoor_3@291B,cube05_indoor_3,291,backward,292,0,292,0,292,0,292,0,292
cube05_indoor_3@50F,cube05_indoor_3,50,forward,242,0,242,0,242,0,242,0,242
cube05_indoor_4@0F,cube05_indoor_4,0,forward,299,1,281,1,281,1,283,0,299
cube05_indoor_4@100F,cube05_indoor_4,100,forward,199,1,181,0,199,0,199,1,178
cube05_indoor_4@149F,cube05_indoor_4,149,forward,150,1,132,1,131,1,133,1,132
cube05_indoor_4@199B,cube05_indoor_4,199,backward,200,0,200,1,79,1,79,0,200
cube05_indoor_4@249B,cube05_indoor_4,249,backward,250,0,250,0,250,0,250,0,250
cube05_indoor_4@298B,cube05_indoor_4,298,backward,299,0,299,0,299,0,299,0,299
cube05_indoor_4@50F,cube05_indoor_4,50,forward,249,1,230,1,232,0,249,1,231
cube05_indoor_5@0F,cube05_indoor_5,0,forward,492,1,62,1,60,1,62,1,61
cube05_indoor_5@100F,cube05_indoor_5,100,forward,392,1,282,1,281,1,281,1,282
cube05_indoor_5@150F,cube05_indoor_5,150,forward,342,1,232,1,231,1,231,1,231
cube05_indoor_5@200F,cube05_indoor_5,200,forward,292,1,182,1,182,1,182,1,182
cube05_indoor_5@250B,cube05_indoor_5,250,backward,251,0,251,0,251,0,251,0,251
cube05_indoor_5@295B,cube05_indoor_5,295,backward,296,0,296,0,296,0,296,0,296
cube05_indoor_5@387B,cube05_indoor_5,387,backward,388,1,90,1,92,1,91,1,90
cube05_indoor_5@400B,cube05_indoor_5,400,backward,401,1,103,1,103,1,103,1,103
cube05_indoor_5@450B,cube05_indoor_5,450,backward,451,1,57,1,58,1,156,1,59
cube05_indoor_5@491B,cube05_indoor_5,491,backward,492,1,194,1,98,1,194,1,194
cube05_indoor_5@50F,cube05_indoor_5,50,forward,442,1,332,0,442,0,442,1,334
cube05_indoor_6@0F,cube05_indoor_6,0,forward,728,0,728,0,728,0,728,0,728
cube05_indoor_6@100F,cube05_indoor_6,100,forward,628,1,427,1,426,1,427,0,628
cube05_indoor_6@150F,cube05_indoor_6,150,forward,578,0,578,0,578,0,578,0,578
cube05_indoor_6@200F,cube05_indoor_6,200,forward,528,0,528,0,528,1,328,0,528
cube05_indoor_6@250F,cube05_indoor_6,250,forward,478,0,478,0,478,0,478,0,478
cube05_indoor_6@300F,cube05_indoor_6,300,forward,428,0,428,0,428,0,428,0,428
cube05_indoor_6@350F,cube05_indoor_6,350,forward,378,0,378,0,378,1,176,0,378
cube05_indoor_6@400B,cube05_indoor_6,400,backward,401,0,401,0,401,0,401,0,401
cube05_indoor_6@450B,cube05_indoor_6,450,backward,451,0,451,0,451,0,451,0,451
cube05_indoor_6@47F,cube05_indoor_6,47,forward,681,0,681,0,681,0,681,0,681
cube05_indoor_6@500B,cube05_indoor_6,500,backward,501,0,501,0,501,0,501,0,501
cube05_indoor_6@550B,cube05_indoor_6,550,backward,551,0,551,0,551,0,551,0,551
cube05_indoor_6@600B,cube05_indoor_6,600,backward,601,0,601,0,601,0,601,0,601
cube05_indoor_6@650B,cube05_indoor_6,650,backward,651,0,651,0,651,0,651,0,651
cube05_indoor_6@700B,cube05_indoor_6,700,backward,701,0,701,1,165,0,701,0,701
cube05_indoor_6@722B,cube05_indoor_6,722,backward,723,0,723,0,723,0,723,0,723
cup01_indoor_1@0F,cup01_indoor_1,0,forward,754,0,754,1,87,1,744,0,754
cup01_indoor_1@100F,cup01_indoor_1,100,forward,654,0,654,0,654,0,654,0,654
cup01_indoor_1@150F,cup01_indoor_1,150,forward,604,0,604,0,604,0,604,0,604
cup01_indoor_1@200F,cup01_indoor_1,200,forward,554,0,554,0,554,0,554,0,554
cup01_indoor_1@250F,cup01_indoor_1,250,forward,504,0,504,0,504,0,504,0,504
cup01_indoor_1@300F,cup01_indoor_1,300,forward,454,0,454,1,247,1,248,0,454
cup01_indoor_1@350F,cup01_indoor_1,350,forward,404,0,404,0,404,0,404,0,404
cup01_indoor_1@400B,cup01_indoor_1,400,backward,401,0,401,0,401,0,401,0,401
cup01_indoor_1@450B,cup01_indoor_1,450,backward,451,0,451,1,306,1,315,0,451
cup01_indoor_1@500B,cup01_indoor_1,500,backward,501,0,501,0,501,0,501,0,501
cup01_indoor_1@50F,cup01_indoor_1,50,forward,704,0,704,0,704,0,704,0,704
cup01_indoor_1@550B,cup01_indoor_1,550,backward,551,0,551,1,409,1,408,0,551
cup01_indoor_1@600B,cup01_indoor_1,600,backward,601,0,601,0,601,0,601,0,601
cup01_indoor_1@650B,cup01_indoor_1,650,backward,651,0,651,0,651,0,651,0,651
cup01_indoor_1@700B,cup01_indoor_1,700,backward,701,0,701,0,701,0,701,0,701
cup01_indoor_1@753B,cup01_indoor_1,753,backward,754,0,754,0,754,0,754,0,754
cup02_indoor_1@0F,cup02_indoor_1,0,forward,1753,1,455,1,442,1,447,1,452
cup02_indoor_1@1006B,cup02_indoor_1,1006,backward,1007,1,60,1,58,1,70,1,60
cup02_indoor_1@100F,cup02_indoor_1,100,forward,1653,1,816,1,319,1,321,1,816
cup02_indoor_1@1050B,cup02_indoor_1,1050,backward,1051,1,32,1,31,1,30,1,31
cup02_indoor_1@1100B,cup02_indoor_1,1100,backward,1101,1,82,1,81,1,82,1,81
cup02_indoor_1@1150B,cup02_indoor_1,1150,backward,1151,1,132,1,138,1,135,1,136
cup02_indoor_1@1200B,cup02_indoor_1,1200,backward,1201,1,181,1,181,1,182,1,182
cup02_indoor_1@1250B,cup02_indoor_1,1250,backward,1251,1,230,1,231,1,231,1,231
cup02_indoor_1@1300B,cup02_indoor_1,1300,backward,1301,1,288,1,289,1,291,1,291
cup02_indoor_1@1350B,cup02_indoor_1,1350,backward,1351,1,25,1,32,1,29,1,16
cup02_indoor_1@1400B,cup02_indoor_1,1400,backward,1401,1,79,1,79,1,79,1,79
cup02_indoor_1@1450B,cup02_indoor_1,1450,backward,1451,1,114,1,129,1,129,1,129
cup02_indoor_1@1500B,cup02_indoor_1,1500,backward,1501,1,179,1,151,1,150,1,179
cup02_indoor_1@150F,cup02_indoor_1,150,forward,1603,1,766,1,301,1,303,1,310
cup02_indoor_1@1550B,cup02_indoor_1,1550,backward,1551,1,232,1,203,1,201,1,229
cup02_indoor_1@1600B,cup02_indoor_1,1600,backward,1601,1,279,1,106,1,105,1,105
cup02_indoor_1@1650B,cup02_indoor_1,1650,backward,1651,1,29,1,29,1,30,1,36
cup02_indoor_1@1700B,cup02_indoor_1,1700,backward,1701,1,36,1,35,1,43,1,35
cup02_indoor_1@1752B,cup02_indoor_1,1752,backward,1753,1,89,1,71,1,75,1,71
cup02_indoor_1@200F,cup02_indoor_1,200,forward,1553,1,716,1,129,1,221,1,716
cup02_indoor_1@250F,cup02_indoor_1,250,forward,1503,1,202,1,192,1,194,1,199
cup02_indoor_1@300F,cup02_indoor_1,300,forward,1453,1,616,1,142,1,145,1,616
cup02_indoor_1@350F,cup02_indoor_1,350,forward,1403,1,105,1,92,1,94,1,566
cup02_indoor_1@400F,cup02_indoor_1,400,forward,1353,1,146,1,516,1,525,1,146
cup02_indoor_1@450F,cup02_indoor_1,450,forward,1303,1,95,1,94,1,94,1,94
cup02_indoor_1@500F,cup02_indoor_1,500,forward,1253,1,416,1,418,1,417,1,416
cup02_indoor_1@50F,cup02_indoor_1,50,forward,1703,1,879,1,394,1,474,1,866
cup02_indoor_1@550F,cup02_indoor_1,550,forward,1203,1,366,1,366,1,366,1,366
cup02_indoor_1@600F,cup02_indoor_1,600,forward,1153,1,316,1,316,1,316,1,316
cup02_indoor_1@650F,cup02_indoor_1,650,forward,1103,1,266,1,266,1,266,1,266
cup02_indoor_1@700F,cup02_indoor_1,700,forward,1053,1,216,1,216,1,56,1,216
cup02_indoor_1@750F,cup02_indoor_1,750,forward,1003,1,166,1,48,1,50,1,49
cup02_indoor_1@800F,cup02_indoor_1,800,forward,953,1,116,1,116,1,116,1,116
cup02_indoor_1@850F,cup02_indoor_1,850,forward,903,1,66,1,66,1,66,1,66
cup02_indoor_1@900B,cup02_indoor_1,900,backward,901,1,177,1,372,1,373,1,375
cup02_indoor_1@958B,cup02_indoor_1,958,backward,959,1,48,1,34,1,48,1,48
cup04_indoor_1@0F,cup04_indoor_1,0,forward,1089,0,1089,0,1089,0,1089,0,1089
cup04_indoor_1@1000B,cup04_indoor_1,1000,backward,1001,0,1001,0,1001,0,1001,0,1001
cup04_indoor_1@100F,cup04_indoor_1,100,forward,989,0,989,0,989,0,989,0,989
cup04_indoor_1@1050B,cup04_indoor_1,1050,backward,1051,0,1051,0,1051,0,1051,0,1051
cup04_indoor_1@1084B,cup04_indoor_1,1084,backward,1085,0,1085,0,1085,0,1085,0,1085
cup04_indoor_1@150F,cup04_indoor_1,150,forward,939,0,939,0,939,0,939,0,939
cup04_indoor_1@200F,cup04_indoor_1,200,forward,889,0,889,0,889,0,889,0,889
cup04_indoor_1@250F,cup04_indoor_1,250,forward,839,0,839,0,839,0,839,0,839
cup04_indoor_1@300F,cup04_indoor_1,300,forward,789,0,789,0,789,0,789,0,789
cup04_indoor_1@350F,cup04_indoor_1,350,forward,739,0,739,0,739,0,739,0,739
cup04_indoor_1@400F,cup04_indoor_1,400,forward,689,0,689,0,689,0,689,0,689
cup04_indoor_1@450F,cup04_indoor_1,450,forward,639,0,639,0,639,0,639,0,639
cup04_indoor_1@500F,cup04_indoor_1,500,forward,589,0,589,0,589,0,589,0,589
cup04_indoor_1@50F,cup04_indoor_1,50,forward,1039,0,1039,0,1039,0,1039,0,1039
cup04_indoor_1@550B,cup04_indoor_1,550,backward,551,0,551,0,551,0,551,0,551
cup04_indoor_1@600B,cup04_indoor_1,600,backward,601,0,601,0,601,0,601,0,601
cup04_indoor_1@650B,cup04_indoor_1,650,backward,651,0,651,0,651,0,651,0,651
cup04_indoor_1@700B,cup04_indoor_1,700,backward,701,0,701,0,701,0,701,0,701
cup04_indoor_1@750B,cup04_indoor_1,750,backward,751,0,751,0,751,0,751,0,751
cup04_indoor_1@800B,cup04_indoor_1,800,backward,801,0,801,0,801,0,801,0,801
cup04_indoor_1@850B,cup04_indoor_1,850,backward,851,0,851,0,851,0,851,0,851
cup04_indoor_1@900B,cup04_indoor_1,900,backward,901,0,901,0,901,0,901,0,901
cup04_indoor_1@950B,cup04_indoor_1,950,backward,951,0,951,0,951,0,951,0,951
developmentboard_indoor_4@0F,developmentboard_indoor_4,0,forward,375,1,215,1,66,1,85,1,66
developmentboard_indoor_4@105F,developmentboard_indoor_4,105,forward,270,0,270,0,270,0,270,0,270
developmentboard_indoor_4@150F,developmentboard_indoor_4,150,forward,225,0,225,0,225,0,225,0,225
developmentboard_indoor_4@200F,developmentboard_indoor_4,200,forward,175,0,175,0,175,0,175,0,175
developmentboard_indoor_4@250B,developmentboard_indoor_4,250,backward,251,1,227,0,251,1,222,1,227
developmentboard_indoor_4@300B,developmentboard_indoor_4,300,backward,301,0,301,0,301,1,277,1,279
developmentboard_indoor_4@350B,developmentboard_indoor_4,350,backward,351,0,351,0,351,0,351,0,351
developmentboard_indoor_4@363B,developmentboard_indoor_4,363,backward,364,0,364,0,364,0,364,0,364
developmentboard_indoor_4@50F,developmentboard_indoor_4,50,forward,325,0,325,0,325,0,325,0,325
dog_outside_1@0F,dog_outside_1,0,forward,870,0,870,0,870,0,870,0,870
dog_outside_1@100F,dog_outside_1,100,forward,770,0,770,0,770,0,770,0,770
dog_outside_1@150F,dog_outside_1,150,forward,720,0,720,0,720,0,720,0,720
dog_outside_1@200F,dog_outside_1,200,forward,670,0,670,0,670,0,670,0,670
dog_outside_1@250F,dog_outside_1,250,forward,620,0,620,0,620,0,620,0,620
dog_outside_1@300F,dog_outside_1,300,forward,570,0,570,0,570,0,570,0,570
dog_outside_1@350F,dog_outside_1,350,forward,520,0,520,0,520,0,520,0,520
dog_outside_1@400F,dog_outside_1,400,forward,470,0,470,0,470,0,470,0,470
dog_outside_1@450B,dog_outside_1,450,backward,451,0,451,0,451,0,451,0,451
dog_outside_1@500B,dog_outside_1,500,backward,501,0,501,0,501,0,501,0,501
dog_outside_1@50F,dog_outside_1,50,forward,820,0,820,0,820,0,820,0,820
dog_outside_1@550B,dog_outside_1,550,backward,551,0,551,0,551,0,551,0,551
dog_outside_1@600B,dog_outside_1,600,backward,601,0,601,0,601,0,601,0,601
dog_outside_1@650B,dog_outside_1,650,backward,651,0,651,0,651,0,651,0,651
dog_outside_1@700B,dog_outside_1,700,backward,701,0,701,0,701,0,701,0,701
dog_outside_1@750B,dog_outside_1,750,backward,751,0,751,0,751,0,751,0,751
dog_outside_1@800B,dog_outside_1,800,backward,801,0,801,0,801,0,801,0,801
dog_outside_1@850B,dog_outside_1,850,backward,851,0,851,0,851,0,851,0,851
dog_outside_1@865B,dog_outside_1,865,backward,866,0,866,0,866,0,866,0,866
duck03_wild_1@0F,duck03_wild_1,0,forward,218,0,218,0,218,0,218,0,218
duck03_wild_1@100F,duck03_wild_1,100,forward,118,0,118,0,118,0,118,0,118
duck03_wild_1@150B,duck03_wild_1,150,backward,151,0,151,0,151,0,151,0,151
duck03_wild_1@200B,duck03_wild_1,200,backward,201,0,201,0,201,0,201,0,201
duck03_wild_1@217B,duck03_wild_1,217,backward,218,0,218,0,218,0,218,0,218
duck03_wild_1@50F,duck03_wild_1,50,forward,168,0,168,0,168,0,168,0,168
duck03_wild_2@0F,duck03_wild_2,0,forward,247,0,247,0,247,0,247,0,247
duck03_wild_2@100F,duck03_wild_2,100,forward,147,0,147,0,147,0,147,0,147
duck03_wild_2@150B,duck03_wild_2,150,backward,151,0,151,0,151,0,151,0,151
duck03_wild_2@200B,duck03_wild_2,200,backward,201,0,201,0,201,0,201,0,201
duck03_wild_2@246B,duck03_wild_2,246,backward,247,0,247,0,247,0,247,0,247
duck03_wild_2@50F,duck03_wild_2,50,forward,197,0,197,0,197,0,197,0,197
dumbbells01_indoor_1@0F,dumbbells01_indoor_1,0,forward,292,0,292,0,292,0,292,0,292
dumbbells01_indoor_1@100F,dumbbells01_indoor_1,100,forward,192,0,192,0,192,0,192,0,192
dumbbells01_indoor_1@150B,dumbbells01_indoor_1,150,backward,151,0,151,0,151,0,151,0,151
dumbbells01_indoor_1@200B,dumbbells01_indoor_1,200,backward,201,0,201,0,201,0,201,0,201
dumbbells01_indoor_1@250B,dumbbells01_indoor_1,250,backward,251,0,251,0,251,0,251,0,251
dumbbells01_indoor_1@288B,dumbbells01_indoor_1,288,backward,289,0,289,0,289,0,289,0,289
dumbbells01_indoor_1@50F,dumbbells01_indoor_1,50,forward,242,0,242,0,242,0,242,0,242
dumbbells01_indoor_2@0F,dumbbells01_indoor_2,0,forward,513,0,513,0,513,0,513,0,513
dumbbells01_indoor_2@100F,dumbbells01_indoor_2,100,forward,413,0,413,0,413,1,390,0,413
dumbbells01_indoor_2@150F,dumbbells01_indoor_2,150,forward,363,0,363,0,363,0,363,0,363
dumbbells01_indoor_2@200F,dumbbells01_indoor_2,200,forward,313,0,313,0,313,0,313,0,313
dumbbells01_indoor_2@256F,dumbbells01_indoor_2,256,forward,257,0,257,0,257,0,257,0,257
dumbbells01_indoor_2@295B,dumbbells01_indoor_2,295,backward,296,0,296,0,296,0,296,0,296
dumbbells01_indoor_2@350B,dumbbells01_indoor_2,350,backward,351,0,351,0,351,0,351,0,351
dumbbells01_indoor_2@395B,dumbbells01_indoor_2,395,backward,396,0,396,0,396,0,396,0,396
dumbbells01_indoor_2@450B,dumbbells01_indoor_2,450,backward,451,0,451,0,451,0,451,0,451
dumbbells01_indoor_2@500B,dumbbells01_indoor_2,500,backward,501,1,400,1,398,1,397,0,501
dumbbells01_indoor_2@508B,dumbbells01_indoor_2,508,backward,509,0,509,0,509,1,404,0,509
dumbbells01_indoor_2@50F,dumbbells01_indoor_2,50,forward,463,0,463,0,463,0,463,0,463
earphone01_indoor_1@0F,earphone01_indoor_1,0,forward,1085,0,1085,0,1085,1,493,0,1085
earphone01_indoor_1@1000B,earphone01_indoor_1,1000,backward,1001,1,465,0,1001,0,1001,0,1001
earphone01_indoor_1@100F,earphone01_indoor_1,100,forward,985,0,985,1,717,0,985,0,985
earphone01_indoor_1@1050B,earphone01_indoor_1,1050,backward,1051,0,1051,0,1051,0,1051,0,1051
earphone01_indoor_1@1084B,earphone01_indoor_1,1084,backward,1085,1,268,0,1085,1,256,0,1085
earphone01_indoor_1@150F,earphone01_indoor_1,150,forward,935,0,935,0,935,0,935,0,935
earphone01_indoor_1@200F,earphone01_indoor_1,200,forward,885,0,885,1,450,1,152,0,885
earphone01_indoor_1@250F,earphone01_indoor_1,250,forward,835,0,835,1,570,0,835,0,835
earphone01_indoor_1@300F,earphone01_indoor_1,300,forward,785,0,785,0,785,0,785,1,520
earphone01_indoor_1@350F,earphone01_indoor_1,350,forward,735,0,735,0,735,0,735,0,735
earphone01_indoor_1@400F,earphone01_indoor_1,400,forward,685,0,685,1,200,0,685,0,685
earphone01_indoor_1@450F,earphone01_indoor_1,450,forward,635,0,635,0,635,0,635,0,635
earphone01_indoor_1@500F,earphone01_indoor_1,500,forward,585,0,585,0,585,0,585,0,585
earphone01_indoor_1@50F,earphone01_indoor_1,50,forward,1035,0,1035,1,551,0,1035,0,1035
earphone01_indoor_1@550B,earphone01_indoor_1,550,backward,551,0,551,0,551,0,551,0,551
earphone01_indoor_1@600B,earphone01_indoor_1,600,backward,601,0,601,0,601,0,601,0,601
earphone01_indoor_1@650B,earphone01_indoor_1,650,backward,651,0,651,0,651,1,84,0,651
earphone01_indoor_1@850B,earphone01_indoor_1,850,backward,851,0,851,0,851,0,851,0,851
earphone01_indoor_1@900B,earphone01_indoor_1,900,backward,901,0,901,0,901,0,901,0,901
earphone01_indoor_1@950B,earphone01_indoor_1,950,backward,951,0,951,0,951,0,951,0,951
file01_indoor_1@0F,file01_indoor_1,0,forward,691,1,680,1,680,1,626,1,680
file01_indoor_1@100F,file01_indoor_1,100,forward,591,1,580,1,569,1,526,1,580
file01_indoor_1@150F,file01_indoor_1,150,forward,541,1,530,1,507,1,497,1,530
file01_indoor_1@200F,file01_indoor_1,200,forward,491,1,480,1,466,1,425,1,480
file01_indoor_1@250F,file01_indoor_1,250,forward,441,1,430,1,403,1,418,1,430
file01_indoor_1@300F,file01_indoor_1,300,forward,391,1,380,1,380,1,325,1,380
file01_indoor_1@350B,file01_indoor_1,350,backward,351,0,351,0,351,0,351,0,351
file01_indoor_1@400B,file01_indoor_1,400,backward,401,0,401,0,401,0,401,0,401
file01_indoor_1@450B,file01_indoor_1,450,backward,451,0,451,0,451,0,451,0,451
file01_indoor_1@500B,file01_indoor_1,500,backward,501,0,501,0,501,0,501,0,501
file01_indoor_1@50F,file01_indoor_1,50,forward,641,1,630,1,569,1,599,1,630
file01_indoor_1@550B,file01_indoor_1,550,backward,551,0,551,0,551,0,551,0,551
file01_indoor_1@600B,file01_indoor_1,600,backward,601,0,601,0,601,0,601,0,601
file01_indoor_1@673B,file01_indoor_1,673,backward,674,0,674,0,674,0,674,0,674
flag_indoor_1@0F,flag_indoor_1,0,forward,1366,0,1366,0,1366,0,1366,0,1366
flag_indoor_1@1050B,flag_indoor_1,1050,backward,1051,0,1051,0,1051,0,1051,0,1051
flag_indoor_1@1100B,flag_indoor_1,1100,backward,1101,0,1101,0,1101,0,1101,0,1101
flag_indoor_1@1150B,flag_indoor_1,1150,backward,1151,0,1151,0,1151,0,1151,0,1151
flag_indoor_1@1200B,flag_indoor_1,1200,backward,1201,0,1201,0,1201,0,1201,0,1201
flag_indoor_1@1250B,flag_indoor_1,1250,backward,1251,0,1251,0,1251,0,1251,0,1251
flag_indoor_1@1300B,flag_indoor_1,1300,backward,1301,0,1301,0,1301,0,1301,0,1301
flag_indoor_1@1365B,flag_indoor_1,1365,backward,1366,0,1366,0,1366,1,26,0,1366
flag_indoor_1@163F,flag_indoor_1,163,forward,1203,0,1203,0,1203,0,1203,0,1203
flag_indoor_1@200F,flag_indoor_1,200,forward,1166,0,1166,0,1166,0,1166,0,1166
flag_indoor_1@250F,flag_indoor_1,250,forward,1116,0,1116,0,1116,0,1116,0,1116
flag_indoor_1@300F,flag_indoor_1,300,forward,1066,0,1066,0,1066,0,1066,0,1066
flag_indoor_1@350F,flag_indoor_1,350,forward,1016,0,1016,0,1016,0,1016,0,1016
flag_indoor_1@400F,flag_indoor_1,400,forward,966,0,966,0,966,1,940,0,966
flag_indoor_1@467F,flag_indoor_1,467,forward,899,0,899,1,268,1,267,0,899
flag_indoor_1@500F,flag_indoor_1,500,forward,866,0,866,0,866,0,866,0,866
flag_indoor_1@550F,flag_indoor_1,550,forward,816,0,816,0,816,0,816,0,816
flag_indoor_1@608F,flag_indoor_1,608,forward,758,0,758,0,758,0,758,1,192
flag_indoor_1@652F,flag_indoor_1,652,forward,714,0,714,0,714,0,714,0,714
flag_indoor_1@707B,flag_indoor_1,707,backward,708,0,708,0,708,0,708,0,708
flag_indoor_1@750B,flag_indoor_1,750,backward,751,0,751,0,751,0,751,0,751
flag_indoor_1@800B,flag_indoor_1,800,backward,801,0,801,0,801,0,801,0,801
flag_indoor_1@850B,flag_indoor_1,850,backward,851,0,851,0,851,0,851,0,851
flag_indoor_1@900B,flag_indoor_1,900,backward,901,0,901,0,901,0,901,0,901
flag_indoor_1@949B,flag_indoor_1,949,backward,950,0,950,0,950,0,950,0,950
flag_indoor_1@998B,flag_indoor_1,998,backward,999,0,999,0,999,0,999,0,999
flag_indoor_1@99F,flag_indoor_1,99,forward,1267,0,1267,0,1267,0,1267,0,1267
glass01_indoor_1@0F,glass01_indoor_1,0,forward,167,0,167,0,167,0,167,0,167
glass01_indoor_1@100B,glass01_indoor_1,100,backward,101,0,101,0,101,0,101,0,101
glass01_indoor_1@150B,glass01_indoor_1,150,backward,151,0,151,0,151,0,151,0,151
glass01_indoor_1@166B,glass01_indoor_1,166,backward,167,0,167,0,167,0,167,0,167
glass01_indoor_1@50F,glass01_indoor_1,50,forward,117,0,117,0,117,0,117,0,117
glass01_indoor_2@0F,glass01_indoor_2,0,forward,895,0,895,0,895,0,895,0,895
glass01_indoor_2@100F,glass01_indoor_2,100,forward,795,0,795,1,242,1,640,0,795
glass01_indoor_2@150F,glass01_indoor_2,150,forward,745,0,745,0,745,0,745,0,745
glass01_indoor_2@200F,glass01_indoor_2,200,forward,695,0,695,1,530,1,380,1,528
glass01_indoor_2@249F,glass01_indoor_2,249,forward,646,0,646,1,477,0,646,0,646
glass01_indoor_2@299F,glass01_indoor_2,299,forward,596,1,470,0,596,1,280,1,469
glass01_indoor_2@349F,glass01_indoor_2,349,forward,546,0,546,1,232,0,546,0,546
glass01_indoor_2@399F,glass01_indoor_2,399,forward,496,1,392,1,391,1,180,1,392
glass01_indoor_2@449B,glass01_indoor_2,449,backward,450,0,450,1,303,1,233,0,450
glass01_indoor_2@499B,glass01_indoor_2,499,backward,500,0,500,0,500,1,355,0,500
glass01_indoor_2@50F,glass01_indoor_2,50,forward,845,0,845,0,845,0,845,0,845
glass01_indoor_2@549B,glass01_indoor_2,549,backward,550,0,550,0,550,0,550,0,550
glass01_indoor_2@599B,glass01_indoor_2,599,backward,600,1,25,1,26,1,16,1,26
glass01_indoor_2@649B,glass01_indoor_2,649,backward,650,0,650,0,650,1,501,0,650
glass01_indoor_2@699B,glass01_indoor_2,699,backward,700,0,700,1,125,1,261,0,700
glass01_indoor_2@749B,glass01_indoor_2,749,backward,750,0,750,1,604,1,168,0,750
glass01_indoor_2@799B,glass01_indoor_2,799,backward,800,1,225,0,800,1,218,0,800
glass01_indoor_2@849B,glass01_indoor_2,849,backward,850,0,850,1,704,1,270,0,850
glass01_indoor_2@888B,glass01_indoor_2,888,backward,889,1,580,1,578,1,578,0,889
human02_indoor_1@0F,human02_indoor_1,0,forward,78,0,78,0,78,0,78,0,78
human02_indoor_1@50B,human02_indoor_1,50,backward,51,0,51,0,51,0,51,0,51
human02_indoor_1@59B,human02_indoor_1,59,backward,60,0,60,0,60,0,60,0,60
human02_indoor_2@0F,human02_indoor_2,0,forward,1090,0,1090,1,420,0,1090,0,1090
human02_indoor_2@100F,human02_indoor_2,100,forward,990,0,990,1,923,1,577,0,990
human02_indoor_2@1049B,human02_indoor_2,1049,backward,1050,0,1050,0,1050,0,1050,0,1050
human02_indoor_2@1071B,human02_indoor_2,1071,backward,1072,0,1072,1,174,1,154,0,1072
human02_indoor_2@150F,human02_indoor_2,150,forward,940,0,940,0,940,1,526,0,940
human02_indoor_2@200F,human02_indoor_2,200,forward,890,0,890,0,890,0,890,0,890
human02_indoor_2@250F,human02_indoor_2,250,forward,840,0,840,0,840,1,625,0,840
human02_indoor_2@300F,human02_indoor_2,300,forward,790,0,790,0,790,1,377,0,790
human02_indoor_2@350F,human02_indoor_2,350,forward,740,0,740,0,740,1,327,1,71
human02_indoor_2@400F,human02_indoor_2,400,forward,690,0,690,1,22,1,473,1,21
human02_indoor_2@449F,human02_indoor_2,449,forward,641,0,641,0,641,1,225,1,216
human02_indoor_2@499F,human02_indoor_2,499,forward,591,0,591,0,591,1,187,0,591
human02_indoor_2@50F,human02_indoor_2,50,forward,1040,0,1040,0,1040,1,625,0,1040
human02_indoor_2@549B,human02_indoor_2,549,backward,550,0,550,0,550,0,550,0,550
human02_indoor_2@599B,human02_indoor_2,599,backward,600,0,600,0,600,0,600,0,600
human02_indoor_2@643B,human02_indoor_2,643,backward,644,0,644,0,644,1,221,0,644
human02_indoor_2@699B,human02_indoor_2,699,backward,700,0,700,0,700,0,700,0,700
human02_indoor_2@749B,human02_indoor_2,749,backward,750,0,750,0,750,1,248,0,750
human02_indoor_2@799B,human02_indoor_2,799,backward,800,0,800,0,800,0,800,0,800
human02_indoor_2@849B,human02_indoor_2,849,backward,850,0,850,0,850,1,141,0,850
human02_indoor_2@899B,human02_indoor_2,899,backward,900,0,900,0,900,1,398,0,900
human02_indoor_2@949B,human02_indoor_2,949,backward,950,0,950,0,950,1,282,0,950
human02_indoor_2@999B,human02_indoor_2,999,backward,1000,0,1000,0,1000,0,1000,0,1000
human02_indoor_3@0F,human02_indoor_3,0,forward,375,0,375,0,375,0,375,0,375
human02_indoor_3@100F,human02_indoor_3,100,forward,275,0,275,0,275,0,275,1,119
human02_indoor_3@150F,human02_indoor_3,150,forward,225,0,225,0,225,0,225,0,225
human02_indoor_3@192B,human02_indoor_3,192,backward,193,0,193,0,193,0,193,0,193
human02_indoor_3@261B,human02_indoor_3,261,backward,262,0,262,0,262,0,262,0,262
human02_indoor_3@300B,human02_indoor_3,300,backward,301,0,301,0,301,0,301,0,301
human02_indoor_3@350B,human02_indoor_3,350,backward,351,0,351,0,351,0,351,0,351
human02_indoor_3@374B,human02_indoor_3,374,backward,375,0,375,0,375,0,375,0,375
human02_indoor_3@50F,human02_indoor_3,50,forward,325,0,325,0,325,0,325,1,169
humans_corridor_occ_1_1@0F,humans_corridor_occ_1_1,0,forward,126,0,126,0,126,0,126,0,126
humans_corridor_occ_1_1@100B,humans_corridor_occ_1_1,100,backward,101,0,101,0,101,0,101,0,101
humans_corridor_occ_1_1@114B,humans_corridor_occ_1_1,114,backward,115,0,115,0,115,0,115,0,115
humans_corridor_occ_1_1@50F,humans_corridor_occ_1_1,50,forward,76,0,76,0,76,0,76,0,76
humans_shirts_room_occ_1_A_1@0F,humans_shirts_room_occ_1_A_1,0,forward,787,0,787,0,787,1,256,0,787
humans_shirts_room_occ_1_A_1@100F,humans_shirts_room_occ_1_A_1,100,forward,687,0,687,0,687,0,687,0,687
humans_shirts_room_occ_1_A_1@150F,humans_shirts_room_occ_1_A_1,150,forward,637,0,637,0,637,1,416,0,637
humans_shirts_room_occ_1_A_1@200F,humans_shirts_room_occ_1_A_1,200,forward,587,0,587,0,587,0,587,0,587
humans_shirts_room_occ_1_A_1@250F,humans_shirts_room_occ_1_A_1,250,forward,537,0,537,0,537,0,537,0,537
humans_shirts_room_occ_1_A_1@300F,humans_shirts_room_occ_1_A_1,300,forward,487,0,487,1,475,1,447,0,487
humans_shirts_room_occ_1_A_1@350F,humans_shirts_room_occ_1_A_1,350,forward,437,0,437,1,424,0,437,1,427
humans_shirts_room_occ_1_A_1@400B,humans_shirts_room_occ_1_A_1,400,backward,401,0,401,0,401,1,270,0,401
humans_shirts_room_occ_1_A_1@450B,humans_shirts_room_occ_1_A_1,450,backward,451,0,451,0,451,0,451,0,451
humans_shirts_room_occ_1_A_1@500B,humans_shirts_room_occ_1_A_1,500,backward,501,0,501,0,501,1,364,0,501
humans_shirts_room_occ_1_A_1@50F,humans_shirts_room_occ_1_A_1,50,forward,737,0,737,0,737,1,179,0,737
humans_shirts_room_occ_1_A_1@550B,humans_shirts_room_occ_1_A_1,550,backward,551,0,551,1,439,1,387,0,551
humans_shirts_room_occ_1_A_1@600B,humans_shirts_room_occ_1_A_1,600,backward,601,0,601,1,489,1,445,0,601
humans_shirts_room_occ_1_A_1@650B,humans_shirts_room_occ_1_A_1,650,backward,651,0,651,0,651,1,429,0,651
humans_shirts_room_occ_1_A_1@700B,humans_shirts_room_occ_1_A_1,700,backward,701,0,701,1,600,1,450,0,701
humans_shirts_room_occ_1_A_1@750B,humans_shirts_room_occ_1_A_1,750,backward,751,0,751,0,751,1,140,0,751
humans_shirts_room_occ_1_A_1@767B,humans_shirts_room_occ_1_A_1,767,backward,768,0,768,1,125,1,92,0,768
humans_shirts_room_occ_1_A_2@0F,humans_shirts_room_occ_1_A_2,0,forward,602,1,336,1,337,1,315,1,336
humans_shirts_room_occ_1_A_2@100F,humans_shirts_room_occ_1_A_2,100,forward,502,1,404,1,403,1,247,1,404
humans_shirts_room_occ_1_A_2@150F,humans_shirts_room_occ_1_A_2,150,forward,452,1,352,1,246,1,187,1,354
humans_shirts_room_occ_1_A_2@200F,humans_shirts_room_occ_1_A_2,200,forward,402,0,402,0,402,1,319,0,402
humans_shirts_room_occ_1_A_2@250F,humans_shirts_room_occ_1_A_2,250,forward,352,0,352,0,352,0,352,0,352
humans_shirts_room_occ_1_A_2@300F,humans_shirts_room_occ_1_A_2,300,forward,302,0,302,0,302,0,302,0,302
humans_shirts_room_occ_1_A_2@350B,humans_shirts_room_occ_1_A_2,350,backward,351,0,351,1,196,1,196,0,351
humans_shirts_room_occ_1_A_2@400B,humans_shirts_room_occ_1_A_2,400,backward,401,0,401,1,247,1,215,0,401
humans_shirts_room_occ_1_A_2@450B,humans_shirts_room_occ_1_A_2,450,backward,451,0,451,0,451,0,451,0,451
humans_shirts_room_occ_1_A_2@500B,humans_shirts_room_occ_1_A_2,500,backward,501,0,501,0,501,1,316,0,501
humans_shirts_room_occ_1_A_2@50F,humans_shirts_room_occ_1_A_2,50,forward,552,1,460,1,346,1,243,1,454
humans_shirts_room_occ_1_A_2@550B,humans_shirts_room_occ_1_A_2,550,backward,551,1,369,1,288,1,262,1,366
humans_shirts_room_occ_1_A_2@564B,humans_shirts_room_occ_1_A_2,564,backward,565,1,387,1,310,1,275,1,387
humans_shirts_room_occ_1_B_1@0F,humans_shirts_room_occ_1_B_1,0,forward,511,0,511,1,454,1,234,0,511
humans_shirts_room_occ_1_B_1@100F,humans_shirts_room_occ_1_B_1,100,forward,411,0,411,1,189,0,411,0,411
humans_shirts_room_occ_1_B_1@150F,humans_shirts_room_occ_1_B_1,150,forward,361,0,361,0,361,0,361,0,361
humans_shirts_room_occ_1_B_1@200F,humans_shirts_room_occ_1_B_1,200,forward,311,0,311,0,311,0,311,0,311
humans_shirts_room_occ_1_B_1@250F,humans_shirts_room_occ_1_B_1,250,forward,261,0,261,0,261,0,261,0,261
humans_shirts_room_occ_1_B_1@300B,humans_shirts_room_occ_1_B_1,300,backward,301,0,301,0,301,0,301,0,301
humans_shirts_room_occ_1_B_1@350B,humans_shirts_room_occ_1_B_1,350,backward,351,0,351,0,351,1,341,0,351
humans_shirts_room_occ_1_B_1@400B,humans_shirts_room_occ_1_B_1,400,backward,401,0,401,0,401,0,401,0,401
humans_shirts_room_occ_1_B_1@450B,humans_shirts_room_occ_1_B_1,450,backward,451,0,451,0,451,1,369,0,451
humans_shirts_room_occ_1_B_1@500B,humans_shirts_room_occ_1_B_1,500,backward,501,0,501,0,501,1,480,0,501
humans_shirts_room_occ_1_B_1@50F,humans_shirts_room_occ_1_B_1,50,forward,461,0,461,0,461,1,185,0,461
humans_shirts_room_occ_1_B_1@510B,humans_shirts_room_occ_1_B_1,510,backward,511,0,511,0,511,1,350,0,511
humans_shirts_room_occ_1_B_2@0F,humans_shirts_room_occ_1_B_2,0,forward,489,0,489,1,360,1,150,0,489
humans_shirts_room_occ_1_B_2@100F,humans_shirts_room_occ_1_B_2,100,forward,389,0,389,0,389,1,346,0,389
humans_shirts_room_occ_1_B_2@150F,humans_shirts_room_occ_1_B_2,150,forward,339,0,339,0,339,0,339,0,339
humans_shirts_room_occ_1_B_2@200F,humans_shirts_room_occ_1_B_2,200,forward,289,0,289,0,289,0,289,0,289
humans_shirts_room_occ_1_B_2@250B,humans_shirts_room_occ_1_B_2,250,backward,251,0,251,0,251,1,234,0,251
humans_shirts_room_occ_1_B_2@300B,humans_shirts_room_occ_1_B_2,300,backward,301,0,301,0,301,0,301,0,301
humans_shirts_room_occ_1_B_2@350B,humans_shirts_room_occ_1_B_2,350,backward,351,0,351,0,351,1,334,0,351
humans_shirts_room_occ_1_B_2@400B,humans_shirts_room_occ_1_B_2,400,backward,401,0,401,0,401,1,226,0,401
humans_shirts_room_occ_1_B_2@450B,humans_shirts_room_occ_1_B_2,450,backward,451,0,451,1,405,1,276,0,451
humans_shirts_room_occ_1_B_2@482B,humans_shirts_room_occ_1_B_2,482,backward,483,0,483,1,348,1,308,1,450
humans_shirts_room_occ_1_B_2@50F,humans_shirts_room_occ_1_B_2,50,forward,439,0,439,0,439,0,439,0,439
jug_1@0F,jug_1,0,forward,243,0,243,0,243,0,243,0,243
jug_1@100F,jug_1,100,forward,143,0,143,0,143,0,143,0,143
jug_1@150B,jug_1,150,backward,151,0,151,0,151,0,151,0,151
jug_1@200B,jug_1,200,backward,201,0,201,0,201,0,201,0,201
jug_1@238B,jug_1,238,backward,239,0,239,0,239,0,239,0,239
jug_1@50F,jug_1,50,forward,193,0,193,0,193,0,193,0,193
lamp02_indoor_1@0F,lamp02_indoor_1,0,forward,970,0,970,0,970,0,970,0,970
lamp02_indoor_1@100F,lamp02_indoor_1,100,forward,870,0,870,0,870,0,870,0,870
lamp02_indoor_1@150F,lamp02_indoor_1,150,forward,820,0,820,1,247,0,820,0,820
lamp02_indoor_1@200F,lamp02_indoor_1,200,forward,770,0,770,0,770,0,770,0,770
lamp02_indoor_1@250F,lamp02_indoor_1,250,forward,720,0,720,0,720,0,720,0,720
lamp02_indoor_1@300F,lamp02_indoor_1,300,forward,670,0,670,0,670,0,670,0,670
lamp02_indoor_1@350F,lamp02_indoor_1,350,forward,620,0,620,0,620,0,620,0,620
lamp02_indoor_1@400F,lamp02_indoor_1,400,forward,570,0,570,0,570,0,570,0,570
lamp02_indoor_1@450F,lamp02_indoor_1,450,forward,520,0,520,0,520,0,520,0,520
lamp02_indoor_1@500B,lamp02_indoor_1,500,backward,501,0,501,1,100,0,501,0,501
lamp02_indoor_1@50F,lamp02_indoor_1,50,forward,920,0,920,1,347,0,920,1,347
lamp02_indoor_1@550B,lamp02_indoor_1,550,backward,551,0,551,0,551,0,551,0,551
lamp02_indoor_1@600B,lamp02_indoor_1,600,backward,601,0,601,0,601,0,601,0,601
lamp02_indoor_1@650B,lamp02_indoor_1,650,backward,651,0,651,0,651,0,651,0,651
lamp02_indoor_1@700B,lamp02_indoor_1,700,backward,701,0,701,0,701,0,701,0,701
lamp02_indoor_1@750B,lamp02_indoor_1,750,backward,751,0,751,0,751,0,751,0,751
lamp02_indoor_1@800B,lamp02_indoor_1,800,backward,801,0,801,0,801,0,801,0,801
lamp02_indoor_1@850B,lamp02_indoor_1,850,backward,851,0,851,0,851,0,851,0,851
lamp02_indoor_1@900B,lamp02_indoor_1,900,backward,901,0,901,0,901,0,901,0,901
lamp02_indoor_1@950B,lamp02_indoor_1,950,backward,951,0,951,0,951,0,951,0,951
lamp02_indoor_1@969B,lamp02_indoor_1,969,backward,970,0,970,0,970,0,970,0,970
mobilephone03_indoor_2@0F,mobilephone03_indoor_2,0,forward,414,0,414,0,414,0,414,0,414
mobilephone03_indoor_2@100F,mobilephone03_indoor_2,100,forward,314,0,314,0,314,0,314,0,314
mobilephone03_indoor_2@150F,mobilephone03_indoor_2,150,forward,264,0,264,0,264,0,264,0,264
mobilephone03_indoor_2@200F,mobilephone03_indoor_2,200,forward,214,0,214,0,214,0,214,0,214
mobilephone03_indoor_2@250B,mobilephone03_indoor_2,250,backward,251,0,251,0,251,0,251,0,251
mobilephone03_indoor_2@300B,mobilephone03_indoor_2,300,backward,301,0,301,0,301,0,301,0,301
mobilephone03_indoor_2@350B,mobilephone03_indoor_2,350,backward,351,0,351,0,351,0,351,0,351
mobilephone03_indoor_2@400B,mobilephone03_indoor_2,400,backward,401,0,401,0,401,0,401,0,401
mobilephone03_indoor_2@413B,mobilephone03_indoor_2,413,backward,414,0,414,0,414,0,414,0,414
mobilephone03_indoor_2@50F,mobilephone03_indoor_2,50,forward,364,0,364,0,364,0,364,0,364
mug_ankara_1@0F,mug_ankara_1,0,forward,272,0,272,0,272,0,272,0,272
mug_ankara_1@100F,mug_ankara_1,100,forward,172,0,172,0,172,0,172,0,172
mug_ankara_1@150B,mug_ankara_1,150,backward,151,0,151,0,151,0,151,0,151
mug_ankara_1@200B,mug_ankara_1,200,backward,201,0,201,0,201,0,201,0,201
mug_ankara_1@250B,mug_ankara_1,250,backward,251,0,251,0,251,0,251,0,251
mug_ankara_1@269B,mug_ankara_1,269,backward,270,0,270,0,270,0,270,0,270
mug_ankara_1@50F,mug_ankara_1,50,forward,222,0,222,0,222,0,222,0,222
mug_gs_1@0F,mug_gs_1,0,forward,422,0,422,0,422,0,422,0,422
mug_gs_1@100F,mug_gs_1,100,forward,322,0,322,0,322,0,322,0,322
mug_gs_1@150F,mug_gs_1,150,forward,272,0,272,0,272,0,272,0,272
mug_gs_1@200F,mug_gs_1,200,forward,222,0,222,0,222,0,222,0,222
mug_gs_1@250B,mug_gs_1,250,backward,251,0,251,0,251,0,251,0,251
mug_gs_1@300B,mug_gs_1,300,backward,301,0,301,0,301,0,301,0,301
mug_gs_1@340B,mug_gs_1,340,backward,341,0,341,0,341,0,341,0,341
mug_gs_1@392B,mug_gs_1,392,backward,393,0,393,0,393,0,393,0,393
mug_gs_1@421B,mug_gs_1,421,backward,422,0,422,0,422,0,422,0,422
mug_gs_1@50F,mug_gs_1,50,forward,372,0,372,0,372,0,372,0,372
notebook01_indoor_1@0F,notebook01_indoor_1,0,forward,716,1,625,1,689,1,167,0,716
notebook01_indoor_1@100F,notebook01_indoor_1,100,forward,616,0,616,0,616,1,519,0,616
notebook01_indoor_1@150F,notebook01_indoor_1,150,forward,566,0,566,0,566,1,469,0,566
notebook01_indoor_1@200F,notebook01_indoor_1,200,forward,516,0,516,0,516,1,419,0,516
notebook01_indoor_1@250F,notebook01_indoor_1,250,forward,466,1,440,1,421,1,369,0,466
notebook01_indoor_1@300F,notebook01_indoor_1,300,forward,416,0,416,0,416,1,319,1,319
notebook01_indoor_1@350F,notebook01_indoor_1,350,forward,366,0,366,0,366,1,269,0,366
notebook01_indoor_1@400B,notebook01_indoor_1,400,backward,401,0,401,0,401,0,401,0,401
notebook01_indoor_1@450B,notebook01_indoor_1,450,backward,451,0,451,0,451,0,451,0,451
notebook01_indoor_1@500B,notebook01_indoor_1,500,backward,501,0,501,0,501,0,501,0,501
notebook01_indoor_1@50F,notebook01_indoor_1,50,forward,666,0,666,0,666,1,569,0,666
notebook01_indoor_1@557B,notebook01_indoor_1,557,backward,558,0,558,0,558,0,558,0,558
notebook01_indoor_1@600B,notebook01_indoor_1,600,backward,601,0,601,0,601,0,601,0,601
notebook01_indoor_1@650B,notebook01_indoor_1,650,backward,651,0,651,0,651,0,651,0,651
notebook01_indoor_1@700B,notebook01_indoor_1,700,backward,701,1,7,1,7,1,7,1,7
notebook01_indoor_1@708B,notebook01_indoor_1,708,backward,709,0,709,1,18,1,89,1,15
paperpunch_3@0F,paperpunch_3,0,forward,163,0,163,0,163,0,163,0,163
paperpunch_3@104B,paperpunch_3,104,backward,105,0,105,0,105,0,105,0,105
paperpunch_3@150B,paperpunch_3,150,backward,151,0,151,0,151,0,151,0,151
paperpunch_3@162B,paperpunch_3,162,backward,163,0,163,0,163,0,163,0,163
paperpunch_3@50F,paperpunch_3,50,forward,113,0,113,0,113,0,113,0,113
person_outside_1@0F,person_outside_1,0,forward,805,0,805,0,805,0,805,0,805
person_outside_1@100F,person_outside_1,100,forward,705,0,705,0,705,0,705,0,705
person_outside_1@150F,person_outside_1,150,forward,655,0,655,0,655,1,420,0,655
person_outside_1@200F,person_outside_1,200,forward,605,0,605,0,605,1,354,0,605
person_outside_1@250F,person_outside_1,250,forward,555,0,555,0,555,1,302,0,555
person_outside_1@300F,person_outside_1,300,forward,505,0,505,0,505,1,248,0,505
person_outside_1@350F,person_outside_1,350,forward,455,0,455,0,455,0,455,0,455
person_outside_1@400F,person_outside_1,400,forward,405,0,405,0,405,0,405,0,405
person_outside_1@450B,person_outside_1,450,backward,451,0,451,0,451,0,451,0,451
person_outside_1@500B,person_outside_1,500,backward,501,0,501,0,501,0,501,0,501
person_outside_1@50F,person_outside_1,50,forward,755,0,755,0,755,0,755,0,755
person_outside_1@550B,person_outside_1,550,backward,551,0,551,0,551,0,551,0,551
person_outside_1@600B,person_outside_1,600,backward,601,0,601,0,601,0,601,0,601
person_outside_1@650B,person_outside_1,650,backward,651,0,651,0,651,0,651,0,651
person_outside_1@700B,person_outside_1,700,backward,701,0,701,0,701,0,701,0,701
person_outside_1@750B,person_outside_1,750,backward,751,0,751,0,751,0,751,0,751
person_outside_1@800B,person_outside_1,800,backward,801,0,801,0,801,0,801,0,801
pigeon01_wild_1@0F,pigeon01_wild_1,0,forward,663,0,663,0,663,0,663,0,663
pigeon01_wild_1@100F,pigeon01_wild_1,100,forward,563,0,563,0,563,0,563,0,563
pigeon01_wild_1@150F,pigeon01_wild_1,150,forward,513,0,513,0,513,0,513,0,513
pigeon01_wild_1@200F,pigeon01_wild_1,200,forward,463,0,463,0,463,0,463,0,463
pigeon01_wild_1@250F,pigeon01_wild_1,250,forward,413,0,413,0,413,0,413,0,413
pigeon01_wild_1@300F,pigeon01_wild_1,300,forward,363,0,363,0,363,0,363,0,363
pigeon01_wild_1@350B,pigeon01_wild_1,350,backward,351,0,351,0,351,0,351,0,351
pigeon01_wild_1@400B,pigeon01_wild_1,400,backward,401,0,401,0,401,0,401,0,401
pigeon01_wild_1@450B,pigeon01_wild_1,450,backward,451,0,451,0,451,0,451,0,451
pigeon01_wild_1@500B,pigeon01_wild_1,500,backward,501,0,501,0,501,0,501,0,501
pigeon01_wild_1@50F,pigeon01_wild_1,50,forward,613,0,613,0,613,0,613,0,613
pigeon01_wild_1@550B,pigeon01_wild_1,550,backward,551,0,551,0,551,0,551,0,551
pigeon01_wild_1@600B,pigeon01_wild_1,600,backward,601,0,601,1,518,0,601,0,601
pigeon01_wild_1@650B,pigeon01_wild_1,650,backward,651,0,651,0,651,0,651,0,651
pigeon01_wild_1@662B,pigeon01_wild_1,662,backward,663,0,663,1,580,0,663,0,663
pigeon02_wild_1@0F,pigeon02_wild_1,0,forward,296,0,296,1,70,0,296,1,69
pigeon02_wild_1@100F,pigeon02_wild_1,100,forward,196,0,196,0,196,0,196,0,196
pigeon02_wild_1@150B,pigeon02_wild_1,150,backward,151,0,151,0,151,0,151,0,151
pigeon02_wild_1@200B,pigeon02_wild_1,200,backward,201,0,201,0,201,0,201,0,201
pigeon02_wild_1@250B,pigeon02_wild_1,250,backward,251,0,251,0,251,0,251,0,251
pigeon02_wild_1@295B,pigeon02_wild_1,295,backward,296,0,296,0,296,1,223,0,296
pigeon02_wild_1@50F,pigeon02_wild_1,50,forward,246,0,246,0,246,0,246,0,246
pigeon04_wild_1@0F,pigeon04_wild_1,0,forward,100,0,100,0,100,0,100,0,100
pigeon04_wild_1@50F,pigeon04_wild_1,50,forward,50,0,50,0,50,0,50,0,50
pigeon04_wild_1@97B,pigeon04_wild_1,97,backward,98,0,98,0,98,0,98,0,98
pot_indoor_1@0F,pot_indoor_1,0,forward,31,0,31,0,31,0,31,0,31
pot_indoor_1@30B,pot_indoor_1,30,backward,31,0,31,0,31,0,31,0,31
pot_indoor_2@0F,pot_indoor_2,0,forward,90,0,90,0,90,0,90,0,90
pot_indoor_2@50B,pot_indoor_2,50,backward,51,0,51,0,51,0,51,0,51
pot_indoor_2@89B,pot_indoor_2,89,backward,90,0,90,0,90,0,90,0,90
pot_indoor_3@0F,pot_indoor_3,0,forward,175,0,175,0,175,0,175,0,175
pot_indoor_3@100B,pot_indoor_3,100,backward,101,0,101,0,101,0,101,0,101
pot_indoor_3@150B,pot_indoor_3,150,backward,151,0,151,0,151,0,151,0,151
pot_indoor_3@174B,pot_indoor_3,174,backward,175,0,175,0,175,0,175,0,175
pot_indoor_3@50F,pot_indoor_3,50,forward,125,0,125,0,125,0,125,0,125
robot_corridor_occ_1_1@0F,robot_corridor_occ_1_1,0,forward,432,0,432,0,432,0,432,0,432
robot_corridor_occ_1_1@100F,robot_corridor_occ_1_1,100,forward,332,0,332,0,332,0,332,0,332
robot_corridor_occ_1_1@150F,robot_corridor_occ_1_1,150,forward,282,0,282,0,282,0,282,0,282
robot_corridor_occ_1_1@200F,robot_corridor_occ_1_1,200,forward,232,0,232,0,232,0,232,0,232
robot_corridor_occ_1_1@250B,robot_corridor_occ_1_1,250,backward,251,0,251,0,251,0,251,0,251
robot_corridor_occ_1_1@300B,robot_corridor_occ_1_1,300,backward,301,0,301,0,301,0,301,0,301
robot_corridor_occ_1_1@350B,robot_corridor_occ_1_1,350,backward,351,0,351,0,351,0,351,0,351
robot_corridor_occ_1_1@379B,robot_corridor_occ_1_1,379,backward,380,0,380,0,380,0,380,0,380
robot_corridor_occ_1_1@50F,robot_corridor_occ_1_1,50,forward,382,0,382,0,382,0,382,0,382
robot_human_corridor_noocc_1_B_1@0F,robot_human_corridor_noocc_1_B_1,0,forward,897,0,897,0,897,0,897,0,897
robot_human_corridor_noocc_1_B_1@100F,robot_human_corridor_noocc_1_B_1,100,forward,797,0,797,0,797,0,797,0,797
robot_human_corridor_noocc_1_B_1@150F,robot_human_corridor_noocc_1_B_1,150,forward,747,0,747,0,747,0,747,0,747
robot_human_corridor_noocc_1_B_1@200F,robot_human_corridor_noocc_1_B_1,200,forward,697,0,697,0,697,0,697,0,697
robot_human_corridor_noocc_1_B_1@250F,robot_human_corridor_noocc_1_B_1,250,forward,647,0,647,0,647,0,647,0,647
robot_human_corridor_noocc_1_B_1@300F,robot_human_corridor_noocc_1_B_1,300,forward,597,0,597,1,305,1,303,0,597
robot_human_corridor_noocc_1_B_1@350F,robot_human_corridor_noocc_1_B_1,350,forward,547,0,547,1,256,1,253,0,547
robot_human_corridor_noocc_1_B_1@400F,robot_human_corridor_noocc_1_B_1,400,forward,497,0,497,1,217,1,208,1,214
robot_human_corridor_noocc_1_B_1@450B,robot_human_corridor_noocc_1_B_1,450,backward,451,0,451,0,451,0,451,0,451
robot_human_corridor_noocc_1_B_1@500B,robot_human_corridor_noocc_1_B_1,500,backward,501,0,501,0,501,0,501,0,501
robot_human_corridor_noocc_1_B_1@50F,robot_human_corridor_noocc_1_B_1,50,forward,847,0,847,0,847,0,847,0,847
robot_human_corridor_noocc_1_B_1@550B,robot_human_corridor_noocc_1_B_1,550,backward,551,0,551,0,551,0,551,0,551
robot_human_corridor_noocc_1_B_1@600B,robot_human_corridor_noocc_1_B_1,600,backward,601,0,601,0,601,0,601,0,601
robot_human_corridor_noocc_1_B_1@650B,robot_human_corridor_noocc_1_B_1,650,backward,651,0,651,0,651,0,651,0,651
robot_human_corridor_noocc_1_B_1@700B,robot_human_corridor_noocc_1_B_1,700,backward,701,0,701,1,81,1,42,1,92
robot_human_corridor_noocc_1_B_1@750B,robot_human_corridor_noocc_1_B_1,750,backward,751,0,751,0,751,1,92,0,751
robot_human_corridor_noocc_1_B_1@800B,robot_human_corridor_noocc_1_B_1,800,backward,801,0,801,1,183,1,142,0,801
robot_human_corridor_noocc_1_B_1@850B,robot_human_corridor_noocc_1_B_1,850,backward,851,0,851,1,246,1,191,0,851
robot_human_corridor_noocc_1_B_1@896B,robot_human_corridor_noocc_1_B_1,896,backward,897,0,897,1,288,1,238,0,897
robot_lab_occ_1@0F,robot_lab_occ_1,0,forward,1013,0,1013,0,1013,1,466,0,1013
robot_lab_occ_1@1006B,robot_lab_occ_1,1006,backward,1007,0,1007,0,1007,0,1007,0,1007
robot_lab_occ_1@100F,robot_lab_occ_1,100,forward,913,0,913,0,913,0,913,0,913
robot_lab_occ_1@150F,robot_lab_occ_1,150,forward,863,0,863,0,863,0,863,0,863
robot_lab_occ_1@200F,robot_lab_occ_1,200,forward,813,0,813,0,813,0,813,0,813
robot_lab_occ_1@250F,robot_lab_occ_1,250,forward,763,0,763,0,763,0,763,0,763
robot_lab_occ_1@300F,robot_lab_occ_1,300,forward,713,0,713,0,713,0,713,0,713
robot_lab_occ_1@350F,robot_lab_occ_1,350,forward,663,0,663,0,663,0,663,0,663
robot_lab_occ_1@400F,robot_lab_occ_1,400,forward,613,0,613,0,613,0,613,0,613
robot_lab_occ_1@450F,robot_lab_occ_1,450,forward,563,0,563,0,563,0,563,0,563
robot_lab_occ_1@500F,robot_lab_occ_1,500,forward,513,0,513,0,513,0,513,0,513
robot_lab_occ_1@50F,robot_lab_occ_1,50,forward,963,0,963,0,963,0,963,0,963
robot_lab_occ_1@550B,robot_lab_occ_1,550,backward,551,0,551,0,551,0,551,0,551
robot_lab_occ_1@600B,robot_lab_occ_1,600,backward,601,0,601,0,601,0,601,0,601
robot_lab_occ_1@650B,robot_lab_occ_1,650,backward,651,0,651,0,651,0,651,0,651
robot_lab_occ_1@700B,robot_lab_occ_1,700,backward,701,0,701,0,701,0,701,0,701
robot_lab_occ_1@750B,robot_lab_occ_1,750,backward,751,0,751,0,751,0,751,0,751
robot_lab_occ_1@800B,robot_lab_occ_1,800,backward,801,0,801,0,801,0,801,0,801
robot_lab_occ_1@850B,robot_lab_occ_1,850,backward,851,0,851,0,851,0,851,0,851
robot_lab_occ_1@900B,robot_lab_occ_1,900,backward,901,0,901,0,901,0,901,0,901
robot_lab_occ_1@950B,robot_lab_occ_1,950,backward,951,0,951,0,951,0,951,0,951
roller_indoor_1@0F,roller_indoor_1,0,forward,164,0,164,0,164,0,164,0,164
roller_indoor_1@100B,roller_indoor_1,100,backward,101,0,101,0,101,0,101,0,101
roller_indoor_1@150B,roller_indoor_1,150,backward,151,0,151,0,151,0,151,0,151
roller_indoor_1@162B,roller_indoor_1,162,backward,163,0,163,0,163,0,163,0,163
roller_indoor_1@50F,roller_indoor_1,50,forward,114,0,114,0,114,0,114,0,114
roller_indoor_2@0F,roller_indoor_2,0,forward,102,0,102,0,102,0,102,0,102
roller_indoor_2@101B,roller_indoor_2,101,backward,102,0,102,0,102,0,102,1,51
roller_indoor_2@50F,roller_indoor_2,50,forward,52,0,52,0,52,0,52,0,52
roller_indoor_4@0F,roller_indoor_4,0,forward,109,0,109,0,109,0,109,0,109
roller_indoor_4@108B,roller_indoor_4,108,backward,109,0,109,0,109,0,109,0,109
roller_indoor_4@50F,roller_indoor_4,50,forward,59,0,59,0,59,0,59,0,59
shoes02_indoor_1@0F,shoes02_indoor_1,0,forward,614,1,57,1,57,1,57,1,57
shoes02_indoor_1@100F,shoes02_indoor_1,100,forward,514,1,62,1,59,1,106,1,58
shoes02_indoor_1@150F,shoes02_indoor_1,150,forward,464,1,58,1,12,1,56,1,58
shoes02_indoor_1@200F,shoes02_indoor_1,200,forward,414,1,8,1,8,1,7,1,8
shoes02_indoor_1@250F,shoes02_indoor_1,250,forward,364,1,4,1,4,1,4,1,4
shoes02_indoor_1@300F,shoes02_indoor_1,300,forward,314,0,314,0,314,0,314,0,314
shoes02_indoor_1@350B,shoes02_indoor_1,350,backward,351,1,94,1,94,1,93,1,94
shoes02_indoor_1@400B,shoes02_indoor_1,400,backward,401,1,68,1,46,1,84,1,72
shoes02_indoor_1@450B,shoes02_indoor_1,450,backward,451,1,126,1,95,1,93,1,120
shoes02_indoor_1@500B,shoes02_indoor_1,500,backward,501,1,224,1,144,1,182,1,194
shoes02_indoor_1@50F,shoes02_indoor_1,50,forward,564,1,7,1,7,1,7,1,7
shoes02_indoor_1@550B,shoes02_indoor_1,550,backward,551,1,274,1,194,1,276,1,245
shoes02_indoor_1@613B,shoes02_indoor_1,613,backward,614,1,311,1,46,1,261,1,281
shoes02_indoor_2@0F,shoes02_indoor_2,0,forward,111,0,111,1,61,1,61,0,111
shoes02_indoor_2@100B,shoes02_indoor_2,100,backward,101,1,63,1,55,1,80,1,56
shoes02_indoor_2@110B,shoes02_indoor_2,110,backward,111,1,73,1,65,1,74,1,73
shoes02_indoor_2@50F,shoes02_indoor_2,50,forward,61,0,61,0,61,0,61,0,61
squirrel_wild_1@0F,squirrel_wild_1,0,forward,368,0,368,0,368,0,368,0,368
squirrel_wild_1@100F,squirrel_wild_1,100,forward,268,0,268,0,268,0,268,0,268
squirrel_wild_1@150F,squirrel_wild_1,150,forward,218,0,218,0,218,0,218,0,218
squirrel_wild_1@200B,squirrel_wild_1,200,backward,201,0,201,0,201,0,201,0,201
squirrel_wild_1@250B,squirrel_wild_1,250,backward,251,0,251,0,251,0,251,0,251
squirrel_wild_1@300B,squirrel_wild_1,300,backward,301,0,301,0,301,0,301,0,301
squirrel_wild_1@350B,squirrel_wild_1,350,backward,351,0,351,0,351,0,351,0,351
squirrel_wild_1@362B,squirrel_wild_1,362,backward,363,0,363,0,363,0,363,0,363
squirrel_wild_1@50F,squirrel_wild_1,50,forward,318,0,318,0,318,0,318,0,318
squirrel_wild_2@0F,squirrel_wild_2,0,forward,330,0,330,0,330,0,330,0,330
squirrel_wild_2@100F,squirrel_wild_2,100,forward,230,0,230,0,230,0,230,0,230
squirrel_wild_2@150F,squirrel_wild_2,150,forward,180,0,180,0,180,0,180,0,180
squirrel_wild_2@200B,squirrel_wild_2,200,backward,201,0,201,0,201,0,201,0,201
squirrel_wild_2@250B,squirrel_wild_2,250,backward,251,0,251,0,251,0,251,0,251
squirrel_wild_2@300B,squirrel_wild_2,300,backward,301,0,301,0,301,0,301,0,301
squirrel_wild_2@329B,squirrel_wild_2,329,backward,330,0,330,0,330,0,330,0,330
squirrel_wild_2@44F,squirrel_wild_2,44,forward,286,0,286,0,286,0,286,0,286
squirrel_wild_3@0F,squirrel_wild_3,0,forward,136,0,136,0,136,0,136,0,136
squirrel_wild_3@135B,squirrel_wild_3,135,backward,136,0,136,0,136,0,136,0,136
squirrel_wild_3@50F,squirrel_wild_3,50,forward,86,0,86,0,86,0,86,0,86
squirrel_wild_3@95B,squirrel_wild_3,95,backward,96,0,96,0,96,0,96,0,96
stick_indoor_1@0F,stick_indoor_1,0,forward,881,0,881,1,409,1,350,0,881
stick_indoor_1@100F,stick_indoor_1,100,forward,781,1,247,1,247,1,247,1,247
stick_indoor_1@150F,stick_indoor_1,150,forward,731,1,197,1,197,1,197,1,197
stick_indoor_1@200F,stick_indoor_1,200,forward,681,1,147,1,147,1,147,1,147
stick_indoor_1@250F,stick_indoor_1,250,forward,631,1,165,0,631,1,95,1,159
stick_indoor_1@300F,stick_indoor_1,300,forward,581,1,109,1,108,1,47,1,109
stick_indoor_1@350F,stick_indoor_1,350,forward,531,0,531,1,60,1,62,1,59
stick_indoor_1@400F,stick_indoor_1,400,forward,481,0,481,0,481,0,481,0,481
stick_indoor_1@450B,stick_indoor_1,450,backward,451,0,451,0,451,0,451,0,451
stick_indoor_1@500B,stick_indoor_1,500,backward,501,0,501,0,501,1,131,0,501
stick_indoor_1@50F,stick_indoor_1,50,forward,831,1,361,1,296,1,297,1,297
stick_indoor_1@550B,stick_indoor_1,550,backward,551,0,551,0,551,1,179,0,551
stick_indoor_1@600B,stick_indoor_1,600,backward,601,0,601,1,118,1,135,1,168
stick_indoor_1@650B,stick_indoor_1,650,backward,651,0,651,1,178,1,83,0,651
stick_indoor_1@700B,stick_indoor_1,700,backward,701,0,701,1,227,1,168,0,701
stick_indoor_1@750B,stick_indoor_1,750,backward,751,0,751,1,264,1,120,1,111
stick_indoor_1@800B,stick_indoor_1,800,backward,801,0,801,1,315,1,427,0,801
stick_indoor_1@850B,stick_indoor_1,850,backward,851,0,851,1,287,1,373,0,851
stick_indoor_1@880B,stick_indoor_1,880,backward,881,1,405,1,316,1,301,1,306
teapot_1@0F,teapot_1,0,forward,285,0,285,0,285,0,285,0,285
teapot_1@100F,teapot_1,100,forward,185,0,185,0,185,0,185,0,185
teapot_1@150B,teapot_1,150,backward,151,0,151,0,151,0,151,0,151
teapot_1@200B,teapot_1,200,backward,201,0,201,0,201,0,201,0,201
teapot_1@250B,teapot_1,250,backward,251,0,251,0,251,0,251,0,251
teapot_1@284B,teapot_1,284,backward,285,0,285,0,285,0,285,0,285
teapot_1@50F,teapot_1,50,forward,235,0,235,0,235,0,235,0,235
toiletpaper01_indoor_1@0F,toiletpaper01_indoor_1,0,forward,198,0,198,0,198,0,198,0,198
toiletpaper01_indoor_1@100B,toiletpaper01_indoor_1,100,backward,101,0,101,1,74,0,101,0,101
toiletpaper01_indoor_1@150B,toiletpaper01_indoor_1,150,backward,151,0,151,0,151,0,151,0,151
toiletpaper01_indoor_1@197B,toiletpaper01_indoor_1,197,backward,198,0,198,0,198,0,198,0,198
toiletpaper01_indoor_1@50F,toiletpaper01_indoor_1,50,forward,148,0,148,0,148,0,148,0,148
toiletpaper01_indoor_2@0F,toiletpaper01_indoor_2,0,forward,1191,0,1191,0,1191,0,1191,0,1191
toiletpaper01_indoor_2@1000B,toiletpaper01_indoor_2,1000,backward,1001,0,1001,0,1001,0,1001,0,1001
toiletpaper01_indoor_2@100F,toiletpaper01_indoor_2,100,forward,1091,0,1091,0,1091,0,1091,0,1091
toiletpaper01_indoor_2@1050B,toiletpaper01_indoor_2,1050,backward,1051,0,1051,0,1051,0,1051,1,641
toiletpaper01_indoor_2@1100B,toiletpaper01_indoor_2,1100,backward,1101,0,1101,0,1101,0,1101,0,1101
toiletpaper01_indoor_2@1154B,toiletpaper01_indoor_2,1154,backward,1155,0,1155,0,1155,0,1155,0,1155
toiletpaper01_indoor_2@1190B,toiletpaper01_indoor_2,1190,backward,1191,0,1191,0,1191,0,1191,0,1191
toiletpaper01_indoor_2@150F,toiletpaper01_indoor_2,150,forward,1041,0,1041,0,1041,0,1041,0,1041
toiletpaper01_indoor_2@200F,toiletpaper01_indoor_2,200,forward,991,0,991,0,991,0,991,0,991
toiletpaper01_indoor_2@250F,toiletpaper01_indoor_2,250,forward,941,0,941,0,941,0,941,0,941
toiletpaper01_indoor_2@300F,toiletpaper01_indoor_2,300,forward,891,0,891,0,891,0,891,0,891
toiletpaper01_indoor_2@350F,toiletpaper01_indoor_2,350,forward,841,0,841,0,841,0,841,0,841
toiletpaper01_indoor_2@400F,toiletpaper01_indoor_2,400,forward,791,0,791,0,791,0,791,0,791
toiletpaper01_indoor_2@450F,toiletpaper01_indoor_2,450,forward,741,0,741,0,741,0,741,0,741
toiletpaper01_indoor_2@500F,toiletpaper01_indoor_2,500,forward,691,0,691,0,691,0,691,0,691
toiletpaper01_indoor_2@50F,toiletpaper01_indoor_2,50,forward,1141,0,1141,0,1141,0,1141,0,1141
toiletpaper01_indoor_2@550F,toiletpaper01_indoor_2,550,forward,641,0,641,0,641,0,641,0,641
toiletpaper01_indoor_2@600B,toiletpaper01_indoor_2,600,backward,601,0,601,0,601,0,601,0,601
toiletpaper01_indoor_2@650B,toiletpaper01_indoor_2,650,backward,651,0,651,0,651,0,651,0,651
toiletpaper01_indoor_2@700B,toiletpaper01_indoor_2,700,backward,701,0,701,0,701,0,701,0,701
toiletpaper01_indoor_2@750B,toiletpaper01_indoor_2,750,backward,751,0,751,0,751,0,751,0,751
toiletpaper01_indoor_2@800B,toiletpaper01_indoor_2,800,backward,801,0,801,0,801,0,801,0,801
toiletpaper01_indoor_2@850B,toiletpaper01_indoor_2,850,backward,851,0,851,0,851,0,851,0,851
toiletpaper01_indoor_2@900B,toiletpaper01_indoor_2,900,backward,901,0,901,0,901,0,901,0,901
toiletpaper01_indoor_2@950B,toiletpaper01_indoor_2,950,backward,951,1,541,1,541,1,541,1,541
toy02_indoor_1@0F,toy02_indoor_1,0,forward,1135,0,1135,0,1135,0,1135,0,1135
toy02_indoor_1@1000B,toy02_indoor_1,1000,backward,1001,0,1001,0,1001,0,1001,0,1001
toy02_indoor_1@100F,toy02_indoor_1,100,forward,1035,0,1035,0,1035,0,1035,0,1035
toy02_indoor_1@1058B,toy02_indoor_1,1058,backward,1059,0,1059,1,276,1,170,0,1059
toy02_indoor_1@1114B,toy02_indoor_1,1114,backward,1115,0,1115,0,1115,0,1115,0,1115
toy02_indoor_1@1134B,toy02_indoor_1,1134,backward,1135,0,1135,0,1135,0,1135,0,1135
toy02_indoor_1@150F,toy02_indoor_1,150,forward,985,0,985,0,985,0,985,0,985
toy02_indoor_1@200F,toy02_indoor_1,200,forward,935,0,935,0,935,0,935,0,935
toy02_indoor_1@258F,toy02_indoor_1,258,forward,877,0,877,0,877,0,877,0,877
toy02_indoor_1@300F,toy02_indoor_1,300,forward,835,0,835,0,835,0,835,1,482
toy02_indoor_1@350F,toy02_indoor_1,350,forward,785,0,785,1,180,1,185,0,785
toy02_indoor_1@400F,toy02_indoor_1,400,forward,735,0,735,0,735,0,735,0,735
toy02_indoor_1@450F,toy02_indoor_1,450,forward,685,0,685,0,685,0,685,0,685
toy02_indoor_1@500F,toy02_indoor_1,500,forward,635,0,635,0,635,0,635,0,635
toy02_indoor_1@50F,toy02_indoor_1,50,forward,1085,0,1085,0,1085,0,1085,0,1085
toy02_indoor_1@550F,toy02_indoor_1,550,forward,585,0,585,0,585,0,585,0,585
toy02_indoor_1@600B,toy02_indoor_1,600,backward,601,0,601,1,65,1,67,0,601
toy02_indoor_1@650B,toy02_indoor_1,650,backward,651,0,651,0,651,0,651,0,651
toy02_indoor_1@700B,toy02_indoor_1,700,backward,701,0,701,1,165,1,165,0,701
toy02_indoor_1@750B,toy02_indoor_1,750,backward,751,0,751,0,751,0,751,0,751
toy02_indoor_1@800B,toy02_indoor_1,800,backward,801,0,801,1,419,0,801,0,801
toy02_indoor_1@850B,toy02_indoor_1,850,backward,851,0,851,0,851,0,851,0,851
toy02_indoor_1@900B,toy02_indoor_1,900,backward,901,0,901,0,901,0,901,0,901
toy02_indoor_1@950B,toy02_indoor_1,950,backward,951,0,951,1,415,1,415,0,951
toy09_indoor_1@0F,toy09_indoor_1,0,forward,1339,1,1048,1,1048,1,1065,1,1048
toy09_indoor_1@1000B,toy09_indoor_1,1000,backward,1001,1,746,1,767,1,746,1,746
toy09_indoor_1@100F,toy09_indoor_1,100,forward,1239,1,130,1,948,1,952,1,129
toy09_indoor_1@1050B,toy09_indoor_1,1050,backward,1051,1,58,1,35,1,55,1,55
toy09_indoor_1@1100B,toy09_indoor_1,1100,backward,1101,1,85,1,85,1,100,1,77
toy09_indoor_1@1250B,toy09_indoor_1,1250,backward,1251,1,68,1,63,1,69,1,67
toy09_indoor_1@1300B,toy09_indoor_1,1300,backward,1301,1,118,1,113,1,118,1,118
toy09_indoor_1@1338B,toy09_indoor_1,1338,backward,1339,1,154,1,150,1,158,1,154
toy09_indoor_1@150F,toy09_indoor_1,150,forward,1189,1,80,1,898,1,971,1,79
toy09_indoor_1@200F,toy09_indoor_1,200,forward,1139,1,847,1,839,1,602,1,847
toy09_indoor_1@250F,toy09_indoor_1,250,forward,1089,1,798,1,798,1,806,1,797
toy09_indoor_1@300F,toy09_indoor_1,300,forward,1039,1,748,1,765,1,825,1,748
toy09_indoor_1@350F,toy09_indoor_1,350,forward,989,1,698,1,698,1,774,1,698
toy09_indoor_1@400F,toy09_indoor_1,400,forward,939,1,648,1,648,1,720,1,648
toy09_indoor_1@450F,toy09_indoor_1,450,forward,889,1,233,1,233,1,267,1,233
toy09_indoor_1@500F,toy09_indoor_1,500,forward,839,1,548,1,548,1,626,1,548
toy09_indoor_1@50F,toy09_indoor_1,50,forward,1289,1,180,1,998,1,1074,1,179
toy09_indoor_1@550F,toy09_indoor_1,550,forward,789,1,167,1,266,1,159,1,167
toy09_indoor_1@600F,toy09_indoor_1,600,forward,739,1,448,1,447,1,519,1,448
toy09_indoor_1@650F,toy09_indoor_1,650,forward,689,1,64,1,56,1,59,1,59
toy09_indoor_1@700B,toy09_indoor_1,700,backward,701,1,467,1,451,1,446,1,467
toy09_indoor_1@750B,toy09_indoor_1,750,backward,751,1,496,1,517,1,496,1,496
toy09_indoor_1@800B,toy09_indoor_1,800,backward,801,1,546,1,347,1,546,1,546
toy09_indoor_1@850B,toy09_indoor_1,850,backward,851,1,617,1,617,1,617,1,617
toy09_indoor_1@900B,toy09_indoor_1,900,backward,901,1,667,1,667,1,667,1,667
toy09_indoor_1@950B,toy09_indoor_1,950,backward,951,1,717,1,717,1,717,1,717
toy_office_noocc_1_1@0F,toy_office_noocc_1_1,0,forward,981,0,981,0,981,0,981,0,981
toy_office_noocc_1_1@100F,toy_office_noocc_1_1,100,forward,881,0,881,0,881,0,881,0,881
toy_office_noocc_1_1@150F,toy_office_noocc_1_1,150,forward,831,0,831,0,831,0,831,0,831
toy_office_noocc_1_1@200F,toy_office_noocc_1_1,200,forward,781,0,781,0,781,0,781,0,781
toy_office_noocc_1_1@250F,toy_office_noocc_1_1,250,forward,731,0,731,0,731,0,731,0,731
toy_office_noocc_1_1@300F,toy_office_noocc_1_1,300,forward,681,0,681,0,681,0,681,0,681
toy_office_noocc_1_1@350F,toy_office_noocc_1_1,350,forward,631,0,631,0,631,0,631,0,631
toy_office_noocc_1_1@400F,toy_office_noocc_1_1,400,forward,581,0,581,0,581,0,581,0,581
toy_office_noocc_1_1@450F,toy_office_noocc_1_1,450,forward,531,0,531,0,531,0,531,0,531
toy_office_noocc_1_1@500B,toy_office_noocc_1_1,500,backward,501,0,501,0,501,0,501,0,501
toy_office_noocc_1_1@50F,toy_office_noocc_1_1,50,forward,931,0,931,0,931,0,931,0,931
toy_office_noocc_1_1@550B,toy_office_noocc_1_1,550,backward,551,0,551,0,551,0,551,0,551
toy_office_noocc_1_1@600B,toy_office_noocc_1_1,600,backward,601,0,601,0,601,0,601,0,601
toy_office_noocc_1_1@650B,toy_office_noocc_1_1,650,backward,651,0,651,0,651,0,651,0,651
toy_office_noocc_1_1@700B,toy_office_noocc_1_1,700,backward,701,0,701,0,701,0,701,0,701
toy_office_noocc_1_1@750B,toy_office_noocc_1_1,750,backward,751,0,751,0,751,0,751,0,751
toy_office_noocc_1_1@800B,toy_office_noocc_1_1,800,backward,801,0,801,0,801,0,801,0,801
toy_office_noocc_1_1@850B,toy_office_noocc_1_1,850,backward,851,0,851,1,319,0,851,0,851
toy_office_noocc_1_1@900B,toy_office_noocc_1_1,900,backward,901,0,901,0,901,0,901,0,901
toy_office_noocc_1_1@950B,toy_office_noocc_1_1,950,backward,951,0,951,0,951,0,951,0,951
toy_office_noocc_1_1@980B,toy_office_noocc_1_1,980,backward,981,0,981,0,981,0,981,0,981
trashcan_room_occ_1_2@0F,trashcan_room_occ_1_2,0,forward,86,0,86,0,86,0,86,0,86
trashcan_room_occ_1_2@50B,trashcan_room_occ_1_2,50,backward,51,0,51,0,51,0,51,0,51
trashcan_room_occ_1_2@63B,trashcan_room_occ_1_2,63,backward,64,0,64,0,64,0,64,0,64
trashcans_room_occ_1_A_1@0F,trashcans_room_occ_1_A_1,0,forward,58,0,58,0,58,0,58,0,58
trashcans_room_occ_1_A_1@50B,trashcans_room_occ_1_A_1,50,backward,51,0,51,0,51,0,51,0,51
trashcans_room_occ_1_B_1@0F,trashcans_room_occ_1_B_1,0,forward,164,1,110,1,94,1,89,1,94
trashcans_room_occ_1_B_1@100B,trashcans_room_occ_1_B_1,100,backward,101,0,101,0,101,0,101,0,101
trashcans_room_occ_1_B_1@150B,trashcans_room_occ_1_B_1,150,backward,151,0,151,0,151,1,54,0,151
trashcans_room_occ_1_B_1@160B,trashcans_room_occ_1_B_1,160,backward,161,0,161,0,161,0,161,0,161
trashcans_room_occ_1_B_1@50F,trashcans_room_occ_1_B_1,50,forward,114,1,45,1,60,1,47,1,47
trashcans_room_occ_1_B_3@0F,trashcans_room_occ_1_B_3,0,forward,116,0,116,0,116,0,116,0,116
trashcans_room_occ_1_B_3@100B,trashcans_room_occ_1_B_3,100,backward,101,0,101,0,101,0,101,0,101
trashcans_room_occ_1_B_3@50F,trashcans_room_occ_1_B_3,50,forward,66,0,66,0,66,0,66,0,66
trendNetBag_outside_1@0F,trendNetBag_outside_1,0,forward,1482,0,1482,0,1482,0,1482,0,1482
trendNetBag_outside_1@1000B,trendNetBag_outside_1,1000,backward,1001,0,1001,0,1001,0,1001,0,1001
trendNetBag_outside_1@100F,trendNetBag_outside_1,100,forward,1382,0,1382,0,1382,0,1382,0,1382
trendNetBag_outside_1@1050B,trendNetBag_outside_1,1050,backward,1051,0,1051,0,1051,0,1051,0,1051
trendNetBag_outside_1@1100B,trendNetBag_outside_1,1100,backward,1101,0,1101,0,1101,0,1101,0,1101
trendNetBag_outside_1@1150B,trendNetBag_outside_1,1150,backward,1151,0,1151,0,1151,0,1151,0,1151
trendNetBag_outside_1@1200B,trendNetBag_outside_1,1200,backward,1201,0,1201,0,1201,0,1201,0,1201
trendNetBag_outside_1@1250B,trendNetBag_outside_1,1250,backward,1251,0,1251,0,1251,0,1251,0,1251
trendNetBag_outside_1@1300B,trendNetBag_outside_1,1300,backward,1301,0,1301,0,1301,1,668,0,1301
trendNetBag_outside_1@1350B,trendNetBag_outside_1,1350,backward,1351,0,1351,0,1351,0,1351,0,1351
trendNetBag_outside_1@1400B,trendNetBag_outside_1,1400,backward,1401,0,1401,0,1401,0,1401,0,1401
trendNetBag_outside_1@1450B,trendNetBag_outside_1,1450,backward,1451,0,1451,1,584,0,1451,0,1451
trendNetBag_outside_1@1470B,trendNetBag_outside_1,1470,backward,1471,0,1471,0,1471,0,1471,0,1471
trendNetBag_outside_1@150F,trendNetBag_outside_1,150,forward,1332,0,1332,0,1332,0,1332,0,1332
trendNetBag_outside_1@200F,trendNetBag_outside_1,200,forward,1282,0,1282,0,1282,0,1282,0,1282
trendNetBag_outside_1@250F,trendNetBag_outside_1,250,forward,1232,0,1232,0,1232,0,1232,0,1232
trendNetBag_outside_1@300F,trendNetBag_outside_1,300,forward,1182,0,1182,0,1182,0,1182,0,1182
trendNetBag_outside_1@350F,trendNetBag_outside_1,350,forward,1132,0,1132,0,1132,0,1132,0,1132
trendNetBag_outside_1@400F,trendNetBag_outside_1,400,forward,1082,0,1082,0,1082,0,1082,0,1082
trendNetBag_outside_1@450F,trendNetBag_outside_1,450,forward,1032,0,1032,0,1032,0,1032,0,1032
trendNetBag_outside_1@500F,trendNetBag_outside_1,500,forward,982,0,982,0,982,0,982,0,982
trendNetBag_outside_1@50F,trendNetBag_outside_1,50,forward,1432,0,1432,0,1432,0,1432,0,1432
trendNetBag_outside_1@550F,trendNetBag_outside_1,550,forward,932,0,932,0,932,0,932,0,932
trendNetBag_outside_1@600F,trendNetBag_outside_1,600,forward,882,0,882,1,333,1,332,0,882
trendNetBag_outside_1@650F,trendNetBag_outside_1,650,forward,832,0,832,1,283,1,419,0,832
trendNetBag_outside_1@700F,trendNetBag_outside_1,700,forward,782,0,782,0,782,0,782,0,782
trendNetBag_outside_1@750B,trendNetBag_outside_1,750,backward,751,0,751,0,751,0,751,0,751
trendNetBag_outside_1@800B,trendNetBag_outside_1,800,backward,801,0,801,0,801,0,801,0,801
trendNetBag_outside_1@850B,trendNetBag_outside_1,850,backward,851,0,851,0,851,0,851,0,851
trendNetBag_outside_1@889B,trendNetBag_outside_1,889,backward,890,0,890,0,890,0,890,0,890
trendNetBag_outside_1@950B,trendNetBag_outside_1,950,backward,951,0,951,0,951,0,951,0,951
trendNet_outside_1@0F,trendNet_outside_1,0,forward,769,0,769,0,769,0,769,0,769
trendNet_outside_1@100F,trendNet_outside_1,100,forward,669,0,669,0,669,0,669,0,669
trendNet_outside_1@150F,trendNet_outside_1,150,forward,619,0,619,0,619,0,619,0,619
trendNet_outside_1@200F,trendNet_outside_1,200,forward,569,0,569,0,569,0,569,0,569
trendNet_outside_1@250F,trendNet_outside_1,250,forward,519,0,519,0,519,0,519,0,519
trendNet_outside_1@300F,trendNet_outside_1,300,forward,469,0,469,0,469,0,469,0,469
trendNet_outside_1@360F,trendNet_outside_1,360,forward,409,0,409,0,409,0,409,0,409
trendNet_outside_1@400B,trendNet_outside_1,400,backward,401,0,401,0,401,0,401,0,401
trendNet_outside_1@450B,trendNet_outside_1,450,backward,451,0,451,0,451,0,451,0,451
trendNet_outside_1@500B,trendNet_outside_1,500,backward,501,0,501,0,501,0,501,0,501
trendNet_outside_1@50F,trendNet_outside_1,50,forward,719,0,719,0,719,0,719,0,719
trendNet_outside_1@550B,trendNet_outside_1,550,backward,551,0,551,0,551,0,551,0,551
trendNet_outside_1@600B,trendNet_outside_1,600,backward,601,0,601,0,601,0,601,0,601
trendNet_outside_1@650B,trendNet_outside_1,650,backward,651,0,651,0,651,0,651,0,651
trendNet_outside_1@700B,trendNet_outside_1,700,backward,701,0,701,0,701,0,701,0,701
trendNet_outside_1@750B,trendNet_outside_1,750,backward,751,0,751,0,751,0,751,0,751
trendNet_outside_1@768B,trendNet_outside_1,768,backward,769,0,769,0,769,0,769,0,769
trendNet_outside_2@0F,trendNet_outside_2,0,forward,763,0,763,1,172,0,763,0,763
trendNet_outside_2@100F,trendNet_outside_2,100,forward,663,0,663,0,663,0,663,0,663
trendNet_outside_2@150F,trendNet_outside_2,150,forward,613,0,613,0,613,0,613,0,613
trendNet_outside_2@200F,trendNet_outside_2,200,forward,563,0,563,0,563,0,563,0,563
trendNet_outside_2@250F,trendNet_outside_2,250,forward,513,0,513,0,513,0,513,0,513
trendNet_outside_2@300F,trendNet_outside_2,300,forward,463,0,463,0,463,0,463,0,463
trendNet_outside_2@350F,trendNet_outside_2,350,forward,413,0,413,0,413,0,413,0,413
trendNet_outside_2@400B,trendNet_outside_2,400,backward,401,0,401,0,401,0,401,0,401
trendNet_outside_2@450B,trendNet_outside_2,450,backward,451,0,451,0,451,0,451,0,451
trendNet_outside_2@500B,trendNet_outside_2,500,backward,501,0,501,0,501,0,501,0,501
trendNet_outside_2@50F,trendNet_outside_2,50,forward,713,0,713,0,713,0,713,0,713
trendNet_outside_2@550B,trendNet_outside_2,550,backward,551,0,551,0,551,0,551,0,551
trendNet_outside_2@600B,trendNet_outside_2,600,backward,601,0,601,0,601,0,601,0,601
trendNet_outside_2@650B,trendNet_outside_2,650,backward,651,0,651,0,651,0,651,0,651
trendNet_outside_2@700B,trendNet_outside_2,700,backward,701,0,701,0,701,0,701,0,701
trendNet_outside_2@750B,trendNet_outside_2,750,backward,751,0,751,0,751,0,751,0,751
trendNet_outside_2@762B,trendNet_outside_2,762,backward,763,0,763,0,763,0,763,0,763
trophy_outside_2@0F,trophy_outside_2,0,forward,631,0,631,0,631,0,631,0,631
trophy_outside_2@100F,trophy_outside_2,100,forward,531,0,531,0,531,0,531,0,531
trophy_outside_2@150F,trophy_outside_2,150,forward,481,0,481,0,481,0,481,0,481
trophy_outside_2@200F,trophy_outside_2,200,forward,431,0,431,0,431,0,431,0,431
trophy_outside_2@250F,trophy_outside_2,250,forward,381,0,381,0,381,0,381,0,381
trophy_outside_2@300F,trophy_outside_2,300,forward,331,0,331,0,331,0,331,0,331
trophy_outside_2@350B,trophy_outside_2,350,backward,351,0,351,0,351,0,351,0,351
trophy_outside_2@400B,trophy_outside_2,400,backward,401,0,401,0,401,0,401,0,401
trophy_outside_2@450B,trophy_outside_2,450,backward,451,0,451,0,451,0,451,0,451
trophy_outside_2@500B,trophy_outside_2,500,backward,501,0,501,0,501,0,501,0,501
trophy_outside_2@50F,trophy_outside_2,50,forward,581,0,581,0,581,0,581,0,581
trophy_outside_2@550B,trophy_outside_2,550,backward,551,0,551,0,551,0,551,0,551
trophy_outside_2@600B,trophy_outside_2,600,backward,601,0,601,0,601,0,601,0,601
trophy_outside_2@630B,trophy_outside_2,630,backward,631,0,631,0,631,0,631,0,631
two_mugs_1@0F,two_mugs_1,0,forward,132,0,132,0,132,0,132,0,132
two_mugs_1@100B,two_mugs_1,100,backward,101,0,101,0,101,0,101,0,101
two_mugs_1@110B,two_mugs_1,110,backward,111,0,111,0,111,0,111,0,111
two_mugs_1@50F,two_mugs_1,50,forward,82,0,82,0,82,0,82,0,82
two_tennis_balls_1@0F,two_tennis_balls_1,0,forward,134,0,134,0,134,0,134,0,134
two_tennis_balls_1@100B,two_tennis_balls_1,100,backward,101,0,101,1,19,0,101,0,101
two_tennis_balls_1@133B,two_tennis_balls_1,133,backward,134,0,134,0,134,0,134,0,134
two_tennis_balls_1@50F,two_tennis_balls_1,50,forward,84,0,84,0,84,0,84,0,84
two_tennis_balls_3@0F,two_tennis_balls_3,0,forward,130,1,109,1,108,1,81,1,96
two_tennis_balls_3@100B,two_tennis_balls_3,100,backward,101,0,101,1,19,1,19,1,19
two_tennis_balls_3@129B,two_tennis_balls_3,129,backward,130,1,48,1,48,1,47,1,21
two_tennis_balls_3@50F,two_tennis_balls_3,50,forward,80,1,46,1,45,1,39,1,46
yogurt_indoor_1@0F,yogurt_indoor_1,0,forward,1609,0,1609,0,1609,0,1609,0,1609
yogurt_indoor_1@1000B,yogurt_indoor_1,1000,backward,1001,1,201,1,205,1,417,1,416
yogurt_indoor_1@100F,yogurt_indoor_1,100,forward,1509,0,1509,0,1509,0,1509,1,469
yogurt_indoor_1@1050B,yogurt_indoor_1,1050,backward,1051,0,1051,0,1051,0,1051,0,1051
yogurt_indoor_1@1100B,yogurt_indoor_1,1100,backward,1101,0,1101,1,812,0,1101,0,1101
yogurt_indoor_1@1150B,yogurt_indoor_1,1150,backward,1151,0,1151,1,101,0,1151,1,101
yogurt_indoor_1@1200B,yogurt_indoor_1,1200,backward,1201,0,1201,0,1201,0,1201,0,1201
yogurt_indoor_1@1250B,yogurt_indoor_1,1250,backward,1251,0,1251,1,199,1,199,1,199
yogurt_indoor_1@1300B,yogurt_indoor_1,1300,backward,1301,0,1301,1,250,1,251,1,250
yogurt_indoor_1@1350B,yogurt_indoor_1,1350,backward,1351,0,1351,1,1061,0,1351,1,1062
yogurt_indoor_1@1400B,yogurt_indoor_1,1400,backward,1401,0,1401,1,350,1,1028,1,350
yogurt_indoor_1@1450B,yogurt_indoor_1,1450,backward,1451,0,1451,1,399,0,1451,0,1451
yogurt_indoor_1@1500B,yogurt_indoor_1,1500,backward,1501,0,1501,1,1211,0,1501,0,1501
yogurt_indoor_1@150F,yogurt_indoor_1,150,forward,1459,0,1459,0,1459,0,1459,0,1459
yogurt_indoor_1@1550B,yogurt_indoor_1,1550,backward,1551,0,1551,1,499,1,499,0,1551
yogurt_indoor_1@1600B,yogurt_indoor_1,1600,backward,1601,0,1601,0,1601,0,1601,0,1601
yogurt_indoor_1@1608B,yogurt_indoor_1,1608,backward,1609,0,1609,0,1609,0,1609,0,1609
yogurt_indoor_1@200F,yogurt_indoor_1,200,forward,1409,0,1409,0,1409,0,1409,0,1409
yogurt_indoor_1@250F,yogurt_indoor_1,250,forward,1359,0,1359,1,38,0,1359,0,1359
yogurt_indoor_1@300F,yogurt_indoor_1,300,forward,1309,0,1309,1,329,1,790,1,326
yogurt_indoor_1@350F,yogurt_indoor_1,350,forward,1259,0,1259,0,1259,0,1259,0,1259
yogurt_indoor_1@400F,yogurt_indoor_1,400,forward,1209,0,1209,0,1209,0,1209,0,1209
yogurt_indoor_1@450F,yogurt_indoor_1,450,forward,1159,0,1159,0,1159,0,1159,0,1159
yogurt_indoor_1@500F,yogurt_indoor_1,500,forward,1109,0,1109,0,1109,0,1109,0,1109
yogurt_indoor_1@50F,yogurt_indoor_1,50,forward,1559,0,1559,0,1559,0,1559,0,1559
yogurt_indoor_1@550F,yogurt_indoor_1,550,forward,1059,0,1059,0,1059,0,1059,0,1059
yogurt_indoor_1@600F,yogurt_indoor_1,600,forward,1009,0,1009,0,1009,0,1009,0,1009
yogurt_indoor_1@650F,yogurt_indoor_1,650,forward,959,0,959,0,959,1,942,1,941
yogurt_indoor_1@700F,yogurt_indoor_1,700,forward,909,0,909,0,909,0,909,0,909
yogurt_indoor_1@750F,yogurt_indoor_1,750,forward,859,0,859,0,859,0,859,1,835
yogurt_indoor_1@800F,yogurt_indoor_1,800,forward,809,0,809,0,809,0,809,1,791
yogurt_indoor_1@850B,yogurt_indoor_1,850,backward,851,0,851,0,851,0,851,0,851
yogurt_indoor_1@900B,yogurt_indoor_1,900,backward,901,1,101,0,901,1,328,1,326
yogurt_indoor_1@950B,yogurt_indoor_1,950,backward,951,0,951,1,373,1,367,0,951
