split,key,native_iou,selected_iou,oracle_iou,selected,quality_choice,quality_choice_iou,quality_abs_iou_error,native_gap_to_selected,learned_residual_advantage,selection_gap_over_native
fit,cube04_indoor@10,0.8512316942214966,0.796978235244751,0.8512316942214966,1,1,0.796978235244751,0.2261548489332199,3.334437847137451,3.448235511779785,0.11379778385162354
fit,cube04_indoor@12,0.9114845991134644,0.9114845991134644,0.9114845991134644,0,7,0.7551135420799255,0.3075025677680969,0.0,0.0,0.0
fit,cube04_indoor@14,0.0,0.22233328223228455,0.7233188152313232,2,2,0.22233328223228455,0.2346429079771042,2.516356945037842,2.6128201484680176,0.09646320343017578
fit,cube04_indoor@16,0.0,0.0,0.42392560839653015,0,5,0.0,0.20491795241832733,0.0,0.0,0.0
fit,cube04_indoor@312,0.11980466544628143,0.6032312512397766,0.8352602124214172,1,1,0.6032312512397766,0.24571016430854797,1.6295816898345947,1.8215856552124023,0.19200396537780762
fit,cube04_indoor@436,0.8251999616622925,0.8251999616622925,0.8937102556228638,0,0,0.8251999616622925,0.07525835931301117,0.0,0.0,0.0
fit,cube04_indoor@495,0.913587749004364,0.913587749004364,0.913587749004364,0,0,0.913587749004364,0.15184427797794342,0.0,0.0,0.0
fit,cube04_indoor@520,0.8956065773963928,0.8956065773963928,0.9418777823448181,0,0,0.8956065773963928,0.07610952854156494,0.0,0.0,0.0
fit,cube04_indoor@545,0.8967463374137878,0.8967463374137878,0.8967463374137878,0,6,0.7694568037986755,0.21543800830841064,0.0,0.0,0.0
fit,cube04_indoor@575,0.8912933468818665,0.8912933468818665,0.934169352054596,0,1,0.7573268413543701,0.13723835349082947,0.0,0.0,0.0
fit,cube04_indoor@601,0.9092409014701843,0.9092409014701843,0.9092409014701843,0,0,0.9092409014701843,0.15148308873176575,0.0,0.0,0.0
fit,cube04_indoor@626,0.8846129179000854,0.7972840070724487,0.8846129179000854,2,2,0.7972840070724487,0.26134729385375977,3.4870715141296387,3.669283628463745,0.18221208453178406
fit,cube04_indoor@651,0.8708091974258423,0.8708091974258423,0.8708091974258423,0,0,0.8708091974258423,0.076853446662426,0.0,0.0,0.0
fit,cube04_indoor@676,0.8537713289260864,0.8537713289260864,0.8537713289260864,0,0,0.8537713289260864,0.07210586965084076,0.0,0.0,0.0
fit,cube04_indoor@701,0.9119348526000977,0.9119348526000977,0.9119348526000977,0,2,0.8636155128479004,0.12185928970575333,0.0,0.0,0.0
fit,cube04_indoor@718,0.0,0.0,0.1303175389766693,0,2,0.0,0.11093375831842422,0.0,0.0,0.0
fit,cube04_indoor@720,0.0,0.0,0.7366976141929626,0,3,0.0,0.2071027010679245,0.0,0.0,0.0
fit,cube04_indoor@1094,0.0,0.0,0.4081188440322876,0,2,0.0,0.29068365693092346,0.0,0.0,0.0
fit,cube04_indoor@1096,0.0,0.0,0.0026343087665736675,0,0,0.0,0.26275530457496643,0.0,0.0,0.0
fit,cube04_indoor@1098,0.0,0.0,0.0,0,0,0.0,0.28489217162132263,0.0,0.0,0.0
fit,cube04_indoor@1850,0.11007321625947952,0.11007321625947952,0.4002308249473572,0,4,0.0790981575846672,0.1780342012643814,0.0,0.0,0.0
fit,cube04_indoor@1872,0.20331016182899475,0.20331016182899475,0.5143639445304871,0,3,0.17154821753501892,0.10904350131750107,0.0,0.0,0.0
fit,cube04_indoor@1888,0.1848575919866562,0.1848575919866562,0.7716301083564758,0,3,0.22656771540641785,0.1264912337064743,0.0,0.0,0.0
fit,cube04_indoor@1890,0.09303387254476547,0.8565628528594971,0.8565628528594971,1,2,0.7656510472297668,0.21341204643249512,0.15287011861801147,0.866689920425415,0.7138197422027588
fit,cube04_indoor@1892,0.0,0.0,0.9104171395301819,0,4,0.0,0.3225361406803131,0.0,0.0,0.0
fit,cube04_indoor@1925,0.8769087195396423,0.7052152156829834,0.8769087195396423,3,1,0.8333575129508972,0.32242923974990845,4.318238735198975,4.520196437835693,0.20195770263671875
fit,cube04_indoor@2153,0.15143762528896332,0.15143762528896332,0.8175629377365112,0,5,0.13641056418418884,0.284677654504776,0.0,0.0,0.0
fit,cube04_indoor@2154,0.11787759512662888,0.11787759512662888,0.5927024483680725,0,5,0.11817517131567001,0.20352482795715332,0.0,0.0,0.0
fit,cube04_indoor@2155,0.043683335185050964,0.054341159760951996,0.592203676700592,5,5,0.054341159760951996,0.2537427246570587,5.479823589324951,5.501400947570801,0.02157723903656006
fit,cube04_indoor@2157,0.03292642906308174,0.03292642906308174,0.5181174874305725,0,5,0.04593678191304207,0.24183182418346405,0.0,0.0,0.0
fit,cube04_indoor@2421,0.0,0.0,0.0,0,0,0.0,0.285715252161026,0.0,0.0,0.0
fit,cube04_indoor@2423,0.0,0.0,0.0,0,3,0.0,0.28569549322128296,0.0,0.0,0.0
fit,cube04_indoor@2571,0.0,0.0,0.8053561449050903,0,0,0.0,0.35467103123664856,0.0,0.0,0.0
fit,cat02_indoor@10,0.8770064115524292,0.8770064115524292,0.8770064115524292,0,0,0.8770064115524292,0.05974823981523514,0.0,0.0,0.0
fit,cat02_indoor@64,0.9354504346847534,0.9354504346847534,0.9354504346847534,0,0,0.9354504346847534,0.05745235085487366,0.0,0.0,0.0
fit,cat02_indoor@117,0.9364636540412903,0.9364636540412903,0.9364636540412903,0,0,0.9364636540412903,0.11578501760959625,0.0,0.0,0.0
fit,cat02_indoor@196,0.09952202439308167,0.09952202439308167,0.2436111718416214,0,2,0.0,0.051467277109622955,0.0,0.0,0.0
fit,cat02_indoor@198,0.80228590965271,0.80228590965271,0.8173003196716309,0,0,0.80228590965271,0.14000380039215088,0.0,0.0,0.0
fit,cat02_indoor@251,0.887790322303772,0.887790322303772,0.887790322303772,0,0,0.887790322303772,0.057700108736753464,0.0,0.0,0.0
fit,cat02_indoor@329,0.453014075756073,0.453014075756073,0.453014075756073,0,0,0.453014075756073,0.15222321450710297,0.0,0.0,0.0
fit,cat02_indoor@331,0.9068037271499634,0.6986714005470276,0.9068037271499634,1,3,0.4824594557285309,0.3251528739929199,0.5424926280975342,1.079491376876831,0.5369987487792969
fit,cat02_indoor@384,0.890579104423523,0.890579104423523,0.890579104423523,0,0,0.890579104423523,0.04427432268857956,0.0,0.0,0.0
fit,cat02_indoor@438,0.8811842799186707,0.8811842799186707,0.8811842799186707,0,0,0.8811842799186707,0.06765034049749374,0.0,0.0,0.0
fit,cat02_indoor@491,0.9039818048477173,0.9039818048477173,0.9039818048477173,0,0,0.9039818048477173,0.10863542556762695,0.0,0.0,0.0
fit,cat02_indoor@569,0.05548611283302307,0.05548611283302307,0.17513558268547058,0,0,0.05548611283302307,0.05591769888997078,0.0,0.0,0.0
fit,cat02_indoor@570,0.23251605033874512,0.23251605033874512,0.2557342052459717,0,1,0.24436798691749573,0.07152721285820007,0.0,0.0,0.0
fit,cat02_indoor@588,0.9238446950912476,0.9238446950912476,0.9238446950912476,0,0,0.9238446950912476,0.04206216335296631,0.0,0.0,0.0
fit,cat02_indoor@606,0.49416664242744446,0.49416664242744446,0.5897402763366699,0,1,0.5897402763366699,0.04929307475686073,0.0,0.0,0.0
fit,cat02_indoor@657,0.9300996661186218,0.9300996661186218,0.9300996661186218,0,0,0.9300996661186218,0.07055219262838364,0.0,0.0,0.0
fit,cat02_indoor@716,0.3444545865058899,0.3444545865058899,0.3569207191467285,0,1,0.3569207191467285,0.047208674252033234,0.0,0.0,0.0
fit,cat02_indoor@717,0.5646631121635437,0.5646631121635437,0.5646631121635437,0,0,0.5646631121635437,0.10980264097452164,0.0,0.0,0.0
fit,bottle02_indoor@10,0.8551880121231079,0.8551880121231079,0.8551880121231079,0,0,0.8551880121231079,0.08565245568752289,0.0,0.0,0.0
fit,bottle02_indoor@230,0.9245981574058533,0.9245981574058533,0.9245981574058533,0,0,0.9245981574058533,0.07450417429208755,0.0,0.0,0.0
fit,bottle02_indoor@450,0.8822970390319824,0.8822970390319824,0.8822970390319824,0,0,0.8822970390319824,0.07271067053079605,0.0,0.0,0.0
fit,bottle02_indoor@669,0.9017448425292969,0.9017448425292969,0.9017448425292969,0,1,0.7094266414642334,0.09158715605735779,0.0,0.0,0.0
fit,bottle02_indoor@780,0.15944398939609528,0.23879724740982056,0.23879724740982056,1,1,0.23879724740982056,0.11015625298023224,0.011972308158874512,0.06970155239105225,0.057729244232177734
fit,bottle02_indoor@905,0.8711088299751282,0.6391632556915283,0.8711088299751282,2,2,0.6391632556915283,0.21117787063121796,3.09598970413208,3.146115779876709,0.05012619495391846
fit,bottle02_indoor@1130,0.0,0.0,0.0,0,0,0.0,0.029029646888375282,0.0,0.0,0.0
fit,bottle02_indoor@1154,0.7131543159484863,0.7131543159484863,0.7131543159484863,0,0,0.7131543159484863,0.07165202498435974,0.0,0.0,0.0
fit,bottle02_indoor@1395,0.9366936683654785,0.9366936683654785,0.9366936683654785,0,0,0.9366936683654785,0.041348472237586975,0.0,0.0,0.0
fit,bottle02_indoor@1617,0.8713391423225403,0.8713391423225403,0.8713391423225403,0,0,0.8713391423225403,0.037142761051654816,0.0,0.0,0.0
fit,bottle02_indoor@1837,0.9377984404563904,0.9377984404563904,0.9377984404563904,0,0,0.9377984404563904,0.06706436723470688,0.0,0.0,0.0
fit,bottle02_indoor@1960,0.3998991847038269,0.3998991847038269,0.5188678503036499,0,3,0.5188678503036499,0.19249138236045837,0.0,0.0,0.0
fit,bottle02_indoor@1998,0.2671889662742615,0.2671889662742615,0.4593295156955719,0,0,0.2671889662742615,0.18584415316581726,0.0,0.0,0.0
fit,bottle02_indoor@2095,0.9549509882926941,0.9549509882926941,0.9549509882926941,0,0,0.9549509882926941,0.07217244803905487,0.0,0.0,0.0
fit,bottle02_indoor@2333,0.7747387886047363,0.7584781646728516,0.7747387886047363,1,1,0.7584781646728516,0.41833701729774475,2.5781493186950684,2.6365432739257812,0.05839407444000244
fit,bottle02_indoor@2446,0.0,0.0,0.0,1,1,0.0,0.04826247692108154,0.32694685459136963,0.7465652227401733,0.4196183681488037
fit,bottle02_indoor@2448,0.0,0.0,0.0,0,0,0.0,0.046104829758405685,0.0,0.0,0.0
fit,bottle02_indoor@2601,0.03524394333362579,0.03524394333362579,0.8017551898956299,0,4,0.0,0.17262467741966248,0.0,0.0,0.0
fit,bottle02_indoor@2618,0.49593400955200195,0.6310875415802002,0.6310875415802002,1,1,0.6310875415802002,0.13059093058109283,0.23877453804016113,1.1461822986602783,0.9074077010154724
fit,bottle02_indoor@2661,0.7780700325965881,0.7525166869163513,0.7780700325965881,1,2,0.669923722743988,0.2999219000339508,2.177058696746826,2.186434030532837,0.009375512599945068
fit,mushroom02_wild@10,0.9060471653938293,0.9060471653938293,0.9060471653938293,0,0,0.9060471653938293,0.05687575787305832,0.0,0.0,0.0
fit,mushroom02_wild@37,0.977125346660614,0.977125346660614,0.977125346660614,0,0,0.977125346660614,0.06046909838914871,0.0,0.0,0.0
fit,mushroom02_wild@64,0.9314159154891968,0.9314159154891968,0.9314159154891968,0,0,0.9314159154891968,0.10267519950866699,0.0,0.0,0.0
fit,mushroom02_wild@91,0.9154778122901917,0.9154778122901917,0.9154778122901917,0,0,0.9154778122901917,0.05954481288790703,0.0,0.0,0.0
fit,mushroom02_wild@118,0.9722609519958496,0.9722609519958496,0.9722609519958496,0,0,0.9722609519958496,0.0663929358124733,0.0,0.0,0.0
fit,mushroom02_wild@145,0.896640419960022,0.896640419960022,0.896640419960022,0,0,0.896640419960022,0.10827026516199112,0.0,0.0,0.0
fit,mushroom02_wild@172,0.9237611293792725,0.9237611293792725,0.9237611293792725,0,0,0.9237611293792725,0.05728266388177872,0.0,0.0,0.0
fit,mushroom02_wild@209,0.5323072671890259,0.5323072671890259,0.5826267600059509,0,0,0.5323072671890259,0.10953475534915924,0.0,0.0,0.0
fit,mushroom02_wild@236,0.9509371519088745,0.9509371519088745,0.9509371519088745,0,0,0.9509371519088745,0.07899780571460724,0.0,0.0,0.0
fit,mushroom02_wild@272,0.0,0.0,0.0,0,3,0.0,0.027702918276190758,0.0,0.0,0.0
fit,mushroom02_wild@274,0.0,0.0,0.0,0,2,0.0,0.0844266265630722,0.0,0.0,0.0
fit,mushroom02_wild@284,0.011609718203544617,0.009556484408676624,0.020778154954314232,1,1,0.009556484408676624,0.021300476044416428,0.04965925216674805,0.1764993667602539,0.12684011459350586
fit,mushroom02_wild@285,0.10079505294561386,0.10079505294561386,0.14887845516204834,0,0,0.10079505294561386,0.050820063799619675,0.0,0.0,0.0
fit,mushroom02_wild@300,0.9459434747695923,0.9459434747695923,0.9459434747695923,0,0,0.9459434747695923,0.07360055297613144,0.0,0.0,0.0
fit,mushroom02_wild@327,0.9078846573829651,0.9078846573829651,0.9078846573829651,0,0,0.9078846573829651,0.031642623245716095,0.0,0.0,0.0
fit,mushroom02_wild@354,0.9489261507987976,0.9489261507987976,0.9489261507987976,0,0,0.9489261507987976,0.0856281965970993,0.0,0.0,0.0
fit,book04_indoor@10,0.8499228358268738,0.8499228358268738,0.8499228358268738,0,0,0.8499228358268738,0.10102824866771698,0.0,0.0,0.0
fit,book04_indoor@99,0.8954266905784607,0.8954266905784607,0.8954266905784607,0,0,0.8954266905784607,0.054979611188173294,0.0,0.0,0.0
fit,book04_indoor@189,0.9419993758201599,0.9419993758201599,0.9419993758201599,0,0,0.9419993758201599,0.09443821012973785,0.0,0.0,0.0
fit,book04_indoor@250,0.1921158730983734,0.1921158730983734,0.4739293158054352,0,0,0.1921158730983734,0.2872929275035858,0.0,0.0,0.0
fit,book04_indoor@284,0.2639574706554413,0.2639574706554413,0.30063003301620483,0,0,0.2639574706554413,0.12388594448566437,0.0,0.0,0.0
fit,book04_indoor@322,0.9583459496498108,0.9583459496498108,0.9583459496498108,0,0,0.9583459496498108,0.05215912312269211,0.0,0.0,0.0
fit,book04_indoor@411,0.9499438405036926,0.9499438405036926,0.9499438405036926,0,0,0.9499438405036926,0.044511985033750534,0.0,0.0,0.0
fit,book04_indoor@500,0.8896893262863159,0.8896893262863159,0.8989373445510864,0,0,0.8896893262863159,0.14260037243366241,0.0,0.0,0.0
fit,book04_indoor@590,0.9460634589195251,0.7959895730018616,0.9460634589195251,1,1,0.7959895730018616,0.20529106259346008,3.702448606491089,4.369462013244629,0.6670131683349609
fit,book04_indoor@679,0.8847641944885254,0.8847641944885254,0.8847641944885254,0,0,0.8847641944885254,0.07531799376010895,0.0,0.0,0.0
fit,book04_indoor@768,0.9392420649528503,0.9392420649528503,0.9392420649528503,0,0,0.9392420649528503,0.05677653104066849,0.0,0.0,0.0
fit,book04_indoor@876,0.6683136224746704,0.6683136224746704,0.7433823943138123,0,0,0.6683136224746704,0.07954186201095581,0.0,0.0,0.0
fit,book04_indoor@909,0.42528608441352844,0.46525445580482483,0.46525445580482483,2,0,0.42528608441352844,0.04487591236829758,3.530508279800415,3.6381959915161133,0.10768774151802063
fit,book04_indoor@981,0.24706195294857025,0.24706195294857025,0.48470595479011536,0,0,0.24706195294857025,0.12471742928028107,0.0,0.0,0.0
fit,book04_indoor@1005,0.924374520778656,0.924374520778656,0.924374520778656,0,0,0.924374520778656,0.054637204855680466,0.0,0.0,0.0
fit,book04_indoor@1094,0.9743621349334717,0.9743621349334717,0.9743621349334717,0,0,0.9743621349334717,0.07129824161529541,0.0,0.0,0.0
fit,toydog_indoor@10,0.9321039915084839,0.9321039915084839,0.9321039915084839,0,0,0.9321039915084839,0.03497444838285446,0.0,0.0,0.0
fit,toydog_indoor@87,0.9521251320838928,0.9521251320838928,0.9521251320838928,0,0,0.9521251320838928,0.07772275060415268,0.0,0.0,0.0
fit,toydog_indoor@165,0.9601003527641296,0.9601003527641296,0.9601003527641296,0,0,0.9601003527641296,0.051360923796892166,0.0,0.0,0.0
fit,toydog_indoor@242,0.9225696921348572,0.9225696921348572,0.9225696921348572,0,0,0.9225696921348572,0.05927268788218498,0.0,0.0,0.0
fit,toydog_indoor@320,0.9495187997817993,0.9495187997817993,0.9495187997817993,0,0,0.9495187997817993,0.06317644566297531,0.0,0.0,0.0
fit,toydog_indoor@397,0.927445650100708,0.927445650100708,0.927445650100708,0,0,0.927445650100708,0.059908658266067505,0.0,0.0,0.0
fit,toydog_indoor@475,0.8731814622879028,0.8731814622879028,0.8731814622879028,0,0,0.8731814622879028,0.03770057111978531,0.0,0.0,0.0
fit,toydog_indoor@552,0.9317709803581238,0.9317709803581238,0.9317709803581238,0,0,0.9317709803581238,0.04046937823295593,0.0,0.0,0.0
fit,toydog_indoor@630,0.7673236131668091,0.7673236131668091,0.8201082944869995,0,0,0.7673236131668091,0.09660705178976059,0.0,0.0,0.0
fit,toydog_indoor@632,0.4569671154022217,0.5732476711273193,0.6428307294845581,1,1,0.5732476711273193,0.059300102293491364,1.419755458831787,1.591414451599121,0.17165905237197876
fit,toydog_indoor@708,0.918123185634613,0.918123185634613,0.918123185634613,0,0,0.918123185634613,0.08027075231075287,0.0,0.0,0.0
fit,toydog_indoor@786,0.9355204105377197,0.9355204105377197,0.9355204105377197,0,0,0.9355204105377197,0.06570640951395035,0.0,0.0,0.0
fit,toydog_indoor@946,0.0,0.0,0.0,0,0,0.0,0.5059781074523926,0.0,0.0,0.0
fit,toydog_indoor@954,0.10376515984535217,0.10376515984535217,0.16095741093158722,0,0,0.10376515984535217,0.33080530166625977,0.0,0.0,0.0
fit,toydog_indoor@957,0.09567028284072876,0.09567028284072876,0.18540842831134796,0,0,0.09567028284072876,0.1825767606496811,0.0,0.0,0.0
fit,toydog_indoor@961,0.15979184210300446,0.15979184210300446,0.278787761926651,0,2,0.19581463932991028,0.0784100666642189,0.0,0.0,0.0
fit,toydog_indoor@965,0.2266109734773636,0.2266109734773636,0.7467721104621887,0,0,0.2266109734773636,0.33734816312789917,0.0,0.0,0.0
fit,toydog_indoor@996,0.8610300421714783,0.8610300421714783,0.8610300421714783,0,0,0.8610300421714783,0.058988798409700394,0.0,0.0,0.0
fit,toy05_indoor@10,0.8869243264198303,0.8869243264198303,0.8869243264198303,0,0,0.8869243264198303,0.0697590783238411,0.0,0.0,0.0
fit,toy05_indoor@131,0.8194249272346497,0.8194249272346497,0.8194249272346497,0,0,0.8194249272346497,0.04219378903508186,0.0,0.0,0.0
fit,toy05_indoor@252,0.8812557458877563,0.8812557458877563,0.8812557458877563,0,0,0.8812557458877563,0.06687505543231964,0.0,0.0,0.0
fit,toy05_indoor@372,0.8166084885597229,0.8166084885597229,0.8166084885597229,0,0,0.8166084885597229,0.04862597957253456,0.0,0.0,0.0
fit,toy05_indoor@493,0.8676648736000061,0.8676648736000061,0.8676648736000061,0,0,0.8676648736000061,0.04815060645341873,0.0,0.0,0.0
fit,toy05_indoor@614,0.9194814562797546,0.9194814562797546,0.9194814562797546,0,0,0.9194814562797546,0.075494684278965,0.0,0.0,0.0
fit,toy05_indoor@735,0.8973847031593323,0.8973847031593323,0.8973847031593323,0,0,0.8973847031593323,0.027855971828103065,0.0,0.0,0.0
fit,toy05_indoor@856,0.6923131942749023,0.6923131942749023,0.6923131942749023,0,0,0.6923131942749023,0.11144751310348511,0.0,0.0,0.0
fit,toy05_indoor@977,0.9029395580291748,0.9029395580291748,0.9029395580291748,0,0,0.9029395580291748,0.04378364235162735,0.0,0.0,0.0
fit,toy05_indoor@1097,0.8962708115577698,0.8962708115577698,0.8962708115577698,0,0,0.8962708115577698,0.16137845814228058,0.0,0.0,0.0
fit,toy05_indoor@1218,0.9019891619682312,0.9019891619682312,0.9019891619682312,0,0,0.9019891619682312,0.10770197957754135,0.0,0.0,0.0
fit,toy05_indoor@1339,0.9215648770332336,0.9215648770332336,0.9215648770332336,0,0,0.9215648770332336,0.03582076355814934,0.0,0.0,0.0
fit,toy01_indoor@10,0.9346103072166443,0.9346103072166443,0.9346103072166443,0,0,0.9346103072166443,0.055964648723602295,0.0,0.0,0.0
fit,toy01_indoor@123,0.9476727843284607,0.9476727843284607,0.9476727843284607,0,0,0.9476727843284607,0.0558616928756237,0.0,0.0,0.0
fit,toy01_indoor@235,0.8589676022529602,0.8589676022529602,0.8800129294395447,0,0,0.8589676022529602,0.05965965986251831,0.0,0.0,0.0
fit,toy01_indoor@267,0.48259708285331726,0.48259708285331726,0.6207598447799683,0,0,0.48259708285331726,0.14774180948734283,0.0,0.0,0.0
fit,toy01_indoor@349,0.8612044453620911,0.8612044453620911,0.8612044453620911,0,0,0.8612044453620911,0.04662773758172989,0.0,0.0,0.0
fit,toy01_indoor@462,0.7644085884094238,0.7644085884094238,0.8108497858047485,0,0,0.7644085884094238,0.06949632614850998,0.0,0.0,0.0
fit,toy01_indoor@575,0.8788528442382812,0.8788528442382812,0.8788528442382812,0,0,0.8788528442382812,0.04134265333414078,0.0,0.0,0.0
fit,toy01_indoor@687,0.9444760680198669,0.9444760680198669,0.9444760680198669,0,0,0.9444760680198669,0.04840219020843506,0.0,0.0,0.0
fit,toy01_indoor@800,0.9391388297080994,0.9391388297080994,0.9391388297080994,0,0,0.9391388297080994,0.06037409231066704,0.0,0.0,0.0
fit,toy01_indoor@913,0.8569574356079102,0.8569574356079102,0.8569574356079102,0,0,0.8569574356079102,0.08324714750051498,0.0,0.0,0.0
fit,toy01_indoor@1026,0.8523544669151306,0.8523544669151306,0.8523544669151306,0,0,0.8523544669151306,0.10601697117090225,0.0,0.0,0.0
fit,toy01_indoor@1138,0.8437599539756775,0.8437599539756775,0.8437599539756775,0,0,0.8437599539756775,0.05436260253190994,0.0,0.0,0.0
fit,toy01_indoor@1259,0.8825449347496033,0.8825449347496033,0.8825449347496033,0,0,0.8825449347496033,0.052953045815229416,0.0,0.0,0.0
fit,leaves01_wild@10,0.8261964917182922,0.8261964917182922,0.8261964917182922,0,0,0.8261964917182922,0.060786984860897064,0.0,0.0,0.0
fit,leaves01_wild@31,0.7576034069061279,0.5429867506027222,0.7576034069061279,3,1,0.5817354321479797,0.11260572820901871,4.575740337371826,4.946264266967773,0.37052416801452637
fit,leaves01_wild@36,0.8853084444999695,0.8853084444999695,0.8853084444999695,0,0,0.8853084444999695,0.05227525159716606,0.0,0.0,0.0
fit,leaves01_wild@42,0.8712676167488098,0.8712676167488098,0.9255427718162537,0,0,0.8712676167488098,0.1054820865392685,0.0,0.0,0.0
fit,leaves01_wild@47,0.7528401613235474,0.7528401613235474,0.8790945410728455,0,0,0.7528401613235474,0.44468817114830017,0.0,0.0,0.0
fit,leaves01_wild@49,0.13912974298000336,0.13912974298000336,0.23535403609275818,0,9,0.23535403609275818,0.04013414308428764,0.0,0.0,0.0
fit,leaves01_wild@50,0.18957392871379852,0.2808609902858734,0.2808609902858734,5,5,0.2808609902858734,0.05044661834836006,2.8474464416503906,2.8831214904785156,0.0356752872467041
fit,leaves01_wild@51,0.18689045310020447,0.18689045310020447,0.2436424195766449,0,8,0.2436424195766449,0.05107324570417404,0.0,0.0,0.0
fit,leaves01_wild@52,0.43417489528656006,0.43417489528656006,0.4573934078216553,0,6,0.4573934078216553,0.0572969987988472,0.0,0.0,0.0
fit,leaves01_wild@57,0.860068678855896,0.860068678855896,0.860068678855896,0,0,0.860068678855896,0.054453156888484955,0.0,0.0,0.0
fit,leaves01_wild@62,0.6400245428085327,0.6472881436347961,0.8131697773933411,2,2,0.6472881436347961,0.2745237648487091,3.305201768875122,3.4983744621276855,0.19317281246185303
fit,leaves01_wild@67,0.8845987319946289,0.8845987319946289,0.8845987319946289,0,0,0.8845987319946289,0.049715422093868256,0.0,0.0,0.0
fit,leaves01_wild@72,0.8314169049263,0.8314169049263,0.8368345499038696,0,0,0.8314169049263,0.08640895783901215,0.0,0.0,0.0
fit,leaves01_wild@78,0.858977735042572,0.858977735042572,0.9229573607444763,0,0,0.858977735042572,0.06335019320249557,0.0,0.0,0.0
fit,leaves01_wild@83,0.8696228265762329,0.8696228265762329,0.8935636281967163,0,0,0.8696228265762329,0.07614848017692566,0.0,0.0,0.0
fit,leaves01_wild@88,0.8816094994544983,0.8816094994544983,0.8816094994544983,0,0,0.8816094994544983,0.09451403468847275,0.0,0.0,0.0
fit,leaves01_wild@115,0.0,0.0,0.0,0,2,0.0,0.20113296806812286,0.0,0.0,0.0
fit,leaves01_wild@117,0.0,0.0,0.0,2,2,0.0,0.277662068605423,3.6627585887908936,4.061437606811523,0.39867889881134033
fit,leaves01_wild@135,0.0,0.0,0.0,0,0,0.0,0.045877229422330856,0.0,0.0,0.0
fit,chair01_indoor@10,0.8234540820121765,0.8234540820121765,0.8234540820121765,0,0,0.8234540820121765,0.06498672813177109,0.0,0.0,0.0
fit,chair01_indoor@15,0.1707179695367813,0.1707179695367813,0.1707179695367813,0,0,0.1707179695367813,0.05752279609441757,0.0,0.0,0.0
fit,chair01_indoor@24,0.0,0.0,0.0,0,0,0.0,0.05397810786962509,0.0,0.0,0.0
fit,chair01_indoor@26,0.0,0.0,0.0,0,0,0.0,0.05154853314161301,0.0,0.0,0.0
fit,chair01_indoor@57,0.0,0.0,0.0,0,3,0.0,0.049536995589733124,0.0,0.0,0.0
fit,chair01_indoor@134,0.9756538271903992,0.9756538271903992,0.9756538271903992,0,0,0.9756538271903992,0.03692355006933212,0.0,0.0,0.0
fit,chair01_indoor@216,0.9538151621818542,0.9538151621818542,0.9538151621818542,0,0,0.9538151621818542,0.036615025252103806,0.0,0.0,0.0
fit,chair01_indoor@297,0.9622032642364502,0.9622032642364502,0.9622032642364502,0,0,0.9622032642364502,0.04080687090754509,0.0,0.0,0.0
fit,chair01_indoor@384,0.7455616593360901,0.7173856496810913,0.82989102602005,2,1,0.82989102602005,0.19840863347053528,4.620092868804932,4.786713123321533,0.16662004590034485
fit,chair01_indoor@466,0.9700176119804382,0.9700176119804382,0.9700176119804382,0,0,0.9700176119804382,0.0360882468521595,0.0,0.0,0.0
fit,chair01_indoor@548,0.9294934868812561,0.9294934868812561,0.9294934868812561,0,1,0.7112546563148499,0.2501469850540161,0.0,0.0,0.0
fit,chair01_indoor@585,0.15378397703170776,0.15378397703170776,0.15378397703170776,0,0,0.15378397703170776,0.2326689213514328,0.0,0.0,0.0
fit,chair01_indoor@653,0.9490276575088501,0.9490276575088501,0.9490276575088501,0,0,0.9490276575088501,0.05717117711901665,0.0,0.0,0.0
fit,chair01_indoor@734,0.9591106176376343,0.9591106176376343,0.9591106176376343,0,0,0.9591106176376343,0.04535398632287979,0.0,0.0,0.0
fit,chair01_indoor@815,0.8947694301605225,0.8947694301605225,0.8947694301605225,0,0,0.8947694301605225,0.033670954406261444,0.0,0.0,0.0
fit,chair01_indoor@859,0.46705174446105957,0.7026432156562805,0.7039692401885986,2,2,0.7026432156562805,0.0872364193201065,3.300565481185913,3.8334310054779053,0.5328656435012817
fit,chair01_indoor@907,0.45970991253852844,0.23302915692329407,0.6042638421058655,5,5,0.23302915692329407,0.19424912333488464,3.053105354309082,3.489619255065918,0.4365140199661255
fit,chair01_indoor@916,0.854369580745697,0.854369580745697,0.924576997756958,0,0,0.854369580745697,0.05852508544921875,0.0,0.0,0.0
fit,chair01_indoor@997,0.8783515095710754,0.8783515095710754,0.8783515095710754,0,0,0.8783515095710754,0.10208527743816376,0.0,0.0,0.0
fit,swing02_wild@10,0.916721522808075,0.916721522808075,0.916721522808075,0,0,0.916721522808075,0.03708534687757492,0.0,0.0,0.0
fit,swing02_wild@79,0.8911852836608887,0.8911852836608887,0.9210598468780518,0,0,0.8911852836608887,0.06130930781364441,0.0,0.0,0.0
fit,swing02_wild@148,0.865756094455719,0.865756094455719,0.865756094455719,0,0,0.865756094455719,0.04493220895528793,0.0,0.0,0.0
fit,swing02_wild@156,0.4489726126194,0.4489726126194,0.7133932709693909,0,3,0.3968183994293213,0.38805243372917175,0.0,0.0,0.0
fit,swing02_wild@217,0.9207336902618408,0.9207336902618408,0.9207336902618408,0,0,0.9207336902618408,0.07135234028100967,0.0,0.0,0.0
fit,swing02_wild@262,0.3721776306629181,0.3721776306629181,0.4605337977409363,0,0,0.3721776306629181,0.06777964532375336,0.0,0.0,0.0
fit,swing02_wild@289,0.8708906173706055,0.8708906173706055,0.8708906173706055,0,0,0.8708906173706055,0.04544398561120033,0.0,0.0,0.0
fit,swing02_wild@359,0.8855487704277039,0.8855487704277039,0.8855487704277039,0,0,0.8855487704277039,0.049510374665260315,0.0,0.0,0.0
fit,swing02_wild@429,0.9595945477485657,0.9595945477485657,0.9595945477485657,0,0,0.9595945477485657,0.049489494413137436,0.0,0.0,0.0
fit,swing02_wild@464,0.3979227542877197,0.7073476910591125,0.7073476910591125,1,1,0.7073476910591125,0.19378797709941864,0.56812983751297,1.111860752105713,0.5437309741973877
fit,swing02_wild@499,0.904952883720398,0.904952883720398,0.904952883720398,0,3,0.7764855623245239,0.17322660982608795,0.0,0.0,0.0
fit,swing02_wild@568,0.9231449961662292,0.9231449961662292,0.9231449961662292,0,0,0.9231449961662292,0.12894609570503235,0.0,0.0,0.0
fit,swing02_wild@627,0.4099119007587433,0.4133645296096802,0.6751039028167725,2,2,0.4133645296096802,0.2352316677570343,1.4391932487487793,1.4961371421813965,0.05694383382797241
fit,swing02_wild@637,0.8762524724006653,0.8762524724006653,0.8762524724006653,0,0,0.8762524724006653,0.04987065866589546,0.0,0.0,0.0
fit,swing02_wild@706,0.9002053141593933,0.9002053141593933,0.9002053141593933,0,0,0.9002053141593933,0.048803381621837616,0.0,0.0,0.0
fit,swing02_wild@775,0.8692601919174194,0.8692601919174194,0.8692601919174194,0,0,0.8692601919174194,0.11998991668224335,0.0,0.0,0.0
fit,duck04_wild@10,0.9524157643318176,0.9524157643318176,0.9524157643318176,0,0,0.9524157643318176,0.06656119227409363,0.0,0.0,0.0
fit,duck04_wild@73,0.9140316843986511,0.9140316843986511,0.9140316843986511,0,1,0.8424875736236572,0.17145681381225586,0.0,0.0,0.0
fit,duck04_wild@136,0.9813107848167419,0.9813107848167419,0.9813107848167419,0,0,0.9813107848167419,0.08375853300094604,0.0,0.0,0.0
fit,duck04_wild@200,0.8780517578125,0.8780517578125,0.8780517578125,0,0,0.8780517578125,0.04678947478532791,0.0,0.0,0.0
fit,duck04_wild@263,0.9580064415931702,0.9580064415931702,0.9580064415931702,0,0,0.9580064415931702,0.04484086483716965,0.0,0.0,0.0
fit,duck04_wild@326,0.9729213118553162,0.9729213118553162,0.9729213118553162,0,0,0.9729213118553162,0.0835874080657959,0.0,0.0,0.0
fit,duck04_wild@389,0.9518606662750244,0.9518606662750244,0.9518606662750244,0,0,0.9518606662750244,0.0521819181740284,0.0,0.0,0.0
fit,duck04_wild@452,0.9459778070449829,0.9459778070449829,0.9459778070449829,0,0,0.9459778070449829,0.056714750826358795,0.0,0.0,0.0
fit,duck04_wild@515,0.9688209295272827,0.9688209295272827,0.9688209295272827,0,0,0.9688209295272827,0.055599771440029144,0.0,0.0,0.0
fit,duck04_wild@579,0.964403510093689,0.964403510093689,0.964403510093689,0,0,0.964403510093689,0.0564342625439167,0.0,0.0,0.0
fit,duck04_wild@642,0.9394224286079407,0.9394224286079407,0.9394224286079407,0,0,0.9394224286079407,0.059381794184446335,0.0,0.0,0.0
fit,duck04_wild@705,0.9477416276931763,0.9477416276931763,0.9477416276931763,0,0,0.9477416276931763,0.062489937990903854,0.0,0.0,0.0
fit,speaker_indoor@10,0.9301431179046631,0.9301431179046631,0.9301431179046631,0,0,0.9301431179046631,0.02294163405895233,0.0,0.0,0.0
fit,speaker_indoor@154,0.8686751127243042,0.8686751127243042,0.8686751127243042,0,0,0.8686751127243042,0.03900482878088951,0.0,0.0,0.0
fit,speaker_indoor@297,0.6116625666618347,0.6116625666618347,0.731935977935791,0,0,0.6116625666618347,0.1605243682861328,0.0,0.0,0.0
fit,speaker_indoor@356,0.0,0.0,0.0,0,0,0.0,0.0922994539141655,0.0,0.0,0.0
fit,speaker_indoor@358,0.0,0.0,0.0,0,0,0.0,0.11733414977788925,0.0,0.0,0.0
fit,speaker_indoor@447,0.4136761724948883,0.7647538185119629,0.7647538185119629,2,2,0.7647538185119629,0.14737316966056824,1.6790692806243896,1.8120126724243164,0.13294339179992676
fit,speaker_indoor@1117,0.0,0.30748942494392395,0.30748942494392395,1,1,0.30748942494392395,0.12688758969306946,2.8275249004364014,2.9262824058532715,0.09875762462615967
fit,speaker_indoor@1119,0.0,0.7404153943061829,0.7404153943061829,1,1,0.7404153943061829,0.10453575849533081,1.2458305358886719,3.6420648097991943,2.3962345123291016
fit,speaker_indoor@1344,0.922423243522644,0.922423243522644,0.922423243522644,0,0,0.922423243522644,0.03164193779230118,0.0,0.0,0.0
fit,speaker_indoor@1484,0.2066711187362671,0.2066711187362671,0.5454348921775818,0,7,0.3732290267944336,0.05385025590658188,0.0,0.0,0.0
fit,speaker_indoor@1568,0.8645267486572266,0.8645267486572266,0.8645267486572266,0,0,0.8645267486572266,0.09149692952632904,0.0,0.0,0.0
fit,speaker_indoor@1712,0.9000880718231201,0.9000880718231201,0.929374098777771,0,0,0.9000880718231201,0.09729021787643433,0.0,0.0,0.0
fit,speaker_indoor@1890,0.8769267797470093,0.8769267797470093,0.8769267797470093,0,0,0.8769267797470093,0.032924801111221313,0.0,0.0,0.0
fit,speaker_indoor@1924,0.0,0.0,0.0,0,0,0.0,0.08272611349821091,0.0,0.0,0.0
fit,speaker_indoor@1926,0.0,0.0,0.0,0,2,0.0,0.10338033735752106,0.0,0.0,0.0
fit,speaker_indoor@2065,0.9480469226837158,0.9480469226837158,0.9480469226837158,0,0,0.9480469226837158,0.03711852431297302,0.0,0.0,0.0
fit,speaker_indoor@2095,0.43966397643089294,0.7633092999458313,0.7633092999458313,1,1,0.7633092999458313,0.05443505197763443,1.4296103715896606,1.7940185070037842,0.3644081950187683
fit,speaker_indoor@2108,0.4753291606903076,0.4753291606903076,0.5673477649688721,0,0,0.4753291606903076,0.16170178353786469,0.0,0.0,0.0
fit,speaker_indoor@2297,0.900732159614563,0.8137882351875305,0.900732159614563,1,1,0.8137882351875305,0.22655300796031952,3.892029285430908,3.922961950302124,0.03093273937702179
fit,speaker_indoor@2473,0.8805481195449829,0.8805481195449829,0.8805481195449829,0,0,0.8805481195449829,0.04390137270092964,0.0,0.0,0.0
fit,speaker_indoor@2591,0.0,0.0,0.0,0,1,0.0,0.0780450850725174,0.0,0.0,0.0
fit,speaker_indoor@2593,0.0,0.0,0.0,1,1,0.0,0.07254680246114731,1.1471949815750122,1.5922220945358276,0.44502711296081543
fit,speaker_indoor@2754,0.9217203259468079,0.9217203259468079,0.9217203259468079,0,0,0.9217203259468079,0.034653179347515106,0.0,0.0,0.0
fit,speaker_indoor@2877,0.0,0.0,0.0,0,0,0.0,0.05951959639787674,0.0,0.0,0.0
fit,speaker_indoor@2879,0.0,0.12365032732486725,0.12365032732486725,6,6,0.12365032732486725,0.03380952030420303,2.2498550415039062,2.4069595336914062,0.1571044921875
fit,speaker_indoor@3006,0.8776294589042664,0.8776294589042664,0.8776294589042664,0,0,0.8776294589042664,0.05967402458190918,0.0,0.0,0.0
fit,speaker_indoor@3387,0.0,0.0,0.0,0,0,0.0,0.07215005159378052,0.0,0.0,0.0
fit,speaker_indoor@3389,0.0,0.0,0.0,0,0,0.0,0.034308288246393204,0.0,0.0,0.0
fit,speaker_indoor@3391,0.0,0.0,0.0,0,0,0.0,0.03968733176589012,0.0,0.0,0.0
fit,speaker_indoor@3396,0.0,0.0,0.0,0,0,0.0,0.07085810601711273,0.0,0.0,0.0
fit,pine02_wild_320@10,0.840972363948822,0.840972363948822,0.840972363948822,0,0,0.840972363948822,0.053254175931215286,0.0,0.0,0.0
fit,pine02_wild_320@26,0.8902913331985474,0.8902913331985474,0.8902913331985474,0,0,0.8902913331985474,0.1231822520494461,0.0,0.0,0.0
fit,pine02_wild_320@32,0.47179850935935974,0.47179850935935974,0.7961174249649048,0,0,0.47179850935935974,0.220486119389534,0.0,0.0,0.0
fit,pine02_wild_320@53,0.866844654083252,0.866844654083252,0.866844654083252,0,0,0.866844654083252,0.06571601331233978,0.0,0.0,0.0
fit,pine02_wild_320@69,0.9283515810966492,0.9283515810966492,0.9283515810966492,0,0,0.9283515810966492,0.05548767000436783,0.0,0.0,0.0
fit,pine02_wild_320@94,0.4831858277320862,0.4831858277320862,0.5822684168815613,0,0,0.4831858277320862,0.2089909017086029,0.0,0.0,0.0
fit,pine02_wild_320@108,0.89122474193573,0.89122474193573,0.89122474193573,0,0,0.89122474193573,0.046240661293268204,0.0,0.0,0.0
fit,pine02_wild_320@149,0.9355611801147461,0.9355611801147461,0.9355611801147461,0,0,0.9355611801147461,0.04383349046111107,0.0,0.0,0.0
fit,pine02_wild_320@166,0.8859570026397705,0.8859570026397705,0.9386639595031738,0,0,0.8859570026397705,0.06318631023168564,0.0,0.0,0.0
fit,pine02_wild_320@182,0.8319244980812073,0.8319244980812073,0.8319244980812073,0,0,0.8319244980812073,0.03992437943816185,0.0,0.0,0.0
fit,pine02_wild_320@202,0.0,0.0,0.0,0,2,0.0,0.1470937728881836,0.0,0.0,0.0
fit,pine02_wild_320@205,0.0,0.0,0.0,1,1,0.0,0.1068914532661438,0.41388797760009766,0.6650238037109375,0.25113582611083984
fit,pine02_wild_320@207,0.0,0.0,0.0,0,0,0.0,0.07061418890953064,0.0,0.0,0.0
fit,pine02_wild_320@209,0.0,0.0,0.0,0,2,0.0,0.10687877237796783,0.0,0.0,0.0
fit,pine02_wild_320@247,0.0,0.0,0.0,0,0,0.0,0.1009024828672409,0.0,0.0,0.0
fit,pine02_wild_320@249,0.0,0.0,0.0,0,2,0.0,0.16901278495788574,0.0,0.0,0.0
fit,pine02_wild_320@290,0.34732165932655334,0.34732165932655334,0.5135369896888733,0,0,0.34732165932655334,0.12326596677303314,0.0,0.0,0.0
fit,pine02_wild_320@292,0.2510377764701843,0.2510377764701843,0.3426443934440613,0,0,0.2510377764701843,0.1018756777048111,0.0,0.0,0.0
fit,pine02_wild_320@308,0.8885403275489807,0.8885403275489807,0.8885403275489807,0,0,0.8885403275489807,0.07597023248672485,0.0,0.0,0.0
fit,pine02_wild_320@324,0.8910740613937378,0.8910740613937378,0.8935688734054565,0,0,0.8910740613937378,0.29562827944755554,0.0,0.0,0.0
fit,pine02_wild_320@341,0.8646422028541565,0.8646422028541565,0.9216319918632507,0,0,0.8646422028541565,0.20679759979248047,0.0,0.0,0.0
fit,pine02_wild_320@357,0.8315277695655823,0.8315277695655823,0.8315277695655823,0,0,0.8315277695655823,0.2671654522418976,0.0,0.0,0.0
fit,pine02_wild_320@369,0.0,0.0,0.0,0,2,0.0,0.09835080802440643,0.0,0.0,0.0
fit,pine02_wild_320@371,0.0,0.0,0.0,0,1,0.0,0.06603441387414932,0.0,0.0,0.0
fit,pine02_wild_320@377,0.0,0.0,0.0,0,0,0.0,0.09092626720666885,0.0,0.0,0.0
fit,basket_indoor@10,0.41132640838623047,0.41132640838623047,0.44921743869781494,0,0,0.41132640838623047,0.11820895969867706,0.0,0.0,0.0
fit,basket_indoor@20,0.1891036480665207,0.1891036480665207,0.1891036480665207,0,0,0.1891036480665207,0.1456541121006012,0.0,0.0,0.0
fit,basket_indoor@51,0.0,0.0,0.0710233822464943,1,1,0.0,0.053169526159763336,1.4849649667739868,1.6310123205184937,0.14604735374450684
fit,basket_indoor@55,0.07825786620378494,0.07825786620378494,0.11723669618368149,0,0,0.07825786620378494,0.04265107586979866,0.0,0.0,0.0
fit,basket_indoor@57,0.0,0.1384163200855255,0.2687709629535675,1,1,0.1384163200855255,0.06555382907390594,0.3279329538345337,0.5595842599868774,0.23165130615234375
fit,basket_indoor@59,0.04247255250811577,0.04247255250811577,0.20787514746189117,0,0,0.04247255250811577,0.06824000924825668,0.0,0.0,0.0
fit,basket_indoor@67,0.503328263759613,0.503328263759613,0.503328263759613,0,0,0.503328263759613,0.06193573400378227,0.0,0.0,0.0
fit,basket_indoor@129,0.9316739439964294,0.9316739439964294,0.9316739439964294,0,0,0.9316739439964294,0.13818126916885376,0.0,0.0,0.0
fit,basket_indoor@190,0.9299357533454895,0.9299357533454895,0.9299357533454895,0,0,0.9299357533454895,0.08569716662168503,0.0,0.0,0.0
fit,basket_indoor@252,0.9304969310760498,0.9304969310760498,0.9304969310760498,0,0,0.9304969310760498,0.0703067034482956,0.0,0.0,0.0
fit,basket_indoor@314,0.8650734424591064,0.8650734424591064,0.8664092421531677,0,0,0.8650734424591064,0.0864076092839241,0.0,0.0,0.0
fit,basket_indoor@376,0.8719466924667358,0.8719466924667358,0.8719466924667358,0,0,0.8719466924667358,0.05417235940694809,0.0,0.0,0.0
fit,basket_indoor@437,0.9022195339202881,0.9022195339202881,0.9022195339202881,0,0,0.9022195339202881,0.11517460644245148,0.0,0.0,0.0
fit,basket_indoor@499,0.9134289622306824,0.9134289622306824,0.9134289622306824,0,0,0.9134289622306824,0.030143659561872482,0.0,0.0,0.0
fit,basket_indoor@557,0.16679564118385315,0.16679564118385315,0.3303443193435669,0,1,0.13857223093509674,0.14364342391490936,0.0,0.0,0.0
fit,basket_indoor@573,0.9242553114891052,0.9242553114891052,0.9242553114891052,0,0,0.9242553114891052,0.05655256658792496,0.0,0.0,0.0
fit,basket_indoor@605,0.3577952980995178,0.3577952980995178,0.3577952980995178,0,0,0.3577952980995178,0.12040984630584717,0.0,0.0,0.0
fit,basket_indoor@623,0.0,0.0,0.0,0,1,0.0,0.1512814462184906,0.0,0.0,0.0
fit,basket_indoor@625,0.0,0.0,0.0,0,4,0.0,0.17395420372486115,0.0,0.0,0.0
fit,basket_indoor@677,0.0,0.0,0.0,0,2,0.0,0.13732363283634186,0.0,0.0,0.0
fit,basket_indoor@713,0.937095582485199,0.937095582485199,0.937095582485199,0,0,0.937095582485199,0.04892265051603317,0.0,0.0,0.0
fit,basket_indoor@774,0.8442287445068359,0.8442287445068359,0.8442287445068359,0,0,0.8442287445068359,0.09443367272615433,0.0,0.0,0.0
fit,basket_indoor@836,0.8835365772247314,0.8835365772247314,0.8835365772247314,0,3,0.8003979921340942,0.19650401175022125,0.0,0.0,0.0
fit,leaves04_indoor@10,0.842544436454773,0.842544436454773,0.842544436454773,0,1,0.6776071786880493,0.4458235204219818,0.0,0.0,0.0
fit,leaves04_indoor@41,0.4446523189544678,0.5596988201141357,0.5596988201141357,1,1,0.5596988201141357,0.07363475859165192,0.47456955909729004,0.665804386138916,0.19123482704162598
fit,leaves04_indoor@129,0.8602390289306641,0.8602390289306641,0.8602390289306641,0,0,0.8602390289306641,0.04571675881743431,0.0,0.0,0.0
fit,leaves04_indoor@248,0.8450588583946228,0.8450588583946228,0.8450588583946228,0,0,0.8450588583946228,0.02895699068903923,0.0,0.0,0.0
fit,leaves04_indoor@339,0.08582201600074768,0.08582201600074768,0.3562825918197632,0,0,0.08582201600074768,0.08415765315294266,0.0,0.0,0.0
fit,leaves04_indoor@370,0.8433569073677063,0.8433569073677063,0.8433569073677063,0,0,0.8433569073677063,0.09800509363412857,0.0,0.0,0.0
fit,leaves04_indoor@447,0.0,0.0,0.0,1,1,0.0,0.11244229227304459,2.7481586933135986,3.0042288303375244,0.25607001781463623
fit,leaves04_indoor@449,0.0,0.0,0.022228380665183067,0,3,0.0,0.06423255801200867,0.0,0.0,0.0
fit,leaves04_indoor@586,0.8847745060920715,0.8847745060920715,0.9314776062965393,0,0,0.8847745060920715,0.17875948548316956,0.0,0.0,0.0
fit,leaves04_indoor@728,0.8911990523338318,0.8911990523338318,0.8920620679855347,0,0,0.8911990523338318,0.17912878096103668,0.0,0.0,0.0
fit,leaves04_indoor@757,0.4890937805175781,0.4890937805175781,0.5091712474822998,0,0,0.4890937805175781,0.06353398412466049,0.0,0.0,0.0
fit,leaves04_indoor@864,0.5762520432472229,0.5762520432472229,0.6064653396606445,0,0,0.5762520432472229,0.1478385031223297,0.0,0.0,0.0
fit,leaves04_indoor@1047,0.6629225015640259,0.6629225015640259,0.6629225015640259,0,0,0.6629225015640259,0.11985832452774048,0.0,0.0,0.0
fit,leaves04_indoor@1070,0.09263551980257034,0.09263551980257034,0.14930768311023712,0,6,0.14930768311023712,0.021970365196466446,0.0,0.0,0.0
fit,leaves04_indoor@1072,0.0935923233628273,0.0935923233628273,0.1939219981431961,0,0,0.0935923233628273,0.05410100147128105,0.0,0.0,0.0
fit,leaves04_indoor@1074,0.0,0.04689398035407066,0.09042499959468842,1,1,0.04689398035407066,0.08115439116954803,3.0042643547058105,3.0422167778015137,0.037952542304992676
fit,leaves04_indoor@1094,0.19653023779392242,0.35534319281578064,0.35534319281578064,1,1,0.35534319281578064,0.10954979807138443,0.6329696178436279,0.8532335758209229,0.22026395797729492
fit,leaves04_indoor@1162,0.017339546233415604,0.017339546233415604,0.03231534734368324,0,0,0.017339546233415604,0.05038530379533768,0.0,0.0,0.0
fit,leaves04_indoor@1164,0.01952085644006729,0.01952085644006729,0.07327527552843094,0,3,0.055335912853479385,0.07161818444728851,0.0,0.0,0.0
fit,leaves04_indoor@1177,0.06398136168718338,0.06398136168718338,0.07586808502674103,0,4,0.07586808502674103,0.03474701941013336,0.0,0.0,0.0
fit,leaves04_indoor@1179,0.04563802853226662,0.04563802853226662,0.04828706756234169,0,2,0.04484795778989792,0.061729270964860916,0.0,0.0,0.0
fit,leaves04_indoor@1181,0.048995982855558395,0.048995982855558395,0.10188204050064087,0,0,0.048995982855558395,0.03066040202975273,0.0,0.0,0.0
fit,leaves04_indoor@1250,0.8664262890815735,0.8664262890815735,0.9063612818717957,0,0,0.8664262890815735,0.06241123750805855,0.0,0.0,0.0
fit,leaves04_indoor@1292,0.008927006274461746,0.008927006274461746,0.03935007005929947,0,0,0.008927006274461746,0.026297425851225853,0.0,0.0,0.0
fit,leaves04_indoor@1294,0.0,0.0,0.0063697868026793,0,0,0.0,0.04392171651124954,0.0,0.0,0.0
fit,leaves04_indoor@1418,0.7545022368431091,0.7545022368431091,0.7545022368431091,0,0,0.7545022368431091,0.04520391672849655,0.0,0.0,0.0
fit,leaves04_indoor@1622,0.0,0.0,0.0,0,0,0.0,0.040490858256816864,0.0,0.0,0.0
fit,leaves04_indoor@1624,0.0,0.0,0.0,0,2,0.0,0.03982730582356453,0.0,0.0,0.0
fit,leaves04_indoor@1733,0.687515139579773,0.687515139579773,0.7158256769180298,0,2,0.631334125995636,0.2669225335121155,0.0,0.0,0.0
fit,leaves04_indoor@1839,0.0,0.3174865245819092,0.3174865245819092,4,4,0.3174865245819092,0.05873527377843857,1.0588884353637695,2.0329689979553223,0.9740805625915527
fit,leaves04_indoor@1888,0.44963958859443665,0.44963958859443665,0.5825873613357544,0,1,0.5825873613357544,0.10884330421686172,0.0,0.0,0.0
fit,leaves04_indoor@1900,0.770103931427002,0.770103931427002,0.770103931427002,0,0,0.770103931427002,0.031704824417829514,0.0,0.0,0.0
fit,dumbbells02_indoor@10,0.9204156398773193,0.9204156398773193,0.9204156398773193,0,0,0.9204156398773193,0.13062384724617004,0.0,0.0,0.0
fit,dumbbells02_indoor@69,0.7243208289146423,0.7243208289146423,0.7243208289146423,0,2,0.6306912302970886,0.0742136687040329,0.0,0.0,0.0
fit,dumbbells02_indoor@127,0.8685463070869446,0.8685463070869446,0.8685463070869446,0,0,0.8685463070869446,0.08258368819952011,0.0,0.0,0.0
fit,dumbbells02_indoor@186,0.8276836276054382,0.8276836276054382,0.8276836276054382,0,0,0.8276836276054382,0.05177553370594978,0.0,0.0,0.0
fit,dumbbells02_indoor@245,0.9356300830841064,0.9356300830841064,0.9356300830841064,0,0,0.9356300830841064,0.0633784607052803,0.0,0.0,0.0
fit,dumbbells02_indoor@272,0.43335238099098206,0.43335238099098206,0.4506656527519226,0,0,0.43335238099098206,0.152624249458313,0.0,0.0,0.0
fit,dumbbells02_indoor@274,0.40431126952171326,0.4528667628765106,0.4592081904411316,1,1,0.4528667628765106,0.08096971362829208,2.3458878993988037,2.3870959281921387,0.041207969188690186
fit,dumbbells02_indoor@308,0.8710365891456604,0.8710365891456604,0.8710365891456604,0,0,0.8710365891456604,0.05545855686068535,0.0,0.0,0.0
fit,dumbbells02_indoor@366,0.9114217162132263,0.9114217162132263,0.9114217162132263,0,0,0.9114217162132263,0.04646341875195503,0.0,0.0,0.0
fit,dumbbells02_indoor@392,0.024001410230994225,0.024001410230994225,0.06219048425555229,0,0,0.024001410230994225,0.02870282158255577,0.0,0.0,0.0
fit,dumbbells02_indoor@397,0.39074188470840454,0.39074188470840454,0.39074188470840454,0,0,0.39074188470840454,0.05682125687599182,0.0,0.0,0.0
fit,dumbbells02_indoor@442,0.9394863843917847,0.9394863843917847,0.9394863843917847,0,3,0.8206084370613098,0.12380249798297882,0.0,0.0,0.0
fit,dumbbells02_indoor@501,0.8826383352279663,0.8826383352279663,0.8826383352279663,0,0,0.8826383352279663,0.035328302532434464,0.0,0.0,0.0
fit,dumbbells02_indoor@561,0.6648130416870117,0.6648130416870117,0.6648130416870117,0,0,0.6648130416870117,0.05183098837733269,0.0,0.0,0.0
fit,dumbbells02_indoor@619,0.9165623188018799,0.9165623188018799,0.9165623188018799,0,0,0.9165623188018799,0.11262886226177216,0.0,0.0,0.0
fit,dumbbells02_indoor@678,0.5940907597541809,0.5940907597541809,0.5940907597541809,0,0,0.5940907597541809,0.23060910403728485,0.0,0.0,0.0
fit,dumbbells02_indoor@679,0.3926835358142853,0.3926835358142853,0.3926835358142853,0,0,0.3926835358142853,0.14781199395656586,0.0,0.0,0.0
fit,dumbbells02_indoor@689,0.014438102953135967,0.01574893295764923,0.02023029699921608,2,2,0.01574893295764923,0.16925564408302307,3.6901891231536865,3.9667627811431885,0.2765735983848572
fit,dumbbells02_indoor@691,0.029426250606775284,0.03279329091310501,0.039951715618371964,2,2,0.03279329091310501,0.16486412286758423,3.772686004638672,4.117750644683838,0.34506452083587646
fit,dumbbells02_indoor@923,0.0058617000468075275,0.009940539486706257,0.013003569096326828,2,2,0.009940539486706257,0.2369914948940277,5.220738410949707,5.238783359527588,0.018045008182525635
fit,dumbbells02_indoor@925,0.009320913814008236,0.017897289246320724,0.01892445608973503,1,1,0.017897289246320724,0.1362534612417221,4.703437328338623,4.79158353805542,0.08814632892608643
fit,dumbbells02_indoor@1366,0.0,0.0,0.0,0,0,0.0,0.07713478803634644,0.0,0.0,0.0
fit,bottle03_indoor@10,0.9336934089660645,0.9336934089660645,0.9336934089660645,0,0,0.9336934089660645,0.09362286329269409,0.0,0.0,0.0
fit,bottle03_indoor@100,0.1723858267068863,0.1723858267068863,0.3972180187702179,0,0,0.1723858267068863,0.1212339773774147,0.0,0.0,0.0
fit,bottle03_indoor@282,0.9353461861610413,0.6070173978805542,0.9353461861610413,1,1,0.6070173978805542,0.09768455475568771,4.450507164001465,4.484019756317139,0.03351235389709473
fit,bottle03_indoor@487,0.0,0.0,0.06279434263706207,0,0,0.0,0.03801111504435539,0.0,0.0,0.0
fit,bottle03_indoor@571,0.8899582624435425,0.8899582624435425,0.8899582624435425,0,0,0.8899582624435425,0.0686074048280716,0.0,0.0,0.0
fit,bottle03_indoor@631,0.4542306661605835,0.4542306661605835,0.4542306661605835,0,0,0.4542306661605835,0.08237576484680176,0.0,0.0,0.0
fit,bottle03_indoor@860,0.9034789204597473,0.9034789204597473,0.9034789204597473,0,0,0.9034789204597473,0.054245609790086746,0.0,0.0,0.0
fit,bottle03_indoor@1066,0.3064667582511902,0.16107770800590515,0.42730090022087097,3,3,0.16107770800590515,0.19592219591140747,2.078975200653076,3.0342419147491455,0.9552667140960693
fit,bottle03_indoor@1130,0.921406626701355,0.8096716403961182,0.921406626701355,2,2,0.8096716403961182,0.2980610132217407,3.730114698410034,4.144169807434082,0.41405487060546875
fit,bottle03_indoor@1397,0.8608773946762085,0.8608773946762085,0.8608773946762085,0,0,0.8608773946762085,0.031226899474859238,0.0,0.0,0.0
fit,bottle03_indoor@1758,0.8308541774749756,0.8308541774749756,0.8308541774749756,0,1,0.5859924554824829,0.10975585877895355,0.0,0.0,0.0
fit,bottle03_indoor@2095,0.08016733080148697,0.08016733080148697,0.10860133171081543,0,1,0.10860133171081543,0.042163051664829254,0.0,0.0,0.0
fit,bottle03_indoor@2107,0.8284978270530701,0.8284978270530701,0.8284978270530701,0,1,0.6832223534584045,0.13748858869075775,0.0,0.0,0.0
fit,bottle03_indoor@2270,0.29555052518844604,0.29555052518844604,0.29555052518844604,0,3,0.22340534627437592,0.03383893519639969,0.0,0.0,0.0
fit,bottle03_indoor@2380,0.9347158074378967,0.9347158074378967,0.9347158074378967,0,0,0.9347158074378967,0.14240100979804993,0.0,0.0,0.0
fit,bottle03_indoor@2647,0.8881922364234924,0.8881922364234924,0.8881922364234924,0,0,0.8881922364234924,0.06132926419377327,0.0,0.0,0.0
fit,bottle03_indoor@2914,0.778253972530365,0.778253972530365,0.778253972530365,0,0,0.778253972530365,0.041655536741018295,0.0,0.0,0.0
fit,bottle03_indoor@3181,0.8723974823951721,0.8723974823951721,0.8723974823951721,0,1,0.780686616897583,0.2187274694442749,0.0,0.0,0.0
fit,candlecup_indoor@10,0.9430075287818909,0.9430075287818909,0.9430075287818909,0,0,0.9430075287818909,0.05020298808813095,0.0,0.0,0.0
fit,candlecup_indoor@72,0.9319192171096802,0.9319192171096802,0.9319192171096802,0,0,0.9319192171096802,0.04138053581118584,0.0,0.0,0.0
fit,candlecup_indoor@134,0.9672961235046387,0.9672961235046387,0.9672961235046387,0,0,0.9672961235046387,0.03436454385519028,0.0,0.0,0.0
fit,candlecup_indoor@197,0.9725129008293152,0.9725129008293152,0.9725129008293152,0,0,0.9725129008293152,0.04757055267691612,0.0,0.0,0.0
fit,candlecup_indoor@259,0.8016725182533264,0.8016725182533264,0.8130818605422974,0,0,0.8016725182533264,0.05847293138504028,0.0,0.0,0.0
fit,candlecup_indoor@265,0.26896440982818604,0.26896440982818604,0.7217175364494324,0,0,0.26896440982818604,0.2953130602836609,0.0,0.0,0.0
fit,candlecup_indoor@266,0.3813149034976959,0.3813149034976959,0.7125593423843384,0,2,0.3672846853733063,0.27589425444602966,0.0,0.0,0.0
fit,candlecup_indoor@323,0.9427170157432556,0.9427170157432556,0.9427170157432556,0,0,0.9427170157432556,0.08230575174093246,0.0,0.0,0.0
fit,candlecup_indoor@385,0.9227413535118103,0.9227413535118103,0.9227413535118103,0,0,0.9227413535118103,0.06438448280096054,0.0,0.0,0.0
fit,candlecup_indoor@447,0.8288641571998596,0.8288641571998596,0.8497916460037231,0,0,0.8288641571998596,0.04977898672223091,0.0,0.0,0.0
fit,candlecup_indoor@509,0.9103310108184814,0.9103310108184814,0.9103310108184814,0,0,0.9103310108184814,0.07062865793704987,0.0,0.0,0.0
fit,candlecup_indoor@572,0.9494860172271729,0.9494860172271729,0.9494860172271729,0,0,0.9494860172271729,0.07394347339868546,0.0,0.0,0.0
fit,candlecup_indoor@634,0.9221808910369873,0.9221808910369873,0.9221808910369873,0,0,0.9221808910369873,0.07034991681575775,0.0,0.0,0.0
fit,candlecup_indoor@696,0.9647462964057922,0.9647462964057922,0.9647462964057922,0,0,0.9647462964057922,0.03534313663840294,0.0,0.0,0.0
fit,ball08_wild@10,0.0,0.0,0.0,1,1,0.0,0.2130092829465866,1.904897689819336,2.0814666748046875,0.1765691041946411
fit,ball08_wild@35,0.0,0.0,0.0,0,0,0.0,0.36940664052963257,0.0,0.0,0.0
fit,ball08_wild@37,0.0,0.0,0.0,0,2,0.0,0.3539924919605255,0.0,0.0,0.0
fit,ball08_wild@39,0.0,0.0,0.0,0,1,0.0,0.4559940695762634,0.0,0.0,0.0
fit,ball08_wild@187,0.5791696310043335,0.5791696310043335,0.5791696310043335,0,0,0.5791696310043335,0.039433058351278305,0.0,0.0,0.0
fit,ball08_wild@204,0.0,0.0,0.0,0,0,0.0,0.033796485513448715,0.0,0.0,0.0
fit,ball08_wild@206,0.0,0.0,0.0,0,0,0.0,0.03375641256570816,0.0,0.0,0.0
fit,ball08_wild@344,0.9339006543159485,0.9339006543159485,0.9339006543159485,0,0,0.9339006543159485,0.04054899141192436,0.0,0.0,0.0
fit,ball08_wild@437,0.3962741494178772,0.3962741494178772,0.4264645278453827,0,0,0.3962741494178772,0.09369628131389618,0.0,0.0,0.0
fit,ball08_wild@479,0.8580606579780579,0.8580606579780579,0.8580606579780579,0,0,0.8580606579780579,0.03517403453588486,0.0,0.0,0.0
fit,ball08_wild@621,0.9599713087081909,0.9599713087081909,0.9599713087081909,0,0,0.9599713087081909,0.0561780110001564,0.0,0.0,0.0
fit,ball08_wild@763,0.9289551377296448,0.9289551377296448,0.9289551377296448,0,0,0.9289551377296448,0.09118315577507019,0.0,0.0,0.0
fit,ball08_wild@817,0.49914905428886414,0.49914905428886414,0.5202445387840271,0,0,0.49914905428886414,0.05574815720319748,0.0,0.0,0.0
fit,ball08_wild@898,0.9181239008903503,0.9181239008903503,0.9181239008903503,0,0,0.9181239008903503,0.042442865669727325,0.0,0.0,0.0
fit,ball08_wild@1032,0.9055426120758057,0.9055426120758057,0.9055426120758057,0,0,0.9055426120758057,0.04149910435080528,0.0,0.0,0.0
fit,ball08_wild@1189,0.9530908465385437,0.9530908465385437,0.9530908465385437,0,0,0.9530908465385437,0.09209974855184555,0.0,0.0,0.0
fit,ball08_wild@1230,0.16903842985630035,0.16903842985630035,0.2659902274608612,0,0,0.16903842985630035,0.14271418750286102,0.0,0.0,0.0
fit,ball08_wild@1331,0.9641594886779785,0.9641594886779785,0.9783764481544495,0,0,0.9641594886779785,0.0620848648250103,0.0,0.0,0.0
fit,ball08_wild@1467,0.931922435760498,0.931922435760498,0.931922435760498,0,0,0.931922435760498,0.07290138304233551,0.0,0.0,0.0
fit,ball08_wild@1496,0.0,0.06867504119873047,0.06867504119873047,6,6,0.06867504119873047,0.022712107747793198,0.4089164733886719,0.696986198425293,0.2880697250366211
fit,ball08_wild@1586,0.21038730442523956,0.33537784218788147,0.33537784218788147,2,2,0.33537784218788147,0.07230023294687271,2.9037082195281982,3.070803642272949,0.1670953631401062
fit,ball08_wild@1613,0.9230607748031616,0.9230607748031616,0.9230607748031616,0,0,0.9230607748031616,0.0719081312417984,0.0,0.0,0.0
fit,ball08_wild@1746,0.9279317259788513,0.9279317259788513,0.9279317259788513,0,0,0.9279317259788513,0.03348392993211746,0.0,0.0,0.0
fit,milkbottle_indoor@10,0.9331905841827393,0.9331905841827393,0.9331905841827393,0,0,0.9331905841827393,0.055842459201812744,0.0,0.0,0.0
fit,milkbottle_indoor@239,0.9266747832298279,0.9266747832298279,0.9266747832298279,0,0,0.9266747832298279,0.30574026703834534,0.0,0.0,0.0
fit,milkbottle_indoor@468,0.933057963848114,0.933057963848114,0.933057963848114,0,0,0.933057963848114,0.05658583715558052,0.0,0.0,0.0
fit,milkbottle_indoor@697,0.8463435769081116,0.8463435769081116,0.8463435769081116,0,0,0.8463435769081116,0.0675169825553894,0.0,0.0,0.0
fit,milkbottle_indoor@926,0.6139606237411499,0.6139606237411499,0.8407800793647766,0,0,0.6139606237411499,0.13320182263851166,0.0,0.0,0.0
fit,milkbottle_indoor@1155,0.9356852769851685,0.9356852769851685,0.9356852769851685,0,0,0.9356852769851685,0.13972488045692444,0.0,0.0,0.0
fit,milkbottle_indoor@1384,0.8568497896194458,0.8568497896194458,0.8628190159797668,0,0,0.8568497896194458,0.05538291856646538,0.0,0.0,0.0
fit,milkbottle_indoor@1613,0.9517794847488403,0.9517794847488403,0.9517794847488403,0,0,0.9517794847488403,0.08886456489562988,0.0,0.0,0.0
fit,milkbottle_indoor@1842,0.8773417472839355,0.8773417472839355,0.8773417472839355,0,0,0.8773417472839355,0.061443030834198,0.0,0.0,0.0
fit,milkbottle_indoor@2078,0.9218423962593079,0.9218423962593079,0.9218423962593079,0,0,0.9218423962593079,0.06412766128778458,0.0,0.0,0.0
fit,milkbottle_indoor@2143,0.49086621403694153,0.49086621403694153,0.7466871738433838,0,0,0.49086621403694153,0.12688592076301575,0.0,0.0,0.0
fit,milkbottle_indoor@2241,0.45436322689056396,0.6127597689628601,0.6474087834358215,1,1,0.6127597689628601,0.09045712649822235,0.5290640592575073,0.9241544008255005,0.39509034156799316
fit,milkbottle_indoor@2312,0.8444311618804932,0.8444311618804932,0.8567304611206055,0,0,0.8444311618804932,0.11976553499698639,0.0,0.0,0.0
fit,milkbottle_indoor@2535,0.47658106684684753,0.5728616118431091,0.7100436091423035,1,1,0.5728616118431091,0.09633611142635345,1.4344353675842285,1.8946330547332764,0.4601978063583374
fit,milkbottle_indoor@2543,0.6271498799324036,0.6271498799324036,0.6271498799324036,0,0,0.6271498799324036,0.06664338707923889,0.0,0.0,0.0
fit,milkbottle_indoor@2577,0.0,0.0,0.0,2,2,0.0,0.21037492156028748,4.781069278717041,5.1062469482421875,0.3251776695251465
fit,milkbottle_indoor@2597,0.07411433011293411,0.07411433011293411,0.3892970681190491,0,0,0.07411433011293411,0.12636767327785492,0.0,0.0,0.0
fit,milkbottle_indoor@2598,0.133082315325737,0.133082315325737,0.16419224441051483,0,3,0.1125088706612587,0.1517069786787033,0.0,0.0,0.0
fit,milkbottle_indoor@2599,0.06064469739794731,0.05647837370634079,0.09899292886257172,2,2,0.05647837370634079,0.12398378551006317,3.24287486076355,3.2732744216918945,0.030399560928344727
fit,milkbottle_indoor@2601,0.0,0.0,0.0,1,1,0.0,0.16582979261875153,4.5455851554870605,4.873373031616211,0.32778799533843994
fit,milkbottle_indoor@2716,0.0,0.0,0.1572830229997635,2,2,0.0,0.18042196333408356,5.033494472503662,5.213047981262207,0.17955362796783447
fit,bottle06_indoor@10,0.9316512942314148,0.9316512942314148,0.9316512942314148,0,0,0.9316512942314148,0.07926737517118454,0.0,0.0,0.0
fit,bottle06_indoor@34,0.8505265712738037,0.8505265712738037,0.8505265712738037,0,0,0.8505265712738037,0.04624562710523605,0.0,0.0,0.0
fit,bottle06_indoor@59,0.871532142162323,0.871532142162323,0.871532142162323,0,0,0.871532142162323,0.047864820808172226,0.0,0.0,0.0
fit,bottle06_indoor@83,0.9101836681365967,0.9101836681365967,0.9101836681365967,0,0,0.9101836681365967,0.06366053223609924,0.0,0.0,0.0
fit,bottle06_indoor@107,0.8873664736747742,0.8873664736747742,0.8873664736747742,0,3,0.7524749040603638,0.10609493404626846,0.0,0.0,0.0
fit,bottle06_indoor@131,0.9530460238456726,0.9530460238456726,0.9530460238456726,0,0,0.9530460238456726,0.05205260589718819,0.0,0.0,0.0
fit,bottle06_indoor@150,0.42408692836761475,0.6387686133384705,0.6387686133384705,1,1,0.6387686133384705,0.0327393040060997,0.3352479338645935,1.3878724575042725,1.0526244640350342
fit,bottle06_indoor@157,0.8859759569168091,0.8859759569168091,0.8859759569168091,0,0,0.8859759569168091,0.3711434304714203,0.0,0.0,0.0
fit,bottle06_indoor@181,0.7282940745353699,0.7282940745353699,0.7282940745353699,0,0,0.7282940745353699,0.1035776361823082,0.0,0.0,0.0
fit,bottle06_indoor@205,0.9428273439407349,0.9428273439407349,0.9428273439407349,0,0,0.9428273439407349,0.046899523586034775,0.0,0.0,0.0
fit,bottle06_indoor@229,0.8264337778091431,0.8264337778091431,0.8264337778091431,0,0,0.8264337778091431,0.10916212946176529,0.0,0.0,0.0
fit,bottle06_indoor@254,0.9094203114509583,0.9094203114509583,0.9094203114509583,0,0,0.9094203114509583,0.039130277931690216,0.0,0.0,0.0
fit,bottle06_indoor@263,0.13247761130332947,0.0,0.17574217915534973,1,1,0.0,0.2262495458126068,2.578017473220825,3.05975079536438,0.4817332625389099
fit,bottle06_indoor@280,0.8745343089103699,0.8745343089103699,0.8745343089103699,0,0,0.8745343089103699,0.06660357862710953,0.0,0.0,0.0
fit,toy08_indoor@10,0.9554324746131897,0.9554324746131897,0.9554324746131897,0,0,0.9554324746131897,0.053603656589984894,0.0,0.0,0.0
fit,toy08_indoor@187,0.9049510359764099,0.9049510359764099,0.9049510359764099,0,0,0.9049510359764099,0.04525933414697647,0.0,0.0,0.0
fit,toy08_indoor@365,0.8531197309494019,0.8531197309494019,0.865069568157196,0,0,0.8531197309494019,0.06681003421545029,0.0,0.0,0.0
fit,toy08_indoor@415,0.43420109152793884,0.43420109152793884,0.43420109152793884,0,0,0.43420109152793884,0.1464962214231491,0.0,0.0,0.0
fit,toy08_indoor@422,0.0006622064393013716,0.0006622064393013716,0.0008238793234340847,0,2,0.0008238793234340847,0.10288691520690918,0.0,0.0,0.0
fit,toy08_indoor@559,0.9218353629112244,0.9218353629112244,0.9218353629112244,0,0,0.9218353629112244,0.026098191738128662,0.0,0.0,0.0
fit,toy08_indoor@737,0.8229808211326599,0.8229808211326599,0.8229808211326599,0,0,0.8229808211326599,0.0901692733168602,0.0,0.0,0.0
fit,toy08_indoor@774,0.14544643461704254,0.19511748850345612,0.21197214722633362,1,1,0.19511748850345612,0.10515515506267548,0.47920459508895874,0.6883261203765869,0.20912152528762817
fit,toy08_indoor@924,0.8644496202468872,0.8644496202468872,0.8644496202468872,0,0,0.8644496202468872,0.06362588703632355,0.0,0.0,0.0
fit,toy08_indoor@1102,0.8158054947853088,0.8158054947853088,0.8158054947853088,0,0,0.8158054947853088,0.03952145203948021,0.0,0.0,0.0
fit,toy08_indoor@1195,0.3839772939682007,0.42782896757125854,0.42782896757125854,1,1,0.42782896757125854,0.08113721758127213,2.8657617568969727,3.0845706462860107,0.21880888938903809
fit,toy08_indoor@1311,0.7882180213928223,0.7882180213928223,0.8010722994804382,0,0,0.7882180213928223,0.10335777699947357,0.0,0.0,0.0
fit,toy08_indoor@1324,0.0,0.6061816215515137,0.6061816215515137,3,3,0.6061816215515137,0.10817335546016693,1.3154834508895874,2.4355697631835938,1.120086431503296
fit,toy08_indoor@1495,0.9600622653961182,0.9600622653961182,0.9600622653961182,0,0,0.9600622653961182,0.08696699142456055,0.0,0.0,0.0
fit,toy08_indoor@1672,0.8429881930351257,0.8429881930351257,0.8501729369163513,0,0,0.8429881930351257,0.055863820016384125,0.0,0.0,0.0
fit,toy08_indoor@1859,0.8967400789260864,0.8967400789260864,0.8967400789260864,0,0,0.8967400789260864,0.07479891180992126,0.0,0.0,0.0
fit,toy08_indoor@1889,0.44715017080307007,0.44715017080307007,0.4532356262207031,0,0,0.44715017080307007,0.07729734480381012,0.0,0.0,0.0
fit,toy08_indoor@2043,0.6014285683631897,0.6014285683631897,0.6034418940544128,0,3,0.6034418940544128,0.2178427278995514,0.0,0.0,0.0
fit,human05_wild@10,0.9493820667266846,0.9493820667266846,0.9493820667266846,0,0,0.9493820667266846,0.0947556123137474,0.0,0.0,0.0
fit,human05_wild@204,0.8160811066627502,0.8160811066627502,0.8160811066627502,0,0,0.8160811066627502,0.06234891340136528,0.0,0.0,0.0
fit,human05_wild@399,0.9697701334953308,0.9697701334953308,0.9697701334953308,0,0,0.9697701334953308,0.07134497165679932,0.0,0.0,0.0
fit,human05_wild@593,0.8793525695800781,0.8793525695800781,0.8793525695800781,0,0,0.8793525695800781,0.08855290710926056,0.0,0.0,0.0
fit,human05_wild@788,0.9032633900642395,0.9032633900642395,0.9032633900642395,0,0,0.9032633900642395,0.07209199666976929,0.0,0.0,0.0
fit,human05_wild@982,0.9669342041015625,0.9669342041015625,0.9669342041015625,0,0,0.9669342041015625,0.07517868280410767,0.0,0.0,0.0
fit,human05_wild@1178,0.8964307308197021,0.8964307308197021,0.8964307308197021,0,0,0.8964307308197021,0.04436718672513962,0.0,0.0,0.0
fit,human05_wild@1372,0.9328702092170715,0.9328702092170715,0.9328702092170715,0,0,0.9328702092170715,0.05616646260023117,0.0,0.0,0.0
fit,human05_wild@1567,0.9533679485321045,0.9533679485321045,0.9533679485321045,0,0,0.9533679485321045,0.051765959709882736,0.0,0.0,0.0
fit,human05_wild@1767,0.0,0.0,0.0,1,1,0.0,0.22587773203849792,4.242794036865234,4.613345146179199,0.3705509901046753
fit,human05_wild@1769,0.0,0.0,0.0,1,1,0.0,0.22284618020057678,5.12404727935791,5.140763759613037,0.016716837882995605
fit,human05_wild@1796,0.12266361713409424,0.12266361713409424,0.13633568584918976,0,0,0.12266361713409424,0.03921779245138168,0.0,0.0,0.0
fit,human05_wild@1797,0.3041015565395355,0.3041015565395355,0.3827281892299652,0,0,0.3041015565395355,0.2584579586982727,0.0,0.0,0.0
fit,human05_wild@1848,0.8217106461524963,0.8217106461524963,0.8217106461524963,0,0,0.8217106461524963,0.4105653166770935,0.0,0.0,0.0
fit,human05_wild@2044,0.9782897233963013,0.9782897233963013,0.9782897233963013,0,0,0.9782897233963013,0.09155629575252533,0.0,0.0,0.0
fit,human05_wild@2211,0.4098574221134186,0.4098574221134186,0.42212650179862976,0,0,0.4098574221134186,0.25341081619262695,0.0,0.0,0.0
fit,human05_wild@2232,0.0,0.0,0.0,0,0,0.0,0.03357755392789841,0.0,0.0,0.0
fit,human05_wild@2234,0.0,0.0,0.0,0,0,0.0,0.03426586091518402,0.0,0.0,0.0
fit,human05_wild@2293,0.0,0.0,0.0,0,0,0.0,0.030445629730820656,0.0,0.0,0.0
fit,human05_wild@2294,0.1937943398952484,0.1937943398952484,0.5182738900184631,0,0,0.1937943398952484,0.06379258632659912,0.0,0.0,0.0
fit,human05_wild@2323,0.8809922933578491,0.8809922933578491,0.8809922933578491,0,0,0.8809922933578491,0.08940964192152023,0.0,0.0,0.0
fit,ball09_wild@10,0.873921811580658,0.873921811580658,0.873921811580658,0,0,0.873921811580658,0.06354008615016937,0.0,0.0,0.0
fit,ball09_wild@130,0.9030603170394897,0.9030603170394897,0.9030603170394897,0,0,0.9030603170394897,0.14552071690559387,0.0,0.0,0.0
fit,ball09_wild@164,0.1988244652748108,0.14998315274715424,0.3200942873954773,3,3,0.14998315274715424,0.07655109465122223,4.15189266204834,4.329700469970703,0.17780745029449463
fit,ball09_wild@255,0.9284912943840027,0.9284912943840027,0.9284912943840027,0,0,0.9284912943840027,0.08358832448720932,0.0,0.0,0.0
fit,ball09_wild@375,0.9343858957290649,0.9343858957290649,0.9343858957290649,0,0,0.9343858957290649,0.12290424108505249,0.0,0.0,0.0
fit,ball09_wild@510,0.0,0.0,0.0,3,3,0.0,0.3096466660499573,4.192661285400391,5.043940544128418,0.8512791991233826
fit,ball09_wild@512,0.0,0.0,0.0,5,3,0.0,0.24332019686698914,6.049077033996582,6.4933624267578125,0.44428586959838867
fit,ball09_wild@736,0.9072508811950684,0.9072508811950684,0.9072508811950684,0,1,0.7047467231750488,0.16441461443901062,0.0,0.0,0.0
fit,ball09_wild@856,0.9073563814163208,0.9073563814163208,0.9073563814163208,0,0,0.9073563814163208,0.10888762772083282,0.0,0.0,0.0
fit,ball09_wild@992,0.8966509699821472,0.8966509699821472,0.8966509699821472,0,0,0.8966509699821472,0.04937894269824028,0.0,0.0,0.0
fit,ball09_wild@1112,0.827983021736145,0.827983021736145,0.827983021736145,0,0,0.827983021736145,0.08279281109571457,0.0,0.0,0.0
fit,ball09_wild@1178,0.42697441577911377,0.42697441577911377,0.48409026861190796,0,0,0.42697441577911377,0.1491054743528366,0.0,0.0,0.0
fit,ball09_wild@1239,0.0,0.0,0.015272805467247963,0,1,0.0,0.35023024678230286,0.0,0.0,0.0
fit,ball09_wild@1241,0.0,0.0,0.061097513884305954,1,2,0.0,0.19944314658641815,3.7912628650665283,3.9128470420837402,0.12158417701721191
fit,ball09_wild@1257,0.0,0.0,0.0,0,0,0.0,0.4371311664581299,0.0,0.0,0.0
fit,ball09_wild@1259,0.0,0.0,0.8944410681724548,0,0,0.0,0.25680893659591675,0.0,0.0,0.0
fit,ball09_wild@1286,0.43300899863243103,0.3014398515224457,0.5428728461265564,4,1,0.538728654384613,0.14646299183368683,4.307187557220459,4.312193870544434,0.005006015300750732
fit,ball09_wild@1287,0.4825376272201538,0.4825376272201538,0.4825376272201538,0,0,0.4825376272201538,0.24519848823547363,0.0,0.0,0.0
fit,ball09_wild@1309,0.8711791634559631,0.8711791634559631,0.8711791634559631,0,1,0.7139021754264832,0.16033606231212616,0.0,0.0,0.0
fit,ball09_wild@1429,0.9236965775489807,0.9236965775489807,0.9236965775489807,0,0,0.9236965775489807,0.06257809698581696,0.0,0.0,0.0
fit,ball09_wild@1550,0.9399303197860718,0.9399303197860718,0.9399303197860718,0,0,0.9399303197860718,0.06609930098056793,0.0,0.0,0.0
fit,ball09_wild@1680,0.0,0.3012576699256897,0.3012576699256897,1,1,0.3012576699256897,0.07248421758413315,0.3113102912902832,3.5271949768066406,3.2158846855163574
fit,ball09_wild@1696,0.6065453290939331,0.6065453290939331,0.6065453290939331,0,0,0.6065453290939331,0.04943998530507088,0.0,0.0,0.0
fit,hat03_indoor@10,0.9062828421592712,0.9062828421592712,0.9062828421592712,0,0,0.9062828421592712,0.15109534561634064,0.0,0.0,0.0
fit,hat03_indoor@119,0.9218016266822815,0.9218016266822815,0.9218016266822815,0,0,0.9218016266822815,0.033414702862501144,0.0,0.0,0.0
fit,hat03_indoor@229,0.8826007843017578,0.8826007843017578,0.8826007843017578,0,0,0.8826007843017578,0.0857517197728157,0.0,0.0,0.0
fit,hat03_indoor@338,0.7138471007347107,0.7138471007347107,0.7138471007347107,0,0,0.7138471007347107,0.09689004719257355,0.0,0.0,0.0
fit,hat03_indoor@360,0.3882671296596527,0.4479568302631378,0.4479568302631378,1,1,0.4479568302631378,0.09560313075780869,2.7112035751342773,2.770972490310669,0.059768885374069214
fit,hat03_indoor@448,0.8571168780326843,0.8571168780326843,0.8571168780326843,0,0,0.8571168780326843,0.08076208829879761,0.0,0.0,0.0
fit,hat03_indoor@557,0.9408663511276245,0.9408663511276245,0.9408663511276245,0,0,0.9408663511276245,0.10208268463611603,0.0,0.0,0.0
fit,hat03_indoor@667,0.7794827222824097,0.7794827222824097,0.7794827222824097,0,0,0.7794827222824097,0.05350398272275925,0.0,0.0,0.0
fit,hat03_indoor@776,0.7723182439804077,0.7723182439804077,0.7723182439804077,0,0,0.7723182439804077,0.03313892334699631,0.0,0.0,0.0
fit,hat03_indoor@879,0.39916861057281494,0.39916861057281494,0.5079509615898132,0,0,0.39916861057281494,0.09829205274581909,0.0,0.0,0.0
fit,hat03_indoor@886,0.8860530257225037,0.8860530257225037,0.8860530257225037,0,0,0.8860530257225037,0.05214932560920715,0.0,0.0,0.0
fit,hat03_indoor@995,0.8832148313522339,0.8832148313522339,0.8832148313522339,0,0,0.8832148313522339,0.07229279726743698,0.0,0.0,0.0
fit,hat03_indoor@1105,0.8822944164276123,0.8822944164276123,0.8822944164276123,0,0,0.8822944164276123,0.07316406816244125,0.0,0.0,0.0
fit,hat03_indoor@1214,0.8377224802970886,0.8377224802970886,0.869222104549408,0,0,0.8377224802970886,0.0763172060251236,0.0,0.0,0.0
fit,toy10_indoor@10,0.9117242097854614,0.9117242097854614,0.9117242097854614,0,0,0.9117242097854614,0.11498315632343292,0.0,0.0,0.0
fit,toy10_indoor@53,0.7788208723068237,0.7788208723068237,0.8555963635444641,0,0,0.7788208723068237,0.05277636647224426,0.0,0.0,0.0
fit,toy10_indoor@80,0.38114452362060547,0.38114452362060547,0.46476584672927856,0,0,0.38114452362060547,0.14924493432044983,0.0,0.0,0.0
fit,toy10_indoor@154,0.0,0.0,0.0,0,0,0.0,0.08022825419902802,0.0,0.0,0.0
fit,toy10_indoor@156,0.0,0.0,0.0,0,0,0.0,0.10463376343250275,0.0,0.0,0.0
fit,toy10_indoor@296,0.8498855829238892,0.8498855829238892,0.9078430533409119,0,1,0.8272531032562256,0.3175630569458008,0.0,0.0,0.0
fit,toy10_indoor@339,0.9569986462593079,0.9569986462593079,0.9569986462593079,0,0,0.9569986462593079,0.13612444698810577,0.0,0.0,0.0
fit,toy10_indoor@382,0.9416616559028625,0.9416616559028625,0.9416616559028625,0,0,0.9416616559028625,0.05487753823399544,0.0,0.0,0.0
fit,toy10_indoor@425,0.8602284789085388,0.8602284789085388,0.8602284789085388,0,0,0.8602284789085388,0.14325587451457977,0.0,0.0,0.0
fit,toy10_indoor@441,0.8321248292922974,0.8321248292922974,0.875622570514679,0,0,0.8321248292922974,0.11069967597723007,0.0,0.0,0.0
fit,toy10_indoor@443,0.0,0.0,0.03742867335677147,0,1,0.0,0.1977292001247406,0.0,0.0,0.0
fit,toy10_indoor@445,0.0,0.0,0.0,0,0,0.0,0.050966598093509674,0.0,0.0,0.0
fit,toy10_indoor@501,0.834732711315155,0.834732711315155,0.834732711315155,0,0,0.834732711315155,0.03546525165438652,0.0,0.0,0.0
fit,toy10_indoor@544,0.8839061260223389,0.8839061260223389,0.8839061260223389,0,0,0.8839061260223389,0.0508136972784996,0.0,0.0,0.0
fit,toy10_indoor@618,0.18603847920894623,0.3352496325969696,0.3352496325969696,1,1,0.3352496325969696,0.10328012704849243,0.2762376070022583,0.42057693004608154,0.14433932304382324
fit,toy10_indoor@632,0.9442741274833679,0.9442741274833679,0.9442741274833679,0,0,0.9442741274833679,0.042369723320007324,0.0,0.0,0.0
fit,toy10_indoor@705,0.0,0.0,0.0,0,0,0.0,0.06896938383579254,0.0,0.0,0.0
fit,toy10_indoor@707,0.0,0.0,0.0,0,1,0.0,0.1008065715432167,0.0,0.0,0.0
fit,toy10_indoor@737,0.42276328802108765,0.42276328802108765,0.42276328802108765,0,0,0.42276328802108765,0.06759962439537048,0.0,0.0,0.0
fit,toy10_indoor@758,0.0,0.0,0.0,0,0,0.0,0.057390548288822174,0.0,0.0,0.0
fit,toy10_indoor@760,0.0,0.0,0.0,0,0,0.0,0.1096479669213295,0.0,0.0,0.0
fit,toy10_indoor@849,0.0,0.0,0.01889333873987198,0,0,0.0,0.0406593419611454,0.0,0.0,0.0
fit,toy10_indoor@861,0.9115630984306335,0.9115630984306335,0.9115630984306335,0,0,0.9115630984306335,0.19530479609966278,0.0,0.0,0.0
fit,toy10_indoor@942,0.37834352254867554,0.37834352254867554,0.37834352254867554,0,0,0.37834352254867554,0.1646866798400879,0.0,0.0,0.0
fit,toy10_indoor@948,0.8097022175788879,0.8097022175788879,0.8905686140060425,0,0,0.8097022175788879,0.07025749236345291,0.0,0.0,0.0
fit,toy10_indoor@991,0.9171110391616821,0.9171110391616821,0.9171110391616821,0,0,0.9171110391616821,0.048107605427503586,0.0,0.0,0.0
fit,glass05_indoor@10,0.9787929654121399,0.9787929654121399,0.9787929654121399,0,0,0.9787929654121399,0.06406218558549881,0.0,0.0,0.0
fit,glass05_indoor@69,0.8741483092308044,0.8741483092308044,0.8741483092308044,0,0,0.8741483092308044,0.05238858610391617,0.0,0.0,0.0
fit,glass05_indoor@129,0.9257161617279053,0.9257161617279053,0.9257161617279053,0,0,0.9257161617279053,0.06647596508264542,0.0,0.0,0.0
fit,glass05_indoor@188,0.8361700177192688,0.8361700177192688,0.8361700177192688,0,0,0.8361700177192688,0.051829755306243896,0.0,0.0,0.0
fit,glass05_indoor@248,0.919375479221344,0.919375479221344,0.919375479221344,0,0,0.919375479221344,0.06465663760900497,0.0,0.0,0.0
fit,glass05_indoor@307,0.8665241599082947,0.8665241599082947,0.8665241599082947,0,0,0.8665241599082947,0.06304476410150528,0.0,0.0,0.0
fit,glass05_indoor@367,0.9338668584823608,0.9338668584823608,0.9338668584823608,0,0,0.9338668584823608,0.05313628911972046,0.0,0.0,0.0
fit,glass05_indoor@426,0.8266327977180481,0.8266327977180481,0.8266327977180481,0,0,0.8266327977180481,0.10428893566131592,0.0,0.0,0.0
fit,glass05_indoor@486,0.9123193621635437,0.9123193621635437,0.9123193621635437,0,0,0.9123193621635437,0.06078265979886055,0.0,0.0,0.0
fit,glass05_indoor@545,0.7768554091453552,0.7768554091453552,0.8159242272377014,0,0,0.7768554091453552,0.11026298999786377,0.0,0.0,0.0
fit,glass05_indoor@605,0.8318334817886353,0.8318334817886353,0.8318334817886353,0,0,0.8318334817886353,0.06473327428102493,0.0,0.0,0.0
fit,glass05_indoor@652,0.39950069785118103,0.39950069785118103,0.4193110764026642,0,1,0.4193110764026642,0.1614394187927246,0.0,0.0,0.0
fit,glass05_indoor@662,0.03956318646669388,0.03956318646669388,0.08564534038305283,0,0,0.03956318646669388,0.037880998104810715,0.0,0.0,0.0
fit,glass05_indoor@663,0.16560691595077515,0.16560691595077515,0.16560691595077515,0,0,0.16560691595077515,0.042599279433488846,0.0,0.0,0.0
fit,glass05_indoor@676,0.6918034553527832,0.6918034553527832,0.6918034553527832,0,0,0.6918034553527832,0.23124463856220245,0.0,0.0,0.0
fit,glass05_indoor@731,0.0,0.0,0.0,0,1,0.0,0.12040798366069794,0.0,0.0,0.0
fit,glass05_indoor@733,0.0,0.0,0.0,0,0,0.0,0.0729236751794815,0.0,0.0,0.0
fit,glass05_indoor@1060,0.0,0.0,0.0,0,0,0.0,0.07159779965877533,0.0,0.0,0.0
fit,glass05_indoor@1062,0.0,0.0,0.0,0,0,0.0,0.05390440300107002,0.0,0.0,0.0
fit,glass05_indoor@1069,0.0,0.0,0.0,0,0,0.0,0.08181820064783096,0.0,0.0,0.0
fit,notebook03_indoor@10,0.925225019454956,0.925225019454956,0.925225019454956,0,0,0.925225019454956,0.04647814482450485,0.0,0.0,0.0
fit,notebook03_indoor@88,0.8912726640701294,0.8912726640701294,0.8912726640701294,0,0,0.8912726640701294,0.05588521808385849,0.0,0.0,0.0
fit,notebook03_indoor@166,0.9067462682723999,0.9067462682723999,0.9067462682723999,0,0,0.9067462682723999,0.059529103338718414,0.0,0.0,0.0
fit,notebook03_indoor@245,0.918479323387146,0.918479323387146,0.918479323387146,0,0,0.918479323387146,0.04185175523161888,0.0,0.0,0.0
fit,notebook03_indoor@323,0.9347242116928101,0.9347242116928101,0.9347242116928101,0,0,0.9347242116928101,0.05111487954854965,0.0,0.0,0.0
fit,notebook03_indoor@401,0.9206790924072266,0.9206790924072266,0.9206790924072266,0,0,0.9206790924072266,0.07445989549160004,0.0,0.0,0.0
fit,notebook03_indoor@479,0.9086441993713379,0.9086441993713379,0.9086441993713379,0,0,0.9086441993713379,0.03885689750313759,0.0,0.0,0.0
fit,notebook03_indoor@561,0.4057883620262146,0.4057883620262146,0.6179413795471191,0,0,0.4057883620262146,0.3687463104724884,0.0,0.0,0.0
fit,notebook03_indoor@623,0.9081844687461853,0.9081844687461853,0.9161885976791382,0,0,0.9081844687461853,0.0896977111697197,0.0,0.0,0.0
fit,notebook03_indoor@701,0.9368830323219299,0.9368830323219299,0.9368830323219299,0,0,0.9368830323219299,0.02743014134466648,0.0,0.0,0.0
fit,notebook03_indoor@780,0.9618449807167053,0.9618449807167053,0.9618449807167053,0,0,0.9618449807167053,0.06449482589960098,0.0,0.0,0.0
fit,notebook03_indoor@858,0.9476077556610107,0.9476077556610107,0.9476077556610107,0,0,0.9476077556610107,0.05075215548276901,0.0,0.0,0.0
fit,notebook03_indoor@936,0.9489024877548218,0.9489024877548218,0.9489024877548218,0,0,0.9489024877548218,0.07434768974781036,0.0,0.0,0.0
fit,lock01_wild@10,0.7549097537994385,0.7549097537994385,0.7684947848320007,0,0,0.7549097537994385,0.0724029541015625,0.0,0.0,0.0
fit,lock01_wild@19,0.8506999015808105,0.8506999015808105,0.8506999015808105,0,0,0.8506999015808105,0.15100455284118652,0.0,0.0,0.0
fit,lock01_wild@28,0.8900678753852844,0.7463783025741577,0.8900678753852844,3,1,0.7518308162689209,0.34036821126937866,4.157785892486572,4.224860191345215,0.0670740008354187
fit,lock01_wild@33,0.0,0.0,0.0,0,0,0.0,0.044446028769016266,0.0,0.0,0.0
fit,lock01_wild@36,0.0,0.0,0.0,0,0,0.0,0.03296390920877457,0.0,0.0,0.0
fit,lock01_wild@38,0.0,0.5540713667869568,0.5540713667869568,1,1,0.5540713667869568,0.12670403718948364,1.2508981227874756,1.7125828266143799,0.4616847038269043
fit,lock01_wild@40,0.0,0.0,0.0,1,1,0.0,0.1615101546049118,2.9349827766418457,3.0394394397735596,0.10445654392242432
fit,lock01_wild@239,0.0,0.0,0.0,0,0,0.0,0.31550976634025574,0.0,0.0,0.0
fit,lock01_wild@241,0.0,0.0,0.0,1,1,0.0,0.3154751658439636,3.079110622406006,3.3392679691314697,0.26015740633010864
fit,lock01_wild@301,0.0,0.0,0.0,1,1,0.0,0.24658474326133728,4.573176383972168,4.804408550262451,0.2312319278717041
fit,lock01_wild@303,0.0,0.0,0.0,2,2,0.0,0.31012871861457825,3.655673027038574,3.7640702724456787,0.10839706659317017
fit,lock01_wild@318,0.4016328454017639,0.4016328454017639,0.4016328454017639,0,0,0.4016328454017639,0.05220235511660576,0.0,0.0,0.0
fit,lock01_wild@322,0.9044517278671265,0.9044517278671265,0.9044517278671265,0,0,0.9044517278671265,0.2253456860780716,0.0,0.0,0.0
fit,lock01_wild@331,0.8549307584762573,0.8549307584762573,0.8549307584762573,0,0,0.8549307584762573,0.0400208905339241,0.0,0.0,0.0
fit,lock01_wild@340,0.9264931082725525,0.9264931082725525,0.9264931082725525,0,0,0.9264931082725525,0.06013590842485428,0.0,0.0,0.0
fit,lock01_wild@350,0.9477840065956116,0.9477840065956116,0.9477840065956116,0,0,0.9477840065956116,0.09009762853384018,0.0,0.0,0.0
fit,lock01_wild@359,0.8983587622642517,0.8983587622642517,0.8983587622642517,0,0,0.8983587622642517,0.12649382650852203,0.0,0.0,0.0
fit,lock01_wild@371,0.9508590698242188,0.9508590698242188,0.9508590698242188,0,0,0.9508590698242188,0.05354923754930496,0.0,0.0,0.0
fit,lock01_wild@392,0.592559278011322,0.4514683485031128,0.6124378442764282,3,3,0.4514683485031128,0.26266974210739136,1.6305111646652222,1.6745764017105103,0.044065237045288086
fit,lock01_wild@401,0.9074150323867798,0.9074150323867798,0.9074150323867798,0,1,0.6977046728134155,0.08088713884353638,0.0,0.0,0.0
fit,lock01_wild@410,0.8673795461654663,0.8673795461654663,0.8673795461654663,0,0,0.8673795461654663,0.08368350565433502,0.0,0.0,0.0
fit,lock01_wild@444,0.0,0.0,0.0,2,2,0.0,0.118801549077034,3.4528911113739014,3.8022420406341553,0.34935081005096436
fit,lock01_wild@446,0.0,0.0,0.0,1,1,0.0,0.24449069797992706,3.490117073059082,3.9157843589782715,0.42566734552383423
fit,lock01_wild@472,0.0,0.0,0.0,0,2,0.0,0.1506107896566391,0.0,0.0,0.0
fit,lock01_wild@474,0.0,0.0,0.0,0,0,0.0,0.2108534574508667,0.0,0.0,0.0
fit,lock01_wild@495,0.0,0.0,0.0,1,5,0.0,0.22752252221107483,3.4025933742523193,3.6941330432891846,0.29153966903686523
fit,hat02_indoor_320@10,0.9573885202407837,0.9573885202407837,0.9573885202407837,0,0,0.9573885202407837,0.0660468339920044,0.0,0.0,0.0
fit,hat02_indoor_320@98,0.44821321964263916,0.44821321964263916,0.6584055423736572,0,0,0.44821321964263916,0.19419431686401367,0.0,0.0,0.0
fit,hat02_indoor_320@106,0.9162107110023499,0.9162107110023499,0.9162107110023499,0,0,0.9162107110023499,0.06049273535609245,0.0,0.0,0.0
fit,hat02_indoor_320@201,0.8663559556007385,0.8663559556007385,0.8808267712593079,0,0,0.8663559556007385,0.0463295504450798,0.0,0.0,0.0
fit,hat02_indoor_320@387,0.9302326440811157,0.9302326440811157,0.9302326440811157,0,2,0.8528120517730713,0.32505279779434204,0.0,0.0,0.0
fit,hat02_indoor_320@481,0.1588667929172516,0.1588667929172516,0.1588667929172516,0,0,0.1588667929172516,0.037760473787784576,0.0,0.0,0.0
fit,hat02_indoor_320@510,0.8902662396430969,0.8902662396430969,0.8933750987052917,0,1,0.8933750987052917,0.3542013466358185,0.0,0.0,0.0
fit,hat02_indoor_320@606,0.8012880682945251,0.8012880682945251,0.8143416047096252,0,0,0.8012880682945251,0.14431770145893097,0.0,0.0,0.0
fit,hat02_indoor_320@647,0.11710692197084427,0.11710692197084427,0.33391743898391724,0,3,0.33391743898391724,0.06679431349039078,0.0,0.0,0.0
fit,hat02_indoor_320@709,0.8440389633178711,0.8440389633178711,0.8440389633178711,0,0,0.8440389633178711,0.05521402880549431,0.0,0.0,0.0
fit,hat02_indoor_320@806,0.9318228363990784,0.9318228363990784,0.9318228363990784,0,0,0.9318228363990784,0.03665691241621971,0.0,0.0,0.0
fit,hat02_indoor_320@901,0.7140960693359375,0.7140960693359375,0.7921445965766907,0,3,0.7921445965766907,0.08120949566364288,0.0,0.0,0.0
fit,hat02_indoor_320@997,0.7873257398605347,0.7873257398605347,0.8078321218490601,0,0,0.7873257398605347,0.06731203198432922,0.0,0.0,0.0
fit,hat02_indoor_320@1086,0.3931858539581299,0.3931858539581299,0.45303961634635925,0,2,0.27971675992012024,0.14447787404060364,0.0,0.0,0.0
fit,hat02_indoor_320@1103,0.8848506212234497,0.8848506212234497,0.8848506212234497,0,3,0.7278952598571777,0.11888828128576279,0.0,0.0,0.0
fit,hat02_indoor_320@1198,0.8969621658325195,0.8969621658325195,0.9204555749893188,0,0,0.8969621658325195,0.0917019471526146,0.0,0.0,0.0
fit,cat04_indoor@10,0.9202545881271362,0.9202545881271362,0.922243058681488,0,0,0.9202545881271362,0.12672480940818787,0.0,0.0,0.0
fit,cat04_indoor@42,0.8871592283248901,0.8871592283248901,0.8871592283248901,0,0,0.8871592283248901,0.0654863566160202,0.0,0.0,0.0
fit,cat04_indoor@73,0.9660558104515076,0.9660558104515076,0.9660558104515076,0,0,0.9660558104515076,0.04805142432451248,0.0,0.0,0.0
fit,cat04_indoor@105,0.9280973076820374,0.9280973076820374,0.9280973076820374,0,0,0.9280973076820374,0.11269042640924454,0.0,0.0,0.0
fit,cat04_indoor@136,0.7628822922706604,0.7628822922706604,0.7952852249145508,0,0,0.7628822922706604,0.03540550544857979,0.0,0.0,0.0
fit,cat04_indoor@168,0.9633544683456421,0.9633544683456421,0.9633544683456421,0,0,0.9633544683456421,0.06640158593654633,0.0,0.0,0.0
fit,cat04_indoor@196,0.0,0.0,0.0,0,0,0.0,0.10943116247653961,0.0,0.0,0.0
fit,cat04_indoor@216,0.9315283298492432,0.9315283298492432,0.9315283298492432,0,0,0.9315283298492432,0.0707906037569046,0.0,0.0,0.0
fit,cat04_indoor@248,0.9682728052139282,0.9682728052139282,0.9682728052139282,0,0,0.9682728052139282,0.11511194705963135,0.0,0.0,0.0
fit,cat04_indoor@259,0.4986845552921295,0.4986845552921295,0.4986845552921295,0,0,0.4986845552921295,0.038437072187662125,0.0,0.0,0.0
fit,cat04_indoor@280,0.9418743252754211,0.9418743252754211,0.9418743252754211,0,0,0.9418743252754211,0.09681369364261627,0.0,0.0,0.0
fit,cat04_indoor@297,0.09896408766508102,0.09896408766508102,0.1569368541240692,0,0,0.09896408766508102,0.05527845025062561,0.0,0.0,0.0
fit,cat04_indoor@298,0.109012670814991,0.12123894691467285,0.13967746496200562,1,2,0.09404361993074417,0.073780857026577,0.09857654571533203,0.18795490264892578,0.08937835693359375
fit,cat04_indoor@300,0.12940029799938202,0.12940029799938202,0.32682928442955017,0,0,0.12940029799938202,0.12464537471532822,0.0,0.0,0.0
fit,cat04_indoor@301,0.15218625962734222,0.15218625962734222,0.31486931443214417,0,0,0.15218625962734222,0.13024891912937164,0.0,0.0,0.0
fit,cat04_indoor@321,0.9601567983627319,0.9601567983627319,0.9601567983627319,0,0,0.9601567983627319,0.07129330933094025,0.0,0.0,0.0
fit,cat04_indoor@352,0.905492901802063,0.905492901802063,0.905492901802063,0,0,0.905492901802063,0.06475716829299927,0.0,0.0,0.0
fit,cat04_indoor@389,0.6057639122009277,0.6057639122009277,0.6057639122009277,0,0,0.6057639122009277,0.24287152290344238,0.0,0.0,0.0
fit,toy07_indoor_320@10,0.8691695928573608,0.8691695928573608,0.8691695928573608,0,0,0.8691695928573608,0.04499693959951401,0.0,0.0,0.0
fit,toy07_indoor_320@52,0.8683130741119385,0.8683130741119385,0.8683130741119385,0,0,0.8683130741119385,0.04833351448178291,0.0,0.0,0.0
fit,toy07_indoor_320@95,0.8975969552993774,0.8975969552993774,0.8975969552993774,0,0,0.8975969552993774,0.0491061732172966,0.0,0.0,0.0
fit,toy07_indoor_320@137,0.830272376537323,0.830272376537323,0.830272376537323,0,0,0.830272376537323,0.06648688018321991,0.0,0.0,0.0
fit,toy07_indoor_320@226,0.0,0.0,0.0,0,1,0.0,0.13262882828712463,0.0,0.0,0.0
fit,toy07_indoor_320@228,0.0,0.0,0.0,0,1,0.0,0.21922914683818817,0.0,0.0,0.0
fit,toy07_indoor_320@353,0.0,0.0,0.0,0,1,0.0,0.1535237580537796,0.0,0.0,0.0
fit,toy07_indoor_320@355,0.0,0.0,0.0,0,3,0.0,0.11244533956050873,0.0,0.0,0.0
fit,toy07_indoor_320@585,0.8525207042694092,0.8525207042694092,0.8525207042694092,0,2,0.6554288268089294,0.17522335052490234,0.0,0.0,0.0
fit,toy07_indoor_320@627,0.9003043174743652,0.9003043174743652,0.9003043174743652,0,0,0.9003043174743652,0.05075039342045784,0.0,0.0,0.0
fit,toy07_indoor_320@670,0.8319520354270935,0.8319520354270935,0.8319520354270935,0,0,0.8319520354270935,0.054798971861600876,0.0,0.0,0.0
fit,toy07_indoor_320@712,0.894620954990387,0.894620954990387,0.894620954990387,0,0,0.894620954990387,0.08715415000915527,0.0,0.0,0.0
fit,toy07_indoor_320@793,0.0,0.0,0.0,0,0,0.0,0.03648114204406738,0.0,0.0,0.0
fit,toy07_indoor_320@795,0.0,0.0,0.0,0,1,0.0,0.15439750254154205,0.0,0.0,0.0
fit,toy07_indoor_320@994,0.0,0.0,0.0,0,3,0.0,0.07632079720497131,0.0,0.0,0.0
fit,toy07_indoor_320@996,0.0,0.0,0.0,0,1,0.0,0.07967815548181534,0.0,0.0,0.0
fit,toy07_indoor_320@1080,0.0,0.0,0.0,0,1,0.0,0.09371103346347809,0.0,0.0,0.0
fit,toy07_indoor_320@1082,0.0,0.0,0.0,0,2,0.0,0.08235339820384979,0.0,0.0,0.0
fit,toy07_indoor_320@1182,0.0,0.0,0.0,0,0,0.0,0.04806077480316162,0.0,0.0,0.0
fit,toy07_indoor_320@1184,0.0,0.0,0.0,0,0,0.0,0.0823838859796524,0.0,0.0,0.0
fit,toy07_indoor_320@1234,0.0,0.0,0.0,2,2,0.0,0.015531753189861774,0.3698430061340332,0.4609990119934082,0.091156005859375
fit,toy07_indoor_320@1235,0.5944162607192993,0.5944162607192993,0.5944162607192993,0,0,0.5944162607192993,0.08711892366409302,0.0,0.0,0.0
fit,toy07_indoor_320@1277,0.9260507822036743,0.9260507822036743,0.9260507822036743,0,0,0.9260507822036743,0.033822011202573776,0.0,0.0,0.0
fit,toy07_indoor_320@1320,0.9069166779518127,0.9069166779518127,0.9069166779518127,0,0,0.9069166779518127,0.0364539697766304,0.0,0.0,0.0
fit,toy07_indoor_320@1362,0.9413873553276062,0.9413873553276062,0.9413873553276062,0,0,0.9413873553276062,0.04511255770921707,0.0,0.0,0.0
fit,pigeon05_wild@10,0.7079136967658997,0.7079136967658997,0.7653475403785706,0,0,0.7079136967658997,0.26304078102111816,0.0,0.0,0.0
fit,pigeon05_wild@12,0.7558345794677734,0.7558345794677734,0.7712414264678955,0,0,0.7558345794677734,0.06670958548784256,0.0,0.0,0.0
fit,pigeon05_wild@15,0.8132699131965637,0.8132699131965637,0.8363357782363892,0,0,0.8132699131965637,0.07222004234790802,0.0,0.0,0.0
fit,pigeon05_wild@17,0.7238001823425293,0.7238001823425293,0.742999792098999,0,1,0.6697497367858887,0.13576236367225647,0.0,0.0,0.0
fit,pigeon05_wild@18,0.492267370223999,0.492267370223999,0.581933319568634,0,0,0.492267370223999,0.14077147841453552,0.0,0.0,0.0
fit,pigeon05_wild@20,0.6542944312095642,0.6542944312095642,0.8420085310935974,0,0,0.6542944312095642,0.2148408591747284,0.0,0.0,0.0
fit,pigeon05_wild@23,0.8365289568901062,0.7472878694534302,0.8365289568901062,1,1,0.7472878694534302,0.2446792870759964,1.86257803440094,1.8773090839385986,0.014731109142303467
fit,pigeon05_wild@25,0.697350800037384,0.697350800037384,0.7273458242416382,0,0,0.697350800037384,0.08827249705791473,0.0,0.0,0.0
fit,pigeon05_wild@28,0.6926421523094177,0.6926421523094177,0.7627497315406799,0,0,0.6926421523094177,0.15665951371192932,0.0,0.0,0.0
fit,pigeon05_wild@30,0.8949061036109924,0.8949061036109924,0.8949061036109924,0,1,0.843374490737915,0.4119478166103363,0.0,0.0,0.0
fit,pigeon05_wild@32,0.7531247735023499,0.7531247735023499,0.8688733577728271,0,3,0.5491236448287964,0.28770843148231506,0.0,0.0,0.0
fit,pigeon05_wild@36,0.41450393199920654,0.0014982742723077536,0.5682247281074524,8,8,0.0014982742723077536,0.2520506978034973,4.00952672958374,4.307826995849609,0.29830002784729004
fit,pigeon05_wild@37,0.7233105897903442,0.0,0.8043962121009827,4,4,0.0,0.42421847581863403,2.9677534103393555,3.3089802265167236,0.3412266969680786
fit,pigeon05_wild@38,0.0,0.0,0.5354554653167725,0,0,0.0,0.2515576481819153,0.0,0.0,0.0
fit,pigeon05_wild@40,0.0,0.0,0.0,2,2,0.0,0.0995139628648758,3.1632614135742188,3.468404531478882,0.30514299869537354
fit,pigeon05_wild@643,0.0,0.0,0.0,0,0,0.0,0.06440124660730362,0.0,0.0,0.0
fit,pigeon05_wild@645,0.0,0.0,0.0,0,1,0.0,0.12540273368358612,0.0,0.0,0.0
fit,pigeon05_wild@862,0.5379286408424377,0.5379286408424377,0.5604056119918823,0,2,0.380414217710495,0.23663277924060822,0.0,0.0,0.0
fit,pigeon05_wild@864,0.43763282895088196,0.4778810739517212,0.4778810739517212,2,2,0.4778810739517212,0.12449513375759125,1.9597406387329102,2.1105270385742188,0.15078628063201904
fit,pigeon05_wild@876,0.409056156873703,0.4903954267501831,0.4903954267501831,1,1,0.4903954267501831,0.1873466670513153,1.8392159938812256,1.8504183292388916,0.011202335357666016
fit,pigeon05_wild@890,0.10395059734582901,0.10395059734582901,0.7562251687049866,0,0,0.10395059734582901,0.23589523136615753,0.0,0.0,0.0
fit,pigeon05_wild@891,0.10761738568544388,0.10761738568544388,0.817288339138031,0,0,0.10761738568544388,0.2639898955821991,0.0,0.0,0.0
fit,pigeon05_wild@892,0.054283928126096725,0.054283928126096725,0.5213845372200012,0,0,0.054283928126096725,0.2258157730102539,0.0,0.0,0.0
fit,pigeon05_wild@894,0.052696119993925095,0.052696119993925095,0.9199328422546387,0,0,0.052696119993925095,0.2671361565589905,0.0,0.0,0.0
fit,pigeon05_wild@1099,0.0,0.0,0.0,2,1,0.0,0.2455865889787674,3.627119779586792,3.832962989807129,0.20584321022033691
fit,mirror_indoor@10,0.9588811993598938,0.9588811993598938,0.9588811993598938,0,0,0.9588811993598938,0.03816857561469078,0.0,0.0,0.0
fit,mirror_indoor@123,0.9462477564811707,0.9462477564811707,0.9462477564811707,0,0,0.9462477564811707,0.04558265581727028,0.0,0.0,0.0
fit,mirror_indoor@235,0.930577278137207,0.930577278137207,0.930577278137207,0,0,0.930577278137207,0.04421092942357063,0.0,0.0,0.0
fit,mirror_indoor@348,0.8832732439041138,0.8832732439041138,0.8832732439041138,0,0,0.8832732439041138,0.025823324918746948,0.0,0.0,0.0
fit,mirror_indoor@374,0.0,0.0,0.03186068311333656,0,0,0.0,0.04589496925473213,0.0,0.0,0.0
fit,mirror_indoor@375,0.0,0.0,0.32860204577445984,0,0,0.0,0.09559834748506546,0.0,0.0,0.0
fit,mirror_indoor@463,0.9001784324645996,0.9001784324645996,0.9001784324645996,0,0,0.9001784324645996,0.0302493367344141,0.0,0.0,0.0
fit,mirror_indoor@575,0.863077700138092,0.863077700138092,0.863077700138092,0,0,0.863077700138092,0.053372710943222046,0.0,0.0,0.0
fit,mirror_indoor@688,0.7324222922325134,0.7112690210342407,0.8235586285591125,5,5,0.7112690210342407,0.4981149733066559,3.5180089473724365,3.7423973083496094,0.2243882417678833
fit,mirror_indoor@800,0.8841731548309326,0.8841731548309326,0.8841731548309326,0,0,0.8841731548309326,0.06099481135606766,0.0,0.0,0.0
fit,mirror_indoor@913,0.8315920829772949,0.8315920829772949,0.8315920829772949,0,0,0.8315920829772949,0.05824565887451172,0.0,0.0,0.0
fit,mirror_indoor@1026,0.9302359819412231,0.9302359819412231,0.9302359819412231,0,0,0.9302359819412231,0.05767282843589783,0.0,0.0,0.0
fit,mirror_indoor@1138,0.844429075717926,0.844429075717926,0.844429075717926,0,0,0.844429075717926,0.03963908553123474,0.0,0.0,0.0
fit,mirror_indoor@1251,0.9336698651313782,0.9336698651313782,0.9336698651313782,0,0,0.9336698651313782,0.12449102103710175,0.0,0.0,0.0
fit,gymring_wild@10,0.9504595398902893,0.9504595398902893,0.9504595398902893,0,0,0.9504595398902893,0.05114855244755745,0.0,0.0,0.0
fit,gymring_wild@122,0.9077947735786438,0.9077947735786438,0.9077947735786438,0,0,0.9077947735786438,0.04919103533029556,0.0,0.0,0.0
fit,gymring_wild@233,0.9363473653793335,0.9363473653793335,0.9363473653793335,0,0,0.9363473653793335,0.030419334769248962,0.0,0.0,0.0
fit,gymring_wild@345,0.9399849772453308,0.9399849772453308,0.9399849772453308,0,0,0.9399849772453308,0.06931832432746887,0.0,0.0,0.0
fit,gymring_wild@457,0.933780312538147,0.933780312538147,0.933780312538147,0,0,0.933780312538147,0.055261969566345215,0.0,0.0,0.0
fit,gymring_wild@569,0.9449816346168518,0.9449816346168518,0.9449816346168518,0,0,0.9449816346168518,0.044409267604351044,0.0,0.0,0.0
fit,gymring_wild@680,0.9692202806472778,0.9692202806472778,0.9692202806472778,0,0,0.9692202806472778,0.055908262729644775,0.0,0.0,0.0
fit,gymring_wild@792,0.9445925951004028,0.9445925951004028,0.9445925951004028,0,0,0.9445925951004028,0.10430316627025604,0.0,0.0,0.0
fit,gymring_wild@904,0.9491983652114868,0.9491983652114868,0.9491983652114868,0,0,0.9491983652114868,0.09372273832559586,0.0,0.0,0.0
fit,gymring_wild@1016,0.9515768885612488,0.9515768885612488,0.9515768885612488,0,0,0.9515768885612488,0.05944909527897835,0.0,0.0,0.0
fit,gymring_wild@1127,0.9551455974578857,0.9551455974578857,0.9551455974578857,0,0,0.9551455974578857,0.047679416835308075,0.0,0.0,0.0
fit,gymring_wild@1239,0.9355525970458984,0.9355525970458984,0.9355525970458984,0,0,0.9355525970458984,0.04530403017997742,0.0,0.0,0.0
fit,duck06_wild@10,0.911711573600769,0.911711573600769,0.911711573600769,0,0,0.911711573600769,0.06492044776678085,0.0,0.0,0.0
fit,duck06_wild@98,0.8431792259216309,0.8431792259216309,0.8431792259216309,0,0,0.8431792259216309,0.053597427904605865,0.0,0.0,0.0
fit,duck06_wild@185,0.8611697554588318,0.8611697554588318,0.9007953405380249,0,0,0.8611697554588318,0.057584814727306366,0.0,0.0,0.0
fit,duck06_wild@273,0.4934406578540802,0.4934406578540802,0.5166770219802856,0,0,0.4934406578540802,0.11303667724132538,0.0,0.0,0.0
fit,duck06_wild@274,0.8562856316566467,0.8562856316566467,0.8919127583503723,0,0,0.8562856316566467,0.12335530668497086,0.0,0.0,0.0
fit,duck06_wild@362,0.8944584727287292,0.8944584727287292,0.8944584727287292,0,0,0.8944584727287292,0.09340807050466537,0.0,0.0,0.0
fit,duck06_wild@449,0.8587661981582642,0.8587661981582642,0.8587661981582642,0,0,0.8587661981582642,0.07171545922756195,0.0,0.0,0.0
fit,duck06_wild@537,0.9364760518074036,0.9364760518074036,0.9364760518074036,0,0,0.9364760518074036,0.10057125240564346,0.0,0.0,0.0
fit,duck06_wild@624,0.8446573615074158,0.8446573615074158,0.8446573615074158,0,0,0.8446573615074158,0.07499833405017853,0.0,0.0,0.0
fit,duck06_wild@712,0.9281838536262512,0.744541347026825,0.9281838536262512,2,2,0.744541347026825,0.21272513270378113,4.5900421142578125,4.7859086990356445,0.19586655497550964
fit,duck06_wild@749,0.39962559938430786,0.39962559938430786,0.5563063025474548,0,0,0.39962559938430786,0.12202443182468414,0.0,0.0,0.0
fit,duck06_wild@755,0.47258225083351135,0.47258225083351135,0.5755874514579773,0,0,0.47258225083351135,0.14661619067192078,0.0,0.0,0.0
fit,duck06_wild@756,0.46136024594306946,0.46136024594306946,0.832489013671875,0,0,0.46136024594306946,0.1797003298997879,0.0,0.0,0.0
fit,duck06_wild@804,0.8704414963722229,0.8704414963722229,0.8704414963722229,0,0,0.8704414963722229,0.06625150889158249,0.0,0.0,0.0
fit,duck06_wild@891,0.9592567682266235,0.9592567682266235,0.9592567682266235,0,0,0.9592567682266235,0.03568839654326439,0.0,0.0,0.0
fit,duck06_wild@979,0.9613895416259766,0.9613895416259766,0.9613895416259766,0,0,0.9613895416259766,0.04549547657370567,0.0,0.0,0.0
fit,glass02_indoor@10,0.8629867434501648,0.8629867434501648,0.8629867434501648,0,0,0.8629867434501648,0.0667499378323555,0.0,0.0,0.0
fit,glass02_indoor@165,0.9406737685203552,0.9406737685203552,0.9406737685203552,0,0,0.9406737685203552,0.04877431318163872,0.0,0.0,0.0
fit,glass02_indoor@320,0.9238774180412292,0.9238774180412292,0.9238774180412292,0,0,0.9238774180412292,0.044633399695158005,0.0,0.0,0.0
fit,glass02_indoor@476,0.9183924794197083,0.9183924794197083,0.9183924794197083,0,0,0.9183924794197083,0.0508405864238739,0.0,0.0,0.0
fit,glass02_indoor@631,0.9255239367485046,0.9255239367485046,0.9255239367485046,0,0,0.9255239367485046,0.04675687104463577,0.0,0.0,0.0
fit,glass02_indoor@786,0.8758689761161804,0.8758689761161804,0.8758689761161804,0,0,0.8758689761161804,0.06021200492978096,0.0,0.0,0.0
fit,glass02_indoor@941,0.8270372152328491,0.8270372152328491,0.8270372152328491,0,0,0.8270372152328491,0.07229039818048477,0.0,0.0,0.0
fit,glass02_indoor@1096,0.9197250008583069,0.9197250008583069,0.9197250008583069,0,0,0.9197250008583069,0.07341303676366806,0.0,0.0,0.0
fit,glass02_indoor@1251,0.9305768013000488,0.9305768013000488,0.9305768013000488,0,0,0.9305768013000488,0.10619231313467026,0.0,0.0,0.0
fit,glass02_indoor@1284,0.0,0.0,0.06289857625961304,2,2,0.0,0.1050584465265274,1.9816378355026245,1.9817659854888916,0.00012814998626708984
fit,glass02_indoor@1286,0.025461958721280098,0.025461958721280098,0.17600703239440918,0,0,0.025461958721280098,0.06125408411026001,0.0,0.0,0.0
fit,glass02_indoor@1287,0.22324402630329132,0.3951810598373413,0.3951810598373413,1,1,0.3951810598373413,0.06934218108654022,0.48714470863342285,0.8992244005203247,0.41207969188690186
fit,glass02_indoor@1435,0.899758517742157,0.899758517742157,0.899758517742157,0,0,0.899758517742157,0.07983048260211945,0.0,0.0,0.0
fit,glass02_indoor@1590,0.9358488321304321,0.9358488321304321,0.9358488321304321,0,0,0.9358488321304321,0.049192871898412704,0.0,0.0,0.0
fit,glass02_indoor@1745,0.8789160251617432,0.8789160251617432,0.8789160251617432,0,0,0.8789160251617432,0.05295317620038986,0.0,0.0,0.0
fit,cup09_indoor@10,0.9715824127197266,0.9715824127197266,0.9715824127197266,0,0,0.9715824127197266,0.12854495644569397,0.0,0.0,0.0
fit,cup09_indoor@171,0.9420345425605774,0.9420345425605774,0.9420345425605774,0,0,0.9420345425605774,0.04403861612081528,0.0,0.0,0.0
fit,cup09_indoor@332,0.8790777325630188,0.8790777325630188,0.8790777325630188,0,0,0.8790777325630188,0.22737078368663788,0.0,0.0,0.0
fit,cup09_indoor@494,0.9226131439208984,0.810148298740387,0.9226131439208984,2,2,0.810148298740387,0.2441699057817459,5.698024272918701,6.012201309204102,0.314177006483078
fit,cup09_indoor@655,0.947352945804596,0.947352945804596,0.947352945804596,0,0,0.947352945804596,0.10831701755523682,0.0,0.0,0.0
fit,cup09_indoor@714,0.4961959719657898,0.4961959719657898,0.756623387336731,0,0,0.4961959719657898,0.1362002193927765,0.0,0.0,0.0
fit,cup09_indoor@817,0.959791362285614,0.959791362285614,0.959791362285614,0,0,0.959791362285614,0.07914760708808899,0.0,0.0,0.0
fit,cup09_indoor@978,0.887894332408905,0.887894332408905,0.887894332408905,0,0,0.887894332408905,0.046003423631191254,0.0,0.0,0.0
fit,cup09_indoor@1139,0.933906078338623,0.933906078338623,0.933906078338623,0,0,0.933906078338623,0.07872898876667023,0.0,0.0,0.0
fit,cup09_indoor@1300,0.9380849599838257,0.9380849599838257,0.9380849599838257,0,0,0.9380849599838257,0.1902541220188141,0.0,0.0,0.0
fit,cup09_indoor@1443,0.47690874338150024,0.7093414664268494,0.7093414664268494,1,1,0.7093414664268494,0.13419826328754425,2.1255640983581543,2.193854331970215,0.06829023361206055
fit,cup09_indoor@1464,0.9678260087966919,0.9678260087966919,0.9678260087966919,0,0,0.9678260087966919,0.10441724210977554,0.0,0.0,0.0
fit,cup09_indoor@1473,0.3922683596611023,0.5390497446060181,0.5390497446060181,1,1,0.5390497446060181,0.10439777374267578,1.6154048442840576,1.9348819255828857,0.3194770812988281
fit,cup09_indoor@1627,0.9730475544929504,0.9730475544929504,0.9730475544929504,0,0,0.9730475544929504,0.12119116634130478,0.0,0.0,0.0
fit,cup09_indoor@1776,0.4674483835697174,0.4674483835697174,0.6397916078567505,0,0,0.4674483835697174,0.10610413551330566,0.0,0.0,0.0
fit,cup09_indoor@1789,0.8472844958305359,0.8590517044067383,0.8590517044067383,4,4,0.8590517044067383,0.29091495275497437,3.610222339630127,3.7939140796661377,0.1836916208267212
fit,container02_indoor@10,0.969575822353363,0.969575822353363,0.969575822353363,0,0,0.969575822353363,0.04610303044319153,0.0,0.0,0.0
fit,container02_indoor@129,0.9275071024894714,0.9275071024894714,0.9275071024894714,0,0,0.9275071024894714,0.059568773955106735,0.0,0.0,0.0
fit,container02_indoor@248,0.9720901846885681,0.9720901846885681,0.9720901846885681,0,0,0.9720901846885681,0.04804428666830063,0.0,0.0,0.0
fit,container02_indoor@368,0.9788562655448914,0.9788562655448914,0.9788562655448914,0,0,0.9788562655448914,0.0711415708065033,0.0,0.0,0.0
fit,container02_indoor@487,0.9554937481880188,0.9554937481880188,0.9554937481880188,0,0,0.9554937481880188,0.10159246623516083,0.0,0.0,0.0
fit,container02_indoor@606,0.9322546124458313,0.9322546124458313,0.9322546124458313,0,0,0.9322546124458313,0.06452690064907074,0.0,0.0,0.0
fit,container02_indoor@725,0.9640533924102783,0.9640533924102783,0.9640533924102783,0,0,0.9640533924102783,0.09362909942865372,0.0,0.0,0.0
fit,container02_indoor@844,0.9167935252189636,0.9167935252189636,0.9167935252189636,0,0,0.9167935252189636,0.12489990890026093,0.0,0.0,0.0
fit,container02_indoor@963,0.9095187783241272,0.9095187783241272,0.9095187783241272,0,0,0.9095187783241272,0.08135177195072174,0.0,0.0,0.0
fit,container02_indoor@1083,0.9412875175476074,0.9412875175476074,0.9412875175476074,0,0,0.9412875175476074,0.04869801551103592,0.0,0.0,0.0
fit,container02_indoor@1202,0.9395251870155334,0.9395251870155334,0.9395251870155334,0,0,0.9395251870155334,0.052819013595581055,0.0,0.0,0.0
fit,container02_indoor@1321,0.9331833720207214,0.9331833720207214,0.9331833720207214,0,0,0.9331833720207214,0.17658483982086182,0.0,0.0,0.0
fit,toy03_indoor@10,0.8958950638771057,0.8958950638771057,0.8958950638771057,0,0,0.8958950638771057,0.04914798587560654,0.0,0.0,0.0
fit,toy03_indoor@119,0.9099489450454712,0.9099489450454712,0.9099489450454712,0,0,0.9099489450454712,0.04464064911007881,0.0,0.0,0.0
fit,toy03_indoor@227,0.8247901201248169,0.8247901201248169,0.8711572289466858,0,0,0.8247901201248169,0.12561093270778656,0.0,0.0,0.0
fit,toy03_indoor@336,0.853600263595581,0.853600263595581,0.853600263595581,0,0,0.853600263595581,0.04551132768392563,0.0,0.0,0.0
fit,toy03_indoor@444,0.8627673983573914,0.8627673983573914,0.8627673983573914,0,0,0.8627673983573914,0.06371580809354782,0.0,0.0,0.0
fit,toy03_indoor@553,0.5428457260131836,0.5428457260131836,0.6497779488563538,0,1,0.4696900248527527,0.11187747865915298,0.0,0.0,0.0
fit,toy03_indoor@556,0.4489407539367676,0.4489407539367676,0.6117966771125793,0,1,0.3813590109348297,0.10316331684589386,0.0,0.0,0.0
fit,toy03_indoor@675,0.9223302602767944,0.9223302602767944,0.9223302602767944,0,0,0.9223302602767944,0.10743623971939087,0.0,0.0,0.0
fit,toy03_indoor@740,0.4912044405937195,0.4912044405937195,0.6399111151695251,0,0,0.4912044405937195,0.1687699854373932,0.0,0.0,0.0
fit,toy03_indoor@793,0.8269418478012085,0.8269418478012085,0.8673854470252991,0,1,0.6404407024383545,0.1597367823123932,0.0,0.0,0.0
fit,toy03_indoor@902,0.4459083676338196,0.4459083676338196,0.6460145115852356,0,0,0.4459083676338196,0.11585722118616104,0.0,0.0,0.0
fit,toy03_indoor@914,0.6815605759620667,0.6815605759620667,0.683648943901062,0,0,0.6815605759620667,0.08861027657985687,0.0,0.0,0.0
fit,toy03_indoor@1023,0.8244324922561646,0.8244324922561646,0.8244324922561646,0,0,0.8244324922561646,0.07469814270734787,0.0,0.0,0.0
fit,toy03_indoor@1161,0.4836677312850952,0.4836677312850952,0.6381268501281738,0,0,0.4836677312850952,0.15092909336090088,0.0,0.0,0.0
fit,toy03_indoor@1164,0.7442684769630432,0.7442684769630432,0.7861557602882385,0,0,0.7442684769630432,0.08889856189489365,0.0,0.0,0.0
fit,toy03_indoor@1273,0.8702511787414551,0.8702511787414551,0.8702511787414551,0,0,0.8702511787414551,0.038303256034851074,0.0,0.0,0.0
fit,shoes01_indoor@10,0.9365275502204895,0.9365275502204895,0.9365275502204895,0,0,0.9365275502204895,0.07869289815425873,0.0,0.0,0.0
fit,shoes01_indoor@113,0.8426985144615173,0.8426985144615173,0.8665478229522705,0,0,0.8426985144615173,0.12355706840753555,0.0,0.0,0.0
fit,shoes01_indoor@216,0.845592737197876,0.845592737197876,0.845592737197876,0,3,0.6901859045028687,0.09523441642522812,0.0,0.0,0.0
fit,shoes01_indoor@319,0.8957108855247498,0.8697184324264526,0.8957108855247498,1,1,0.8697184324264526,0.11154726892709732,3.610138177871704,3.893941640853882,0.2838035821914673
fit,shoes01_indoor@405,0.4632737338542938,0.4632737338542938,0.5624455809593201,0,5,0.4959084093570709,0.07817214727401733,0.0,0.0,0.0
fit,shoes01_indoor@424,0.871010422706604,0.7585902214050293,0.871010422706604,1,1,0.7585902214050293,0.27176058292388916,4.344457149505615,4.708414077758789,0.363957017660141
fit,shoes01_indoor@527,0.9164194464683533,0.9164194464683533,0.9164194464683533,0,1,0.7921885251998901,0.23979398608207703,0.0,0.0,0.0
fit,shoes01_indoor@631,0.8128301501274109,0.8128301501274109,0.8128301501274109,0,0,0.8128301501274109,0.163909450173378,0.0,0.0,0.0
fit,shoes01_indoor@744,0.8907900452613831,0.8907900452613831,0.8907900452613831,0,0,0.8907900452613831,0.18575896322727203,0.0,0.0,0.0
fit,shoes01_indoor@810,0.0,0.0,0.0,0,0,0.0,0.06159617379307747,0.0,0.0,0.0
fit,shoes01_indoor@812,0.0,0.0,0.0,0,1,0.0,0.13099436461925507,0.0,0.0,0.0
fit,shoes01_indoor@871,0.8606504797935486,0.8606504797935486,0.8606504797935486,0,0,0.8606504797935486,0.09516637027263641,0.0,0.0,0.0
fit,shoes01_indoor@922,0.06743122637271881,0.06743122637271881,0.10682322829961777,0,4,0.0,0.226276233792305,0.0,0.0,0.0
fit,shoes01_indoor@924,0.03412618488073349,0.10702930390834808,0.16904358565807343,1,1,0.10702930390834808,0.10893769562244415,1.8024322986602783,1.8670685291290283,0.06463623046875
fit,shoes01_indoor@935,0.15818530321121216,0.2783217132091522,0.44896945357322693,1,1,0.2783217132091522,0.16730386018753052,3.416011333465576,3.7689168453216553,0.3529054522514343
fit,shoes01_indoor@936,0.22788171470165253,0.7439844608306885,0.7867704629898071,3,3,0.7439844608306885,0.13485072553157806,3.333064556121826,4.356655120849609,1.0235905647277832
fit,shoes01_indoor@937,0.154417484998703,0.6841511726379395,0.8024752140045166,6,6,0.6841511726379395,0.2643870413303375,4.621163368225098,5.130402088165283,0.5092389583587646
fit,shoes01_indoor@938,0.09607113152742386,0.09607113152742386,0.8780757784843445,0,3,0.1121230199933052,0.26058536767959595,0.0,0.0,0.0
fit,shoes01_indoor@940,0.0,0.0,0.1778135746717453,0,0,0.0,0.2369174063205719,0.0,0.0,0.0
fit,shoes01_indoor@960,0.022112900391221046,0.022112900391221046,0.0776919275522232,0,0,0.022112900391221046,0.128855362534523,0.0,0.0,0.0
fit,shoes01_indoor@962,0.0,0.8709131479263306,0.8709131479263306,1,1,0.8709131479263306,0.14718970656394958,2.5932865142822266,4.18943977355957,1.5961530208587646
fit,shoes01_indoor@1092,0.0,0.0,0.0,0,0,0.0,0.056933242827653885,0.0,0.0,0.0
fit,shoes01_indoor@1094,0.0,0.0,0.0,2,2,0.0,0.15512126684188843,3.7491049766540527,3.91042160987854,0.16131675243377686
fit,shoes01_indoor@1248,0.9177913069725037,0.9177913069725037,0.9177913069725037,0,3,0.8686493039131165,0.14344626665115356,0.0,0.0,0.0
fit,shoes01_indoor@1351,0.9212969541549683,0.9212969541549683,0.9212969541549683,0,4,0.6845290660858154,0.3466624319553375,0.0,0.0,0.0
fit,shoes01_indoor@1460,0.8135043382644653,0.8135043382644653,0.8135043382644653,0,2,0.5133443474769592,0.2657966613769531,0.0,0.0,0.0
fit,shoes01_indoor@1464,0.2111205756664276,0.3236089050769806,0.37729504704475403,1,1,0.3236089050769806,0.054917771369218826,0.8765063285827637,0.9906536936759949,0.1141473650932312
fit,shoes01_indoor@1465,0.12063983082771301,0.07846292853355408,0.2551722526550293,3,3,0.07846292853355408,0.22639811038970947,2.8243064880371094,2.8323678970336914,0.008061468601226807
fit,shoes01_indoor@1466,0.029293207451701164,0.029293207451701164,0.5821685194969177,0,8,0.0,0.31491655111312866,0.0,0.0,0.0
fit,shoes01_indoor@1468,0.0,0.0,0.7632559537887573,0,0,0.0,0.3569342792034149,0.0,0.0,0.0
fit,shoes01_indoor@1707,0.0,0.0,0.0,0,0,0.0,0.5902266502380371,0.0,0.0,0.0
fit,toy06_indoor@10,0.9253336191177368,0.9253336191177368,0.9253336191177368,0,0,0.9253336191177368,0.051436543464660645,0.0,0.0,0.0
fit,toy06_indoor@123,0.8358830809593201,0.8358830809593201,0.8358830809593201,0,0,0.8358830809593201,0.04928823560476303,0.0,0.0,0.0
fit,toy06_indoor@235,0.7276473045349121,0.7276473045349121,0.8199648261070251,0,0,0.7276473045349121,0.11279632151126862,0.0,0.0,0.0
fit,toy06_indoor@348,0.8899689316749573,0.8899689316749573,0.8899689316749573,0,0,0.8899689316749573,0.1198740005493164,0.0,0.0,0.0
fit,toy06_indoor@460,0.7831801176071167,0.7831801176071167,0.7831801176071167,0,0,0.7831801176071167,0.09617447108030319,0.0,0.0,0.0
fit,toy06_indoor@573,0.8507042527198792,0.8507042527198792,0.8507042527198792,0,0,0.8507042527198792,0.09742835909128189,0.0,0.0,0.0
fit,toy06_indoor@685,0.9182169437408447,0.9182169437408447,0.9182169437408447,0,0,0.9182169437408447,0.04404299706220627,0.0,0.0,0.0
fit,toy06_indoor@798,0.8960973620414734,0.8960973620414734,0.8960973620414734,0,0,0.8960973620414734,0.05765794590115547,0.0,0.0,0.0
fit,toy06_indoor@910,0.8979052901268005,0.8979052901268005,0.8979052901268005,0,0,0.8979052901268005,0.027234341949224472,0.0,0.0,0.0
fit,toy06_indoor@950,0.4912182092666626,0.4912182092666626,0.5437889099121094,0,0,0.4912182092666626,0.1900412142276764,0.0,0.0,0.0
fit,toy06_indoor@1024,0.8278238773345947,0.8278238773345947,0.8278238773345947,0,0,0.8278238773345947,0.07893195748329163,0.0,0.0,0.0
fit,toy06_indoor@1039,0.32574328780174255,0.32574328780174255,0.3953276574611664,0,0,0.32574328780174255,0.2943302392959595,0.0,0.0,0.0
fit,toy06_indoor@1139,0.20259536802768707,0.20259536802768707,0.2957386076450348,0,1,0.11131490767002106,0.2964703440666199,0.0,0.0,0.0
fit,toy06_indoor@1140,0.27810829877853394,0.27810829877853394,0.411972314119339,0,0,0.27810829877853394,0.19388951361179352,0.0,0.0,0.0
fit,toy06_indoor@1159,0.8153035640716553,0.8153035640716553,0.8153035640716553,0,0,0.8153035640716553,0.0792737677693367,0.0,0.0,0.0
fit,toy06_indoor@1272,0.7721137404441833,0.7721137404441833,0.7721137404441833,0,0,0.7721137404441833,0.2291249930858612,0.0,0.0,0.0
fit,ball14_wild@10,0.9433298110961914,0.9433298110961914,0.9433298110961914,0,0,0.9433298110961914,0.049402881413698196,0.0,0.0,0.0
fit,ball14_wild@147,0.9228366613388062,0.9228366613388062,0.9228366613388062,0,0,0.9228366613388062,0.047620031982660294,0.0,0.0,0.0
fit,ball14_wild@285,0.9464923739433289,0.9464923739433289,0.9464923739433289,0,0,0.9464923739433289,0.05503426864743233,0.0,0.0,0.0
fit,ball14_wild@466,0.9028597474098206,0.9028597474098206,0.9028597474098206,0,0,0.9028597474098206,0.04344233125448227,0.0,0.0,0.0
fit,ball14_wild@604,0.9627295732498169,0.9627295732498169,0.9627295732498169,0,0,0.9627295732498169,0.046190641820430756,0.0,0.0,0.0
fit,ball14_wild@741,0.8377074003219604,0.8377074003219604,0.8377074003219604,0,0,0.8377074003219604,0.052048224955797195,0.0,0.0,0.0
fit,ball14_wild@879,0.9306041598320007,0.9306041598320007,0.9306041598320007,0,0,0.9306041598320007,0.05237283557653427,0.0,0.0,0.0
fit,ball14_wild@1016,0.9555261135101318,0.9555261135101318,0.9555261135101318,0,0,0.9555261135101318,0.04984455928206444,0.0,0.0,0.0
fit,ball14_wild@1154,0.8729174733161926,0.8729174733161926,0.8729174733161926,0,1,0.716266393661499,0.14903244376182556,0.0,0.0,0.0
fit,ball14_wild@1291,0.9147914052009583,0.8681360483169556,0.9147914052009583,2,2,0.8681360483169556,0.1253514438867569,4.374213695526123,4.472324848175049,0.09811121225357056
fit,ball14_wild@1429,0.9483858346939087,0.9483858346939087,0.9483858346939087,0,0,0.9483858346939087,0.15764813125133514,0.0,0.0,0.0
fit,ball14_wild@1450,0.0,0.0,0.0,0,0,0.0,0.04134330153465271,0.0,0.0,0.0
fit,ball14_wild@1595,0.0,0.0,0.0,0,1,0.0,0.07546281814575195,0.0,0.0,0.0
fit,ball14_wild@1597,0.0,0.0,0.0,0,1,0.0,0.08164285868406296,0.0,0.0,0.0
fit,ball14_wild@1628,0.0,0.0,0.0,0,0,0.0,0.047620899975299835,0.0,0.0,0.0
fit,ball14_wild@1630,0.0,0.0,0.0,0,0,0.0,0.058300573378801346,0.0,0.0,0.0
fit,ball14_wild@1682,0.0,0.0,0.034909725189208984,0,0,0.0,0.029280686751008034,0.0,0.0,0.0
fit,ball14_wild@1683,0.24185898900032043,0.24185898900032043,0.24185898900032043,0,0,0.24185898900032043,0.04136999323964119,0.0,0.0,0.0
fit,ball14_wild@1693,0.2430487722158432,0.2430487722158432,0.26494401693344116,0,0,0.2430487722158432,0.1106451004743576,0.0,0.0,0.0
fit,ball14_wild@1694,0.22132214903831482,0.2071087509393692,0.23433448374271393,7,7,0.2071087509393692,0.09012147784233093,4.6189680099487305,4.753206253051758,0.134238600730896
fit,ball14_wild@1705,0.2800125479698181,0.2800125479698181,0.2800125479698181,0,0,0.2800125479698181,0.18592552840709686,0.0,0.0,0.0
fit,ball14_wild@1711,0.9257336854934692,0.9257336854934692,0.9257336854934692,0,0,0.9257336854934692,0.09581363201141357,0.0,0.0,0.0
fit,ball12_wild@10,0.8566159605979919,0.8566159605979919,0.8577139973640442,0,0,0.8566159605979919,0.05215927213430405,0.0,0.0,0.0
fit,ball12_wild@144,0.9032737016677856,0.9032737016677856,0.9032737016677856,0,0,0.9032737016677856,0.06541311740875244,0.0,0.0,0.0
fit,ball12_wild@281,0.9219394326210022,0.9219394326210022,0.9219394326210022,0,0,0.9219394326210022,0.0652211382985115,0.0,0.0,0.0
fit,ball12_wild@415,0.8904973864555359,0.8904973864555359,0.8904973864555359,0,0,0.8904973864555359,0.05160190537571907,0.0,0.0,0.0
fit,ball12_wild@509,0.495868980884552,0.495868980884552,0.5932397246360779,0,0,0.495868980884552,0.12218640744686127,0.0,0.0,0.0
fit,ball12_wild@548,0.09368785470724106,0.09368785470724106,0.09995432943105698,0,0,0.09368785470724106,0.023517031222581863,0.0,0.0,0.0
fit,ball12_wild@562,0.40633144974708557,0.40633144974708557,0.4156683385372162,0,0,0.40633144974708557,0.21177443861961365,0.0,0.0,0.0
fit,ball12_wild@581,0.9291993975639343,0.9291993975639343,0.9291993975639343,0,0,0.9291993975639343,0.05003056675195694,0.0,0.0,0.0
fit,ball12_wild@715,0.9463122487068176,0.9463122487068176,0.9463122487068176,0,0,0.9463122487068176,0.032998353242874146,0.0,0.0,0.0
fit,ball12_wild@825,0.0,0.0,0.0,0,2,0.0,0.05695528909564018,0.0,0.0,0.0
fit,ball12_wild@827,0.0,0.0,0.0,0,2,0.0,0.07256253063678741,0.0,0.0,0.0
fit,ball12_wild@1022,0.30356842279434204,0.30356842279434204,0.6913739442825317,0,0,0.30356842279434204,0.3219347596168518,0.0,0.0,0.0
fit,ball12_wild@1062,0.9311560392379761,0.9311560392379761,0.9311560392379761,0,0,0.9311560392379761,0.04622833803296089,0.0,0.0,0.0
fit,ball12_wild@1194,0.0,0.0,0.0,0,0,0.0,0.08560259640216827,0.0,0.0,0.0
fit,ball12_wild@1196,0.0,0.0,0.0,0,0,0.0,0.08172851800918579,0.0,0.0,0.0
fit,ball12_wild@1267,0.0,0.0,0.0,0,0,0.0,0.07110904157161713,0.0,0.0,0.0
fit,ball12_wild@1269,0.0,0.0,0.0,0,2,0.0,0.0654975101351738,0.0,0.0,0.0
fit,ball12_wild@1332,0.0,0.0,0.0,0,0,0.0,0.07202506065368652,0.0,0.0,0.0
fit,ball12_wild@1334,0.0,0.0,0.0,0,0,0.0,0.07112784683704376,0.0,0.0,0.0
fit,ball12_wild@1379,0.0,0.0,0.0,0,0,0.0,0.08675125241279602,0.0,0.0,0.0
fit,ball12_wild@1381,0.0,0.0,0.0,0,0,0.0,0.06717053800821304,0.0,0.0,0.0
fit,ball12_wild@1590,0.0,0.0,0.06969990581274033,0,0,0.0,0.13518087565898895,0.0,0.0,0.0
fit,ball12_wild@1639,0.9044231176376343,0.9044231176376343,0.9044231176376343,0,0,0.9044231176376343,0.04348495602607727,0.0,0.0,0.0
fit,ball12_wild@1773,0.8852376937866211,0.8852376937866211,0.8852376937866211,0,0,0.8852376937866211,0.06982292234897614,0.0,0.0,0.0
fit,ball12_wild@1907,0.9312167763710022,0.9312167763710022,0.9312167763710022,0,0,0.9312167763710022,0.0371861569583416,0.0,0.0,0.0
fit,ball12_wild@2042,0.8993605375289917,0.8993605375289917,0.8993605375289917,0,0,0.8993605375289917,0.0431661382317543,0.0,0.0,0.0
fit,ball12_wild@2081,0.48933833837509155,0.7701592445373535,0.7701592445373535,1,1,0.7701592445373535,0.1317722499370575,0.8488272428512573,1.3923025131225586,0.543475329875946
fit,ball12_wild@2181,0.6553531289100647,0.6553531289100647,0.6553531289100647,0,0,0.6553531289100647,0.21160642802715302,0.0,0.0,0.0
fit,hat01_indoor@10,0.8990639448165894,0.8990639448165894,0.8990639448165894,0,0,0.8990639448165894,0.04237043112516403,0.0,0.0,0.0
fit,hat01_indoor@131,0.931309700012207,0.931309700012207,0.931309700012207,0,0,0.931309700012207,0.05998726561665535,0.0,0.0,0.0
fit,hat01_indoor@253,0.8925620317459106,0.8925620317459106,0.8925620317459106,0,0,0.8925620317459106,0.058148592710494995,0.0,0.0,0.0
fit,hat01_indoor@374,0.825497031211853,0.825497031211853,0.825497031211853,0,0,0.825497031211853,0.10054930299520493,0.0,0.0,0.0
fit,hat01_indoor@382,0.46376216411590576,0.46376216411590576,0.7042620778083801,0,0,0.46376216411590576,0.15733292698860168,0.0,0.0,0.0
fit,hat01_indoor@497,0.8559958934783936,0.8559958934783936,0.8559958934783936,0,0,0.8559958934783936,0.04800790175795555,0.0,0.0,0.0
fit,hat01_indoor@526,0.48350685834884644,0.48350685834884644,0.5499916672706604,0,0,0.48350685834884644,0.1559562385082245,0.0,0.0,0.0
fit,hat01_indoor@619,0.8951353430747986,0.8951353430747986,0.8951353430747986,0,0,0.8951353430747986,0.06545485556125641,0.0,0.0,0.0
fit,hat01_indoor@729,0.4241543114185333,0.4241543114185333,0.4241543114185333,0,0,0.4241543114185333,0.1052745133638382,0.0,0.0,0.0
fit,hat01_indoor@730,0.3627438545227051,0.3627438545227051,0.4243738055229187,0,1,0.2886241674423218,0.10389593988656998,0.0,0.0,0.0
fit,hat01_indoor@748,0.8307886123657227,0.8307886123657227,0.8307886123657227,0,0,0.8307886123657227,0.11633104085922241,0.0,0.0,0.0
fit,hat01_indoor@869,0.8852901458740234,0.8852901458740234,0.8852901458740234,0,0,0.8852901458740234,0.05175166577100754,0.0,0.0,0.0
fit,hat01_indoor@992,0.9242761731147766,0.9242761731147766,0.9242761731147766,0,0,0.9242761731147766,0.15875189006328583,0.0,0.0,0.0
fit,hat01_indoor@1113,0.789688229560852,0.789688229560852,0.789688229560852,0,0,0.789688229560852,0.05129999667406082,0.0,0.0,0.0
fit,hat01_indoor@1235,0.9207165241241455,0.9207165241241455,0.9207165241241455,0,0,0.9207165241241455,0.15349270403385162,0.0,0.0,0.0
fit,hat01_indoor@1356,0.8641064167022705,0.8641064167022705,0.8641064167022705,0,0,0.8641064167022705,0.05185121297836304,0.0,0.0,0.0
fit,cup06_indoor@10,0.936661958694458,0.936661958694458,0.936661958694458,0,0,0.936661958694458,0.14359058439731598,0.0,0.0,0.0
fit,cup06_indoor@54,0.9154500365257263,0.9154500365257263,0.9437196850776672,0,0,0.9154500365257263,0.17419640719890594,0.0,0.0,0.0
fit,cup06_indoor@99,0.9490411281585693,0.9490411281585693,0.9490411281585693,0,0,0.9490411281585693,0.18653663992881775,0.0,0.0,0.0
fit,cup06_indoor@143,0.9342005848884583,0.9342005848884583,0.9342005848884583,0,0,0.9342005848884583,0.05775545910000801,0.0,0.0,0.0
fit,cup06_indoor@187,0.9390559792518616,0.9390559792518616,0.9390559792518616,0,0,0.9390559792518616,0.1674417108297348,0.0,0.0,0.0
fit,cup06_indoor@232,0.9582657217979431,0.8228952884674072,0.9582657217979431,1,1,0.8228952884674072,0.25312739610671997,5.528065204620361,5.700622081756592,0.17255684733390808
fit,cup06_indoor@276,0.9332349896430969,0.9332349896430969,0.9332349896430969,0,1,0.821212112903595,0.20135918259620667,0.0,0.0,0.0
fit,cup06_indoor@321,0.9489021301269531,0.9489021301269531,0.9489021301269531,0,0,0.9489021301269531,0.11073316633701324,0.0,0.0,0.0
fit,cup06_indoor@365,0.9274392127990723,0.9274392127990723,0.9274392127990723,0,0,0.9274392127990723,0.0718301311135292,0.0,0.0,0.0
fit,cup06_indoor@409,0.8814190626144409,0.8814190626144409,0.8814190626144409,0,0,0.8814190626144409,0.07931958138942719,0.0,0.0,0.0
fit,cup06_indoor@454,0.9331568479537964,0.9331568479537964,0.9331568479537964,0,0,0.9331568479537964,0.11744888126850128,0.0,0.0,0.0
fit,cup06_indoor@538,0.33625298738479614,0.33625298738479614,0.41115236282348633,0,2,0.41115236282348633,0.09396885335445404,0.0,0.0,0.0
fit,cup06_indoor@542,0.07876813411712646,0.07876813411712646,0.2658885717391968,0,3,0.08074773848056793,0.060229502618312836,0.0,0.0,0.0
fit,cup06_indoor@575,0.9517734050750732,0.9517734050750732,0.9517734050750732,0,0,0.9517734050750732,0.20294654369354248,0.0,0.0,0.0
fit,cup06_indoor@577,0.0,0.0,0.9525235891342163,0,3,0.0,0.4003382623195648,0.0,0.0,0.0
fit,cup06_indoor@579,0.0,0.0,0.9303212761878967,2,2,0.0,0.3625277280807495,4.194370269775391,4.403998851776123,0.2096286416053772
fit,cup06_indoor@1710,0.17243577539920807,0.17243577539920807,0.35024169087409973,0,0,0.17243577539920807,0.2746451497077942,0.0,0.0,0.0
fit,cup06_indoor@1744,0.0,0.0,0.0,0,0,0.0,0.2756139934062958,0.0,0.0,0.0
fit,cup06_indoor@1746,0.0,0.0,0.0,0,0,0.0,0.28601914644241333,0.0,0.0,0.0
fit,cup06_indoor@1766,0.0,0.0,0.0,0,0,0.0,0.3594718873500824,0.0,0.0,0.0
fit,cup06_indoor@1768,0.0,0.0,0.023419354110956192,0,0,0.0,0.330630362033844,0.0,0.0,0.0
fit,cup06_indoor@1782,0.2079698145389557,0.2079698145389557,0.6647601127624512,0,0,0.2079698145389557,0.18173310160636902,0.0,0.0,0.0
fit,cup06_indoor@1787,0.9288774728775024,0.9288774728775024,0.9288774728775024,0,3,0.8135982155799866,0.22729244828224182,0.0,0.0,0.0
fit,cup06_indoor@1788,0.9501421451568604,0.9501421451568604,0.9501421451568604,0,3,0.4985519051551819,0.296231746673584,0.0,0.0,0.0
fit,cup06_indoor@1789,0.005076101515442133,0.005076101515442133,0.9100093841552734,0,0,0.005076101515442133,0.2870945632457733,0.0,0.0,0.0
fit,cup06_indoor@1791,0.0,0.0,0.8850427865982056,0,0,0.0,0.3091127872467041,0.0,0.0,0.0
fit,cup06_indoor@1944,0.09551031142473221,0.09551031142473221,0.3846348524093628,0,0,0.09551031142473221,0.23160743713378906,0.0,0.0,0.0
fit,cup06_indoor@1945,0.1005844920873642,0.1005844920873642,0.2862088978290558,0,0,0.1005844920873642,0.18908125162124634,0.0,0.0,0.0
fit,cup06_indoor@1946,0.08260129392147064,0.08260129392147064,0.3273956775665283,0,0,0.08260129392147064,0.28683122992515564,0.0,0.0,0.0
fit,cup06_indoor@1948,0.08397095650434494,0.08397095650434494,0.24886564910411835,0,0,0.08397095650434494,0.2235129177570343,0.0,0.0,0.0
fit,cup06_indoor@2375,0.0,0.0,0.0,0,0,0.0,0.04063001647591591,0.0,0.0,0.0
fit,cup06_indoor@2377,0.0,0.0,0.0,0,0,0.0,0.040912676602602005,0.0,0.0,0.0
fit,cup06_indoor@2502,0.0,0.0,0.07663290947675705,0,0,0.0,0.4379881024360657,0.0,0.0,0.0
fit,cat03_indoor@10,0.9265710711479187,0.9265710711479187,0.9265710711479187,0,0,0.9265710711479187,0.05501394346356392,0.0,0.0,0.0
fit,cat03_indoor@50,0.8934957385063171,0.8934957385063171,0.8934957385063171,0,0,0.8934957385063171,0.08136435598134995,0.0,0.0,0.0
fit,cat03_indoor@89,0.9213353395462036,0.9213353395462036,0.9213353395462036,0,0,0.9213353395462036,0.15945133566856384,0.0,0.0,0.0
fit,cat03_indoor@129,0.9401047229766846,0.9401047229766846,0.9401047229766846,0,0,0.9401047229766846,0.08042886108160019,0.0,0.0,0.0
fit,cat03_indoor@169,0.9166998267173767,0.9166998267173767,0.9166998267173767,0,0,0.9166998267173767,0.1556473821401596,0.0,0.0,0.0
fit,cat03_indoor@207,0.0,0.0,0.0,0,0,0.0,0.030453383922576904,0.0,0.0,0.0
fit,cat03_indoor@210,0.2875708043575287,0.23320728540420532,0.3600340783596039,2,2,0.23320728540420532,0.10299774259328842,0.19682776927947998,0.42677903175354004,0.22995126247406006
fit,cat03_indoor@234,0.9445032477378845,0.9445032477378845,0.9445032477378845,0,0,0.9445032477378845,0.057773273438215256,0.0,0.0,0.0
fit,cat03_indoor@273,0.40879711508750916,0.40879711508750916,0.42165976762771606,0,0,0.40879711508750916,0.04894997924566269,0.0,0.0,0.0
fit,cat03_indoor@296,0.6986603140830994,0.6986603140830994,0.9319139719009399,0,0,0.6986603140830994,0.5554890632629395,0.0,0.0,0.0
fit,cat03_indoor@335,0.9514580368995667,0.9514580368995667,0.9514580368995667,0,0,0.9514580368995667,0.04753148555755615,0.0,0.0,0.0
fit,cat03_indoor@375,0.9537048935890198,0.9537048935890198,0.9537048935890198,0,0,0.9537048935890198,0.10057330131530762,0.0,0.0,0.0
fit,cat03_indoor@415,0.9171179533004761,0.9171179533004761,0.9171179533004761,0,0,0.9171179533004761,0.05616643279790878,0.0,0.0,0.0
fit,cat03_indoor@454,0.7768570780754089,0.7768570780754089,0.7768570780754089,0,0,0.7768570780754089,0.29987215995788574,0.0,0.0,0.0
fit,cat03_indoor@487,0.0,0.0,0.0,0,3,0.0,0.03359595686197281,0.0,0.0,0.0
fit,cat03_indoor@489,0.0,0.0,0.0,0,0,0.0,0.0349675789475441,0.0,0.0,0.0
fit,cat03_indoor@553,0.9810746312141418,0.9810746312141418,0.9810746312141418,0,0,0.9810746312141418,0.1942615956068039,0.0,0.0,0.0
fit,cat03_indoor@561,0.0,0.0,0.0,0,0,0.0,0.038365475833415985,0.0,0.0,0.0
fit,tree_wild@10,0.9562232494354248,0.9562232494354248,0.9562232494354248,0,0,0.9562232494354248,0.06335236132144928,0.0,0.0,0.0
fit,tree_wild@141,0.937452495098114,0.937452495098114,0.937452495098114,0,0,0.937452495098114,0.061792731285095215,0.0,0.0,0.0
fit,tree_wild@272,0.9513235092163086,0.9513235092163086,0.9513235092163086,0,0,0.9513235092163086,0.037752825766801834,0.0,0.0,0.0
fit,tree_wild@403,0.8506232500076294,0.8506232500076294,0.8506232500076294,0,0,0.8506232500076294,0.09945907443761826,0.0,0.0,0.0
fit,tree_wild@534,0.8815324306488037,0.8815324306488037,0.8815324306488037,0,1,0.8531337976455688,0.27360066771507263,0.0,0.0,0.0
fit,tree_wild@549,0.38967421650886536,0.38967421650886536,0.4259951412677765,0,0,0.38967421650886536,0.18714970350265503,0.0,0.0,0.0
fit,tree_wild@632,0.0,0.0,0.0,0,0,0.0,0.030260194092988968,0.0,0.0,0.0
fit,tree_wild@634,0.0,0.0,0.0,0,0,0.0,0.030936483293771744,0.0,0.0,0.0
fit,tree_wild@654,0.2965761721134186,0.6970571279525757,0.6970571279525757,1,5,0.3952096104621887,0.2277742624282837,0.047864437103271484,0.16868412494659424,0.12081968784332275
fit,tree_wild@718,0.9578253030776978,0.9578253030776978,0.9578253030776978,0,0,0.9578253030776978,0.08530889451503754,0.0,0.0,0.0
fit,tree_wild@868,0.9044845700263977,0.9044845700263977,0.9044845700263977,0,0,0.9044845700263977,0.08174344152212143,0.0,0.0,0.0
fit,tree_wild@986,0.2767215669155121,0.2767215669155121,0.5827596187591553,0,2,0.02267129346728325,0.17051023244857788,0.0,0.0,0.0
fit,tree_wild@1029,0.9679030179977417,0.9679030179977417,0.9679030179977417,0,0,0.9679030179977417,0.06395772844552994,0.0,0.0,0.0
fit,tree_wild@1160,0.9137890338897705,0.9137890338897705,0.9285256862640381,0,0,0.9137890338897705,0.11596651375293732,0.0,0.0,0.0
fit,tree_wild@1291,0.9515427947044373,0.9515427947044373,0.9515427947044373,0,0,0.9515427947044373,0.10765604674816132,0.0,0.0,0.0
fit,tree_wild@1422,0.9308918714523315,0.9308918714523315,0.9308918714523315,0,0,0.9308918714523315,0.07462145388126373,0.0,0.0,0.0
fit,tree_wild@1497,0.0,0.0,0.04714851453900337,1,1,0.0,0.14796091616153717,1.399876356124878,1.4856420755386353,0.08576571941375732
fit,tree_wild@1499,0.0,0.0,0.058928970247507095,1,4,0.0,0.3915935456752777,3.497623920440674,3.684385299682617,0.18676143884658813
fit,tree_wild@1549,0.06977978348731995,0.06977978348731995,0.1813618391752243,0,8,0.046414706856012344,0.059490688145160675,0.0,0.0,0.0
fit,tree_wild@1551,0.21490328013896942,0.21490328013896942,0.5244035124778748,0,0,0.21490328013896942,0.14853869378566742,0.0,0.0,0.0
fit,tree_wild@1632,0.9510879516601562,0.9510879516601562,0.9510879516601562,0,0,0.9510879516601562,0.08782640844583511,0.0,0.0,0.0
fit,mobilephone06_indoor@10,0.950236439704895,0.950236439704895,0.950236439704895,0,0,0.950236439704895,0.06134582683444023,0.0,0.0,0.0
fit,mobilephone06_indoor@108,0.0,0.0,0.0,0,0,0.0,0.07316751778125763,0.0,0.0,0.0
fit,mobilephone06_indoor@114,0.3581257462501526,0.3581257462501526,0.4793603718280792,0,0,0.3581257462501526,0.06394316256046295,0.0,0.0,0.0
fit,mobilephone06_indoor@135,0.8550460934638977,0.8550460934638977,0.8550460934638977,0,0,0.8550460934638977,0.05271152779459953,0.0,0.0,0.0
fit,mobilephone06_indoor@252,0.6849589347839355,0.6849589347839355,0.8670691847801208,0,1,0.5242164731025696,0.12498116493225098,0.0,0.0,0.0
fit,mobilephone06_indoor@367,0.9632683992385864,0.9632683992385864,0.9632683992385864,0,0,0.9632683992385864,0.047025807201862335,0.0,0.0,0.0
fit,mobilephone06_indoor@464,0.8271396160125732,0.8271396160125732,0.9260664582252502,0,0,0.8271396160125732,0.06813845038414001,0.0,0.0,0.0
fit,mobilephone06_indoor@561,0.8605202436447144,0.8605202436447144,0.8605202436447144,0,0,0.8605202436447144,0.05260157585144043,0.0,0.0,0.0
fit,mobilephone06_indoor@621,0.3014660179615021,0.3014660179615021,0.3014660179615021,0,0,0.3014660179615021,0.07945730537176132,0.0,0.0,0.0
fit,mobilephone06_indoor@680,0.9258008003234863,0.9258008003234863,0.9258008003234863,0,0,0.9258008003234863,0.03616663068532944,0.0,0.0,0.0
fit,mobilephone06_indoor@808,0.9202206134796143,0.9202206134796143,0.9202206134796143,0,0,0.9202206134796143,0.06231312081217766,0.0,0.0,0.0
fit,mobilephone06_indoor@916,0.8974376916885376,0.8974376916885376,0.8974376916885376,0,0,0.8974376916885376,0.043948620557785034,0.0,0.0,0.0
fit,mobilephone06_indoor@1025,0.9246055483818054,0.9246055483818054,0.9246055483818054,0,0,0.9246055483818054,0.04583091661334038,0.0,0.0,0.0
fit,mobilephone06_indoor@1122,0.8479880094528198,0.8479880094528198,0.8479880094528198,0,0,0.8479880094528198,0.11816197633743286,0.0,0.0,0.0
fit,mobilephone06_indoor@1137,0.1908610761165619,0.1908610761165619,0.1908610761165619,0,1,0.15353046357631683,0.07336284220218658,0.0,0.0,0.0
fit,mobilephone06_indoor@1138,0.4654542803764343,0.4654542803764343,0.6364240646362305,0,2,0.6364240646362305,0.17702658474445343,0.0,0.0,0.0
fit,mobilephone06_indoor@1194,0.0,0.0,0.0,0,5,0.0,0.084651879966259,0.0,0.0,0.0
fit,mobilephone06_indoor@1196,0.0,0.0,0.0,0,5,0.0,0.07112763822078705,0.0,0.0,0.0
fit,mobilephone06_indoor@1203,0.0,0.0,0.20932383835315704,0,0,0.0,0.07299892604351044,0.0,0.0,0.0
fit,mobilephone06_indoor@1266,0.7263796925544739,0.7263796925544739,0.7263796925544739,0,0,0.7263796925544739,0.18744760751724243,0.0,0.0,0.0
fit,thermos01_indoor@10,0.8836027979850769,0.8836027979850769,0.8836027979850769,0,0,0.8836027979850769,0.08059050887823105,0.0,0.0,0.0
fit,thermos01_indoor@115,0.4159160256385803,0.4159160256385803,0.5213984251022339,0,0,0.4159160256385803,0.14486968517303467,0.0,0.0,0.0
fit,thermos01_indoor@161,0.9540677070617676,0.9540677070617676,0.9540677070617676,0,0,0.9540677070617676,0.12212730944156647,0.0,0.0,0.0
fit,thermos01_indoor@315,0.7796889543533325,0.7796889543533325,0.7796889543533325,0,0,0.7796889543533325,0.24005529284477234,0.0,0.0,0.0
fit,thermos01_indoor@418,0.007903136312961578,0.007903136312961578,0.0929405614733696,0,0,0.007903136312961578,0.041305698454380035,0.0,0.0,0.0
fit,thermos01_indoor@477,0.8184078335762024,0.8184078335762024,0.8184078335762024,0,0,0.8184078335762024,0.07529042661190033,0.0,0.0,0.0
fit,thermos01_indoor@628,0.7824904322624207,0.7824904322624207,0.7824904322624207,0,4,0.5334605574607849,0.11467868089675903,0.0,0.0,0.0
fit,thermos01_indoor@785,0.8075922131538391,0.8075922131538391,0.8075922131538391,0,0,0.8075922131538391,0.10901148617267609,0.0,0.0,0.0
fit,thermos01_indoor@946,0.8585671782493591,0.8585671782493591,0.8585671782493591,0,2,0.7710414528846741,0.2021481990814209,0.0,0.0,0.0
fit,thermos01_indoor@1097,0.853252112865448,0.853252112865448,0.853252112865448,0,1,0.6798544526100159,0.16147249937057495,0.0,0.0,0.0
fit,thermos01_indoor@1109,0.18509292602539062,0.18509292602539062,0.226845383644104,0,1,0.22649584710597992,0.1815241277217865,0.0,0.0,0.0
fit,thermos01_indoor@1179,0.22078096866607666,0.28896084427833557,0.3362503945827484,1,1,0.28896084427833557,0.05945666879415512,1.1353144645690918,1.3356175422668457,0.20030319690704346
fit,thermos01_indoor@1333,0.8361031413078308,0.8361031413078308,0.853922963142395,0,0,0.8361031413078308,0.05432309955358505,0.0,0.0,0.0
fit,thermos01_indoor@1487,0.8716950416564941,0.8716950416564941,0.8716950416564941,0,0,0.8716950416564941,0.0642116591334343,0.0,0.0,0.0
fit,thermos01_indoor@1510,0.3568040132522583,0.3568040132522583,0.3763662576675415,0,0,0.3568040132522583,0.23972198367118835,0.0,0.0,0.0
fit,thermos01_indoor@1641,0.9170821309089661,0.9170821309089661,0.9170821309089661,0,0,0.9170821309089661,0.03872491046786308,0.0,0.0,0.0
fit,thermos01_indoor@1791,0.8676477670669556,0.8676477670669556,0.8676477670669556,0,0,0.8676477670669556,0.13780328631401062,0.0,0.0,0.0
fit,bag03_indoor@10,0.920414924621582,0.920414924621582,0.920414924621582,0,0,0.920414924621582,0.04727631062269211,0.0,0.0,0.0
fit,bag03_indoor@194,0.9477911591529846,0.9477911591529846,0.9477911591529846,0,0,0.9477911591529846,0.10561239719390869,0.0,0.0,0.0
fit,bag03_indoor@378,0.95035719871521,0.95035719871521,0.95035719871521,0,0,0.95035719871521,0.03278856724500656,0.0,0.0,0.0
fit,bag03_indoor@562,0.9556483626365662,0.9556483626365662,0.9556483626365662,0,0,0.9556483626365662,0.05090887472033501,0.0,0.0,0.0
fit,bag03_indoor@746,0.8699087500572205,0.7830639481544495,0.8729663491249084,1,1,0.7830639481544495,0.4386987090110779,2.8351938724517822,2.986664295196533,0.15147042274475098
fit,bag03_indoor@752,0.47694242000579834,0.47694242000579834,0.5537680387496948,0,7,0.4660268723964691,0.22005370259284973,0.0,0.0,0.0
fit,bag03_indoor@932,0.9367396235466003,0.9367396235466003,0.9367396235466003,0,1,0.850128710269928,0.15660759806632996,0.0,0.0,0.0
fit,bag03_indoor@1115,0.9543592929840088,0.9543592929840088,0.9543592929840088,0,0,0.9543592929840088,0.038942188024520874,0.0,0.0,0.0
fit,bag03_indoor@1306,0.8993700742721558,0.8993700742721558,0.9159722328186035,0,0,0.8993700742721558,0.04795227199792862,0.0,0.0,0.0
fit,bag03_indoor@1373,0.06787467002868652,0.0,0.13075639307498932,1,1,0.0,0.04378665238618851,0.45274293422698975,0.6507855653762817,0.198042631149292
fit,bag03_indoor@1536,0.9237817525863647,0.9237817525863647,0.9237817525863647,0,0,0.9237817525863647,0.08007384836673737,0.0,0.0,0.0
fit,bag03_indoor@1698,0.41200122237205505,0.6124839782714844,0.6734163761138916,1,1,0.6124839782714844,0.07484740018844604,1.2419912815093994,1.8249448537826538,0.5829535722732544
fit,bag03_indoor@1722,0.9440996646881104,0.9440996646881104,0.9440996646881104,0,0,0.9440996646881104,0.04482099786400795,0.0,0.0,0.0
fit,bag03_indoor@1906,0.9327594041824341,0.9327594041824341,0.9327594041824341,0,0,0.9327594041824341,0.06598768383264542,0.0,0.0,0.0
fit,bag03_indoor@1952,0.40746018290519714,0.40746018290519714,0.5529384613037109,0,4,0.5529384613037109,0.08977129310369492,0.0,0.0,0.0
fit,bag03_indoor@1970,0.0,0.0,0.0,0,0,0.0,0.0468023382127285,0.0,0.0,0.0
fit,bag03_indoor@1972,0.0,0.0,0.0,0,0,0.0,0.04894302040338516,0.0,0.0,0.0
fit,bag03_indoor@2012,0.0,0.0,0.0,0,0,0.0,0.05147165060043335,0.0,0.0,0.0
fit,bag03_indoor@2014,0.0,0.0,0.0,0,4,0.0,0.09322531521320343,0.0,0.0,0.0
fit,bag03_indoor@2035,0.9264024496078491,0.9264024496078491,0.9264024496078491,0,0,0.9264024496078491,0.07114358246326447,0.0,0.0,0.0
fit,bag03_indoor@2037,0.0,0.0,0.0,0,0,0.0,0.12157042324542999,0.0,0.0,0.0
fit,bag03_indoor@2039,0.0,0.0,0.0,0,1,0.0,0.2091149538755417,0.0,0.0,0.0
fit,bag03_indoor@2061,0.0,0.0,0.0,0,0,0.0,0.041464872658252716,0.0,0.0,0.0
fit,bag03_indoor@2174,0.748366117477417,0.748366117477417,0.748366117477417,0,3,0.6374521255493164,0.3247668445110321,0.0,0.0,0.0
fit,bag03_indoor@2176,0.1986071616411209,0.1986071616411209,0.24683938920497894,0,4,0.020249484106898308,0.08967262506484985,0.0,0.0,0.0
fit,chair02_indoor@10,0.9560859203338623,0.9560859203338623,0.9560859203338623,0,0,0.9560859203338623,0.04354887455701828,0.0,0.0,0.0
fit,chair02_indoor@172,0.9669172167778015,0.9669172167778015,0.9669172167778015,0,0,0.9669172167778015,0.04767146334052086,0.0,0.0,0.0
fit,chair02_indoor@334,0.9454505443572998,0.9454505443572998,0.9454505443572998,0,0,0.9454505443572998,0.05823523923754692,0.0,0.0,0.0
fit,chair02_indoor@495,0.9208254218101501,0.9208254218101501,0.9208254218101501,0,0,0.9208254218101501,0.07342954725027084,0.0,0.0,0.0
fit,chair02_indoor@657,0.9059262871742249,0.9059262871742249,0.9059262871742249,0,0,0.9059262871742249,0.060891639441251755,0.0,0.0,0.0
fit,chair02_indoor@792,0.3670583963394165,0.3670583963394165,0.6537243723869324,0,0,0.3670583963394165,0.1502644270658493,0.0,0.0,0.0
fit,chair02_indoor@802,0.33673882484436035,0.33673882484436035,0.33673882484436035,0,0,0.33673882484436035,0.23411986231803894,0.0,0.0,0.0
fit,chair02_indoor@807,0.4818730652332306,0.4818730652332306,0.4818730652332306,0,0,0.4818730652332306,0.16777369379997253,0.0,0.0,0.0
fit,chair02_indoor@836,0.9434208273887634,0.9434208273887634,0.9434208273887634,0,0,0.9434208273887634,0.06607142090797424,0.0,0.0,0.0
fit,chair02_indoor@998,0.9714489579200745,0.9714489579200745,0.9714489579200745,0,0,0.9714489579200745,0.052445054054260254,0.0,0.0,0.0
fit,chair02_indoor@1163,0.9144428968429565,0.9144428968429565,0.9144428968429565,0,0,0.9144428968429565,0.09305305778980255,0.0,0.0,0.0
fit,chair02_indoor@1208,0.4291312098503113,0.4291312098503113,0.6159812808036804,0,2,0.4296698272228241,0.20100311934947968,0.0,0.0,0.0
fit,chair02_indoor@1327,0.912156879901886,0.912156879901886,0.912156879901886,0,0,0.912156879901886,0.12984827160835266,0.0,0.0,0.0
fit,chair02_indoor@1488,0.8475848436355591,0.8475848436355591,0.8475848436355591,0,0,0.8475848436355591,0.05802736431360245,0.0,0.0,0.0
fit,chair02_indoor@1650,0.9402441382408142,0.9402441382408142,0.9402441382408142,0,1,0.7105618119239807,0.17062196135520935,0.0,0.0,0.0
fit,chair02_indoor@1812,0.9576714038848877,0.9576714038848877,0.9576714038848877,0,0,0.9576714038848877,0.09655849635601044,0.0,0.0,0.0
fit,ball13_indoor@10,0.8433106541633606,0.8433106541633606,0.871841549873352,0,0,0.8433106541633606,0.08953939378261566,0.0,0.0,0.0
fit,ball13_indoor@41,0.7481366991996765,0.7481366991996765,0.7481366991996765,0,0,0.7481366991996765,0.14087891578674316,0.0,0.0,0.0
fit,ball13_indoor@68,0.2591512203216553,0.2591512203216553,0.3352731764316559,0,0,0.2591512203216553,0.13267043232917786,0.0,0.0,0.0
fit,ball13_indoor@79,0.8256419897079468,0.8256419897079468,0.8256419897079468,0,1,0.7888968586921692,0.15472544729709625,0.0,0.0,0.0
fit,ball13_indoor@110,0.7900999784469604,0.7900999784469604,0.7900999784469604,0,0,0.7900999784469604,0.11038162559270859,0.0,0.0,0.0
fit,ball13_indoor@141,0.7895656228065491,0.7895656228065491,0.7895656228065491,0,0,0.7895656228065491,0.07481887191534042,0.0,0.0,0.0
fit,ball13_indoor@172,0.7769134640693665,0.7769134640693665,0.7769134640693665,0,0,0.7769134640693665,0.07812923938035965,0.0,0.0,0.0
fit,ball13_indoor@204,0.7344851493835449,0.7344851493835449,0.89640873670578,0,0,0.7344851493835449,0.10090825706720352,0.0,0.0,0.0
fit,ball13_indoor@223,0.001663852483034134,0.001663852483034134,0.132010355591774,0,3,0.06357423216104507,0.05887966230511665,0.0,0.0,0.0
fit,ball13_indoor@242,0.613602876663208,0.613602876663208,0.742171585559845,0,0,0.613602876663208,0.09045033156871796,0.0,0.0,0.0
fit,ball13_indoor@282,0.0,0.4792617857456207,0.4792617857456207,1,1,0.4792617857456207,0.08820618689060211,1.696860909461975,2.619861364364624,0.9230004549026489
fit,ball13_indoor@284,0.0,0.0,0.3258872926235199,0,0,0.0,0.08664830774068832,0.0,0.0,0.0
fit,ball13_indoor@344,0.9057328104972839,0.9057328104972839,0.9057328104972839,0,0,0.9057328104972839,0.05811139941215515,0.0,0.0,0.0
fit,ball13_indoor@402,0.8192498087882996,0.8192498087882996,0.8421217203140259,0,0,0.8192498087882996,0.10355629771947861,0.0,0.0,0.0
fit,ball13_indoor@433,0.8184642195701599,0.8184642195701599,0.8184642195701599,0,0,0.8184642195701599,0.11972973495721817,0.0,0.0,0.0
fit,ball13_indoor@464,0.776412844657898,0.776412844657898,0.776412844657898,0,0,0.776412844657898,0.1762675791978836,0.0,0.0,0.0
fit,ball13_indoor@856,0.0,0.0,0.008210817351937294,0,2,0.0,0.16531547904014587,0.0,0.0,0.0
fit,ball13_indoor@858,0.0,0.0,0.04603828862309456,0,3,0.0,0.14349721372127533,0.0,0.0,0.0
fit,ball13_indoor@1213,0.13355806469917297,0.22213312983512878,0.30259644985198975,1,1,0.22213312983512878,0.11427519470453262,3.310577392578125,3.6682372093200684,0.3576597571372986
fit,ball13_indoor@1379,0.0,0.0,0.0,0,2,0.0,0.1750463843345642,0.0,0.0,0.0
fit,ball13_indoor@1381,0.0,0.0,0.0,0,3,0.0,0.1948511004447937,0.0,0.0,0.0
fit,ball13_indoor@1541,0.30549678206443787,0.35199296474456787,0.35199296474456787,1,1,0.35199296474456787,0.04434669017791748,3.819960355758667,4.029745101928711,0.20978492498397827
fit,ball13_indoor@1548,0.1269579976797104,0.07789038866758347,0.19025997817516327,1,1,0.07789038866758347,0.15084362030029297,5.078554153442383,5.133996963500977,0.0554426908493042
fit,ball13_indoor@1549,0.1431862711906433,0.09371697157621384,0.20042704045772552,1,1,0.09371697157621384,0.12834855914115906,5.409191131591797,5.470808506011963,0.061617374420166016
fit,ball13_indoor@1550,0.08768925815820694,0.08768925815820694,0.14916063845157623,0,0,0.08768925815820694,0.2149597704410553,0.0,0.0,0.0
fit,ball13_indoor@1552,0.034511737525463104,0.034511737525463104,0.11378519982099533,0,0,0.034511737525463104,0.27795130014419556,0.0,0.0,0.0
fit,ball13_indoor@1868,0.0,0.0,0.0,0,0,0.0,0.3129952549934387,0.0,0.0,0.0
fit,ball13_indoor@1870,0.0,0.0,0.0,0,0,0.0,0.28595826029777527,0.0,0.0,0.0
fit,ball13_indoor@2137,0.0,0.0,0.00017920634127222002,2,2,0.0,0.17327380180358887,5.52918815612793,5.57274866104126,0.043560147285461426
fit,ball13_indoor@2139,0.0,0.0,0.0,3,3,0.0,0.1629902720451355,5.5467634201049805,5.581806182861328,0.035042762756347656
fit,ball13_indoor@2393,0.0,0.0,0.0,0,0,0.0,0.21686895191669464,0.0,0.0,0.0
fit,adapter02_indoor@10,0.7488247156143188,0.7488247156143188,0.7488247156143188,0,2,0.6873293519020081,0.20400333404541016,0.0,0.0,0.0
fit,adapter02_indoor@14,0.4869244396686554,0.4869244396686554,0.633804976940155,0,0,0.4869244396686554,0.2423776388168335,0.0,0.0,0.0
fit,adapter02_indoor@38,0.02267569862306118,0.02267569862306118,0.15420161187648773,0,0,0.02267569862306118,0.09331043064594269,0.0,0.0,0.0
fit,adapter02_indoor@54,0.9044559001922607,0.9044559001922607,0.9044559001922607,0,0,0.9044559001922607,0.08739850670099258,0.0,0.0,0.0
fit,adapter02_indoor@66,0.029960541054606438,0.029960541054606438,0.3493231236934662,0,2,0.03499624878168106,0.19255176186561584,0.0,0.0,0.0
fit,adapter02_indoor@68,0.0,0.0,0.7122941017150879,0,0,0.0,0.27092432975769043,0.0,0.0,0.0
fit,adapter02_indoor@131,0.0,0.0,0.015097837895154953,0,0,0.0,0.14569786190986633,0.0,0.0,0.0
fit,adapter02_indoor@133,0.0,0.0,0.6672046184539795,0,0,0.0,0.307974249124527,0.0,0.0,0.0
fit,adapter02_indoor@135,0.0,0.0,0.0,0,0,0.0,0.13961592316627502,0.0,0.0,0.0
fit,adapter02_indoor@212,0.0,0.0,0.0,0,0,0.0,0.28054705262184143,0.0,0.0,0.0
fit,adapter02_indoor@214,0.0,0.0,0.0,0,0,0.0,0.2754518389701843,0.0,0.0,0.0
fit,adapter02_indoor@247,0.8149360418319702,0.8149360418319702,0.8149360418319702,0,0,0.8149360418319702,0.16209974884986877,0.0,0.0,0.0
fit,adapter02_indoor@288,0.7856830954551697,0.7856830954551697,0.7856830954551697,0,2,0.7213310599327087,0.10175852477550507,0.0,0.0,0.0
fit,adapter02_indoor@328,0.7609215378761292,0.662314772605896,0.7609215378761292,1,1,0.662314772605896,0.25123676657676697,2.8175764083862305,3.11726450920105,0.29968810081481934
fit,adapter02_indoor@368,0.9181666374206543,0.9181666374206543,0.9181666374206543,0,0,0.9181666374206543,0.1272270679473877,0.0,0.0,0.0
fit,adapter02_indoor@395,0.1829712837934494,0.05539197474718094,0.19964642822742462,1,1,0.05539197474718094,0.06079467386007309,0.2378385066986084,0.24518728256225586,0.007348775863647461
fit,adapter02_indoor@441,0.607478141784668,0.607478141784668,0.638198733329773,0,3,0.5102163553237915,0.07324282824993134,0.0,0.0,0.0
fit,adapter02_indoor@482,0.701718807220459,0.701718807220459,0.701718807220459,0,1,0.6395870447158813,0.14186736941337585,0.0,0.0,0.0
fit,adapter02_indoor@526,0.6951613426208496,0.6951613426208496,0.7391317486763,0,0,0.6951613426208496,0.4041178822517395,0.0,0.0,0.0
fit,adapter02_indoor@539,0.4922492504119873,0.4922492504119873,0.5908941626548767,0,0,0.4922492504119873,0.07668972760438919,0.0,0.0,0.0
fit,adapter02_indoor@567,0.8715816140174866,0.8715816140174866,0.8862450122833252,0,1,0.8111225366592407,0.1394818127155304,0.0,0.0,0.0
fit,adapter02_indoor@579,0.0,0.0,0.0,1,1,0.0,0.08421841263771057,0.30590128898620605,0.39154064655303955,0.0856393575668335
fit,adapter02_indoor@581,0.0,0.0,0.0,0,0,0.0,0.06878930330276489,0.0,0.0,0.0
fit,adapter02_indoor@625,0.0,0.0,0.0,0,0,0.0,0.07242245227098465,0.0,0.0,0.0
fit,adapter02_indoor@627,0.0,0.0,0.0,0,0,0.0,0.06120491772890091,0.0,0.0,0.0
fit,adapter02_indoor@732,0.0,0.0,0.30019697546958923,0,7,0.0,0.06993795931339264,0.0,0.0,0.0
fit,adapter02_indoor@750,0.8269078731536865,0.8269078731536865,0.8441851735115051,0,0,0.8269078731536865,0.0623769648373127,0.0,0.0,0.0
fit,adapter02_indoor@771,0.4158799946308136,0.4158799946308136,0.5080111026763916,0,0,0.4158799946308136,0.22258493304252625,0.0,0.0,0.0
fit,adapter02_indoor@796,0.7368456125259399,0.7368456125259399,0.7368456125259399,0,0,0.7368456125259399,0.07368979603052139,0.0,0.0,0.0
fit,ukulele02_indoor@10,0.9370181560516357,0.9370181560516357,0.9370181560516357,0,0,0.9370181560516357,0.09672468900680542,0.0,0.0,0.0
fit,ukulele02_indoor@153,0.909824013710022,0.909824013710022,0.909824013710022,0,0,0.909824013710022,0.07572527229785919,0.0,0.0,0.0
fit,ukulele02_indoor@296,0.8805717825889587,0.8805717825889587,0.8805717825889587,0,0,0.8805717825889587,0.05212254449725151,0.0,0.0,0.0
fit,ukulele02_indoor@438,0.9049570560455322,0.9049570560455322,0.9049570560455322,0,0,0.9049570560455322,0.13136723637580872,0.0,0.0,0.0
fit,ukulele02_indoor@581,0.9348177909851074,0.9348177909851074,0.9348177909851074,0,0,0.9348177909851074,0.10926668345928192,0.0,0.0,0.0
fit,ukulele02_indoor@633,0.379189670085907,0.379189670085907,0.585053563117981,0,0,0.379189670085907,0.2203790247440338,0.0,0.0,0.0
fit,ukulele02_indoor@636,0.38254398107528687,0.38254398107528687,0.5215216875076294,0,0,0.38254398107528687,0.22079262137413025,0.0,0.0,0.0
fit,ukulele02_indoor@729,0.9407086968421936,0.9407086968421936,0.9407086968421936,0,0,0.9407086968421936,0.05154244974255562,0.0,0.0,0.0
fit,ukulele02_indoor@872,0.8984930515289307,0.8984930515289307,0.8984930515289307,0,0,0.8984930515289307,0.0469127781689167,0.0,0.0,0.0
fit,ukulele02_indoor@1015,0.9364491701126099,0.9364491701126099,0.9364491701126099,0,0,0.9364491701126099,0.08770593255758286,0.0,0.0,0.0
fit,ukulele02_indoor@1158,0.9541646838188171,0.9541646838188171,0.9541646838188171,0,0,0.9541646838188171,0.1067938357591629,0.0,0.0,0.0
fit,ukulele02_indoor@1197,0.3515096604824066,0.4103241264820099,0.6976024508476257,4,4,0.4103241264820099,0.22553274035453796,2.151899576187134,2.232468605041504,0.08056908845901489
fit,ukulele02_indoor@1304,0.9174913167953491,0.9174913167953491,0.9174913167953491,0,0,0.9174913167953491,0.036724068224430084,0.0,0.0,0.0
fit,ukulele02_indoor@1447,0.915869951248169,0.915869951248169,0.915869951248169,0,0,0.915869951248169,0.05323348566889763,0.0,0.0,0.0
fit,ukulele02_indoor@1475,0.47871163487434387,0.47871163487434387,0.7962415814399719,0,0,0.47871163487434387,0.20233134925365448,0.0,0.0,0.0
fit,ukulele02_indoor@1591,0.9252254366874695,0.9252254366874695,0.9252254366874695,0,0,0.9252254366874695,0.14518406987190247,0.0,0.0,0.0
fit,leaves02_indoor@10,0.9652446508407593,0.9652446508407593,0.9652446508407593,0,0,0.9652446508407593,0.04857407882809639,0.0,0.0,0.0
fit,leaves02_indoor@87,0.9814498424530029,0.9814498424530029,0.9814498424530029,0,0,0.9814498424530029,0.04256262630224228,0.0,0.0,0.0
fit,leaves02_indoor@164,0.8092042207717896,0.8092042207717896,0.8109543919563293,0,0,0.8092042207717896,0.06321254372596741,0.0,0.0,0.0
fit,leaves02_indoor@169,0.401593416929245,0.401593416929245,0.401593416929245,0,0,0.401593416929245,0.18037934601306915,0.0,0.0,0.0
fit,leaves02_indoor@185,0.0,0.0,0.12771108746528625,0,2,0.0,0.07732909917831421,0.0,0.0,0.0
fit,leaves02_indoor@187,0.0,0.0,0.22038908302783966,0,2,0.0,0.10347527265548706,0.0,0.0,0.0
fit,leaves02_indoor@268,0.0,0.0,0.0,0,0,0.0,0.03448956459760666,0.0,0.0,0.0
fit,leaves02_indoor@270,0.0,0.0,0.0,0,0,0.0,0.03392314538359642,0.0,0.0,0.0
fit,leaves02_indoor@349,0.9602369070053101,0.9602369070053101,0.9602369070053101,0,0,0.9602369070053101,0.033417295664548874,0.0,0.0,0.0
fit,leaves02_indoor@426,0.9133831858634949,0.9133831858634949,0.9133831858634949,0,0,0.9133831858634949,0.04216517508029938,0.0,0.0,0.0
fit,leaves02_indoor@433,0.4923667907714844,0.4923667907714844,0.4923667907714844,0,0,0.4923667907714844,0.12298119068145752,0.0,0.0,0.0
fit,leaves02_indoor@470,0.41077351570129395,0.41077351570129395,0.41077351570129395,0,0,0.41077351570129395,0.042485982179641724,0.0,0.0,0.0
fit,leaves02_indoor@541,0.9473578929901123,0.9473578929901123,0.9473578929901123,0,0,0.9473578929901123,0.029344400390982628,0.0,0.0,0.0
fit,leaves02_indoor@618,0.8869116902351379,0.8869116902351379,0.8869116902351379,0,0,0.8869116902351379,0.06315639615058899,0.0,0.0,0.0
fit,leaves02_indoor@705,0.9570462107658386,0.9570462107658386,0.9570462107658386,0,0,0.9570462107658386,0.029175782576203346,0.0,0.0,0.0
fit,leaves02_indoor@776,0.0,0.26280948519706726,0.26280948519706726,2,2,0.26280948519706726,0.047147512435913086,0.8263401985168457,2.037720203399658,1.2113800048828125
fit,leaves02_indoor@824,0.9630427360534668,0.9630427360534668,0.9630427360534668,0,0,0.9630427360534668,0.042461227625608444,0.0,0.0,0.0
fit,leaves02_indoor@900,0.756627082824707,0.756627082824707,0.756627082824707,0,0,0.756627082824707,0.09063752740621567,0.0,0.0,0.0
fit,leaves02_indoor@1066,0.9503467679023743,0.9503467679023743,0.9503467679023743,0,0,0.9503467679023743,0.030426114797592163,0.0,0.0,0.0
fit,leaves02_indoor@1195,0.9059637784957886,0.9059637784957886,0.9059637784957886,0,0,0.9059637784957886,0.06978238373994827,0.0,0.0,0.0
fit,trashbin_indoor@10,0.8904489278793335,0.8430752754211426,0.8904489278793335,1,1,0.8430752754211426,0.1776549071073532,3.268878221511841,3.3270766735076904,0.05819854140281677
fit,trashbin_indoor@36,0.45762965083122253,0.512072741985321,0.512072741985321,1,1,0.512072741985321,0.06474832445383072,2.102163314819336,2.369050979614258,0.2668876647949219
fit,trashbin_indoor@37,0.43445345759391785,0.43445345759391785,0.4723612070083618,0,1,0.4723612070083618,0.05180015042424202,0.0,0.0,0.0
fit,trashbin_indoor@39,0.4585849642753601,0.4585849642753601,0.5561917424201965,0,1,0.5561917424201965,0.06469418108463287,0.0,0.0,0.0
fit,trashbin_indoor@97,0.9528185129165649,0.9528185129165649,0.9528185129165649,0,0,0.9528185129165649,0.06004434823989868,0.0,0.0,0.0
fit,trashbin_indoor@180,0.9486107230186462,0.9486107230186462,0.9486107230186462,0,0,0.9486107230186462,0.04130560904741287,0.0,0.0,0.0
fit,trashbin_indoor@264,0.962349534034729,0.962349534034729,0.962349534034729,0,0,0.962349534034729,0.06574583053588867,0.0,0.0,0.0
fit,trashbin_indoor@347,0.9596220254898071,0.9596220254898071,0.9596220254898071,0,0,0.9596220254898071,0.0548381507396698,0.0,0.0,0.0
fit,trashbin_indoor@430,0.9580984711647034,0.9580984711647034,0.9580984711647034,0,0,0.9580984711647034,0.05681746453046799,0.0,0.0,0.0
fit,trashbin_indoor@513,0.9197616577148438,0.9197616577148438,0.9197616577148438,0,0,0.9197616577148438,0.07491382211446762,0.0,0.0,0.0
fit,trashbin_indoor@596,0.9730780720710754,0.9730780720710754,0.9730780720710754,0,0,0.9730780720710754,0.052505455911159515,0.0,0.0,0.0
fit,trashbin_indoor@723,0.0,0.0,0.0002480579714756459,0,0,0.0,0.08819475769996643,0.0,0.0,0.0
fit,trashbin_indoor@724,0.0,0.11892292648553848,0.12114804983139038,3,3,0.11892292648553848,0.060917146503925323,0.9300432205200195,2.391700506210327,1.4616572856903076
fit,trashbin_indoor@725,0.30838093161582947,0.30838093161582947,0.30838093161582947,0,0,0.30838093161582947,0.04960374906659126,0.0,0.0,0.0
fit,trashbin_indoor@727,0.7675256133079529,0.7675256133079529,0.7675256133079529,0,0,0.7675256133079529,0.104608915746212,0.0,0.0,0.0
fit,trashbin_indoor@811,0.9451555013656616,0.9451555013656616,0.9451555013656616,0,0,0.9451555013656616,0.053342271596193314,0.0,0.0,0.0
fit,trashbin_indoor@894,0.9349702000617981,0.9349702000617981,0.9349702000617981,0,0,0.9349702000617981,0.03814613074064255,0.0,0.0,0.0
fit,trashbin_indoor@977,0.8908404111862183,0.7617384791374207,0.8908404111862183,2,2,0.7617384791374207,0.24241261184215546,5.136459827423096,5.239273548126221,0.10281376540660858
fit,pigeon06_wild@10,0.6588408946990967,0.6588408946990967,0.6675147414207458,0,0,0.6588408946990967,0.24871310591697693,0.0,0.0,0.0
fit,pigeon06_wild@54,0.49210628867149353,0.49210628867149353,0.530991792678833,0,2,0.530991792678833,0.08635640144348145,0.0,0.0,0.0
fit,pigeon06_wild@122,0.853817880153656,0.853817880153656,0.853817880153656,0,1,0.7122490406036377,0.069609634578228,0.0,0.0,0.0
fit,pigeon06_wild@232,0.9133719801902771,0.9133719801902771,0.9133719801902771,0,0,0.9133719801902771,0.1341976821422577,0.0,0.0,0.0
fit,pigeon06_wild@342,0.7547070384025574,0.7547070384025574,0.7561331391334534,0,0,0.7547070384025574,0.039992041885852814,0.0,0.0,0.0
fit,pigeon06_wild@452,0.9262416958808899,0.9262416958808899,0.9262416958808899,0,0,0.9262416958808899,0.08884233236312866,0.0,0.0,0.0
fit,pigeon06_wild@470,0.48276862502098083,0.48276862502098083,0.5217117667198181,0,1,0.5154934525489807,0.13639578223228455,0.0,0.0,0.0
fit,pigeon06_wild@551,0.4693412780761719,0.4693412780761719,0.5223302245140076,0,0,0.4693412780761719,0.12546797096729279,0.0,0.0,0.0
fit,pigeon06_wild@565,0.4225958287715912,0.4225958287715912,0.4289758801460266,0,0,0.4225958287715912,0.09323766082525253,0.0,0.0,0.0
fit,pigeon06_wild@567,0.7760694026947021,0.7760694026947021,0.7760694026947021,0,0,0.7760694026947021,0.02421231009066105,0.0,0.0,0.0
fit,pigeon06_wild@677,0.7953997850418091,0.7953997850418091,0.7953997850418091,0,0,0.7953997850418091,0.06281347572803497,0.0,0.0,0.0
fit,pigeon06_wild@787,0.7815525531768799,0.7815525531768799,0.8225994110107422,0,2,0.8225994110107422,0.18987306952476501,0.0,0.0,0.0
fit,pigeon06_wild@897,0.7206786274909973,0.7206786274909973,0.7451439499855042,0,0,0.7206786274909973,0.044398777186870575,0.0,0.0,0.0
fit,pigeon06_wild@1007,0.6281384229660034,0.6281384229660034,0.6296602487564087,0,0,0.6281384229660034,0.05063469335436821,0.0,0.0,0.0
fit,pigeon06_wild@1117,0.811947762966156,0.811947762966156,0.811947762966156,0,0,0.811947762966156,0.06148003786802292,0.0,0.0,0.0
fit,pigeon06_wild@1227,0.7910068035125732,0.7910068035125732,0.8038675785064697,0,0,0.7910068035125732,0.0855196937918663,0.0,0.0,0.0
fit,pigeon07_wild@10,0.8762328624725342,0.8762328624725342,0.8762328624725342,0,0,0.8762328624725342,0.06412038207054138,0.0,0.0,0.0
fit,pigeon07_wild@70,0.820943295955658,0.820943295955658,0.820943295955658,0,1,0.6559821963310242,0.16864325106143951,0.0,0.0,0.0
fit,pigeon07_wild@130,0.9152181148529053,0.7989528179168701,0.9152181148529053,3,1,0.8104962706565857,0.2512950301170349,3.6836748123168945,3.695448875427246,0.011773884296417236
fit,pigeon07_wild@190,0.9322558045387268,0.9322558045387268,0.9322558045387268,0,0,0.9322558045387268,0.08357898890972137,0.0,0.0,0.0
fit,pigeon07_wild@250,0.867716372013092,0.867716372013092,0.8916050791740417,0,0,0.867716372013092,0.10805545002222061,0.0,0.0,0.0
fit,pigeon07_wild@310,0.875152587890625,0.875152587890625,0.875152587890625,0,1,0.8255240321159363,0.10744582116603851,0.0,0.0,0.0
fit,pigeon07_wild@369,0.928037166595459,0.928037166595459,0.928037166595459,0,0,0.928037166595459,0.11160816997289658,0.0,0.0,0.0
fit,pigeon07_wild@417,0.25265374779701233,0.25265374779701233,0.2606971859931946,0,3,0.2517572045326233,0.019669611006975174,0.0,0.0,0.0
fit,pigeon07_wild@452,0.1737132966518402,0.1737132966518402,0.4216386377811432,0,3,0.24610263109207153,0.11668504774570465,0.0,0.0,0.0
fit,pigeon07_wild@465,0.7875542044639587,0.7875542044639587,0.7875542044639587,0,0,0.7875542044639587,0.058802563697099686,0.0,0.0,0.0
fit,pigeon07_wild@525,0.881893515586853,0.881893515586853,0.881893515586853,0,0,0.881893515586853,0.06304975599050522,0.0,0.0,0.0
fit,pigeon07_wild@585,0.8399771451950073,0.7327800989151001,0.8399771451950073,2,2,0.7327800989151001,0.16962005198001862,4.233902931213379,4.268270015716553,0.03436684608459473
fit,pigeon07_wild@645,0.8047096133232117,0.8047096133232117,0.9362871646881104,0,0,0.8047096133232117,0.07798397541046143,0.0,0.0,0.0
fit,pigeon07_wild@705,0.8791614770889282,0.8791614770889282,0.8791614770889282,0,0,0.8791614770889282,0.11357428878545761,0.0,0.0,0.0
fit,human03_wild@10,0.978579580783844,0.978579580783844,0.978579580783844,0,0,0.978579580783844,0.05692863464355469,0.0,0.0,0.0
fit,human03_wild@268,0.9322585463523865,0.9322585463523865,0.9322585463523865,0,0,0.9322585463523865,0.05289699509739876,0.0,0.0,0.0
fit,human03_wild@526,0.5774731636047363,0.5774731636047363,0.7164800763130188,0,0,0.5774731636047363,0.18557345867156982,0.0,0.0,0.0
fit,human03_wild@531,0.4893088936805725,0.4893088936805725,0.4893088936805725,0,0,0.4893088936805725,0.03072386421263218,0.0,0.0,0.0
fit,human03_wild@787,0.9641883969306946,0.9641883969306946,0.9641883969306946,0,0,0.9641883969306946,0.06900889426469803,0.0,0.0,0.0
fit,human03_wild@1045,0.8898665308952332,0.8898665308952332,0.8898665308952332,0,0,0.8898665308952332,0.047810863703489304,0.0,0.0,0.0
fit,human03_wild@1213,0.0,0.0,0.0,0,0,0.0,0.04530131071805954,0.0,0.0,0.0
fit,human03_wild@1215,0.0,0.0,0.0,0,0,0.0,0.049287550151348114,0.0,0.0,0.0
fit,human03_wild@1465,0.6819304823875427,0.6819304823875427,0.7146816253662109,0,1,0.7146816253662109,0.17800000309944153,0.0,0.0,0.0
fit,human03_wild@1510,0.0,0.0,0.0,0,0,0.0,0.026530947536230087,0.0,0.0,0.0
fit,human03_wild@1512,0.0,0.0,0.0,0,0,0.0,0.02174261584877968,0.0,0.0,0.0
fit,human03_wild@1704,0.35972386598587036,0.35972386598587036,0.41328221559524536,0,0,0.35972386598587036,0.18248143792152405,0.0,0.0,0.0
fit,human03_wild@1935,0.8590099215507507,0.8590099215507507,0.8590099215507507,0,0,0.8590099215507507,0.08469416201114655,0.0,0.0,0.0
fit,human03_wild@2193,0.5892823338508606,0.5892823338508606,0.5892823338508606,0,0,0.5892823338508606,0.11740350723266602,0.0,0.0,0.0
fit,human03_wild@2200,0.3785352408885956,0.3785352408885956,0.3785352408885956,0,0,0.3785352408885956,0.19457750022411346,0.0,0.0,0.0
fit,human03_wild@2447,0.0,0.0,0.0,0,0,0.0,0.08041609823703766,0.0,0.0,0.0
fit,human03_wild@2449,0.0,0.0,0.0,0,0,0.0,0.03057112731039524,0.0,0.0,0.0
fit,human03_wild@2485,0.9053093194961548,0.9053093194961548,0.9053093194961548,0,0,0.9053093194961548,0.04228734225034714,0.0,0.0,0.0
fit,human03_wild@2743,0.9338186979293823,0.9338186979293823,0.9338186979293823,0,0,0.9338186979293823,0.11446122080087662,0.0,0.0,0.0
fit,human03_wild@2936,0.3070354163646698,0.4047706425189972,0.4047706425189972,1,1,0.4047706425189972,0.1020631343126297,0.9997768998146057,1.1454153060913086,0.14563846588134766
fit,human03_wild@2960,0.0,0.0,0.0,0,1,0.0,0.03598412871360779,0.0,0.0,0.0
fit,human03_wild@2962,0.0,0.0,0.0,0,1,0.0,0.03252178430557251,0.0,0.0,0.0
fit,human03_wild@2994,0.0,0.0,0.0,0,1,0.0,0.023843996226787567,0.0,0.0,0.0
fit,human03_wild@3061,0.9166496396064758,0.9166496396064758,0.9166496396064758,0,0,0.9166496396064758,0.07526056468486786,0.0,0.0,0.0
fit,human03_wild@3319,0.9262544512748718,0.9262544512748718,0.9659766554832458,0,0,0.9262544512748718,0.10542994737625122,0.0,0.0,0.0
fit,leaves06_wild@10,0.9500728249549866,0.9500728249549866,0.9500728249549866,0,0,0.9500728249549866,0.05252894014120102,0.0,0.0,0.0
fit,leaves06_wild@59,0.8622902035713196,0.8622902035713196,0.8622902035713196,0,0,0.8622902035713196,0.042182501405477524,0.0,0.0,0.0
fit,leaves06_wild@107,0.9534915089607239,0.9534915089607239,0.9534915089607239,0,0,0.9534915089607239,0.08014814555644989,0.0,0.0,0.0
fit,leaves06_wild@156,0.8242425322532654,0.8242425322532654,0.8242425322532654,0,0,0.8242425322532654,0.051451604813337326,0.0,0.0,0.0
fit,leaves06_wild@205,0.8503739237785339,0.8503739237785339,0.8503739237785339,0,0,0.8503739237785339,0.06209949776530266,0.0,0.0,0.0
fit,leaves06_wild@253,0.9195427894592285,0.9195427894592285,0.9195427894592285,0,0,0.9195427894592285,0.11061592400074005,0.0,0.0,0.0
fit,leaves06_wild@309,0.40408027172088623,0.40408027172088623,0.6586682796478271,0,0,0.40408027172088623,0.18613801896572113,0.0,0.0,0.0
fit,leaves06_wild@344,0.9027586579322815,0.9027586579322815,0.9027586579322815,0,0,0.9027586579322815,0.12788304686546326,0.0,0.0,0.0
fit,leaves06_wild@385,0.0,0.0,0.0,0,0,0.0,0.31280025839805603,0.0,0.0,0.0
fit,leaves06_wild@391,0.0,0.9310188889503479,0.9310188889503479,1,1,0.9310188889503479,0.20624575018882751,1.2867518663406372,2.416121482849121,1.1293694972991943
fit,leaves06_wild@395,0.17497481405735016,0.44887322187423706,0.6074568629264832,1,1,0.44887322187423706,0.1673920452594757,0.6082380414009094,0.7908162474632263,0.1825782060623169
fit,leaves06_wild@411,0.39655786752700806,0.6387542486190796,0.6387542486190796,1,1,0.6387542486190796,0.14629502594470978,1.5307137966156006,2.288422107696533,0.7577084302902222
fit,leaves06_wild@430,0.46109485626220703,0.8140079379081726,0.8140079379081726,1,1,0.8140079379081726,0.16138580441474915,0.7980525493621826,0.9425434470176697,0.14449089765548706
fit,leaves06_wild@443,0.9555976390838623,0.9555976390838623,0.9555976390838623,0,0,0.9555976390838623,0.049818407744169235,0.0,0.0,0.0
fit,leaves06_wild@492,0.8518375754356384,0.8518375754356384,0.8518375754356384,0,0,0.8518375754356384,0.06717459112405777,0.0,0.0,0.0
fit,leaves06_wild@541,0.8104525804519653,0.8104525804519653,0.8104525804519653,0,0,0.8104525804519653,0.11471370607614517,0.0,0.0,0.0
fit,leaves06_wild@610,0.8911109566688538,0.8911109566688538,0.9061766862869263,0,0,0.8911109566688538,0.20488831400871277,0.0,0.0,0.0
fit,leaves06_wild@683,0.7816600799560547,0.7816600799560547,0.7816600799560547,0,0,0.7816600799560547,0.1598452627658844,0.0,0.0,0.0
fit,leaves03_wild@10,0.8205351233482361,0.8205351233482361,0.8205351233482361,0,0,0.8205351233482361,0.02756185457110405,0.0,0.0,0.0
fit,leaves03_wild@20,0.9332360625267029,0.8983538746833801,0.9332360625267029,1,1,0.8983538746833801,0.2384687215089798,2.872819423675537,3.0473427772521973,0.17452359199523926
fit,leaves03_wild@29,0.8745753765106201,0.8745753765106201,0.8745753765106201,0,1,0.8234857320785522,0.09141122549772263,0.0,0.0,0.0
fit,leaves03_wild@39,0.887275218963623,0.9155412912368774,0.9155412912368774,1,1,0.9155412912368774,0.2840985059738159,3.0546717643737793,3.1860392093658447,0.13136756420135498
fit,leaves03_wild@49,0.8928830623626709,0.8928830623626709,0.8928830623626709,0,0,0.8928830623626709,0.11087886244058609,0.0,0.0,0.0
fit,leaves03_wild@56,0.9034459590911865,0.9034459590911865,0.9034459590911865,0,1,0.7997614741325378,0.1498655080795288,0.0,0.0,0.0
fit,leaves03_wild@58,0.0,0.0,0.0,0,0,0.0,0.031674958765506744,0.0,0.0,0.0
fit,leaves03_wild@60,0.0,0.0,0.0,1,1,0.0,0.09902103990316391,2.7718193531036377,2.939371109008789,0.16755175590515137
fit,leaves03_wild@119,0.7700271606445312,0.7700271606445312,0.7700271606445312,0,0,0.7700271606445312,0.1546614021062851,0.0,0.0,0.0
fit,leaves03_wild@129,0.9268869757652283,0.9268869757652283,0.9268869757652283,0,0,0.9268869757652283,0.11502432823181152,0.0,0.0,0.0
fit,leaves03_wild@138,0.9045389294624329,0.9045389294624329,0.9045389294624329,0,0,0.9045389294624329,0.06116189435124397,0.0,0.0,0.0
fit,leaves03_wild@148,0.8714874982833862,0.8714874982833862,0.8714874982833862,0,0,0.8714874982833862,0.10913792997598648,0.0,0.0,0.0
fit,leaves03_wild@158,0.9320962429046631,0.9320962429046631,0.9320962429046631,0,0,0.9320962429046631,0.09438814222812653,0.0,0.0,0.0
fit,leaves03_wild@167,0.8658831715583801,0.8658831715583801,0.8658831715583801,0,0,0.8658831715583801,0.03795168921351433,0.0,0.0,0.0
fit,leaves03_wild@177,0.7076634168624878,0.7076634168624878,0.7076634168624878,0,0,0.7076634168624878,0.0712614506483078,0.0,0.0,0.0
fit,leaves03_wild@227,0.0,0.0,0.0,2,2,0.0,0.03719339892268181,0.39145541191101074,0.6295680999755859,0.2381126880645752
fit,leaves03_wild@229,0.0,0.0,0.0,0,0,0.0,0.06117746978998184,0.0,0.0,0.0
fit,leaves03_wild@504,0.0,0.0,0.0,0,0,0.0,0.04864483326673508,0.0,0.0,0.0
fit,leaves03_wild@506,0.0,0.0,0.0,0,0,0.0,0.03250185772776604,0.0,0.0,0.0
fit,leaves03_wild@599,0.0,0.0,0.0,0,2,0.0,0.03886333853006363,0.0,0.0,0.0
fit,leaves03_wild@601,0.0,0.0,0.0,0,0,0.0,0.044166889041662216,0.0,0.0,0.0
fit,leaves03_wild@667,0.0,0.0,0.0,0,0,0.0,0.09011831879615784,0.0,0.0,0.0
fit,leaves03_wild@669,0.0,0.0,0.0,0,0,0.0,0.1317910999059677,0.0,0.0,0.0
fit,leaves03_wild@723,0.0,0.0,0.0,0,0,0.0,0.055634986609220505,0.0,0.0,0.0
fit,toiletpaper02_indoor@10,0.9508342742919922,0.9508342742919922,0.9508342742919922,0,0,0.9508342742919922,0.03783755749464035,0.0,0.0,0.0
fit,toiletpaper02_indoor@281,0.8457647562026978,0.8457647562026978,0.8457647562026978,0,0,0.8457647562026978,0.07544451951980591,0.0,0.0,0.0
fit,toiletpaper02_indoor@375,0.39709988236427307,0.21224035322666168,0.8755287528038025,2,2,0.21224035322666168,0.32485419511795044,3.3017313480377197,3.4571776390075684,0.15544629096984863
fit,toiletpaper02_indoor@376,0.3566301167011261,0.3566301167011261,0.42362165451049805,0,7,0.32130035758018494,0.15395715832710266,0.0,0.0,0.0
fit,toiletpaper02_indoor@377,0.08652576059103012,0.04512117803096771,0.08652576059103012,3,3,0.04512117803096771,0.11639092117547989,4.166740417480469,4.411927223205566,0.2451871633529663
fit,toiletpaper02_indoor@411,0.12713031470775604,0.4074658453464508,0.4074658453464508,1,1,0.4074658453464508,0.08034467697143555,2.626356601715088,2.658447504043579,0.03209090232849121
fit,toiletpaper02_indoor@571,0.9274168610572815,0.9274168610572815,0.9274168610572815,0,0,0.9274168610572815,0.03877567499876022,0.0,0.0,0.0
fit,toiletpaper02_indoor@844,0.9709104299545288,0.9709104299545288,0.9709104299545288,0,0,0.9709104299545288,0.0665556862950325,0.0,0.0,0.0
fit,toiletpaper02_indoor@1115,0.910774827003479,0.910774827003479,0.910774827003479,0,0,0.910774827003479,0.052420079708099365,0.0,0.0,0.0
fit,toiletpaper02_indoor@1390,0.9364344477653503,0.9364344477653503,0.9364344477653503,0,0,0.9364344477653503,0.05388989299535751,0.0,0.0,0.0
fit,toiletpaper02_indoor@1632,0.8186110854148865,0.8186110854148865,0.8186110854148865,0,0,0.8186110854148865,0.28064092993736267,0.0,0.0,0.0
fit,toiletpaper02_indoor@1634,0.012429147027432919,0.012429147027432919,0.7428122162818909,0,0,0.012429147027432919,0.273409903049469,0.0,0.0,0.0
fit,toiletpaper02_indoor@1636,0.0066299461759626865,0.0066299461759626865,0.5319889187812805,0,3,0.048880383372306824,0.13591280579566956,0.0,0.0,0.0
fit,toiletpaper02_indoor@1673,0.958065390586853,0.958065390586853,0.958065390586853,0,0,0.958065390586853,0.0857357308268547,0.0,0.0,0.0
fit,toiletpaper02_indoor@1944,0.926328182220459,0.926328182220459,0.926328182220459,0,0,0.926328182220459,0.0310429185628891,0.0,0.0,0.0
fit,toiletpaper02_indoor@2113,0.3549841344356537,0.3549841344356537,0.5344453454017639,0,4,0.34372368454933167,0.09014557301998138,0.0,0.0,0.0
fit,toiletpaper02_indoor@2219,0.8894355893135071,0.8894355893135071,0.8894355893135071,0,0,0.8894355893135071,0.1724317967891693,0.0,0.0,0.0
fit,toiletpaper02_indoor@2490,0.9291238784790039,0.9291238784790039,0.9291238784790039,0,0,0.9291238784790039,0.03979424387216568,0.0,0.0,0.0
fit,toiletpaper02_indoor@2761,0.889095664024353,0.889095664024353,0.889095664024353,0,0,0.889095664024353,0.11972886323928833,0.0,0.0,0.0
fit,toiletpaper02_indoor@2914,0.8993715047836304,0.8993715047836304,0.8993715047836304,0,3,0.7404794692993164,0.16436688601970673,0.0,0.0,0.0
fit,toiletpaper02_indoor@2916,0.0,0.8581862449645996,0.8581862449645996,1,1,0.8581862449645996,0.27788469195365906,0.1856851577758789,1.0178852081298828,0.8322000503540039
fit,toiletpaper02_indoor@2918,0.0,0.0,0.02926766872406006,0,0,0.0,0.2930661141872406,0.0,0.0,0.0
fit,toiletpaper02_indoor@2963,0.0,0.9218482375144958,0.9218482375144958,1,1,0.9218482375144958,0.14046452939510345,1.0758039951324463,3.336625814437866,2.26082181930542
fit,toiletpaper02_indoor@3081,0.9133344292640686,0.9133344292640686,0.9133344292640686,0,0,0.9133344292640686,0.05181466415524483,0.0,0.0,0.0
fit,cart_indoor@10,0.9144321084022522,0.9144321084022522,0.9144321084022522,0,0,0.9144321084022522,0.05599497631192207,0.0,0.0,0.0
fit,cart_indoor@160,0.9508832097053528,0.9508832097053528,0.9508832097053528,0,0,0.9508832097053528,0.046351511031389236,0.0,0.0,0.0
fit,cart_indoor@311,0.9393326640129089,0.9393326640129089,0.9393326640129089,0,0,0.9393326640129089,0.054347120225429535,0.0,0.0,0.0
fit,cart_indoor@461,0.9470500349998474,0.9470500349998474,0.9470500349998474,0,0,0.9470500349998474,0.07175981253385544,0.0,0.0,0.0
fit,cart_indoor@612,0.9045037627220154,0.9045037627220154,0.9045037627220154,0,0,0.9045037627220154,0.042880453169345856,0.0,0.0,0.0
fit,cart_indoor@762,0.9268229603767395,0.9268229603767395,0.9268229603767395,0,0,0.9268229603767395,0.06238148361444473,0.0,0.0,0.0
fit,cart_indoor@913,0.9645897150039673,0.9645897150039673,0.9645897150039673,0,0,0.9645897150039673,0.07963599264621735,0.0,0.0,0.0
fit,cart_indoor@1063,0.9093314409255981,0.9093314409255981,0.9093314409255981,0,0,0.9093314409255981,0.0640939474105835,0.0,0.0,0.0
fit,cart_indoor@1214,0.961538553237915,0.961538553237915,0.961538553237915,0,0,0.961538553237915,0.07698743790388107,0.0,0.0,0.0
fit,cart_indoor@1364,0.7790746688842773,0.7790746688842773,0.7790746688842773,0,0,0.7790746688842773,0.0908253937959671,0.0,0.0,0.0
fit,cart_indoor@1515,0.5281797647476196,0.5281797647476196,0.5281797647476196,0,0,0.5281797647476196,0.19729691743850708,0.0,0.0,0.0
fit,cart_indoor@1518,0.41325175762176514,0.41325175762176514,0.43240171670913696,0,0,0.41325175762176514,0.14119616150856018,0.0,0.0,0.0
fit,cart_indoor@1666,0.9412984848022461,0.9412984848022461,0.9412984848022461,0,0,0.9412984848022461,0.06260081380605698,0.0,0.0,0.0
fit,bag04_indoor@10,0.8185135126113892,0.8185135126113892,0.8185135126113892,0,0,0.8185135126113892,0.042009711265563965,0.0,0.0,0.0
fit,bag04_indoor@76,0.47551560401916504,0.47551560401916504,0.5454816222190857,0,0,0.47551560401916504,0.19410860538482666,0.0,0.0,0.0
fit,bag04_indoor@149,0.88777756690979,0.88777756690979,0.88777756690979,0,2,0.7742809653282166,0.21233995258808136,0.0,0.0,0.0
fit,bag04_indoor@289,0.8792127966880798,0.8792127966880798,0.8792127966880798,0,0,0.8792127966880798,0.043251968920230865,0.0,0.0,0.0
fit,bag04_indoor@395,0.0,0.8891839981079102,0.8891839981079102,1,1,0.8891839981079102,0.20738811790943146,1.0568313598632812,1.261126160621643,0.20429480075836182
fit,bag04_indoor@424,0.9364467859268188,0.9364467859268188,0.9364467859268188,0,0,0.9364467859268188,0.11120965331792831,0.0,0.0,0.0
fit,bag04_indoor@558,0.8756900429725647,0.8756900429725647,0.914101779460907,0,0,0.8756900429725647,0.045677416026592255,0.0,0.0,0.0
fit,bag04_indoor@701,0.9735590815544128,0.9735590815544128,0.9735590815544128,0,0,0.9735590815544128,0.12991246581077576,0.0,0.0,0.0
fit,bag04_indoor@747,0.4493354558944702,0.4493354558944702,0.7173324227333069,0,0,0.4493354558944702,0.17137663066387177,0.0,0.0,0.0
fit,bag04_indoor@852,0.8013668656349182,0.8013668656349182,0.8332318663597107,0,0,0.8013668656349182,0.04634701460599899,0.0,0.0,0.0
fit,bag04_indoor@1028,0.732975423336029,0.732975423336029,0.7706032395362854,0,3,0.7174403071403503,0.3113784193992615,0.0,0.0,0.0
fit,bag04_indoor@1054,0.3912252187728882,0.3912252187728882,0.520144522190094,0,0,0.3912252187728882,0.12990793585777283,0.0,0.0,0.0
fit,bag04_indoor@1136,0.7927232384681702,0.7927232384681702,0.7927232384681702,0,0,0.7927232384681702,0.5148699283599854,0.0,0.0,0.0
fit,bag04_indoor@1138,0.0,0.0,0.0,0,1,0.0,0.030772274360060692,0.0,0.0,0.0
fit,bag04_indoor@1140,0.0,0.0,0.0,0,0,0.0,0.033505894243717194,0.0,0.0,0.0
fit,bag04_indoor@1176,0.0004090293659828603,0.0004090293659828603,0.029794400557875633,0,0,0.0004090293659828603,0.04079713672399521,0.0,0.0,0.0
fit,bag04_indoor@1216,0.8290583491325378,0.8290583491325378,0.8290583491325378,0,0,0.8290583491325378,0.0418069027364254,0.0,0.0,0.0
fit,bag04_indoor@1351,0.8034541010856628,0.8034541010856628,0.8034541010856628,0,0,0.8034541010856628,0.06243642419576645,0.0,0.0,0.0
fit,bag04_indoor@1520,0.8119140863418579,0.8119140863418579,0.8119140863418579,0,0,0.8119140863418579,0.08156676590442657,0.0,0.0,0.0
fit,bag04_indoor@1630,0.47188708186149597,0.47188708186149597,0.47188708186149597,0,0,0.47188708186149597,0.05111321061849594,0.0,0.0,0.0
fit,bag04_indoor@1664,0.8237917423248291,0.8237917423248291,0.8614529967308044,0,0,0.8237917423248291,0.030292078852653503,0.0,0.0,0.0
fit,skateboard02_indoor@10,0.976437509059906,0.976437509059906,0.976437509059906,0,0,0.976437509059906,0.05222384259104729,0.0,0.0,0.0
fit,skateboard02_indoor@186,0.9703854322433472,0.9703854322433472,0.9703854322433472,0,0,0.9703854322433472,0.034732263535261154,0.0,0.0,0.0
fit,skateboard02_indoor@362,0.945341944694519,0.945341944694519,0.945341944694519,0,0,0.945341944694519,0.05981355905532837,0.0,0.0,0.0
fit,skateboard02_indoor@538,0.5068615674972534,0.7187906503677368,0.7187906503677368,2,2,0.7187906503677368,0.15195639431476593,4.342299938201904,4.512704849243164,0.17040491104125977
fit,skateboard02_indoor@714,0.872978925704956,0.872978925704956,0.872978925704956,0,0,0.872978925704956,0.0725904256105423,0.0,0.0,0.0
fit,skateboard02_indoor@890,0.9492651224136353,0.9492651224136353,0.9492651224136353,0,0,0.9492651224136353,0.047148142009973526,0.0,0.0,0.0
fit,skateboard02_indoor@1065,0.9458323121070862,0.9458323121070862,0.9458323121070862,0,0,0.9458323121070862,0.07174751907587051,0.0,0.0,0.0
fit,skateboard02_indoor@1183,0.49148473143577576,0.6806058883666992,0.6806058883666992,2,2,0.6806058883666992,0.045147061347961426,2.446166515350342,2.4599509239196777,0.013784527778625488
fit,skateboard02_indoor@1185,0.0004414456197991967,0.0004414456197991967,0.001376947620883584,0,1,0.0,0.2040415108203888,0.0,0.0,0.0
fit,skateboard02_indoor@1220,0.0,0.0,0.0,3,3,0.0,0.07432135939598083,1.3147401809692383,1.3210291862487793,0.006289005279541016
fit,skateboard02_indoor@1258,0.9252015352249146,0.9252015352249146,0.9252015352249146,0,0,0.9252015352249146,0.038641247898340225,0.0,0.0,0.0
fit,skateboard02_indoor@1269,0.3663318157196045,0.6578324437141418,0.6578324437141418,1,1,0.6578324437141418,0.06493417918682098,1.2532466650009155,1.8975701332092285,0.6443235278129578
fit,skateboard02_indoor@1272,0.1968880146741867,0.1968880146741867,0.37173742055892944,0,2,0.18966402113437653,0.05870205909013748,0.0,0.0,0.0
fit,skateboard02_indoor@1441,0.9065709710121155,0.9065709710121155,0.9065709710121155,0,0,0.9065709710121155,0.051047034561634064,0.0,0.0,0.0
fit,skateboard02_indoor@1517,0.49887463450431824,0.49887463450431824,0.49887463450431824,0,0,0.49887463450431824,0.02691582217812538,0.0,0.0,0.0
fit,skateboard02_indoor@1619,0.9203965067863464,0.9203965067863464,0.9203965067863464,0,0,0.9203965067863464,0.061261922121047974,0.0,0.0,0.0
fit,skateboard02_indoor@1795,0.9395251870155334,0.9395251870155334,0.9395251870155334,0,0,0.9395251870155334,0.03776055574417114,0.0,0.0,0.0
fit,skateboard02_indoor@1971,0.9401092529296875,0.9401092529296875,0.9401092529296875,0,0,0.9401092529296875,0.051846783608198166,0.0,0.0,0.0
fit,bottle01_indoor@10,0.8709679245948792,0.8709679245948792,0.8709679245948792,0,0,0.8709679245948792,0.06238802522420883,0.0,0.0,0.0
fit,bottle01_indoor@85,0.4943305253982544,0.4943305253982544,0.5158741474151611,0,0,0.4943305253982544,0.11152871698141098,0.0,0.0,0.0
fit,bottle01_indoor@301,0.8902159929275513,0.8902159929275513,0.8902159929275513,0,0,0.8902159929275513,0.04997016862034798,0.0,0.0,0.0
fit,bottle01_indoor@599,0.9468856453895569,0.9468856453895569,0.9468856453895569,0,0,0.9468856453895569,0.08994534611701965,0.0,0.0,0.0
fit,bottle01_indoor@884,0.914034366607666,0.914034366607666,0.914034366607666,0,0,0.914034366607666,0.09071727842092514,0.0,0.0,0.0
fit,bottle01_indoor@1177,0.7312458753585815,0.7312458753585815,0.7312458753585815,0,0,0.7312458753585815,0.10029704868793488,0.0,0.0,0.0
fit,bottle01_indoor@1465,0.8534844517707825,0.8534844517707825,0.8631327152252197,0,0,0.8534844517707825,0.04102040082216263,0.0,0.0,0.0
fit,bottle01_indoor@1531,0.460657000541687,0.460657000541687,0.59414142370224,0,0,0.460657000541687,0.11036209762096405,0.0,0.0,0.0
fit,bottle01_indoor@1699,0.0,0.0,0.0,0,0,0.0,0.03406153991818428,0.0,0.0,0.0
fit,bottle01_indoor@1701,0.0,0.0,0.0051603722386062145,0,4,0.0,0.12889468669891357,0.0,0.0,0.0
fit,bottle01_indoor@1879,0.0,0.0,0.0,0,4,0.0,0.1338253915309906,0.0,0.0,0.0
fit,bottle01_indoor@1881,0.0,0.0,0.0,0,5,0.0,0.10971399396657944,0.0,0.0,0.0
fit,bottle01_indoor@2202,0.062489401549100876,0.2940090000629425,0.2940090000629425,1,1,0.2940090000629425,0.06412672251462936,1.8987455368041992,2.4813809394836426,0.5826354026794434
fit,bottle01_indoor@2204,0.08063817024230957,0.09110412001609802,0.09110412001609802,2,2,0.09110412001609802,0.10268940776586533,4.3243231773376465,4.670950889587402,0.3466273546218872
fit,bottle01_indoor@2206,0.0794321745634079,0.09481732547283173,0.09481732547283173,2,2,0.09481732547283173,0.12173573672771454,4.746572017669678,4.938872337341309,0.19230008125305176
fit,bottle01_indoor@2219,0.15810628235340118,0.27891281247138977,0.27891281247138977,1,1,0.27891281247138977,0.062077946960926056,2.717170238494873,3.0587222576141357,0.3415520191192627
fit,bottle01_indoor@2221,0.029491562396287918,0.35719263553619385,0.35719263553619385,2,2,0.35719263553619385,0.0786093920469284,2.160461187362671,2.487983465194702,0.32752227783203125
fit,bottle01_indoor@2223,0.02356315590441227,0.7874151468276978,0.7874151468276978,1,2,0.21773022413253784,0.2195000946521759,0.8889528512954712,1.5635539293289185,0.6746010780334473
fit,bottle01_indoor@2284,0.07275266945362091,0.07275266945362091,0.27033400535583496,0,2,0.10563438385725021,0.10739995539188385,0.0,0.0,0.0
fit,bottle01_indoor@2286,0.07969126105308533,0.07969126105308533,0.16541564464569092,0,7,0.09831801801919937,0.09996582567691803,0.0,0.0,0.0
fit,bottle01_indoor@2288,0.0771084576845169,0.0771084576845169,0.135438933968544,0,8,0.09943767637014389,0.10639815032482147,0.0,0.0,0.0
fit,bottle01_indoor@2577,0.9045121669769287,0.9045121669769287,0.9045121669769287,0,0,0.9045121669769287,0.0910988301038742,0.0,0.0,0.0
fit,bottle01_indoor@2862,0.9202073812484741,0.9202073812484741,0.9202073812484741,0,0,0.9202073812484741,0.07976646721363068,0.0,0.0,0.0
fit,bottle01_indoor@3146,0.9455541968345642,0.9455541968345642,0.9455541968345642,0,0,0.9455541968345642,0.08296240866184235,0.0,0.0,0.0
fit,bottle01_indoor@3167,0.3593590557575226,0.3593590557575226,0.6874228715896606,0,0,0.3593590557575226,0.13549260795116425,0.0,0.0,0.0
fit,bottle01_indoor@3261,0.6648060083389282,0.6648060083389282,0.7643395066261292,0,0,0.6648060083389282,0.0901121124625206,0.0,0.0,0.0
fit,bottle01_indoor@3263,0.0,0.0,0.63064044713974,0,0,0.0,0.2505628168582916,0.0,0.0,0.0
fit,bottle01_indoor@3265,0.0,0.0,0.0,0,0,0.0,0.0863189697265625,0.0,0.0,0.0
fit,bottle01_indoor@3472,0.8202953338623047,0.8202953338623047,0.8202953338623047,0,0,0.8202953338623047,0.09070688486099243,0.0,0.0,0.0
fit,bottle01_indoor@3522,0.09989470988512039,0.09989470988512039,0.2886596918106079,0,0,0.09989470988512039,0.09625554084777832,0.0,0.0,0.0
fit,bottle01_indoor@3776,0.8390920162200928,0.8390920162200928,0.8390920162200928,0,0,0.8390920162200928,0.12070508301258087,0.0,0.0,0.0
fit,bottle01_indoor@3970,0.38463419675827026,0.38463419675827026,0.5764098167419434,0,0,0.38463419675827026,0.18600152432918549,0.0,0.0,0.0
fit,bottle01_indoor@4064,0.8315267562866211,0.8315267562866211,0.8315267562866211,0,0,0.8315267562866211,0.09916285425424576,0.0,0.0,0.0
fit,skateboard01_indoor@10,0.9255684614181519,0.9255684614181519,0.9255684614181519,0,0,0.9255684614181519,0.049023546278476715,0.0,0.0,0.0
fit,skateboard01_indoor@114,0.9285215139389038,0.9285215139389038,0.9285215139389038,0,0,0.9285215139389038,0.05458337068557739,0.0,0.0,0.0
fit,skateboard01_indoor@219,0.9708534479141235,0.9708534479141235,0.9708534479141235,0,0,0.9708534479141235,0.05600078031420708,0.0,0.0,0.0
fit,skateboard01_indoor@323,0.9461427330970764,0.9461427330970764,0.9461427330970764,0,0,0.9461427330970764,0.05676562711596489,0.0,0.0,0.0
fit,skateboard01_indoor@434,0.9410471320152283,0.9410471320152283,0.9410471320152283,0,0,0.9410471320152283,0.12893013656139374,0.0,0.0,0.0
fit,skateboard01_indoor@502,0.4650712311267853,0.4123474061489105,0.4650712311267853,2,2,0.4123474061489105,0.13979944586753845,1.9842450618743896,1.9894888401031494,0.005243778228759766
fit,skateboard01_indoor@503,0.4507395029067993,0.4154486656188965,0.46565863490104675,2,2,0.4154486656188965,0.11444953829050064,1.9132702350616455,2.2568647861480713,0.3435945510864258
fit,skateboard01_indoor@540,0.6076849102973938,0.5593140125274658,0.6076849102973938,1,1,0.5593140125274658,0.06466507911682129,0.6760508418083191,1.0584595203399658,0.38240867853164673
fit,skateboard01_indoor@645,0.9229053258895874,0.9229053258895874,0.9229053258895874,0,0,0.9229053258895874,0.08841677755117416,0.0,0.0,0.0
fit,skateboard01_indoor@749,0.8628941774368286,0.8628941774368286,0.8628941774368286,0,0,0.8628941774368286,0.08786920458078384,0.0,0.0,0.0
fit,skateboard01_indoor@853,0.7172452807426453,0.7172452807426453,0.7242774367332458,0,0,0.7172452807426453,0.043426528573036194,0.0,0.0,0.0
fit,skateboard01_indoor@905,0.0,0.0,0.0,0,0,0.0,0.05068855360150337,0.0,0.0,0.0
fit,skateboard01_indoor@907,0.0,0.0,0.0,0,0,0.0,0.04749327152967453,0.0,0.0,0.0
fit,skateboard01_indoor@928,0.3415190577507019,0.4277738034725189,0.44458267092704773,1,1,0.4277738034725189,0.08376234024763107,1.6583948135375977,1.6979176998138428,0.03952288627624512
fit,skateboard01_indoor@1032,0.9027670621871948,0.9027670621871948,0.9027670621871948,0,0,0.9027670621871948,0.11947491019964218,0.0,0.0,0.0
fit,skateboard01_indoor@1137,0.9367163777351379,0.9367163777351379,0.9367163777351379,0,0,0.9367163777351379,0.09616418182849884,0.0,0.0,0.0
fit,skateboard01_indoor@1241,0.7549477219581604,0.7549477219581604,0.7549477219581604,0,0,0.7549477219581604,0.05201607942581177,0.0,0.0,0.0
fit,skateboard01_indoor@1275,0.0,0.0,0.0,0,0,0.0,0.08311860263347626,0.0,0.0,0.0
fit,skateboard01_indoor@1277,0.0,0.0,0.0,0,2,0.0,0.1062370091676712,0.0,0.0,0.0
fit,skateboard01_indoor@1345,0.0,0.0,0.0,1,1,0.0,0.10690386593341827,1.9055767059326172,1.93574059009552,0.030163884162902832
fit,skateboard01_indoor@1347,0.0,0.0,0.0,0,1,0.0,0.07279787212610245,0.0,0.0,0.0
fit,skateboard01_indoor@1564,0.0,0.0,0.0,1,1,0.0,0.1828184276819229,3.574474811553955,3.747832775115967,0.17335820198059082
fit,skateboard01_indoor@1566,0.0,0.0,0.0,1,1,0.0,0.18704812228679657,3.574270248413086,3.7852768898010254,0.2110065221786499
fit,skateboard01_indoor@1657,0.0,0.0,0.0,1,1,0.0,0.1643081158399582,2.7606611251831055,2.8095970153808594,0.04893600940704346
fit,skateboard01_indoor@1659,0.0,0.0,0.0,0,1,0.0,0.15155908465385437,0.0,0.0,0.0
fit,skateboard01_indoor@2355,0.0,0.0,0.0,0,9,0.0,0.13842278718948364,0.0,0.0,0.0
fit,cat05_indoor@10,0.939994215965271,0.939994215965271,0.939994215965271,0,0,0.939994215965271,0.11932401359081268,0.0,0.0,0.0
fit,cat05_indoor@74,0.9154277443885803,0.9154277443885803,0.9154277443885803,0,0,0.9154277443885803,0.06334415823221207,0.0,0.0,0.0
fit,cat05_indoor@139,0.9206499457359314,0.9206499457359314,0.9206499457359314,0,0,0.9206499457359314,0.08925922214984894,0.0,0.0,0.0
fit,cat05_indoor@180,0.32782837748527527,0.32782837748527527,0.699874222278595,0,6,0.699874222278595,0.11886857450008392,0.0,0.0,0.0
fit,cat05_indoor@183,0.01667040027678013,0.010305711068212986,0.07340368628501892,1,1,0.010305711068212986,0.017847707495093346,0.014569401741027832,0.29713118076324463,0.2825617790222168
fit,cat05_indoor@222,0.9534109830856323,0.9534109830856323,0.9534109830856323,0,0,0.9534109830856323,0.08011694252490997,0.0,0.0,0.0
fit,cat05_indoor@287,0.9664828181266785,0.9664828181266785,0.9664828181266785,0,0,0.9664828181266785,0.0637236088514328,0.0,0.0,0.0
fit,cat05_indoor@351,0.9031590223312378,0.9031590223312378,0.9031590223312378,0,0,0.9031590223312378,0.04722240939736366,0.0,0.0,0.0
fit,cat05_indoor@452,0.27115368843078613,0.27115368843078613,0.33229541778564453,0,0,0.27115368843078613,0.15912401676177979,0.0,0.0,0.0
fit,cat05_indoor@488,0.9680374264717102,0.9680374264717102,0.9680374264717102,0,0,0.9680374264717102,0.04067444056272507,0.0,0.0,0.0
fit,cat05_indoor@552,0.9515185356140137,0.9515185356140137,0.9515185356140137,0,0,0.9515185356140137,0.05482318997383118,0.0,0.0,0.0
fit,cat05_indoor@617,0.9577402472496033,0.9577402472496033,0.9577402472496033,0,0,0.9577402472496033,0.08382050693035126,0.0,0.0,0.0
fit,cat05_indoor@707,0.969572901725769,0.969572901725769,0.969572901725769,0,0,0.969572901725769,0.06375668197870255,0.0,0.0,0.0
fit,cat05_indoor@811,0.0,0.0,0.0,2,2,0.0,0.04860345274209976,0.2715485095977783,0.44829773902893066,0.17674922943115234
fit,cat05_indoor@813,0.0,0.0,0.0,0,0,0.0,0.05068967491388321,0.0,0.0,0.0
fit,cat05_indoor@828,0.13277068734169006,0.3420776128768921,0.3420776128768921,1,1,0.3420776128768921,0.1378803253173828,0.9987835884094238,1.1761653423309326,0.1773817539215088
fit,cat05_indoor@923,0.0,0.0,0.0,0,2,0.0,0.04282813146710396,0.0,0.0,0.0
fit,cat05_indoor@925,0.0,0.0,0.0,0,0,0.0,0.04978027194738388,0.0,0.0,0.0
fit,cat05_indoor@989,0.9152666926383972,0.9152666926383972,0.9152666926383972,0,0,0.9152666926383972,0.06102382019162178,0.0,0.0,0.0
fit,cat05_indoor@1101,0.0,0.0,0.04584844782948494,2,2,0.0,0.041569896042346954,0.46105098724365234,0.5937283039093018,0.13267731666564941
fit,cat05_indoor@1102,0.1215151846408844,0.1215151846408844,0.1215151846408844,0,0,0.1215151846408844,0.0643036812543869,0.0,0.0,0.0
fit,cat05_indoor@1108,0.757982611656189,0.757982611656189,0.7610792517662048,0,0,0.757982611656189,0.1106690913438797,0.0,0.0,0.0
fit,ball04_indoor@10,0.7835190296173096,0.7835190296173096,0.7835190296173096,0,0,0.7835190296173096,0.13333988189697266,0.0,0.0,0.0
fit,ball04_indoor@126,0.8529356718063354,0.8529356718063354,0.8529356718063354,0,2,0.6974362730979919,0.2667711079120636,0.0,0.0,0.0
fit,ball04_indoor@244,0.9039933681488037,0.9039933681488037,0.9039933681488037,0,0,0.9039933681488037,0.09632910788059235,0.0,0.0,0.0
fit,ball04_indoor@359,0.8659672737121582,0.8659672737121582,0.8671109080314636,0,0,0.8659672737121582,0.15015707910060883,0.0,0.0,0.0
fit,ball04_indoor@431,0.0,0.0,0.0,0,0,0.0,0.09103426337242126,0.0,0.0,0.0
fit,ball04_indoor@437,0.0,0.0,0.005595502909272909,0,0,0.0,0.45819854736328125,0.0,0.0,0.0
fit,ball04_indoor@439,0.0,0.0,0.0,0,0,0.0,0.42458540201187134,0.0,0.0,0.0
fit,ball04_indoor@543,0.9099409580230713,0.9099409580230713,0.9099409580230713,0,0,0.9099409580230713,0.05632643774151802,0.0,0.0,0.0
fit,ball04_indoor@607,0.4079030156135559,0.4079030156135559,0.705909788608551,0,0,0.4079030156135559,0.11340014636516571,0.0,0.0,0.0
fit,ball04_indoor@668,0.8761827945709229,0.8761827945709229,0.8761827945709229,0,1,0.7362655997276306,0.16531208157539368,0.0,0.0,0.0
fit,ball04_indoor@789,0.8342924118041992,0.8342924118041992,0.8342924118041992,0,0,0.8342924118041992,0.08461222797632217,0.0,0.0,0.0
fit,ball04_indoor@854,0.0,0.0,0.0,0,1,0.0,0.3233451843261719,0.0,0.0,0.0
fit,ball04_indoor@856,0.0,0.0,0.0,0,0,0.0,0.39971837401390076,0.0,0.0,0.0
fit,ball04_indoor@977,0.7819746136665344,0.5883716344833374,0.7819746136665344,6,1,0.7677509784698486,0.3868786692619324,3.902235746383667,3.937211275100708,0.034975528717041016
fit,ball04_indoor@1102,0.7393583655357361,0.7393583655357361,0.7493643760681152,0,1,0.6177358031272888,0.11641524732112885,0.0,0.0,0.0
fit,ball04_indoor@1123,0.3864889442920685,0.3864889442920685,0.3864889442920685,0,1,0.3484201729297638,0.08000752329826355,0.0,0.0,0.0
fit,ball04_indoor@1218,0.8438600897789001,0.8438600897789001,0.8438600897789001,0,0,0.8438600897789001,0.11135214567184448,0.0,0.0,0.0
fit,ball04_indoor@1333,0.0,0.0,0.20003992319107056,0,0,0.0,0.06867317855358124,0.0,0.0,0.0
fit,ball04_indoor@1338,0.2827518582344055,0.2827518582344055,0.34071898460388184,0,0,0.2827518582344055,0.040486156940460205,0.0,0.0,0.0
fit,ball04_indoor@1413,0.8650903105735779,0.8650903105735779,0.8650903105735779,0,0,0.8650903105735779,0.17668616771697998,0.0,0.0,0.0
fit,ball04_indoor@1513,0.14342103898525238,0.14342103898525238,0.3337090313434601,0,0,0.14342103898525238,0.06196558475494385,0.0,0.0,0.0
fit,ball04_indoor@1550,0.7711656093597412,0.7711656093597412,0.8162853717803955,0,0,0.7711656093597412,0.1310798078775406,0.0,0.0,0.0
fit,ball03_indoor@10,0.9005799293518066,0.9005799293518066,0.9005799293518066,0,0,0.9005799293518066,0.070341095328331,0.0,0.0,0.0
fit,ball03_indoor@82,0.9152332544326782,0.9152332544326782,0.9152332544326782,0,0,0.9152332544326782,0.047368597239255905,0.0,0.0,0.0
fit,ball03_indoor@153,0.91892009973526,0.91892009973526,0.91892009973526,0,0,0.91892009973526,0.053048692643642426,0.0,0.0,0.0
fit,ball03_indoor@225,0.8366609811782837,0.8366609811782837,0.8366609811782837,0,0,0.8366609811782837,0.05269510671496391,0.0,0.0,0.0
fit,ball03_indoor@297,0.786069929599762,0.786069929599762,0.8764382004737854,0,0,0.786069929599762,0.11810936033725739,0.0,0.0,0.0
fit,ball03_indoor@373,0.0,0.0,0.0,1,1,0.0,0.04840683564543724,0.1353602409362793,0.5386896133422852,0.40332937240600586
fit,ball03_indoor@377,0.9120145440101624,0.9120145440101624,0.9120145440101624,0,1,0.7278971076011658,0.3031225800514221,0.0,0.0,0.0
fit,ball03_indoor@445,0.1877332627773285,0.1877332627773285,0.36270657181739807,0,0,0.1877332627773285,0.0915837362408638,0.0,0.0,0.0
fit,ball03_indoor@492,0.9464678168296814,0.9464678168296814,0.9464678168296814,0,0,0.9464678168296814,0.03778091073036194,0.0,0.0,0.0
fit,ball03_indoor@591,0.9145000576972961,0.9145000576972961,0.9145000576972961,0,0,0.9145000576972961,0.05617380142211914,0.0,0.0,0.0
fit,ball03_indoor@619,0.0,0.742253839969635,0.742253839969635,1,3,0.6863481402397156,0.19603903591632843,0.9945324659347534,2.249180316925049,1.254647970199585
fit,ball03_indoor@621,0.0,0.0,0.20370368659496307,0,0,0.0,0.41222134232521057,0.0,0.0,0.0
fit,ball03_indoor@718,0.9455174803733826,0.9455174803733826,0.9455174803733826,0,1,0.8806354999542236,0.1685103178024292,0.0,0.0,0.0
fit,ball03_indoor@732,0.4843098521232605,0.4843098521232605,0.5342528820037842,0,1,0.4560776948928833,0.07790472358465195,0.0,0.0,0.0
fit,ball03_indoor@804,0.8508881330490112,0.8508881330490112,0.8508881330490112,0,0,0.8508881330490112,0.04183392971754074,0.0,0.0,0.0
fit,ball03_indoor@857,0.4470745325088501,0.0,0.4470745325088501,1,1,0.0,0.16367432475090027,0.40269243717193604,0.6849955320358276,0.2823030948638916
fit,ball03_indoor@905,0.8929896950721741,0.8929896950721741,0.8929896950721741,0,0,0.8929896950721741,0.072332464158535,0.0,0.0,0.0
fit,ball03_indoor@990,0.4048101007938385,0.4048101007938385,0.4568521976470947,0,0,0.4048101007938385,0.049827080219984055,0.0,0.0,0.0
fit,ball03_indoor@1006,0.024034852162003517,0.15748798847198486,0.595466673374176,3,3,0.15748798847198486,0.18402042984962463,2.5390992164611816,2.8706421852111816,0.33154284954071045
fit,ball03_indoor@1013,0.7909657955169678,0.7909657955169678,0.7909657955169678,0,0,0.7909657955169678,0.24960267543792725,0.0,0.0,0.0
fit,mushroom03_wild@10,0.9434928297996521,0.9434928297996521,0.9434928297996521,0,0,0.9434928297996521,0.054065950214862823,0.0,0.0,0.0
fit,mushroom03_wild@44,0.9364345669746399,0.9364345669746399,0.9364345669746399,0,0,0.9364345669746399,0.14997398853302002,0.0,0.0,0.0
fit,mushroom03_wild@78,0.9446823596954346,0.9446823596954346,0.9446823596954346,0,0,0.9446823596954346,0.04934127256274223,0.0,0.0,0.0
fit,mushroom03_wild@113,0.9771126508712769,0.9771126508712769,0.9771126508712769,0,0,0.9771126508712769,0.13116322457790375,0.0,0.0,0.0
fit,mushroom03_wild@147,0.9427772164344788,0.9427772164344788,0.9427772164344788,0,0,0.9427772164344788,0.04298084229230881,0.0,0.0,0.0
fit,mushroom03_wild@181,0.8375082612037659,0.8375082612037659,0.8375082612037659,0,0,0.8375082612037659,0.04848390072584152,0.0,0.0,0.0
fit,mushroom03_wild@215,0.9505571722984314,0.9505571722984314,0.9505571722984314,0,0,0.9505571722984314,0.061738014221191406,0.0,0.0,0.0
fit,mushroom03_wild@249,0.918238639831543,0.918238639831543,0.918238639831543,0,0,0.918238639831543,0.023458469659090042,0.0,0.0,0.0
fit,mushroom03_wild@283,0.9295650124549866,0.9295650124549866,0.9295650124549866,0,0,0.9295650124549866,0.06282977759838104,0.0,0.0,0.0
fit,mushroom03_wild@295,0.4209405481815338,0.3997495472431183,0.4209405481815338,1,1,0.3997495472431183,0.08006124198436737,2.798060894012451,2.8194286823272705,0.021367669105529785
fit,mushroom03_wild@319,0.9407374262809753,0.9407374262809753,0.9737111330032349,0,0,0.9407374262809753,0.16227728128433228,0.0,0.0,0.0
fit,mushroom03_wild@363,0.9360745549201965,0.9360745549201965,0.9360745549201965,0,0,0.9360745549201965,0.09731584042310715,0.0,0.0,0.0
fit,mushroom03_wild@397,0.8517585396766663,0.8517585396766663,0.8517585396766663,0,0,0.8517585396766663,0.10597555339336395,0.0,0.0,0.0
fit,mushroom05_indoor@10,0.9052010178565979,0.9052010178565979,0.9141566753387451,0,0,0.9052010178565979,0.1109423041343689,0.0,0.0,0.0
fit,mushroom05_indoor@68,0.8109944462776184,0.8109944462776184,0.8109944462776184,0,0,0.8109944462776184,0.043425679206848145,0.0,0.0,0.0
fit,mushroom05_indoor@127,0.7240198254585266,0.7181441783905029,0.7340106964111328,1,1,0.7181441783905029,0.1790894716978073,2.440113067626953,2.6871535778045654,0.24704045057296753
fit,mushroom05_indoor@185,0.8718155026435852,0.8718155026435852,0.8795623183250427,0,0,0.8718155026435852,0.08017373085021973,0.0,0.0,0.0
fit,mushroom05_indoor@243,0.9265767335891724,0.9265767335891724,0.9352120757102966,0,0,0.9265767335891724,0.1524551957845688,0.0,0.0,0.0
fit,mushroom05_indoor@302,0.8959158658981323,0.8959158658981323,0.8959158658981323,0,0,0.8959158658981323,0.13520516455173492,0.0,0.0,0.0
fit,mushroom05_indoor@326,0.0,0.0,0.0,0,4,0.0,0.1342032551765442,0.0,0.0,0.0
fit,mushroom05_indoor@348,0.0,0.0,0.0,0,0,0.0,0.13824769854545593,0.0,0.0,0.0
fit,mushroom05_indoor@350,0.0,0.0,0.0,0,1,0.0,0.12563268840312958,0.0,0.0,0.0
fit,mushroom05_indoor@562,0.9267380237579346,0.9267380237579346,0.9267380237579346,0,0,0.9267380237579346,0.0737442597746849,0.0,0.0,0.0
fit,mushroom05_indoor@621,0.713801383972168,0.713801383972168,0.7289329767227173,0,0,0.713801383972168,0.09363561868667603,0.0,0.0,0.0
fit,mushroom05_indoor@679,0.8813535571098328,0.8054676651954651,0.8813535571098328,1,1,0.8054676651954651,0.16544076800346375,1.884784460067749,1.9186445474624634,0.03386014699935913
fit,mushroom05_indoor@737,0.8708608746528625,0.8588701486587524,0.8708608746528625,1,1,0.8588701486587524,0.16719482839107513,3.26523494720459,3.6987805366516113,0.4335455298423767
fit,mushroom05_indoor@791,0.0,0.0,0.0,0,1,0.0,0.1411132663488388,0.0,0.0,0.0
fit,mushroom05_indoor@793,0.0,0.0,0.0,0,3,0.0,0.13410726189613342,0.0,0.0,0.0
fit,mushroom05_indoor@817,0.0,0.0,0.0,0,0,0.0,0.09562302380800247,0.0,0.0,0.0
fit,mushroom05_indoor@819,0.0,0.0,0.0,0,2,0.0,0.13707931339740753,0.0,0.0,0.0
fit,mushroom05_indoor@921,0.00012746687571052462,0.00012746687571052462,0.19889488816261292,0,0,0.00012746687571052462,0.06356900930404663,0.0,0.0,0.0
fit,mushroom05_indoor@944,0.8845561146736145,0.8845561146736145,0.8845561146736145,0,0,0.8845561146736145,0.03842572122812271,0.0,0.0,0.0
fit,mushroom05_indoor@1002,0.9052435159683228,0.9052435159683228,0.9052435159683228,0,0,0.9052435159683228,0.09513241052627563,0.0,0.0,0.0
fit,mobilephone05_indoor@10,0.9658558964729309,0.9658558964729309,0.9658558964729309,0,0,0.9658558964729309,0.04820133373141289,0.0,0.0,0.0
fit,mobilephone05_indoor@88,0.9427709579467773,0.9427709579467773,0.9427709579467773,0,0,0.9427709579467773,0.041372500360012054,0.0,0.0,0.0
fit,mobilephone05_indoor@180,0.0,0.0,0.0,0,0,0.0,0.036779407411813736,0.0,0.0,0.0
fit,mobilephone05_indoor@182,0.0,0.0,0.0,0,0,0.0,0.04408096522092819,0.0,0.0,0.0
fit,mobilephone05_indoor@202,0.8760424256324768,0.8760424256324768,0.8760424256324768,0,0,0.8760424256324768,0.12045365571975708,0.0,0.0,0.0
fit,mobilephone05_indoor@333,0.0,0.0,0.0,0,0,0.0,0.0494086854159832,0.0,0.0,0.0
fit,mobilephone05_indoor@335,0.0,0.0,0.0,0,0,0.0,0.061378348618745804,0.0,0.0,0.0
fit,mobilephone05_indoor@365,0.8466475605964661,0.8466475605964661,0.8466475605964661,0,0,0.8466475605964661,0.05770996958017349,0.0,0.0,0.0
fit,mobilephone05_indoor@524,0.9638187289237976,0.9638187289237976,0.9638187289237976,0,1,0.8670415878295898,0.10053646564483643,0.0,0.0,0.0
fit,mobilephone05_indoor@553,0.14900988340377808,0.3072691559791565,0.3072691559791565,1,1,0.3072691559791565,0.09932561963796616,0.9676105976104736,1.1307984590530396,0.16318786144256592
fit,mobilephone05_indoor@646,0.935065746307373,0.935065746307373,0.935065746307373,0,0,0.935065746307373,0.05509266257286072,0.0,0.0,0.0
fit,mobilephone05_indoor@723,0.9603885412216187,0.9603885412216187,0.9603885412216187,0,0,0.9603885412216187,0.056832026690244675,0.0,0.0,0.0
fit,mobilephone05_indoor@801,0.9437249898910522,0.9437249898910522,0.9437249898910522,0,0,0.9437249898910522,0.04531325772404671,0.0,0.0,0.0
fit,mobilephone05_indoor@878,0.9169439673423767,0.9169439673423767,0.9169439673423767,0,0,0.9169439673423767,0.05929385498166084,0.0,0.0,0.0
fit,mobilephone05_indoor@971,0.9235077500343323,0.9235077500343323,0.9235077500343323,0,0,0.9235077500343323,0.0597279891371727,0.0,0.0,0.0
fit,mobilephone05_indoor@1048,0.928335428237915,0.928335428237915,0.928335428237915,0,0,0.928335428237915,0.08728623390197754,0.0,0.0,0.0
fit,mobilephone05_indoor@1126,0.9128667712211609,0.9128667712211609,0.9128667712211609,0,4,0.7599923610687256,0.37770789861679077,0.0,0.0,0.0
fit,mobilephone05_indoor@1150,0.0,0.0,0.0,1,1,0.0,0.059102725237607956,0.47581708431243896,0.9750610589981079,0.49924397468566895
fit,mobilephone05_indoor@1152,0.0,0.0,0.0,1,1,0.0,0.06875218451023102,0.5462483167648315,1.1050018072128296,0.558753490447998
fit,mobilephone05_indoor@1191,0.0,0.6178555488586426,0.6178555488586426,1,1,0.6178555488586426,0.15397796034812927,0.9330298900604248,1.1175415515899658,0.18451166152954102
fit,ball17_wild@10,0.8157474398612976,0.8157474398612976,0.8157474398612976,0,0,0.8157474398612976,0.05093161016702652,0.0,0.0,0.0
fit,ball17_wild@116,0.7985028624534607,0.7985028624534607,0.8178936839103699,0,0,0.7985028624534607,0.07609082013368607,0.0,0.0,0.0
fit,ball17_wild@181,0.2848166525363922,0.2848166525363922,0.5557023882865906,0,0,0.2848166525363922,0.22364301979541779,0.0,0.0,0.0
fit,ball17_wild@223,0.8820638656616211,0.8820638656616211,0.8820638656616211,0,0,0.8820638656616211,0.029767179861664772,0.0,0.0,0.0
fit,ball17_wild@239,0.48156100511550903,0.5042002201080322,0.5338425636291504,4,4,0.5042002201080322,0.10348540544509888,3.373535633087158,3.408015251159668,0.03447943925857544
fit,ball17_wild@330,0.8866561055183411,0.8866561055183411,0.8866561055183411,0,0,0.8866561055183411,0.06332971155643463,0.0,0.0,0.0
fit,ball17_wild@436,0.8922834396362305,0.8922834396362305,0.8922834396362305,0,0,0.8922834396362305,0.09117055684328079,0.0,0.0,0.0
fit,ball17_wild@542,0.8479025363922119,0.8479025363922119,0.8985386490821838,0,0,0.8479025363922119,0.06022585183382034,0.0,0.0,0.0
fit,ball17_wild@648,0.8604326248168945,0.8604326248168945,0.8604326248168945,0,0,0.8604326248168945,0.03494209051132202,0.0,0.0,0.0
fit,ball17_wild@754,0.910711944103241,0.910711944103241,0.910711944103241,0,0,0.910711944103241,0.06554049253463745,0.0,0.0,0.0
fit,ball17_wild@860,0.9063366055488586,0.9063366055488586,0.9063366055488586,0,0,0.9063366055488586,0.03390919417142868,0.0,0.0,0.0
fit,ball17_wild@966,0.0,0.0,0.0,0,0,0.0,0.04375423863530159,0.0,0.0,0.0
fit,ball17_wild@968,0.0,0.0,0.0,0,0,0.0,0.04552154615521431,0.0,0.0,0.0
fit,ball17_wild@1138,0.0,0.0,0.0,0,0,0.0,0.03766375780105591,0.0,0.0,0.0
fit,ball17_wild@1140,0.0,0.0,0.0,0,0,0.0,0.03601895645260811,0.0,0.0,0.0
fit,ball17_wild@1177,0.47149431705474854,0.47149431705474854,0.47149431705474854,0,0,0.47149431705474854,0.060170818120241165,0.0,0.0,0.0
fit,ball17_wild@1203,0.9038268327713013,0.9038268327713013,0.9038268327713013,0,0,0.9038268327713013,0.07726801186800003,0.0,0.0,0.0
fit,ball17_wild@1234,0.4930584132671356,0.4930584132671356,0.5077419877052307,0,0,0.4930584132671356,0.24645069241523743,0.0,0.0,0.0
fit,ball17_wild@1314,0.0,0.4030975103378296,0.4030975103378296,1,1,0.4030975103378296,0.03734464943408966,0.07030916213989258,3.0371615886688232,2.9668524265289307
fit,ball17_wild@1388,0.9122748970985413,0.9122748970985413,0.9122748970985413,0,0,0.9122748970985413,0.03660830482840538,0.0,0.0,0.0
fit,ball17_wild@1494,0.8550896048545837,0.8550896048545837,0.8630092144012451,0,0,0.8550896048545837,0.1852838099002838,0.0,0.0,0.0
fit,book05_indoor@10,0.8756098747253418,0.8756098747253418,0.8756098747253418,0,1,0.41389429569244385,0.14345967769622803,0.0,0.0,0.0
fit,book05_indoor@12,0.4717164635658264,0.45072588324546814,0.4717164635658264,1,1,0.45072588324546814,0.10264857113361359,2.2312750816345215,2.2474758625030518,0.016200900077819824
fit,book05_indoor@110,0.4392213821411133,0.20237508416175842,0.5018922090530396,1,1,0.20237508416175842,0.1286393702030182,0.6518278121948242,0.7187673449516296,0.06693953275680542
fit,book05_indoor@172,0.4812643229961395,0.4812643229961395,0.6823144555091858,0,0,0.4812643229961395,0.11815263330936432,0.0,0.0,0.0
fit,book05_indoor@181,0.6992554068565369,0.6992554068565369,0.6992554068565369,0,0,0.6992554068565369,0.1250721514225006,0.0,0.0,0.0
fit,book05_indoor@310,0.8961124420166016,0.8961124420166016,0.8961124420166016,0,0,0.8961124420166016,0.08567334711551666,0.0,0.0,0.0
fit,book05_indoor@440,0.9134262204170227,0.9134262204170227,0.9134262204170227,0,0,0.9134262204170227,0.07807568460702896,0.0,0.0,0.0
fit,book05_indoor@570,0.919593334197998,0.919593334197998,0.919593334197998,0,0,0.919593334197998,0.13238081336021423,0.0,0.0,0.0
fit,book05_indoor@663,0.0796809121966362,0.3469937741756439,0.5170040726661682,1,1,0.3469937741756439,0.2825040817260742,0.8111316561698914,1.0675567388534546,0.25642508268356323
fit,book05_indoor@704,0.7997469902038574,0.7997469902038574,0.8250153064727783,0,0,0.7997469902038574,0.08487731218338013,0.0,0.0,0.0
fit,book05_indoor@838,0.8560126423835754,0.8560126423835754,0.8560126423835754,0,0,0.8560126423835754,0.2511357069015503,0.0,0.0,0.0
fit,book05_indoor@968,0.8924169540405273,0.8924169540405273,0.8924169540405273,0,0,0.8924169540405273,0.05837126821279526,0.0,0.0,0.0
fit,book05_indoor@1099,0.9073396325111389,0.6760320067405701,0.9073396325111389,1,1,0.6760320067405701,0.11635758727788925,3.192182779312134,3.447783946990967,0.25560110807418823
fit,book05_indoor@1229,0.7738564014434814,0.7738564014434814,0.7986934185028076,0,0,0.7738564014434814,0.09049835801124573,0.0,0.0,0.0
fit,book05_indoor@1288,0.08823150396347046,0.08823150396347046,0.5487695336341858,0,0,0.08823150396347046,0.19740712642669678,0.0,0.0,0.0
fit,book05_indoor@1325,0.4589681923389435,0.4589681923389435,0.4589681923389435,0,0,0.4589681923389435,0.05372454598546028,0.0,0.0,0.0
fit,book05_indoor@1362,0.9703072309494019,0.7573400735855103,0.9703072309494019,1,1,0.7573400735855103,0.1754423975944519,3.6080212593078613,3.754019021987915,0.1459977924823761
fit,book05_indoor@1492,0.9609957337379456,0.9609957337379456,0.9609957337379456,0,0,0.9609957337379456,0.24043682217597961,0.0,0.0,0.0
fit,book02_indoor@10,0.9628395438194275,0.9628395438194275,0.9628395438194275,0,0,0.9628395438194275,0.09412618726491928,0.0,0.0,0.0
fit,book02_indoor@143,0.7250303030014038,0.7250303030014038,0.7250303030014038,0,0,0.7250303030014038,0.1162504181265831,0.0,0.0,0.0
fit,book02_indoor@276,0.9430621266365051,0.9430621266365051,0.9430621266365051,0,0,0.9430621266365051,0.048004504293203354,0.0,0.0,0.0
fit,book02_indoor@327,0.4612875282764435,0.4594724774360657,0.7657369375228882,2,2,0.4594724774360657,0.13119861483573914,4.090147972106934,4.297913074493408,0.20776507258415222
fit,book02_indoor@332,0.3878263235092163,0.3878263235092163,0.4958912432193756,0,0,0.3878263235092163,0.08869652450084686,0.0,0.0,0.0
fit,book02_indoor@336,0.286912202835083,0.2638351023197174,0.44177308678627014,1,1,0.2638351023197174,0.11764933913946152,1.0797865390777588,2.293729066848755,1.213942527770996
fit,book02_indoor@341,0.40044987201690674,0.446778804063797,0.7247269153594971,1,1,0.446778804063797,0.1624951958656311,0.03635716438293457,0.9660553336143494,0.9296981692314148
fit,book02_indoor@424,0.8899001479148865,0.8899001479148865,0.8899001479148865,0,0,0.8899001479148865,0.05934860184788704,0.0,0.0,0.0
fit,book02_indoor@557,0.9417955279350281,0.9417955279350281,0.9417955279350281,0,0,0.9417955279350281,0.060060787945985794,0.0,0.0,0.0
fit,book02_indoor@690,0.8832094669342041,0.8832094669342041,0.8832094669342041,0,0,0.8832094669342041,0.14007048308849335,0.0,0.0,0.0
fit,book02_indoor@824,0.9347840547561646,0.9347840547561646,0.9347840547561646,0,0,0.9347840547561646,0.08274578303098679,0.0,0.0,0.0
fit,book02_indoor@957,0.9778670072555542,0.9778670072555542,0.9778670072555542,0,0,0.9778670072555542,0.05435677245259285,0.0,0.0,0.0
fit,book02_indoor@1090,0.8276431560516357,0.8276431560516357,0.8276431560516357,0,0,0.8276431560516357,0.05734214186668396,0.0,0.0,0.0
fit,book02_indoor@1223,0.9288403987884521,0.9288403987884521,0.9288403987884521,0,0,0.9288403987884521,0.07638091593980789,0.0,0.0,0.0
fit,book02_indoor@1356,0.921393871307373,0.921393871307373,0.921393871307373,0,0,0.921393871307373,0.056695230305194855,0.0,0.0,0.0
fit,book02_indoor@1489,0.9507226347923279,0.9507226347923279,0.9507226347923279,0,0,0.9507226347923279,0.045649729669094086,0.0,0.0,0.0
fit,bike02_wild@10,0.9804433584213257,0.9804433584213257,0.9804433584213257,0,0,0.9804433584213257,0.11998691409826279,0.0,0.0,0.0
fit,bike02_wild@35,0.9592416286468506,0.9592416286468506,0.9592416286468506,0,0,0.9592416286468506,0.10429501533508301,0.0,0.0,0.0
fit,bike02_wild@61,0.9263001084327698,0.9263001084327698,0.9263001084327698,0,0,0.9263001084327698,0.07877462357282639,0.0,0.0,0.0
fit,bike02_wild@86,0.8726826906204224,0.8016632199287415,0.8726826906204224,1,0,0.8726826906204224,0.036018311977386475,4.304839611053467,4.521998405456543,0.21715879440307617
fit,bike02_wild@111,0.9658758044242859,0.9658758044242859,0.9658758044242859,0,0,0.9658758044242859,0.11540476977825165,0.0,0.0,0.0
fit,bike02_wild@137,0.955228865146637,0.955228865146637,0.955228865146637,0,0,0.955228865146637,0.07177721709012985,0.0,0.0,0.0
fit,bike02_wild@162,0.9648573994636536,0.9648573994636536,0.9648573994636536,0,0,0.9648573994636536,0.10074456036090851,0.0,0.0,0.0
fit,bike02_wild@188,0.9547266364097595,0.9547266364097595,0.9547266364097595,0,0,0.9547266364097595,0.12250266224145889,0.0,0.0,0.0
fit,bike02_wild@213,0.9815230369567871,0.9815230369567871,0.9815230369567871,0,0,0.9815230369567871,0.09525443613529205,0.0,0.0,0.0
fit,bike02_wild@238,0.958808958530426,0.958808958530426,0.958808958530426,0,0,0.958808958530426,0.09262119233608246,0.0,0.0,0.0
fit,bike02_wild@264,0.9388939142227173,0.9388939142227173,0.9388939142227173,0,0,0.9388939142227173,0.07831738889217377,0.0,0.0,0.0
fit,bike02_wild@289,0.9726713299751282,0.9726713299751282,0.9726713299751282,0,0,0.9726713299751282,0.07731439173221588,0.0,0.0,0.0
fit,book01_indoor@10,0.6567482948303223,0.6567482948303223,0.6567482948303223,0,0,0.6567482948303223,0.055448442697525024,0.0,0.0,0.0
fit,book01_indoor@29,0.0,0.0,0.0,0,0,0.0,0.03538653999567032,0.0,0.0,0.0
fit,book01_indoor@31,0.0,0.0,0.002527216449379921,0,1,0.0,0.03475412353873253,0.0,0.0,0.0
fit,book01_indoor@32,0.32712432742118835,0.32712432742118835,0.32712432742118835,0,0,0.32712432742118835,0.0672990083694458,0.0,0.0,0.0
fit,book01_indoor@160,0.8782486319541931,0.8782486319541931,0.8782486319541931,0,0,0.8782486319541931,0.05449403077363968,0.0,0.0,0.0
fit,book01_indoor@289,0.8885545134544373,0.8885545134544373,0.8885545134544373,0,0,0.8885545134544373,0.0812842845916748,0.0,0.0,0.0
fit,book01_indoor@418,0.9111518859863281,0.9111518859863281,0.9111518859863281,0,0,0.9111518859863281,0.05053257197141647,0.0,0.0,0.0
fit,book01_indoor@547,0.830437958240509,0.830437958240509,0.830437958240509,0,0,0.830437958240509,0.04715545475482941,0.0,0.0,0.0
fit,book01_indoor@676,0.589985191822052,0.589985191822052,0.589985191822052,0,0,0.589985191822052,0.11689617484807968,0.0,0.0,0.0
fit,book01_indoor@805,0.8287246823310852,0.8287246823310852,0.8287246823310852,0,0,0.8287246823310852,0.12368538230657578,0.0,0.0,0.0
fit,book01_indoor@934,0.9720097184181213,0.9720097184181213,0.9720097184181213,0,0,0.9720097184181213,0.03728021681308746,0.0,0.0,0.0
fit,book01_indoor@1063,0.9139093160629272,0.9139093160629272,0.9139093160629272,0,0,0.9139093160629272,0.04053414240479469,0.0,0.0,0.0
fit,book01_indoor@1192,0.8322696685791016,0.8322696685791016,0.8322696685791016,0,0,0.8322696685791016,0.06103293225169182,0.0,0.0,0.0
fit,book01_indoor@1321,0.5256484746932983,0.5256484746932983,0.7098161578178406,0,0,0.5256484746932983,0.14935971796512604,0.0,0.0,0.0
fit,book01_indoor@1337,0.4537295401096344,0.4537295401096344,0.5313277244567871,0,0,0.4537295401096344,0.11087703704833984,0.0,0.0,0.0
fit,book01_indoor@1341,0.4977191090583801,0.4128935635089874,0.523343563079834,1,1,0.4128935635089874,0.2531895637512207,0.3297080397605896,0.6933966875076294,0.3636886477470398
fit,book01_indoor@1345,0.41848108172416687,0.41848108172416687,0.6679259538650513,0,1,0.44327273964881897,0.2757240831851959,0.0,0.0,0.0
fit,book01_indoor@1456,0.928797721862793,0.8600033521652222,0.928797721862793,1,1,0.8600033521652222,0.35128551721572876,3.5025675296783447,3.8074731826782227,0.3049057722091675
fit,glass04_indoor@10,0.9120302200317383,0.9120302200317383,0.9120302200317383,0,0,0.9120302200317383,0.03358426317572594,0.0,0.0,0.0
fit,glass04_indoor@90,0.9066724181175232,0.9066724181175232,0.9066724181175232,0,0,0.9066724181175232,0.05523936077952385,0.0,0.0,0.0
fit,glass04_indoor@171,0.9794846177101135,0.9794846177101135,0.9794846177101135,0,0,0.9794846177101135,0.05609755590558052,0.0,0.0,0.0
fit,glass04_indoor@259,0.0,0.0,0.0,0,0,0.0,0.043019555509090424,0.0,0.0,0.0
fit,glass04_indoor@261,0.0,0.0,0.0,0,0,0.0,0.04947054758667946,0.0,0.0,0.0
fit,glass04_indoor@321,0.0,0.0,0.0,0,0,0.0,0.04813983291387558,0.0,0.0,0.0
fit,glass04_indoor@358,0.9825194478034973,0.9825194478034973,0.9825194478034973,0,0,0.9825194478034973,0.049729280173778534,0.0,0.0,0.0
fit,glass04_indoor@438,0.9447835683822632,0.9447835683822632,0.9447835683822632,0,0,0.9447835683822632,0.045553602278232574,0.0,0.0,0.0
fit,glass04_indoor@518,0.8753440380096436,0.8753440380096436,0.9257542490959167,0,0,0.8753440380096436,0.06998620927333832,0.0,0.0,0.0
fit,glass04_indoor@599,0.7352136969566345,0.7352136969566345,0.747610867023468,0,0,0.7352136969566345,0.08194609731435776,0.0,0.0,0.0
fit,glass04_indoor@679,0.8208082318305969,0.8208082318305969,0.8208082318305969,0,0,0.8208082318305969,0.06172819063067436,0.0,0.0,0.0
fit,glass04_indoor@759,0.963965654373169,0.963965654373169,0.963965654373169,0,0,0.963965654373169,0.08215821534395218,0.0,0.0,0.0
fit,glass04_indoor@839,0.8273873329162598,0.8273873329162598,0.8273873329162598,0,0,0.8273873329162598,0.06008993834257126,0.0,0.0,0.0
fit,glass04_indoor@920,0.9341628551483154,0.9341628551483154,0.9341628551483154,0,0,0.9341628551483154,0.07401810586452484,0.0,0.0,0.0
fit,glass04_indoor@1000,0.8524980545043945,0.8524980545043945,0.8524980545043945,0,0,0.8524980545043945,0.07225033640861511,0.0,0.0,0.0
fit,colacan02_indoor@10,0.9260799884796143,0.9260799884796143,0.9260799884796143,0,0,0.9260799884796143,0.08623494952917099,0.0,0.0,0.0
fit,colacan02_indoor@237,0.004298957996070385,0.004298957996070385,0.042326513677835464,0,4,0.006135680712759495,0.06690554320812225,0.0,0.0,0.0
fit,colacan02_indoor@305,0.004864762537181377,0.004864762537181377,0.015122074633836746,0,4,0.007363153621554375,0.09269937127828598,0.0,0.0,0.0
fit,colacan02_indoor@307,0.014707948081195354,0.009062659926712513,0.10445806384086609,4,4,0.009062659926712513,0.08738405257463455,5.358871936798096,5.501718997955322,0.14284706115722656
fit,colacan02_indoor@392,0.8763885498046875,0.8763885498046875,0.8763885498046875,0,0,0.8763885498046875,0.051279813051223755,0.0,0.0,0.0
fit,colacan02_indoor@632,0.9464935660362244,0.9464935660362244,0.9464935660362244,0,0,0.9464935660362244,0.05734352394938469,0.0,0.0,0.0
fit,colacan02_indoor@872,0.9477127194404602,0.9477127194404602,0.9477127194404602,0,0,0.9477127194404602,0.15261968970298767,0.0,0.0,0.0
fit,colacan02_indoor@959,0.44374707341194153,0.44374707341194153,0.44374707341194153,0,0,0.44374707341194153,0.05160050466656685,0.0,0.0,0.0
fit,colacan02_indoor@1086,0.0,0.0,0.0,3,3,0.0,0.3203696310520172,4.573256969451904,4.922477722167969,0.34922075271606445
fit,colacan02_indoor@1088,0.0,0.0,0.0,3,3,0.0,0.3006061017513275,4.19871711730957,4.72528076171875,0.5265636444091797
fit,colacan02_indoor@1311,0.0,0.0,0.0,0,4,0.0,0.16474105417728424,0.0,0.0,0.0
fit,colacan02_indoor@1313,0.0,0.0,0.0,0,2,0.0,0.1725730448961258,0.0,0.0,0.0
fit,colacan02_indoor@1619,0.0,0.0,0.0,2,1,0.0,0.2577240765094757,3.4857332706451416,3.626451015472412,0.14071768522262573
fit,colacan02_indoor@1621,0.0,0.0,0.0,0,1,0.0,0.2964063584804535,0.0,0.0,0.0
fit,colacan02_indoor@1892,0.9050412178039551,0.9050412178039551,0.9050412178039551,0,0,0.9050412178039551,0.04974278062582016,0.0,0.0,0.0
fit,colacan02_indoor@2132,0.933953583240509,0.933953583240509,0.933953583240509,0,0,0.933953583240509,0.037940073758363724,0.0,0.0,0.0
fit,colacan02_indoor@2186,0.30720698833465576,0.30720698833465576,0.3258720338344574,0,0,0.30720698833465576,0.13897600769996643,0.0,0.0,0.0
fit,colacan02_indoor@2394,0.8101838231086731,0.8101838231086731,0.8138799667358398,0,0,0.8101838231086731,0.13821908831596375,0.0,0.0,0.0
fit,colacan02_indoor@2425,0.48391082882881165,0.48391082882881165,0.5736317038536072,0,0,0.48391082882881165,0.20111945271492004,0.0,0.0,0.0
fit,colacan02_indoor@2699,0.9166002869606018,0.9166002869606018,0.9166002869606018,0,0,0.9166002869606018,0.05323607474565506,0.0,0.0,0.0
fit,colacan02_indoor@3007,0.0,0.0,0.0,2,2,0.0,0.22764794528484344,3.6017541885375977,3.949028968811035,0.3472747802734375
fit,colacan02_indoor@3009,0.0,0.0,0.0,2,2,0.0,0.2895286977291107,3.8847880363464355,3.8855347633361816,0.0007464885711669922
fit,colacan02_indoor@3119,0.8966718316078186,0.8966718316078186,0.8966718316078186,0,0,0.8966718316078186,0.13902422785758972,0.0,0.0,0.0
fit,colacan02_indoor@3359,0.9506841897964478,0.9506841897964478,0.9506841897964478,0,0,0.9506841897964478,0.08400951325893402,0.0,0.0,0.0
fit,colacan02_indoor@3629,0.0,0.0,0.0,0,5,0.0,0.09056924283504486,0.0,0.0,0.0
fit,colacan02_indoor@3631,0.0,0.0,0.0,0,4,0.0,0.090568408370018,0.0,0.0,0.0
fit,colacan02_indoor@3736,0.006776994559913874,0.9128646850585938,0.9128646850585938,1,1,0.9128646850585938,0.11839494854211807,0.2509181499481201,3.162965774536133,2.9120473861694336
fit,colacan02_indoor@3790,0.9685635566711426,0.9685635566711426,0.9685635566711426,0,2,0.846077024936676,0.23150721192359924,0.0,0.0,0.0
fit,colacan02_indoor@4029,0.14185994863510132,0.14185994863510132,0.7252474427223206,0,3,0.41412174701690674,0.2980063259601593,0.0,0.0,0.0
fit,colacan02_indoor@4031,0.9318037033081055,0.9318037033081055,0.9318037033081055,0,4,0.7990717887878418,0.42291030287742615,0.0,0.0,0.0
fit,parkingsign_wild@10,0.8973795175552368,0.8973795175552368,0.8973795175552368,0,0,0.8973795175552368,0.061434078961610794,0.0,0.0,0.0
fit,parkingsign_wild@47,0.9604136943817139,0.9604136943817139,0.9604136943817139,0,0,0.9604136943817139,0.046553485095500946,0.0,0.0,0.0
fit,parkingsign_wild@85,0.9571859240531921,0.9571859240531921,0.9571859240531921,0,0,0.9571859240531921,0.14605668187141418,0.0,0.0,0.0
fit,parkingsign_wild@122,0.9451914429664612,0.9451914429664612,0.9451914429664612,0,0,0.9451914429664612,0.05694136023521423,0.0,0.0,0.0
fit,parkingsign_wild@159,0.9307971000671387,0.9307971000671387,0.9307971000671387,0,0,0.9307971000671387,0.05275122448801994,0.0,0.0,0.0
fit,parkingsign_wild@197,0.9163581132888794,0.9163581132888794,0.9163581132888794,0,0,0.9163581132888794,0.07892613112926483,0.0,0.0,0.0
fit,parkingsign_wild@219,0.41781696677207947,0.41781696677207947,0.41781696677207947,0,0,0.41781696677207947,0.16130948066711426,0.0,0.0,0.0
fit,parkingsign_wild@247,0.9431875348091125,0.9431875348091125,0.9431875348091125,0,0,0.9431875348091125,0.0859021544456482,0.0,0.0,0.0
fit,parkingsign_wild@285,0.9321998953819275,0.9321998953819275,0.9321998953819275,0,0,0.9321998953819275,0.05492620915174484,0.0,0.0,0.0
fit,parkingsign_wild@322,0.9175782203674316,0.9175782203674316,0.9175782203674316,0,0,0.9175782203674316,0.06764544546604156,0.0,0.0,0.0
fit,parkingsign_wild@359,0.9546254873275757,0.9546254873275757,0.9546254873275757,0,0,0.9546254873275757,0.10957487672567368,0.0,0.0,0.0
fit,parkingsign_wild@397,0.9658364653587341,0.9658364653587341,0.9658364653587341,0,0,0.9658364653587341,0.08664387464523315,0.0,0.0,0.0
fit,parkingsign_wild@434,0.9174132943153381,0.9174132943153381,0.9174132943153381,0,0,0.9174132943153381,0.060392171144485474,0.0,0.0,0.0
fit,teacup_indoor@10,0.881861686706543,0.881861686706543,0.881861686706543,0,0,0.881861686706543,0.04704581946134567,0.0,0.0,0.0
fit,teacup_indoor@65,0.8119579553604126,0.8119579553604126,0.8119579553604126,0,0,0.8119579553604126,0.04447386786341667,0.0,0.0,0.0
fit,teacup_indoor@120,0.795219361782074,0.795219361782074,0.795219361782074,0,0,0.795219361782074,0.08094307780265808,0.0,0.0,0.0
fit,teacup_indoor@176,0.8979560136795044,0.8979560136795044,0.8979560136795044,0,0,0.8979560136795044,0.056645773351192474,0.0,0.0,0.0
fit,teacup_indoor@231,0.819167971611023,0.819167971611023,0.819167971611023,0,0,0.819167971611023,0.06566889584064484,0.0,0.0,0.0
fit,teacup_indoor@286,0.8812294602394104,0.8812294602394104,0.8812294602394104,0,0,0.8812294602394104,0.03756033256649971,0.0,0.0,0.0
fit,teacup_indoor@341,0.924650251865387,0.924650251865387,0.924650251865387,0,0,0.924650251865387,0.02974909543991089,0.0,0.0,0.0
fit,teacup_indoor@396,0.8515379428863525,0.8515379428863525,0.8515379428863525,0,0,0.8515379428863525,0.04429931566119194,0.0,0.0,0.0
fit,teacup_indoor@451,0.8476547598838806,0.8476547598838806,0.9029793739318848,0,0,0.8476547598838806,0.05859672278165817,0.0,0.0,0.0
fit,teacup_indoor@507,0.8919095396995544,0.8990810513496399,0.8990810513496399,3,3,0.8990810513496399,0.18651577830314636,4.437325477600098,4.483299732208252,0.04597446322441101
fit,teacup_indoor@562,0.8335915803909302,0.7891338467597961,0.8335915803909302,1,1,0.7891338467597961,0.2859601080417633,2.0110979080200195,2.050461769104004,0.03936389088630676
fit,teacup_indoor@611,0.0,0.0,0.0,0,0,0.0,0.053051840513944626,0.0,0.0,0.0
fit,teacup_indoor@636,0.5813809633255005,0.5813809633255005,0.5813809633255005,0,0,0.5813809633255005,0.21963158249855042,0.0,0.0,0.0
fit,teacup_indoor@654,0.0,0.0,0.0,0,0,0.0,0.06496535241603851,0.0,0.0,0.0
fit,teacup_indoor@656,0.0,0.0,0.0,0,0,0.0,0.07228263467550278,0.0,0.0,0.0
fit,teacup_indoor@719,0.0,0.0,0.0,0,1,0.0,0.09527646750211716,0.0,0.0,0.0
fit,teacup_indoor@721,0.0,0.0,0.0,0,1,0.0,0.0635802149772644,0.0,0.0,0.0
fit,teacup_indoor@774,0.0,0.0,0.0,0,0,0.0,0.07421793043613434,0.0,0.0,0.0
fit,teacup_indoor@776,0.0,0.0,0.0,0,0,0.0,0.0675324946641922,0.0,0.0,0.0
fit,teacup_indoor@782,0.0,0.0,0.0,0,0,0.0,0.05798974633216858,0.0,0.0,0.0
fit,suitcase_indoor@10,0.9451861381530762,0.9451861381530762,0.9451861381530762,0,0,0.9451861381530762,0.100973941385746,0.0,0.0,0.0
fit,suitcase_indoor@120,0.8825456500053406,0.8825456500053406,0.8825456500053406,0,0,0.8825456500053406,0.09624834358692169,0.0,0.0,0.0
fit,suitcase_indoor@230,0.9399657249450684,0.9399657249450684,0.9399657249450684,0,0,0.9399657249450684,0.06736065447330475,0.0,0.0,0.0
fit,suitcase_indoor@340,0.8810502886772156,0.7653883695602417,0.8810502886772156,1,0,0.8810502886772156,0.09433026611804962,4.689912796020508,4.700150489807129,0.010237574577331543
fit,suitcase_indoor@450,0.9630335569381714,0.9630335569381714,0.9630335569381714,0,0,0.9630335569381714,0.08080092072486877,0.0,0.0,0.0
fit,suitcase_indoor@560,0.8824025988578796,0.8824025988578796,0.9139941930770874,0,0,0.8824025988578796,0.06923165917396545,0.0,0.0,0.0
fit,suitcase_indoor@669,0.9196600914001465,0.9196600914001465,0.9196600914001465,0,1,0.797073245048523,0.22848443686962128,0.0,0.0,0.0
fit,suitcase_indoor@776,0.0,0.0,0.0,0,3,0.0,0.13623465597629547,0.0,0.0,0.0
fit,suitcase_indoor@796,0.0,0.0,0.2521142363548279,0,1,0.07925813645124435,0.09475165605545044,0.0,0.0,0.0
fit,suitcase_indoor@798,0.03209659829735756,0.03209659829735756,0.09359491616487503,0,2,0.0,0.044467926025390625,0.0,0.0,0.0
fit,suitcase_indoor@806,0.16110745072364807,0.16110745072364807,0.36632081866264343,0,0,0.16110745072364807,0.09677080810070038,0.0,0.0,0.0
fit,suitcase_indoor@807,0.42588770389556885,0.42588770389556885,0.5403183698654175,0,0,0.42588770389556885,0.10159144550561905,0.0,0.0,0.0
fit,suitcase_indoor@881,0.9859479665756226,0.9859479665756226,0.9859479665756226,0,0,0.9859479665756226,0.13429836928844452,0.0,0.0,0.0
fit,suitcase_indoor@991,0.9232709407806396,0.9232709407806396,0.9232709407806396,0,0,0.9232709407806396,0.07222903519868851,0.0,0.0,0.0
fit,suitcase_indoor@1101,0.9682934880256653,0.9682934880256653,0.9682934880256653,0,0,0.9682934880256653,0.09919941425323486,0.0,0.0,0.0
fit,suitcase_indoor@1166,0.03897710144519806,0.050300441682338715,0.05525550991296768,1,2,0.05525550991296768,0.12175489962100983,5.231018543243408,5.364030838012695,0.1330122947692871
fit,suitcase_indoor@1168,0.051818955689668655,0.10902831703424454,0.12192443013191223,1,1,0.10902831703424454,0.04582362622022629,4.828778266906738,5.185244560241699,0.3564661741256714
fit,suitcase_indoor@1270,0.08056000620126724,0.09857649356126785,0.15605323016643524,1,5,0.15605323016643524,0.03942565992474556,4.29329252243042,4.513073921203613,0.219781756401062
fit,suitcase_indoor@1272,0.1718989908695221,0.2931321859359741,0.2931321859359741,1,1,0.2931321859359741,0.03708963841199875,2.29640793800354,3.2597527503967285,0.9633446931838989
fit,suitcase_indoor@1273,0.21256084740161896,0.4516054391860962,0.4516054391860962,1,1,0.4516054391860962,0.05548417568206787,1.155914068222046,2.7694032192230225,1.6134891510009766
fit,suitcase_indoor@1286,0.9373682737350464,0.9373682737350464,0.9373682737350464,0,0,0.9373682737350464,0.12506869435310364,0.0,0.0,0.0
fit,suitcase_indoor@1396,0.9404950737953186,0.9404950737953186,0.9404950737953186,0,0,0.9404950737953186,0.04587475582957268,0.0,0.0,0.0
fit,ball05_indoor@10,0.8704955577850342,0.8704955577850342,0.8704955577850342,0,0,0.8704955577850342,0.04860808700323105,0.0,0.0,0.0
fit,ball05_indoor@46,0.8979130983352661,0.8979130983352661,0.8979130983352661,0,0,0.8979130983352661,0.051803939044475555,0.0,0.0,0.0
fit,ball05_indoor@83,0.7993972897529602,0.7993972897529602,0.7993972897529602,0,2,0.623664140701294,0.17254595458507538,0.0,0.0,0.0
fit,ball05_indoor@119,0.7439355254173279,0.7439355254173279,0.8594586253166199,0,0,0.7439355254173279,0.08302923291921616,0.0,0.0,0.0
fit,ball05_indoor@155,0.642393171787262,0.642393171787262,0.7326409816741943,0,0,0.642393171787262,0.15640047192573547,0.0,0.0,0.0
fit,ball05_indoor@183,0.43712374567985535,0.43712374567985535,0.6480259895324707,0,0,0.43712374567985535,0.17786963284015656,0.0,0.0,0.0
fit,ball05_indoor@192,0.8387734293937683,0.8387734293937683,0.8398624658584595,0,1,0.7577829957008362,0.2003505676984787,0.0,0.0,0.0
fit,ball05_indoor@235,0.7820660471916199,0.7820660471916199,0.7820660471916199,0,0,0.7820660471916199,0.15087416768074036,0.0,0.0,0.0
fit,ball05_indoor@271,0.7876826524734497,0.7876826524734497,0.8699870705604553,0,2,0.8699870705604553,0.3839816749095917,0.0,0.0,0.0
fit,ball05_indoor@291,0.0,0.0,0.0,0,0,0.0,0.027557814493775368,0.0,0.0,0.0
fit,ball05_indoor@335,0.4525465667247772,0.4525465667247772,0.4788108766078949,0,0,0.4525465667247772,0.06065643951296806,0.0,0.0,0.0
fit,ball05_indoor@353,0.8897374868392944,0.8897374868392944,0.8897374868392944,0,0,0.8897374868392944,0.13464049994945526,0.0,0.0,0.0
fit,ball05_indoor@389,0.8197594285011292,0.8197594285011292,0.8197594285011292,0,0,0.8197594285011292,0.06991076469421387,0.0,0.0,0.0
fit,ball05_indoor@396,0.47842898964881897,0.47842898964881897,0.5301400423049927,0,0,0.47842898964881897,0.15396063029766083,0.0,0.0,0.0
fit,ball05_indoor@447,0.6939690709114075,0.6939690709114075,0.6939690709114075,0,0,0.6939690709114075,0.09954683482646942,0.0,0.0,0.0
fit,ball05_indoor@485,0.0,0.0,0.0,0,0,0.0,0.0416487380862236,0.0,0.0,0.0
fit,ball05_indoor@487,0.0,0.0,0.0,0,0,0.0,0.05638996511697769,0.0,0.0,0.0
fit,ball05_indoor@609,0.0,0.0,0.0024945412296801805,0,0,0.0,0.029735524207353592,0.0,0.0,0.0
fit,ball05_indoor@611,0.0,0.11487231403589249,0.11487231403589249,3,3,0.11487231403589249,0.03459654003381729,0.6020121574401855,0.7831056118011475,0.18109345436096191
fit,ball05_indoor@638,0.0,0.0,0.7757383584976196,0,2,0.0,0.2200397551059723,0.0,0.0,0.0
fit,ball05_indoor@640,0.20172496140003204,0.20172496140003204,0.7050839066505432,0,0,0.20172496140003204,0.24498161673545837,0.0,0.0,0.0
fit,ball05_indoor@645,0.7502750754356384,0.7502750754356384,0.7632986307144165,0,0,0.7502750754356384,0.23504605889320374,0.0,0.0,0.0
fit,cube06_indoor@10,0.9574283957481384,0.9574283957481384,0.9574283957481384,0,0,0.9574283957481384,0.09490431100130081,0.0,0.0,0.0
fit,cube06_indoor@22,0.9071663022041321,0.9071663022041321,0.9071663022041321,0,0,0.9071663022041321,0.2179187536239624,0.0,0.0,0.0
fit,cube06_indoor@24,0.0,0.0,0.9149989485740662,0,0,0.0,0.3074035346508026,0.0,0.0,0.0
fit,cube06_indoor@26,0.0,0.8893721103668213,0.8893721103668213,1,1,0.8893721103668213,0.12734711170196533,1.3325436115264893,2.528960704803467,1.196417212486267
fit,cube06_indoor@182,0.8301602005958557,0.8301602005958557,0.8301602005958557,0,0,0.8301602005958557,0.11030425131320953,0.0,0.0,0.0
fit,cube06_indoor@194,0.420504093170166,0.420504093170166,0.420504093170166,0,3,0.1756012737751007,0.10560530424118042,0.0,0.0,0.0
fit,cube06_indoor@382,0.9182736277580261,0.9182736277580261,0.9182736277580261,0,0,0.9182736277580261,0.04897560924291611,0.0,0.0,0.0
fit,cube06_indoor@425,0.3788437843322754,0.3788437843322754,0.4789671301841736,0,2,0.4789671301841736,0.12112267315387726,0.0,0.0,0.0
fit,cube06_indoor@430,0.2969112694263458,0.2969112694263458,0.3814372420310974,0,1,0.2799805998802185,0.1289607137441635,0.0,0.0,0.0
fit,cube06_indoor@432,0.03565206751227379,0.03565206751227379,0.09289850294589996,0,2,0.07559622079133987,0.056047599762678146,0.0,0.0,0.0
fit,cube06_indoor@434,0.08625688403844833,0.08625688403844833,0.1243940219283104,0,3,0.004466403741389513,0.066261425614357,0.0,0.0,0.0
fit,cube06_indoor@598,0.9182890057563782,0.9182890057563782,0.9182890057563782,0,0,0.9182890057563782,0.07647572457790375,0.0,0.0,0.0
fit,cube06_indoor@749,0.931494414806366,0.0,0.931494414806366,1,1,0.0,0.28135329484939575,0.9483923316001892,1.0525217056274414,0.10412931442260742
fit,cube06_indoor@893,0.8710788488388062,0.8710788488388062,0.8710788488388062,0,0,0.8710788488388062,0.0704510286450386,0.0,0.0,0.0
fit,cube06_indoor@1033,0.8493000268936157,0.8493000268936157,0.8493000268936157,0,0,0.8493000268936157,0.2178000658750534,0.0,0.0,0.0
fit,cube06_indoor@1173,0.9193301200866699,0.9193301200866699,0.9193301200866699,0,0,0.9193301200866699,0.09122706949710846,0.0,0.0,0.0
fit,cube06_indoor@1313,0.8188174962997437,0.8188174962997437,0.881217896938324,0,0,0.8188174962997437,0.11525337398052216,0.0,0.0,0.0
fit,cube06_indoor@1452,0.8686646819114685,0.8686646819114685,0.8686646819114685,0,0,0.8686646819114685,0.04660970717668533,0.0,0.0,0.0
fit,cube06_indoor@1592,0.7839091420173645,0.7839091420173645,0.7839091420173645,0,0,0.7839091420173645,0.1536567062139511,0.0,0.0,0.0
fit,cube06_indoor@1596,0.43473049998283386,0.43473049998283386,0.6875466108322144,0,3,0.6875466108322144,0.11984676122665405,0.0,0.0,0.0
fit,cube06_indoor@1611,0.14745143055915833,0.14745143055915833,0.22363287210464478,0,0,0.14745143055915833,0.1658085584640503,0.0,0.0,0.0
fit,cube06_indoor@1619,0.0847371444106102,0.11511381715536118,0.11511381715536118,2,2,0.11511381715536118,0.1714559942483902,4.701305389404297,4.879613876342773,0.1783084273338318
fit,cube06_indoor@1621,0.05174072086811066,0.46953707933425903,0.5478135943412781,1,1,0.46953707933425903,0.13303551077842712,3.2759175300598145,3.4280354976654053,0.15211793780326843
fit,cube06_indoor@1658,0.0,0.9337745904922485,0.9337745904922485,1,1,0.9337745904922485,0.0897979810833931,0.5961344838142395,3.420761823654175,2.82462739944458
fit,cube06_indoor@1795,0.9495416879653931,0.9495416879653931,0.9495416879653931,0,0,0.9495416879653931,0.06113769859075546,0.0,0.0,0.0
fit,mushroom04_indoor@10,0.8765719532966614,0.8765719532966614,0.8765719532966614,0,0,0.8765719532966614,0.058280933648347855,0.0,0.0,0.0
fit,mushroom04_indoor@158,0.8959865570068359,0.8959865570068359,0.8959865570068359,0,0,0.8959865570068359,0.038582995533943176,0.0,0.0,0.0
fit,mushroom04_indoor@307,0.8020159006118774,0.8020159006118774,0.8020159006118774,0,1,0.0,0.3057626485824585,0.0,0.0,0.0
fit,mushroom04_indoor@455,0.6840206384658813,0.6406065821647644,0.7431910037994385,1,1,0.6406065821647644,0.23762567341327667,2.21858811378479,2.2630956172943115,0.04450744390487671
fit,mushroom04_indoor@478,0.0,0.0,0.0,0,0,0.0,0.04283032938838005,0.0,0.0,0.0
fit,mushroom04_indoor@480,0.3290119767189026,0.3290119767189026,0.3290119767189026,0,0,0.3290119767189026,0.09043914079666138,0.0,0.0,0.0
fit,mushroom04_indoor@691,0.8906069993972778,0.8906069993972778,0.8906069993972778,0,0,0.8906069993972778,0.04309118539094925,0.0,0.0,0.0
fit,mushroom04_indoor@839,0.9079654216766357,0.9079654216766357,0.9079654216766357,0,0,0.9079654216766357,0.05792589858174324,0.0,0.0,0.0
fit,mushroom04_indoor@874,0.32141751050949097,0.32141751050949097,0.32141751050949097,0,0,0.32141751050949097,0.07011518627405167,0.0,0.0,0.0
fit,mushroom04_indoor@997,0.9543561339378357,0.9543561339378357,0.9543561339378357,0,0,0.9543561339378357,0.1019379124045372,0.0,0.0,0.0
fit,mushroom04_indoor@1145,0.9241945147514343,0.9241945147514343,0.9241945147514343,0,0,0.9241945147514343,0.2206171452999115,0.0,0.0,0.0
fit,mushroom04_indoor@1205,0.46229955554008484,0.5957614779472351,0.6583735346794128,3,3,0.5957614779472351,0.1817515790462494,3.3816332817077637,3.8066000938415527,0.42496705055236816
fit,mushroom04_indoor@1295,0.8240118622779846,0.8240118622779846,0.8240118622779846,0,0,0.8240118622779846,0.037440650165081024,0.0,0.0,0.0
fit,mushroom04_indoor@1448,0.8970037698745728,0.8970037698745728,0.923778235912323,0,0,0.8970037698745728,0.06506743282079697,0.0,0.0,0.0
fit,mushroom04_indoor@1597,0.8608525395393372,0.8608525395393372,0.8608525395393372,0,0,0.8608525395393372,0.05188005045056343,0.0,0.0,0.0
fit,mushroom04_indoor@1684,0.0,0.057055871933698654,0.057055871933698654,5,5,0.057055871933698654,0.037423767149448395,1.3958239555358887,1.8619794845581055,0.4661555290222168
fit,mushroom04_indoor@1753,0.8983020782470703,0.8983020782470703,0.8983020782470703,0,0,0.8983020782470703,0.06595782190561295,0.0,0.0,0.0
fit,swing01_wild@10,0.9362404346466064,0.9362404346466064,0.9362404346466064,0,0,0.9362404346466064,0.08997635543346405,0.0,0.0,0.0
fit,swing01_wild@60,0.9019269943237305,0.9019269943237305,0.9019269943237305,0,0,0.9019269943237305,0.05942736193537712,0.0,0.0,0.0
fit,swing01_wild@109,0.9305399060249329,0.9305399060249329,0.9305399060249329,0,0,0.9305399060249329,0.04781832545995712,0.0,0.0,0.0
fit,swing01_wild@159,0.902603805065155,0.902603805065155,0.902603805065155,0,0,0.902603805065155,0.05603431537747383,0.0,0.0,0.0
fit,swing01_wild@209,0.9058070778846741,0.9058070778846741,0.9058070778846741,0,0,0.9058070778846741,0.050145477056503296,0.0,0.0,0.0
fit,swing01_wild@259,0.8593679666519165,0.8593679666519165,0.8593679666519165,0,0,0.8593679666519165,0.07166147977113724,0.0,0.0,0.0
fit,swing01_wild@308,0.93752121925354,0.93752121925354,0.93752121925354,0,0,0.93752121925354,0.03367934748530388,0.0,0.0,0.0
fit,swing01_wild@358,0.9071325063705444,0.9071325063705444,0.9071325063705444,0,0,0.9071325063705444,0.044873468577861786,0.0,0.0,0.0
fit,swing01_wild@408,0.9377824068069458,0.9377824068069458,0.9377824068069458,0,0,0.9377824068069458,0.05678953975439072,0.0,0.0,0.0
fit,swing01_wild@458,0.9259451031684875,0.9259451031684875,0.9259451031684875,0,0,0.9259451031684875,0.09961334615945816,0.0,0.0,0.0
fit,swing01_wild@507,0.917396605014801,0.917396605014801,0.917396605014801,0,0,0.917396605014801,0.050618983805179596,0.0,0.0,0.0
fit,swing01_wild@557,0.9274991154670715,0.9274991154670715,0.9274991154670715,0,0,0.9274991154670715,0.06910954415798187,0.0,0.0,0.0
fit,cup14_indoor@10,0.9532097578048706,0.9532097578048706,0.9532097578048706,0,0,0.9532097578048706,0.09229037165641785,0.0,0.0,0.0
fit,cup14_indoor@92,0.44245174527168274,0.44245174527168274,0.8501853346824646,0,1,0.5422241687774658,0.18813146650791168,0.0,0.0,0.0
fit,cup14_indoor@134,0.0063726394437253475,0.0063726394437253475,0.8027920722961426,0,0,0.0063726394437253475,0.42057180404663086,0.0,0.0,0.0
fit,cup14_indoor@173,0.7683936357498169,0.7683936357498169,0.8854878544807434,0,1,0.769311785697937,0.3056076169013977,0.0,0.0,0.0
fit,cup14_indoor@358,0.6784111261367798,0.6784111261367798,0.707780659198761,0,0,0.6784111261367798,0.10271497815847397,0.0,0.0,0.0
fit,cup14_indoor@522,0.9606260061264038,0.9606260061264038,0.9606260061264038,0,0,0.9606260061264038,0.05892077833414078,0.0,0.0,0.0
fit,cup14_indoor@682,0.927603542804718,0.927603542804718,0.927603542804718,0,0,0.927603542804718,0.08181478828191757,0.0,0.0,0.0
fit,cup14_indoor@885,0.21197670698165894,0.17145125567913055,0.30700692534446716,2,2,0.17145125567913055,0.06292657554149628,3.3191494941711426,3.5075106620788574,0.18836116790771484
fit,cup14_indoor@909,0.857086181640625,0.857086181640625,0.857086181640625,0,0,0.857086181640625,0.045988328754901886,0.0,0.0,0.0
fit,cup14_indoor@1075,0.9396802186965942,0.9396802186965942,0.9396802186965942,0,0,0.9396802186965942,0.1418694704771042,0.0,0.0,0.0
fit,cup14_indoor@1250,0.8425241112709045,0.8425241112709045,0.8425241112709045,0,0,0.8425241112709045,0.3231193423271179,0.0,0.0,0.0
fit,cup14_indoor@1286,0.0,0.0,0.0,0,0,0.0,0.19584576785564423,0.0,0.0,0.0
fit,cup14_indoor@1288,0.0,0.0,0.0,0,0,0.0,0.13418349623680115,0.0,0.0,0.0
fit,cup14_indoor@1297,0.0,0.0,0.0,0,0,0.0,0.09808675199747086,0.0,0.0,0.0
fit,cup14_indoor@1305,0.3118450343608856,0.3118450343608856,0.3427286744117737,0,2,0.3235599994659424,0.11134793609380722,0.0,0.0,0.0
fit,cup14_indoor@1472,0.897201418876648,0.897201418876648,0.897201418876648,0,0,0.897201418876648,0.09285052120685577,0.0,0.0,0.0
fit,cup14_indoor@1635,0.8976837396621704,0.8976837396621704,0.8976837396621704,0,0,0.8976837396621704,0.05456041544675827,0.0,0.0,0.0
fit,cup14_indoor@1807,0.4012521505355835,0.4012521505355835,0.4653487801551819,0,4,0.4653487801551819,0.03709721937775612,0.0,0.0,0.0
fit,cup14_indoor@1820,0.855944037437439,0.855944037437439,0.855944037437439,0,3,0.7613900899887085,0.18974383175373077,0.0,0.0,0.0
fit,cup14_indoor@1980,0.8926546573638916,0.8926546573638916,0.8926546573638916,0,0,0.8926546573638916,0.029679005965590477,0.0,0.0,0.0
fit,toy04_indoor@10,0.902833878993988,0.902833878993988,0.902833878993988,0,0,0.902833878993988,0.045823775231838226,0.0,0.0,0.0
fit,toy04_indoor@110,0.9164002537727356,0.9164002537727356,0.9164002537727356,0,0,0.9164002537727356,0.026210814714431763,0.0,0.0,0.0
fit,toy04_indoor@210,0.8581067323684692,0.8581067323684692,0.8581067323684692,0,0,0.8581067323684692,0.04370264708995819,0.0,0.0,0.0
fit,toy04_indoor@310,0.8714393377304077,0.8714393377304077,0.8714393377304077,0,0,0.8714393377304077,0.1759253591299057,0.0,0.0,0.0
fit,toy04_indoor@410,0.9165449738502502,0.9165449738502502,0.9165449738502502,0,0,0.9165449738502502,0.06884638965129852,0.0,0.0,0.0
fit,toy04_indoor@510,0.9272222518920898,0.9272222518920898,0.9272222518920898,0,0,0.9272222518920898,0.08599783480167389,0.0,0.0,0.0
fit,toy04_indoor@610,0.8919248580932617,0.8919248580932617,0.8919248580932617,0,0,0.8919248580932617,0.0887816920876503,0.0,0.0,0.0
fit,toy04_indoor@710,0.8628304600715637,0.8628304600715637,0.8628304600715637,0,0,0.8628304600715637,0.07898204028606415,0.0,0.0,0.0
fit,toy04_indoor@810,0.861064076423645,0.861064076423645,0.861064076423645,0,0,0.861064076423645,0.034680090844631195,0.0,0.0,0.0
fit,toy04_indoor@900,0.4961812496185303,0.4961812496185303,0.6063334941864014,0,0,0.4961812496185303,0.08089561760425568,0.0,0.0,0.0
fit,toy04_indoor@902,0.45704320073127747,0.5288706421852112,0.5633494853973389,1,1,0.5288706421852112,0.055451810359954834,1.0036512613296509,1.010911226272583,0.007259964942932129
fit,toy04_indoor@912,0.9177143573760986,0.9177143573760986,0.9177143573760986,0,0,0.9177143573760986,0.1569625437259674,0.0,0.0,0.0
fit,toy04_indoor@1012,0.891745388507843,0.891745388507843,0.891745388507843,0,0,0.891745388507843,0.10135169327259064,0.0,0.0,0.0
fit,toy04_indoor@1112,0.894398033618927,0.894398033618927,0.894398033618927,0,0,0.894398033618927,0.04205499216914177,0.0,0.0,0.0
fit,human01_indoor@10,0.9815683960914612,0.9815683960914612,0.9815683960914612,0,0,0.9815683960914612,0.11164573580026627,0.0,0.0,0.0
fit,human01_indoor@142,0.9537860751152039,0.9537860751152039,0.9537860751152039,0,0,0.9537860751152039,0.07936298102140427,0.0,0.0,0.0
fit,human01_indoor@249,0.38340291380882263,0.38340291380882263,0.7060831189155579,0,0,0.38340291380882263,0.18865007162094116,0.0,0.0,0.0
fit,human01_indoor@277,0.9046606421470642,0.9046606421470642,0.9046606421470642,0,0,0.9046606421470642,0.05908806249499321,0.0,0.0,0.0
fit,human01_indoor@409,0.9656071066856384,0.9656071066856384,0.9656071066856384,0,0,0.9656071066856384,0.12634418904781342,0.0,0.0,0.0
fit,human01_indoor@541,0.9254823327064514,0.9254823327064514,0.9254823327064514,0,0,0.9254823327064514,0.0491073839366436,0.0,0.0,0.0
fit,human01_indoor@675,0.9210901856422424,0.9210901856422424,0.9210901856422424,0,0,0.9210901856422424,0.06593802571296692,0.0,0.0,0.0
fit,human01_indoor@832,0.9239012002944946,0.9239012002944946,0.9239012002944946,0,0,0.9239012002944946,0.1588633805513382,0.0,0.0,0.0
fit,human01_indoor@946,0.41289499402046204,0.41289499402046204,0.5042542815208435,0,0,0.41289499402046204,0.23790046572685242,0.0,0.0,0.0
fit,human01_indoor@949,0.30708998441696167,0.3331056833267212,0.3331056833267212,2,2,0.3331056833267212,0.24717967212200165,4.787031650543213,5.0573410987854,0.2703092694282532
fit,human01_indoor@952,0.4483622610569,0.4483622610569,0.4778154790401459,0,4,0.4778154790401459,0.13586077094078064,0.0,0.0,0.0
fit,human01_indoor@972,0.8432271480560303,0.8432271480560303,0.8432271480560303,0,0,0.8432271480560303,0.04653517156839371,0.0,0.0,0.0
fit,human01_indoor@1104,0.7244385480880737,0.7244385480880737,0.7244385480880737,0,0,0.7244385480880737,0.09270846843719482,0.0,0.0,0.0
fit,human01_indoor@1236,0.9327227473258972,0.9327227473258972,0.9327227473258972,0,0,0.9327227473258972,0.17836244404315948,0.0,0.0,0.0
fit,human01_indoor@1369,0.93310546875,0.93310546875,0.93310546875,0,0,0.93310546875,0.05766754224896431,0.0,0.0,0.0
fit,human01_indoor@1501,0.8205896019935608,0.8205896019935608,0.8205896019935608,0,0,0.8205896019935608,0.26382124423980713,0.0,0.0,0.0
fit,toiletpaper04_indoor@10,0.9154582619667053,0.9154582619667053,0.9154582619667053,0,0,0.9154582619667053,0.07856746762990952,0.0,0.0,0.0
fit,toiletpaper04_indoor@102,0.8812243938446045,0.8812243938446045,0.8812243938446045,0,0,0.8812243938446045,0.060209840536117554,0.0,0.0,0.0
fit,toiletpaper04_indoor@194,0.8726665377616882,0.8726665377616882,0.8726665377616882,0,0,0.8726665377616882,0.08159549534320831,0.0,0.0,0.0
fit,toiletpaper04_indoor@286,0.8894801139831543,0.8894801139831543,0.8894801139831543,0,0,0.8894801139831543,0.022177625447511673,0.0,0.0,0.0
fit,toiletpaper04_indoor@378,0.8772639036178589,0.8772639036178589,0.8772639036178589,0,0,0.8772639036178589,0.06573225557804108,0.0,0.0,0.0
fit,toiletpaper04_indoor@470,0.9203602075576782,0.9203602075576782,0.9203602075576782,0,0,0.9203602075576782,0.03784036263823509,0.0,0.0,0.0
fit,toiletpaper04_indoor@563,0.8922536969184875,0.8922536969184875,0.8922536969184875,0,0,0.8922536969184875,0.0613543763756752,0.0,0.0,0.0
fit,toiletpaper04_indoor@644,0.48259615898132324,0.48259615898132324,0.48259615898132324,0,0,0.48259615898132324,0.06611251085996628,0.0,0.0,0.0
fit,toiletpaper04_indoor@652,0.45451784133911133,0.45451784133911133,0.45451784133911133,0,0,0.45451784133911133,0.07448700070381165,0.0,0.0,0.0
fit,toiletpaper04_indoor@654,0.4738294780254364,0.4738294780254364,0.501266360282898,0,0,0.4738294780254364,0.08260314911603928,0.0,0.0,0.0
fit,toiletpaper04_indoor@660,0.7749736905097961,0.7749736905097961,0.7749736905097961,0,2,0.764170229434967,0.09503556787967682,0.0,0.0,0.0
fit,toiletpaper04_indoor@752,0.8123283386230469,0.8123283386230469,0.8123283386230469,0,0,0.8123283386230469,0.03850537911057472,0.0,0.0,0.0
fit,toiletpaper04_indoor@844,0.9396477937698364,0.9396477937698364,0.9396477937698364,0,0,0.9396477937698364,0.11271645128726959,0.0,0.0,0.0
fit,toiletpaper04_indoor@902,0.0006062425673007965,0.6740327477455139,0.6740327477455139,2,2,0.6740327477455139,0.1486831158399582,0.9083559513092041,1.1748929023742676,0.2665369510650635
fit,toiletpaper04_indoor@950,0.9003073573112488,0.9003073573112488,0.9034116268157959,0,0,0.9003073573112488,0.06163071468472481,0.0,0.0,0.0
fit,toiletpaper04_indoor@974,0.026721414178609848,0.026721414178609848,0.3134172558784485,0,0,0.026721414178609848,0.10053594410419464,0.0,0.0,0.0
fit,toiletpaper04_indoor@976,0.0,0.0,0.031215207651257515,0,0,0.0,0.13200581073760986,0.0,0.0,0.0
fit,toiletpaper04_indoor@1069,0.05703086778521538,0.05703086778521538,0.09653043746948242,0,0,0.05703086778521538,0.06379739195108414,0.0,0.0,0.0
fit,toiletpaper04_indoor@1071,0.4387982487678528,0.4387982487678528,0.7277601957321167,0,0,0.4387982487678528,0.36576220393180847,0.0,0.0,0.0
fit,toiletpaper04_indoor@1152,0.9132631421089172,0.9132631421089172,0.9132631421089172,0,0,0.9132631421089172,0.03270772472023964,0.0,0.0,0.0
fit,painting_indoor_320@10,0.899158239364624,0.899158239364624,0.899158239364624,0,0,0.899158239364624,0.04982221871614456,0.0,0.0,0.0
fit,painting_indoor_320@87,0.897907018661499,0.897907018661499,0.897907018661499,0,0,0.897907018661499,0.044297270476818085,0.0,0.0,0.0
fit,painting_indoor_320@164,0.9526364803314209,0.9526364803314209,0.9526364803314209,0,0,0.9526364803314209,0.040034838020801544,0.0,0.0,0.0
fit,painting_indoor_320@241,0.9761855006217957,0.9761855006217957,0.9761855006217957,0,0,0.9761855006217957,0.05357251688838005,0.0,0.0,0.0
fit,painting_indoor_320@318,0.96138995885849,0.96138995885849,0.96138995885849,0,0,0.96138995885849,0.04252161458134651,0.0,0.0,0.0
fit,painting_indoor_320@395,0.9601944088935852,0.9601944088935852,0.9601944088935852,0,0,0.9601944088935852,0.036559466272592545,0.0,0.0,0.0
fit,painting_indoor_320@473,0.9680050015449524,0.9680050015449524,0.9680050015449524,0,0,0.9680050015449524,0.05556739494204521,0.0,0.0,0.0
fit,painting_indoor_320@550,0.9171959161758423,0.9171959161758423,0.9171959161758423,0,0,0.9171959161758423,0.049252789467573166,0.0,0.0,0.0
fit,painting_indoor_320@663,0.0,0.0,0.0,4,4,0.0,0.11544402688741684,5.003695964813232,5.041142463684082,0.03744637966156006
fit,painting_indoor_320@696,0.9428678154945374,0.9428678154945374,0.9428678154945374,0,0,0.9428678154945374,0.056823134422302246,0.0,0.0,0.0
fit,painting_indoor_320@773,0.9617622494697571,0.9617622494697571,0.9617622494697571,0,0,0.9617622494697571,0.0584748275578022,0.0,0.0,0.0
fit,painting_indoor_320@912,0.0,0.41458579897880554,0.41458579897880554,1,1,0.41458579897880554,0.02958998642861843,2.3971519470214844,5.021122455596924,2.6239705085754395
fit,painting_indoor_320@918,0.9318100214004517,0.9318100214004517,0.9318100214004517,0,0,0.9318100214004517,0.04618298262357712,0.0,0.0,0.0
fit,painting_indoor_320@995,0.9115545749664307,0.9115545749664307,0.9115545749664307,0,0,0.9115545749664307,0.03234788775444031,0.0,0.0,0.0
fit,bike01_wild@10,0.9684809446334839,0.9684809446334839,0.9684809446334839,0,0,0.9684809446334839,0.058901868760585785,0.0,0.0,0.0
fit,bike01_wild@128,0.9452041387557983,0.9452041387557983,0.9452041387557983,0,0,0.9452041387557983,0.058982063084840775,0.0,0.0,0.0
fit,bike01_wild@247,0.9317939281463623,0.9317939281463623,0.9317939281463623,0,0,0.9317939281463623,0.2025023251771927,0.0,0.0,0.0
fit,bike01_wild@372,0.2971633970737457,0.2971633970737457,0.39772891998291016,0,0,0.2971633970737457,0.1846695989370346,0.0,0.0,0.0
fit,bike01_wild@373,0.34375739097595215,0.34375739097595215,0.6799083352088928,0,0,0.34375739097595215,0.20923304557800293,0.0,0.0,0.0
fit,bike01_wild@401,0.9593581557273865,0.9593581557273865,0.9593581557273865,0,0,0.9593581557273865,0.06688710302114487,0.0,0.0,0.0
fit,bike01_wild@520,0.9490486979484558,0.9490486979484558,0.9490486979484558,0,0,0.9490486979484558,0.04297706112265587,0.0,0.0,0.0
fit,bike01_wild@638,0.9547587037086487,0.9547587037086487,0.9547587037086487,0,0,0.9547587037086487,0.06511180102825165,0.0,0.0,0.0
fit,bike01_wild@757,0.9641438722610474,0.9641438722610474,0.9641438722610474,0,0,0.9641438722610474,0.07385526597499847,0.0,0.0,0.0
fit,bike01_wild@875,0.8390862941741943,0.8390862941741943,0.8778946399688721,0,0,0.8390862941741943,0.05935787037014961,0.0,0.0,0.0
fit,bike01_wild@994,0.9618556499481201,0.9618556499481201,0.9618556499481201,0,0,0.9618556499481201,0.07730014622211456,0.0,0.0,0.0
fit,bike01_wild@1112,0.9570403695106506,0.9570403695106506,0.9570403695106506,0,0,0.9570403695106506,0.057266127318143845,0.0,0.0,0.0
fit,bike01_wild@1231,0.9367771148681641,0.9367771148681641,0.9367771148681641,0,0,0.9367771148681641,0.06743212044239044,0.0,0.0,0.0
fit,bike01_wild@1349,0.9723172783851624,0.9723172783851624,0.9723172783851624,0,0,0.9723172783851624,0.04769070819020271,0.0,0.0,0.0
fit,toiletpaper03_indoor@10,0.9321383237838745,0.9321383237838745,0.9321383237838745,0,0,0.9321383237838745,0.028176937252283096,0.0,0.0,0.0
fit,toiletpaper03_indoor@79,0.8973026275634766,0.8973026275634766,0.8973026275634766,0,0,0.8973026275634766,0.06550785899162292,0.0,0.0,0.0
fit,toiletpaper03_indoor@147,0.8165948390960693,0.8165948390960693,0.8165948390960693,0,0,0.8165948390960693,0.13937528431415558,0.0,0.0,0.0
fit,toiletpaper03_indoor@216,0.9653074741363525,0.9653074741363525,0.9653074741363525,0,0,0.9653074741363525,0.0684983879327774,0.0,0.0,0.0
fit,toiletpaper03_indoor@285,0.9079033732414246,0.9079033732414246,0.9079033732414246,0,0,0.9079033732414246,0.06272809207439423,0.0,0.0,0.0
fit,toiletpaper03_indoor@353,0.7577024102210999,0.7577024102210999,0.7887698411941528,0,0,0.7577024102210999,0.06751929968595505,0.0,0.0,0.0
fit,toiletpaper03_indoor@422,0.873327374458313,0.873327374458313,0.873327374458313,0,0,0.873327374458313,0.04073045402765274,0.0,0.0,0.0
fit,toiletpaper03_indoor@490,0.8841179609298706,0.8841179609298706,0.8841179609298706,0,0,0.8841179609298706,0.0440034493803978,0.0,0.0,0.0
fit,toiletpaper03_indoor@502,0.0,0.0,0.0,0,1,0.0,0.03482767194509506,0.0,0.0,0.0
fit,toiletpaper03_indoor@579,0.9463223814964294,0.9463223814964294,0.9463223814964294,0,0,0.9463223814964294,0.05194196105003357,0.0,0.0,0.0
fit,toiletpaper03_indoor@687,0.0,0.0,0.0,0,0,0.0,0.057569243013858795,0.0,0.0,0.0
fit,toiletpaper03_indoor@689,0.0,0.0,0.0,0,0,0.0,0.057588279247283936,0.0,0.0,0.0
fit,toiletpaper03_indoor@819,0.9494789838790894,0.9494789838790894,0.957551121711731,0,0,0.9494789838790894,0.05945175886154175,0.0,0.0,0.0
fit,toiletpaper03_indoor@955,0.0,0.0,0.0,0,2,0.0,0.1722424328327179,0.0,0.0,0.0
fit,toiletpaper03_indoor@957,0.0,0.0,0.04342203959822655,0,3,0.0,0.18351730704307556,0.0,0.0,0.0
fit,toiletpaper03_indoor@1010,0.0,0.0,0.0,0,3,0.0,0.19971781969070435,0.0,0.0,0.0
fit,toiletpaper03_indoor@1012,0.0,0.0,0.0,0,3,0.0,0.16346141695976257,0.0,0.0,0.0
fit,toiletpaper03_indoor@1142,0.8199328780174255,0.8199328780174255,0.8199328780174255,0,0,0.8199328780174255,0.09082039445638657,0.0,0.0,0.0
fit,toiletpaper03_indoor@1187,0.0,0.0,0.0,0,2,0.0,0.16836820542812347,0.0,0.0,0.0
fit,toiletpaper03_indoor@1189,0.0,0.0,0.0,0,2,0.0,0.199539914727211,0.0,0.0,0.0
fit,toiletpaper03_indoor@1242,0.19241905212402344,0.19241905212402344,0.5655589699745178,0,0,0.19241905212402344,0.30661338567733765,0.0,0.0,0.0
fit,toiletpaper03_indoor@1295,0.0,0.0,0.0,0,3,0.0,0.2277725636959076,0.0,0.0,0.0
fit,toiletpaper03_indoor@1297,0.0,0.0,0.3389495313167572,0,3,0.0,0.27413004636764526,0.0,0.0,0.0
fit,toiletpaper03_indoor@1384,0.7308646440505981,0.7308646440505981,0.7308646440505981,0,0,0.7308646440505981,0.2855376601219177,0.0,0.0,0.0
fit,toiletpaper03_indoor@1400,0.0,0.0,0.0,0,3,0.0,0.18171845376491547,0.0,0.0,0.0
fit,toiletpaper03_indoor@1402,0.0,0.0,0.0,0,2,0.0,0.16138014197349548,0.0,0.0,0.0
fit,toiletpaper03_indoor@1840,0.0,0.0,0.0,0,0,0.0,0.027216073125600815,0.0,0.0,0.0
fit,hand02_indoor@10,0.8260188698768616,0.8260188698768616,0.8260188698768616,0,0,0.8260188698768616,0.09088583290576935,0.0,0.0,0.0
fit,hand02_indoor@84,0.5183072090148926,0.5183072090148926,0.5183072090148926,0,1,0.47477754950523376,0.041073478758335114,0.0,0.0,0.0
fit,hand02_indoor@159,0.8684234619140625,0.8684234619140625,0.8684234619140625,0,0,0.8684234619140625,0.037836045026779175,0.0,0.0,0.0
fit,hand02_indoor@192,0.23529040813446045,0.22226640582084656,0.23529040813446045,2,2,0.22226640582084656,0.0534382238984108,4.26668643951416,4.627526760101318,0.3608405590057373
fit,hand02_indoor@195,0.31719958782196045,0.3247755467891693,0.33555999398231506,1,1,0.3247755467891693,0.10617192089557648,3.732598066329956,4.0600175857543945,0.327419638633728
fit,hand02_indoor@237,0.792460024356842,0.6966186761856079,0.8372868895530701,1,1,0.6966186761856079,0.26970335841178894,3.090557813644409,3.185746908187866,0.0951891541481018
fit,hand02_indoor@312,0.875569760799408,0.875569760799408,0.875569760799408,0,1,0.757194995880127,0.15849974751472473,0.0,0.0,0.0
fit,hand02_indoor@386,0.9165689945220947,0.9165689945220947,0.9165689945220947,0,0,0.9165689945220947,0.039252765476703644,0.0,0.0,0.0
fit,hand02_indoor@461,0.9326554536819458,0.9326554536819458,0.9326554536819458,0,0,0.9326554536819458,0.12389390170574188,0.0,0.0,0.0
fit,hand02_indoor@483,0.0,0.0,0.8878004550933838,0,0,0.0,0.32335928082466125,0.0,0.0,0.0
fit,hand02_indoor@536,0.9308329820632935,0.9308329820632935,0.9308329820632935,0,0,0.9308329820632935,0.12018758058547974,0.0,0.0,0.0
fit,hand02_indoor@603,0.1442016363143921,0.40434330701828003,0.45470190048217773,1,3,0.45470190048217773,0.07601298391819,0.6894723773002625,1.4775164127349854,0.7880439758300781
fit,hand02_indoor@647,0.9377708435058594,0.9377708435058594,0.9377708435058594,0,0,0.9377708435058594,0.08758225291967392,0.0,0.0,0.0
fit,hand02_indoor@721,0.886542022228241,0.8765532374382019,0.886542022228241,2,2,0.8765532374382019,0.27713465690612793,3.5214109420776367,3.637298107147217,0.1158873438835144
fit,hand02_indoor@796,0.8946542143821716,0.8946542143821716,0.8946542143821716,0,0,0.8946542143821716,0.11036030203104019,0.0,0.0,0.0
fit,hand02_indoor@852,0.06457459926605225,0.06457459926605225,0.3361966609954834,0,0,0.06457459926605225,0.07780545204877853,0.0,0.0,0.0
fit,hand02_indoor@896,0.9171420335769653,0.9171420335769653,0.9171420335769653,0,1,0.882925808429718,0.19479718804359436,0.0,0.0,0.0
fit,shoes03_indoor@10,0.9086316227912903,0.9086316227912903,0.9086316227912903,0,0,0.9086316227912903,0.05366251617670059,0.0,0.0,0.0
fit,shoes03_indoor@141,0.9064133167266846,0.9064133167266846,0.9064133167266846,0,0,0.9064133167266846,0.07617851346731186,0.0,0.0,0.0
fit,shoes03_indoor@272,0.8723040223121643,0.8723040223121643,0.8723040223121643,0,0,0.8723040223121643,0.06101962924003601,0.0,0.0,0.0
fit,shoes03_indoor@403,0.8815531730651855,0.8815531730651855,0.8815531730651855,0,0,0.8815531730651855,0.08705899864435196,0.0,0.0,0.0
fit,shoes03_indoor@505,0.4627612233161926,0.4627612233161926,0.5139474272727966,0,0,0.4627612233161926,0.29960814118385315,0.0,0.0,0.0
fit,shoes03_indoor@541,0.8801955580711365,0.8801955580711365,0.8801955580711365,0,0,0.8801955580711365,0.11268174648284912,0.0,0.0,0.0
fit,shoes03_indoor@672,0.916128396987915,0.916128396987915,0.916128396987915,0,0,0.916128396987915,0.0898871123790741,0.0,0.0,0.0
fit,shoes03_indoor@684,0.07962778955698013,0.1509999781847,0.1509999781847,2,2,0.1509999781847,0.07113926112651825,2.7420082092285156,3.003061056137085,0.26105284690856934
fit,shoes03_indoor@807,0.9269605278968811,0.9269605278968811,0.9269605278968811,0,0,0.9269605278968811,0.06162429600954056,0.0,0.0,0.0
fit,shoes03_indoor@938,0.8779895901679993,0.8779895901679993,0.8779895901679993,0,0,0.8779895901679993,0.1288701891899109,0.0,0.0,0.0
fit,shoes03_indoor@1069,0.9336057305335999,0.9336057305335999,0.9514437317848206,0,0,0.9336057305335999,0.0627167597413063,0.0,0.0,0.0
fit,shoes03_indoor@1200,0.8820713758468628,0.8820713758468628,0.8820713758468628,0,3,0.7412155270576477,0.2751411497592926,0.0,0.0,0.0
fit,shoes03_indoor@1246,0.1157393530011177,0.1157393530011177,0.2665690779685974,0,1,0.19463902711868286,0.0564395971596241,0.0,0.0,0.0
fit,shoes03_indoor@1324,0.2747407555580139,0.7091994285583496,0.7091994285583496,1,1,0.7091994285583496,0.0768505185842514,0.28775709867477417,1.511918067932129,1.2241610288619995
fit,shoes03_indoor@1328,0.32544082403182983,0.32544082403182983,0.5497431755065918,0,0,0.32544082403182983,0.10687170177698135,0.0,0.0,0.0
fit,shoes03_indoor@1342,0.9786333441734314,0.9786333441734314,0.9786333441734314,0,0,0.9786333441734314,0.21306109428405762,0.0,0.0,0.0
fit,shoes03_indoor@1473,0.8616488575935364,0.8616488575935364,0.8616488575935364,0,0,0.8616488575935364,0.10068462789058685,0.0,0.0,0.0
fit,duck02_wild@10,0.8951777815818787,0.8951777815818787,0.8951777815818787,0,0,0.8951777815818787,0.06725768744945526,0.0,0.0,0.0
fit,duck02_wild@35,0.9451572299003601,0.9451572299003601,0.9451572299003601,0,0,0.9451572299003601,0.0700310543179512,0.0,0.0,0.0
fit,duck02_wild@59,0.9300629496574402,0.9300629496574402,0.9300629496574402,0,0,0.9300629496574402,0.05105917528271675,0.0,0.0,0.0
fit,duck02_wild@84,0.8721011281013489,0.8721011281013489,0.8721011281013489,0,0,0.8721011281013489,0.021768316626548767,0.0,0.0,0.0
fit,duck02_wild@108,0.9281561970710754,0.9281561970710754,0.9281561970710754,0,0,0.9281561970710754,0.038531363010406494,0.0,0.0,0.0
fit,duck02_wild@133,0.9488505125045776,0.9488505125045776,0.9488505125045776,0,0,0.9488505125045776,0.02941083535552025,0.0,0.0,0.0
fit,duck02_wild@157,0.9248532652854919,0.9248532652854919,0.9248532652854919,0,0,0.9248532652854919,0.04444540664553642,0.0,0.0,0.0
fit,duck02_wild@182,0.9603216052055359,0.9603216052055359,0.9603216052055359,0,0,0.9603216052055359,0.06486581265926361,0.0,0.0,0.0
fit,duck02_wild@206,0.9530975222587585,0.9530975222587585,0.9530975222587585,0,0,0.9530975222587585,0.047462768852710724,0.0,0.0,0.0
fit,duck02_wild@231,0.9427680969238281,0.9427680969238281,0.9427680969238281,0,0,0.9427680969238281,0.025916581973433495,0.0,0.0,0.0
fit,duck02_wild@255,0.9660765528678894,0.9660765528678894,0.9660765528678894,0,0,0.9660765528678894,0.05218078941106796,0.0,0.0,0.0
fit,duck02_wild@280,0.9571632146835327,0.9571632146835327,0.9571632146835327,0,0,0.9571632146835327,0.050126802176237106,0.0,0.0,0.0
fit,mobilephone04_indoor@10,0.8784166574478149,0.8784166574478149,0.8784166574478149,0,0,0.8784166574478149,0.12467198073863983,0.0,0.0,0.0
fit,mobilephone04_indoor@178,0.8912103772163391,0.8912103772163391,0.8912103772163391,0,0,0.8912103772163391,0.07410075515508652,0.0,0.0,0.0
fit,mobilephone04_indoor@239,0.20201484858989716,0.20201484858989716,0.7285127639770508,0,0,0.20201484858989716,0.2148338258266449,0.0,0.0,0.0
fit,mobilephone04_indoor@346,0.8837136626243591,0.8837136626243591,0.8837136626243591,0,0,0.8837136626243591,0.042935971170663834,0.0,0.0,0.0
fit,mobilephone04_indoor@515,0.8849067091941833,0.8849067091941833,0.8849067091941833,0,0,0.8849067091941833,0.11399145424365997,0.0,0.0,0.0
fit,mobilephone04_indoor@683,0.906387209892273,0.906387209892273,0.906387209892273,0,0,0.906387209892273,0.12242311239242554,0.0,0.0,0.0
fit,mobilephone04_indoor@857,0.9072842001914978,0.9072842001914978,0.9072842001914978,0,0,0.9072842001914978,0.08467835932970047,0.0,0.0,0.0
fit,mobilephone04_indoor@1145,0.37314602732658386,0.6181175112724304,0.6181175112724304,1,1,0.6181175112724304,0.20841173827648163,0.1709585189819336,0.24161934852600098,0.07066082954406738
fit,mobilephone04_indoor@1168,0.7267525792121887,0.7267525792121887,0.7267525792121887,0,1,0.6620140075683594,0.19078242778778076,0.0,0.0,0.0
fit,mobilephone04_indoor@1296,0.17964966595172882,0.17964966595172882,0.24060644209384918,0,0,0.17964966595172882,0.23283211886882782,0.0,0.0,0.0
fit,mobilephone04_indoor@1414,0.5072550773620605,0.5072550773620605,0.5576984882354736,0,0,0.5072550773620605,0.19812622666358948,0.0,0.0,0.0
fit,mobilephone04_indoor@1421,0.0384262315928936,0.0384262315928936,0.3534500300884247,0,0,0.0384262315928936,0.3525581657886505,0.0,0.0,0.0
fit,mobilephone04_indoor@1519,0.4991651475429535,0.4991651475429535,0.5069088935852051,0,0,0.4991651475429535,0.04810364171862602,0.0,0.0,0.0
fit,mobilephone04_indoor@1615,0.8431030511856079,0.8431030511856079,0.8976699113845825,0,0,0.8431030511856079,0.09432890266180038,0.0,0.0,0.0
fit,mobilephone04_indoor@1783,0.9349592924118042,0.9349592924118042,0.9349592924118042,0,0,0.9349592924118042,0.08920174837112427,0.0,0.0,0.0
fit,mobilephone04_indoor@1950,0.8654485940933228,0.8654485940933228,0.8654485940933228,0,0,0.8654485940933228,0.052025072276592255,0.0,0.0,0.0
fit,mobilephone04_indoor@2046,0.07183524966239929,0.07183524966239929,0.6270915269851685,0,0,0.07183524966239929,0.2214072197675705,0.0,0.0,0.0
fit,mobilephone04_indoor@2119,0.9170836210250854,0.9170836210250854,0.9170836210250854,0,0,0.9170836210250854,0.14141616225242615,0.0,0.0,0.0
fit,cup07_indoor@10,0.9559111595153809,0.9559111595153809,0.9559111595153809,0,0,0.9559111595153809,0.17891746759414673,0.0,0.0,0.0
fit,cup07_indoor@269,0.9146162867546082,0.9146162867546082,0.9146162867546082,0,0,0.9146162867546082,0.10893212258815765,0.0,0.0,0.0
fit,cup07_indoor@374,0.45456385612487793,0.45456385612487793,0.5578989386558533,0,3,0.5235905647277832,0.06453408300876617,0.0,0.0,0.0
fit,cup07_indoor@434,0.8108076453208923,0.8108076453208923,0.8421709537506104,0,0,0.8108076453208923,0.09839455783367157,0.0,0.0,0.0
fit,cup07_indoor@547,0.0,0.0,0.28749698400497437,0,0,0.0,0.2704518437385559,0.0,0.0,0.0
fit,cup07_indoor@603,0.9409229755401611,0.9409229755401611,0.9409229755401611,0,0,0.9409229755401611,0.05729479715228081,0.0,0.0,0.0
fit,cup07_indoor@766,0.935426652431488,0.935426652431488,0.935426652431488,0,0,0.935426652431488,0.03883005678653717,0.0,0.0,0.0
fit,cup07_indoor@927,0.8229857087135315,0.8229857087135315,0.8418805003166199,0,3,0.8418805003166199,0.07085990160703659,0.0,0.0,0.0
fit,cup07_indoor@953,0.10820702463388443,0.1511872559785843,0.1511872559785843,1,1,0.1511872559785843,0.07177941501140594,0.9472891092300415,1.6269431114196777,0.6796540021896362
fit,cup07_indoor@1136,0.8465108275413513,0.8465108275413513,0.8465108275413513,0,0,0.8465108275413513,0.08998950570821762,0.0,0.0,0.0
fit,cup07_indoor@1297,0.8969473838806152,0.8969473838806152,0.8969473838806152,0,0,0.8969473838806152,0.051228635013103485,0.0,0.0,0.0
fit,cup07_indoor@1460,0.889690101146698,0.889690101146698,0.889690101146698,0,0,0.889690101146698,0.13457928597927094,0.0,0.0,0.0
fit,cup07_indoor@1554,0.3429436683654785,0.3429436683654785,0.3626702129840851,0,0,0.3429436683654785,0.1042654886841774,0.0,0.0,0.0
fit,cup07_indoor@1636,0.9018358588218689,0.9018358588218689,0.9018358588218689,0,0,0.9018358588218689,0.1548493653535843,0.0,0.0,0.0
fit,cup07_indoor@1792,0.0,0.0,0.8786945939064026,0,2,0.0,0.3362327516078949,0.0,0.0,0.0
fit,cup07_indoor@1794,0.0,0.0,0.8169773817062378,0,6,0.0,0.336412250995636,0.0,0.0,0.0
fit,cup07_indoor@1796,0.0,0.0,0.8537968397140503,0,2,0.13092727959156036,0.19669762253761292,0.0,0.0,0.0
fit,cup07_indoor@1823,0.9426674246788025,0.9426674246788025,0.9426674246788025,0,0,0.9426674246788025,0.17929038405418396,0.0,0.0,0.0
fit,cup07_indoor@1846,0.8603783845901489,0.8603783845901489,0.9334039092063904,0,0,0.8603783845901489,0.22498703002929688,0.0,0.0,0.0
fit,cup07_indoor@1848,0.06194491311907768,0.06194491311907768,0.7438561916351318,0,0,0.06194491311907768,0.271396279335022,0.0,0.0,0.0
fit,cup07_indoor@1850,0.0,0.0,0.7605859041213989,0,0,0.0,0.26899734139442444,0.0,0.0,0.0
fit,cup07_indoor@1894,0.0,0.0,0.5811567306518555,0,0,0.0,0.2687588632106781,0.0,0.0,0.0
fit,cup07_indoor@1944,0.42534446716308594,0.42534446716308594,0.5672498941421509,0,2,0.5672498941421509,0.04100603610277176,0.0,0.0,0.0
fit,cup07_indoor@2038,0.8226243257522583,0.8226243257522583,0.8226243257522583,0,0,0.8226243257522583,0.17762666940689087,0.0,0.0,0.0
fit,ball02_indoor@10,0.7923108339309692,0.7923108339309692,0.7923108339309692,0,0,0.7923108339309692,0.09164673089981079,0.0,0.0,0.0
fit,ball02_indoor@102,0.9281386137008667,0.9281386137008667,0.9281386137008667,0,0,0.9281386137008667,0.05056039243936539,0.0,0.0,0.0
fit,ball02_indoor@148,0.0,0.46941012144088745,0.5052918195724487,1,1,0.46941012144088745,0.1466091126203537,0.19304192066192627,0.7826501131057739,0.5896081924438477
fit,ball02_indoor@195,0.0,0.0,0.0,0,0,0.0,0.037463001906871796,0.0,0.0,0.0
fit,ball02_indoor@197,0.0,0.0,0.0,0,0,0.0,0.034702520817518234,0.0,0.0,0.0
fit,ball02_indoor@336,0.49541932344436646,0.49541932344436646,0.6172961592674255,0,0,0.49541932344436646,0.345551073551178,0.0,0.0,0.0
fit,ball02_indoor@393,0.9207005500793457,0.9207005500793457,0.9207005500793457,0,0,0.9207005500793457,0.037758637219667435,0.0,0.0,0.0
fit,ball02_indoor@421,0.0,0.0,0.0,0,0,0.0,0.07866369187831879,0.0,0.0,0.0
fit,ball02_indoor@423,0.0,0.0,0.0,0,0,0.0,0.08357357978820801,0.0,0.0,0.0
fit,ball02_indoor@505,0.0,0.0,0.0,0,0,0.0,0.05658566951751709,0.0,0.0,0.0
fit,ball02_indoor@507,0.0,0.0,0.0,0,0,0.0,0.060872018337249756,0.0,0.0,0.0
fit,ball02_indoor@530,0.0,0.0,0.0,0,0,0.0,0.06030670553445816,0.0,0.0,0.0
fit,ball02_indoor@532,0.0,0.0,0.0,0,0,0.0,0.06088406592607498,0.0,0.0,0.0
fit,ball02_indoor@788,0.0,0.0,0.0,0,0,0.0,0.050420474261045456,0.0,0.0,0.0
fit,ball02_indoor@790,0.0,0.0,0.0,0,0,0.0,0.03923572599887848,0.0,0.0,0.0
fit,ball02_indoor@863,0.9367885589599609,0.9367885589599609,0.9367885589599609,0,0,0.9367885589599609,0.1032184585928917,0.0,0.0,0.0
fit,ball02_indoor@960,0.8965447545051575,0.8965447545051575,0.8965447545051575,0,0,0.8965447545051575,0.043794699013233185,0.0,0.0,0.0
fit,ball02_indoor@1053,0.7638561725616455,0.7638561725616455,0.8067066073417664,0,0,0.7638561725616455,0.05304885655641556,0.0,0.0,0.0
fit,ball02_indoor@1134,0.454121470451355,0.454121470451355,0.4841373562812805,0,1,0.4841373562812805,0.2237684726715088,0.0,0.0,0.0
fit,ball02_indoor@1144,0.293708473443985,0.293708473443985,0.293708473443985,0,0,0.293708473443985,0.103133425116539,0.0,0.0,0.0
fit,ball02_indoor@1308,0.0,0.0,0.0,0,0,0.0,0.04135357588529587,0.0,0.0,0.0
fit,ball02_indoor@1310,0.0,0.0,0.0,0,0,0.0,0.03951624780893326,0.0,0.0,0.0
fit,ball02_indoor@1325,0.1158534362912178,0.5198351740837097,0.5198351740837097,1,1,0.5198351740837097,0.04448501020669937,0.2716071605682373,1.981752634048462,1.7101454734802246
fit,ball02_indoor@1326,0.8666343688964844,0.8666343688964844,0.8666343688964844,0,0,0.8666343688964844,0.05871545150876045,0.0,0.0,0.0
fit,ball02_indoor@1351,0.0,0.0,0.0,0,0,0.0,0.03628800809383392,0.0,0.0,0.0
fit,ball02_indoor@1430,0.892970085144043,0.892970085144043,0.892970085144043,0,0,0.892970085144043,0.07891065627336502,0.0,0.0,0.0
fit,ball02_indoor@1522,0.9521611928939819,0.9521611928939819,0.9521611928939819,0,0,0.9521611928939819,0.0527837872505188,0.0,0.0,0.0
fit,ball02_indoor@1614,0.9348086714744568,0.9348086714744568,0.9348086714744568,0,0,0.9348086714744568,0.04475482553243637,0.0,0.0,0.0
fit,ball02_indoor@1732,0.9236012697219849,0.9236012697219849,0.9236012697219849,0,0,0.9236012697219849,0.04623528569936752,0.0,0.0,0.0
fit,ball02_indoor@1824,0.6974533796310425,0.6582568883895874,0.6974533796310425,5,5,0.6582568883895874,0.15488505363464355,4.058229923248291,4.121423721313477,0.06319406628608704
fit,bike03_wild@10,0.9342716336250305,0.9342716336250305,0.9342716336250305,0,0,0.9342716336250305,0.055931877344846725,0.0,0.0,0.0
fit,bike03_wild@64,0.9523013830184937,0.9523013830184937,0.9523013830184937,0,0,0.9523013830184937,0.0588781014084816,0.0,0.0,0.0
fit,bike03_wild@119,0.9417150616645813,0.9417150616645813,0.9417150616645813,0,0,0.9417150616645813,0.0902106761932373,0.0,0.0,0.0
fit,bike03_wild@173,0.9450728893280029,0.9450728893280029,0.9450728893280029,0,0,0.9450728893280029,0.10241912305355072,0.0,0.0,0.0
fit,bike03_wild@227,0.8743585348129272,0.8743585348129272,0.8752858638763428,0,0,0.8743585348129272,0.05675370246171951,0.0,0.0,0.0
fit,bike03_wild@281,0.9422673583030701,0.9422673583030701,0.9422673583030701,0,0,0.9422673583030701,0.06370528787374496,0.0,0.0,0.0
fit,bike03_wild@317,0.0,0.0,0.0,0,5,0.0,0.1544865518808365,0.0,0.0,0.0
fit,bike03_wild@322,0.0,0.662874162197113,0.662874162197113,1,1,0.662874162197113,0.11129075288772583,0.2611466646194458,2.7518138885498047,2.4906673431396484
fit,bike03_wild@347,0.830016553401947,0.830016553401947,0.8316189050674438,0,0,0.830016553401947,0.08662478625774384,0.0,0.0,0.0
fit,bike03_wild@401,0.927450954914093,0.927450954914093,0.927450954914093,0,0,0.927450954914093,0.09340362995862961,0.0,0.0,0.0
fit,bike03_wild@451,0.21558938920497894,0.21558938920497894,0.4313448965549469,0,0,0.21558938920497894,0.1202678456902504,0.0,0.0,0.0
fit,bike03_wild@452,0.17411476373672485,0.33777958154678345,0.44542381167411804,1,1,0.33777958154678345,0.13028264045715332,0.6930117011070251,0.9284493327140808,0.23543763160705566
fit,bike03_wild@460,0.9324800372123718,0.9324800372123718,0.9324800372123718,0,0,0.9324800372123718,0.08125830441713333,0.0,0.0,0.0
fit,bike03_wild@514,0.9327530264854431,0.9327530264854431,0.9327530264854431,0,0,0.9327530264854431,0.06931528449058533,0.0,0.0,0.0
fit,bike03_wild@569,0.9643667340278625,0.9643667340278625,0.9643667340278625,0,0,0.9643667340278625,0.14767715334892273,0.0,0.0,0.0
fit,bike03_wild@623,0.9290592074394226,0.9290592074394226,0.9290592074394226,0,0,0.9290592074394226,0.06803775578737259,0.0,0.0,0.0
fit,flower01_indoor@10,0.9032567739486694,0.9032567739486694,0.9032567739486694,0,0,0.9032567739486694,0.038356319069862366,0.0,0.0,0.0
fit,flower01_indoor@50,0.953248918056488,0.953248918056488,0.953248918056488,0,0,0.953248918056488,0.22919265925884247,0.0,0.0,0.0
fit,flower01_indoor@91,0.9100884199142456,0.9100884199142456,0.912382960319519,0,0,0.9100884199142456,0.13174019753932953,0.0,0.0,0.0
fit,flower01_indoor@131,0.7037865519523621,0.7037865519523621,0.8099127411842346,0,1,0.7181585431098938,0.33599430322647095,0.0,0.0,0.0
fit,flower01_indoor@171,0.0,0.0,0.0,0,1,0.0,0.08528150618076324,0.0,0.0,0.0
fit,flower01_indoor@173,0.0,0.0,0.0,1,1,0.0,0.14789226651191711,2.366668939590454,2.39711332321167,0.03044450283050537
fit,flower01_indoor@255,0.0,0.0,0.0,2,2,0.0,0.23141932487487793,4.504992485046387,4.669567584991455,0.1645749807357788
fit,flower01_indoor@257,0.0,0.0,0.0,2,2,0.0,0.2171260565519333,4.23875617980957,4.586994647979736,0.34823834896087646
fit,flower01_indoor@327,0.0,0.0,0.0,1,1,0.0,0.30501702427864075,2.590816020965576,2.7799272537231445,0.1891111433506012
fit,flower01_indoor@329,0.0,0.0,0.0,2,2,0.0,0.24532382190227509,3.7578506469726562,4.066399097442627,0.3085485100746155
fit,flower01_indoor@485,0.0,0.0,0.0,2,2,0.0,0.21156525611877441,4.5521345138549805,5.057062149047852,0.5049276351928711
fit,flower01_indoor@487,0.0,0.0,0.0,1,1,0.0,0.2021639049053192,4.326464653015137,4.764848709106445,0.43838417530059814
fit,flower01_indoor@508,0.0,0.0,0.0,2,2,0.0,0.2183283120393753,4.207257270812988,4.45119571685791,0.24393832683563232
fit,flower01_indoor@510,0.0,0.0,0.0,0,2,0.0,0.22428123652935028,0.0,0.0,0.0
fit,flower01_indoor@566,0.0,0.0,0.0,3,3,0.0,0.18036985397338867,4.6462082862854,4.83143424987793,0.1852262020111084
fit,flower01_indoor@568,0.0,0.0,0.0,3,3,0.0,0.2264612466096878,4.149724006652832,4.4066033363342285,0.25687921047210693
fit,flower01_indoor@624,0.59432452917099,0.59432452917099,0.59432452917099,0,0,0.59432452917099,0.040017399936914444,0.0,0.0,0.0
fit,flower01_indoor@626,0.42198196053504944,0.48153382539749146,0.48153382539749146,1,1,0.48153382539749146,0.07092219591140747,1.063427209854126,1.1130857467651367,0.04965865612030029
fit,flower01_indoor@628,0.17752650380134583,0.28026050329208374,0.28026050329208374,1,1,0.28026050329208374,0.03726915270090103,0.4084089994430542,0.7353817224502563,0.32697272300720215
fit,flower01_indoor@644,0.4914889633655548,0.5446783304214478,0.5446783304214478,1,1,0.5446783304214478,0.04734589904546738,3.781653642654419,3.804227828979492,0.022574245929718018
fit,flower01_indoor@669,0.9370294213294983,0.9370294213294983,0.9370294213294983,0,0,0.9370294213294983,0.0604986846446991,0.0,0.0,0.0
fit,flower01_indoor@735,0.0,0.8421316742897034,0.8421316742897034,1,1,0.8421316742897034,0.15592297911643982,0.2825446128845215,3.4974308013916016,3.21488618850708
fit,flower01_indoor@745,0.9074562191963196,0.9074562191963196,0.9074562191963196,0,0,0.9074562191963196,0.14663216471672058,0.0,0.0,0.0
fit,flower01_indoor@774,0.4694381654262543,0.4694381654262543,0.4694381654262543,0,1,0.3569968342781067,0.038722917437553406,0.0,0.0,0.0
fit,flower01_indoor@834,0.8261396288871765,0.8261396288871765,0.8261396288871765,0,0,0.8261396288871765,0.18459242582321167,0.0,0.0,0.0
fit,flower01_indoor@874,0.881171464920044,0.881171464920044,0.881171464920044,0,0,0.881171464920044,0.041191548109054565,0.0,0.0,0.0
fit,flower01_indoor@914,0.9134923815727234,0.9134923815727234,0.9134923815727234,0,0,0.9134923815727234,0.04161921143531799,0.0,0.0,0.0
fit,flower01_indoor@955,0.9091165661811829,0.9091165661811829,0.9091165661811829,0,0,0.9091165661811829,0.04984951391816139,0.0,0.0,0.0
fit,flower01_indoor@995,0.9205297827720642,0.9205297827720642,0.9205297827720642,0,0,0.9205297827720642,0.09870606660842896,0.0,0.0,0.0
fit,clothes_indoor@10,0.9564125537872314,0.9564125537872314,0.9564125537872314,0,0,0.9564125537872314,0.044959571212530136,0.0,0.0,0.0
fit,clothes_indoor@76,0.9586892127990723,0.9586892127990723,0.9586892127990723,0,0,0.9586892127990723,0.04513062164187431,0.0,0.0,0.0
fit,clothes_indoor@98,0.26057472825050354,0.26057472825050354,0.26057472825050354,0,2,0.10153208673000336,0.16382268071174622,0.0,0.0,0.0
fit,clothes_indoor@149,0.8522462844848633,0.8522462844848633,0.8522462844848633,0,1,0.7498174905776978,0.08092524111270905,0.0,0.0,0.0
fit,clothes_indoor@173,0.17906790971755981,0.17906790971755981,0.3129887878894806,0,0,0.17906790971755981,0.07965369522571564,0.0,0.0,0.0
fit,clothes_indoor@219,0.9478327035903931,0.9478327035903931,0.9478327035903931,0,0,0.9478327035903931,0.07848472893238068,0.0,0.0,0.0
fit,clothes_indoor@285,0.8002955317497253,0.8002955317497253,0.8002955317497253,0,0,0.8002955317497253,0.06174737960100174,0.0,0.0,0.0
fit,clothes_indoor@351,0.9047776460647583,0.9047776460647583,0.9047776460647583,0,0,0.9047776460647583,0.027866188436746597,0.0,0.0,0.0
fit,clothes_indoor@417,0.9198998212814331,0.9198998212814331,0.9198998212814331,0,0,0.9198998212814331,0.037574660032987595,0.0,0.0,0.0
fit,clothes_indoor@483,0.8922516107559204,0.8922516107559204,0.8922516107559204,0,0,0.8922516107559204,0.04855614900588989,0.0,0.0,0.0
fit,clothes_indoor@549,0.8402318358421326,0.8402318358421326,0.8402318358421326,0,0,0.8402318358421326,0.04393799602985382,0.0,0.0,0.0
fit,clothes_indoor@615,0.9119235277175903,0.9119235277175903,0.9119235277175903,0,0,0.9119235277175903,0.06586714833974838,0.0,0.0,0.0
fit,clothes_indoor@643,0.08526314049959183,0.0,0.22251920402050018,2,2,0.0,0.14141395688056946,0.825537919998169,1.1738817691802979,0.3483438491821289
fit,clothes_indoor@683,0.7713574767112732,0.6136182546615601,0.7713574767112732,1,1,0.6136182546615601,0.1613551825284958,1.7027841806411743,1.9198830127716064,0.21709880232810974
fit,clothes_indoor@713,0.38130471110343933,0.38130471110343933,0.38130471110343933,0,2,0.3272148370742798,0.06740163266658783,0.0,0.0,0.0
fit,clothes_indoor@737,0.03959857299923897,0.03959857299923897,0.12898728251457214,0,3,0.043323636054992676,0.05473659187555313,0.0,0.0,0.0
fit,clothes_indoor@739,0.2360408902168274,0.47228318452835083,0.5116524696350098,1,4,0.5116524696350098,0.09355297684669495,0.544276237487793,1.3944023847579956,0.8501260876655579
fit,clothes_indoor@781,0.9350070953369141,0.9350070953369141,0.9350070953369141,0,0,0.9350070953369141,0.06659655272960663,0.0,0.0,0.0
fit,hat04_indoor@10,0.9240464568138123,0.9240464568138123,0.9240464568138123,0,0,0.9240464568138123,0.05020720884203911,0.0,0.0,0.0
fit,hat04_indoor@261,0.946165919303894,0.946165919303894,0.946165919303894,0,0,0.946165919303894,0.06060867756605148,0.0,0.0,0.0
fit,hat04_indoor@511,0.972511351108551,0.972511351108551,0.972511351108551,0,0,0.972511351108551,0.03170467168092728,0.0,0.0,0.0
fit,hat04_indoor@762,0.9304327368736267,0.9304327368736267,0.9304327368736267,0,0,0.9304327368736267,0.03585631772875786,0.0,0.0,0.0
fit,hat04_indoor@1013,0.9856137037277222,0.9856137037277222,0.9856137037277222,0,0,0.9856137037277222,0.04633064195513725,0.0,0.0,0.0
fit,hat04_indoor@1263,0.9346882104873657,0.9346882104873657,0.9346882104873657,0,0,0.9346882104873657,0.05741111561655998,0.0,0.0,0.0
fit,hat04_indoor@1514,0.9286850690841675,0.9286850690841675,0.9286850690841675,0,0,0.9286850690841675,0.037244077771902084,0.0,0.0,0.0
fit,hat04_indoor@1764,0.9625070691108704,0.9625070691108704,0.9625070691108704,0,0,0.9625070691108704,0.040812067687511444,0.0,0.0,0.0
fit,hat04_indoor@2015,0.9517414569854736,0.9517414569854736,0.9517414569854736,0,0,0.9517414569854736,0.03922503441572189,0.0,0.0,0.0
fit,hat04_indoor@2266,0.9419571757316589,0.9419571757316589,0.9419571757316589,0,0,0.9419571757316589,0.04924126714468002,0.0,0.0,0.0
fit,hat04_indoor@2516,0.9049966931343079,0.9049966931343079,0.9049966931343079,0,0,0.9049966931343079,0.07089869678020477,0.0,0.0,0.0
fit,hat04_indoor@2767,0.9428691864013672,0.9428691864013672,0.9428691864013672,0,0,0.9428691864013672,0.05623086169362068,0.0,0.0,0.0
fit,cup03_indoor@10,0.9221720099449158,0.9221720099449158,0.9221720099449158,0,0,0.9221720099449158,0.044444672763347626,0.0,0.0,0.0
fit,cup03_indoor@95,0.8542106747627258,0.8542106747627258,0.8542106747627258,0,0,0.8542106747627258,0.04391999542713165,0.0,0.0,0.0
fit,cup03_indoor@179,0.9345780611038208,0.9345780611038208,0.9345780611038208,0,0,0.9345780611038208,0.07772041112184525,0.0,0.0,0.0
fit,cup03_indoor@264,0.8924252986907959,0.8924252986907959,0.8924252986907959,0,0,0.8924252986907959,0.06829266250133514,0.0,0.0,0.0
fit,cup03_indoor@349,0.9292598962783813,0.9292598962783813,0.9292598962783813,0,0,0.9292598962783813,0.08586303889751434,0.0,0.0,0.0
fit,cup03_indoor@434,0.9268720746040344,0.9268720746040344,0.9268720746040344,0,0,0.9268720746040344,0.04355592653155327,0.0,0.0,0.0
fit,cup03_indoor@518,0.8976733684539795,0.8976733684539795,0.8976733684539795,0,0,0.8976733684539795,0.09629122912883759,0.0,0.0,0.0
fit,cup03_indoor@603,0.9600359797477722,0.9600359797477722,0.9600359797477722,0,0,0.9600359797477722,0.052347272634506226,0.0,0.0,0.0
fit,cup03_indoor@688,0.94086092710495,0.94086092710495,0.94086092710495,0,0,0.94086092710495,0.09670649468898773,0.0,0.0,0.0
fit,cup03_indoor@773,0.93341064453125,0.93341064453125,0.93341064453125,0,0,0.93341064453125,0.0369868241250515,0.0,0.0,0.0
fit,cup03_indoor@857,0.9391671419143677,0.9391671419143677,0.9391671419143677,0,0,0.9391671419143677,0.0823003500699997,0.0,0.0,0.0
fit,cup03_indoor@942,0.5325903296470642,0.5325903296470642,0.5325903296470642,0,0,0.5325903296470642,0.04453609138727188,0.0,0.0,0.0
fit,cup03_indoor@964,0.0,0.0,0.0,2,2,0.0,0.07799946516752243,2.8035359382629395,3.5856189727783203,0.78208327293396
fit,cup03_indoor@966,0.0,0.0,0.0,6,6,0.0,0.09271888434886932,1.9929988384246826,4.529412269592285,2.5364134311676025
fit,cup03_indoor@1006,0.0,0.0,0.0,0,0,0.0,0.05194072797894478,0.0,0.0,0.0
fit,cup03_indoor@1008,0.0,0.0,0.0,0,3,0.0,0.05275953933596611,0.0,0.0,0.0
fit,cup03_indoor@1438,0.0,0.0,0.0,0,2,0.0,0.04900869354605675,0.0,0.0,0.0
fit,cup03_indoor@1440,0.0,0.0,0.0,0,1,0.0,0.04066506773233414,0.0,0.0,0.0
fit,cup03_indoor@1691,0.0,0.0,0.0,0,1,0.0,0.04829210042953491,0.0,0.0,0.0
fit,cup03_indoor@1693,0.0,0.0,0.0,0,1,0.0,0.05524567887187004,0.0,0.0,0.0
fit,cup03_indoor@1695,0.0,0.0,0.0,1,1,0.0,0.052816905081272125,0.24809622764587402,0.34586668014526367,0.09777045249938965
fit,cup03_indoor@2023,0.0,0.0,0.0,1,1,0.0,0.058172859251499176,0.23060178756713867,0.24617958068847656,0.01557779312133789
fit,cup03_indoor@2025,0.0,0.0,0.0,1,1,0.0,0.061538975685834885,0.09885931015014648,0.15634584426879883,0.057486534118652344
fit,cup03_indoor@2113,0.0,0.0,0.0,1,3,0.0,0.05305078625679016,0.050861358642578125,0.0811614990234375,0.030300140380859375
fit,cup03_indoor@2115,0.0,0.0,0.0,0,1,0.0,0.05219712108373642,0.0,0.0,0.0
fit,cup03_indoor@2747,0.0,0.0,0.0,0,0,0.0,0.04832891747355461,0.0,0.0,0.0
fit,trophy_indoor@10,0.9164139628410339,0.9164139628410339,0.9164139628410339,0,0,0.9164139628410339,0.03171274811029434,0.0,0.0,0.0
fit,trophy_indoor@57,0.862576961517334,0.862576961517334,0.862576961517334,0,0,0.862576961517334,0.04679238423705101,0.0,0.0,0.0
fit,trophy_indoor@69,0.4670059084892273,0.4670059084892273,0.5739970207214355,0,1,0.5739970207214355,0.09648631513118744,0.0,0.0,0.0
fit,trophy_indoor@105,0.8311311602592468,0.8311311602592468,0.8621413111686707,0,0,0.8311311602592468,0.05726976320147514,0.0,0.0,0.0
fit,trophy_indoor@152,0.7129595875740051,0.7129595875740051,0.7189520001411438,0,0,0.7129595875740051,0.0997215211391449,0.0,0.0,0.0
fit,trophy_indoor@199,0.8114739060401917,0.8114739060401917,0.8114739060401917,0,0,0.8114739060401917,0.08714433759450912,0.0,0.0,0.0
fit,trophy_indoor@245,0.7392264008522034,0.7392264008522034,0.7392264008522034,0,0,0.7392264008522034,0.14430995285511017,0.0,0.0,0.0
fit,trophy_indoor@292,0.7682511806488037,0.7682511806488037,0.7682511806488037,0,0,0.7682511806488037,0.058836571872234344,0.0,0.0,0.0
fit,trophy_indoor@328,0.38374245166778564,0.38374245166778564,0.38374245166778564,0,0,0.38374245166778564,0.12011651694774628,0.0,0.0,0.0
fit,trophy_indoor@373,0.8528062105178833,0.8528062105178833,0.8528062105178833,0,0,0.8528062105178833,0.02544499561190605,0.0,0.0,0.0
fit,trophy_indoor@414,0.004342093598097563,0.0,0.06301616132259369,5,5,0.0,0.035644419491291046,1.7388651371002197,1.8204259872436523,0.08156085014343262
fit,trophy_indoor@434,0.6919957399368286,0.6919957399368286,0.6919957399368286,0,0,0.6919957399368286,0.11575448513031006,0.0,0.0,0.0
fit,trophy_indoor@491,0.8548465371131897,0.8548465371131897,0.8548465371131897,0,0,0.8548465371131897,0.06026429682970047,0.0,0.0,0.0
fit,trophy_indoor@533,0.12402131408452988,0.18724550306797028,0.18724550306797028,1,1,0.18724550306797028,0.019531503319740295,0.30654752254486084,0.5882977247238159,0.2817502021789551
fit,trophy_indoor@560,0.47367334365844727,0.47367334365844727,0.7571448683738708,0,0,0.47367334365844727,0.25346484780311584,0.0,0.0,0.0
fit,trophy_indoor@564,0.7666193842887878,0.7666193842887878,0.8149440884590149,0,0,0.7666193842887878,0.3146207928657532,0.0,0.0,0.0
fit,trophy_indoor@611,0.8462101817131042,0.8462101817131042,0.8462101817131042,0,0,0.8462101817131042,0.06027189642190933,0.0,0.0,0.0
fit,cup11_indoor@10,0.9339184165000916,0.9339184165000916,0.9339184165000916,0,0,0.9339184165000916,0.07298947125673294,0.0,0.0,0.0
fit,cup11_indoor@64,0.2922004163265228,0.2922004163265228,0.592276394367218,0,2,0.21964196860790253,0.13624951243400574,0.0,0.0,0.0
fit,cup11_indoor@191,0.907340407371521,0.907340407371521,0.907340407371521,0,0,0.907340407371521,0.06065760925412178,0.0,0.0,0.0
fit,cup11_indoor@357,0.8449156284332275,0.8449156284332275,0.8449156284332275,0,0,0.8449156284332275,0.13471464812755585,0.0,0.0,0.0
fit,cup11_indoor@525,0.735453724861145,0.735453724861145,0.8572396636009216,0,1,0.8572396636009216,0.2168252170085907,0.0,0.0,0.0
fit,cup11_indoor@691,0.9267289042472839,0.9267289042472839,0.9267289042472839,0,0,0.9267289042472839,0.13272187113761902,0.0,0.0,0.0
fit,cup11_indoor@765,0.2465628683567047,0.47227147221565247,0.47227147221565247,1,1,0.47227147221565247,0.13576343655586243,0.007972002029418945,0.36591124534606934,0.3579392433166504
fit,cup11_indoor@871,0.8886334300041199,0.8886334300041199,0.8886334300041199,0,0,0.8886334300041199,0.06879899650812149,0.0,0.0,0.0
fit,cup11_indoor@1046,0.9454861879348755,0.9454861879348755,0.9454861879348755,0,0,0.9454861879348755,0.126493901014328,0.0,0.0,0.0
fit,cup11_indoor@1212,0.9174835085868835,0.9174835085868835,0.9174835085868835,0,0,0.9174835085868835,0.10857343673706055,0.0,0.0,0.0
fit,cup11_indoor@1354,0.0,0.5480254888534546,0.5480254888534546,1,1,0.5480254888534546,0.09193958342075348,0.4622330665588379,2.0191049575805664,1.556871771812439
fit,cup11_indoor@1384,0.8965237736701965,0.8965237736701965,0.8965237736701965,0,3,0.7453914880752563,0.1912059634923935,0.0,0.0,0.0
fit,cup11_indoor@1571,0.794989287853241,0.794989287853241,0.794989287853241,0,0,0.794989287853241,0.10359060764312744,0.0,0.0,0.0
fit,cup11_indoor@1761,0.7170417308807373,0.7170417308807373,0.7170417308807373,0,1,0.6565337777137756,0.13623544573783875,0.0,0.0,0.0
fit,cup11_indoor@1795,0.37309131026268005,0.4379054307937622,0.4379054307937622,1,1,0.4379054307937622,0.17932848632335663,1.2002646923065186,1.2085232734680176,0.008258581161499023
fit,cup11_indoor@1844,0.0,0.0,0.2403518110513687,0,0,0.0,0.10006098449230194,0.0,0.0,0.0
fit,cup11_indoor@1852,0.3200899362564087,0.6910629868507385,0.6910629868507385,1,1,0.6910629868507385,0.11603375524282455,0.34005439281463623,1.621814250946045,1.2817598581314087
fit,cup11_indoor@1950,0.8760581612586975,0.8760581612586975,0.8760581612586975,0,0,0.8760581612586975,0.15826261043548584,0.0,0.0,0.0
fit,cup05_indoor@10,0.6948413252830505,0.6948413252830505,0.7853534817695618,0,0,0.6948413252830505,0.0901007428765297,0.0,0.0,0.0
fit,cup05_indoor@84,0.9644555449485779,0.9644555449485779,0.9644555449485779,0,0,0.9644555449485779,0.03935370594263077,0.0,0.0,0.0
fit,cup05_indoor@159,0.5856640338897705,0.5856640338897705,0.6379844546318054,0,0,0.5856640338897705,0.21507196128368378,0.0,0.0,0.0
fit,cup05_indoor@161,0.48682811856269836,0.48682811856269836,0.6806603670120239,0,0,0.48682811856269836,0.2547915577888489,0.0,0.0,0.0
fit,cup05_indoor@248,0.8339211344718933,0.8339211344718933,0.8552104234695435,0,0,0.8339211344718933,0.05919983237981796,0.0,0.0,0.0
fit,cup05_indoor@270,0.43654951453208923,0.43654951453208923,0.43654951453208923,0,0,0.43654951453208923,0.05683078616857529,0.0,0.0,0.0
fit,cup05_indoor@276,0.3643220067024231,0.3643220067024231,0.3643220067024231,0,0,0.3643220067024231,0.025812428444623947,0.0,0.0,0.0
fit,cup05_indoor@354,0.7380123138427734,0.7380123138427734,0.7626983523368835,0,0,0.7380123138427734,0.0493045374751091,0.0,0.0,0.0
fit,cup05_indoor@431,0.0,0.0,0.0,0,0,0.0,0.11160123348236084,0.0,0.0,0.0
fit,cup05_indoor@451,0.0,0.0,0.0,0,2,0.0,0.09390327334403992,0.0,0.0,0.0
fit,cup05_indoor@453,0.0,0.0,0.0,0,2,0.0,0.09963388741016388,0.0,0.0,0.0
fit,cup05_indoor@502,0.42467865347862244,0.42467865347862244,0.504919171333313,0,1,0.504919171333313,0.14884838461875916,0.0,0.0,0.0
fit,cup05_indoor@551,0.9041439294815063,0.9041439294815063,0.9041439294815063,0,0,0.9041439294815063,0.06577502191066742,0.0,0.0,0.0
fit,cup05_indoor@657,0.0,0.0,0.1659601926803589,0,2,0.0,0.17441028356552124,0.0,0.0,0.0
fit,cup05_indoor@659,0.0,0.0,0.0,0,3,0.0,0.14110152423381805,0.0,0.0,0.0
fit,cup05_indoor@661,0.0,0.0,0.0,0,2,0.0,0.1437755525112152,0.0,0.0,0.0
fit,cup05_indoor@1254,0.0,0.0,0.0,0,2,0.0,0.18310362100601196,0.0,0.0,0.0
fit,cup05_indoor@1256,0.0,0.0,0.0,0,4,0.0,0.15821857750415802,0.0,0.0,0.0
fit,cup05_indoor@1385,0.0,0.0,0.0,0,3,0.0,0.1676422655582428,0.0,0.0,0.0
fit,cup05_indoor@1387,0.0,0.0,0.0,0,3,0.0,0.13898245990276337,0.0,0.0,0.0
fit,cup05_indoor@1489,0.0,0.0,0.0,0,1,0.0,0.18767055869102478,0.0,0.0,0.0
fit,cup05_indoor@1491,0.0,0.8220058083534241,0.8220058083534241,6,6,0.8220058083534241,0.1268736571073532,3.662632465362549,4.479976654052734,0.8173441886901855
fit,cup05_indoor@1550,0.0,0.0,0.0,0,2,0.0,0.15365803241729736,0.0,0.0,0.0
fit,cup05_indoor@1552,0.0,0.0,0.0,0,0,0.0,0.16134551167488098,0.0,0.0,0.0
fit,cup05_indoor@1593,0.0,0.7373301386833191,0.7373301386833191,1,1,0.7373301386833191,0.03424285352230072,0.09070467948913574,4.449097633361816,4.358392715454102
fit,cup05_indoor@1620,0.8597065210342407,0.8597065210342407,0.8597065210342407,0,0,0.8597065210342407,0.04100426286458969,0.0,0.0,0.0
fit,cup05_indoor@1694,0.9051794409751892,0.9051794409751892,0.9051794409751892,0,0,0.9051794409751892,0.041660986840724945,0.0,0.0,0.0
fit,cup05_indoor@1768,0.9063301682472229,0.9063301682472229,0.9063301682472229,0,0,0.9063301682472229,0.045145727694034576,0.0,0.0,0.0
fit,cup05_indoor@1842,0.9258285164833069,0.9258285164833069,0.9258285164833069,0,0,0.9258285164833069,0.03728020191192627,0.0,0.0,0.0
fit,cup05_indoor@1917,0.88332200050354,0.88332200050354,0.88332200050354,0,0,0.88332200050354,0.05111726373434067,0.0,0.0,0.0
fit,cup05_indoor@1991,0.9636015295982361,0.9636015295982361,0.9636015295982361,0,0,0.9636015295982361,0.07130970805883408,0.0,0.0,0.0
fit,duck01_wild@10,0.8923579454421997,0.8923579454421997,0.9003525376319885,0,0,0.8923579454421997,0.0667600929737091,0.0,0.0,0.0
fit,duck01_wild@52,0.8954191207885742,0.8954191207885742,0.8954191207885742,0,0,0.8954191207885742,0.07627008110284805,0.0,0.0,0.0
fit,duck01_wild@95,0.9108565449714661,0.9108565449714661,0.9108565449714661,0,0,0.9108565449714661,0.08574788272380829,0.0,0.0,0.0
fit,duck01_wild@137,0.8347933888435364,0.8347933888435364,0.8347933888435364,0,0,0.8347933888435364,0.07261980324983597,0.0,0.0,0.0
fit,duck01_wild@179,0.9245826005935669,0.9245826005935669,0.9245826005935669,0,0,0.9245826005935669,0.039839278906583786,0.0,0.0,0.0
fit,duck01_wild@222,0.9189544320106506,0.9189544320106506,0.9189544320106506,0,0,0.9189544320106506,0.07655452191829681,0.0,0.0,0.0
fit,duck01_wild@264,0.9605211615562439,0.9605211615562439,0.9605211615562439,0,0,0.9605211615562439,0.061553239822387695,0.0,0.0,0.0
fit,duck01_wild@307,0.9145136475563049,0.9145136475563049,0.9145136475563049,0,0,0.9145136475563049,0.03754040226340294,0.0,0.0,0.0
fit,duck01_wild@349,0.8366203904151917,0.8366203904151917,0.8366203904151917,0,0,0.8366203904151917,0.0460427887737751,0.0,0.0,0.0
fit,duck01_wild@391,0.91022789478302,0.91022789478302,0.91022789478302,0,0,0.91022789478302,0.06241698935627937,0.0,0.0,0.0
fit,duck01_wild@434,0.8828944563865662,0.8828944563865662,0.8828944563865662,0,0,0.8828944563865662,0.055050648748874664,0.0,0.0,0.0
fit,duck01_wild@476,0.9082146286964417,0.9082146286964417,0.9082146286964417,0,0,0.9082146286964417,0.06456936150789261,0.0,0.0,0.0
fit,cube01_indoor@10,0.904161810874939,0.904161810874939,0.904161810874939,0,0,0.904161810874939,0.04399586841464043,0.0,0.0,0.0
fit,cube01_indoor@246,0.8762492537498474,0.8762492537498474,0.888096034526825,0,0,0.8762492537498474,0.12499777227640152,0.0,0.0,0.0
fit,cube01_indoor@483,0.844983696937561,0.844983696937561,0.844983696937561,0,0,0.844983696937561,0.05772529914975166,0.0,0.0,0.0
fit,cube01_indoor@669,0.0,0.0,0.1043318659067154,0,0,0.0,0.055655550211668015,0.0,0.0,0.0
fit,cube01_indoor@673,0.4806543290615082,0.4933967888355255,0.6340878009796143,2,2,0.4933967888355255,0.11077777296304703,2.917222499847412,3.0707271099090576,0.1535046100616455
fit,cube01_indoor@676,0.8820940852165222,0.8820940852165222,0.9215934872627258,0,0,0.8820940852165222,0.07810439169406891,0.0,0.0,0.0
fit,cube01_indoor@678,0.0,0.0,0.0,0,0,0.0,0.03831850364804268,0.0,0.0,0.0
fit,cube01_indoor@680,0.0,0.0,0.0,0,1,0.0,0.040499426424503326,0.0,0.0,0.0
fit,cube01_indoor@857,0.9178476929664612,0.9178476929664612,0.9178476929664612,0,2,0.8264071345329285,0.1883961707353592,0.0,0.0,0.0
fit,cube01_indoor@1091,0.41228458285331726,0.41228458285331726,0.5417690277099609,0,0,0.41228458285331726,0.19814597070217133,0.0,0.0,0.0
fit,cube01_indoor@1111,0.8766863942146301,0.8766863942146301,0.8766863942146301,0,0,0.8766863942146301,0.16058433055877686,0.0,0.0,0.0
fit,cube01_indoor@1356,0.936465859413147,0.936465859413147,0.936465859413147,0,0,0.936465859413147,0.0394689217209816,0.0,0.0,0.0
fit,cube01_indoor@1593,0.9476718902587891,0.9476718902587891,0.9476718902587891,0,0,0.9476718902587891,0.07261677831411362,0.0,0.0,0.0
fit,cube01_indoor@1816,0.0,0.0,0.0,0,0,0.0,0.09899871051311493,0.0,0.0,0.0
fit,cube01_indoor@1839,0.860045313835144,0.860045313835144,0.860045313835144,0,0,0.860045313835144,0.08917823433876038,0.0,0.0,0.0
fit,cube01_indoor@1900,0.3596141040325165,0.3596141040325165,0.5775619149208069,0,1,0.5775619149208069,0.07570362091064453,0.0,0.0,0.0
fit,cube01_indoor@1999,0.4730561673641205,0.4730561673641205,0.745718777179718,0,0,0.4730561673641205,0.09238865226507187,0.0,0.0,0.0
fit,cube01_indoor@2082,0.89532071352005,0.89532071352005,0.89532071352005,0,0,0.89532071352005,0.04778430610895157,0.0,0.0,0.0
fit,cube01_indoor@2318,0.8734306693077087,0.8630435466766357,0.8734306693077087,2,2,0.8630435466766357,0.2297789752483368,4.2016282081604,4.444797992706299,0.24316972494125366
fit,cube01_indoor@2555,0.8503531813621521,0.8503531813621521,0.8503531813621521,0,0,0.8503531813621521,0.03555254638195038,0.0,0.0,0.0
fit,cube01_indoor@2791,0.9563581943511963,0.9563581943511963,0.9563581943511963,0,0,0.9563581943511963,0.04995117336511612,0.0,0.0,0.0
fit,mushroom01_indoor@10,0.8606773614883423,0.8606773614883423,0.8606773614883423,0,0,0.8606773614883423,0.03473867103457451,0.0,0.0,0.0
fit,mushroom01_indoor@39,0.47242647409439087,0.47242647409439087,0.6117821931838989,0,0,0.47242647409439087,0.08954374492168427,0.0,0.0,0.0
fit,mushroom01_indoor@130,0.9138650298118591,0.9138650298118591,0.9138650298118591,0,0,0.9138650298118591,0.04749550670385361,0.0,0.0,0.0
fit,mushroom01_indoor@249,0.0,0.0,0.0,0,0,0.0,0.03722621873021126,0.0,0.0,0.0
fit,mushroom01_indoor@314,0.0,0.0,0.0,0,0,0.0,0.3101876378059387,0.0,0.0,0.0
fit,mushroom01_indoor@316,0.0,0.0,0.0,0,0,0.0,0.3188348412513733,0.0,0.0,0.0
fit,mushroom01_indoor@497,0.9252065420150757,0.9252065420150757,0.9252065420150757,0,0,0.9252065420150757,0.030455660074949265,0.0,0.0,0.0
fit,mushroom01_indoor@617,0.9096888899803162,0.9096888899803162,0.9096888899803162,0,0,0.9096888899803162,0.032537318766117096,0.0,0.0,0.0
fit,mushroom01_indoor@808,0.8814572095870972,0.8814572095870972,0.8814572095870972,0,0,0.8814572095870972,0.039080068469047546,0.0,0.0,0.0
fit,mushroom01_indoor@928,0.7738969922065735,0.7738969922065735,0.8117109537124634,0,0,0.7738969922065735,0.07487170398235321,0.0,0.0,0.0
fit,mushroom01_indoor@1056,0.944990336894989,0.944990336894989,0.944990336894989,0,0,0.944990336894989,0.07009141147136688,0.0,0.0,0.0
fit,mushroom01_indoor@1176,0.9068986177444458,0.9068986177444458,0.9068986177444458,0,0,0.9068986177444458,0.04371701925992966,0.0,0.0,0.0
fit,mushroom01_indoor@1253,0.0685599148273468,0.1038377583026886,0.1038377583026886,1,1,0.1038377583026886,0.09649356454610825,3.317990779876709,3.351680278778076,0.03368949890136719
fit,mushroom01_indoor@1255,0.0940130352973938,0.12602120637893677,0.12722600996494293,1,1,0.12602120637893677,0.1311158537864685,2.853849411010742,3.1508748531341553,0.2970254421234131
fit,mushroom01_indoor@1257,0.0857236310839653,0.10840097069740295,0.10840097069740295,1,1,0.10840097069740295,0.06442368030548096,3.0829451084136963,3.163992404937744,0.08104729652404785
fit,mushroom01_indoor@1265,0.1339353770017624,0.1339353770017624,0.14209648966789246,0,0,0.1339353770017624,0.037710510194301605,0.0,0.0,0.0
fit,mushroom01_indoor@1335,0.14558345079421997,0.0,0.20299649238586426,2,2,0.0,0.09605500847101212,1.6077896356582642,2.328136920928955,0.7203471660614014
fit,mushroom01_indoor@1377,0.0033159537706524134,0.0033159537706524134,0.4792080819606781,0,0,0.0033159537706524134,0.11732503026723862,0.0,0.0,0.0
fit,mushroom01_indoor@1383,0.9094722270965576,0.9094722270965576,0.9094722270965576,0,0,0.9094722270965576,0.05085121467709541,0.0,0.0,0.0
fit,mushroom01_indoor@1505,0.7835221886634827,0.7835221886634827,0.7835221886634827,0,1,0.73131263256073,0.09433262795209885,0.0,0.0,0.0
fit,mushroom01_indoor@1589,0.4730693995952606,0.4730693995952606,0.7393008470535278,0,0,0.4730693995952606,0.11180397123098373,0.0,0.0,0.0
fit,mushroom01_indoor@1626,0.9412828683853149,0.9412828683853149,0.9412828683853149,0,0,0.9412828683853149,0.07239214330911636,0.0,0.0,0.0
fit,mushroom01_indoor@1745,0.9645600914955139,0.9645600914955139,0.9645600914955139,0,0,0.9645600914955139,0.12443475425243378,0.0,0.0,0.0
fit,file02_indoor@10,0.9006728529930115,0.9006728529930115,0.9006728529930115,0,0,0.9006728529930115,0.08537247031927109,0.0,0.0,0.0
fit,file02_indoor@174,0.9870612621307373,0.9870612621307373,0.9870612621307373,0,0,0.9870612621307373,0.0420178659260273,0.0,0.0,0.0
fit,file02_indoor@337,0.9249603748321533,0.9249603748321533,0.9249603748321533,0,0,0.9249603748321533,0.08165265619754791,0.0,0.0,0.0
fit,file02_indoor@501,0.9419042468070984,0.9419042468070984,0.9419042468070984,0,0,0.9419042468070984,0.06319274008274078,0.0,0.0,0.0
fit,file02_indoor@664,0.9303778409957886,0.9303778409957886,0.9303778409957886,0,0,0.9303778409957886,0.04243225231766701,0.0,0.0,0.0
fit,file02_indoor@828,0.9667001962661743,0.9667001962661743,0.9667001962661743,0,0,0.9667001962661743,0.07548491656780243,0.0,0.0,0.0
fit,file02_indoor@890,0.49991485476493835,0.6032332181930542,0.6032332181930542,1,1,0.6032332181930542,0.11606612056493759,1.9678380489349365,2.2741222381591797,0.30628418922424316
fit,file02_indoor@918,0.0,0.0,0.8524447679519653,0,0,0.0,0.29748761653900146,0.0,0.0,0.0
fit,file02_indoor@993,0.950168788433075,0.950168788433075,0.950168788433075,0,0,0.950168788433075,0.21390235424041748,0.0,0.0,0.0
fit,file02_indoor@995,0.0,0.9210740327835083,0.9210740327835083,1,1,0.9210740327835083,0.24533076584339142,0.04707372188568115,1.3542437553405762,1.3071699142456055
fit,file02_indoor@997,0.0,0.0,0.22116000950336456,0,0,0.0,0.36928170919418335,0.0,0.0,0.0
fit,file02_indoor@1014,0.002034513745456934,0.713168203830719,0.9526131749153137,8,8,0.713168203830719,0.2167178839445114,5.770847797393799,7.523275375366211,1.752427339553833
fit,file02_indoor@1021,0.2648603022098541,0.2648603022098541,0.5452914834022522,0,0,0.2648603022098541,0.09362776577472687,0.0,0.0,0.0
fit,file02_indoor@1032,0.9609477519989014,0.9609477519989014,0.9609477519989014,0,0,0.9609477519989014,0.0817650705575943,0.0,0.0,0.0
fit,file02_indoor@1196,0.9658761024475098,0.9658761024475098,0.9658761024475098,0,0,0.9658761024475098,0.043408673256635666,0.0,0.0,0.0
fit,file02_indoor@1309,0.32607153058052063,0.25155961513519287,0.3730725347995758,7,7,0.25155961513519287,0.1336280256509781,3.4554409980773926,3.510812759399414,0.05537182092666626
fit,file02_indoor@1334,0.17155207693576813,0.17155207693576813,0.27494674921035767,0,0,0.17155207693576813,0.16078874468803406,0.0,0.0,0.0
fit,file02_indoor@1366,0.936741292476654,0.936741292476654,0.936741292476654,0,0,0.936741292476654,0.048276711255311966,0.0,0.0,0.0
fit,file02_indoor@1530,0.9647186994552612,0.9647186994552612,0.9647186994552612,0,0,0.9647186994552612,0.03865819796919823,0.0,0.0,0.0
fit,file02_indoor@1693,0.8518322110176086,0.8518322110176086,0.8518322110176086,0,0,0.8518322110176086,0.06214455887675285,0.0,0.0,0.0
fit,file02_indoor@1857,0.8924003839492798,0.8924003839492798,0.8924003839492798,0,0,0.8924003839492798,0.06032200902700424,0.0,0.0,0.0
fit,ball16_indoor@10,0.9367611408233643,0.9367611408233643,0.9367611408233643,0,0,0.9367611408233643,0.07056813687086105,0.0,0.0,0.0
fit,ball16_indoor@113,0.0,0.6835281252861023,0.6835281252861023,1,1,0.6835281252861023,0.046733416616916656,0.7305676937103271,4.540798187255859,3.8102307319641113
fit,ball16_indoor@115,0.0,0.7924363613128662,0.7924363613128662,2,2,0.7924363613128662,0.10250914096832275,2.177748203277588,4.819573879241943,2.6418254375457764
fit,ball16_indoor@240,0.0,0.0,0.0,2,2,0.0,0.2462492287158966,1.982274055480957,2.4955978393554688,0.5133237242698669
fit,ball16_indoor@242,0.0,0.0,0.0,5,5,0.0,0.19206967949867249,3.134857654571533,3.9048943519592285,0.7700366973876953
fit,ball16_indoor@396,0.9334844946861267,0.9334844946861267,0.9334844946861267,0,0,0.9334844946861267,0.05057839676737785,0.0,0.0,0.0
fit,ball16_indoor@682,0.9259272813796997,0.9259272813796997,0.9259272813796997,0,0,0.9259272813796997,0.050424449145793915,0.0,0.0,0.0
fit,ball16_indoor@708,0.4840187728404999,0.4840187728404999,0.49013185501098633,0,0,0.4840187728404999,0.10964451730251312,0.0,0.0,0.0
fit,ball16_indoor@721,0.305614173412323,0.305614173412323,0.3314592242240906,0,0,0.305614173412323,0.11843124777078629,0.0,0.0,0.0
fit,ball16_indoor@871,0.0,0.0,0.0,0,3,0.0,0.10378404706716537,0.0,0.0,0.0
fit,ball16_indoor@873,0.0,0.5141214728355408,0.5141214728355408,2,2,0.5141214728355408,0.0928260087966919,2.77819561958313,3.3558783531188965,0.5776828527450562
fit,ball16_indoor@945,0.924551248550415,0.924551248550415,0.924551248550415,0,0,0.924551248550415,0.08570554852485657,0.0,0.0,0.0
fit,ball16_indoor@1036,0.9093218445777893,0.9093218445777893,0.9093218445777893,0,0,0.9093218445777893,0.05667141079902649,0.0,0.0,0.0
fit,ball16_indoor@1128,0.8151391744613647,0.8151391744613647,0.8616806268692017,0,0,0.8151391744613647,0.2319701611995697,0.0,0.0,0.0
fit,ball16_indoor@1219,0.9323688745498657,0.9323688745498657,0.9323688745498657,0,0,0.9323688745498657,0.07625369727611542,0.0,0.0,0.0
fit,ball16_indoor@1302,0.3758784234523773,0.3758784234523773,0.5125732421875,0,2,0.5125732421875,0.228657528758049,0.0,0.0,0.0
fit,ball16_indoor@1316,0.9170253276824951,0.9170253276824951,0.9170253276824951,0,2,0.8516601324081421,0.17949756979942322,0.0,0.0,0.0
fit,ball16_indoor@1484,0.851455569267273,0.851455569267273,0.8649311661720276,0,0,0.851455569267273,0.05172816663980484,0.0,0.0,0.0
fit,ball16_indoor@1590,0.7623589634895325,0.7623589634895325,0.7623589634895325,0,0,0.7623589634895325,0.20911023020744324,0.0,0.0,0.0
fit,ball16_indoor@1592,0.0,0.0,0.7474602460861206,0,0,0.0,0.24790778756141663,0.0,0.0,0.0
fit,ball16_indoor@1594,0.0,0.0,0.0,0,2,0.0,0.20850419998168945,0.0,0.0,0.0
fit,ball16_indoor@1660,0.893406093120575,0.893406093120575,0.893406093120575,0,1,0.8891457915306091,0.22876890003681183,0.0,0.0,0.0
fit,ball16_indoor@1751,0.878332793712616,0.878332793712616,0.878332793712616,0,0,0.878332793712616,0.05614887550473213,0.0,0.0,0.0
fit,ball16_indoor@1811,0.38759979605674744,0.33022746443748474,0.3934093415737152,2,2,0.33022746443748474,0.10124923288822174,3.43233323097229,3.6055550575256348,0.17322170734405518
fit,ball16_indoor@1817,0.0,0.0,0.12694329023361206,0,9,0.0,0.06452341377735138,0.0,0.0,0.0
fit,ball16_indoor@1879,0.8648023009300232,0.8648023009300232,0.8648023009300232,0,0,0.8648023009300232,0.5224664211273193,0.0,0.0,0.0
fit,ball21_indoor@10,0.9139758348464966,0.9139758348464966,0.9139758348464966,0,0,0.9139758348464966,0.02337576076388359,0.0,0.0,0.0
fit,ball21_indoor@152,0.917137086391449,0.917137086391449,0.917137086391449,0,0,0.917137086391449,0.045615989714860916,0.0,0.0,0.0
fit,ball21_indoor@294,0.8792311549186707,0.8792311549186707,0.8792311549186707,0,0,0.8792311549186707,0.06439255177974701,0.0,0.0,0.0
fit,ball21_indoor@344,0.0,0.47744348645210266,0.47744348645210266,1,1,0.47744348645210266,0.042642462998628616,0.6751918792724609,3.177593231201172,2.502401351928711
fit,ball21_indoor@365,0.42151397466659546,0.42151397466659546,0.42151397466659546,0,0,0.42151397466659546,0.12680451571941376,0.0,0.0,0.0
fit,ball21_indoor@461,0.9340624213218689,0.9340624213218689,0.9340624213218689,0,0,0.9340624213218689,0.10859028249979019,0.0,0.0,0.0
fit,ball21_indoor@603,0.9025123119354248,0.9025123119354248,0.9257991313934326,0,0,0.9025123119354248,0.07310572266578674,0.0,0.0,0.0
fit,ball21_indoor@745,0.8999695181846619,0.8999695181846619,0.8999695181846619,0,0,0.8999695181846619,0.050696857273578644,0.0,0.0,0.0
fit,ball21_indoor@895,0.9089522361755371,0.9089522361755371,0.9089522361755371,0,0,0.9089522361755371,0.06817436218261719,0.0,0.0,0.0
fit,ball21_indoor@961,0.3599395751953125,0.3599395751953125,0.7600693106651306,0,0,0.3599395751953125,0.35548847913742065,0.0,0.0,0.0
fit,ball21_indoor@1051,0.8911533951759338,0.8911533951759338,0.8967306613922119,0,0,0.8911533951759338,0.0728442445397377,0.0,0.0,0.0
fit,ball21_indoor@1107,0.16287586092948914,0.16287586092948914,0.16287586092948914,0,0,0.16287586092948914,0.04899584501981735,0.0,0.0,0.0
fit,ball21_indoor@1230,0.9013243317604065,0.9013243317604065,0.9013243317604065,0,0,0.9013243317604065,0.038194797933101654,0.0,0.0,0.0
fit,ball21_indoor@1373,0.47407156229019165,0.47407156229019165,0.5613101124763489,0,0,0.47407156229019165,0.3844779133796692,0.0,0.0,0.0
fit,ball21_indoor@1402,0.8121615052223206,0.8121615052223206,0.8121615052223206,0,0,0.8121615052223206,0.06432832032442093,0.0,0.0,0.0
fit,ball21_indoor@1544,0.8968126177787781,0.8968126177787781,0.8968126177787781,0,0,0.8968126177787781,0.05354762822389603,0.0,0.0,0.0
fit,ball21_indoor@1686,0.9005327820777893,0.9005327820777893,0.9005327820777893,0,0,0.9005327820777893,0.023409435525536537,0.0,0.0,0.0
fit,leaves05_indoor@10,0.8950839638710022,0.8950839638710022,0.8950839638710022,0,0,0.8950839638710022,0.05552031844854355,0.0,0.0,0.0
fit,leaves05_indoor@220,0.937377393245697,0.937377393245697,0.937377393245697,0,0,0.937377393245697,0.040606237947940826,0.0,0.0,0.0
fit,leaves05_indoor@303,0.4831375479698181,0.5589932799339294,0.5589932799339294,1,1,0.5589932799339294,0.04597380757331848,1.1862229108810425,1.3950295448303223,0.208806574344635
fit,leaves05_indoor@319,0.07975724339485168,0.07975724339485168,0.09862621873617172,0,2,0.09151432663202286,0.08380548655986786,0.0,0.0,0.0
fit,leaves05_indoor@532,0.8568910360336304,0.8568910360336304,0.8568910360336304,0,0,0.8568910360336304,0.07996690273284912,0.0,0.0,0.0
fit,leaves05_indoor@749,0.9481716752052307,0.9481716752052307,0.9481716752052307,0,0,0.9481716752052307,0.07349816709756851,0.0,0.0,0.0
fit,leaves05_indoor@978,0.7347291111946106,0.7347291111946106,0.7347291111946106,0,0,0.7347291111946106,0.04537169262766838,0.0,0.0,0.0
fit,leaves05_indoor@1113,0.3231223225593567,0.3231223225593567,0.3231223225593567,0,0,0.3231223225593567,0.06881768256425858,0.0,0.0,0.0
fit,leaves05_indoor@1242,0.6437948346138,0.6437948346138,0.7291028499603271,0,0,0.6437948346138,0.15796785056591034,0.0,0.0,0.0
fit,leaves05_indoor@1701,0.9134600162506104,0.9134600162506104,0.9398981928825378,0,0,0.9134600162506104,0.061590660363435745,0.0,0.0,0.0
fit,leaves05_indoor@1792,0.37934160232543945,0.37934160232543945,0.37934160232543945,0,0,0.37934160232543945,0.24288931488990784,0.0,0.0,0.0
fit,leaves05_indoor@1952,0.8314734697341919,0.8314734697341919,0.8314734697341919,0,1,0.7169438600540161,0.05959802865982056,0.0,0.0,0.0
fit,leaves05_indoor@2162,0.8566309213638306,0.8566309213638306,0.8566309213638306,0,0,0.8566309213638306,0.049786899238824844,0.0,0.0,0.0
fit,leaves05_indoor@2422,0.928483784198761,0.928483784198761,0.928483784198761,0,0,0.928483784198761,0.04237845912575722,0.0,0.0,0.0
fit,leaves05_indoor@2650,0.8366589546203613,0.8366589546203613,0.858366847038269,0,0,0.8366589546203613,0.08417423814535141,0.0,0.0,0.0
fit,leaves05_indoor@2716,0.0,0.0,0.2777383327484131,0,2,0.0,0.16773059964179993,0.0,0.0,0.0
fit,leaves05_indoor@2857,0.45762959122657776,0.45762959122657776,0.6021283864974976,0,1,0.6021283864974976,0.2227359265089035,0.0,0.0,0.0
fit,leaves05_indoor@2893,0.9422956109046936,0.9422956109046936,0.9422956109046936,0,0,0.9422956109046936,0.08998262137174606,0.0,0.0,0.0
fit,earphone02_indoor@10,0.9530528783798218,0.9530528783798218,0.9530528783798218,0,0,0.9530528783798218,0.04093381017446518,0.0,0.0,0.0
fit,earphone02_indoor@105,0.8700023889541626,0.8700023889541626,0.884814441204071,0,0,0.8700023889541626,0.053036779165267944,0.0,0.0,0.0
fit,earphone02_indoor@199,0.8808780312538147,0.8808780312538147,0.8808780312538147,0,0,0.8808780312538147,0.0536123588681221,0.0,0.0,0.0
fit,earphone02_indoor@294,0.8553427457809448,0.49332764744758606,0.8553427457809448,1,1,0.49332764744758606,0.1258741021156311,0.00856107473373413,0.46704429388046265,0.4584832191467285
fit,earphone02_indoor@389,0.9180020689964294,0.9180020689964294,0.9180020689964294,0,0,0.9180020689964294,0.05672102048993111,0.0,0.0,0.0
fit,earphone02_indoor@395,0.24149306118488312,0.24149306118488312,0.5620915293693542,0,0,0.24149306118488312,0.20581384003162384,0.0,0.0,0.0
fit,earphone02_indoor@399,0.0,0.0,0.0,0,0,0.0,0.13188952207565308,0.0,0.0,0.0
fit,earphone02_indoor@522,0.6073400378227234,0.6073400378227234,0.8754921555519104,0,0,0.6073400378227234,0.08462345600128174,0.0,0.0,0.0
fit,earphone02_indoor@643,0.861763060092926,0.861763060092926,0.861763060092926,0,0,0.861763060092926,0.12099387496709824,0.0,0.0,0.0
fit,earphone02_indoor@650,0.43460941314697266,0.43460941314697266,0.43460941314697266,0,0,0.43460941314697266,0.22569330036640167,0.0,0.0,0.0
fit,earphone02_indoor@722,0.3491249978542328,0.36976495385169983,0.36976495385169983,1,1,0.36976495385169983,0.08580680191516876,3.0074377059936523,3.0302181243896484,0.022780299186706543
fit,earphone02_indoor@828,0.7127999663352966,0.7127999663352966,0.7408381104469299,0,2,0.7358145117759705,0.4452768862247467,0.0,0.0,0.0
fit,earphone02_indoor@924,0.7859967947006226,0.7859967947006226,0.821871817111969,0,0,0.7859967947006226,0.07309718430042267,0.0,0.0,0.0
fit,earphone02_indoor@1020,0.8439527153968811,0.8439527153968811,0.8439527153968811,0,0,0.8439527153968811,0.07242798805236816,0.0,0.0,0.0
fit,earphone02_indoor@1133,0.8822312355041504,0.9349691867828369,0.9349691867828369,3,3,0.9349691867828369,0.3461093008518219,4.1182708740234375,4.174698829650879,0.056427836418151855
fit,earphone02_indoor@1210,0.0,0.0,0.0,0,0,0.0,0.04880094155669212,0.0,0.0,0.0
fit,earphone02_indoor@1212,0.0,0.0,0.0,0,0,0.0,0.04506630077958107,0.0,0.0,0.0
fit,earphone02_indoor@1264,0.0,0.0,0.0,0,0,0.0,0.05020897462964058,0.0,0.0,0.0
fit,earphone02_indoor@1266,0.0,0.0,0.0,0,0,0.0,0.0502757653594017,0.0,0.0,0.0
fit,earphone02_indoor@1284,0.0,0.0,0.0,0,0,0.0,0.04330107569694519,0.0,0.0,0.0
fit,earphone02_indoor@1286,0.0,0.0,0.0,0,0,0.0,0.0395052395761013,0.0,0.0,0.0
fit,earphone02_indoor@1400,0.0,0.22449949383735657,0.22449949383735657,2,2,0.22449949383735657,0.0488424114882946,0.8437974452972412,4.046208381652832,3.202410936355591
fit,earphone02_indoor@1401,0.4279835522174835,0.4279835522174835,0.4279835522174835,0,0,0.4279835522174835,0.04665621370077133,0.0,0.0,0.0
fit,earphone02_indoor@1446,0.8541374802589417,0.8541374802589417,0.8684200644493103,0,3,0.764251172542572,0.23478297889232635,0.0,0.0,0.0
fit,pigeon03_wild@10,0.9034891128540039,0.9034891128540039,0.9034891128540039,0,0,0.9034891128540039,0.031243283301591873,0.0,0.0,0.0
fit,pigeon03_wild@71,0.9299251437187195,0.9299251437187195,0.9299251437187195,0,0,0.9299251437187195,0.04020809382200241,0.0,0.0,0.0
fit,pigeon03_wild@132,0.9617726802825928,0.9617726802825928,0.9617726802825928,0,0,0.9617726802825928,0.047909654676914215,0.0,0.0,0.0
fit,pigeon03_wild@193,0.9123733639717102,0.9123733639717102,0.9123733639717102,0,0,0.9123733639717102,0.042996495962142944,0.0,0.0,0.0
fit,pigeon03_wild@312,0.9106534123420715,0.7763827443122864,0.9106534123420715,1,1,0.7763827443122864,0.13949473202228546,4.410351753234863,4.435581684112549,0.025230228900909424
fit,pigeon03_wild@373,0.8907284736633301,0.8907284736633301,0.8907284736633301,0,0,0.8907284736633301,0.09715446084737778,0.0,0.0,0.0
fit,pigeon03_wild@434,0.871825635433197,0.871825635433197,0.871825635433197,0,0,0.871825635433197,0.15717506408691406,0.0,0.0,0.0
fit,pigeon03_wild@495,0.8328314423561096,0.8328314423561096,0.9086056351661682,0,0,0.8328314423561096,0.05163880065083504,0.0,0.0,0.0
fit,pigeon03_wild@556,0.9351075291633606,0.9351075291633606,0.9351075291633606,0,0,0.9351075291633606,0.09075859189033508,0.0,0.0,0.0
fit,pigeon03_wild@617,0.7623693943023682,0.7623693943023682,0.7623693943023682,0,0,0.7623693943023682,0.05090285465121269,0.0,0.0,0.0
fit,pigeon03_wild@678,0.8403019905090332,0.8403019905090332,0.8403019905090332,0,0,0.8403019905090332,0.06416851282119751,0.0,0.0,0.0
fit,pigeon03_wild@739,0.8816307783126831,0.8816307783126831,0.8816307783126831,0,0,0.8816307783126831,0.06023579090833664,0.0,0.0,0.0
fit,guitarbag_indoor@10,0.9631072282791138,0.9631072282791138,0.9631072282791138,0,0,0.9631072282791138,0.09035718441009521,0.0,0.0,0.0
fit,guitarbag_indoor@121,0.9775658249855042,0.9775658249855042,0.9775658249855042,0,0,0.9775658249855042,0.1155405044555664,0.0,0.0,0.0
fit,guitarbag_indoor@199,0.2357393354177475,0.2357393354177475,0.2357393354177475,0,0,0.2357393354177475,0.020498884841799736,0.0,0.0,0.0
fit,guitarbag_indoor@236,0.0,0.0,0.0,0,0,0.0,0.04018162563443184,0.0,0.0,0.0
fit,guitarbag_indoor@252,0.8338097333908081,0.8338097333908081,0.8338097333908081,0,0,0.8338097333908081,0.06627513468265533,0.0,0.0,0.0
fit,guitarbag_indoor@316,0.16170406341552734,0.10758242011070251,0.35049140453338623,3,3,0.10758242011070251,0.08785471320152283,2.4732038974761963,2.477531909942627,0.004328131675720215
fit,guitarbag_indoor@320,0.43817466497421265,0.7077707648277283,0.7077707648277283,1,1,0.7077707648277283,0.10375931113958359,0.6142770051956177,1.400577187538147,0.7863001823425293
fit,guitarbag_indoor@372,0.9094077348709106,0.7222544550895691,0.9094077348709106,1,1,0.7222544550895691,0.3501971960067749,2.1141581535339355,2.311460018157959,0.1973017454147339
fit,guitarbag_indoor@463,0.0,0.0,0.0,0,1,0.0,0.13376639783382416,0.0,0.0,0.0
fit,guitarbag_indoor@465,0.0,0.0,0.0,0,2,0.0,0.09967563301324844,0.0,0.0,0.0
fit,guitarbag_indoor@497,0.3088911175727844,0.46716976165771484,0.46716976165771484,1,1,0.46716976165771484,0.09301784634590149,2.130157947540283,2.326847791671753,0.19668979942798615
fit,guitarbag_indoor@603,0.9204794764518738,0.9204794764518738,0.9204794764518738,0,0,0.9204794764518738,0.05761002376675606,0.0,0.0,0.0
fit,guitarbag_indoor@714,0.9660000205039978,0.9660000205039978,0.9660000205039978,0,0,0.9660000205039978,0.08772039413452148,0.0,0.0,0.0
fit,guitarbag_indoor@826,0.9932667016983032,0.9932667016983032,0.9932667016983032,0,0,0.9932667016983032,0.06998847424983978,0.0,0.0,0.0
fit,guitarbag_indoor@937,0.9617936015129089,0.9617936015129089,0.9617936015129089,0,0,0.9617936015129089,0.0696629136800766,0.0,0.0,0.0
fit,guitarbag_indoor@1049,0.9382050633430481,0.9382050633430481,0.9382050633430481,0,0,0.9382050633430481,0.06912355124950409,0.0,0.0,0.0
fit,guitarbag_indoor@1160,0.9313843846321106,0.9313843846321106,0.9455870985984802,0,0,0.9313843846321106,0.11903087049722672,0.0,0.0,0.0
fit,guitarbag_indoor@1272,0.860779345035553,0.860779345035553,0.860779345035553,0,0,0.860779345035553,0.08642218261957169,0.0,0.0,0.0
fit,guitarbag_indoor@1387,0.7820991277694702,0.7320548295974731,0.7820991277694702,3,3,0.7320548295974731,0.11740926653146744,3.7176268100738525,3.8083980083465576,0.09077119827270508
fit,guitarbag_indoor@1501,0.0,0.0,0.0,0,0,0.0,0.06404955685138702,0.0,0.0,0.0
fit,guitarbag_indoor@1503,0.0,0.0,0.0,0,0,0.0,0.05993391200900078,0.0,0.0,0.0
fit,guitarbag_indoor@1556,0.0,0.0,0.0,0,0,0.0,0.257867693901062,0.0,0.0,0.0
fit,paintbottle_indoor@10,0.8524169325828552,0.8524169325828552,0.8524169325828552,0,0,0.8524169325828552,0.11455218493938446,0.0,0.0,0.0
fit,paintbottle_indoor@53,0.8292058110237122,0.8292058110237122,0.8292058110237122,0,0,0.8292058110237122,0.030949875712394714,0.0,0.0,0.0
fit,paintbottle_indoor@93,0.22792795300483704,0.22792795300483704,0.2758633494377136,0,2,0.2758633494377136,0.06839669495820999,0.0,0.0,0.0
fit,paintbottle_indoor@107,0.031671665608882904,0.031671665608882904,0.04617023095488548,0,0,0.031671665608882904,0.14848682284355164,0.0,0.0,0.0
fit,paintbottle_indoor@112,0.13674387335777283,0.13674387335777283,0.15842360258102417,0,1,0.12398938834667206,0.09078730642795563,0.0,0.0,0.0
fit,paintbottle_indoor@113,0.10727964341640472,0.10727964341640472,0.16191144287586212,0,0,0.10727964341640472,0.16399641335010529,0.0,0.0,0.0
fit,paintbottle_indoor@114,0.022459601983428,0.022459601983428,0.09662150591611862,0,1,0.027004491537809372,0.15889401733875275,0.0,0.0,0.0
fit,paintbottle_indoor@116,0.0,0.19991056621074677,0.3302977979183197,1,1,0.19991056621074677,0.1549985259771347,0.9017311334609985,1.633385419845581,0.7316542863845825
fit,paintbottle_indoor@123,0.0,0.0,0.8580965995788574,0,1,0.8580965995788574,0.18404296040534973,0.0,0.0,0.0
fit,paintbottle_indoor@126,0.9252971410751343,0.9252971410751343,0.9252971410751343,0,0,0.9252971410751343,0.06775219738483429,0.0,0.0,0.0
fit,paintbottle_indoor@169,0.8445650935173035,0.8445650935173035,0.8445650935173035,0,0,0.8445650935173035,0.0381522960960865,0.0,0.0,0.0
fit,paintbottle_indoor@212,0.8032572865486145,0.8032572865486145,0.8032572865486145,0,0,0.8032572865486145,0.06277158111333847,0.0,0.0,0.0
fit,paintbottle_indoor@254,0.8358961343765259,0.8358961343765259,0.8358961343765259,0,0,0.8358961343765259,0.0536128506064415,0.0,0.0,0.0
fit,paintbottle_indoor@297,0.8946309089660645,0.8946309089660645,0.8946309089660645,0,0,0.8946309089660645,0.06602521240711212,0.0,0.0,0.0
fit,paintbottle_indoor@339,0.7110012173652649,0.7110012173652649,0.7187446355819702,0,0,0.7110012173652649,0.08114922046661377,0.0,0.0,0.0
fit,paintbottle_indoor@382,0.961820125579834,0.961820125579834,0.961820125579834,0,0,0.961820125579834,0.0530385859310627,0.0,0.0,0.0
fit,paintbottle_indoor@425,0.893268883228302,0.893268883228302,0.893268883228302,0,0,0.893268883228302,0.037083204835653305,0.0,0.0,0.0
fit,paintbottle_indoor@467,0.9301882982254028,0.9301882982254028,0.9301882982254028,0,0,0.9301882982254028,0.03016432747244835,0.0,0.0,0.0
fit,paintbottle_indoor@510,0.8224656581878662,0.8224656581878662,0.8224656581878662,0,0,0.8224656581878662,0.08745674043893814,0.0,0.0,0.0
fit,stand_indoor@10,0.9082365036010742,0.9082365036010742,0.9082365036010742,0,0,0.9082365036010742,0.06473418325185776,0.0,0.0,0.0
fit,stand_indoor@80,0.8332801461219788,0.8332801461219788,0.8332801461219788,0,0,0.8332801461219788,0.04427305981516838,0.0,0.0,0.0
fit,stand_indoor@151,0.9422359466552734,0.9422359466552734,0.9422359466552734,0,0,0.9422359466552734,0.02115456759929657,0.0,0.0,0.0
fit,stand_indoor@177,0.4364180564880371,0.6429548859596252,0.6429548859596252,1,1,0.6429548859596252,0.049664877355098724,2.531794786453247,2.7579705715179443,0.22617584466934204
fit,stand_indoor@181,0.20129352807998657,0.20129352807998657,0.22700348496437073,0,1,0.22700348496437073,0.1203313022851944,0.0,0.0,0.0
fit,stand_indoor@219,0.2235126495361328,0.3241734504699707,0.34152692556381226,1,1,0.3241734504699707,0.19237837195396423,2.522845506668091,2.737184524536133,0.2143389880657196
fit,stand_indoor@223,0.2445710301399231,0.401596337556839,0.401596337556839,2,2,0.401596337556839,0.14114907383918762,2.0201168060302734,2.559300422668457,0.5391837358474731
fit,stand_indoor@233,0.8756957650184631,0.8756957650184631,0.8756957650184631,0,0,0.8756957650184631,0.06838874518871307,0.0,0.0,0.0
fit,stand_indoor@303,0.8536388874053955,0.8536388874053955,0.8536388874053955,0,0,0.8536388874053955,0.0524885430932045,0.0,0.0,0.0
fit,stand_indoor@374,0.8188530206680298,0.8188530206680298,0.8188530206680298,0,0,0.8188530206680298,0.046293530613183975,0.0,0.0,0.0
fit,stand_indoor@444,0.8805110454559326,0.8805110454559326,0.8805110454559326,0,0,0.8805110454559326,0.0988345518708229,0.0,0.0,0.0
fit,stand_indoor@515,0.9337877035140991,0.9337877035140991,0.9337877035140991,0,0,0.9337877035140991,0.05120643973350525,0.0,0.0,0.0
fit,stand_indoor@585,0.9762086868286133,0.9762086868286133,0.9762086868286133,0,0,0.9762086868286133,0.06970047950744629,0.0,0.0,0.0
fit,stand_indoor@655,0.860396683216095,0.860396683216095,0.860396683216095,0,0,0.860396683216095,0.0877884179353714,0.0,0.0,0.0
fit,stand_indoor@726,0.8903728723526001,0.8903728723526001,0.8903728723526001,0,0,0.8903728723526001,0.08419785648584366,0.0,0.0,0.0
fit,stand_indoor@796,0.9159774780273438,0.9159774780273438,0.9159774780273438,0,0,0.9159774780273438,0.04736149311065674,0.0,0.0,0.0
fit,human06_indoor@10,0.9539145827293396,0.9539145827293396,0.9539145827293396,0,0,0.9539145827293396,0.08436863124370575,0.0,0.0,0.0
fit,human06_indoor@51,0.9432296752929688,0.9432296752929688,0.9432296752929688,0,0,0.9432296752929688,0.0748601108789444,0.0,0.0,0.0
fit,human06_indoor@92,0.9420441389083862,0.9420441389083862,0.9420441389083862,0,0,0.9420441389083862,0.0634329542517662,0.0,0.0,0.0
fit,human06_indoor@134,0.7833458781242371,0.7833458781242371,0.7833458781242371,0,0,0.7833458781242371,0.04909561946988106,0.0,0.0,0.0
fit,human06_indoor@175,0.9258354902267456,0.9258354902267456,0.9258354902267456,0,0,0.9258354902267456,0.0633823350071907,0.0,0.0,0.0
fit,human06_indoor@292,0.8502586483955383,0.8502586483955383,0.8502586483955383,0,0,0.8502586483955383,0.06116213649511337,0.0,0.0,0.0
fit,human06_indoor@333,0.915301501750946,0.915301501750946,0.915301501750946,0,0,0.915301501750946,0.06760719418525696,0.0,0.0,0.0
fit,human06_indoor@374,0.8590863347053528,0.8590863347053528,0.8590863347053528,0,0,0.8590863347053528,0.0757489800453186,0.0,0.0,0.0
fit,human06_indoor@415,0.849542498588562,0.849542498588562,0.849542498588562,0,0,0.849542498588562,0.09147170931100845,0.0,0.0,0.0
fit,human06_indoor@457,0.9453379511833191,0.9453379511833191,0.9453379511833191,0,0,0.9453379511833191,0.12959526479244232,0.0,0.0,0.0
fit,human06_indoor@484,0.3654938042163849,0.0,0.3654938042163849,1,1,0.0,0.1600494682788849,0.45466864109039307,1.0473884344100952,0.5927197933197021
fit,human06_indoor@499,0.9229583144187927,0.9229583144187927,0.9229583144187927,0,0,0.9229583144187927,0.13298095762729645,0.0,0.0,0.0
fit,human06_indoor@540,0.856456458568573,0.856456458568573,0.856456458568573,0,0,0.856456458568573,0.04238051921129227,0.0,0.0,0.0
fit,pine01_indoor@10,0.8465429544448853,0.8465429544448853,0.8760250806808472,0,0,0.8465429544448853,0.07409299910068512,0.0,0.0,0.0
fit,pine01_indoor@82,0.4178040027618408,0.4178040027618408,0.5442067384719849,0,0,0.4178040027618408,0.20664027333259583,0.0,0.0,0.0
fit,pine01_indoor@145,0.7180808186531067,0.7180808186531067,0.7220727205276489,0,0,0.7180808186531067,0.04321984574198723,0.0,0.0,0.0
fit,pine01_indoor@277,0.8813184499740601,0.8813184499740601,0.8813184499740601,0,0,0.8813184499740601,0.06137049198150635,0.0,0.0,0.0
fit,pine01_indoor@411,0.8537963628768921,0.8537963628768921,0.8537963628768921,0,0,0.8537963628768921,0.04294082894921303,0.0,0.0,0.0
fit,pine01_indoor@544,0.9378129839897156,0.9378129839897156,0.9378129839897156,0,0,0.9378129839897156,0.06797759234905243,0.0,0.0,0.0
fit,pine01_indoor@682,0.8353151679039001,0.8353151679039001,0.8353151679039001,0,0,0.8353151679039001,0.05617249011993408,0.0,0.0,0.0
fit,pine01_indoor@759,0.08876743167638779,0.08876743167638779,0.18111199140548706,0,0,0.08876743167638779,0.08042480051517487,0.0,0.0,0.0
fit,pine01_indoor@774,0.44926556944847107,0.44926556944847107,0.44926556944847107,0,0,0.44926556944847107,0.1037476658821106,0.0,0.0,0.0
fit,pine01_indoor@848,0.7964297533035278,0.7964297533035278,0.8396130800247192,0,0,0.7964297533035278,0.10979385673999786,0.0,0.0,0.0
fit,pine01_indoor@980,0.8730172514915466,0.7852163910865784,0.8730172514915466,1,1,0.7852163910865784,0.23095443844795227,2.475651264190674,2.498162031173706,0.022510826587677002
fit,pine01_indoor@1119,0.5330790281295776,0.5330790281295776,0.5875371694564819,0,0,0.5330790281295776,0.11785402148962021,0.0,0.0,0.0
fit,pine01_indoor@1197,0.06291110068559647,0.06291110068559647,0.08875735849142075,0,0,0.06291110068559647,0.0516938678920269,0.0,0.0,0.0
fit,pine01_indoor@1198,0.137029230594635,0.137029230594635,0.1678663194179535,0,0,0.137029230594635,0.03714274615049362,0.0,0.0,0.0
fit,pine01_indoor@1276,0.5004430413246155,0.5004430413246155,0.6604223251342773,0,0,0.5004430413246155,0.12579116225242615,0.0,0.0,0.0
fit,pine01_indoor@1360,0.3920678198337555,0.3920678198337555,0.5375034213066101,0,0,0.3920678198337555,0.06811151653528214,0.0,0.0,0.0
fit,pine01_indoor@1411,0.8826369047164917,0.8826369047164917,0.8826369047164917,0,0,0.8826369047164917,0.0994507223367691,0.0,0.0,0.0
fit,pine01_indoor@1544,0.7540101408958435,0.7540101408958435,0.7540101408958435,0,0,0.7540101408958435,0.04910765215754509,0.0,0.0,0.0
fit,duck05_wild@10,0.8769358396530151,0.8769358396530151,0.8769358396530151,0,0,0.8769358396530151,0.06417656689882278,0.0,0.0,0.0
fit,duck05_wild@49,0.9337377548217773,0.9337377548217773,0.9337377548217773,0,0,0.9337377548217773,0.0299445241689682,0.0,0.0,0.0
fit,duck05_wild@89,0.9160060882568359,0.9160060882568359,0.9181960225105286,0,0,0.9160060882568359,0.0836869329214096,0.0,0.0,0.0
fit,duck05_wild@128,0.9559845328330994,0.9559845328330994,0.9559845328330994,0,0,0.9559845328330994,0.04000404477119446,0.0,0.0,0.0
fit,duck05_wild@168,0.9683622717857361,0.9683622717857361,0.9683622717857361,0,0,0.9683622717857361,0.04728050157427788,0.0,0.0,0.0
fit,duck05_wild@207,0.9634002447128296,0.9634002447128296,0.9634002447128296,0,0,0.9634002447128296,0.04261716455221176,0.0,0.0,0.0
fit,duck05_wild@247,0.940433919429779,0.940433919429779,0.940433919429779,0,0,0.940433919429779,0.041106827557086945,0.0,0.0,0.0
fit,duck05_wild@286,0.9456828832626343,0.9456828832626343,0.9456828832626343,0,0,0.9456828832626343,0.029747137799859047,0.0,0.0,0.0
fit,duck05_wild@326,0.9505753517150879,0.9505753517150879,0.9505753517150879,0,0,0.9505753517150879,0.06101258844137192,0.0,0.0,0.0
fit,duck05_wild@365,0.9377946853637695,0.9377946853637695,0.9377946853637695,0,0,0.9377946853637695,0.03664213418960571,0.0,0.0,0.0
fit,duck05_wild@405,0.937756359577179,0.937756359577179,0.937756359577179,0,0,0.937756359577179,0.0444926954805851,0.0,0.0,0.0
fit,duck05_wild@444,0.9625644087791443,0.9625644087791443,0.9625644087791443,0,0,0.9625644087791443,0.04957666993141174,0.0,0.0,0.0
fit,human04_wild@10,0.909146249294281,0.909146249294281,0.909146249294281,0,0,0.909146249294281,0.10245684534311295,0.0,0.0,0.0
fit,human04_wild@156,0.9387649893760681,0.9387649893760681,0.9387649893760681,0,0,0.9387649893760681,0.0623357892036438,0.0,0.0,0.0
fit,human04_wild@301,0.938615083694458,0.938615083694458,0.938615083694458,0,0,0.938615083694458,0.04774470999836922,0.0,0.0,0.0
fit,human04_wild@447,0.9642038941383362,0.9642038941383362,0.9642038941383362,0,0,0.9642038941383362,0.06771598756313324,0.0,0.0,0.0
fit,human04_wild@593,0.9565513730049133,0.9565513730049133,0.9565513730049133,0,0,0.9565513730049133,0.12464135885238647,0.0,0.0,0.0
fit,human04_wild@738,0.8233110308647156,0.8233110308647156,0.8233110308647156,0,0,0.8233110308647156,0.07379511743783951,0.0,0.0,0.0
fit,human04_wild@857,0.49634984135627747,0.49634984135627747,0.5914968848228455,0,0,0.49634984135627747,0.12936146557331085,0.0,0.0,0.0
fit,human04_wild@858,0.4666326344013214,0.4666326344013214,0.5590968132019043,0,0,0.4666326344013214,0.17168673872947693,0.0,0.0,0.0
fit,human04_wild@859,0.391459584236145,0.391459584236145,0.49267125129699707,0,0,0.391459584236145,0.25934720039367676,0.0,0.0,0.0
fit,human04_wild@860,0.427562415599823,0.427562415599823,0.7727710604667664,0,0,0.427562415599823,0.20823565125465393,0.0,0.0,0.0
fit,human04_wild@888,0.8976975083351135,0.8976975083351135,0.8976975083351135,0,0,0.8976975083351135,0.12491462379693985,0.0,0.0,0.0
fit,human04_wild@1033,0.930240273475647,0.930240273475647,0.930240273475647,0,0,0.930240273475647,0.05165351182222366,0.0,0.0,0.0
fit,human04_wild@1179,0.9378119707107544,0.9378119707107544,0.9378119707107544,0,0,0.9378119707107544,0.046626683324575424,0.0,0.0,0.0
fit,human04_wild@1325,0.9286272525787354,0.9286272525787354,0.9286272525787354,0,0,0.9286272525787354,0.09764333814382553,0.0,0.0,0.0
fit,human04_wild@1470,0.9393495917320251,0.9393495917320251,0.9393495917320251,0,0,0.9393495917320251,0.08663062751293182,0.0,0.0,0.0
fit,human04_wild@1616,0.7427002787590027,0.7427002787590027,0.7427002787590027,0,0,0.7427002787590027,0.17231276631355286,0.0,0.0,0.0
fit,box_indoor@10,0.7230514883995056,0.7230514883995056,0.7230514883995056,0,0,0.7230514883995056,0.18293890357017517,0.0,0.0,0.0
fit,box_indoor@11,0.7205882668495178,0.7205882668495178,0.8064526319503784,0,1,0.8064526319503784,0.18462100625038147,0.0,0.0,0.0
fit,box_indoor@13,0.8012998104095459,0.8012998104095459,0.8154638409614563,0,1,0.8154638409614563,0.24879726767539978,0.0,0.0,0.0
fit,box_indoor@14,0.6990271806716919,0.6990271806716919,0.7076751589775085,0,2,0.7076751589775085,0.11495784670114517,0.0,0.0,0.0
fit,box_indoor@15,0.720966637134552,0.720966637134552,0.7282670736312866,0,0,0.720966637134552,0.13470380008220673,0.0,0.0,0.0
fit,box_indoor@16,0.6960013508796692,0.6960013508796692,0.6960013508796692,0,0,0.6960013508796692,0.2552782893180847,0.0,0.0,0.0
fit,box_indoor@18,0.6419468522071838,0.6419468522071838,0.6539021134376526,0,1,0.6104192137718201,0.17240062355995178,0.0,0.0,0.0
fit,box_indoor@19,0.6667086482048035,0.6667086482048035,0.7017900347709656,0,1,0.7017900347709656,0.10997055470943451,0.0,0.0,0.0
fit,box_indoor@20,0.3982362747192383,0.3982362747192383,0.43035611510276794,0,0,0.3982362747192383,0.024687785655260086,0.0,0.0,0.0
fit,box_indoor@27,0.018521802499890327,0.018521802499890327,0.17843537032604218,0,2,0.046567995101213455,0.20126914978027344,0.0,0.0,0.0
fit,box_indoor@29,0.0,0.0,0.3400915265083313,2,2,0.0,0.23777718842029572,1.1106573343276978,1.2217977046966553,0.1111404299736023
fit,box_indoor@133,0.13457386195659637,0.13457386195659637,0.17637473344802856,0,0,0.13457386195659637,0.24350738525390625,0.0,0.0,0.0
fit,box_indoor@135,0.12011333554983139,0.12011333554983139,0.12011333554983139,0,0,0.12011333554983139,0.2975030839443207,0.0,0.0,0.0
fit,box_indoor@181,0.0,0.0,0.0,0,1,0.0,0.2614840269088745,0.0,0.0,0.0
fit,box_indoor@183,0.0,0.0,0.0,1,1,0.0,0.2811056971549988,2.8629212379455566,2.9274349212646484,0.06451380252838135
fit,box_indoor@343,0.8113242983818054,0.8113242983818054,0.8113242983818054,0,0,0.8113242983818054,0.09141696244478226,0.0,0.0,0.0
fit,box_indoor@344,0.8786261081695557,0.8786261081695557,0.8786261081695557,0,0,0.8786261081695557,0.15555162727832794,0.0,0.0,0.0
fit,box_indoor@346,0.5842291116714478,0.5842291116714478,0.5842291116714478,0,0,0.5842291116714478,0.13025642931461334,0.0,0.0,0.0
fit,box_indoor@347,0.6053458452224731,0.6053458452224731,0.6053458452224731,0,0,0.6053458452224731,0.08814989775419235,0.0,0.0,0.0
fit,box_indoor@348,0.33764368295669556,0.33764368295669556,0.3826262652873993,0,0,0.33764368295669556,0.07624968886375427,0.0,0.0,0.0
fit,box_indoor@367,0.0,0.0,0.0,0,0,0.0,0.10273490846157074,0.0,0.0,0.0
fit,box_indoor@369,0.0,0.0,0.0,0,0,0.0,0.13199785351753235,0.0,0.0,0.0
fit,box_indoor@716,0.0,0.0,0.0,1,1,0.0,0.11033391952514648,1.235868215560913,1.5932711362838745,0.3574029207229614
fit,box_indoor@718,0.0,0.0,0.0,1,1,0.0,0.09543032944202423,0.766588568687439,1.2417519092559814,0.4751633405685425
fit,box_indoor@726,0.0,0.0,0.0,1,1,0.0,0.09738671779632568,0.15034103393554688,0.8014559745788574,0.6511149406433105
fit,thermos02_indoor@10,0.8939515352249146,0.8939515352249146,0.8939515352249146,0,0,0.8939515352249146,0.12009154260158539,0.0,0.0,0.0
fit,thermos02_indoor@123,0.8776360154151917,0.8776360154151917,0.8776360154151917,0,0,0.8776360154151917,0.04542706534266472,0.0,0.0,0.0
fit,thermos02_indoor@237,0.9283455610275269,0.9283455610275269,0.9283455610275269,0,0,0.9283455610275269,0.03623909503221512,0.0,0.0,0.0
fit,thermos02_indoor@350,0.9000155925750732,0.9000155925750732,0.9000155925750732,0,0,0.9000155925750732,0.055818863213062286,0.0,0.0,0.0
fit,thermos02_indoor@463,0.9596225023269653,0.9596225023269653,0.9596225023269653,0,0,0.9596225023269653,0.13351953029632568,0.0,0.0,0.0
fit,thermos02_indoor@577,0.8958821892738342,0.8958821892738342,0.8958821892738342,0,0,0.8958821892738342,0.03630924969911575,0.0,0.0,0.0
fit,thermos02_indoor@690,0.8299978375434875,0.8299978375434875,0.8570604920387268,0,0,0.8299978375434875,0.07706183195114136,0.0,0.0,0.0
fit,thermos02_indoor@809,0.8690162897109985,0.8690162897109985,0.8690162897109985,0,0,0.8690162897109985,0.03983527794480324,0.0,0.0,0.0
fit,thermos02_indoor@922,0.9066044092178345,0.9066044092178345,0.9066044092178345,0,0,0.9066044092178345,0.03529878705739975,0.0,0.0,0.0
fit,thermos02_indoor@1035,0.8596814274787903,0.8596814274787903,0.8596814274787903,0,0,0.8596814274787903,0.06468813121318817,0.0,0.0,0.0
fit,thermos02_indoor@1149,0.9268568754196167,0.9268568754196167,0.9268568754196167,0,0,0.9268568754196167,0.042410969734191895,0.0,0.0,0.0
fit,thermos02_indoor@1262,0.7661179304122925,0.7661179304122925,0.7834866642951965,0,0,0.7661179304122925,0.2855572998523712,0.0,0.0,0.0
fit,thermos02_indoor@1293,0.0,0.0,0.0,0,0,0.0,0.07290668785572052,0.0,0.0,0.0
fit,thermos02_indoor@1295,0.0,0.0,0.0,0,3,0.0,0.0684635266661644,0.0,0.0,0.0
fit,thermos02_indoor@1375,0.0,0.0,0.0,1,1,0.0,0.11498137563467026,4.037487030029297,4.275350570678711,0.2378631830215454
fit,thermos02_indoor@1377,0.0,0.0,0.0,1,1,0.0,0.10955760627985,4.157785415649414,4.3647050857543945,0.20691990852355957
fit,thermos02_indoor@1430,0.0,0.0,0.0,1,1,0.0,0.11586251109838486,3.9146816730499268,4.188899993896484,0.2742183208465576
fit,thermos02_indoor@1432,0.0,0.0,0.0,1,1,0.0,0.13000907003879547,3.813425302505493,4.078944206237793,0.2655189037322998
fit,thermos02_indoor@1505,0.0,0.0,0.0,1,1,0.0,0.11702786386013031,3.869133472442627,4.141655921936035,0.2725222110748291
fit,thermos02_indoor@1507,0.0,0.0,0.0,1,1,0.0,0.11706811189651489,3.916088342666626,4.158205032348633,0.24211645126342773
fit,thermos02_indoor@1586,0.0,0.0,0.0,1,1,0.0,0.11541152000427246,3.973339796066284,4.344046592712402,0.3707069158554077
fit,bottle05_indoor@10,0.8183716535568237,0.8183716535568237,0.8183716535568237,0,0,0.8183716535568237,0.03938045725226402,0.0,0.0,0.0
fit,bottle05_indoor@28,0.33601313829421997,0.33601313829421997,0.33601313829421997,0,0,0.33601313829421997,0.0691390335559845,0.0,0.0,0.0
fit,bottle05_indoor@43,0.0,0.0,0.09829629957675934,0,0,0.0,0.0622827485203743,0.0,0.0,0.0
fit,bottle05_indoor@62,0.08552014082670212,0.0,0.17482595145702362,5,5,0.0,0.12206725031137466,3.3545827865600586,3.4174835681915283,0.06290078163146973
fit,bottle05_indoor@71,0.3995649814605713,0.3995649814605713,0.5476556420326233,0,0,0.3995649814605713,0.09039334952831268,0.0,0.0,0.0
fit,bottle05_indoor@93,0.9087583422660828,0.9087583422660828,0.9087583422660828,0,0,0.9087583422660828,0.06272260844707489,0.0,0.0,0.0
fit,bottle05_indoor@141,0.828548789024353,0.828548789024353,0.8327950239181519,0,0,0.828548789024353,0.08601199090480804,0.0,0.0,0.0
fit,bottle05_indoor@201,0.8208674788475037,0.8208674788475037,0.8208674788475037,0,0,0.8208674788475037,0.047737665474414825,0.0,0.0,0.0
fit,bottle05_indoor@242,0.35311493277549744,0.35311493277549744,0.35311493277549744,0,0,0.35311493277549744,0.06100112199783325,0.0,0.0,0.0
fit,bottle05_indoor@253,0.7932807803153992,0.7932807803153992,0.7932807803153992,0,0,0.7932807803153992,0.0488247275352478,0.0,0.0,0.0
fit,bottle05_indoor@305,0.8205291032791138,0.8205291032791138,0.8205291032791138,0,0,0.8205291032791138,0.05128426104784012,0.0,0.0,0.0
fit,bottle05_indoor@355,0.975152313709259,0.975152313709259,0.975152313709259,0,0,0.975152313709259,0.05730082839727402,0.0,0.0,0.0
fit,bottle05_indoor@403,0.8829551935195923,0.8829551935195923,0.8829551935195923,0,0,0.8829551935195923,0.046118639409542084,0.0,0.0,0.0
fit,bottle05_indoor@451,0.8881162405014038,0.8881162405014038,0.8881162405014038,0,0,0.8881162405014038,0.060053277760744095,0.0,0.0,0.0
fit,bottle05_indoor@499,0.9158010482788086,0.9158010482788086,0.9158010482788086,0,0,0.9158010482788086,0.05440852791070938,0.0,0.0,0.0
fit,bottle05_indoor@547,0.7492141723632812,0.7492141723632812,0.7492141723632812,0,1,0.738466203212738,0.05609612539410591,0.0,0.0,0.0
fit,bottle05_indoor@551,0.4162144064903259,0.4162144064903259,0.4500918984413147,0,0,0.4162144064903259,0.26066482067108154,0.0,0.0,0.0
fit,bottle05_indoor@596,0.8681225776672363,0.8681225776672363,0.8681225776672363,0,0,0.8681225776672363,0.05960690975189209,0.0,0.0,0.0
fit,mac_indoor@10,0.967022180557251,0.967022180557251,0.967022180557251,0,0,0.967022180557251,0.07644424587488174,0.0,0.0,0.0
fit,mac_indoor@149,0.8696590065956116,0.8696590065956116,0.8696590065956116,0,0,0.8696590065956116,0.10487832129001617,0.0,0.0,0.0
fit,mac_indoor@239,0.34208807349205017,0.34208807349205017,0.34208807349205017,0,1,0.34124764800071716,0.11860327422618866,0.0,0.0,0.0
fit,mac_indoor@289,0.9131402969360352,0.9131402969360352,0.9131402969360352,0,0,0.9131402969360352,0.06627564877271652,0.0,0.0,0.0
fit,mac_indoor@428,0.9289113283157349,0.9289113283157349,0.9289113283157349,0,0,0.9289113283157349,0.047506168484687805,0.0,0.0,0.0
fit,mac_indoor@567,0.9264720678329468,0.9264720678329468,0.9264720678329468,0,0,0.9264720678329468,0.04320539906620979,0.0,0.0,0.0
fit,mac_indoor@706,0.8349056839942932,0.8349056839942932,0.8349056839942932,0,0,0.8349056839942932,0.09431596100330353,0.0,0.0,0.0
fit,mac_indoor@846,0.9517025351524353,0.9517025351524353,0.9517025351524353,0,0,0.9517025351524353,0.03682580590248108,0.0,0.0,0.0
fit,mac_indoor@985,0.918113112449646,0.918113112449646,0.918113112449646,0,0,0.918113112449646,0.05875599384307861,0.0,0.0,0.0
fit,mac_indoor@1124,0.944193422794342,0.944193422794342,0.944193422794342,0,0,0.944193422794342,0.06278320401906967,0.0,0.0,0.0
fit,mac_indoor@1263,0.857977032661438,0.857977032661438,0.857977032661438,0,0,0.857977032661438,0.0701608806848526,0.0,0.0,0.0
fit,mac_indoor@1402,0.8933049440383911,0.8933049440383911,0.8933049440383911,0,0,0.8933049440383911,0.05100066587328911,0.0,0.0,0.0
fit,mac_indoor@1541,0.9046844840049744,0.9046844840049744,0.9046844840049744,0,0,0.9046844840049744,0.051520295441150665,0.0,0.0,0.0
development,ball07_indoor@10,0.9796014428138733,0.9796014428138733,0.9796014428138733,0,0,0.9796014428138733,0.047088511288166046,0.0,0.0,0.0
development,ball07_indoor@88,0.9376006126403809,0.9376006126403809,0.9582704305648804,0,0,0.9376006126403809,0.049865130335092545,0.0,0.0,0.0
development,ball07_indoor@165,0.9448515176773071,0.9448515176773071,0.9448515176773071,0,0,0.9448515176773071,0.036330245435237885,0.0,0.0,0.0
development,ball07_indoor@243,0.9129435420036316,0.9129435420036316,0.9129435420036316,0,0,0.9129435420036316,0.04232056438922882,0.0,0.0,0.0
development,ball07_indoor@321,0.9714369177818298,0.9714369177818298,0.9714369177818298,0,0,0.9714369177818298,0.04684878885746002,0.0,0.0,0.0
development,ball07_indoor@399,0.9325578212738037,0.9325578212738037,0.9325578212738037,0,0,0.9325578212738037,0.04394343122839928,0.0,0.0,0.0
development,ball07_indoor@428,0.0,0.0,0.0,0,0,0.0,0.03455390781164169,0.0,0.0,0.0
development,ball07_indoor@471,0.3282936215400696,0.3282936215400696,0.3993065059185028,0,0,0.3282936215400696,0.1190543994307518,0.0,0.0,0.0
development,ball07_indoor@491,0.7653188705444336,0.7653188705444336,0.7653188705444336,0,0,0.7653188705444336,0.13066983222961426,0.0,0.0,0.0
development,ball07_indoor@527,0.16595950722694397,0.16595950722694397,0.285957008600235,0,0,0.16595950722694397,0.0969579741358757,0.0,0.0,0.0
development,ball07_indoor@602,0.9199227690696716,0.9199227690696716,0.9199227690696716,0,0,0.9199227690696716,0.035018593072891235,0.0,0.0,0.0
development,ball07_indoor@681,0.8932774662971497,0.8932774662971497,0.8932774662971497,0,0,0.8932774662971497,0.08950632810592651,0.0,0.0,0.0
development,ball07_indoor@802,0.1178857609629631,0.13920387625694275,0.13920387625694275,1,1,0.13920387625694275,0.19484777748584747,3.8754799365997314,4.004601001739502,0.12912102043628693
development,ball07_indoor@826,0.04472477361559868,0.050134822726249695,0.050134822726249695,1,1,0.050134822726249695,0.1390264481306076,4.322258949279785,4.482489109039307,0.16023004055023193
development,ball07_indoor@828,0.08869410306215286,0.08869410306215286,0.08869410306215286,0,2,0.08425294607877731,0.09666742384433746,0.0,0.0,0.0
development,ball07_indoor@872,0.17927157878875732,0.17927157878875732,0.28066930174827576,0,0,0.17927157878875732,0.10741531848907471,0.0,0.0,0.0
development,ball07_indoor@885,0.9135106205940247,0.9135106205940247,0.9148200154304504,0,0,0.9135106205940247,0.0767178013920784,0.0,0.0,0.0
development,ball07_indoor@962,0.9083777666091919,0.9083777666091919,0.9495970010757446,0,0,0.9083777666091919,0.0584724061191082,0.0,0.0,0.0
development,ball07_indoor@1044,0.7853454351425171,0.7853454351425171,0.7853454351425171,0,0,0.7853454351425171,0.20332753658294678,0.0,0.0,0.0
development,ball07_indoor@1132,0.0,0.0,0.0,0,5,0.0,0.08969265222549438,0.0,0.0,0.0
development,ball07_indoor@1134,0.0,0.0,0.0,0,0,0.0,0.03878917172551155,0.0,0.0,0.0
development,ball07_indoor@1390,0.0,0.0,0.0,0,1,0.0,0.06437665969133377,0.0,0.0,0.0
development,ball07_indoor@1392,0.0,0.0,0.0,0,0,0.0,0.0786362886428833,0.0,0.0,0.0
development,ball07_indoor@1431,0.0,0.0,0.0,0,0,0.0,0.08010409027338028,0.0,0.0,0.0
development,ball07_indoor@1433,0.0,0.0,0.0,0,0,0.0,0.08923916518688202,0.0,0.0,0.0
development,ball07_indoor@2361,0.0,0.0,0.0,0,2,0.0,0.07845929265022278,0.0,0.0,0.0
development,ball07_indoor@2363,0.0,0.0,0.0,0,0,0.0,0.05048026889562607,0.0,0.0,0.0
development,ball07_indoor@2407,0.0,0.0,0.0,0,0,0.0,0.04970111697912216,0.0,0.0,0.0
development,ball07_indoor@2409,0.0,0.0,0.0,0,0,0.0,0.054530542343854904,0.0,0.0,0.0
development,ball07_indoor@2514,0.0,0.0,0.0,0,0,0.0,0.05030703544616699,0.0,0.0,0.0
development,book06_indoor@10,0.7239968180656433,0.7239968180656433,0.7239968180656433,0,0,0.7239968180656433,0.08407904952764511,0.0,0.0,0.0
development,book06_indoor@21,0.4970468282699585,0.682995617389679,0.682995617389679,3,3,0.682995617389679,0.1550493985414505,1.2819414138793945,1.4037030935287476,0.1217617392539978
development,book06_indoor@116,0.9079715013504028,0.9079715013504028,0.9079715013504028,0,0,0.9079715013504028,0.053177379071712494,0.0,0.0,0.0
development,book06_indoor@218,0.842654287815094,0.842654287815094,0.842654287815094,0,0,0.842654287815094,0.10211458057165146,0.0,0.0,0.0
development,book06_indoor@322,0.9110518097877502,0.9110518097877502,0.9110518097877502,0,0,0.9110518097877502,0.05265076085925102,0.0,0.0,0.0
development,book06_indoor@362,0.04247504845261574,0.04247504845261574,0.14527961611747742,0,0,0.04247504845261574,0.19174589216709137,0.0,0.0,0.0
development,book06_indoor@429,0.8386772871017456,0.8386772871017456,0.8386772871017456,0,0,0.8386772871017456,0.05113516002893448,0.0,0.0,0.0
development,book06_indoor@531,0.867900013923645,0.867900013923645,0.867900013923645,0,0,0.867900013923645,0.0459112748503685,0.0,0.0,0.0
development,book06_indoor@633,0.9373056888580322,0.9373056888580322,0.9373056888580322,0,0,0.9373056888580322,0.14493395388126373,0.0,0.0,0.0
development,book06_indoor@685,0.1687491089105606,0.23179304599761963,0.39885690808296204,1,1,0.23179304599761963,0.11529624462127686,0.709234893321991,0.7879091501235962,0.07867425680160522
development,book06_indoor@971,0.9424933791160583,0.9424933791160583,0.9424933791160583,0,0,0.9424933791160583,0.10404391586780548,0.0,0.0,0.0
development,book06_indoor@1073,0.9178531765937805,0.8572059273719788,0.9178531765937805,1,1,0.8572059273719788,0.1671905815601349,3.754716396331787,3.780933380126953,0.02621692419052124
development,book06_indoor@1175,0.8553225994110107,0.8553225994110107,0.8553225994110107,0,0,0.8553225994110107,0.15906041860580444,0.0,0.0,0.0
development,book06_indoor@1196,0.20164361596107483,0.20164361596107483,0.226909801363945,0,0,0.20164361596107483,0.4629783034324646,0.0,0.0,0.0
development,book06_indoor@1197,0.17442384362220764,0.17442384362220764,0.18563449382781982,0,0,0.17442384362220764,0.4433254599571228,0.0,0.0,0.0
development,book06_indoor@1199,0.013791359961032867,0.013791359961032867,0.053211357444524765,0,0,0.013791359961032867,0.5214643478393555,0.0,0.0,0.0
development,book06_indoor@1201,0.02545076794922352,0.02545076794922352,0.03181714564561844,0,0,0.02545076794922352,0.3848831057548523,0.0,0.0,0.0
development,book06_indoor@1236,0.0121340686455369,0.0121340686455369,0.021320780739188194,0,0,0.0121340686455369,0.3475116193294525,0.0,0.0,0.0
development,book06_indoor@1238,0.02145715244114399,0.02145715244114399,0.049704693257808685,0,0,0.02145715244114399,0.3681742548942566,0.0,0.0,0.0
development,book06_indoor@1358,0.916602373123169,0.916602373123169,0.916602373123169,0,0,0.916602373123169,0.06607098132371902,0.0,0.0,0.0
development,book06_indoor@1483,0.7239518761634827,0.7239518761634827,0.7239518761634827,0,0,0.7239518761634827,0.27011701464653015,0.0,0.0,0.0
development,book06_indoor@1484,0.23862114548683167,0.37503311038017273,0.37503311038017273,1,1,0.37503311038017273,0.10262604057788849,0.5135709047317505,0.632697343826294,0.11912643909454346
development,book06_indoor@1686,0.0,0.0,0.0,1,1,0.0,0.07186734676361084,0.7231587767601013,1.1183116436004639,0.3951529264450073
development,book06_indoor@1688,0.0,0.0,0.0,0,0,0.0,0.11591771990060806,0.0,0.0,0.0
development,book06_indoor@1986,0.0,0.0,0.8524395227432251,0,0,0.0,0.3602139353752136,0.0,0.0,0.0
development,car02_indoor@10,0.921025276184082,0.921025276184082,0.921025276184082,0,0,0.921025276184082,0.03839932009577751,0.0,0.0,0.0
development,car02_indoor@47,0.966198742389679,0.966198742389679,0.966198742389679,0,0,0.966198742389679,0.04462745040655136,0.0,0.0,0.0
development,car02_indoor@68,0.3639790117740631,0.3639790117740631,0.3639790117740631,0,0,0.3639790117740631,0.08640186488628387,0.0,0.0,0.0
development,car02_indoor@91,0.965921938419342,0.965921938419342,0.965921938419342,0,0,0.965921938419342,0.04339945688843727,0.0,0.0,0.0
development,car02_indoor@128,0.9636989235877991,0.9636989235877991,0.9636989235877991,0,0,0.9636989235877991,0.052935194224119186,0.0,0.0,0.0
development,car02_indoor@165,0.8397073745727539,0.8397073745727539,0.8397073745727539,0,2,0.8217936158180237,0.27911725640296936,0.0,0.0,0.0
development,car02_indoor@202,0.8746662139892578,0.8746662139892578,0.8746662139892578,0,0,0.8746662139892578,0.05659127235412598,0.0,0.0,0.0
development,car02_indoor@215,0.0,0.0,0.0,1,1,0.0,0.024453308433294296,0.0786745548248291,0.09459471702575684,0.015920162200927734
development,car02_indoor@217,0.0,0.0,0.0,0,3,0.0,0.025308337062597275,0.0,0.0,0.0
development,car02_indoor@379,0.9267943501472473,0.9267943501472473,0.9267943501472473,0,0,0.9267943501472473,0.04728339612483978,0.0,0.0,0.0
development,car02_indoor@416,0.9633709192276001,0.9633709192276001,0.9733862280845642,0,0,0.9633709192276001,0.06498387455940247,0.0,0.0,0.0
development,car02_indoor@453,0.9498741626739502,0.9498741626739502,0.9498741626739502,0,0,0.9498741626739502,0.046456169337034225,0.0,0.0,0.0
development,car02_indoor@490,0.9614442586898804,0.9614442586898804,0.9614442586898804,0,0,0.9614442586898804,0.06505315005779266,0.0,0.0,0.0
development,car02_indoor@528,0.9408965706825256,0.9408965706825256,0.9421603083610535,0,0,0.9408965706825256,0.07788598537445068,0.0,0.0,0.0
development,car02_indoor@644,0.0,0.0,0.0,0,0,0.0,0.022435499355196953,0.0,0.0,0.0
development,car02_indoor@646,0.0,0.0,0.0,0,0,0.0,0.02216275781393051,0.0,0.0,0.0
development,car02_indoor@657,0.08277653902769089,0.08277653902769089,0.14955808222293854,0,0,0.08277653902769089,0.040698450058698654,0.0,0.0,0.0
development,car02_indoor@658,0.17059443891048431,0.17059443891048431,0.273002028465271,0,0,0.17059443891048431,0.0756823718547821,0.0,0.0,0.0
development,car02_indoor@674,0.9445104002952576,0.9445104002952576,0.9445104002952576,0,0,0.9445104002952576,0.16680823266506195,0.0,0.0,0.0
development,colacan04_indoor@10,0.9613009095191956,0.9613009095191956,0.9613009095191956,0,0,0.9613009095191956,0.04780743271112442,0.0,0.0,0.0
development,colacan04_indoor@25,0.9195542931556702,0.9195542931556702,0.9195542931556702,0,0,0.9195542931556702,0.04019926115870476,0.0,0.0,0.0
development,colacan04_indoor@40,0.9092860221862793,0.9092860221862793,0.9092860221862793,0,0,0.9092860221862793,0.0982782393693924,0.0,0.0,0.0
development,colacan04_indoor@54,0.9288368225097656,0.9288368225097656,0.9556612968444824,0,0,0.9288368225097656,0.06105905771255493,0.0,0.0,0.0
development,colacan04_indoor@69,0.9807873964309692,0.9807873964309692,0.9807873964309692,0,0,0.9807873964309692,0.07612838596105576,0.0,0.0,0.0
development,colacan04_indoor@84,0.8153956532478333,0.8153956532478333,0.8153956532478333,0,0,0.8153956532478333,0.02706249989569187,0.0,0.0,0.0
development,colacan04_indoor@99,0.9174346923828125,0.9174346923828125,0.9174346923828125,0,0,0.9174346923828125,0.20145273208618164,0.0,0.0,0.0
development,colacan04_indoor@127,0.0,0.0,0.0,0,0,0.0,0.040987469255924225,0.0,0.0,0.0
development,colacan04_indoor@131,0.3686637580394745,0.3686637580394745,0.87318354845047,0,0,0.3686637580394745,0.09918298572301865,0.0,0.0,0.0
development,colacan04_indoor@145,0.9495553970336914,0.9495553970336914,0.9495553970336914,0,0,0.9495553970336914,0.03157510235905647,0.0,0.0,0.0
development,colacan04_indoor@184,0.9417834281921387,0.7404369711875916,0.9417834281921387,1,1,0.7404369711875916,0.12314443290233612,3.8342602252960205,4.3268327713012695,0.4925723075866699
development,colacan04_indoor@198,0.9146527647972107,0.9146527647972107,0.9146527647972107,0,0,0.9146527647972107,0.03806207329034805,0.0,0.0,0.0
development,colacan04_indoor@212,0.22215573489665985,0.22215573489665985,0.264433354139328,0,2,0.23330578207969666,0.08509404212236404,0.0,0.0,0.0
development,colacan04_indoor@232,0.0,0.0,0.0,0,1,0.0,0.025403153151273727,0.0,0.0,0.0
development,colacan04_indoor@234,0.0,0.0,0.0,0,0,0.0,0.026564935222268105,0.0,0.0,0.0
development,colacan04_indoor@264,0.7078307867050171,0.7078307867050171,0.7078307867050171,0,0,0.7078307867050171,0.1683087944984436,0.0,0.0,0.0
development,colacan04_indoor@309,0.7394173741340637,0.7394173741340637,0.7394173741340637,0,0,0.7394173741340637,0.3215169310569763,0.0,0.0,0.0
development,colacan04_indoor@409,0.0,0.0,0.0,0,1,0.0,0.33466070890426636,0.0,0.0,0.0
development,colacan04_indoor@411,0.0,0.0,0.0,0,1,0.0,0.3298507630825043,0.0,0.0,0.0
development,colacan04_indoor@543,0.0,0.0,0.0,2,2,0.0,0.1090821847319603,1.423889398574829,1.4992971420288086,0.07540774345397949
development,colacan04_indoor@545,0.0,0.0,0.0,0,2,0.0,0.11762615293264389,0.0,0.0,0.0
development,colacan04_indoor@757,0.0,0.0,0.0,0,2,0.0,0.11089135706424713,0.0,0.0,0.0
development,colacan04_indoor@759,0.0,0.0,0.0,1,1,0.0,0.1445445716381073,2.274294376373291,2.3696064949035645,0.09531223773956299
development,colacan04_indoor@855,0.0,0.0,0.0,0,0,0.0,0.10747164487838745,0.0,0.0,0.0
development,colacan04_indoor@857,0.0,0.0,0.0,0,1,0.0,0.10143385082483292,0.0,0.0,0.0
development,colacan04_indoor@954,0.0,0.0,0.0,1,1,0.0,0.25463587045669556,2.7451725006103516,2.767720937728882,0.022548377513885498
development,colacan04_indoor@956,0.0,0.0,0.0,2,1,0.0,0.25434789061546326,3.246521234512329,3.2718591690063477,0.025337934494018555
development,colacan04_indoor@978,0.0,0.0,0.0,1,1,0.0,0.14895276725292206,1.683293342590332,1.7122695446014404,0.0289762020111084
development,container01_indoor@10,0.954136073589325,0.954136073589325,0.954136073589325,0,0,0.954136073589325,0.050561077892780304,0.0,0.0,0.0
development,container01_indoor@65,0.9250144362449646,0.9250144362449646,0.9250144362449646,0,0,0.9250144362449646,0.04022417217493057,0.0,0.0,0.0
development,container01_indoor@120,0.968363881111145,0.968363881111145,0.968363881111145,0,0,0.968363881111145,0.04051616042852402,0.0,0.0,0.0
development,container01_indoor@175,0.8996884226799011,0.8996884226799011,0.8996884226799011,0,0,0.8996884226799011,0.06371309608221054,0.0,0.0,0.0
development,container01_indoor@230,0.9062915444374084,0.9062915444374084,0.9062915444374084,0,0,0.9062915444374084,0.06573870033025742,0.0,0.0,0.0
development,container01_indoor@285,0.9493775367736816,0.9493775367736816,0.9493775367736816,0,0,0.9493775367736816,0.050205886363983154,0.0,0.0,0.0
development,container01_indoor@341,0.9337673783302307,0.9337673783302307,0.9337673783302307,0,0,0.9337673783302307,0.10190770775079727,0.0,0.0,0.0
development,container01_indoor@396,0.9530016183853149,0.9530016183853149,0.9530016183853149,0,0,0.9530016183853149,0.0549345538020134,0.0,0.0,0.0
development,container01_indoor@424,0.24483858048915863,0.24483858048915863,0.24483858048915863,0,0,0.24483858048915863,0.04910232126712799,0.0,0.0,0.0
development,container01_indoor@426,0.0,0.0,0.0,0,0,0.0,0.13664990663528442,0.0,0.0,0.0
development,container01_indoor@550,0.9112297892570496,0.9112297892570496,0.9112297892570496,0,0,0.9112297892570496,0.05679202824831009,0.0,0.0,0.0
development,container01_indoor@605,0.7589059472084045,0.7589059472084045,0.7589059472084045,0,1,0.6345682740211487,0.07715298235416412,0.0,0.0,0.0
development,container01_indoor@643,0.09883080422878265,0.09883080422878265,0.14865747094154358,0,0,0.09883080422878265,0.03937910869717598,0.0,0.0,0.0
development,container01_indoor@694,0.9516855478286743,0.9516855478286743,0.9516855478286743,0,0,0.9516855478286743,0.04438580200076103,0.0,0.0,0.0
development,container01_indoor@749,0.8467152118682861,0.8467152118682861,0.8467152118682861,0,0,0.8467152118682861,0.11658265441656113,0.0,0.0,0.0
development,cup08_indoor@10,0.9199970364570618,0.9199970364570618,0.9199970364570618,0,0,0.9199970364570618,0.16523125767707825,0.0,0.0,0.0
development,cup08_indoor@119,0.9155234098434448,0.9155234098434448,0.9155234098434448,0,0,0.9155234098434448,0.1318192481994629,0.0,0.0,0.0
development,cup08_indoor@228,0.8846111297607422,0.8846111297607422,0.8846111297607422,0,0,0.8846111297607422,0.11740980297327042,0.0,0.0,0.0
development,cup08_indoor@414,0.829616129398346,0.829616129398346,0.829616129398346,0,0,0.829616129398346,0.121343694627285,0.0,0.0,0.0
development,cup08_indoor@549,0.8583872318267822,0.8583872318267822,0.8583872318267822,0,0,0.8583872318267822,0.11393536627292633,0.0,0.0,0.0
development,cup08_indoor@658,0.8775302171707153,0.8775302171707153,0.8775302171707153,0,0,0.8775302171707153,0.031220698729157448,0.0,0.0,0.0
development,cup08_indoor@741,0.0,0.0,0.0,0,0,0.0,0.10717886686325073,0.0,0.0,0.0
development,cup08_indoor@750,0.0,0.0,0.2662663757801056,0,0,0.0,0.21018166840076447,0.0,0.0,0.0
development,cup08_indoor@752,0.0,0.0,0.40008261799812317,0,0,0.0,0.2580046057701111,0.0,0.0,0.0
development,cup08_indoor@851,0.0,0.9150517582893372,0.9150517582893372,1,1,0.9150517582893372,0.23329925537109375,0.7290776968002319,0.8474071621894836,0.11832946538925171
development,cup08_indoor@897,0.8207029104232788,0.8207029104232788,0.8207029104232788,0,0,0.8207029104232788,0.050433047115802765,0.0,0.0,0.0
development,cup08_indoor@1006,0.9517087936401367,0.9517087936401367,0.9517087936401367,0,0,0.9517087936401367,0.05450930446386337,0.0,0.0,0.0
development,cup08_indoor@1115,0.9577575922012329,0.9577575922012329,0.9577575922012329,0,0,0.9577575922012329,0.1458228975534439,0.0,0.0,0.0
development,cup08_indoor@1225,0.8914360404014587,0.8914360404014587,0.8914360404014587,0,0,0.8914360404014587,0.1157093420624733,0.0,0.0,0.0
development,cup08_indoor@1318,0.3717772364616394,0.3717772364616394,0.4398718774318695,0,1,0.22703607380390167,0.17017683386802673,0.0,0.0,0.0
development,cup08_indoor@1323,0.47515207529067993,0.47515207529067993,0.5441842079162598,0,0,0.47515207529067993,0.12195856869220734,0.0,0.0,0.0
development,cup08_indoor@1331,0.2241426557302475,0.2241426557302475,0.27565550804138184,0,0,0.2241426557302475,0.05920814722776413,0.0,0.0,0.0
development,cup08_indoor@1337,0.9307952523231506,0.9307952523231506,0.9307952523231506,0,0,0.9307952523231506,0.14814092218875885,0.0,0.0,0.0
development,cup08_indoor@1446,0.939397931098938,0.939397931098938,0.939397931098938,0,0,0.939397931098938,0.060957156121730804,0.0,0.0,0.0
development,cup13_indoor@10,0.8020230531692505,0.8020230531692505,0.8020230531692505,0,0,0.8020230531692505,0.10466110706329346,0.0,0.0,0.0
development,cup13_indoor@149,0.8703272938728333,0.8703272938728333,0.8994383811950684,0,2,0.815434455871582,0.10959377139806747,0.0,0.0,0.0
development,cup13_indoor@287,0.8603986501693726,0.8603986501693726,0.8603986501693726,0,0,0.8603986501693726,0.08596369624137878,0.0,0.0,0.0
development,cup13_indoor@413,0.33550557494163513,0.19711008667945862,0.5372348427772522,2,2,0.19711008667945862,0.17546752095222473,0.9382193088531494,1.0235803127288818,0.08536100387573242
development,cup13_indoor@429,0.8474438786506653,0.8474438786506653,0.8474438786506653,0,1,0.7626414895057678,0.058897994458675385,0.0,0.0,0.0
development,cup13_indoor@444,0.0,0.0,0.35808253288269043,0,0,0.0,0.3462865948677063,0.0,0.0,0.0
development,cup13_indoor@474,0.3541555404663086,0.3541555404663086,0.6809439063072205,0,1,0.14641191065311432,0.23075072467327118,0.0,0.0,0.0
development,cup13_indoor@577,0.9232310056686401,0.9232310056686401,0.9232310056686401,0,0,0.9232310056686401,0.1525491625070572,0.0,0.0,0.0
development,cup13_indoor@697,0.4763621687889099,0.4763621687889099,0.4763621687889099,0,2,0.3941710889339447,0.19576139748096466,0.0,0.0,0.0
development,cup13_indoor@726,0.0,0.0,0.0,0,0,0.0,0.049336113035678864,0.0,0.0,0.0
development,cup13_indoor@728,0.0,0.0,0.0,2,2,0.0,0.4289671778678894,2.919198513031006,2.9783239364624023,0.05912548303604126
development,cup13_indoor@791,0.0,0.0,0.0,2,2,0.0,0.047925546765327454,0.16095972061157227,0.42508721351623535,0.2641274929046631
development,cup13_indoor@793,0.0,0.0,0.0,9,9,0.0,0.05663499981164932,1.8900082111358643,2.333061456680298,0.4430532455444336
development,cup13_indoor@860,0.7156115770339966,0.7156115770339966,0.7156115770339966,0,0,0.7156115770339966,0.1277448683977127,0.0,0.0,0.0
development,cup13_indoor@999,0.7593246102333069,0.7593246102333069,0.7749318480491638,0,2,0.7749318480491638,0.1951248049736023,0.0,0.0,0.0
development,cup13_indoor@1168,0.8385099172592163,0.8385099172592163,0.8385099172592163,0,0,0.8385099172592163,0.024095969274640083,0.0,0.0,0.0
development,cup13_indoor@1311,0.663391649723053,0.663391649723053,0.7304426431655884,0,0,0.663391649723053,0.09206735342741013,0.0,0.0,0.0
development,cup13_indoor@1451,0.754881739616394,0.754881739616394,0.7647404074668884,0,0,0.754881739616394,0.10082533210515976,0.0,0.0,0.0
development,cup13_indoor@1591,0.636683464050293,0.636683464050293,0.636683464050293,0,0,0.636683464050293,0.16122891008853912,0.0,0.0,0.0
development,cup13_indoor@1730,0.8339993357658386,0.8339993357658386,0.8339993357658386,0,0,0.8339993357658386,0.3496263027191162,0.0,0.0,0.0
development,cup13_indoor@1731,0.3969116806983948,0.3969116806983948,0.4937998652458191,0,0,0.3969116806983948,0.3048596978187561,0.0,0.0,0.0
development,cup13_indoor@1748,0.0,0.0,0.0,0,0,0.0,0.07272914797067642,0.0,0.0,0.0
development,cup13_indoor@1750,0.0,0.0,0.0,1,0,0.0,0.06391531229019165,0.07182812690734863,0.09063458442687988,0.01880645751953125
development,cup13_indoor@1757,0.0,0.0,0.0,0,0,0.0,0.05627880617976189,0.0,0.0,0.0
development,flower02_wild@10,0.9474923014640808,0.9474923014640808,0.9474923014640808,0,0,0.9474923014640808,0.05844905227422714,0.0,0.0,0.0
development,flower02_wild@42,0.856574296951294,0.856574296951294,0.8855898976325989,0,0,0.856574296951294,0.08604408800601959,0.0,0.0,0.0
development,flower02_wild@86,0.8902753591537476,0.8902753591537476,0.8902753591537476,0,0,0.8902753591537476,0.05002551153302193,0.0,0.0,0.0
development,flower02_wild@143,0.022963332012295723,0.022963332012295723,0.03408404067158699,0,0,0.022963332012295723,0.025786370038986206,0.0,0.0,0.0
development,flower02_wild@159,0.30793675780296326,0.30793675780296326,0.32891833782196045,0,0,0.30793675780296326,0.07817638665437698,0.0,0.0,0.0
development,flower02_wild@161,0.9156259298324585,0.9156259298324585,0.9156259298324585,0,0,0.9156259298324585,0.07523338496685028,0.0,0.0,0.0
development,flower02_wild@172,0.42740482091903687,0.42740482091903687,0.455300509929657,0,0,0.42740482091903687,0.09299123287200928,0.0,0.0,0.0
development,flower02_wild@258,0.0,0.0,0.0,0,0,0.0,0.05279774218797684,0.0,0.0,0.0
development,flower02_wild@260,0.0,0.0,0.0,1,1,0.0,0.031466953456401825,0.6715188026428223,0.9670066833496094,0.2954878807067871
development,flower02_wild@361,0.8649848699569702,0.8649848699569702,0.8795579671859741,0,0,0.8649848699569702,0.05169104412198067,0.0,0.0,0.0
development,flower02_wild@384,0.47248971462249756,0.47248971462249756,0.47248971462249756,0,0,0.47248971462249756,0.08808870613574982,0.0,0.0,0.0
development,flower02_wild@404,0.827894389629364,0.827894389629364,0.8390518426895142,0,0,0.827894389629364,0.09812133014202118,0.0,0.0,0.0
development,flower02_wild@441,0.8462045788764954,0.8462045788764954,0.8619580268859863,0,0,0.8462045788764954,0.04349636659026146,0.0,0.0,0.0
development,flower02_wild@472,0.8509330749511719,0.8509330749511719,0.8509330749511719,0,0,0.8509330749511719,0.077145054936409,0.0,0.0,0.0
development,flower02_wild@504,0.8190401196479797,0.8190401196479797,0.8728004097938538,0,0,0.8190401196479797,0.07696836441755295,0.0,0.0,0.0
development,flower02_wild@545,0.4472446143627167,0.4472446143627167,0.4912354648113251,0,0,0.4472446143627167,0.1648097038269043,0.0,0.0,0.0
development,flower02_wild@570,0.9079897403717041,0.9079897403717041,0.9079897403717041,0,0,0.9079897403717041,0.04495338350534439,0.0,0.0,0.0
development,flower02_wild@601,0.8471737504005432,0.8471737504005432,0.9072848558425903,0,0,0.8471737504005432,0.11899019777774811,0.0,0.0,0.0
development,flower02_wild@625,0.0,0.0,0.0,8,8,0.0,0.21267619729042053,2.4469032287597656,2.580594778060913,0.13369148969650269
development,flower02_wild@627,0.0,0.0,0.008877880871295929,0,0,0.0,0.4262720048427582,0.0,0.0,0.0
development,flower02_wild@635,0.0,0.0,0.7675962448120117,0,0,0.0,0.3093002140522003,0.0,0.0,0.0
development,flower02_wild@651,0.6659718155860901,0.6659718155860901,0.7602891325950623,0,0,0.6659718155860901,0.11372269690036774,0.0,0.0,0.0
development,flower03_indoor@10,0.7783219218254089,0.7783219218254089,0.7783219218254089,0,0,0.7783219218254089,0.06540589034557343,0.0,0.0,0.0
development,flower03_indoor@58,0.8512560725212097,0.8367646932601929,0.8512560725212097,1,1,0.8367646932601929,0.26177942752838135,3.2431087493896484,3.3280956745147705,0.08498698472976685
development,flower03_indoor@107,0.8057451844215393,0.8057451844215393,0.8068317770957947,0,0,0.8057451844215393,0.029010847210884094,0.0,0.0,0.0
development,flower03_indoor@155,0.8572304248809814,0.8572304248809814,0.8572304248809814,0,0,0.8572304248809814,0.07110442221164703,0.0,0.0,0.0
development,flower03_indoor@277,0.8983837962150574,0.8983837962150574,0.8983837962150574,0,0,0.8983837962150574,0.0470283105969429,0.0,0.0,0.0
development,flower03_indoor@325,0.8915886878967285,0.8915886878967285,0.8915886878967285,0,1,0.8896785974502563,0.18200789391994476,0.0,0.0,0.0
development,flower03_indoor@412,0.779712438583374,0.6868935227394104,0.779712438583374,3,2,0.6001561880111694,0.4189763069152832,2.407731771469116,2.455362558364868,0.047630906105041504
development,flower03_indoor@494,0.8849084973335266,0.8849084973335266,0.896160900592804,0,0,0.8849084973335266,0.09913571923971176,0.0,0.0,0.0
development,flower03_indoor@543,0.7942978739738464,0.7942978739738464,0.7942978739738464,0,0,0.7942978739738464,0.07422928512096405,0.0,0.0,0.0
development,flower03_indoor@642,0.9379165768623352,0.9379165768623352,0.9379165768623352,0,0,0.9379165768623352,0.14891090989112854,0.0,0.0,0.0
development,flower03_indoor@691,0.7466260194778442,0.7466260194778442,0.7941045761108398,0,0,0.7466260194778442,0.07242261618375778,0.0,0.0,0.0
development,flower03_indoor@739,0.8614311814308167,0.8614311814308167,0.8614311814308167,0,0,0.8614311814308167,0.03501017391681671,0.0,0.0,0.0
development,flowerbasket_indoor@10,0.9156676530838013,0.9156676530838013,0.9156676530838013,0,0,0.9156676530838013,0.03864274173974991,0.0,0.0,0.0
development,flowerbasket_indoor@62,0.023494042456150055,0.023494042456150055,0.10781007260084152,0,0,0.023494042456150055,0.02772790752351284,0.0,0.0,0.0
development,flowerbasket_indoor@65,0.41658732295036316,0.41658732295036316,0.41658732295036316,0,0,0.41658732295036316,0.10832313448190689,0.0,0.0,0.0
development,flowerbasket_indoor@83,0.9425620436668396,0.9425620436668396,0.9425620436668396,0,0,0.9425620436668396,0.07190908491611481,0.0,0.0,0.0
development,flowerbasket_indoor@148,0.8752813935279846,0.8752813935279846,0.8752813935279846,0,0,0.8752813935279846,0.06541580706834793,0.0,0.0,0.0
development,flowerbasket_indoor@212,0.9123135805130005,0.9123135805130005,0.9123135805130005,0,0,0.9123135805130005,0.04583610221743584,0.0,0.0,0.0
development,flowerbasket_indoor@294,0.8964498043060303,0.8964498043060303,0.8964498043060303,0,0,0.8964498043060303,0.0730099081993103,0.0,0.0,0.0
development,flowerbasket_indoor@308,0.43414127826690674,0.43414127826690674,0.43414127826690674,0,0,0.43414127826690674,0.11332490295171738,0.0,0.0,0.0
development,flowerbasket_indoor@333,0.49732348322868347,0.49732348322868347,0.546359658241272,0,0,0.49732348322868347,0.0455007329583168,0.0,0.0,0.0
development,flowerbasket_indoor@388,0.0,0.0,0.0,0,1,0.0,0.19976745545864105,0.0,0.0,0.0
development,flowerbasket_indoor@390,0.0,0.0,0.0,0,2,0.0,0.22974810004234314,0.0,0.0,0.0
development,flowerbasket_indoor@439,0.9089071750640869,0.9089071750640869,0.9089071750640869,0,0,0.9089071750640869,0.05485307425260544,0.0,0.0,0.0
development,flowerbasket_indoor@504,0.9805249571800232,0.9805249571800232,0.9805249571800232,0,0,0.9805249571800232,0.04743429273366928,0.0,0.0,0.0
development,flowerbasket_indoor@531,0.9001041054725647,0.9001041054725647,0.9001041054725647,0,0,0.9001041054725647,0.22486285865306854,0.0,0.0,0.0
development,flowerbasket_indoor@533,0.0,0.0,0.7395868897438049,0,0,0.0,0.31559231877326965,0.0,0.0,0.0
development,flowerbasket_indoor@535,0.0,0.0,0.9237850308418274,0,2,0.0,0.25782620906829834,0.0,0.0,0.0
development,flowerbasket_indoor@585,0.8734192848205566,0.8734192848205566,0.8734192848205566,0,0,0.8734192848205566,0.056366462260484695,0.0,0.0,0.0
development,flowerbasket_indoor@649,0.961605966091156,0.961605966091156,0.961605966091156,0,0,0.961605966091156,0.09252855181694031,0.0,0.0,0.0
development,flowerbasket_indoor@713,0.8985804915428162,0.8985804915428162,0.8985804915428162,0,0,0.8985804915428162,0.05472220107913017,0.0,0.0,0.0
development,flowerbasket_indoor@778,0.8466317653656006,0.8466317653656006,0.8466317653656006,0,0,0.8466317653656006,0.13742443919181824,0.0,0.0,0.0
development,flowerbasket_indoor@905,0.0,0.0,0.0,0,4,0.0,0.32484930753707886,0.0,0.0,0.0
development,flowerbasket_indoor@907,0.0,0.0,0.0,0,2,0.0,0.34972453117370605,0.0,0.0,0.0
development,flowerbasket_indoor@991,0.0,0.0,0.019092755392193794,1,1,0.0,0.06914697587490082,0.24579811096191406,0.30519700050354004,0.05939888954162598
development,flowerbasket_indoor@992,0.36951544880867004,0.36951544880867004,0.3788868188858032,0,0,0.36951544880867004,0.10090849548578262,0.0,0.0,0.0
development,flowerbasket_indoor@996,0.9044169187545776,0.9044169187545776,0.9044169187545776,0,0,0.9044169187545776,0.08755365759134293,0.0,0.0,0.0
development,ghostmask_indoor@10,0.9475675821304321,0.9475675821304321,0.9475675821304321,0,0,0.9475675821304321,0.07139520347118378,0.0,0.0,0.0
development,ghostmask_indoor@83,0.9696351885795593,0.9696351885795593,0.9696351885795593,0,0,0.9696351885795593,0.0488380528986454,0.0,0.0,0.0
development,ghostmask_indoor@156,0.9310916662216187,0.9310916662216187,0.9310916662216187,0,0,0.9310916662216187,0.03223263844847679,0.0,0.0,0.0
development,ghostmask_indoor@228,0.6214268803596497,0.6214268803596497,0.6214268803596497,0,1,0.4741397202014923,0.054396308958530426,0.0,0.0,0.0
development,ghostmask_indoor@232,0.16602307558059692,0.16602307558059692,0.20406456291675568,0,2,0.19406065344810486,0.03691253438591957,0.0,0.0,0.0
development,ghostmask_indoor@282,0.04049782454967499,0.04049782454967499,0.07129421085119247,0,1,0.057227469980716705,0.022860471159219742,0.0,0.0,0.0
development,ghostmask_indoor@359,0.9057062268257141,0.9057062268257141,0.9057062268257141,0,0,0.9057062268257141,0.08442125469446182,0.0,0.0,0.0
development,ghostmask_indoor@432,0.9548157453536987,0.9548157453536987,0.9548157453536987,0,0,0.9548157453536987,0.07083163410425186,0.0,0.0,0.0
development,ghostmask_indoor@505,0.941774845123291,0.941774845123291,0.941774845123291,0,0,0.941774845123291,0.046712975949048996,0.0,0.0,0.0
development,ghostmask_indoor@578,0.9582921862602234,0.9582921862602234,0.9582921862602234,0,0,0.9582921862602234,0.052223365753889084,0.0,0.0,0.0
development,ghostmask_indoor@651,0.9406524896621704,0.9406524896621704,0.9406524896621704,0,0,0.9406524896621704,0.05399192124605179,0.0,0.0,0.0
development,ghostmask_indoor@724,0.16641798615455627,0.16641798615455627,0.16641798615455627,0,0,0.16641798615455627,0.12517251074314117,0.0,0.0,0.0
development,ghostmask_indoor@745,0.8706045746803284,0.8706045746803284,0.8706045746803284,0,0,0.8706045746803284,0.04255565255880356,0.0,0.0,0.0
development,ghostmask_indoor@850,0.17201368510723114,0.2260141372680664,0.2260141372680664,1,1,0.2260141372680664,0.04290882498025894,2.7437686920166016,3.0319018363952637,0.28813326358795166
development,ghostmask_indoor@888,0.9383846521377563,0.9383846521377563,0.9383846521377563,0,1,0.8959397673606873,0.07842837274074554,0.0,0.0,0.0
development,ghostmask_indoor@925,0.4636983871459961,0.4636983871459961,0.5125564932823181,0,0,0.4636983871459961,0.1511501967906952,0.0,0.0,0.0
development,ghostmask_indoor@966,0.8969895839691162,0.8969895839691162,0.8969895839691162,0,0,0.8969895839691162,0.25080329179763794,0.0,0.0,0.0
development,ghostmask_indoor@985,0.0,0.0,0.0,0,0,0.0,0.5418906211853027,0.0,0.0,0.0
development,ghostmask_indoor@987,0.0,0.0,0.008202449418604374,0,0,0.0,0.44069671630859375,0.0,0.0,0.0
development,ghostmask_indoor@989,0.0,0.0,0.2193128615617752,0,0,0.0,0.15642711520195007,0.0,0.0,0.0
development,ghostmask_indoor@1029,0.0,0.0,0.0,0,0,0.0,0.18111178278923035,0.0,0.0,0.0
development,ghostmask_indoor@1031,0.0,0.0,0.0,0,0,0.0,0.14530745148658752,0.0,0.0,0.0
development,ghostmask_indoor@1125,0.0,0.0,0.4583902060985565,0,0,0.0,0.41039061546325684,0.0,0.0,0.0
development,ghostmask_indoor@1127,0.0,0.0,0.5035385489463806,0,0,0.0,0.37321728467941284,0.0,0.0,0.0
development,ghostmask_indoor@1129,0.0,0.0,0.5600000619888306,0,0,0.0,0.35185325145721436,0.0,0.0,0.0
development,ghostmask_indoor@1160,0.0,0.8950814604759216,0.8950814604759216,1,1,0.8950814604759216,0.1477418690919876,1.1269534826278687,3.655524730682373,2.528571128845215
development,mobilephone01_indoor@10,0.8790252208709717,0.8790252208709717,0.8790252208709717,0,0,0.8790252208709717,0.05771598219871521,0.0,0.0,0.0
development,mobilephone01_indoor@99,0.9114260673522949,0.9114260673522949,0.9114260673522949,0,0,0.9114260673522949,0.0443902350962162,0.0,0.0,0.0
development,mobilephone01_indoor@188,0.7918673157691956,0.7918673157691956,0.8422791361808777,0,0,0.7918673157691956,0.0726013109087944,0.0,0.0,0.0
development,mobilephone01_indoor@278,0.9089329838752747,0.9089329838752747,0.9089329838752747,0,0,0.9089329838752747,0.060687027871608734,0.0,0.0,0.0
development,mobilephone01_indoor@367,0.9305123090744019,0.9305123090744019,0.9305123090744019,0,0,0.9305123090744019,0.044929321855306625,0.0,0.0,0.0
development,mobilephone01_indoor@456,0.9293934106826782,0.9293934106826782,0.9293934106826782,0,0,0.9293934106826782,0.042271122336387634,0.0,0.0,0.0
development,mobilephone01_indoor@506,0.39779430627822876,0.39779430627822876,0.45680978894233704,0,0,0.39779430627822876,0.2079971730709076,0.0,0.0,0.0
development,mobilephone01_indoor@559,0.9042055606842041,0.9042055606842041,0.9042055606842041,0,0,0.9042055606842041,0.0866810530424118,0.0,0.0,0.0
development,mobilephone01_indoor@648,0.9307636022567749,0.9307636022567749,0.9307636022567749,0,0,0.9307636022567749,0.051442958414554596,0.0,0.0,0.0
development,mobilephone01_indoor@787,0.0,0.0,0.0,0,0,0.0,0.03948742523789406,0.0,0.0,0.0
development,mobilephone01_indoor@789,0.0,0.0,0.0,0,0,0.0,0.04562533646821976,0.0,0.0,0.0
development,mobilephone01_indoor@897,0.9071887135505676,0.9255590438842773,0.9255590438842773,4,4,0.9255590438842773,0.20535126328468323,4.243142604827881,4.243321418762207,0.00017905235290527344
development,mobilephone01_indoor@969,0.40527814626693726,0.40527814626693726,0.40527814626693726,0,0,0.40527814626693726,0.0550701729953289,0.0,0.0,0.0
development,mobilephone01_indoor@1033,0.0,0.0,0.0,0,0,0.0,0.058743882924318314,0.0,0.0,0.0
development,mobilephone01_indoor@1035,0.0,0.0,0.0,0,0,0.0,0.04610637575387955,0.0,0.0,0.0
development,mobilephone01_indoor@1122,0.0,0.0,0.0,0,0,0.0,0.045176368206739426,0.0,0.0,0.0
development,mobilephone01_indoor@1124,0.0,0.0,0.0,0,0,0.0,0.04658747464418411,0.0,0.0,0.0
development,mobilephone01_indoor@1143,0.9261862635612488,0.9261862635612488,0.9261862635612488,0,0,0.9261862635612488,0.05256906896829605,0.0,0.0,0.0
development,mobilephone01_indoor@1232,0.9254668354988098,0.9254668354988098,0.9254668354988098,0,0,0.9254668354988098,0.036040134727954865,0.0,0.0,0.0
development,mobilephone01_indoor@1331,0.22213274240493774,0.22213274240493774,0.2780839204788208,0,3,0.2780839204788208,0.04700661450624466,0.0,0.0,0.0
development,mobilephone01_indoor@1337,0.3092342019081116,0.3092342019081116,0.320852130651474,0,0,0.3092342019081116,0.09101814776659012,0.0,0.0,0.0
development,mobilephone01_indoor@1360,0.7927628755569458,0.6648128628730774,0.7927628755569458,1,1,0.6648128628730774,0.20394913852214813,2.7344400882720947,2.867050886154175,0.13261079788208008
development,mobilephone01_indoor@1367,0.0,0.0,0.0,2,2,0.0,0.11485650390386581,2.0395827293395996,2.2010560035705566,0.16147315502166748
development,mobilephone01_indoor@1369,0.0,0.0,0.0,0,2,0.0,0.07636424154043198,0.0,0.0,0.0
development,mobilephone01_indoor@1384,0.0,0.0,0.0,0,1,0.0,0.12211984395980835,0.0,0.0,0.0
development,mobilephone01_indoor@1386,0.0,0.0,0.0,0,1,0.0,0.11240402609109879,0.0,0.0,0.0
development,mobilephone01_indoor@1413,0.0,0.0,0.0,0,2,0.0,0.10221831500530243,0.0,0.0,0.0
development,bag05_indoor@10,0.8924751281738281,0.8924751281738281,0.8924751281738281,0,0,0.8924751281738281,0.1305638998746872,0.0,0.0,0.0
development,bag05_indoor@50,0.0,0.0,0.45265406370162964,0,0,0.0,0.13973461091518402,0.0,0.0,0.0
development,bag05_indoor@64,0.4843522310256958,0.4843522310256958,0.5789636373519897,0,0,0.4843522310256958,0.11940082162618637,0.0,0.0,0.0
development,bag05_indoor@71,0.9270700812339783,0.9270700812339783,0.9270700812339783,0,0,0.9270700812339783,0.07186259329319,0.0,0.0,0.0
development,bag05_indoor@100,0.494629442691803,0.706716775894165,0.706716775894165,1,1,0.706716775894165,0.08523018658161163,1.5171587467193604,1.6844435930252075,0.1672847867012024
development,bag05_indoor@202,0.9081357717514038,0.9081357717514038,0.9081357717514038,0,0,0.9081357717514038,0.03701237216591835,0.0,0.0,0.0
development,bag05_indoor@234,0.21190907061100006,0.5271850824356079,0.5271850824356079,1,1,0.5271850824356079,0.08954586088657379,0.2570929527282715,0.5940712690353394,0.33697831630706787
development,bag05_indoor@267,0.9100471138954163,0.9100471138954163,0.9100471138954163,0,0,0.9100471138954163,0.043987713754177094,0.0,0.0,0.0
development,bag05_indoor@316,0.9112873673439026,0.9112873673439026,0.9112873673439026,0,0,0.9112873673439026,0.09518591314554214,0.0,0.0,0.0
development,bag05_indoor@365,0.8440033197402954,0.8440033197402954,0.8440033197402954,0,0,0.8440033197402954,0.05986873060464859,0.0,0.0,0.0
development,bag05_indoor@420,0.6964491009712219,0.8504543304443359,0.8504543304443359,1,1,0.8504543304443359,0.28237438201904297,1.3356517553329468,1.716493844985962,0.3808421492576599
development,bag05_indoor@525,0.8606948852539062,0.8606948852539062,0.9173988699913025,0,0,0.8606948852539062,0.07087479531764984,0.0,0.0,0.0
development,bag05_indoor@575,0.9289210438728333,0.9289210438728333,0.9289210438728333,0,0,0.9289210438728333,0.06489324569702148,0.0,0.0,0.0
development,bag05_indoor@623,0.7751141786575317,0.7751141786575317,0.7751141786575317,0,0,0.7751141786575317,0.06434837728738785,0.0,0.0,0.0
development,bag05_indoor@651,0.4776938259601593,0.4776938259601593,0.4776938259601593,0,0,0.4776938259601593,0.07739764451980591,0.0,0.0,0.0
development,bag05_indoor@680,0.9179956912994385,0.9179956912994385,0.9179956912994385,0,0,0.9179956912994385,0.15973299741744995,0.0,0.0,0.0
development,bag05_indoor@808,0.03795343637466431,0.32050007581710815,0.34101060032844543,4,4,0.32050007581710815,0.08302094787359238,1.4369664192199707,1.5824346542358398,0.14546823501586914
development,bag05_indoor@810,0.0,0.0,0.0,0,1,0.0,0.04587160423398018,0.0,0.0,0.0
development,bag05_indoor@828,0.0,0.0,0.0,0,0,0.0,0.051308609545230865,0.0,0.0,0.0
development,bag05_indoor@829,0.7516092658042908,0.7516092658042908,0.8048502802848816,0,0,0.7516092658042908,0.15852899849414825,0.0,0.0,0.0
development,ball19_indoor@10,0.8684107065200806,0.8684107065200806,0.8684107065200806,0,0,0.8684107065200806,0.07594338804483414,0.0,0.0,0.0
development,ball19_indoor@131,0.8582594394683838,0.8582594394683838,0.8939087986946106,0,0,0.8582594394683838,0.11493222415447235,0.0,0.0,0.0
development,ball19_indoor@251,0.8263092637062073,0.8263092637062073,0.8263092637062073,0,0,0.8263092637062073,0.06369128078222275,0.0,0.0,0.0
development,ball19_indoor@304,0.345164030790329,0.345164030790329,0.345164030790329,0,0,0.345164030790329,0.21780745685100555,0.0,0.0,0.0
development,ball19_indoor@307,0.005140906665474176,0.005140906665474176,0.11826909333467484,0,1,0.06182275339961052,0.04479459300637245,0.0,0.0,0.0
development,ball19_indoor@382,0.8827656507492065,0.8827656507492065,0.9269538521766663,0,0,0.8827656507492065,0.104983389377594,0.0,0.0,0.0
development,ball19_indoor@413,0.3156901001930237,0.3156901001930237,0.3156901001930237,0,0,0.3156901001930237,0.17890898883342743,0.0,0.0,0.0
development,ball19_indoor@510,0.7747571468353271,0.7747571468353271,0.914173424243927,0,0,0.7747571468353271,0.09765254706144333,0.0,0.0,0.0
development,ball19_indoor@631,0.8851817846298218,0.8851817846298218,0.8851817846298218,0,0,0.8851817846298218,0.043095409870147705,0.0,0.0,0.0
development,ball19_indoor@688,0.5252652168273926,0.5252652168273926,0.6737248301506042,0,0,0.5252652168273926,0.38709038496017456,0.0,0.0,0.0
development,ball19_indoor@690,0.0,0.0,0.21402254700660706,0,0,0.0,0.0867391973733902,0.0,0.0,0.0
development,ball19_indoor@692,0.0,0.0,0.0,0,0,0.0,0.04377954453229904,0.0,0.0,0.0
development,ball19_indoor@701,0.46944302320480347,0.46944302320480347,0.7522090673446655,0,0,0.46944302320480347,0.21634364128112793,0.0,0.0,0.0
development,ball19_indoor@764,0.8148759603500366,0.8148759603500366,0.8263070583343506,0,0,0.8148759603500366,0.1274421364068985,0.0,0.0,0.0
development,ball19_indoor@829,0.0,0.0,0.02208768203854561,0,0,0.0,0.041946955025196075,0.0,0.0,0.0
development,ball19_indoor@891,0.8357200622558594,0.8357200622558594,0.8357200622558594,0,0,0.8357200622558594,0.05800570175051689,0.0,0.0,0.0
development,ball19_indoor@1011,0.883756160736084,0.883756160736084,0.883756160736084,0,0,0.883756160736084,0.09085880219936371,0.0,0.0,0.0
development,ball19_indoor@1041,0.47525280714035034,0.47525280714035034,0.750628650188446,0,0,0.47525280714035034,0.35268229246139526,0.0,0.0,0.0
development,ball19_indoor@1135,0.8353391885757446,0.8353391885757446,0.8353391885757446,0,0,0.8353391885757446,0.04573015123605728,0.0,0.0,0.0
development,ball19_indoor@1255,0.9147297739982605,0.9147297739982605,0.9147297739982605,0,0,0.9147297739982605,0.05855541303753853,0.0,0.0,0.0
development,ball19_indoor@1376,0.8873634338378906,0.8873634338378906,0.8873634338378906,0,0,0.8873634338378906,0.03462989255785942,0.0,0.0,0.0
development,beautifullight01_indoor@10,0.9497737884521484,0.9497737884521484,0.9741857051849365,0,0,0.9497737884521484,0.07240615040063858,0.0,0.0,0.0
development,beautifullight01_indoor@67,0.9239120483398438,0.9239120483398438,0.9239120483398438,0,0,0.9239120483398438,0.06410946696996689,0.0,0.0,0.0
development,beautifullight01_indoor@94,0.0,0.0,0.49535244703292847,0,0,0.0,0.18474234640598297,0.0,0.0,0.0
development,beautifullight01_indoor@136,0.9339491724967957,0.9339491724967957,0.9339491724967957,0,0,0.9339491724967957,0.10537387430667877,0.0,0.0,0.0
development,beautifullight01_indoor@193,0.9485909342765808,0.9485909342765808,0.9485909342765808,0,0,0.9485909342765808,0.11539316177368164,0.0,0.0,0.0
development,beautifullight01_indoor@250,0.8709839582443237,0.8709839582443237,0.8791528940200806,0,0,0.8709839582443237,0.16259001195430756,0.0,0.0,0.0
development,beautifullight01_indoor@307,0.8786266446113586,0.8786266446113586,0.9439722895622253,0,0,0.8786266446113586,0.0654880702495575,0.0,0.0,0.0
development,beautifullight01_indoor@365,0.8797981142997742,0.8797981142997742,0.8797981142997742,0,1,0.8369200229644775,0.2527715861797333,0.0,0.0,0.0
development,beautifullight01_indoor@510,0.916875422000885,0.916875422000885,0.916875422000885,0,0,0.916875422000885,0.054347146302461624,0.0,0.0,0.0
development,beautifullight01_indoor@612,0.9392214417457581,0.9392214417457581,0.9392214417457581,0,0,0.9392214417457581,0.0494128093123436,0.0,0.0,0.0
development,beautifullight01_indoor@715,0.697993278503418,0.697993278503418,0.7194259166717529,0,0,0.697993278503418,0.06221865490078926,0.0,0.0,0.0
development,beautifullight01_indoor@766,0.1386440396308899,0.683394730091095,0.683394730091095,2,2,0.683394730091095,0.1289745271205902,0.5070016384124756,0.6341145038604736,0.12711286544799805
development,beautifullight01_indoor@868,0.9885420203208923,0.9885420203208923,0.9885420203208923,0,0,0.9885420203208923,0.21473021805286407,0.0,0.0,0.0
development,beautifullight01_indoor@925,0.9038076400756836,0.9038076400756836,0.9038076400756836,0,0,0.9038076400756836,0.32663267850875854,0.0,0.0,0.0
development,beautifullight01_indoor@926,0.33446115255355835,0.33446115255355835,0.33446115255355835,0,0,0.33446115255355835,0.14561983942985535,0.0,0.0,0.0
development,beautifullight01_indoor@963,0.0,0.0,0.0,2,2,0.0,0.285582572221756,3.9628844261169434,4.040959358215332,0.07807469367980957
development,beautifullight01_indoor@965,0.0,0.0,0.0,0,1,0.0,0.17197808623313904,0.0,0.0,0.0
development,beautifullight01_indoor@1011,0.0,0.0,0.0,0,0,0.0,0.35754793882369995,0.0,0.0,0.0
development,beautifullight01_indoor@1013,0.0,0.0,0.0,0,0,0.0,0.39801865816116333,0.0,0.0,0.0
development,beautifullight01_indoor@1048,0.0,0.0,0.0,0,0,0.0,0.39740294218063354,0.0,0.0,0.0
development,beautifullight01_indoor@1050,0.0,0.0,0.0,0,0,0.0,0.37992438673973083,0.0,0.0,0.0
development,beautifullight01_indoor@1107,0.0,0.0,0.0,0,0,0.0,0.3736470341682434,0.0,0.0,0.0
development,beautifullight01_indoor@1109,0.0,0.0,0.0,0,0,0.0,0.3737119138240814,0.0,0.0,0.0
development,beautifullight01_indoor@1265,0.0,0.0,0.0,0,0,0.0,0.3584834039211273,0.0,0.0,0.0
development,car01_indoor@10,0.9294725656509399,0.9294725656509399,0.9294725656509399,0,0,0.9294725656509399,0.049616239964962006,0.0,0.0,0.0
development,car01_indoor@113,0.0,0.0,0.0,0,0,0.0,0.025201862677931786,0.0,0.0,0.0
development,car01_indoor@115,0.0,0.0,0.0,0,0,0.0,0.025168508291244507,0.0,0.0,0.0
development,car01_indoor@282,0.20555566251277924,0.25195568799972534,0.3133930265903473,2,2,0.25195568799972534,0.1084589809179306,0.16463947296142578,0.5520375967025757,0.3873981237411499
development,car01_indoor@285,0.8536149263381958,0.8536149263381958,0.8536149263381958,0,0,0.8536149263381958,0.09338618814945221,0.0,0.0,0.0
development,car01_indoor@318,0.0,0.0,0.0,0,0,0.0,0.026404062286019325,0.0,0.0,0.0
development,car01_indoor@320,0.0,0.0,0.0,0,0,0.0,0.025910932570695877,0.0,0.0,0.0
development,car01_indoor@408,0.26497912406921387,0.28605949878692627,0.28605949878692627,1,8,0.19771642982959747,0.05738472193479538,0.3877602815628052,0.5019024610519409,0.11414217948913574
development,car01_indoor@447,0.9570707678794861,0.9570707678794861,0.9570707678794861,0,0,0.9570707678794861,0.057722777128219604,0.0,0.0,0.0
development,car01_indoor@499,0.9226706624031067,0.9226706624031067,0.9336807131767273,0,0,0.9226706624031067,0.08562435209751129,0.0,0.0,0.0
development,car01_indoor@551,0.9674461483955383,0.9674461483955383,0.9674461483955383,0,0,0.9674461483955383,0.06342604011297226,0.0,0.0,0.0
development,car01_indoor@602,0.958236813545227,0.958236813545227,0.958236813545227,0,0,0.958236813545227,0.035977840423583984,0.0,0.0,0.0
development,car01_indoor@654,0.9624995589256287,0.9624995589256287,0.9624995589256287,0,0,0.9624995589256287,0.08130937069654465,0.0,0.0,0.0
development,car01_indoor@705,0.9670688509941101,0.9670688509941101,0.9670688509941101,0,0,0.9670688509941101,0.03492317721247673,0.0,0.0,0.0
development,car01_indoor@757,0.8608461022377014,0.8608461022377014,0.8608461022377014,0,0,0.8608461022377014,0.10264930874109268,0.0,0.0,0.0
development,car01_indoor@809,0.9605607390403748,0.9605607390403748,0.9605607390403748,0,0,0.9605607390403748,0.05537955090403557,0.0,0.0,0.0
development,car01_indoor@840,0.26791325211524963,0.26791325211524963,0.356099396944046,0,0,0.26791325211524963,0.03162088245153427,0.0,0.0,0.0
development,car01_indoor@909,0.0,0.0,0.0,0,0,0.0,0.05557047203183174,0.0,0.0,0.0
development,car01_indoor@911,0.0,0.0,0.0,0,0,0.0,0.08258790522813797,0.0,0.0,0.0
development,car01_indoor@1463,0.0,0.13562728464603424,0.13562728464603424,2,2,0.13562728464603424,0.05173928290605545,0.43259239196777344,3.995267868041992,3.5626754760742188
development,car01_indoor@1464,0.27793288230895996,0.27793288230895996,0.3135939836502075,0,0,0.27793288230895996,0.16093404591083527,0.0,0.0,0.0
development,car01_indoor@1485,0.9797983169555664,0.9797983169555664,0.9797983169555664,0,0,0.9797983169555664,0.043708741664886475,0.0,0.0,0.0
development,car01_indoor@1537,0.9730192422866821,0.9730192422866821,0.9730192422866821,0,0,0.9730192422866821,0.06486557424068451,0.0,0.0,0.0
development,colacan01_indoor@10,0.8335216641426086,0.7523692846298218,0.8335216641426086,2,2,0.7523692846298218,0.26062965393066406,4.268621921539307,4.532872676849365,0.26425057649612427
development,colacan01_indoor@40,0.8447961211204529,0.8447961211204529,0.8447961211204529,0,0,0.8447961211204529,0.3587329089641571,0.0,0.0,0.0
development,colacan01_indoor@69,0.8180644512176514,0.7410016059875488,0.8180644512176514,4,4,0.7410016059875488,0.34085115790367126,4.847901344299316,5.030028343200684,0.18212705850601196
development,colacan01_indoor@99,0.7904985547065735,0.6746594905853271,0.7904985547065735,3,3,0.6746594905853271,0.25705501437187195,4.311615467071533,4.533590793609619,0.22197508811950684
development,colacan01_indoor@129,0.9159461259841919,0.8253203630447388,0.9159461259841919,2,2,0.8253203630447388,0.262276291847229,4.253943920135498,4.466986179351807,0.21304243803024292
development,colacan01_indoor@159,0.8199691772460938,0.7108491063117981,0.8876031637191772,5,5,0.7108491063117981,0.2792324125766754,5.465272426605225,5.792593955993652,0.3273215889930725
development,colacan01_indoor@188,0.8537780046463013,0.8537780046463013,0.8537780046463013,0,0,0.8537780046463013,0.037709686905145645,0.0,0.0,0.0
development,colacan01_indoor@218,0.9295371770858765,0.9295371770858765,0.9295371770858765,0,0,0.9295371770858765,0.04166298359632492,0.0,0.0,0.0
development,colacan01_indoor@248,0.8436653017997742,0.8436653017997742,0.8869741559028625,0,0,0.8436653017997742,0.07543285191059113,0.0,0.0,0.0
development,colacan01_indoor@278,0.7398102283477783,0.7398102283477783,0.7509182691574097,0,0,0.7398102283477783,0.061852358281612396,0.0,0.0,0.0
development,colacan01_indoor@307,0.8439075350761414,0.8439075350761414,0.8439075350761414,0,0,0.8439075350761414,0.0788629800081253,0.0,0.0,0.0
development,colacan01_indoor@337,0.8561760783195496,0.8561760783195496,0.8561760783195496,0,0,0.8561760783195496,0.2584994435310364,0.0,0.0,0.0
development,colacan01_indoor@351,0.0,0.0,0.0,0,0,0.0,0.05463367700576782,0.0,0.0,0.0
development,colacan01_indoor@353,0.0,0.0,0.0,0,0,0.0,0.05743955820798874,0.0,0.0,0.0
development,colacan01_indoor@605,0.0,0.0,0.0,0,2,0.0,0.21735303103923798,0.0,0.0,0.0
development,colacan01_indoor@607,0.0,0.0,0.0,3,3,0.0,0.10940320789813995,2.0358386039733887,2.4555063247680664,0.4196676015853882
development,colacan01_indoor@2036,0.0,0.0,0.0,2,2,0.0,0.24857261776924133,3.6888184547424316,3.8687925338745117,0.17997395992279053
development,colacan01_indoor@2038,0.0,0.0,0.0,1,1,0.0,0.22792501747608185,3.63311505317688,3.698768138885498,0.06565326452255249
development,colacan01_indoor@2156,0.0,0.0,0.0,0,0,0.0,0.4743524491786957,0.0,0.0,0.0
development,colacan01_indoor@2158,0.0,0.0,0.0,0,0,0.0,0.4025189280509949,0.0,0.0,0.0
development,colacan01_indoor@2270,0.0,0.0,0.0,0,1,0.0,0.4681629240512848,0.0,0.0,0.0
development,colacan01_indoor@2272,0.0,0.0,0.0,0,0,0.0,0.46206197142601013,0.0,0.0,0.0
development,colacan01_indoor@2356,0.0,0.0,0.0,0,3,0.0,0.38614755868911743,0.0,0.0,0.0
development,colacan01_indoor@2358,0.0,0.0,0.0,0,1,0.0,0.4725777506828308,0.0,0.0,0.0
development,colacan01_indoor@3051,0.0,0.0,0.0,1,1,0.0,0.08456369489431381,0.4671597480773926,0.5187320709228516,0.051572322845458984
development,cup10_indoor@10,0.8722133636474609,0.7878108024597168,0.8722133636474609,1,1,0.7878108024597168,0.19833700358867645,4.180529594421387,4.25305700302124,0.07252737879753113
development,cup10_indoor@195,0.9087271094322205,0.9087271094322205,0.9087271094322205,0,2,0.0,0.36206337809562683,0.0,0.0,0.0
development,cup10_indoor@383,0.9343031644821167,0.9343031644821167,0.9343031644821167,0,1,0.7329655289649963,0.10485818237066269,0.0,0.0,0.0
development,cup10_indoor@540,0.0,0.06670504808425903,0.8712637424468994,3,3,0.06670504808425903,0.3203173875808716,3.237318992614746,3.4083352088928223,0.17101621627807617
development,cup10_indoor@570,0.9571958184242249,0.9571958184242249,0.9571958184242249,0,0,0.9571958184242249,0.1350747048854828,0.0,0.0,0.0
development,cup10_indoor@755,0.9706739783287048,0.9706739783287048,0.9706739783287048,0,0,0.9706739783287048,0.09375517815351486,0.0,0.0,0.0
development,cup10_indoor@940,0.8097280859947205,0.8097280859947205,0.8240070939064026,0,4,0.7410622835159302,0.14523065090179443,0.0,0.0,0.0
development,cup10_indoor@1126,0.17079472541809082,0.17079472541809082,0.5845633745193481,0,0,0.17079472541809082,0.16035616397857666,0.0,0.0,0.0
development,cup10_indoor@1132,0.4342803657054901,0.4342803657054901,0.4342803657054901,0,0,0.4342803657054901,0.03263314813375473,0.0,0.0,0.0
development,cup10_indoor@1143,0.6905553340911865,0.6905553340911865,0.7386003732681274,0,3,0.5640738010406494,0.19783569872379303,0.0,0.0,0.0
development,cup10_indoor@1208,0.36969438195228577,0.36969438195228577,0.7137320041656494,0,2,0.6420944929122925,0.16763362288475037,0.0,0.0,0.0
development,cup10_indoor@1249,0.32472744584083557,0.8265253305435181,0.8265253305435181,1,1,0.8265253305435181,0.22950395941734314,0.4252110719680786,1.0828579664230347,0.657646894454956
development,cup10_indoor@1336,0.9654407501220703,0.9654407501220703,0.9654407501220703,0,0,0.9654407501220703,0.1516997367143631,0.0,0.0,0.0
development,cup10_indoor@1521,0.9198206067085266,0.9198206067085266,0.9198206067085266,0,0,0.9198206067085266,0.09664057195186615,0.0,0.0,0.0
development,cup10_indoor@1706,0.8825232982635498,0.8825232982635498,0.8825232982635498,0,0,0.8825232982635498,0.14602665603160858,0.0,0.0,0.0
development,cup10_indoor@1818,0.0,0.0,0.0,0,0,0.0,0.3212175667285919,0.0,0.0,0.0
development,cup10_indoor@1820,0.0,0.0,0.0,0,0,0.0,0.28168660402297974,0.0,0.0,0.0
development,cup10_indoor@2005,0.8838840126991272,0.8838840126991272,0.8838840126991272,0,3,0.6888481974601746,0.2984063923358917,0.0,0.0,0.0
development,cup10_indoor@2131,0.024647124111652374,0.024647124111652374,0.7870038151741028,0,2,0.007094762288033962,0.2803933322429657,0.0,0.0,0.0
development,cup10_indoor@2191,0.8943106532096863,0.8943106532096863,0.8943106532096863,0,0,0.8943106532096863,0.2250927984714508,0.0,0.0,0.0
development,egg_indoor@10,0.7997605800628662,0.0,0.7997605800628662,2,2,0.0,0.22402815520763397,1.9273746013641357,1.9517338275909424,0.02435922622680664
development,egg_indoor@46,0.6983042359352112,0.0,0.6983042359352112,1,7,0.0,0.2337450087070465,0.1936284303665161,1.0366102457046509,0.8429818153381348
development,egg_indoor@48,0.0,0.0,0.7610742449760437,0,0,0.0,0.25084689259529114,0.0,0.0,0.0
development,egg_indoor@50,0.0,0.0,0.8310955762863159,0,0,0.0,0.16877397894859314,0.0,0.0,0.0
development,egg_indoor@357,0.0,0.0,0.0,1,1,0.0,0.11336765438318253,0.7802125215530396,0.9847592115402222,0.20454668998718262
development,egg_indoor@359,0.0,0.0,0.0,1,1,0.0,0.1143459901213646,0.5848256349563599,0.7702065706253052,0.1853809356689453
development,egg_indoor@387,0.0,0.0,0.0,0,1,0.0,0.11441733688116074,0.0,0.0,0.0
development,egg_indoor@389,0.0,0.0,0.0,1,1,0.0,0.11725083738565445,0.45833635330200195,0.6414408683776855,0.1831045150756836
development,egg_indoor@779,0.8114610910415649,0.8114610910415649,0.8114610910415649,0,0,0.8114610910415649,0.17902953922748566,0.0,0.0,0.0
development,egg_indoor@905,0.4969009459018707,0.4969009459018707,0.4969009459018707,0,0,0.4969009459018707,0.06869906187057495,0.0,0.0,0.0
development,egg_indoor@1032,0.4202047288417816,0.4202047288417816,0.5099833607673645,0,1,0.5001885294914246,0.15856067836284637,0.0,0.0,0.0
development,egg_indoor@1077,0.0,0.0,0.0,0,0,0.0,0.11351504176855087,0.0,0.0,0.0
development,egg_indoor@1079,0.0,0.0,0.0,0,0,0.0,0.0798209011554718,0.0,0.0,0.0
development,egg_indoor@1093,0.4074392318725586,0.4074392318725586,0.447394460439682,0,0,0.4074392318725586,0.11187362670898438,0.0,0.0,0.0
development,egg_indoor@1094,0.8760178685188293,0.8760178685188293,0.8799598217010498,0,0,0.8760178685188293,0.11123780161142349,0.0,0.0,0.0
development,egg_indoor@1378,0.9403380751609802,0.9403380751609802,0.9403380751609802,0,0,0.9403380751609802,0.11707905679941177,0.0,0.0,0.0
development,egg_indoor@1640,0.9631683230400085,0.9631683230400085,0.9631683230400085,0,0,0.9631683230400085,0.15889482200145721,0.0,0.0,0.0
development,egg_indoor@1903,0.8955590724945068,0.7566929459571838,0.8955590724945068,2,2,0.7566929459571838,0.10460047423839569,3.7737112045288086,3.7769436836242676,0.003232598304748535
development,egg_indoor@1974,0.8334013223648071,0.8334013223648071,0.8334013223648071,0,3,0.7583374381065369,0.09662619978189468,0.0,0.0,0.0
development,egg_indoor@1976,0.0,0.0,0.8767423629760742,0,0,0.0,0.3388432562351227,0.0,0.0,0.0
development,egg_indoor@1978,0.0,0.9337140321731567,0.9337140321731567,1,1,0.9337140321731567,0.13049641251564026,1.1221394538879395,2.4216926097869873,1.2995531558990479
development,egg_indoor@2176,0.8252396583557129,0.8252396583557129,0.8252396583557129,0,0,0.8252396583557129,0.11598411947488785,0.0,0.0,0.0
development,egg_indoor@2439,0.8634862899780273,0.0,0.8634862899780273,1,1,0.0,0.3173735737800598,1.2358343601226807,2.1795575618743896,0.943723201751709
development,egg_indoor@2628,0.2862555980682373,0.2862555980682373,0.44444209337234497,0,2,0.24042817950248718,0.1253766268491745,0.0,0.0,0.0
development,egg_indoor@2629,0.0,0.0,0.46344801783561707,0,0,0.0,0.22583794593811035,0.0,0.0,0.0
development,egg_indoor@2631,0.0,0.0,0.8163653016090393,1,1,0.0,0.2815838158130646,1.748166799545288,1.8492683172225952,0.10110151767730713
development,egg_indoor@2654,0.0,0.8106874227523804,0.8106874227523804,1,1,0.8106874227523804,0.08110807090997696,0.09824764728546143,3.171642303466797,3.073394536972046
development,egg_indoor@2746,0.8973115682601929,0.8973115682601929,0.8973115682601929,0,0,0.8973115682601929,0.15693341195583344,0.0,0.0,0.0
development,egg_indoor@3022,0.8623104691505432,0.8623104691505432,0.8623104691505432,0,0,0.8623104691505432,0.06414086371660233,0.0,0.0,0.0
development,egg_indoor@3285,0.8792889714241028,0.8792889714241028,0.8792889714241028,0,0,0.8792889714241028,0.07794106006622314,0.0,0.0,0.0
development,egg_indoor@3547,0.8516432046890259,0.8516432046890259,0.8516432046890259,0,0,0.8516432046890259,0.15520524978637695,0.0,0.0,0.0
development,glass03_indoor@10,0.9836724400520325,0.9836724400520325,0.9836724400520325,0,0,0.9836724400520325,0.050638966262340546,0.0,0.0,0.0
development,glass03_indoor@50,0.9735875129699707,0.9735875129699707,0.9735875129699707,0,0,0.9735875129699707,0.06850524246692657,0.0,0.0,0.0
development,glass03_indoor@91,0.9671036005020142,0.9671036005020142,0.9671036005020142,0,0,0.9671036005020142,0.07359332591295242,0.0,0.0,0.0
development,glass03_indoor@102,0.12557107210159302,0.12557107210159302,0.1529257744550705,0,3,0.1209888756275177,0.02963077649474144,0.0,0.0,0.0
development,glass03_indoor@129,0.0,0.0,0.0,0,0,0.0,0.02826496586203575,0.0,0.0,0.0
development,glass03_indoor@131,0.0,0.0,0.025475040078163147,0,6,0.025475040078163147,0.025068338960409164,0.0,0.0,0.0
development,glass03_indoor@217,0.0,0.0,0.0,0,0,0.0,0.03240853175520897,0.0,0.0,0.0
development,glass03_indoor@219,0.0,0.1634151041507721,0.2388388067483902,1,1,0.1634151041507721,0.051598548889160156,0.5092511177062988,0.9061145782470703,0.3968634605407715
development,glass03_indoor@255,0.21740484237670898,0.21740484237670898,0.21740484237670898,0,0,0.21740484237670898,0.039513085037469864,0.0,0.0,0.0
development,glass03_indoor@269,0.9820576310157776,0.9820576310157776,0.9820576310157776,0,0,0.9820576310157776,0.0653194710612297,0.0,0.0,0.0
development,glass03_indoor@290,0.2803344130516052,0.2803344130516052,0.3207145035266876,0,0,0.2803344130516052,0.32384318113327026,0.0,0.0,0.0
development,glass03_indoor@315,0.11213865131139755,0.1106613427400589,0.1751468926668167,1,1,0.1106613427400589,0.02686537429690361,0.04473567008972168,0.14085888862609863,0.09612321853637695
development,glass03_indoor@334,0.961248517036438,0.961248517036438,0.961248517036438,0,0,0.961248517036438,0.035536233335733414,0.0,0.0,0.0
development,glass03_indoor@374,0.9789702296257019,0.9789702296257019,0.9789702296257019,0,0,0.9789702296257019,0.03513450175523758,0.0,0.0,0.0
development,glass03_indoor@415,0.9416353106498718,0.9416353106498718,0.9416353106498718,0,0,0.9416353106498718,0.03729509562253952,0.0,0.0,0.0
development,glass03_indoor@473,0.9609163403511047,0.9609163403511047,0.9609163403511047,0,0,0.9609163403511047,0.07016275823116302,0.0,0.0,0.0
development,glass03_indoor@514,0.9622776508331299,0.9622776508331299,0.9622776508331299,0,0,0.9622776508331299,0.04913756996393204,0.0,0.0,0.0
development,glass03_indoor@554,0.962523877620697,0.962523877620697,0.962523877620697,0,0,0.962523877620697,0.0391550175845623,0.0,0.0,0.0
development,glass03_indoor@595,0.974077045917511,0.974077045917511,0.974077045917511,0,0,0.974077045917511,0.06039491295814514,0.0,0.0,0.0
development,glass03_indoor@635,0.8765920996665955,0.8765920996665955,0.8765920996665955,0,0,0.8765920996665955,0.14575697481632233,0.0,0.0,0.0
development,glass03_indoor@657,0.0,0.0,0.144506573677063,0,8,0.006137796677649021,0.035828445106744766,0.0,0.0,0.0
development,glass03_indoor@659,0.0,0.0,0.06310410052537918,0,5,0.06310410052537918,0.025797586888074875,0.0,0.0,0.0
development,glass03_indoor@670,0.0,0.0,0.0,4,4,0.0,0.12323568016290665,2.5734708309173584,2.841404438018799,0.26793360710144043
development,mobilephone02_indoor@10,0.6090362071990967,0.6090362071990967,0.7689206600189209,0,0,0.6090362071990967,0.08354967087507248,0.0,0.0,0.0
development,mobilephone02_indoor@64,0.38460251688957214,0.38460251688957214,0.5295857787132263,0,0,0.38460251688957214,0.162490576505661,0.0,0.0,0.0
development,mobilephone02_indoor@65,0.5105010271072388,0.5105010271072388,0.5586121082305908,0,0,0.5105010271072388,0.15553788840770721,0.0,0.0,0.0
development,mobilephone02_indoor@119,0.8992671966552734,0.8992671966552734,0.8992671966552734,0,0,0.8992671966552734,0.08055301755666733,0.0,0.0,0.0
development,mobilephone02_indoor@172,0.9002111554145813,0.9002111554145813,0.9002111554145813,0,0,0.9002111554145813,0.04859388619661331,0.0,0.0,0.0
development,mobilephone02_indoor@226,0.9193770289421082,0.9193770289421082,0.9193770289421082,0,0,0.9193770289421082,0.06306644529104233,0.0,0.0,0.0
development,mobilephone02_indoor@265,0.40068352222442627,0.40068352222442627,0.40068352222442627,0,0,0.40068352222442627,0.19608992338180542,0.0,0.0,0.0
development,mobilephone02_indoor@281,0.8342933058738708,0.8342933058738708,0.8342933058738708,0,0,0.8342933058738708,0.06444656848907471,0.0,0.0,0.0
development,mobilephone02_indoor@289,0.416440486907959,0.416440486907959,0.5044804811477661,0,0,0.416440486907959,0.25758087635040283,0.0,0.0,0.0
development,mobilephone02_indoor@336,0.6659867167472839,0.6659867167472839,0.6659867167472839,0,0,0.6659867167472839,0.05217331647872925,0.0,0.0,0.0
development,mobilephone02_indoor@390,0.6591657996177673,0.6591657996177673,0.7603505849838257,0,2,0.7603505849838257,0.15555980801582336,0.0,0.0,0.0
development,mobilephone02_indoor@492,0.0,0.0,0.0,0,0,0.0,0.0613350085914135,0.0,0.0,0.0
development,mobilephone02_indoor@535,0.803683876991272,0.803683876991272,0.803683876991272,0,0,0.803683876991272,0.0639011561870575,0.0,0.0,0.0
development,mobilephone02_indoor@588,0.8016185760498047,0.8016185760498047,0.8072128891944885,0,0,0.8016185760498047,0.0848744809627533,0.0,0.0,0.0
development,mobilephone02_indoor@642,0.7286410331726074,0.7286410331726074,0.7448203563690186,0,1,0.7253670692443848,0.16357609629631042,0.0,0.0,0.0
development,mobilephone02_indoor@696,0.9146019220352173,0.9146019220352173,0.9146019220352173,0,0,0.9146019220352173,0.05728943273425102,0.0,0.0,0.0
development,notebook02_indoor@10,0.9336469769477844,0.9336469769477844,0.9336469769477844,0,0,0.9336469769477844,0.06800853461027145,0.0,0.0,0.0
development,notebook02_indoor@21,0.4909491539001465,0.5640377402305603,0.5640377402305603,2,2,0.5640377402305603,0.1435537338256836,2.941920757293701,3.083322048187256,0.14140141010284424
development,notebook02_indoor@230,0.9339855909347534,0.9339855909347534,0.9339855909347534,0,0,0.9339855909347534,0.04105763137340546,0.0,0.0,0.0
development,notebook02_indoor@450,0.8480131030082703,0.8480131030082703,0.8480131030082703,0,0,0.8480131030082703,0.04310914874076843,0.0,0.0,0.0
development,notebook02_indoor@670,0.9178726673126221,0.9178726673126221,0.9178726673126221,0,0,0.9178726673126221,0.039004135876894,0.0,0.0,0.0
development,notebook02_indoor@820,0.0,0.0,0.0,0,0,0.0,0.04241480678319931,0.0,0.0,0.0
development,notebook02_indoor@865,0.46255627274513245,0.4253634214401245,0.4690089523792267,1,1,0.4253634214401245,0.05867234990000725,3.5965166091918945,3.8863117694854736,0.2897952198982239
development,notebook02_indoor@935,0.8896104097366333,0.8896104097366333,0.8896104097366333,0,0,0.8896104097366333,0.03454819694161415,0.0,0.0,0.0
development,notebook02_indoor@1169,0.9285027980804443,0.9285027980804443,0.9726187586784363,0,0,0.9285027980804443,0.05299419164657593,0.0,0.0,0.0
development,notebook02_indoor@1388,0.4815414249897003,0.4815414249897003,0.4815414249897003,0,0,0.4815414249897003,0.07057676464319229,0.0,0.0,0.0
development,notebook02_indoor@1424,0.9014565944671631,0.9014565944671631,0.9022080302238464,0,0,0.9014565944671631,0.06578563153743744,0.0,0.0,0.0
development,notebook02_indoor@1652,0.0,0.0,0.0,0,0,0.0,0.04082769900560379,0.0,0.0,0.0
development,notebook02_indoor@1654,0.0,0.0,0.0,0,0,0.0,0.040315691381692886,0.0,0.0,0.0
development,notebook02_indoor@1734,0.9043332934379578,0.9043332934379578,0.9043332934379578,0,0,0.9043332934379578,0.050959132611751556,0.0,0.0,0.0
development,notebook02_indoor@1961,0.8791961669921875,0.8791961669921875,0.8791961669921875,0,0,0.8791961669921875,0.12936756014823914,0.0,0.0,0.0
development,notebook02_indoor@2183,0.9443298578262329,0.9443298578262329,0.9443298578262329,0,0,0.9443298578262329,0.04583423212170601,0.0,0.0,0.0
development,notebook02_indoor@2253,0.0,0.0,0.17160163819789886,0,0,0.0,0.04741375148296356,0.0,0.0,0.0
development,notebook02_indoor@2421,0.9408767819404602,0.9408767819404602,0.9408767819404602,0,0,0.9408767819404602,0.05219708010554314,0.0,0.0,0.0
development,notebook02_indoor@2444,0.4557567536830902,0.3109419345855713,0.5237166285514832,2,2,0.3109419345855713,0.19289204478263855,3.9497992992401123,4.072227478027344,0.12242817878723145
development,notebook02_indoor@2641,0.958432137966156,0.958432137966156,0.958432137966156,0,0,0.958432137966156,0.07135917246341705,0.0,0.0,0.0
