sequence,sequence_order,frame,horizon,current_GT_valid,future_frames,future_valid_GT_frames,common_label_eligibility,future_label_availability,unknown_current_with_future_label
cube04_indoor,0,50,32,True,32,32,True,True,False
cube04_indoor,0,50,64,True,64,64,True,True,False
cube04_indoor,0,50,128,True,128,128,True,True,False
cube04_indoor,0,100,32,True,32,32,True,True,False
cube04_indoor,0,100,64,True,64,64,True,True,False
cube04_indoor,0,100,128,True,128,128,True,True,False
cube04_indoor,0,150,32,True,32,32,True,True,False
cube04_indoor,0,150,64,True,64,64,True,True,False
cube04_indoor,0,150,128,True,128,128,True,True,False
cube04_indoor,0,200,32,True,32,32,True,True,False
cube04_indoor,0,200,64,True,64,64,True,True,False
cube04_indoor,0,200,128,True,128,128,True,True,False
cube04_indoor,0,250,32,True,32,32,True,True,False
cube04_indoor,0,250,64,True,64,64,True,True,False
cube04_indoor,0,250,128,True,128,128,True,True,False
cube04_indoor,0,300,32,True,32,32,True,True,False
cube04_indoor,0,300,64,True,64,64,True,True,False
cube04_indoor,0,300,128,True,128,128,True,True,False
cube04_indoor,0,350,32,True,32,32,True,True,False
cube04_indoor,0,350,64,True,64,64,True,True,False
cube04_indoor,0,350,128,True,128,128,True,True,False
cube04_indoor,0,400,32,True,32,32,True,True,False
cube04_indoor,0,400,64,True,64,64,True,True,False
cube04_indoor,0,400,128,True,128,128,True,True,False
cube04_indoor,0,450,32,True,32,32,True,True,False
cube04_indoor,0,450,64,True,64,64,True,True,False
cube04_indoor,0,450,128,True,128,126,True,True,False
cube04_indoor,0,500,32,True,32,32,True,True,False
cube04_indoor,0,500,64,True,64,64,True,True,False
cube04_indoor,0,500,128,True,128,126,True,True,False
cube04_indoor,0,550,32,True,32,30,True,True,False
cube04_indoor,0,550,64,True,64,62,True,True,False
cube04_indoor,0,550,128,True,128,126,True,True,False
cube04_indoor,0,600,32,True,32,32,True,True,False
cube04_indoor,0,600,64,True,64,64,True,True,False
cube04_indoor,0,600,128,True,128,121,True,True,False
cube04_indoor,0,650,32,True,32,32,True,True,False
cube04_indoor,0,650,64,True,64,60,True,True,False
cube04_indoor,0,650,128,True,128,121,True,True,False
cube04_indoor,0,700,32,True,32,25,True,True,False
cube04_indoor,0,700,64,True,64,57,True,True,False
cube04_indoor,0,700,128,True,128,115,True,True,False
cube04_indoor,0,750,32,True,32,32,True,True,False
cube04_indoor,0,750,64,True,64,58,True,True,False
cube04_indoor,0,750,128,True,128,122,True,True,False
cube04_indoor,0,800,32,False,32,28,False,True,True
cube04_indoor,0,800,64,False,64,60,False,True,True
cube04_indoor,0,800,128,False,128,124,False,True,True
cube04_indoor,0,850,32,True,32,32,True,True,False
cube04_indoor,0,850,64,True,64,64,True,True,False
cube04_indoor,0,850,128,True,128,128,True,True,False
cube04_indoor,0,900,32,True,32,32,True,True,False
cube04_indoor,0,900,64,True,64,64,True,True,False
cube04_indoor,0,900,128,True,128,128,True,True,False
cube04_indoor,0,950,32,True,32,32,True,True,False
cube04_indoor,0,950,64,True,64,64,True,True,False
cube04_indoor,0,950,128,True,128,125,True,True,False
cube04_indoor,0,1000,32,True,32,32,True,True,False
cube04_indoor,0,1000,64,True,64,64,True,True,False
cube04_indoor,0,1000,128,True,128,123,True,True,False
cube04_indoor,0,1050,32,True,32,29,True,True,False
cube04_indoor,0,1050,64,True,64,60,True,True,False
cube04_indoor,0,1050,128,True,128,121,True,True,False
cube04_indoor,0,1100,32,True,32,30,True,True,False
cube04_indoor,0,1100,64,True,64,61,True,True,False
cube04_indoor,0,1100,128,True,128,125,True,True,False
cube04_indoor,0,1150,32,True,32,32,True,True,False
cube04_indoor,0,1150,64,True,64,64,True,True,False
cube04_indoor,0,1150,128,True,128,128,True,True,False
cube04_indoor,0,1200,32,True,32,32,True,True,False
cube04_indoor,0,1200,64,True,64,64,True,True,False
cube04_indoor,0,1200,128,True,128,128,True,True,False
cube04_indoor,0,1250,32,True,32,32,True,True,False
cube04_indoor,0,1250,64,True,64,64,True,True,False
cube04_indoor,0,1250,128,True,128,128,True,True,False
cube04_indoor,0,1300,32,True,32,32,True,True,False
cube04_indoor,0,1300,64,True,64,64,True,True,False
cube04_indoor,0,1300,128,True,128,128,True,True,False
cube04_indoor,0,1350,32,True,32,32,True,True,False
cube04_indoor,0,1350,64,True,64,64,True,True,False
cube04_indoor,0,1350,128,True,128,128,True,True,False
cube04_indoor,0,1400,32,True,32,32,True,True,False
cube04_indoor,0,1400,64,True,64,64,True,True,False
cube04_indoor,0,1400,128,True,128,128,True,True,False
cube04_indoor,0,1450,32,True,32,32,True,True,False
cube04_indoor,0,1450,64,True,64,64,True,True,False
cube04_indoor,0,1450,128,True,128,128,True,True,False
cube04_indoor,0,1500,32,True,32,32,True,True,False
cube04_indoor,0,1500,64,True,64,64,True,True,False
cube04_indoor,0,1500,128,True,128,128,True,True,False
cube04_indoor,0,1550,32,True,32,32,True,True,False
cube04_indoor,0,1550,64,True,64,64,True,True,False
cube04_indoor,0,1550,128,True,128,128,True,True,False
cube04_indoor,0,1600,32,True,32,32,True,True,False
cube04_indoor,0,1600,64,True,64,64,True,True,False
cube04_indoor,0,1600,128,True,128,128,True,True,False
cube04_indoor,0,1650,32,True,32,32,True,True,False
cube04_indoor,0,1650,64,True,64,64,True,True,False
cube04_indoor,0,1650,128,True,128,128,True,True,False
cube04_indoor,0,1700,32,True,32,32,True,True,False
cube04_indoor,0,1700,64,True,64,64,True,True,False
cube04_indoor,0,1700,128,True,128,128,True,True,False
cube04_indoor,0,1750,32,True,32,32,True,True,False
cube04_indoor,0,1750,64,True,64,64,True,True,False
cube04_indoor,0,1750,128,True,128,128,True,True,False
cube04_indoor,0,1800,32,True,32,32,True,True,False
cube04_indoor,0,1800,64,True,64,64,True,True,False
cube04_indoor,0,1800,128,True,128,122,True,True,False
cube04_indoor,0,1850,32,True,32,29,True,True,False
cube04_indoor,0,1850,64,True,64,58,True,True,False
cube04_indoor,0,1850,128,True,128,122,True,True,False
cube04_indoor,0,1900,32,True,32,32,True,True,False
cube04_indoor,0,1900,64,True,64,64,True,True,False
cube04_indoor,0,1900,128,True,128,128,True,True,False
cube04_indoor,0,1950,32,True,32,32,True,True,False
cube04_indoor,0,1950,64,True,64,64,True,True,False
cube04_indoor,0,1950,128,True,128,128,True,True,False
cube04_indoor,0,2000,32,True,32,32,True,True,False
cube04_indoor,0,2000,64,True,64,64,True,True,False
cube04_indoor,0,2000,128,True,128,109,True,True,False
cube04_indoor,0,2050,32,True,32,32,True,True,False
cube04_indoor,0,2050,64,True,64,45,True,True,False
cube04_indoor,0,2050,128,True,128,109,True,True,False
cube04_indoor,0,2100,32,False,32,23,False,True,True
cube04_indoor,0,2100,64,False,64,55,False,True,True
cube04_indoor,0,2100,128,False,128,119,False,True,True
cube04_indoor,0,2150,32,True,32,32,True,True,False
cube04_indoor,0,2150,64,True,64,64,True,True,False
cube04_indoor,0,2150,128,True,128,128,True,True,False
cube04_indoor,0,2200,32,True,32,32,True,True,False
cube04_indoor,0,2200,64,True,64,64,True,True,False
cube04_indoor,0,2200,128,True,128,119,True,True,False
cube04_indoor,0,2250,32,True,32,32,True,True,False
cube04_indoor,0,2250,64,True,64,64,True,True,False
cube04_indoor,0,2250,128,True,128,117,True,True,False
cube04_indoor,0,2300,32,True,32,23,True,True,False
cube04_indoor,0,2300,64,True,64,54,True,True,False
cube04_indoor,0,2300,128,True,128,113,True,True,False
cube04_indoor,0,2350,32,True,32,30,True,True,False
cube04_indoor,0,2350,64,True,64,62,True,True,False
cube04_indoor,0,2350,128,True,128,122,True,True,False
cube04_indoor,0,2400,32,True,32,28,True,True,False
cube04_indoor,0,2400,64,True,64,60,True,True,False
cube04_indoor,0,2400,128,True,128,124,True,True,False
cube04_indoor,0,2450,32,True,32,32,True,True,False
cube04_indoor,0,2450,64,True,64,64,True,True,False
cube04_indoor,0,2450,128,True,125,125,True,True,False
cube04_indoor,0,2500,32,True,32,32,True,True,False
cube04_indoor,0,2500,64,True,64,64,True,True,False
cube04_indoor,0,2500,128,True,75,75,True,True,False
cube04_indoor,0,2550,32,True,25,25,True,True,False
cube04_indoor,0,2550,64,True,25,25,True,True,False
cube04_indoor,0,2550,128,True,25,25,True,True,False
bag04_indoor,1,50,32,True,32,32,True,True,False
bag04_indoor,1,50,64,True,64,64,True,True,False
bag04_indoor,1,50,128,True,128,127,True,True,False
bag04_indoor,1,100,32,True,32,31,True,True,False
bag04_indoor,1,100,64,True,64,63,True,True,False
bag04_indoor,1,100,128,True,128,127,True,True,False
bag04_indoor,1,150,32,True,32,32,True,True,False
bag04_indoor,1,150,64,True,64,64,True,True,False
bag04_indoor,1,150,128,True,128,127,True,True,False
bag04_indoor,1,200,32,True,32,32,True,True,False
bag04_indoor,1,200,64,True,64,64,True,True,False
bag04_indoor,1,200,128,True,128,127,True,True,False
bag04_indoor,1,250,32,True,32,31,True,True,False
bag04_indoor,1,250,64,True,64,63,True,True,False
bag04_indoor,1,250,128,True,128,127,True,True,False
bag04_indoor,1,300,32,True,32,32,True,True,False
bag04_indoor,1,300,64,True,64,64,True,True,False
bag04_indoor,1,300,128,True,128,128,True,True,False
bag04_indoor,1,350,32,True,32,32,True,True,False
bag04_indoor,1,350,64,True,64,64,True,True,False
bag04_indoor,1,350,128,True,128,128,True,True,False
bag04_indoor,1,400,32,True,32,32,True,True,False
bag04_indoor,1,400,64,True,64,64,True,True,False
bag04_indoor,1,400,128,True,128,128,True,True,False
bag04_indoor,1,450,32,True,32,32,True,True,False
bag04_indoor,1,450,64,True,64,64,True,True,False
bag04_indoor,1,450,128,True,128,128,True,True,False
bag04_indoor,1,500,32,True,32,32,True,True,False
bag04_indoor,1,500,64,True,64,64,True,True,False
bag04_indoor,1,500,128,True,128,128,True,True,False
bag04_indoor,1,550,32,True,32,32,True,True,False
bag04_indoor,1,550,64,True,64,64,True,True,False
bag04_indoor,1,550,128,True,128,128,True,True,False
bag04_indoor,1,600,32,True,32,32,True,True,False
bag04_indoor,1,600,64,True,64,64,True,True,False
bag04_indoor,1,600,128,True,128,128,True,True,False
bag04_indoor,1,650,32,True,32,32,True,True,False
bag04_indoor,1,650,64,True,64,64,True,True,False
bag04_indoor,1,650,128,True,128,126,True,True,False
bag04_indoor,1,700,32,True,32,32,True,True,False
bag04_indoor,1,700,64,True,64,62,True,True,False
bag04_indoor,1,700,128,True,128,126,True,True,False
bag04_indoor,1,750,32,True,32,32,True,True,False
bag04_indoor,1,750,64,True,64,64,True,True,False
bag04_indoor,1,750,128,True,128,128,True,True,False
bag04_indoor,1,800,32,True,32,32,True,True,False
bag04_indoor,1,800,64,True,64,64,True,True,False
bag04_indoor,1,800,128,True,128,128,True,True,False
bag04_indoor,1,850,32,True,32,32,True,True,False
bag04_indoor,1,850,64,True,64,64,True,True,False
bag04_indoor,1,850,128,True,128,128,True,True,False
bag04_indoor,1,900,32,True,32,32,True,True,False
bag04_indoor,1,900,64,True,64,64,True,True,False
bag04_indoor,1,900,128,True,128,119,True,True,False
bag04_indoor,1,950,32,True,32,32,True,True,False
bag04_indoor,1,950,64,True,64,58,True,True,False
bag04_indoor,1,950,128,True,128,114,True,True,False
bag04_indoor,1,1000,32,True,32,23,True,True,False
bag04_indoor,1,1000,64,True,64,50,True,True,False
bag04_indoor,1,1000,128,True,128,114,True,True,False
bag04_indoor,1,1050,32,True,32,32,True,True,False
bag04_indoor,1,1050,64,True,64,64,True,True,False
bag04_indoor,1,1050,128,True,128,114,True,True,False
bag04_indoor,1,1100,32,True,32,32,True,True,False
bag04_indoor,1,1100,64,True,64,54,True,True,False
bag04_indoor,1,1100,128,True,128,114,True,True,False
bag04_indoor,1,1150,32,True,32,18,True,True,False
bag04_indoor,1,1150,64,True,64,50,True,True,False
bag04_indoor,1,1150,128,True,128,114,True,True,False
bag04_indoor,1,1200,32,True,32,32,True,True,False
bag04_indoor,1,1200,64,True,64,64,True,True,False
bag04_indoor,1,1200,128,True,128,128,True,True,False
bag04_indoor,1,1250,32,True,32,32,True,True,False
bag04_indoor,1,1250,64,True,64,64,True,True,False
bag04_indoor,1,1250,128,True,128,128,True,True,False
bag04_indoor,1,1300,32,True,32,32,True,True,False
bag04_indoor,1,1300,64,True,64,64,True,True,False
bag04_indoor,1,1300,128,True,128,109,True,True,False
bag04_indoor,1,1350,32,True,32,32,True,True,False
bag04_indoor,1,1350,64,True,64,59,True,True,False
bag04_indoor,1,1350,128,True,128,91,True,True,False
bag04_indoor,1,1400,32,True,32,9,True,True,False
bag04_indoor,1,1400,64,True,64,27,True,True,False
bag04_indoor,1,1400,128,True,128,91,True,True,False
bag04_indoor,1,1450,32,True,32,32,True,True,False
bag04_indoor,1,1450,64,True,64,64,True,True,False
bag04_indoor,1,1450,128,True,128,128,True,True,False
bag04_indoor,1,1500,32,True,32,32,True,True,False
bag04_indoor,1,1500,64,True,64,64,True,True,False
bag04_indoor,1,1500,128,True,128,128,True,True,False
bag04_indoor,1,1550,32,True,32,32,True,True,False
bag04_indoor,1,1550,64,True,64,64,True,True,False
bag04_indoor,1,1550,128,True,118,118,True,True,False
bag04_indoor,1,1600,32,True,32,32,True,True,False
bag04_indoor,1,1600,64,True,64,64,True,True,False
bag04_indoor,1,1600,128,True,68,68,True,True,False
bag04_indoor,1,1650,32,True,18,18,True,True,False
bag04_indoor,1,1650,64,True,18,18,True,True,False
bag04_indoor,1,1650,128,True,18,18,True,True,False
skateboard02_indoor,2,50,32,True,32,32,True,True,False
skateboard02_indoor,2,50,64,True,64,64,True,True,False
skateboard02_indoor,2,50,128,True,128,128,True,True,False
skateboard02_indoor,2,100,32,True,32,32,True,True,False
skateboard02_indoor,2,100,64,True,64,64,True,True,False
skateboard02_indoor,2,100,128,True,128,128,True,True,False
skateboard02_indoor,2,150,32,True,32,32,True,True,False
skateboard02_indoor,2,150,64,True,64,64,True,True,False
skateboard02_indoor,2,150,128,True,128,128,True,True,False
skateboard02_indoor,2,200,32,True,32,32,True,True,False
skateboard02_indoor,2,200,64,True,64,64,True,True,False
skateboard02_indoor,2,200,128,True,128,128,True,True,False
skateboard02_indoor,2,250,32,True,32,32,True,True,False
skateboard02_indoor,2,250,64,True,64,64,True,True,False
skateboard02_indoor,2,250,128,True,128,128,True,True,False
skateboard02_indoor,2,300,32,True,32,32,True,True,False
skateboard02_indoor,2,300,64,True,64,64,True,True,False
skateboard02_indoor,2,300,128,True,128,128,True,True,False
skateboard02_indoor,2,350,32,True,32,32,True,True,False
skateboard02_indoor,2,350,64,True,64,64,True,True,False
skateboard02_indoor,2,350,128,True,128,128,True,True,False
skateboard02_indoor,2,400,32,True,32,32,True,True,False
skateboard02_indoor,2,400,64,True,64,64,True,True,False
skateboard02_indoor,2,400,128,True,128,128,True,True,False
skateboard02_indoor,2,450,32,True,32,32,True,True,False
skateboard02_indoor,2,450,64,True,64,64,True,True,False
skateboard02_indoor,2,450,128,True,128,128,True,True,False
skateboard02_indoor,2,500,32,True,32,32,True,True,False
skateboard02_indoor,2,500,64,True,64,64,True,True,False
skateboard02_indoor,2,500,128,True,128,128,True,True,False
skateboard02_indoor,2,550,32,True,32,32,True,True,False
skateboard02_indoor,2,550,64,True,64,64,True,True,False
skateboard02_indoor,2,550,128,True,128,128,True,True,False
skateboard02_indoor,2,600,32,True,32,32,True,True,False
skateboard02_indoor,2,600,64,True,64,64,True,True,False
skateboard02_indoor,2,600,128,True,128,128,True,True,False
skateboard02_indoor,2,650,32,True,32,32,True,True,False
skateboard02_indoor,2,650,64,True,64,64,True,True,False
skateboard02_indoor,2,650,128,True,128,128,True,True,False
skateboard02_indoor,2,700,32,True,32,32,True,True,False
skateboard02_indoor,2,700,64,True,64,64,True,True,False
skateboard02_indoor,2,700,128,True,128,128,True,True,False
skateboard02_indoor,2,750,32,True,32,32,True,True,False
skateboard02_indoor,2,750,64,True,64,64,True,True,False
skateboard02_indoor,2,750,128,True,128,128,True,True,False
skateboard02_indoor,2,800,32,True,32,32,True,True,False
skateboard02_indoor,2,800,64,True,64,64,True,True,False
skateboard02_indoor,2,800,128,True,128,128,True,True,False
skateboard02_indoor,2,850,32,True,32,32,True,True,False
skateboard02_indoor,2,850,64,True,64,64,True,True,False
skateboard02_indoor,2,850,128,True,128,128,True,True,False
skateboard02_indoor,2,900,32,True,32,32,True,True,False
skateboard02_indoor,2,900,64,True,64,64,True,True,False
skateboard02_indoor,2,900,128,True,128,128,True,True,False
skateboard02_indoor,2,950,32,True,32,32,True,True,False
skateboard02_indoor,2,950,64,True,64,64,True,True,False
skateboard02_indoor,2,950,128,True,128,128,True,True,False
skateboard02_indoor,2,1000,32,True,32,32,True,True,False
skateboard02_indoor,2,1000,64,True,64,64,True,True,False
skateboard02_indoor,2,1000,128,True,128,128,True,True,False
skateboard02_indoor,2,1050,32,True,32,32,True,True,False
skateboard02_indoor,2,1050,64,True,64,64,True,True,False
skateboard02_indoor,2,1050,128,True,128,128,True,True,False
skateboard02_indoor,2,1100,32,True,32,32,True,True,False
skateboard02_indoor,2,1100,64,True,64,64,True,True,False
skateboard02_indoor,2,1100,128,True,128,121,True,True,False
skateboard02_indoor,2,1150,32,True,32,32,True,True,False
skateboard02_indoor,2,1150,64,True,64,61,True,True,False
skateboard02_indoor,2,1150,128,True,128,116,True,True,False
skateboard02_indoor,2,1200,32,True,32,26,True,True,False
skateboard02_indoor,2,1200,64,True,64,53,True,True,False
skateboard02_indoor,2,1200,128,True,128,117,True,True,False
skateboard02_indoor,2,1250,32,True,32,32,True,True,False
skateboard02_indoor,2,1250,64,True,64,64,True,True,False
skateboard02_indoor,2,1250,128,True,128,128,True,True,False
skateboard02_indoor,2,1300,32,True,32,32,True,True,False
skateboard02_indoor,2,1300,64,True,64,64,True,True,False
skateboard02_indoor,2,1300,128,True,128,128,True,True,False
skateboard02_indoor,2,1350,32,True,32,32,True,True,False
skateboard02_indoor,2,1350,64,True,64,64,True,True,False
skateboard02_indoor,2,1350,128,True,128,128,True,True,False
skateboard02_indoor,2,1400,32,True,32,32,True,True,False
skateboard02_indoor,2,1400,64,True,64,64,True,True,False
skateboard02_indoor,2,1400,128,True,128,127,True,True,False
skateboard02_indoor,2,1450,32,True,32,32,True,True,False
skateboard02_indoor,2,1450,64,True,64,64,True,True,False
skateboard02_indoor,2,1450,128,True,128,127,True,True,False
skateboard02_indoor,2,1500,32,True,32,31,True,True,False
skateboard02_indoor,2,1500,64,True,64,63,True,True,False
skateboard02_indoor,2,1500,128,True,128,127,True,True,False
skateboard02_indoor,2,1550,32,True,32,32,True,True,False
skateboard02_indoor,2,1550,64,True,64,64,True,True,False
skateboard02_indoor,2,1550,128,True,128,128,True,True,False
skateboard02_indoor,2,1600,32,True,32,32,True,True,False
skateboard02_indoor,2,1600,64,True,64,64,True,True,False
skateboard02_indoor,2,1600,128,True,128,128,True,True,False
skateboard02_indoor,2,1650,32,True,32,32,True,True,False
skateboard02_indoor,2,1650,64,True,64,64,True,True,False
skateboard02_indoor,2,1650,128,True,128,128,True,True,False
skateboard02_indoor,2,1700,32,True,32,32,True,True,False
skateboard02_indoor,2,1700,64,True,64,64,True,True,False
skateboard02_indoor,2,1700,128,True,128,128,True,True,False
skateboard02_indoor,2,1750,32,True,32,32,True,True,False
skateboard02_indoor,2,1750,64,True,64,64,True,True,False
skateboard02_indoor,2,1750,128,True,128,128,True,True,False
skateboard02_indoor,2,1800,32,True,32,32,True,True,False
skateboard02_indoor,2,1800,64,True,64,64,True,True,False
skateboard02_indoor,2,1800,128,True,128,128,True,True,False
skateboard02_indoor,2,1850,32,True,32,32,True,True,False
skateboard02_indoor,2,1850,64,True,64,64,True,True,False
skateboard02_indoor,2,1850,128,True,125,125,True,True,False
skateboard02_indoor,2,1900,32,True,32,32,True,True,False
skateboard02_indoor,2,1900,64,True,64,64,True,True,False
skateboard02_indoor,2,1900,128,True,75,75,True,True,False
skateboard02_indoor,2,1950,32,True,25,25,True,True,False
skateboard02_indoor,2,1950,64,True,25,25,True,True,False
skateboard02_indoor,2,1950,128,True,25,25,True,True,False
cat02_indoor,3,50,32,True,32,32,True,True,False
cat02_indoor,3,50,64,True,64,64,True,True,False
cat02_indoor,3,50,128,True,128,119,True,True,False
cat02_indoor,3,100,32,True,32,32,True,True,False
cat02_indoor,3,100,64,True,64,64,True,True,False
cat02_indoor,3,100,128,True,128,102,True,True,False
cat02_indoor,3,150,32,True,32,19,True,True,False
cat02_indoor,3,150,64,True,64,38,True,True,False
cat02_indoor,3,150,128,True,128,102,True,True,False
cat02_indoor,3,200,32,True,32,32,True,True,False
cat02_indoor,3,200,64,True,64,64,True,True,False
cat02_indoor,3,200,128,True,128,106,True,True,False
cat02_indoor,3,250,32,True,32,32,True,True,False
cat02_indoor,3,250,64,True,64,54,True,True,False
cat02_indoor,3,250,128,True,128,106,True,True,False
cat02_indoor,3,300,32,True,32,10,True,True,False
cat02_indoor,3,300,64,True,64,42,True,True,False
cat02_indoor,3,300,128,True,128,106,True,True,False
cat02_indoor,3,350,32,True,32,32,True,True,False
cat02_indoor,3,350,64,True,64,64,True,True,False
cat02_indoor,3,350,128,True,128,128,True,True,False
cat02_indoor,3,400,32,True,32,32,True,True,False
cat02_indoor,3,400,64,True,64,64,True,True,False
cat02_indoor,3,400,128,True,128,128,True,True,False
cat02_indoor,3,450,32,True,32,32,True,True,False
cat02_indoor,3,450,64,True,64,64,True,True,False
cat02_indoor,3,450,128,True,128,88,True,True,False
cat02_indoor,3,500,32,True,32,28,True,True,False
cat02_indoor,3,500,64,True,64,28,True,True,False
cat02_indoor,3,500,128,True,128,73,True,True,False
cat02_indoor,3,550,32,False,32,14,False,True,True
cat02_indoor,3,550,64,False,64,39,False,True,True
cat02_indoor,3,550,128,False,128,95,False,True,True
cat02_indoor,3,600,32,True,32,17,True,True,False
cat02_indoor,3,600,64,True,64,49,True,True,False
cat02_indoor,3,600,128,True,128,98,True,True,False
cat02_indoor,3,650,32,True,32,32,True,True,False
cat02_indoor,3,650,64,True,64,61,True,True,False
cat02_indoor,3,650,128,True,100,63,True,True,False
cat02_indoor,3,700,32,True,32,13,True,True,False
cat02_indoor,3,700,64,True,50,13,True,True,False
cat02_indoor,3,700,128,True,50,13,True,True,False
cat02_indoor,3,750,32,False,0,0,False,False,False
cat02_indoor,3,750,64,False,0,0,False,False,False
cat02_indoor,3,750,128,False,0,0,False,False,False
bottle02_indoor,4,50,32,True,32,32,True,True,False
bottle02_indoor,4,50,64,True,64,64,True,True,False
bottle02_indoor,4,50,128,True,128,128,True,True,False
bottle02_indoor,4,100,32,True,32,32,True,True,False
bottle02_indoor,4,100,64,True,64,64,True,True,False
bottle02_indoor,4,100,128,True,128,128,True,True,False
bottle02_indoor,4,150,32,True,32,32,True,True,False
bottle02_indoor,4,150,64,True,64,64,True,True,False
bottle02_indoor,4,150,128,True,128,128,True,True,False
bottle02_indoor,4,200,32,True,32,32,True,True,False
bottle02_indoor,4,200,64,True,64,64,True,True,False
bottle02_indoor,4,200,128,True,128,128,True,True,False
bottle02_indoor,4,250,32,True,32,32,True,True,False
bottle02_indoor,4,250,64,True,64,64,True,True,False
bottle02_indoor,4,250,128,True,128,128,True,True,False
bottle02_indoor,4,300,32,True,32,32,True,True,False
bottle02_indoor,4,300,64,True,64,64,True,True,False
bottle02_indoor,4,300,128,True,128,128,True,True,False
bottle02_indoor,4,350,32,True,32,32,True,True,False
bottle02_indoor,4,350,64,True,64,64,True,True,False
bottle02_indoor,4,350,128,True,128,128,True,True,False
bottle02_indoor,4,400,32,True,32,32,True,True,False
bottle02_indoor,4,400,64,True,64,64,True,True,False
bottle02_indoor,4,400,128,True,128,128,True,True,False
bottle02_indoor,4,450,32,True,32,32,True,True,False
bottle02_indoor,4,450,64,True,64,64,True,True,False
bottle02_indoor,4,450,128,True,128,128,True,True,False
bottle02_indoor,4,500,32,True,32,32,True,True,False
bottle02_indoor,4,500,64,True,64,64,True,True,False
bottle02_indoor,4,500,128,True,128,128,True,True,False
bottle02_indoor,4,550,32,True,32,32,True,True,False
bottle02_indoor,4,550,64,True,64,64,True,True,False
bottle02_indoor,4,550,128,True,128,128,True,True,False
bottle02_indoor,4,600,32,True,32,32,True,True,False
bottle02_indoor,4,600,64,True,64,64,True,True,False
bottle02_indoor,4,600,128,True,128,128,True,True,False
bottle02_indoor,4,650,32,True,32,32,True,True,False
bottle02_indoor,4,650,64,True,64,64,True,True,False
bottle02_indoor,4,650,128,True,128,116,True,True,False
bottle02_indoor,4,700,32,True,32,32,True,True,False
bottle02_indoor,4,700,64,True,64,64,True,True,False
bottle02_indoor,4,700,128,True,128,115,True,True,False
bottle02_indoor,4,750,32,True,32,19,True,True,False
bottle02_indoor,4,750,64,True,64,51,True,True,False
bottle02_indoor,4,750,128,True,128,115,True,True,False
bottle02_indoor,4,800,32,True,32,32,True,True,False
bottle02_indoor,4,800,64,True,64,64,True,True,False
bottle02_indoor,4,800,128,True,128,128,True,True,False
bottle02_indoor,4,850,32,True,32,32,True,True,False
bottle02_indoor,4,850,64,True,64,64,True,True,False
bottle02_indoor,4,850,128,True,128,128,True,True,False
bottle02_indoor,4,900,32,True,32,32,True,True,False
bottle02_indoor,4,900,64,True,64,64,True,True,False
bottle02_indoor,4,900,128,True,128,128,True,True,False
bottle02_indoor,4,950,32,True,32,32,True,True,False
bottle02_indoor,4,950,64,True,64,64,True,True,False
bottle02_indoor,4,950,128,True,128,128,True,True,False
bottle02_indoor,4,1000,32,True,32,32,True,True,False
bottle02_indoor,4,1000,64,True,64,64,True,True,False
bottle02_indoor,4,1000,128,True,128,109,True,True,False
bottle02_indoor,4,1050,32,True,32,32,True,True,False
bottle02_indoor,4,1050,64,True,64,59,True,True,False
bottle02_indoor,4,1050,128,True,128,108,True,True,False
bottle02_indoor,4,1100,32,True,32,12,True,True,False
bottle02_indoor,4,1100,64,True,64,44,True,True,False
bottle02_indoor,4,1100,128,True,128,108,True,True,False
bottle02_indoor,4,1150,32,True,32,32,True,True,False
bottle02_indoor,4,1150,64,True,64,64,True,True,False
bottle02_indoor,4,1150,128,True,128,127,True,True,False
bottle02_indoor,4,1200,32,True,32,32,True,True,False
bottle02_indoor,4,1200,64,True,64,64,True,True,False
bottle02_indoor,4,1200,128,True,128,107,True,True,False
bottle02_indoor,4,1250,32,True,32,27,True,True,False
bottle02_indoor,4,1250,64,True,64,43,True,True,False
bottle02_indoor,4,1250,128,True,128,107,True,True,False
bottle02_indoor,4,1300,32,True,32,32,True,True,False
bottle02_indoor,4,1300,64,True,64,64,True,True,False
bottle02_indoor,4,1300,128,True,128,128,True,True,False
bottle02_indoor,4,1350,32,True,32,32,True,True,False
bottle02_indoor,4,1350,64,True,64,64,True,True,False
bottle02_indoor,4,1350,128,True,128,128,True,True,False
bottle02_indoor,4,1400,32,True,32,32,True,True,False
bottle02_indoor,4,1400,64,True,64,64,True,True,False
bottle02_indoor,4,1400,128,True,128,128,True,True,False
bottle02_indoor,4,1450,32,True,32,32,True,True,False
bottle02_indoor,4,1450,64,True,64,64,True,True,False
bottle02_indoor,4,1450,128,True,128,128,True,True,False
bottle02_indoor,4,1500,32,True,32,32,True,True,False
bottle02_indoor,4,1500,64,True,64,64,True,True,False
bottle02_indoor,4,1500,128,True,128,128,True,True,False
bottle02_indoor,4,1550,32,True,32,32,True,True,False
bottle02_indoor,4,1550,64,True,64,64,True,True,False
bottle02_indoor,4,1550,128,True,128,128,True,True,False
bottle02_indoor,4,1600,32,True,32,32,True,True,False
bottle02_indoor,4,1600,64,True,64,64,True,True,False
bottle02_indoor,4,1600,128,True,128,128,True,True,False
bottle02_indoor,4,1650,32,True,32,32,True,True,False
bottle02_indoor,4,1650,64,True,64,64,True,True,False
bottle02_indoor,4,1650,128,True,128,128,True,True,False
bottle02_indoor,4,1700,32,True,32,32,True,True,False
bottle02_indoor,4,1700,64,True,64,64,True,True,False
bottle02_indoor,4,1700,128,True,128,128,True,True,False
bottle02_indoor,4,1750,32,True,32,32,True,True,False
bottle02_indoor,4,1750,64,True,64,64,True,True,False
bottle02_indoor,4,1750,128,True,128,128,True,True,False
bottle02_indoor,4,1800,32,True,32,32,True,True,False
bottle02_indoor,4,1800,64,True,64,64,True,True,False
bottle02_indoor,4,1800,128,True,128,128,True,True,False
bottle02_indoor,4,1850,32,True,32,32,True,True,False
bottle02_indoor,4,1850,64,True,64,64,True,True,False
bottle02_indoor,4,1850,128,True,128,118,True,True,False
bottle02_indoor,4,1900,32,True,32,32,True,True,False
bottle02_indoor,4,1900,64,True,64,62,True,True,False
bottle02_indoor,4,1900,128,True,128,111,True,True,False
bottle02_indoor,4,1950,32,True,32,18,True,True,False
bottle02_indoor,4,1950,64,True,64,47,True,True,False
bottle02_indoor,4,1950,128,True,128,111,True,True,False
bottle02_indoor,4,2000,32,True,32,32,True,True,False
bottle02_indoor,4,2000,64,True,64,64,True,True,False
bottle02_indoor,4,2000,128,True,128,128,True,True,False
bottle02_indoor,4,2050,32,True,32,32,True,True,False
bottle02_indoor,4,2050,64,True,64,64,True,True,False
bottle02_indoor,4,2050,128,True,128,128,True,True,False
bottle02_indoor,4,2100,32,True,32,32,True,True,False
bottle02_indoor,4,2100,64,True,64,64,True,True,False
bottle02_indoor,4,2100,128,True,128,128,True,True,False
bottle02_indoor,4,2150,32,True,32,32,True,True,False
bottle02_indoor,4,2150,64,True,64,64,True,True,False
bottle02_indoor,4,2150,128,True,128,128,True,True,False
bottle02_indoor,4,2200,32,True,32,32,True,True,False
bottle02_indoor,4,2200,64,True,64,64,True,True,False
bottle02_indoor,4,2200,128,True,128,110,True,True,False
bottle02_indoor,4,2250,32,True,32,32,True,True,False
bottle02_indoor,4,2250,64,True,64,46,True,True,False
bottle02_indoor,4,2250,128,True,128,110,True,True,False
bottle02_indoor,4,2300,32,False,32,21,False,True,True
bottle02_indoor,4,2300,64,False,64,53,False,True,True
bottle02_indoor,4,2300,128,False,128,95,False,True,True
bottle02_indoor,4,2350,32,True,32,32,True,True,False
bottle02_indoor,4,2350,64,True,64,56,True,True,False
bottle02_indoor,4,2350,128,True,128,89,True,True,False
bottle02_indoor,4,2400,32,True,32,6,True,True,False
bottle02_indoor,4,2400,64,True,64,25,True,True,False
bottle02_indoor,4,2400,128,True,128,89,True,True,False
bottle02_indoor,4,2450,32,True,32,32,True,True,False
bottle02_indoor,4,2450,64,True,64,64,True,True,False
bottle02_indoor,4,2450,128,True,128,128,True,True,False
bottle02_indoor,4,2500,32,True,32,32,True,True,False
bottle02_indoor,4,2500,64,True,64,64,True,True,False
bottle02_indoor,4,2500,128,True,128,128,True,True,False
bottle02_indoor,4,2550,32,True,32,32,True,True,False
bottle02_indoor,4,2550,64,True,64,64,True,True,False
bottle02_indoor,4,2550,128,True,115,115,True,True,False
bottle02_indoor,4,2600,32,True,32,32,True,True,False
bottle02_indoor,4,2600,64,True,64,64,True,True,False
bottle02_indoor,4,2600,128,True,65,65,True,True,False
bottle02_indoor,4,2650,32,True,15,15,True,True,False
bottle02_indoor,4,2650,64,True,15,15,True,True,False
bottle02_indoor,4,2650,128,True,15,15,True,True,False
bottle01_indoor,5,50,32,True,32,32,True,True,False
bottle01_indoor,5,50,64,True,64,64,True,True,False
bottle01_indoor,5,50,128,True,128,128,True,True,False
bottle01_indoor,5,100,32,True,32,32,True,True,False
bottle01_indoor,5,100,64,True,64,64,True,True,False
bottle01_indoor,5,100,128,True,128,128,True,True,False
bottle01_indoor,5,150,32,True,32,32,True,True,False
bottle01_indoor,5,150,64,True,64,64,True,True,False
bottle01_indoor,5,150,128,True,128,128,True,True,False
bottle01_indoor,5,200,32,True,32,32,True,True,False
bottle01_indoor,5,200,64,True,64,64,True,True,False
bottle01_indoor,5,200,128,True,128,128,True,True,False
bottle01_indoor,5,250,32,True,32,32,True,True,False
bottle01_indoor,5,250,64,True,64,64,True,True,False
bottle01_indoor,5,250,128,True,128,128,True,True,False
bottle01_indoor,5,300,32,True,32,32,True,True,False
bottle01_indoor,5,300,64,True,64,64,True,True,False
bottle01_indoor,5,300,128,True,128,128,True,True,False
bottle01_indoor,5,350,32,True,32,32,True,True,False
bottle01_indoor,5,350,64,True,64,64,True,True,False
bottle01_indoor,5,350,128,True,128,128,True,True,False
bottle01_indoor,5,400,32,True,32,32,True,True,False
bottle01_indoor,5,400,64,True,64,64,True,True,False
bottle01_indoor,5,400,128,True,128,128,True,True,False
bottle01_indoor,5,450,32,True,32,32,True,True,False
bottle01_indoor,5,450,64,True,64,64,True,True,False
bottle01_indoor,5,450,128,True,128,128,True,True,False
bottle01_indoor,5,500,32,True,32,32,True,True,False
bottle01_indoor,5,500,64,True,64,64,True,True,False
bottle01_indoor,5,500,128,True,128,128,True,True,False
bottle01_indoor,5,550,32,True,32,32,True,True,False
bottle01_indoor,5,550,64,True,64,64,True,True,False
bottle01_indoor,5,550,128,True,128,128,True,True,False
bottle01_indoor,5,600,32,True,32,32,True,True,False
bottle01_indoor,5,600,64,True,64,64,True,True,False
bottle01_indoor,5,600,128,True,128,128,True,True,False
bottle01_indoor,5,650,32,True,32,32,True,True,False
bottle01_indoor,5,650,64,True,64,64,True,True,False
bottle01_indoor,5,650,128,True,128,128,True,True,False
bottle01_indoor,5,700,32,True,32,32,True,True,False
bottle01_indoor,5,700,64,True,64,64,True,True,False
bottle01_indoor,5,700,128,True,128,128,True,True,False
bottle01_indoor,5,750,32,True,32,32,True,True,False
bottle01_indoor,5,750,64,True,64,64,True,True,False
bottle01_indoor,5,750,128,True,128,128,True,True,False
bottle01_indoor,5,800,32,True,32,32,True,True,False
bottle01_indoor,5,800,64,True,64,64,True,True,False
bottle01_indoor,5,800,128,True,128,128,True,True,False
bottle01_indoor,5,850,32,True,32,32,True,True,False
bottle01_indoor,5,850,64,True,64,64,True,True,False
bottle01_indoor,5,850,128,True,128,128,True,True,False
bottle01_indoor,5,900,32,True,32,32,True,True,False
bottle01_indoor,5,900,64,True,64,64,True,True,False
bottle01_indoor,5,900,128,True,128,128,True,True,False
bottle01_indoor,5,950,32,True,32,32,True,True,False
bottle01_indoor,5,950,64,True,64,64,True,True,False
bottle01_indoor,5,950,128,True,128,128,True,True,False
bottle01_indoor,5,1000,32,True,32,32,True,True,False
bottle01_indoor,5,1000,64,True,64,64,True,True,False
bottle01_indoor,5,1000,128,True,128,128,True,True,False
bottle01_indoor,5,1050,32,True,32,32,True,True,False
bottle01_indoor,5,1050,64,True,64,64,True,True,False
bottle01_indoor,5,1050,128,True,128,128,True,True,False
bottle01_indoor,5,1100,32,True,32,32,True,True,False
bottle01_indoor,5,1100,64,True,64,64,True,True,False
bottle01_indoor,5,1100,128,True,128,128,True,True,False
bottle01_indoor,5,1150,32,True,32,32,True,True,False
bottle01_indoor,5,1150,64,True,64,64,True,True,False
bottle01_indoor,5,1150,128,True,128,128,True,True,False
bottle01_indoor,5,1200,32,True,32,32,True,True,False
bottle01_indoor,5,1200,64,True,64,64,True,True,False
bottle01_indoor,5,1200,128,True,128,128,True,True,False
bottle01_indoor,5,1250,32,True,32,32,True,True,False
bottle01_indoor,5,1250,64,True,64,64,True,True,False
bottle01_indoor,5,1250,128,True,128,128,True,True,False
bottle01_indoor,5,1300,32,True,32,32,True,True,False
bottle01_indoor,5,1300,64,True,64,64,True,True,False
bottle01_indoor,5,1300,128,True,128,128,True,True,False
bottle01_indoor,5,1350,32,True,32,32,True,True,False
bottle01_indoor,5,1350,64,True,64,64,True,True,False
bottle01_indoor,5,1350,128,True,128,128,True,True,False
bottle01_indoor,5,1400,32,True,32,32,True,True,False
bottle01_indoor,5,1400,64,True,64,64,True,True,False
bottle01_indoor,5,1400,128,True,128,128,True,True,False
bottle01_indoor,5,1450,32,True,32,32,True,True,False
bottle01_indoor,5,1450,64,True,64,64,True,True,False
bottle01_indoor,5,1450,128,True,128,128,True,True,False
bottle01_indoor,5,1500,32,True,32,32,True,True,False
bottle01_indoor,5,1500,64,True,64,64,True,True,False
bottle01_indoor,5,1500,128,True,128,128,True,True,False
bottle01_indoor,5,1550,32,True,32,32,True,True,False
bottle01_indoor,5,1550,64,True,64,64,True,True,False
bottle01_indoor,5,1550,128,True,128,98,True,True,False
bottle01_indoor,5,1600,32,True,32,32,True,True,False
bottle01_indoor,5,1600,64,True,64,48,True,True,False
bottle01_indoor,5,1600,128,True,128,78,True,True,False
bottle01_indoor,5,1650,32,False,32,0,False,False,False
bottle01_indoor,5,1650,64,False,64,16,False,True,True
bottle01_indoor,5,1650,128,False,128,80,False,True,True
bottle01_indoor,5,1700,32,True,32,32,True,True,False
bottle01_indoor,5,1700,64,True,64,64,True,True,False
bottle01_indoor,5,1700,128,True,128,128,True,True,False
bottle01_indoor,5,1750,32,True,32,32,True,True,False
bottle01_indoor,5,1750,64,True,64,64,True,True,False
bottle01_indoor,5,1750,128,True,128,120,True,True,False
bottle01_indoor,5,1800,32,True,32,32,True,True,False
bottle01_indoor,5,1800,64,True,64,64,True,True,False
bottle01_indoor,5,1800,128,True,128,120,True,True,False
bottle01_indoor,5,1850,32,True,32,24,True,True,False
bottle01_indoor,5,1850,64,True,64,56,True,True,False
bottle01_indoor,5,1850,128,True,128,120,True,True,False
bottle01_indoor,5,1900,32,True,32,32,True,True,False
bottle01_indoor,5,1900,64,True,64,64,True,True,False
bottle01_indoor,5,1900,128,True,128,128,True,True,False
bottle01_indoor,5,1950,32,True,32,32,True,True,False
bottle01_indoor,5,1950,64,True,64,64,True,True,False
bottle01_indoor,5,1950,128,True,128,128,True,True,False
bottle01_indoor,5,2000,32,True,32,32,True,True,False
bottle01_indoor,5,2000,64,True,64,64,True,True,False
bottle01_indoor,5,2000,128,True,128,128,True,True,False
bottle01_indoor,5,2050,32,True,32,32,True,True,False
bottle01_indoor,5,2050,64,True,64,64,True,True,False
bottle01_indoor,5,2050,128,True,128,128,True,True,False
bottle01_indoor,5,2100,32,True,32,32,True,True,False
bottle01_indoor,5,2100,64,True,64,64,True,True,False
bottle01_indoor,5,2100,128,True,128,128,True,True,False
bottle01_indoor,5,2150,32,True,32,32,True,True,False
bottle01_indoor,5,2150,64,True,64,64,True,True,False
bottle01_indoor,5,2150,128,True,128,122,True,True,False
bottle01_indoor,5,2200,32,True,32,32,True,True,False
bottle01_indoor,5,2200,64,True,64,64,True,True,False
bottle01_indoor,5,2200,128,True,128,118,True,True,False
bottle01_indoor,5,2250,32,True,32,22,True,True,False
bottle01_indoor,5,2250,64,True,64,54,True,True,False
bottle01_indoor,5,2250,128,True,128,118,True,True,False
bottle01_indoor,5,2300,32,True,32,32,True,True,False
bottle01_indoor,5,2300,64,True,64,64,True,True,False
bottle01_indoor,5,2300,128,True,128,128,True,True,False
bottle01_indoor,5,2350,32,True,32,32,True,True,False
bottle01_indoor,5,2350,64,True,64,64,True,True,False
bottle01_indoor,5,2350,128,True,128,128,True,True,False
bottle01_indoor,5,2400,32,True,32,32,True,True,False
bottle01_indoor,5,2400,64,True,64,64,True,True,False
bottle01_indoor,5,2400,128,True,128,128,True,True,False
bottle01_indoor,5,2450,32,True,32,32,True,True,False
bottle01_indoor,5,2450,64,True,64,64,True,True,False
bottle01_indoor,5,2450,128,True,128,128,True,True,False
bottle01_indoor,5,2500,32,True,32,32,True,True,False
bottle01_indoor,5,2500,64,True,64,64,True,True,False
bottle01_indoor,5,2500,128,True,128,128,True,True,False
bottle01_indoor,5,2550,32,True,32,32,True,True,False
bottle01_indoor,5,2550,64,True,64,64,True,True,False
bottle01_indoor,5,2550,128,True,128,128,True,True,False
bottle01_indoor,5,2600,32,True,32,32,True,True,False
bottle01_indoor,5,2600,64,True,64,64,True,True,False
bottle01_indoor,5,2600,128,True,128,128,True,True,False
bottle01_indoor,5,2650,32,True,32,32,True,True,False
bottle01_indoor,5,2650,64,True,64,64,True,True,False
bottle01_indoor,5,2650,128,True,128,128,True,True,False
bottle01_indoor,5,2700,32,True,32,32,True,True,False
bottle01_indoor,5,2700,64,True,64,64,True,True,False
bottle01_indoor,5,2700,128,True,128,128,True,True,False
bottle01_indoor,5,2750,32,True,32,32,True,True,False
bottle01_indoor,5,2750,64,True,64,64,True,True,False
bottle01_indoor,5,2750,128,True,128,128,True,True,False
bottle01_indoor,5,2800,32,True,32,32,True,True,False
bottle01_indoor,5,2800,64,True,64,64,True,True,False
bottle01_indoor,5,2800,128,True,128,128,True,True,False
bottle01_indoor,5,2850,32,True,32,32,True,True,False
bottle01_indoor,5,2850,64,True,64,64,True,True,False
bottle01_indoor,5,2850,128,True,128,128,True,True,False
bottle01_indoor,5,2900,32,True,32,32,True,True,False
bottle01_indoor,5,2900,64,True,64,64,True,True,False
bottle01_indoor,5,2900,128,True,128,128,True,True,False
bottle01_indoor,5,2950,32,True,32,32,True,True,False
bottle01_indoor,5,2950,64,True,64,64,True,True,False
bottle01_indoor,5,2950,128,True,128,128,True,True,False
bottle01_indoor,5,3000,32,True,32,32,True,True,False
bottle01_indoor,5,3000,64,True,64,64,True,True,False
bottle01_indoor,5,3000,128,True,128,128,True,True,False
bottle01_indoor,5,3050,32,True,32,32,True,True,False
bottle01_indoor,5,3050,64,True,64,64,True,True,False
bottle01_indoor,5,3050,128,True,128,128,True,True,False
bottle01_indoor,5,3100,32,True,32,32,True,True,False
bottle01_indoor,5,3100,64,True,64,64,True,True,False
bottle01_indoor,5,3100,128,True,128,128,True,True,False
bottle01_indoor,5,3150,32,True,32,32,True,True,False
bottle01_indoor,5,3150,64,True,64,64,True,True,False
bottle01_indoor,5,3150,128,True,128,128,True,True,False
bottle01_indoor,5,3200,32,True,32,32,True,True,False
bottle01_indoor,5,3200,64,True,64,64,True,True,False
bottle01_indoor,5,3200,128,True,128,128,True,True,False
bottle01_indoor,5,3250,32,True,32,32,True,True,False
bottle01_indoor,5,3250,64,True,64,64,True,True,False
bottle01_indoor,5,3250,128,True,128,128,True,True,False
bottle01_indoor,5,3300,32,True,32,32,True,True,False
bottle01_indoor,5,3300,64,True,64,64,True,True,False
bottle01_indoor,5,3300,128,True,128,128,True,True,False
bottle01_indoor,5,3350,32,True,32,32,True,True,False
bottle01_indoor,5,3350,64,True,64,64,True,True,False
bottle01_indoor,5,3350,128,True,128,128,True,True,False
bottle01_indoor,5,3400,32,True,32,32,True,True,False
bottle01_indoor,5,3400,64,True,64,64,True,True,False
bottle01_indoor,5,3400,128,True,128,126,True,True,False
bottle01_indoor,5,3450,32,True,32,32,True,True,False
bottle01_indoor,5,3450,64,True,64,64,True,True,False
bottle01_indoor,5,3450,128,True,128,126,True,True,False
bottle01_indoor,5,3500,32,True,32,30,True,True,False
bottle01_indoor,5,3500,64,True,64,62,True,True,False
bottle01_indoor,5,3500,128,True,128,126,True,True,False
bottle01_indoor,5,3550,32,True,32,32,True,True,False
bottle01_indoor,5,3550,64,True,64,64,True,True,False
bottle01_indoor,5,3550,128,True,128,128,True,True,False
bottle01_indoor,5,3600,32,True,32,32,True,True,False
bottle01_indoor,5,3600,64,True,64,64,True,True,False
bottle01_indoor,5,3600,128,True,128,128,True,True,False
bottle01_indoor,5,3650,32,True,32,32,True,True,False
bottle01_indoor,5,3650,64,True,64,64,True,True,False
bottle01_indoor,5,3650,128,True,128,128,True,True,False
bottle01_indoor,5,3700,32,True,32,32,True,True,False
bottle01_indoor,5,3700,64,True,64,64,True,True,False
bottle01_indoor,5,3700,128,True,128,128,True,True,False
bottle01_indoor,5,3750,32,True,32,32,True,True,False
bottle01_indoor,5,3750,64,True,64,64,True,True,False
bottle01_indoor,5,3750,128,True,128,128,True,True,False
bottle01_indoor,5,3800,32,True,32,32,True,True,False
bottle01_indoor,5,3800,64,True,64,64,True,True,False
bottle01_indoor,5,3800,128,True,128,128,True,True,False
bottle01_indoor,5,3850,32,True,32,32,True,True,False
bottle01_indoor,5,3850,64,True,64,64,True,True,False
bottle01_indoor,5,3850,128,True,128,128,True,True,False
bottle01_indoor,5,3900,32,True,32,32,True,True,False
bottle01_indoor,5,3900,64,True,64,64,True,True,False
bottle01_indoor,5,3900,128,True,128,128,True,True,False
bottle01_indoor,5,3950,32,True,32,32,True,True,False
bottle01_indoor,5,3950,64,True,64,64,True,True,False
bottle01_indoor,5,3950,128,True,118,118,True,True,False
bottle01_indoor,5,4000,32,True,32,32,True,True,False
bottle01_indoor,5,4000,64,True,64,64,True,True,False
bottle01_indoor,5,4000,128,True,68,68,True,True,False
bottle01_indoor,5,4050,32,True,18,18,True,True,False
bottle01_indoor,5,4050,64,True,18,18,True,True,False
bottle01_indoor,5,4050,128,True,18,18,True,True,False
mushroom02_wild,6,50,32,True,32,32,True,True,False
mushroom02_wild,6,50,64,True,64,64,True,True,False
mushroom02_wild,6,50,128,True,128,128,True,True,False
mushroom02_wild,6,100,32,True,32,32,True,True,False
mushroom02_wild,6,100,64,True,64,64,True,True,False
mushroom02_wild,6,100,128,True,128,118,True,True,False
mushroom02_wild,6,150,32,True,32,32,True,True,False
mushroom02_wild,6,150,64,True,64,54,True,True,False
mushroom02_wild,6,150,128,True,128,95,True,True,False
mushroom02_wild,6,200,32,False,32,24,False,True,True
mushroom02_wild,6,200,64,False,64,40,False,True,True
mushroom02_wild,6,200,128,False,128,97,False,True,True
mushroom02_wild,6,250,32,False,32,11,False,True,True
mushroom02_wild,6,250,64,False,64,43,False,True,True
mushroom02_wild,6,250,128,False,108,87,False,True,True
mushroom02_wild,6,300,32,True,32,32,True,True,False
mushroom02_wild,6,300,64,True,58,58,True,True,False
mushroom02_wild,6,300,128,True,58,58,True,True,False
mushroom02_wild,6,350,32,True,8,8,True,True,False
mushroom02_wild,6,350,64,True,8,8,True,True,False
mushroom02_wild,6,350,128,True,8,8,True,True,False
book04_indoor,7,50,32,True,32,32,True,True,False
book04_indoor,7,50,64,True,64,64,True,True,False
book04_indoor,7,50,128,True,128,128,True,True,False
book04_indoor,7,100,32,True,32,32,True,True,False
book04_indoor,7,100,64,True,64,64,True,True,False
book04_indoor,7,100,128,True,128,128,True,True,False
book04_indoor,7,150,32,True,32,32,True,True,False
book04_indoor,7,150,64,True,64,64,True,True,False
book04_indoor,7,150,128,True,128,128,True,True,False
book04_indoor,7,200,32,True,32,32,True,True,False
book04_indoor,7,200,64,True,64,64,True,True,False
book04_indoor,7,200,128,True,128,128,True,True,False
book04_indoor,7,250,32,True,32,32,True,True,False
book04_indoor,7,250,64,True,64,64,True,True,False
book04_indoor,7,250,128,True,128,128,True,True,False
book04_indoor,7,300,32,True,32,32,True,True,False
book04_indoor,7,300,64,True,64,64,True,True,False
book04_indoor,7,300,128,True,128,128,True,True,False
book04_indoor,7,350,32,True,32,32,True,True,False
book04_indoor,7,350,64,True,64,64,True,True,False
book04_indoor,7,350,128,True,128,128,True,True,False
book04_indoor,7,400,32,True,32,32,True,True,False
book04_indoor,7,400,64,True,64,64,True,True,False
book04_indoor,7,400,128,True,128,128,True,True,False
book04_indoor,7,450,32,True,32,32,True,True,False
book04_indoor,7,450,64,True,64,64,True,True,False
book04_indoor,7,450,128,True,128,128,True,True,False
book04_indoor,7,500,32,True,32,32,True,True,False
book04_indoor,7,500,64,True,64,64,True,True,False
book04_indoor,7,500,128,True,128,128,True,True,False
book04_indoor,7,550,32,True,32,32,True,True,False
book04_indoor,7,550,64,True,64,64,True,True,False
book04_indoor,7,550,128,True,128,128,True,True,False
book04_indoor,7,600,32,True,32,32,True,True,False
book04_indoor,7,600,64,True,64,64,True,True,False
book04_indoor,7,600,128,True,128,128,True,True,False
book04_indoor,7,650,32,True,32,32,True,True,False
book04_indoor,7,650,64,True,64,64,True,True,False
book04_indoor,7,650,128,True,128,128,True,True,False
book04_indoor,7,700,32,True,32,32,True,True,False
book04_indoor,7,700,64,True,64,64,True,True,False
book04_indoor,7,700,128,True,128,128,True,True,False
book04_indoor,7,750,32,True,32,32,True,True,False
book04_indoor,7,750,64,True,64,64,True,True,False
book04_indoor,7,750,128,True,128,128,True,True,False
book04_indoor,7,800,32,True,32,32,True,True,False
book04_indoor,7,800,64,True,64,64,True,True,False
book04_indoor,7,800,128,True,128,128,True,True,False
book04_indoor,7,850,32,True,32,32,True,True,False
book04_indoor,7,850,64,True,64,64,True,True,False
book04_indoor,7,850,128,True,128,128,True,True,False
book04_indoor,7,900,32,True,32,32,True,True,False
book04_indoor,7,900,64,True,64,64,True,True,False
book04_indoor,7,900,128,True,128,128,True,True,False
book04_indoor,7,950,32,True,32,32,True,True,False
book04_indoor,7,950,64,True,64,64,True,True,False
book04_indoor,7,950,128,True,128,128,True,True,False
book04_indoor,7,1000,32,True,32,32,True,True,False
book04_indoor,7,1000,64,True,64,64,True,True,False
book04_indoor,7,1000,128,True,98,98,True,True,False
book04_indoor,7,1050,32,True,32,32,True,True,False
book04_indoor,7,1050,64,True,48,48,True,True,False
book04_indoor,7,1050,128,True,48,48,True,True,False
toydog_indoor,8,50,32,True,32,32,True,True,False
toydog_indoor,8,50,64,True,64,64,True,True,False
toydog_indoor,8,50,128,True,128,128,True,True,False
toydog_indoor,8,100,32,True,32,32,True,True,False
toydog_indoor,8,100,64,True,64,64,True,True,False
toydog_indoor,8,100,128,True,128,128,True,True,False
toydog_indoor,8,150,32,True,32,32,True,True,False
toydog_indoor,8,150,64,True,64,64,True,True,False
toydog_indoor,8,150,128,True,128,128,True,True,False
toydog_indoor,8,200,32,True,32,32,True,True,False
toydog_indoor,8,200,64,True,64,64,True,True,False
toydog_indoor,8,200,128,True,128,128,True,True,False
toydog_indoor,8,250,32,True,32,32,True,True,False
toydog_indoor,8,250,64,True,64,64,True,True,False
toydog_indoor,8,250,128,True,128,128,True,True,False
toydog_indoor,8,300,32,True,32,32,True,True,False
toydog_indoor,8,300,64,True,64,64,True,True,False
toydog_indoor,8,300,128,True,128,128,True,True,False
toydog_indoor,8,350,32,True,32,32,True,True,False
toydog_indoor,8,350,64,True,64,64,True,True,False
toydog_indoor,8,350,128,True,128,128,True,True,False
toydog_indoor,8,400,32,True,32,32,True,True,False
toydog_indoor,8,400,64,True,64,64,True,True,False
toydog_indoor,8,400,128,True,128,128,True,True,False
toydog_indoor,8,450,32,True,32,32,True,True,False
toydog_indoor,8,450,64,True,64,64,True,True,False
toydog_indoor,8,450,128,True,128,128,True,True,False
toydog_indoor,8,500,32,True,32,32,True,True,False
toydog_indoor,8,500,64,True,64,64,True,True,False
toydog_indoor,8,500,128,True,128,128,True,True,False
toydog_indoor,8,550,32,True,32,32,True,True,False
toydog_indoor,8,550,64,True,64,64,True,True,False
toydog_indoor,8,550,128,True,128,128,True,True,False
toydog_indoor,8,600,32,True,32,32,True,True,False
toydog_indoor,8,600,64,True,64,64,True,True,False
toydog_indoor,8,600,128,True,128,128,True,True,False
toydog_indoor,8,650,32,True,32,32,True,True,False
toydog_indoor,8,650,64,True,64,64,True,True,False
toydog_indoor,8,650,128,True,128,128,True,True,False
toydog_indoor,8,700,32,True,32,32,True,True,False
toydog_indoor,8,700,64,True,64,64,True,True,False
toydog_indoor,8,700,128,True,128,128,True,True,False
toydog_indoor,8,750,32,True,32,32,True,True,False
toydog_indoor,8,750,64,True,64,64,True,True,False
toydog_indoor,8,750,128,True,128,83,True,True,False
toydog_indoor,8,800,32,True,32,32,True,True,False
toydog_indoor,8,800,64,True,64,33,True,True,False
toydog_indoor,8,800,128,True,128,33,True,True,False
toydog_indoor,8,850,32,False,32,0,False,False,False
toydog_indoor,8,850,64,False,64,0,False,False,False
toydog_indoor,8,850,128,False,128,33,False,True,True
toydog_indoor,8,900,32,False,32,0,False,False,False
toydog_indoor,8,900,64,False,64,19,False,True,True
toydog_indoor,8,900,128,False,100,55,False,True,True
toydog_indoor,8,950,32,True,32,32,True,True,False
toydog_indoor,8,950,64,True,50,50,True,True,False
toydog_indoor,8,950,128,True,50,50,True,True,False
toydog_indoor,8,1000,32,True,0,0,False,False,False
toydog_indoor,8,1000,64,True,0,0,False,False,False
toydog_indoor,8,1000,128,True,0,0,False,False,False
skateboard01_indoor,9,50,32,True,32,32,True,True,False
skateboard01_indoor,9,50,64,True,64,64,True,True,False
skateboard01_indoor,9,50,128,True,128,128,True,True,False
skateboard01_indoor,9,100,32,True,32,32,True,True,False
skateboard01_indoor,9,100,64,True,64,64,True,True,False
skateboard01_indoor,9,100,128,True,128,128,True,True,False
skateboard01_indoor,9,150,32,True,32,32,True,True,False
skateboard01_indoor,9,150,64,True,64,64,True,True,False
skateboard01_indoor,9,150,128,True,128,128,True,True,False
skateboard01_indoor,9,200,32,True,32,32,True,True,False
skateboard01_indoor,9,200,64,True,64,64,True,True,False
skateboard01_indoor,9,200,128,True,128,128,True,True,False
skateboard01_indoor,9,250,32,True,32,32,True,True,False
skateboard01_indoor,9,250,64,True,64,64,True,True,False
skateboard01_indoor,9,250,128,True,128,128,True,True,False
skateboard01_indoor,9,300,32,True,32,32,True,True,False
skateboard01_indoor,9,300,64,True,64,64,True,True,False
skateboard01_indoor,9,300,128,True,128,121,True,True,False
skateboard01_indoor,9,350,32,True,32,32,True,True,False
skateboard01_indoor,9,350,64,True,64,57,True,True,False
skateboard01_indoor,9,350,128,True,128,121,True,True,False
skateboard01_indoor,9,400,32,False,32,29,False,True,True
skateboard01_indoor,9,400,64,False,64,61,False,True,True
skateboard01_indoor,9,400,128,False,128,125,False,True,True
skateboard01_indoor,9,450,32,True,32,32,True,True,False
skateboard01_indoor,9,450,64,True,64,64,True,True,False
skateboard01_indoor,9,450,128,True,128,128,True,True,False
skateboard01_indoor,9,500,32,True,32,32,True,True,False
skateboard01_indoor,9,500,64,True,64,64,True,True,False
skateboard01_indoor,9,500,128,True,128,128,True,True,False
skateboard01_indoor,9,550,32,True,32,32,True,True,False
skateboard01_indoor,9,550,64,True,64,64,True,True,False
skateboard01_indoor,9,550,128,True,128,128,True,True,False
skateboard01_indoor,9,600,32,True,32,32,True,True,False
skateboard01_indoor,9,600,64,True,64,64,True,True,False
skateboard01_indoor,9,600,128,True,128,128,True,True,False
skateboard01_indoor,9,650,32,True,32,32,True,True,False
skateboard01_indoor,9,650,64,True,64,64,True,True,False
skateboard01_indoor,9,650,128,True,128,128,True,True,False
skateboard01_indoor,9,700,32,True,32,32,True,True,False
skateboard01_indoor,9,700,64,True,64,64,True,True,False
skateboard01_indoor,9,700,128,True,128,128,True,True,False
skateboard01_indoor,9,750,32,True,32,32,True,True,False
skateboard01_indoor,9,750,64,True,64,64,True,True,False
skateboard01_indoor,9,750,128,True,128,103,True,True,False
skateboard01_indoor,9,800,32,True,32,32,True,True,False
skateboard01_indoor,9,800,64,True,64,53,True,True,False
skateboard01_indoor,9,800,128,True,128,77,True,True,False
skateboard01_indoor,9,850,32,True,32,3,True,True,False
skateboard01_indoor,9,850,64,True,64,13,True,True,False
skateboard01_indoor,9,850,128,True,128,77,True,True,False
skateboard01_indoor,9,900,32,False,32,28,False,True,True
skateboard01_indoor,9,900,64,False,64,60,False,True,True
skateboard01_indoor,9,900,128,False,128,124,False,True,True
skateboard01_indoor,9,950,32,True,32,32,True,True,False
skateboard01_indoor,9,950,64,True,64,64,True,True,False
skateboard01_indoor,9,950,128,True,128,128,True,True,False
skateboard01_indoor,9,1000,32,True,32,32,True,True,False
skateboard01_indoor,9,1000,64,True,64,64,True,True,False
skateboard01_indoor,9,1000,128,True,128,128,True,True,False
skateboard01_indoor,9,1050,32,True,32,32,True,True,False
skateboard01_indoor,9,1050,64,True,64,64,True,True,False
skateboard01_indoor,9,1050,128,True,128,128,True,True,False
skateboard01_indoor,9,1100,32,True,32,32,True,True,False
skateboard01_indoor,9,1100,64,True,64,64,True,True,False
skateboard01_indoor,9,1100,128,True,128,128,True,True,False
skateboard01_indoor,9,1150,32,True,32,32,True,True,False
skateboard01_indoor,9,1150,64,True,64,64,True,True,False
skateboard01_indoor,9,1150,128,True,128,95,True,True,False
skateboard01_indoor,9,1200,32,True,32,32,True,True,False
skateboard01_indoor,9,1200,64,True,64,41,True,True,False
skateboard01_indoor,9,1200,128,True,128,95,True,True,False
skateboard01_indoor,9,1250,32,False,32,8,False,True,True
skateboard01_indoor,9,1250,64,False,64,40,False,True,True
skateboard01_indoor,9,1250,128,False,128,98,False,True,True
skateboard01_indoor,9,1300,32,True,32,32,True,True,False
skateboard01_indoor,9,1300,64,True,64,58,True,True,False
skateboard01_indoor,9,1300,128,True,128,122,True,True,False
skateboard01_indoor,9,1350,32,True,32,32,True,True,False
skateboard01_indoor,9,1350,64,True,64,64,True,True,False
skateboard01_indoor,9,1350,128,True,128,128,True,True,False
skateboard01_indoor,9,1400,32,True,32,32,True,True,False
skateboard01_indoor,9,1400,64,True,64,64,True,True,False
skateboard01_indoor,9,1400,128,True,128,128,True,True,False
skateboard01_indoor,9,1450,32,True,32,32,True,True,False
skateboard01_indoor,9,1450,64,True,64,64,True,True,False
skateboard01_indoor,9,1450,128,True,128,98,True,True,False
skateboard01_indoor,9,1500,32,True,32,32,True,True,False
skateboard01_indoor,9,1500,64,True,64,34,True,True,False
skateboard01_indoor,9,1500,128,True,128,98,True,True,False
skateboard01_indoor,9,1550,32,False,32,19,False,True,True
skateboard01_indoor,9,1550,64,False,64,51,False,True,True
skateboard01_indoor,9,1550,128,False,128,88,False,True,True
skateboard01_indoor,9,1600,32,True,32,29,True,True,False
skateboard01_indoor,9,1600,64,True,64,37,True,True,False
skateboard01_indoor,9,1600,128,True,128,101,True,True,False
skateboard01_indoor,9,1650,32,False,32,26,False,True,True
skateboard01_indoor,9,1650,64,False,64,58,False,True,True
skateboard01_indoor,9,1650,128,False,128,122,False,True,True
skateboard01_indoor,9,1700,32,True,32,32,True,True,False
skateboard01_indoor,9,1700,64,True,64,64,True,True,False
skateboard01_indoor,9,1700,128,True,128,128,True,True,False
skateboard01_indoor,9,1750,32,True,32,32,True,True,False
skateboard01_indoor,9,1750,64,True,64,64,True,True,False
skateboard01_indoor,9,1750,128,True,128,128,True,True,False
skateboard01_indoor,9,1800,32,True,32,32,True,True,False
skateboard01_indoor,9,1800,64,True,64,64,True,True,False
skateboard01_indoor,9,1800,128,True,128,128,True,True,False
skateboard01_indoor,9,1850,32,True,32,32,True,True,False
skateboard01_indoor,9,1850,64,True,64,64,True,True,False
skateboard01_indoor,9,1850,128,True,128,128,True,True,False
skateboard01_indoor,9,1900,32,True,32,32,True,True,False
skateboard01_indoor,9,1900,64,True,64,64,True,True,False
skateboard01_indoor,9,1900,128,True,128,128,True,True,False
skateboard01_indoor,9,1950,32,True,32,32,True,True,False
skateboard01_indoor,9,1950,64,True,64,64,True,True,False
skateboard01_indoor,9,1950,128,True,128,128,True,True,False
skateboard01_indoor,9,2000,32,True,32,32,True,True,False
skateboard01_indoor,9,2000,64,True,64,64,True,True,False
skateboard01_indoor,9,2000,128,True,128,128,True,True,False
skateboard01_indoor,9,2050,32,True,32,32,True,True,False
skateboard01_indoor,9,2050,64,True,64,64,True,True,False
skateboard01_indoor,9,2050,128,True,128,128,True,True,False
skateboard01_indoor,9,2100,32,True,32,32,True,True,False
skateboard01_indoor,9,2100,64,True,64,64,True,True,False
skateboard01_indoor,9,2100,128,True,128,128,True,True,False
skateboard01_indoor,9,2150,32,True,32,32,True,True,False
skateboard01_indoor,9,2150,64,True,64,64,True,True,False
skateboard01_indoor,9,2150,128,True,128,128,True,True,False
skateboard01_indoor,9,2200,32,True,32,32,True,True,False
skateboard01_indoor,9,2200,64,True,64,64,True,True,False
skateboard01_indoor,9,2200,128,True,128,128,True,True,False
skateboard01_indoor,9,2250,32,True,32,32,True,True,False
skateboard01_indoor,9,2250,64,True,64,64,True,True,False
skateboard01_indoor,9,2250,128,True,109,109,True,True,False
skateboard01_indoor,9,2300,32,True,32,32,True,True,False
skateboard01_indoor,9,2300,64,True,59,59,True,True,False
skateboard01_indoor,9,2300,128,True,59,59,True,True,False
skateboard01_indoor,9,2350,32,True,9,9,True,True,False
skateboard01_indoor,9,2350,64,True,9,9,True,True,False
skateboard01_indoor,9,2350,128,True,9,9,True,True,False
toy05_indoor,10,50,32,True,32,32,True,True,False
toy05_indoor,10,50,64,True,64,64,True,True,False
toy05_indoor,10,50,128,True,128,128,True,True,False
toy05_indoor,10,100,32,True,32,32,True,True,False
toy05_indoor,10,100,64,True,64,64,True,True,False
toy05_indoor,10,100,128,True,128,128,True,True,False
toy05_indoor,10,150,32,True,32,32,True,True,False
toy05_indoor,10,150,64,True,64,64,True,True,False
toy05_indoor,10,150,128,True,128,128,True,True,False
toy05_indoor,10,200,32,True,32,32,True,True,False
toy05_indoor,10,200,64,True,64,64,True,True,False
toy05_indoor,10,200,128,True,128,128,True,True,False
toy05_indoor,10,250,32,True,32,32,True,True,False
toy05_indoor,10,250,64,True,64,64,True,True,False
toy05_indoor,10,250,128,True,128,128,True,True,False
toy05_indoor,10,300,32,True,32,32,True,True,False
toy05_indoor,10,300,64,True,64,64,True,True,False
toy05_indoor,10,300,128,True,128,128,True,True,False
toy05_indoor,10,350,32,True,32,32,True,True,False
toy05_indoor,10,350,64,True,64,64,True,True,False
toy05_indoor,10,350,128,True,128,128,True,True,False
toy05_indoor,10,400,32,True,32,32,True,True,False
toy05_indoor,10,400,64,True,64,64,True,True,False
toy05_indoor,10,400,128,True,128,128,True,True,False
toy05_indoor,10,450,32,True,32,32,True,True,False
toy05_indoor,10,450,64,True,64,64,True,True,False
toy05_indoor,10,450,128,True,128,128,True,True,False
toy05_indoor,10,500,32,True,32,32,True,True,False
toy05_indoor,10,500,64,True,64,64,True,True,False
toy05_indoor,10,500,128,True,128,128,True,True,False
toy05_indoor,10,550,32,True,32,32,True,True,False
toy05_indoor,10,550,64,True,64,64,True,True,False
toy05_indoor,10,550,128,True,128,128,True,True,False
toy05_indoor,10,600,32,True,32,32,True,True,False
toy05_indoor,10,600,64,True,64,64,True,True,False
toy05_indoor,10,600,128,True,128,128,True,True,False
toy05_indoor,10,650,32,True,32,32,True,True,False
toy05_indoor,10,650,64,True,64,64,True,True,False
toy05_indoor,10,650,128,True,128,128,True,True,False
toy05_indoor,10,700,32,True,32,32,True,True,False
toy05_indoor,10,700,64,True,64,64,True,True,False
toy05_indoor,10,700,128,True,128,128,True,True,False
toy05_indoor,10,750,32,True,32,32,True,True,False
toy05_indoor,10,750,64,True,64,64,True,True,False
toy05_indoor,10,750,128,True,128,128,True,True,False
toy05_indoor,10,800,32,True,32,32,True,True,False
toy05_indoor,10,800,64,True,64,64,True,True,False
toy05_indoor,10,800,128,True,128,128,True,True,False
toy05_indoor,10,850,32,True,32,32,True,True,False
toy05_indoor,10,850,64,True,64,64,True,True,False
toy05_indoor,10,850,128,True,128,128,True,True,False
toy05_indoor,10,900,32,True,32,32,True,True,False
toy05_indoor,10,900,64,True,64,64,True,True,False
toy05_indoor,10,900,128,True,128,128,True,True,False
toy05_indoor,10,950,32,True,32,32,True,True,False
toy05_indoor,10,950,64,True,64,64,True,True,False
toy05_indoor,10,950,128,True,128,128,True,True,False
toy05_indoor,10,1000,32,True,32,32,True,True,False
toy05_indoor,10,1000,64,True,64,64,True,True,False
toy05_indoor,10,1000,128,True,128,128,True,True,False
toy05_indoor,10,1050,32,True,32,32,True,True,False
toy05_indoor,10,1050,64,True,64,64,True,True,False
toy05_indoor,10,1050,128,True,128,128,True,True,False
toy05_indoor,10,1100,32,True,32,32,True,True,False
toy05_indoor,10,1100,64,True,64,64,True,True,False
toy05_indoor,10,1100,128,True,128,128,True,True,False
toy05_indoor,10,1150,32,True,32,32,True,True,False
toy05_indoor,10,1150,64,True,64,64,True,True,False
toy05_indoor,10,1150,128,True,128,128,True,True,False
toy05_indoor,10,1200,32,True,32,32,True,True,False
toy05_indoor,10,1200,64,True,64,64,True,True,False
toy05_indoor,10,1200,128,True,128,128,True,True,False
toy05_indoor,10,1250,32,True,32,32,True,True,False
toy05_indoor,10,1250,64,True,64,64,True,True,False
toy05_indoor,10,1250,128,True,93,93,True,True,False
toy05_indoor,10,1300,32,True,32,32,True,True,False
toy05_indoor,10,1300,64,True,43,43,True,True,False
toy05_indoor,10,1300,128,True,43,43,True,True,False
toy01_indoor,11,50,32,True,32,32,True,True,False
toy01_indoor,11,50,64,True,64,64,True,True,False
toy01_indoor,11,50,128,True,128,128,True,True,False
toy01_indoor,11,100,32,True,32,32,True,True,False
toy01_indoor,11,100,64,True,64,64,True,True,False
toy01_indoor,11,100,128,True,128,128,True,True,False
toy01_indoor,11,150,32,True,32,32,True,True,False
toy01_indoor,11,150,64,True,64,64,True,True,False
toy01_indoor,11,150,128,True,128,128,True,True,False
toy01_indoor,11,200,32,True,32,32,True,True,False
toy01_indoor,11,200,64,True,64,64,True,True,False
toy01_indoor,11,200,128,True,128,128,True,True,False
toy01_indoor,11,250,32,True,32,32,True,True,False
toy01_indoor,11,250,64,True,64,64,True,True,False
toy01_indoor,11,250,128,True,128,128,True,True,False
toy01_indoor,11,300,32,True,32,32,True,True,False
toy01_indoor,11,300,64,True,64,64,True,True,False
toy01_indoor,11,300,128,True,128,128,True,True,False
toy01_indoor,11,350,32,True,32,32,True,True,False
toy01_indoor,11,350,64,True,64,64,True,True,False
toy01_indoor,11,350,128,True,128,128,True,True,False
toy01_indoor,11,400,32,True,32,32,True,True,False
toy01_indoor,11,400,64,True,64,64,True,True,False
toy01_indoor,11,400,128,True,128,128,True,True,False
toy01_indoor,11,450,32,True,32,32,True,True,False
toy01_indoor,11,450,64,True,64,64,True,True,False
toy01_indoor,11,450,128,True,128,128,True,True,False
toy01_indoor,11,500,32,True,32,32,True,True,False
toy01_indoor,11,500,64,True,64,64,True,True,False
toy01_indoor,11,500,128,True,128,128,True,True,False
toy01_indoor,11,550,32,True,32,32,True,True,False
toy01_indoor,11,550,64,True,64,64,True,True,False
toy01_indoor,11,550,128,True,128,128,True,True,False
toy01_indoor,11,600,32,True,32,32,True,True,False
toy01_indoor,11,600,64,True,64,64,True,True,False
toy01_indoor,11,600,128,True,128,128,True,True,False
toy01_indoor,11,650,32,True,32,32,True,True,False
toy01_indoor,11,650,64,True,64,64,True,True,False
toy01_indoor,11,650,128,True,128,128,True,True,False
toy01_indoor,11,700,32,True,32,32,True,True,False
toy01_indoor,11,700,64,True,64,64,True,True,False
toy01_indoor,11,700,128,True,128,128,True,True,False
toy01_indoor,11,750,32,True,32,32,True,True,False
toy01_indoor,11,750,64,True,64,64,True,True,False
toy01_indoor,11,750,128,True,128,128,True,True,False
toy01_indoor,11,800,32,True,32,32,True,True,False
toy01_indoor,11,800,64,True,64,64,True,True,False
toy01_indoor,11,800,128,True,128,128,True,True,False
toy01_indoor,11,850,32,True,32,32,True,True,False
toy01_indoor,11,850,64,True,64,64,True,True,False
toy01_indoor,11,850,128,True,128,128,True,True,False
toy01_indoor,11,900,32,True,32,32,True,True,False
toy01_indoor,11,900,64,True,64,64,True,True,False
toy01_indoor,11,900,128,True,128,128,True,True,False
toy01_indoor,11,950,32,True,32,32,True,True,False
toy01_indoor,11,950,64,True,64,64,True,True,False
toy01_indoor,11,950,128,True,128,128,True,True,False
toy01_indoor,11,1000,32,True,32,32,True,True,False
toy01_indoor,11,1000,64,True,64,64,True,True,False
toy01_indoor,11,1000,128,True,128,128,True,True,False
toy01_indoor,11,1050,32,True,32,32,True,True,False
toy01_indoor,11,1050,64,True,64,64,True,True,False
toy01_indoor,11,1050,128,True,128,128,True,True,False
toy01_indoor,11,1100,32,True,32,32,True,True,False
toy01_indoor,11,1100,64,True,64,64,True,True,False
toy01_indoor,11,1100,128,True,128,120,True,True,False
toy01_indoor,11,1150,32,True,32,32,True,True,False
toy01_indoor,11,1150,64,True,64,56,True,True,False
toy01_indoor,11,1150,128,True,113,105,True,True,False
toy01_indoor,11,1200,32,True,32,24,True,True,False
toy01_indoor,11,1200,64,True,63,55,True,True,False
toy01_indoor,11,1200,128,True,63,55,True,True,False
toy01_indoor,11,1250,32,True,13,13,True,True,False
toy01_indoor,11,1250,64,True,13,13,True,True,False
toy01_indoor,11,1250,128,True,13,13,True,True,False
cat05_indoor,12,50,32,True,32,32,True,True,False
cat05_indoor,12,50,64,True,64,64,True,True,False
cat05_indoor,12,50,128,True,128,128,True,True,False
cat05_indoor,12,100,32,True,32,32,True,True,False
cat05_indoor,12,100,64,True,64,64,True,True,False
cat05_indoor,12,100,128,True,128,112,True,True,False
cat05_indoor,12,150,32,True,32,31,True,True,False
cat05_indoor,12,150,64,True,64,48,True,True,False
cat05_indoor,12,150,128,True,128,112,True,True,False
cat05_indoor,12,200,32,True,32,32,True,True,False
cat05_indoor,12,200,64,True,64,64,True,True,False
cat05_indoor,12,200,128,True,128,128,True,True,False
cat05_indoor,12,250,32,True,32,32,True,True,False
cat05_indoor,12,250,64,True,64,64,True,True,False
cat05_indoor,12,250,128,True,128,122,True,True,False
cat05_indoor,12,300,32,True,32,32,True,True,False
cat05_indoor,12,300,64,True,64,64,True,True,False
cat05_indoor,12,300,128,True,128,91,True,True,False
cat05_indoor,12,350,32,True,32,22,True,True,False
cat05_indoor,12,350,64,True,64,30,True,True,False
cat05_indoor,12,350,128,True,128,66,True,True,False
cat05_indoor,12,400,32,True,32,20,True,True,False
cat05_indoor,12,400,64,True,64,40,True,True,False
cat05_indoor,12,400,128,True,128,91,True,True,False
cat05_indoor,12,450,32,True,32,7,True,True,False
cat05_indoor,12,450,64,True,64,39,True,True,False
cat05_indoor,12,450,128,True,128,103,True,True,False
cat05_indoor,12,500,32,True,32,32,True,True,False
cat05_indoor,12,500,64,True,64,64,True,True,False
cat05_indoor,12,500,128,True,128,128,True,True,False
cat05_indoor,12,550,32,True,32,32,True,True,False
cat05_indoor,12,550,64,True,64,64,True,True,False
cat05_indoor,12,550,128,True,128,116,True,True,False
cat05_indoor,12,600,32,True,32,32,True,True,False
cat05_indoor,12,600,64,True,64,64,True,True,False
cat05_indoor,12,600,128,True,128,92,True,True,False
cat05_indoor,12,650,32,True,32,16,True,True,False
cat05_indoor,12,650,64,True,64,41,True,True,False
cat05_indoor,12,650,128,True,128,49,True,True,False
cat05_indoor,12,700,32,True,32,15,True,True,False
cat05_indoor,12,700,64,True,64,22,True,True,False
cat05_indoor,12,700,128,True,128,40,True,True,False
cat05_indoor,12,750,32,False,32,0,False,False,False
cat05_indoor,12,750,64,False,64,4,False,True,True
cat05_indoor,12,750,128,False,128,50,False,True,True
cat05_indoor,12,800,32,False,32,22,False,True,True
cat05_indoor,12,800,64,False,64,50,False,True,True
cat05_indoor,12,800,128,False,128,56,False,True,True
cat05_indoor,12,850,32,True,32,10,True,True,False
cat05_indoor,12,850,64,True,64,10,True,True,False
cat05_indoor,12,850,128,True,128,43,True,True,False
cat05_indoor,12,900,32,False,32,10,False,True,True
cat05_indoor,12,900,64,False,64,33,False,True,True
cat05_indoor,12,900,128,False,128,63,False,True,True
cat05_indoor,12,950,32,True,32,9,True,True,False
cat05_indoor,12,950,64,True,64,35,True,True,False
cat05_indoor,12,950,128,True,128,74,True,True,False
cat05_indoor,12,1000,32,True,32,8,True,True,False
cat05_indoor,12,1000,64,True,64,36,True,True,False
cat05_indoor,12,1000,128,True,112,64,True,True,False
cat05_indoor,12,1050,32,True,32,25,True,True,False
cat05_indoor,12,1050,64,True,62,42,True,True,False
cat05_indoor,12,1050,128,True,62,42,True,True,False
cat05_indoor,12,1100,32,True,12,12,True,True,False
cat05_indoor,12,1100,64,True,12,12,True,True,False
cat05_indoor,12,1100,128,True,12,12,True,True,False
leaves01_wild,13,50,32,True,32,32,True,True,False
leaves01_wild,13,50,64,True,64,38,True,True,False
leaves01_wild,13,50,128,True,105,59,True,True,False
leaves01_wild,13,100,32,False,32,18,False,True,True
leaves01_wild,13,100,64,False,55,21,False,True,True
leaves01_wild,13,100,128,False,55,21,False,True,True
leaves01_wild,13,150,32,False,5,0,False,False,False
leaves01_wild,13,150,64,False,5,0,False,False,False
leaves01_wild,13,150,128,False,5,0,False,False,False
ball04_indoor,14,50,32,True,32,32,True,True,False
ball04_indoor,14,50,64,True,64,63,True,True,False
ball04_indoor,14,50,128,True,128,124,True,True,False
ball04_indoor,14,100,32,True,32,32,True,True,False
ball04_indoor,14,100,64,True,64,61,True,True,False
ball04_indoor,14,100,128,True,128,125,True,True,False
ball04_indoor,14,150,32,False,32,32,False,True,True
ball04_indoor,14,150,64,False,64,64,False,True,True
ball04_indoor,14,150,128,False,128,128,False,True,True
ball04_indoor,14,200,32,True,32,32,True,True,False
ball04_indoor,14,200,64,True,64,64,True,True,False
ball04_indoor,14,200,128,True,128,128,True,True,False
ball04_indoor,14,250,32,True,32,32,True,True,False
ball04_indoor,14,250,64,True,64,64,True,True,False
ball04_indoor,14,250,128,True,128,128,True,True,False
ball04_indoor,14,300,32,True,32,32,True,True,False
ball04_indoor,14,300,64,True,64,64,True,True,False
ball04_indoor,14,300,128,True,128,123,True,True,False
ball04_indoor,14,350,32,True,32,32,True,True,False
ball04_indoor,14,350,64,True,64,64,True,True,False
ball04_indoor,14,350,128,True,128,117,True,True,False
ball04_indoor,14,400,32,True,32,25,True,True,False
ball04_indoor,14,400,64,True,64,53,True,True,False
ball04_indoor,14,400,128,True,128,117,True,True,False
ball04_indoor,14,450,32,True,32,32,True,True,False
ball04_indoor,14,450,64,True,64,64,True,True,False
ball04_indoor,14,450,128,True,128,128,True,True,False
ball04_indoor,14,500,32,True,32,32,True,True,False
ball04_indoor,14,500,64,True,64,64,True,True,False
ball04_indoor,14,500,128,True,128,124,True,True,False
ball04_indoor,14,550,32,True,32,32,True,True,False
ball04_indoor,14,550,64,True,64,60,True,True,False
ball04_indoor,14,550,128,True,128,114,True,True,False
ball04_indoor,14,600,32,True,32,28,True,True,False
ball04_indoor,14,600,64,True,64,55,True,True,False
ball04_indoor,14,600,128,True,128,113,True,True,False
ball04_indoor,14,650,32,True,32,26,True,True,False
ball04_indoor,14,650,64,True,64,58,True,True,False
ball04_indoor,14,650,128,True,128,122,True,True,False
ball04_indoor,14,700,32,True,32,32,True,True,False
ball04_indoor,14,700,64,True,64,64,True,True,False
ball04_indoor,14,700,128,True,128,128,True,True,False
ball04_indoor,14,750,32,True,32,32,True,True,False
ball04_indoor,14,750,64,True,64,64,True,True,False
ball04_indoor,14,750,128,True,128,111,True,True,False
ball04_indoor,14,800,32,True,32,32,True,True,False
ball04_indoor,14,800,64,True,64,47,True,True,False
ball04_indoor,14,800,128,True,128,107,True,True,False
ball04_indoor,14,850,32,False,32,29,False,True,True
ball04_indoor,14,850,64,False,64,57,False,True,True
ball04_indoor,14,850,128,False,128,107,False,True,True
ball04_indoor,14,900,32,False,32,32,False,True,True
ball04_indoor,14,900,64,False,64,58,False,True,True
ball04_indoor,14,900,128,False,128,114,False,True,True
ball04_indoor,14,950,32,False,32,22,False,True,True
ball04_indoor,14,950,64,False,64,54,False,True,True
ball04_indoor,14,950,128,False,128,113,False,True,True
ball04_indoor,14,1000,32,True,32,32,True,True,False
ball04_indoor,14,1000,64,True,64,64,True,True,False
ball04_indoor,14,1000,128,True,128,123,True,True,False
ball04_indoor,14,1050,32,True,32,27,True,True,False
ball04_indoor,14,1050,64,True,64,59,True,True,False
ball04_indoor,14,1050,128,True,128,123,True,True,False
ball04_indoor,14,1100,32,True,32,32,True,True,False
ball04_indoor,14,1100,64,True,64,64,True,True,False
ball04_indoor,14,1100,128,True,128,128,True,True,False
ball04_indoor,14,1150,32,True,32,32,True,True,False
ball04_indoor,14,1150,64,True,64,64,True,True,False
ball04_indoor,14,1150,128,True,128,119,True,True,False
ball04_indoor,14,1200,32,True,32,32,True,True,False
ball04_indoor,14,1200,64,True,64,63,True,True,False
ball04_indoor,14,1200,128,True,128,78,True,True,False
ball04_indoor,14,1250,32,True,32,19,True,True,False
ball04_indoor,14,1250,64,True,64,20,True,True,False
ball04_indoor,14,1250,128,True,128,74,True,True,False
ball04_indoor,14,1300,32,False,32,11,False,True,True
ball04_indoor,14,1300,64,False,64,40,False,True,True
ball04_indoor,14,1300,128,False,128,100,False,True,True
ball04_indoor,14,1350,32,True,32,32,True,True,False
ball04_indoor,14,1350,64,True,64,60,True,True,False
ball04_indoor,14,1350,128,True,128,113,True,True,False
ball04_indoor,14,1400,32,True,32,28,True,True,False
ball04_indoor,14,1400,64,True,64,52,True,True,False
ball04_indoor,14,1400,128,True,128,107,True,True,False
ball04_indoor,14,1450,32,True,32,25,True,True,False
ball04_indoor,14,1450,64,True,64,56,True,True,False
ball04_indoor,14,1450,128,True,104,95,True,True,False
ball04_indoor,14,1500,32,True,32,31,True,True,False
ball04_indoor,14,1500,64,True,54,53,True,True,False
ball04_indoor,14,1500,128,True,54,53,True,True,False
ball04_indoor,14,1550,32,True,4,4,True,True,False
ball04_indoor,14,1550,64,True,4,4,True,True,False
ball04_indoor,14,1550,128,True,4,4,True,True,False
chair01_indoor,15,50,32,True,32,32,True,True,False
chair01_indoor,15,50,64,True,64,64,True,True,False
chair01_indoor,15,50,128,True,128,128,True,True,False
chair01_indoor,15,100,32,True,32,32,True,True,False
chair01_indoor,15,100,64,True,64,64,True,True,False
chair01_indoor,15,100,128,True,128,128,True,True,False
chair01_indoor,15,150,32,True,32,32,True,True,False
chair01_indoor,15,150,64,True,64,64,True,True,False
chair01_indoor,15,150,128,True,128,128,True,True,False
chair01_indoor,15,200,32,True,32,32,True,True,False
chair01_indoor,15,200,64,True,64,64,True,True,False
chair01_indoor,15,200,128,True,128,128,True,True,False
chair01_indoor,15,250,32,True,32,32,True,True,False
chair01_indoor,15,250,64,True,64,64,True,True,False
chair01_indoor,15,250,128,True,128,128,True,True,False
chair01_indoor,15,300,32,True,32,32,True,True,False
chair01_indoor,15,300,64,True,64,64,True,True,False
chair01_indoor,15,300,128,True,128,128,True,True,False
chair01_indoor,15,350,32,True,32,32,True,True,False
chair01_indoor,15,350,64,True,64,64,True,True,False
chair01_indoor,15,350,128,True,128,128,True,True,False
chair01_indoor,15,400,32,True,32,32,True,True,False
chair01_indoor,15,400,64,True,64,64,True,True,False
chair01_indoor,15,400,128,True,128,128,True,True,False
chair01_indoor,15,450,32,True,32,32,True,True,False
chair01_indoor,15,450,64,True,64,64,True,True,False
chair01_indoor,15,450,128,True,128,126,True,True,False
chair01_indoor,15,500,32,True,32,32,True,True,False
chair01_indoor,15,500,64,True,64,64,True,True,False
chair01_indoor,15,500,128,True,128,122,True,True,False
chair01_indoor,15,550,32,True,32,27,True,True,False
chair01_indoor,15,550,64,True,64,58,True,True,False
chair01_indoor,15,550,128,True,128,122,True,True,False
chair01_indoor,15,600,32,True,32,32,True,True,False
chair01_indoor,15,600,64,True,64,64,True,True,False
chair01_indoor,15,600,128,True,128,128,True,True,False
chair01_indoor,15,650,32,True,32,32,True,True,False
chair01_indoor,15,650,64,True,64,64,True,True,False
chair01_indoor,15,650,128,True,128,128,True,True,False
chair01_indoor,15,700,32,True,32,32,True,True,False
chair01_indoor,15,700,64,True,64,64,True,True,False
chair01_indoor,15,700,128,True,128,128,True,True,False
chair01_indoor,15,750,32,True,32,32,True,True,False
chair01_indoor,15,750,64,True,64,64,True,True,False
chair01_indoor,15,750,128,True,128,128,True,True,False
chair01_indoor,15,800,32,True,32,32,True,True,False
chair01_indoor,15,800,64,True,64,64,True,True,False
chair01_indoor,15,800,128,True,128,128,True,True,False
chair01_indoor,15,850,32,True,32,32,True,True,False
chair01_indoor,15,850,64,True,64,64,True,True,False
chair01_indoor,15,850,128,True,128,128,True,True,False
chair01_indoor,15,900,32,True,32,32,True,True,False
chair01_indoor,15,900,64,True,64,64,True,True,False
chair01_indoor,15,900,128,True,101,101,True,True,False
chair01_indoor,15,950,32,True,32,32,True,True,False
chair01_indoor,15,950,64,True,51,51,True,True,False
chair01_indoor,15,950,128,True,51,51,True,True,False
chair01_indoor,15,1000,32,True,1,1,True,True,False
chair01_indoor,15,1000,64,True,1,1,True,True,False
chair01_indoor,15,1000,128,True,1,1,True,True,False
swing02_wild,16,50,32,True,32,32,True,True,False
swing02_wild,16,50,64,True,64,64,True,True,False
swing02_wild,16,50,128,True,128,128,True,True,False
swing02_wild,16,100,32,True,32,32,True,True,False
swing02_wild,16,100,64,True,64,64,True,True,False
swing02_wild,16,100,128,True,128,128,True,True,False
swing02_wild,16,150,32,True,32,32,True,True,False
swing02_wild,16,150,64,True,64,64,True,True,False
swing02_wild,16,150,128,True,128,126,True,True,False
swing02_wild,16,200,32,True,32,30,True,True,False
swing02_wild,16,200,64,True,64,62,True,True,False
swing02_wild,16,200,128,True,128,125,True,True,False
swing02_wild,16,250,32,True,32,32,True,True,False
swing02_wild,16,250,64,True,64,63,True,True,False
swing02_wild,16,250,128,True,128,127,True,True,False
swing02_wild,16,300,32,True,32,32,True,True,False
swing02_wild,16,300,64,True,64,64,True,True,False
swing02_wild,16,300,128,True,128,128,True,True,False
swing02_wild,16,350,32,True,32,32,True,True,False
swing02_wild,16,350,64,True,64,64,True,True,False
swing02_wild,16,350,128,True,128,128,True,True,False
swing02_wild,16,400,32,True,32,32,True,True,False
swing02_wild,16,400,64,True,64,64,True,True,False
swing02_wild,16,400,128,True,128,128,True,True,False
swing02_wild,16,450,32,True,32,32,True,True,False
swing02_wild,16,450,64,True,64,64,True,True,False
swing02_wild,16,450,128,True,128,128,True,True,False
swing02_wild,16,500,32,True,32,32,True,True,False
swing02_wild,16,500,64,True,64,64,True,True,False
swing02_wild,16,500,128,True,128,128,True,True,False
swing02_wild,16,550,32,True,32,32,True,True,False
swing02_wild,16,550,64,True,64,64,True,True,False
swing02_wild,16,550,128,True,128,128,True,True,False
swing02_wild,16,600,32,True,32,32,True,True,False
swing02_wild,16,600,64,True,64,64,True,True,False
swing02_wild,16,600,128,True,128,128,True,True,False
swing02_wild,16,650,32,True,32,32,True,True,False
swing02_wild,16,650,64,True,64,64,True,True,False
swing02_wild,16,650,128,True,128,128,True,True,False
swing02_wild,16,700,32,True,32,32,True,True,False
swing02_wild,16,700,64,True,64,64,True,True,False
swing02_wild,16,700,128,True,79,79,True,True,False
swing02_wild,16,750,32,True,29,29,True,True,False
swing02_wild,16,750,64,True,29,29,True,True,False
swing02_wild,16,750,128,True,29,29,True,True,False
ball03_indoor,17,50,32,True,32,32,True,True,False
ball03_indoor,17,50,64,True,64,64,True,True,False
ball03_indoor,17,50,128,True,128,128,True,True,False
ball03_indoor,17,100,32,True,32,32,True,True,False
ball03_indoor,17,100,64,True,64,64,True,True,False
ball03_indoor,17,100,128,True,128,128,True,True,False
ball03_indoor,17,150,32,True,32,32,True,True,False
ball03_indoor,17,150,64,True,64,64,True,True,False
ball03_indoor,17,150,128,True,128,128,True,True,False
ball03_indoor,17,200,32,True,32,32,True,True,False
ball03_indoor,17,200,64,True,64,64,True,True,False
ball03_indoor,17,200,128,True,128,128,True,True,False
ball03_indoor,17,250,32,True,32,32,True,True,False
ball03_indoor,17,250,64,True,64,64,True,True,False
ball03_indoor,17,250,128,True,128,122,True,True,False
ball03_indoor,17,300,32,True,32,32,True,True,False
ball03_indoor,17,300,64,True,64,64,True,True,False
ball03_indoor,17,300,128,True,128,85,True,True,False
ball03_indoor,17,350,32,True,32,22,True,True,False
ball03_indoor,17,350,64,True,64,22,True,True,False
ball03_indoor,17,350,128,True,128,82,True,True,False
ball03_indoor,17,400,32,False,32,17,False,True,True
ball03_indoor,17,400,64,False,64,46,False,True,True
ball03_indoor,17,400,128,False,128,98,False,True,True
ball03_indoor,17,450,32,True,32,32,True,True,False
ball03_indoor,17,450,64,True,64,63,True,True,False
ball03_indoor,17,450,128,True,128,102,True,True,False
ball03_indoor,17,500,32,True,32,17,True,True,False
ball03_indoor,17,500,64,True,64,38,True,True,False
ball03_indoor,17,500,128,True,128,89,True,True,False
ball03_indoor,17,550,32,True,32,32,True,True,False
ball03_indoor,17,550,64,True,64,55,True,True,False
ball03_indoor,17,550,128,True,128,107,True,True,False
ball03_indoor,17,600,32,True,32,19,True,True,False
ball03_indoor,17,600,64,True,64,47,True,True,False
ball03_indoor,17,600,128,True,128,105,True,True,False
ball03_indoor,17,650,32,True,32,24,True,True,False
ball03_indoor,17,650,64,True,64,56,True,True,False
ball03_indoor,17,650,128,True,128,112,True,True,False
ball03_indoor,17,700,32,True,32,30,True,True,False
ball03_indoor,17,700,64,True,64,56,True,True,False
ball03_indoor,17,700,128,True,128,113,True,True,False
ball03_indoor,17,750,32,True,32,32,True,True,False
ball03_indoor,17,750,64,True,64,61,True,True,False
ball03_indoor,17,750,128,True,128,104,True,True,False
ball03_indoor,17,800,32,True,32,27,True,True,False
ball03_indoor,17,800,64,True,64,45,True,True,False
ball03_indoor,17,800,128,True,128,104,True,True,False
ball03_indoor,17,850,32,False,32,25,False,True,True
ball03_indoor,17,850,64,False,64,55,False,True,True
ball03_indoor,17,850,128,False,128,99,False,True,True
ball03_indoor,17,900,32,True,32,32,True,True,False
ball03_indoor,17,900,64,True,64,57,True,True,False
ball03_indoor,17,900,128,True,123,81,True,True,False
ball03_indoor,17,950,32,True,32,12,True,True,False
ball03_indoor,17,950,64,True,64,31,True,True,False
ball03_indoor,17,950,128,True,73,31,True,True,False
ball03_indoor,17,1000,32,False,23,9,False,True,True
ball03_indoor,17,1000,64,False,23,9,False,True,True
ball03_indoor,17,1000,128,False,23,9,False,True,True
duck04_wild,18,50,32,True,32,32,True,True,False
duck04_wild,18,50,64,True,64,64,True,True,False
duck04_wild,18,50,128,True,128,128,True,True,False
duck04_wild,18,100,32,True,32,32,True,True,False
duck04_wild,18,100,64,True,64,64,True,True,False
duck04_wild,18,100,128,True,128,128,True,True,False
duck04_wild,18,150,32,True,32,32,True,True,False
duck04_wild,18,150,64,True,64,64,True,True,False
duck04_wild,18,150,128,True,128,128,True,True,False
duck04_wild,18,200,32,True,32,32,True,True,False
duck04_wild,18,200,64,True,64,64,True,True,False
duck04_wild,18,200,128,True,128,128,True,True,False
duck04_wild,18,250,32,True,32,32,True,True,False
duck04_wild,18,250,64,True,64,64,True,True,False
duck04_wild,18,250,128,True,128,128,True,True,False
duck04_wild,18,300,32,True,32,32,True,True,False
duck04_wild,18,300,64,True,64,64,True,True,False
duck04_wild,18,300,128,True,128,128,True,True,False
duck04_wild,18,350,32,True,32,32,True,True,False
duck04_wild,18,350,64,True,64,64,True,True,False
duck04_wild,18,350,128,True,128,128,True,True,False
duck04_wild,18,400,32,True,32,32,True,True,False
duck04_wild,18,400,64,True,64,64,True,True,False
duck04_wild,18,400,128,True,128,128,True,True,False
duck04_wild,18,450,32,True,32,32,True,True,False
duck04_wild,18,450,64,True,64,64,True,True,False
duck04_wild,18,450,128,True,128,128,True,True,False
duck04_wild,18,500,32,True,32,32,True,True,False
duck04_wild,18,500,64,True,64,64,True,True,False
duck04_wild,18,500,128,True,128,128,True,True,False
duck04_wild,18,550,32,True,32,32,True,True,False
duck04_wild,18,550,64,True,64,64,True,True,False
duck04_wild,18,550,128,True,128,128,True,True,False
duck04_wild,18,600,32,True,32,32,True,True,False
duck04_wild,18,600,64,True,64,64,True,True,False
duck04_wild,18,600,128,True,109,109,True,True,False
duck04_wild,18,650,32,True,32,32,True,True,False
duck04_wild,18,650,64,True,59,59,True,True,False
duck04_wild,18,650,128,True,59,59,True,True,False
duck04_wild,18,700,32,True,9,9,True,True,False
duck04_wild,18,700,64,True,9,9,True,True,False
duck04_wild,18,700,128,True,9,9,True,True,False
speaker_indoor,19,50,32,True,32,32,True,True,False
speaker_indoor,19,50,64,True,64,64,True,True,False
speaker_indoor,19,50,128,True,128,128,True,True,False
speaker_indoor,19,100,32,True,32,32,True,True,False
speaker_indoor,19,100,64,True,64,64,True,True,False
speaker_indoor,19,100,128,True,128,128,True,True,False
speaker_indoor,19,150,32,True,32,32,True,True,False
speaker_indoor,19,150,64,True,64,64,True,True,False
speaker_indoor,19,150,128,True,128,128,True,True,False
speaker_indoor,19,200,32,True,32,32,True,True,False
speaker_indoor,19,200,64,True,64,64,True,True,False
speaker_indoor,19,200,128,True,128,128,True,True,False
speaker_indoor,19,250,32,True,32,32,True,True,False
speaker_indoor,19,250,64,True,64,64,True,True,False
speaker_indoor,19,250,128,True,128,116,True,True,False
speaker_indoor,19,300,32,True,32,32,True,True,False
speaker_indoor,19,300,64,True,64,52,True,True,False
speaker_indoor,19,300,128,True,128,103,True,True,False
speaker_indoor,19,350,32,False,32,27,False,True,True
speaker_indoor,19,350,64,False,64,46,False,True,True
speaker_indoor,19,350,128,False,128,102,False,True,True
speaker_indoor,19,400,32,False,32,31,False,True,True
speaker_indoor,19,400,64,False,64,55,False,True,True
speaker_indoor,19,400,128,False,128,119,False,True,True
speaker_indoor,19,450,32,False,32,31,False,True,True
speaker_indoor,19,450,64,False,64,63,False,True,True
speaker_indoor,19,450,128,False,128,127,False,True,True
speaker_indoor,19,500,32,True,32,32,True,True,False
speaker_indoor,19,500,64,True,64,64,True,True,False
speaker_indoor,19,500,128,True,128,128,True,True,False
speaker_indoor,19,550,32,True,32,32,True,True,False
speaker_indoor,19,550,64,True,64,64,True,True,False
speaker_indoor,19,550,128,True,128,128,True,True,False
speaker_indoor,19,600,32,True,32,32,True,True,False
speaker_indoor,19,600,64,True,64,64,True,True,False
speaker_indoor,19,600,128,True,128,128,True,True,False
speaker_indoor,19,650,32,True,32,32,True,True,False
speaker_indoor,19,650,64,True,64,64,True,True,False
speaker_indoor,19,650,128,True,128,128,True,True,False
speaker_indoor,19,700,32,True,32,32,True,True,False
speaker_indoor,19,700,64,True,64,64,True,True,False
speaker_indoor,19,700,128,True,128,128,True,True,False
speaker_indoor,19,750,32,True,32,32,True,True,False
speaker_indoor,19,750,64,True,64,64,True,True,False
speaker_indoor,19,750,128,True,128,128,True,True,False
speaker_indoor,19,800,32,True,32,32,True,True,False
speaker_indoor,19,800,64,True,64,64,True,True,False
speaker_indoor,19,800,128,True,128,128,True,True,False
speaker_indoor,19,850,32,True,32,32,True,True,False
speaker_indoor,19,850,64,True,64,64,True,True,False
speaker_indoor,19,850,128,True,128,128,True,True,False
speaker_indoor,19,900,32,True,32,32,True,True,False
speaker_indoor,19,900,64,True,64,64,True,True,False
speaker_indoor,19,900,128,True,128,128,True,True,False
speaker_indoor,19,950,32,True,32,32,True,True,False
speaker_indoor,19,950,64,True,64,64,True,True,False
speaker_indoor,19,950,128,True,128,128,True,True,False
speaker_indoor,19,1000,32,True,32,32,True,True,False
speaker_indoor,19,1000,64,True,64,64,True,True,False
speaker_indoor,19,1000,128,True,128,116,True,True,False
speaker_indoor,19,1050,32,True,32,32,True,True,False
speaker_indoor,19,1050,64,True,64,54,True,True,False
speaker_indoor,19,1050,128,True,128,90,True,True,False
speaker_indoor,19,1100,32,True,32,20,True,True,False
speaker_indoor,19,1100,64,True,64,40,True,True,False
speaker_indoor,19,1100,128,True,128,90,True,True,False
speaker_indoor,19,1150,32,True,32,6,True,True,False
speaker_indoor,19,1150,64,True,64,38,True,True,False
speaker_indoor,19,1150,128,True,128,89,True,True,False
speaker_indoor,19,1200,32,True,32,32,True,True,False
speaker_indoor,19,1200,64,True,64,64,True,True,False
speaker_indoor,19,1200,128,True,128,99,True,True,False
speaker_indoor,19,1250,32,True,32,16,True,True,False
speaker_indoor,19,1250,64,True,64,48,True,True,False
speaker_indoor,19,1250,128,True,128,83,True,True,False
speaker_indoor,19,1300,32,True,32,15,True,True,False
speaker_indoor,19,1300,64,True,64,47,True,True,False
speaker_indoor,19,1300,128,True,128,69,True,True,False
speaker_indoor,19,1350,32,True,32,16,True,True,False
speaker_indoor,19,1350,64,True,64,35,True,True,False
speaker_indoor,19,1350,128,True,128,67,True,True,False
speaker_indoor,19,1400,32,True,32,10,True,True,False
speaker_indoor,19,1400,64,True,64,37,True,True,False
speaker_indoor,19,1400,128,True,128,86,True,True,False
speaker_indoor,19,1450,32,True,32,12,True,True,False
speaker_indoor,19,1450,64,True,64,44,True,True,False
speaker_indoor,19,1450,128,True,128,107,True,True,False
speaker_indoor,19,1500,32,True,32,32,True,True,False
speaker_indoor,19,1500,64,True,64,63,True,True,False
speaker_indoor,19,1500,128,True,128,127,True,True,False
speaker_indoor,19,1550,32,True,32,31,True,True,False
speaker_indoor,19,1550,64,True,64,63,True,True,False
speaker_indoor,19,1550,128,True,128,127,True,True,False
speaker_indoor,19,1600,32,True,32,32,True,True,False
speaker_indoor,19,1600,64,True,64,64,True,True,False
speaker_indoor,19,1600,128,True,128,128,True,True,False
speaker_indoor,19,1650,32,True,32,32,True,True,False
speaker_indoor,19,1650,64,True,64,64,True,True,False
speaker_indoor,19,1650,128,True,128,128,True,True,False
speaker_indoor,19,1700,32,True,32,32,True,True,False
speaker_indoor,19,1700,64,True,64,64,True,True,False
speaker_indoor,19,1700,128,True,128,115,True,True,False
speaker_indoor,19,1750,32,True,32,32,True,True,False
speaker_indoor,19,1750,64,True,64,52,True,True,False
speaker_indoor,19,1750,128,True,128,98,True,True,False
speaker_indoor,19,1800,32,True,32,19,True,True,False
speaker_indoor,19,1800,64,True,64,37,True,True,False
speaker_indoor,19,1800,128,True,128,83,True,True,False
speaker_indoor,19,1850,32,True,32,15,True,True,False
speaker_indoor,19,1850,64,True,64,41,True,True,False
speaker_indoor,19,1850,128,True,128,96,True,True,False
speaker_indoor,19,1900,32,True,32,17,True,True,False
speaker_indoor,19,1900,64,True,64,49,True,True,False
speaker_indoor,19,1900,128,True,128,113,True,True,False
speaker_indoor,19,1950,32,True,32,32,True,True,False
speaker_indoor,19,1950,64,True,64,64,True,True,False
speaker_indoor,19,1950,128,True,128,128,True,True,False
speaker_indoor,19,2000,32,True,32,32,True,True,False
speaker_indoor,19,2000,64,True,64,64,True,True,False
speaker_indoor,19,2000,128,True,128,128,True,True,False
speaker_indoor,19,2050,32,True,32,32,True,True,False
speaker_indoor,19,2050,64,True,64,64,True,True,False
speaker_indoor,19,2050,128,True,128,124,True,True,False
speaker_indoor,19,2100,32,True,32,32,True,True,False
speaker_indoor,19,2100,64,True,64,60,True,True,False
speaker_indoor,19,2100,128,True,128,113,True,True,False
speaker_indoor,19,2150,32,True,32,28,True,True,False
speaker_indoor,19,2150,64,True,64,49,True,True,False
speaker_indoor,19,2150,128,True,128,113,True,True,False
speaker_indoor,19,2200,32,False,32,24,False,True,True
speaker_indoor,19,2200,64,False,64,56,False,True,True
speaker_indoor,19,2200,128,False,128,120,False,True,True
speaker_indoor,19,2250,32,True,32,32,True,True,False
speaker_indoor,19,2250,64,True,64,64,True,True,False
speaker_indoor,19,2250,128,True,128,128,True,True,False
speaker_indoor,19,2300,32,True,32,32,True,True,False
speaker_indoor,19,2300,64,True,64,64,True,True,False
speaker_indoor,19,2300,128,True,128,127,True,True,False
speaker_indoor,19,2350,32,True,32,32,True,True,False
speaker_indoor,19,2350,64,True,64,63,True,True,False
speaker_indoor,19,2350,128,True,128,127,True,True,False
speaker_indoor,19,2400,32,True,32,31,True,True,False
speaker_indoor,19,2400,64,True,64,63,True,True,False
speaker_indoor,19,2400,128,True,128,126,True,True,False
speaker_indoor,19,2450,32,True,32,32,True,True,False
speaker_indoor,19,2450,64,True,64,63,True,True,False
speaker_indoor,19,2450,128,True,128,127,True,True,False
speaker_indoor,19,2500,32,True,32,31,True,True,False
speaker_indoor,19,2500,64,True,64,63,True,True,False
speaker_indoor,19,2500,128,True,128,123,True,True,False
speaker_indoor,19,2550,32,True,32,32,True,True,False
speaker_indoor,19,2550,64,True,64,60,True,True,False
speaker_indoor,19,2550,128,True,128,117,True,True,False
speaker_indoor,19,2600,32,True,32,32,True,True,False
speaker_indoor,19,2600,64,True,64,61,True,True,False
speaker_indoor,19,2600,128,True,128,111,True,True,False
speaker_indoor,19,2650,32,True,32,24,True,True,False
speaker_indoor,19,2650,64,True,64,50,True,True,False
speaker_indoor,19,2650,128,True,128,114,True,True,False
speaker_indoor,19,2700,32,True,32,32,True,True,False
speaker_indoor,19,2700,64,True,64,64,True,True,False
speaker_indoor,19,2700,128,True,128,111,True,True,False
speaker_indoor,19,2750,32,True,32,32,True,True,False
speaker_indoor,19,2750,64,True,64,61,True,True,False
speaker_indoor,19,2750,128,True,128,63,True,True,False
speaker_indoor,19,2800,32,True,32,11,True,True,False
speaker_indoor,19,2800,64,True,64,11,True,True,False
speaker_indoor,19,2800,128,True,128,63,True,True,False
speaker_indoor,19,2850,32,False,32,6,False,True,True
speaker_indoor,19,2850,64,False,64,38,False,True,True
speaker_indoor,19,2850,128,False,128,102,False,True,True
speaker_indoor,19,2900,32,True,32,32,True,True,False
speaker_indoor,19,2900,64,True,64,64,True,True,False
speaker_indoor,19,2900,128,True,128,126,True,True,False
speaker_indoor,19,2950,32,True,32,32,True,True,False
speaker_indoor,19,2950,64,True,64,62,True,True,False
speaker_indoor,19,2950,128,True,128,126,True,True,False
speaker_indoor,19,3000,32,True,32,30,True,True,False
speaker_indoor,19,3000,64,True,64,62,True,True,False
speaker_indoor,19,3000,128,True,128,126,True,True,False
speaker_indoor,19,3050,32,True,32,32,True,True,False
speaker_indoor,19,3050,64,True,64,64,True,True,False
speaker_indoor,19,3050,128,True,128,128,True,True,False
speaker_indoor,19,3100,32,True,32,32,True,True,False
speaker_indoor,19,3100,64,True,64,64,True,True,False
speaker_indoor,19,3100,128,True,128,128,True,True,False
speaker_indoor,19,3150,32,True,32,32,True,True,False
speaker_indoor,19,3150,64,True,64,64,True,True,False
speaker_indoor,19,3150,128,True,128,128,True,True,False
speaker_indoor,19,3200,32,True,32,32,True,True,False
speaker_indoor,19,3200,64,True,64,64,True,True,False
speaker_indoor,19,3200,128,True,128,127,True,True,False
speaker_indoor,19,3250,32,True,32,32,True,True,False
speaker_indoor,19,3250,64,True,64,64,True,True,False
speaker_indoor,19,3250,128,True,128,127,True,True,False
speaker_indoor,19,3300,32,True,32,31,True,True,False
speaker_indoor,19,3300,64,True,64,63,True,True,False
speaker_indoor,19,3300,128,True,100,98,True,True,False
speaker_indoor,19,3350,32,True,32,32,True,True,False
speaker_indoor,19,3350,64,True,50,49,True,True,False
speaker_indoor,19,3350,128,True,50,49,True,True,False
speaker_indoor,19,3400,32,True,0,0,False,False,False
speaker_indoor,19,3400,64,True,0,0,False,False,False
speaker_indoor,19,3400,128,True,0,0,False,False,False
mushroom03_wild,20,50,32,True,32,32,True,True,False
mushroom03_wild,20,50,64,True,64,64,True,True,False
mushroom03_wild,20,50,128,True,128,128,True,True,False
mushroom03_wild,20,100,32,True,32,32,True,True,False
mushroom03_wild,20,100,64,True,64,64,True,True,False
mushroom03_wild,20,100,128,True,128,128,True,True,False
mushroom03_wild,20,150,32,True,32,32,True,True,False
mushroom03_wild,20,150,64,True,64,64,True,True,False
mushroom03_wild,20,150,128,True,128,128,True,True,False
mushroom03_wild,20,200,32,True,32,32,True,True,False
mushroom03_wild,20,200,64,True,64,64,True,True,False
mushroom03_wild,20,200,128,True,128,128,True,True,False
mushroom03_wild,20,250,32,True,32,32,True,True,False
mushroom03_wild,20,250,64,True,64,64,True,True,False
mushroom03_wild,20,250,128,True,128,118,True,True,False
mushroom03_wild,20,300,32,True,32,32,True,True,False
mushroom03_wild,20,300,64,True,64,54,True,True,False
mushroom03_wild,20,300,128,True,101,91,True,True,False
mushroom03_wild,20,350,32,True,32,32,True,True,False
mushroom03_wild,20,350,64,True,51,51,True,True,False
mushroom03_wild,20,350,128,True,51,51,True,True,False
mushroom03_wild,20,400,32,True,1,1,True,True,False
mushroom03_wild,20,400,64,True,1,1,True,True,False
mushroom03_wild,20,400,128,True,1,1,True,True,False
mushroom05_indoor,21,50,32,True,32,32,True,True,False
mushroom05_indoor,21,50,64,True,64,64,True,True,False
mushroom05_indoor,21,50,128,True,128,128,True,True,False
mushroom05_indoor,21,100,32,True,32,32,True,True,False
mushroom05_indoor,21,100,64,True,64,64,True,True,False
mushroom05_indoor,21,100,128,True,128,128,True,True,False
mushroom05_indoor,21,150,32,True,32,32,True,True,False
mushroom05_indoor,21,150,64,True,64,64,True,True,False
mushroom05_indoor,21,150,128,True,128,128,True,True,False
mushroom05_indoor,21,200,32,True,32,32,True,True,False
mushroom05_indoor,21,200,64,True,64,64,True,True,False
mushroom05_indoor,21,200,128,True,128,110,True,True,False
mushroom05_indoor,21,250,32,True,32,32,True,True,False
mushroom05_indoor,21,250,64,True,64,57,True,True,False
mushroom05_indoor,21,250,128,True,128,97,True,True,False
mushroom05_indoor,21,300,32,True,32,14,True,True,False
mushroom05_indoor,21,300,64,True,64,33,True,True,False
mushroom05_indoor,21,300,128,True,128,97,True,True,False
mushroom05_indoor,21,350,32,True,32,32,True,True,False
mushroom05_indoor,21,350,64,True,64,64,True,True,False
mushroom05_indoor,21,350,128,True,128,128,True,True,False
mushroom05_indoor,21,400,32,True,32,32,True,True,False
mushroom05_indoor,21,400,64,True,64,64,True,True,False
mushroom05_indoor,21,400,128,True,128,128,True,True,False
mushroom05_indoor,21,450,32,True,32,32,True,True,False
mushroom05_indoor,21,450,64,True,64,64,True,True,False
mushroom05_indoor,21,450,128,True,128,128,True,True,False
mushroom05_indoor,21,500,32,True,32,32,True,True,False
mushroom05_indoor,21,500,64,True,64,64,True,True,False
mushroom05_indoor,21,500,128,True,128,128,True,True,False
mushroom05_indoor,21,550,32,True,32,32,True,True,False
mushroom05_indoor,21,550,64,True,64,64,True,True,False
mushroom05_indoor,21,550,128,True,128,128,True,True,False
mushroom05_indoor,21,600,32,True,32,32,True,True,False
mushroom05_indoor,21,600,64,True,64,64,True,True,False
mushroom05_indoor,21,600,128,True,128,128,True,True,False
mushroom05_indoor,21,650,32,True,32,32,True,True,False
mushroom05_indoor,21,650,64,True,64,64,True,True,False
mushroom05_indoor,21,650,128,True,128,123,True,True,False
mushroom05_indoor,21,700,32,True,32,32,True,True,False
mushroom05_indoor,21,700,64,True,64,64,True,True,False
mushroom05_indoor,21,700,128,True,128,98,True,True,False
mushroom05_indoor,21,750,32,True,32,23,True,True,False
mushroom05_indoor,21,750,64,True,64,36,True,True,False
mushroom05_indoor,21,750,128,True,128,98,True,True,False
mushroom05_indoor,21,800,32,True,32,19,True,True,False
mushroom05_indoor,21,800,64,True,64,51,True,True,False
mushroom05_indoor,21,800,128,True,128,115,True,True,False
mushroom05_indoor,21,850,32,True,32,32,True,True,False
mushroom05_indoor,21,850,64,True,64,64,True,True,False
mushroom05_indoor,21,850,128,True,128,128,True,True,False
mushroom05_indoor,21,900,32,True,32,32,True,True,False
mushroom05_indoor,21,900,64,True,64,64,True,True,False
mushroom05_indoor,21,900,128,True,106,106,True,True,False
mushroom05_indoor,21,950,32,True,32,32,True,True,False
mushroom05_indoor,21,950,64,True,56,56,True,True,False
mushroom05_indoor,21,950,128,True,56,56,True,True,False
mushroom05_indoor,21,1000,32,True,6,6,True,True,False
mushroom05_indoor,21,1000,64,True,6,6,True,True,False
mushroom05_indoor,21,1000,128,True,6,6,True,True,False
mobilephone05_indoor,22,50,32,True,32,32,True,True,False
mobilephone05_indoor,22,50,64,True,64,64,True,True,False
mobilephone05_indoor,22,50,128,True,128,105,True,True,False
mobilephone05_indoor,22,100,32,True,32,32,True,True,False
mobilephone05_indoor,22,100,64,True,64,55,True,True,False
mobilephone05_indoor,22,100,128,True,128,104,True,True,False
mobilephone05_indoor,22,150,32,True,32,8,True,True,False
mobilephone05_indoor,22,150,64,True,64,40,True,True,False
mobilephone05_indoor,22,150,128,True,128,79,True,True,False
mobilephone05_indoor,22,200,32,True,32,32,True,True,False
mobilephone05_indoor,22,200,64,True,64,39,True,True,False
mobilephone05_indoor,22,200,128,True,128,76,True,True,False
mobilephone05_indoor,22,250,32,False,32,18,False,True,True
mobilephone05_indoor,22,250,64,False,64,37,False,True,True
mobilephone05_indoor,22,250,128,False,128,78,False,True,True
mobilephone05_indoor,22,300,32,True,32,1,True,True,False
mobilephone05_indoor,22,300,64,True,64,33,True,True,False
mobilephone05_indoor,22,300,128,True,128,42,True,True,False
mobilephone05_indoor,22,350,32,True,32,23,True,True,False
mobilephone05_indoor,22,350,64,True,64,23,True,True,False
mobilephone05_indoor,22,350,128,True,128,65,True,True,False
mobilephone05_indoor,22,400,32,False,32,0,False,False,False
mobilephone05_indoor,22,400,64,False,64,31,False,True,True
mobilephone05_indoor,22,400,128,False,128,75,False,True,True
mobilephone05_indoor,22,450,32,True,32,25,True,True,False
mobilephone05_indoor,22,450,64,True,64,44,True,True,False
mobilephone05_indoor,22,450,128,True,128,90,True,True,False
mobilephone05_indoor,22,500,32,True,32,32,True,True,False
mobilephone05_indoor,22,500,64,True,64,46,True,True,False
mobilephone05_indoor,22,500,128,True,128,87,True,True,False
mobilephone05_indoor,22,550,32,False,32,32,False,True,True
mobilephone05_indoor,22,550,64,False,64,41,False,True,True
mobilephone05_indoor,22,550,128,False,128,105,False,True,True
mobilephone05_indoor,22,600,32,False,32,20,False,True,True
mobilephone05_indoor,22,600,64,False,64,52,False,True,True
mobilephone05_indoor,22,600,128,False,128,116,False,True,True
mobilephone05_indoor,22,650,32,True,32,32,True,True,False
mobilephone05_indoor,22,650,64,True,64,64,True,True,False
mobilephone05_indoor,22,650,128,True,128,128,True,True,False
mobilephone05_indoor,22,700,32,True,32,32,True,True,False
mobilephone05_indoor,22,700,64,True,64,64,True,True,False
mobilephone05_indoor,22,700,128,True,128,128,True,True,False
mobilephone05_indoor,22,750,32,True,32,32,True,True,False
mobilephone05_indoor,22,750,64,True,64,64,True,True,False
mobilephone05_indoor,22,750,128,True,128,128,True,True,False
mobilephone05_indoor,22,800,32,True,32,32,True,True,False
mobilephone05_indoor,22,800,64,True,64,64,True,True,False
mobilephone05_indoor,22,800,128,True,128,113,True,True,False
mobilephone05_indoor,22,850,32,True,32,32,True,True,False
mobilephone05_indoor,22,850,64,True,64,49,True,True,False
mobilephone05_indoor,22,850,128,True,128,113,True,True,False
mobilephone05_indoor,22,900,32,False,32,23,False,True,True
mobilephone05_indoor,22,900,64,False,64,55,False,True,True
mobilephone05_indoor,22,900,128,False,128,119,False,True,True
mobilephone05_indoor,22,950,32,True,32,32,True,True,False
mobilephone05_indoor,22,950,64,True,64,64,True,True,False
mobilephone05_indoor,22,950,128,True,128,128,True,True,False
mobilephone05_indoor,22,1000,32,True,32,32,True,True,False
mobilephone05_indoor,22,1000,64,True,64,64,True,True,False
mobilephone05_indoor,22,1000,128,True,128,126,True,True,False
mobilephone05_indoor,22,1050,32,True,32,32,True,True,False
mobilephone05_indoor,22,1050,64,True,64,64,True,True,False
mobilephone05_indoor,22,1050,128,True,128,107,True,True,False
mobilephone05_indoor,22,1100,32,True,32,26,True,True,False
mobilephone05_indoor,22,1100,64,True,64,43,True,True,False
mobilephone05_indoor,22,1100,128,True,100,69,True,True,False
mobilephone05_indoor,22,1150,32,True,32,32,True,True,False
mobilephone05_indoor,22,1150,64,True,50,40,True,True,False
mobilephone05_indoor,22,1150,128,True,50,40,True,True,False
mobilephone05_indoor,22,1200,32,False,0,0,False,False,False
mobilephone05_indoor,22,1200,64,False,0,0,False,False,False
mobilephone05_indoor,22,1200,128,False,0,0,False,False,False
ball17_wild,23,50,32,True,32,32,True,True,False
ball17_wild,23,50,64,True,64,64,True,True,False
ball17_wild,23,50,128,True,128,128,True,True,False
ball17_wild,23,100,32,True,32,32,True,True,False
ball17_wild,23,100,64,True,64,64,True,True,False
ball17_wild,23,100,128,True,128,128,True,True,False
ball17_wild,23,150,32,True,32,32,True,True,False
ball17_wild,23,150,64,True,64,64,True,True,False
ball17_wild,23,150,128,True,128,128,True,True,False
ball17_wild,23,200,32,True,32,32,True,True,False
ball17_wild,23,200,64,True,64,64,True,True,False
ball17_wild,23,200,128,True,128,128,True,True,False
ball17_wild,23,250,32,True,32,32,True,True,False
ball17_wild,23,250,64,True,64,64,True,True,False
ball17_wild,23,250,128,True,128,128,True,True,False
ball17_wild,23,300,32,True,32,32,True,True,False
ball17_wild,23,300,64,True,64,64,True,True,False
ball17_wild,23,300,128,True,128,128,True,True,False
ball17_wild,23,350,32,True,32,32,True,True,False
ball17_wild,23,350,64,True,64,64,True,True,False
ball17_wild,23,350,128,True,128,128,True,True,False
ball17_wild,23,400,32,True,32,32,True,True,False
ball17_wild,23,400,64,True,64,64,True,True,False
ball17_wild,23,400,128,True,128,128,True,True,False
ball17_wild,23,450,32,True,32,32,True,True,False
ball17_wild,23,450,64,True,64,64,True,True,False
ball17_wild,23,450,128,True,128,128,True,True,False
ball17_wild,23,500,32,True,32,32,True,True,False
ball17_wild,23,500,64,True,64,64,True,True,False
ball17_wild,23,500,128,True,128,128,True,True,False
ball17_wild,23,550,32,True,32,32,True,True,False
ball17_wild,23,550,64,True,64,64,True,True,False
ball17_wild,23,550,128,True,128,128,True,True,False
ball17_wild,23,600,32,True,32,32,True,True,False
ball17_wild,23,600,64,True,64,64,True,True,False
ball17_wild,23,600,128,True,128,128,True,True,False
ball17_wild,23,650,32,True,32,32,True,True,False
ball17_wild,23,650,64,True,64,64,True,True,False
ball17_wild,23,650,128,True,128,128,True,True,False
ball17_wild,23,700,32,True,32,32,True,True,False
ball17_wild,23,700,64,True,64,64,True,True,False
ball17_wild,23,700,128,True,128,128,True,True,False
ball17_wild,23,750,32,True,32,32,True,True,False
ball17_wild,23,750,64,True,64,64,True,True,False
ball17_wild,23,750,128,True,128,128,True,True,False
ball17_wild,23,800,32,True,32,32,True,True,False
ball17_wild,23,800,64,True,64,64,True,True,False
ball17_wild,23,800,128,True,128,87,True,True,False
ball17_wild,23,850,32,True,32,32,True,True,False
ball17_wild,23,850,64,True,64,37,True,True,False
ball17_wild,23,850,128,True,128,50,True,True,False
ball17_wild,23,900,32,False,32,0,False,False,False
ball17_wild,23,900,64,False,64,0,False,False,False
ball17_wild,23,900,128,False,128,63,False,True,True
ball17_wild,23,950,32,False,32,17,False,True,True
ball17_wild,23,950,64,False,64,49,False,True,True
ball17_wild,23,950,128,False,128,99,False,True,True
ball17_wild,23,1000,32,True,32,32,True,True,False
ball17_wild,23,1000,64,True,64,64,True,True,False
ball17_wild,23,1000,128,True,128,65,True,True,False
ball17_wild,23,1050,32,True,32,14,True,True,False
ball17_wild,23,1050,64,True,64,14,True,True,False
ball17_wild,23,1050,128,True,128,59,True,True,False
ball17_wild,23,1100,32,False,32,4,False,True,True
ball17_wild,23,1100,64,False,64,31,False,True,True
ball17_wild,23,1100,128,False,128,95,False,True,True
ball17_wild,23,1150,32,True,32,32,True,True,False
ball17_wild,23,1150,64,True,64,64,True,True,False
ball17_wild,23,1150,128,True,128,84,True,True,False
ball17_wild,23,1200,32,True,32,32,True,True,False
ball17_wild,23,1200,64,True,64,34,True,True,False
ball17_wild,23,1200,128,True,128,54,True,True,False
ball17_wild,23,1250,32,False,32,0,False,False,False
ball17_wild,23,1250,64,False,64,6,False,True,True
ball17_wild,23,1250,128,False,128,70,False,True,True
ball17_wild,23,1300,32,False,32,24,False,True,True
ball17_wild,23,1300,64,False,64,56,False,True,True
ball17_wild,23,1300,128,False,128,120,False,True,True
ball17_wild,23,1350,32,True,32,32,True,True,False
ball17_wild,23,1350,64,True,64,64,True,True,False
ball17_wild,23,1350,128,True,128,128,True,True,False
ball17_wild,23,1400,32,True,32,32,True,True,False
ball17_wild,23,1400,64,True,64,64,True,True,False
ball17_wild,23,1400,128,True,98,95,True,True,False
ball17_wild,23,1450,32,True,32,32,True,True,False
ball17_wild,23,1450,64,True,48,45,True,True,False
ball17_wild,23,1450,128,True,48,45,True,True,False
pine02_wild_320,24,50,32,True,32,21,True,True,False
pine02_wild_320,24,50,64,True,64,42,True,True,False
pine02_wild_320,24,50,128,True,128,81,True,True,False
pine02_wild_320,24,100,32,True,32,15,True,True,False
pine02_wild_320,24,100,64,True,64,39,True,True,False
pine02_wild_320,24,100,128,True,128,79,True,True,False
pine02_wild_320,24,150,32,True,32,32,True,True,False
pine02_wild_320,24,150,64,True,64,44,True,True,False
pine02_wild_320,24,150,128,True,128,84,True,True,False
pine02_wild_320,24,200,32,False,32,22,False,True,True
pine02_wild_320,24,200,64,False,64,40,False,True,True
pine02_wild_320,24,200,128,False,128,90,False,True,True
pine02_wild_320,24,250,32,True,32,26,True,True,False
pine02_wild_320,24,250,64,True,64,50,True,True,False
pine02_wild_320,24,250,128,True,128,103,True,True,False
pine02_wild_320,24,300,32,True,32,32,True,True,False
pine02_wild_320,24,300,64,True,64,57,True,True,False
pine02_wild_320,24,300,128,True,81,70,True,True,False
pine02_wild_320,24,350,32,True,31,20,True,True,False
pine02_wild_320,24,350,64,True,31,20,True,True,False
pine02_wild_320,24,350,128,True,31,20,True,True,False
basket_indoor,25,50,32,False,32,32,False,True,True
basket_indoor,25,50,64,False,64,64,False,True,True
basket_indoor,25,50,128,False,128,128,False,True,True
basket_indoor,25,100,32,True,32,32,True,True,False
basket_indoor,25,100,64,True,64,64,True,True,False
basket_indoor,25,100,128,True,128,128,True,True,False
basket_indoor,25,150,32,True,32,32,True,True,False
basket_indoor,25,150,64,True,64,64,True,True,False
basket_indoor,25,150,128,True,128,128,True,True,False
basket_indoor,25,200,32,True,32,32,True,True,False
basket_indoor,25,200,64,True,64,64,True,True,False
basket_indoor,25,200,128,True,128,128,True,True,False
basket_indoor,25,250,32,True,32,32,True,True,False
basket_indoor,25,250,64,True,64,64,True,True,False
basket_indoor,25,250,128,True,128,128,True,True,False
basket_indoor,25,300,32,True,32,32,True,True,False
basket_indoor,25,300,64,True,64,64,True,True,False
basket_indoor,25,300,128,True,128,128,True,True,False
basket_indoor,25,350,32,True,32,32,True,True,False
basket_indoor,25,350,64,True,64,64,True,True,False
basket_indoor,25,350,128,True,128,128,True,True,False
basket_indoor,25,400,32,True,32,32,True,True,False
basket_indoor,25,400,64,True,64,64,True,True,False
basket_indoor,25,400,128,True,128,128,True,True,False
basket_indoor,25,450,32,True,32,32,True,True,False
basket_indoor,25,450,64,True,64,64,True,True,False
basket_indoor,25,450,128,True,128,128,True,True,False
basket_indoor,25,500,32,True,32,32,True,True,False
basket_indoor,25,500,64,True,64,64,True,True,False
basket_indoor,25,500,128,True,128,111,True,True,False
basket_indoor,25,550,32,True,32,32,True,True,False
basket_indoor,25,550,64,True,64,55,True,True,False
basket_indoor,25,550,128,True,128,111,True,True,False
basket_indoor,25,600,32,True,32,15,True,True,False
basket_indoor,25,600,64,True,64,47,True,True,False
basket_indoor,25,600,128,True,128,111,True,True,False
basket_indoor,25,650,32,True,32,32,True,True,False
basket_indoor,25,650,64,True,64,64,True,True,False
basket_indoor,25,650,128,True,128,128,True,True,False
basket_indoor,25,700,32,True,32,32,True,True,False
basket_indoor,25,700,64,True,64,64,True,True,False
basket_indoor,25,700,128,True,128,128,True,True,False
basket_indoor,25,750,32,True,32,32,True,True,False
basket_indoor,25,750,64,True,64,64,True,True,False
basket_indoor,25,750,128,True,90,90,True,True,False
basket_indoor,25,800,32,True,32,32,True,True,False
basket_indoor,25,800,64,True,40,40,True,True,False
basket_indoor,25,800,128,True,40,40,True,True,False
book05_indoor,26,50,32,True,32,32,True,True,False
book05_indoor,26,50,64,True,64,64,True,True,False
book05_indoor,26,50,128,True,128,128,True,True,False
book05_indoor,26,100,32,True,32,32,True,True,False
book05_indoor,26,100,64,True,64,64,True,True,False
book05_indoor,26,100,128,True,128,128,True,True,False
book05_indoor,26,150,32,True,32,32,True,True,False
book05_indoor,26,150,64,True,64,64,True,True,False
book05_indoor,26,150,128,True,128,128,True,True,False
book05_indoor,26,200,32,True,32,32,True,True,False
book05_indoor,26,200,64,True,64,64,True,True,False
book05_indoor,26,200,128,True,128,128,True,True,False
book05_indoor,26,250,32,True,32,32,True,True,False
book05_indoor,26,250,64,True,64,64,True,True,False
book05_indoor,26,250,128,True,128,128,True,True,False
book05_indoor,26,300,32,True,32,32,True,True,False
book05_indoor,26,300,64,True,64,64,True,True,False
book05_indoor,26,300,128,True,128,128,True,True,False
book05_indoor,26,350,32,True,32,32,True,True,False
book05_indoor,26,350,64,True,64,64,True,True,False
book05_indoor,26,350,128,True,128,128,True,True,False
book05_indoor,26,400,32,True,32,32,True,True,False
book05_indoor,26,400,64,True,64,64,True,True,False
book05_indoor,26,400,128,True,128,128,True,True,False
book05_indoor,26,450,32,True,32,32,True,True,False
book05_indoor,26,450,64,True,64,64,True,True,False
book05_indoor,26,450,128,True,128,128,True,True,False
book05_indoor,26,500,32,True,32,32,True,True,False
book05_indoor,26,500,64,True,64,64,True,True,False
book05_indoor,26,500,128,True,128,128,True,True,False
book05_indoor,26,550,32,True,32,32,True,True,False
book05_indoor,26,550,64,True,64,64,True,True,False
book05_indoor,26,550,128,True,128,128,True,True,False
book05_indoor,26,600,32,True,32,32,True,True,False
book05_indoor,26,600,64,True,64,64,True,True,False
book05_indoor,26,600,128,True,128,128,True,True,False
book05_indoor,26,650,32,True,32,32,True,True,False
book05_indoor,26,650,64,True,64,64,True,True,False
book05_indoor,26,650,128,True,128,128,True,True,False
book05_indoor,26,700,32,True,32,32,True,True,False
book05_indoor,26,700,64,True,64,64,True,True,False
book05_indoor,26,700,128,True,128,128,True,True,False
book05_indoor,26,750,32,True,32,32,True,True,False
book05_indoor,26,750,64,True,64,64,True,True,False
book05_indoor,26,750,128,True,128,128,True,True,False
book05_indoor,26,800,32,True,32,32,True,True,False
book05_indoor,26,800,64,True,64,64,True,True,False
book05_indoor,26,800,128,True,128,128,True,True,False
book05_indoor,26,850,32,True,32,32,True,True,False
book05_indoor,26,850,64,True,64,64,True,True,False
book05_indoor,26,850,128,True,128,128,True,True,False
book05_indoor,26,900,32,True,32,32,True,True,False
book05_indoor,26,900,64,True,64,64,True,True,False
book05_indoor,26,900,128,True,128,128,True,True,False
book05_indoor,26,950,32,True,32,32,True,True,False
book05_indoor,26,950,64,True,64,64,True,True,False
book05_indoor,26,950,128,True,128,128,True,True,False
book05_indoor,26,1000,32,True,32,32,True,True,False
book05_indoor,26,1000,64,True,64,64,True,True,False
book05_indoor,26,1000,128,True,128,128,True,True,False
book05_indoor,26,1050,32,True,32,32,True,True,False
book05_indoor,26,1050,64,True,64,64,True,True,False
book05_indoor,26,1050,128,True,128,128,True,True,False
book05_indoor,26,1100,32,True,32,32,True,True,False
book05_indoor,26,1100,64,True,64,64,True,True,False
book05_indoor,26,1100,128,True,128,128,True,True,False
book05_indoor,26,1150,32,True,32,32,True,True,False
book05_indoor,26,1150,64,True,64,64,True,True,False
book05_indoor,26,1150,128,True,128,128,True,True,False
book05_indoor,26,1200,32,True,32,32,True,True,False
book05_indoor,26,1200,64,True,64,64,True,True,False
book05_indoor,26,1200,128,True,128,128,True,True,False
book05_indoor,26,1250,32,True,32,32,True,True,False
book05_indoor,26,1250,64,True,64,64,True,True,False
book05_indoor,26,1250,128,True,128,128,True,True,False
book05_indoor,26,1300,32,True,32,32,True,True,False
book05_indoor,26,1300,64,True,64,64,True,True,False
book05_indoor,26,1300,128,True,128,128,True,True,False
book05_indoor,26,1350,32,True,32,32,True,True,False
book05_indoor,26,1350,64,True,64,64,True,True,False
book05_indoor,26,1350,128,True,128,128,True,True,False
book05_indoor,26,1400,32,True,32,32,True,True,False
book05_indoor,26,1400,64,True,64,64,True,True,False
book05_indoor,26,1400,128,True,96,96,True,True,False
book05_indoor,26,1450,32,True,32,32,True,True,False
book05_indoor,26,1450,64,True,46,46,True,True,False
book05_indoor,26,1450,128,True,46,46,True,True,False
leaves04_indoor,27,50,32,True,32,32,True,True,False
leaves04_indoor,27,50,64,True,64,64,True,True,False
leaves04_indoor,27,50,128,True,128,128,True,True,False
leaves04_indoor,27,100,32,True,32,32,True,True,False
leaves04_indoor,27,100,64,True,64,64,True,True,False
leaves04_indoor,27,100,128,True,128,127,True,True,False
leaves04_indoor,27,150,32,True,32,32,True,True,False
leaves04_indoor,27,150,64,True,64,63,True,True,False
leaves04_indoor,27,150,128,True,128,126,True,True,False
leaves04_indoor,27,200,32,True,32,32,True,True,False
leaves04_indoor,27,200,64,True,64,63,True,True,False
leaves04_indoor,27,200,128,True,128,127,True,True,False
leaves04_indoor,27,250,32,True,32,31,True,True,False
leaves04_indoor,27,250,64,True,64,63,True,True,False
leaves04_indoor,27,250,128,True,128,127,True,True,False
leaves04_indoor,27,300,32,True,32,32,True,True,False
leaves04_indoor,27,300,64,True,64,64,True,True,False
leaves04_indoor,27,300,128,True,128,87,True,True,False
leaves04_indoor,27,350,32,True,32,32,True,True,False
leaves04_indoor,27,350,64,True,64,37,True,True,False
leaves04_indoor,27,350,128,True,128,62,True,True,False
leaves04_indoor,27,400,32,False,32,0,False,False,False
leaves04_indoor,27,400,64,False,64,13,False,True,True
leaves04_indoor,27,400,128,False,128,67,False,True,True
leaves04_indoor,27,450,32,True,32,25,True,True,False
leaves04_indoor,27,450,64,True,64,49,True,True,False
leaves04_indoor,27,450,128,True,128,112,True,True,False
leaves04_indoor,27,500,32,True,32,32,True,True,False
leaves04_indoor,27,500,64,True,64,63,True,True,False
leaves04_indoor,27,500,128,True,128,126,True,True,False
leaves04_indoor,27,550,32,True,32,31,True,True,False
leaves04_indoor,27,550,64,True,64,63,True,True,False
leaves04_indoor,27,550,128,True,128,125,True,True,False
leaves04_indoor,27,600,32,True,32,31,True,True,False
leaves04_indoor,27,600,64,True,64,62,True,True,False
leaves04_indoor,27,600,128,True,128,108,True,True,False
leaves04_indoor,27,650,32,True,32,32,True,True,False
leaves04_indoor,27,650,64,True,64,55,True,True,False
leaves04_indoor,27,650,128,True,128,110,True,True,False
leaves04_indoor,27,700,32,True,32,14,True,True,False
leaves04_indoor,27,700,64,True,64,46,True,True,False
leaves04_indoor,27,700,128,True,128,110,True,True,False
leaves04_indoor,27,750,32,True,32,32,True,True,False
leaves04_indoor,27,750,64,True,64,64,True,True,False
leaves04_indoor,27,750,128,True,128,126,True,True,False
leaves04_indoor,27,800,32,True,32,32,True,True,False
leaves04_indoor,27,800,64,True,64,63,True,True,False
leaves04_indoor,27,800,128,True,128,126,True,True,False
leaves04_indoor,27,850,32,True,32,31,True,True,False
leaves04_indoor,27,850,64,True,64,63,True,True,False
leaves04_indoor,27,850,128,True,128,88,True,True,False
leaves04_indoor,27,900,32,True,32,32,True,True,False
leaves04_indoor,27,900,64,True,64,34,True,True,False
leaves04_indoor,27,900,128,True,128,88,True,True,False
leaves04_indoor,27,950,32,False,32,9,False,True,True
leaves04_indoor,27,950,64,False,64,40,False,True,True
leaves04_indoor,27,950,128,False,128,95,False,True,True
leaves04_indoor,27,1000,32,True,32,31,True,True,False
leaves04_indoor,27,1000,64,True,64,56,True,True,False
leaves04_indoor,27,1000,128,True,128,111,True,True,False
leaves04_indoor,27,1050,32,True,32,30,True,True,False
leaves04_indoor,27,1050,64,True,64,55,True,True,False
leaves04_indoor,27,1050,128,True,128,104,True,True,False
leaves04_indoor,27,1100,32,True,32,32,True,True,False
leaves04_indoor,27,1100,64,True,64,50,True,True,False
leaves04_indoor,27,1100,128,True,128,111,True,True,False
leaves04_indoor,27,1150,32,True,32,21,True,True,False
leaves04_indoor,27,1150,64,True,64,52,True,True,False
leaves04_indoor,27,1150,128,True,128,103,True,True,False
leaves04_indoor,27,1200,32,True,32,30,True,True,False
leaves04_indoor,27,1200,64,True,64,58,True,True,False
leaves04_indoor,27,1200,128,True,128,101,True,True,False
leaves04_indoor,27,1250,32,True,32,16,True,True,False
leaves04_indoor,27,1250,64,True,64,39,True,True,False
leaves04_indoor,27,1250,128,True,128,103,True,True,False
leaves04_indoor,27,1300,32,True,32,32,True,True,False
leaves04_indoor,27,1300,64,True,64,64,True,True,False
leaves04_indoor,27,1300,128,True,128,127,True,True,False
leaves04_indoor,27,1350,32,True,32,32,True,True,False
leaves04_indoor,27,1350,64,True,64,63,True,True,False
leaves04_indoor,27,1350,128,True,128,109,True,True,False
leaves04_indoor,27,1400,32,True,32,31,True,True,False
leaves04_indoor,27,1400,64,True,64,59,True,True,False
leaves04_indoor,27,1400,128,True,128,66,True,True,False
leaves04_indoor,27,1450,32,True,32,12,True,True,False
leaves04_indoor,27,1450,64,True,64,17,True,True,False
leaves04_indoor,27,1450,128,True,128,21,True,True,False
leaves04_indoor,27,1500,32,False,32,3,False,True,True
leaves04_indoor,27,1500,64,False,64,6,False,True,True
leaves04_indoor,27,1500,128,False,128,14,False,True,True
leaves04_indoor,27,1550,32,False,32,4,False,True,True
leaves04_indoor,27,1550,64,False,64,4,False,True,True
leaves04_indoor,27,1550,128,False,128,53,False,True,True
leaves04_indoor,27,1600,32,False,32,11,False,True,True
leaves04_indoor,27,1600,64,False,64,35,False,True,True
leaves04_indoor,27,1600,128,False,128,99,False,True,True
leaves04_indoor,27,1650,32,False,32,32,False,True,True
leaves04_indoor,27,1650,64,False,64,64,False,True,True
leaves04_indoor,27,1650,128,False,128,127,False,True,True
leaves04_indoor,27,1700,32,True,32,32,True,True,False
leaves04_indoor,27,1700,64,True,64,63,True,True,False
leaves04_indoor,27,1700,128,True,128,94,True,True,False
leaves04_indoor,27,1750,32,True,32,32,True,True,False
leaves04_indoor,27,1750,64,True,64,45,True,True,False
leaves04_indoor,27,1750,128,True,128,90,True,True,False
leaves04_indoor,27,1800,32,False,32,0,False,False,False
leaves04_indoor,27,1800,64,False,64,31,False,True,True
leaves04_indoor,27,1800,128,False,128,67,False,True,True
leaves04_indoor,27,1850,32,True,32,32,True,True,False
leaves04_indoor,27,1850,64,True,64,50,True,True,False
leaves04_indoor,27,1850,128,True,89,50,True,True,False
leaves04_indoor,27,1900,32,True,32,0,False,False,False
leaves04_indoor,27,1900,64,True,39,0,False,False,False
leaves04_indoor,27,1900,128,True,39,0,False,False,False
book02_indoor,28,50,32,True,32,32,True,True,False
book02_indoor,28,50,64,True,64,64,True,True,False
book02_indoor,28,50,128,True,128,128,True,True,False
book02_indoor,28,100,32,True,32,32,True,True,False
book02_indoor,28,100,64,True,64,64,True,True,False
book02_indoor,28,100,128,True,128,128,True,True,False
book02_indoor,28,150,32,True,32,32,True,True,False
book02_indoor,28,150,64,True,64,64,True,True,False
book02_indoor,28,150,128,True,128,128,True,True,False
book02_indoor,28,200,32,True,32,32,True,True,False
book02_indoor,28,200,64,True,64,64,True,True,False
book02_indoor,28,200,128,True,128,128,True,True,False
book02_indoor,28,250,32,True,32,32,True,True,False
book02_indoor,28,250,64,True,64,64,True,True,False
book02_indoor,28,250,128,True,128,128,True,True,False
book02_indoor,28,300,32,True,32,32,True,True,False
book02_indoor,28,300,64,True,64,64,True,True,False
book02_indoor,28,300,128,True,128,128,True,True,False
book02_indoor,28,350,32,True,32,32,True,True,False
book02_indoor,28,350,64,True,64,64,True,True,False
book02_indoor,28,350,128,True,128,128,True,True,False
book02_indoor,28,400,32,True,32,32,True,True,False
book02_indoor,28,400,64,True,64,64,True,True,False
book02_indoor,28,400,128,True,128,128,True,True,False
book02_indoor,28,450,32,True,32,32,True,True,False
book02_indoor,28,450,64,True,64,64,True,True,False
book02_indoor,28,450,128,True,128,128,True,True,False
book02_indoor,28,500,32,True,32,32,True,True,False
book02_indoor,28,500,64,True,64,64,True,True,False
book02_indoor,28,500,128,True,128,128,True,True,False
book02_indoor,28,550,32,True,32,32,True,True,False
book02_indoor,28,550,64,True,64,64,True,True,False
book02_indoor,28,550,128,True,128,128,True,True,False
book02_indoor,28,600,32,True,32,32,True,True,False
book02_indoor,28,600,64,True,64,64,True,True,False
book02_indoor,28,600,128,True,128,128,True,True,False
book02_indoor,28,650,32,True,32,32,True,True,False
book02_indoor,28,650,64,True,64,64,True,True,False
book02_indoor,28,650,128,True,128,128,True,True,False
book02_indoor,28,700,32,True,32,32,True,True,False
book02_indoor,28,700,64,True,64,64,True,True,False
book02_indoor,28,700,128,True,128,128,True,True,False
book02_indoor,28,750,32,True,32,32,True,True,False
book02_indoor,28,750,64,True,64,64,True,True,False
book02_indoor,28,750,128,True,128,128,True,True,False
book02_indoor,28,800,32,True,32,32,True,True,False
book02_indoor,28,800,64,True,64,64,True,True,False
book02_indoor,28,800,128,True,128,128,True,True,False
book02_indoor,28,850,32,True,32,32,True,True,False
book02_indoor,28,850,64,True,64,64,True,True,False
book02_indoor,28,850,128,True,128,128,True,True,False
book02_indoor,28,900,32,True,32,32,True,True,False
book02_indoor,28,900,64,True,64,64,True,True,False
book02_indoor,28,900,128,True,128,128,True,True,False
book02_indoor,28,950,32,True,32,32,True,True,False
book02_indoor,28,950,64,True,64,64,True,True,False
book02_indoor,28,950,128,True,128,128,True,True,False
book02_indoor,28,1000,32,True,32,32,True,True,False
book02_indoor,28,1000,64,True,64,64,True,True,False
book02_indoor,28,1000,128,True,128,128,True,True,False
book02_indoor,28,1050,32,True,32,32,True,True,False
book02_indoor,28,1050,64,True,64,64,True,True,False
book02_indoor,28,1050,128,True,128,128,True,True,False
book02_indoor,28,1100,32,True,32,32,True,True,False
book02_indoor,28,1100,64,True,64,64,True,True,False
book02_indoor,28,1100,128,True,128,128,True,True,False
book02_indoor,28,1150,32,True,32,32,True,True,False
book02_indoor,28,1150,64,True,64,64,True,True,False
book02_indoor,28,1150,128,True,128,128,True,True,False
book02_indoor,28,1200,32,True,32,32,True,True,False
book02_indoor,28,1200,64,True,64,64,True,True,False
book02_indoor,28,1200,128,True,128,128,True,True,False
book02_indoor,28,1250,32,True,32,32,True,True,False
book02_indoor,28,1250,64,True,64,64,True,True,False
book02_indoor,28,1250,128,True,128,128,True,True,False
book02_indoor,28,1300,32,True,32,32,True,True,False
book02_indoor,28,1300,64,True,64,64,True,True,False
book02_indoor,28,1300,128,True,128,128,True,True,False
book02_indoor,28,1350,32,True,32,32,True,True,False
book02_indoor,28,1350,64,True,64,64,True,True,False
book02_indoor,28,1350,128,True,128,128,True,True,False
book02_indoor,28,1400,32,True,32,32,True,True,False
book02_indoor,28,1400,64,True,64,64,True,True,False
book02_indoor,28,1400,128,True,93,93,True,True,False
book02_indoor,28,1450,32,True,32,32,True,True,False
book02_indoor,28,1450,64,True,43,43,True,True,False
book02_indoor,28,1450,128,True,43,43,True,True,False
dumbbells02_indoor,29,50,32,True,32,32,True,True,False
dumbbells02_indoor,29,50,64,True,64,64,True,True,False
dumbbells02_indoor,29,50,128,True,128,128,True,True,False
dumbbells02_indoor,29,100,32,True,32,32,True,True,False
dumbbells02_indoor,29,100,64,True,64,64,True,True,False
dumbbells02_indoor,29,100,128,True,128,128,True,True,False
dumbbells02_indoor,29,150,32,True,32,32,True,True,False
dumbbells02_indoor,29,150,64,True,64,64,True,True,False
dumbbells02_indoor,29,150,128,True,128,128,True,True,False
dumbbells02_indoor,29,200,32,True,32,32,True,True,False
dumbbells02_indoor,29,200,64,True,64,64,True,True,False
dumbbells02_indoor,29,200,128,True,128,128,True,True,False
dumbbells02_indoor,29,250,32,True,32,32,True,True,False
dumbbells02_indoor,29,250,64,True,64,64,True,True,False
dumbbells02_indoor,29,250,128,True,128,128,True,True,False
dumbbells02_indoor,29,300,32,True,32,32,True,True,False
dumbbells02_indoor,29,300,64,True,64,64,True,True,False
dumbbells02_indoor,29,300,128,True,128,117,True,True,False
dumbbells02_indoor,29,350,32,True,32,30,True,True,False
dumbbells02_indoor,29,350,64,True,64,53,True,True,False
dumbbells02_indoor,29,350,128,True,128,117,True,True,False
dumbbells02_indoor,29,400,32,True,32,32,True,True,False
dumbbells02_indoor,29,400,64,True,64,64,True,True,False
dumbbells02_indoor,29,400,128,True,128,128,True,True,False
dumbbells02_indoor,29,450,32,True,32,32,True,True,False
dumbbells02_indoor,29,450,64,True,64,64,True,True,False
dumbbells02_indoor,29,450,128,True,128,128,True,True,False
dumbbells02_indoor,29,500,32,True,32,32,True,True,False
dumbbells02_indoor,29,500,64,True,64,64,True,True,False
dumbbells02_indoor,29,500,128,True,128,128,True,True,False
dumbbells02_indoor,29,550,32,True,32,32,True,True,False
dumbbells02_indoor,29,550,64,True,64,64,True,True,False
dumbbells02_indoor,29,550,128,True,128,128,True,True,False
dumbbells02_indoor,29,600,32,True,32,32,True,True,False
dumbbells02_indoor,29,600,64,True,64,64,True,True,False
dumbbells02_indoor,29,600,128,True,128,119,True,True,False
dumbbells02_indoor,29,650,32,True,32,29,True,True,False
dumbbells02_indoor,29,650,64,True,64,55,True,True,False
dumbbells02_indoor,29,650,128,True,128,119,True,True,False
dumbbells02_indoor,29,700,32,True,32,32,True,True,False
dumbbells02_indoor,29,700,64,True,64,64,True,True,False
dumbbells02_indoor,29,700,128,True,128,128,True,True,False
dumbbells02_indoor,29,750,32,True,32,32,True,True,False
dumbbells02_indoor,29,750,64,True,64,64,True,True,False
dumbbells02_indoor,29,750,128,True,128,128,True,True,False
dumbbells02_indoor,29,800,32,True,32,32,True,True,False
dumbbells02_indoor,29,800,64,True,64,64,True,True,False
dumbbells02_indoor,29,800,128,True,128,124,True,True,False
dumbbells02_indoor,29,850,32,True,32,32,True,True,False
dumbbells02_indoor,29,850,64,True,64,64,True,True,False
dumbbells02_indoor,29,850,128,True,128,124,True,True,False
dumbbells02_indoor,29,900,32,True,32,28,True,True,False
dumbbells02_indoor,29,900,64,True,64,60,True,True,False
dumbbells02_indoor,29,900,128,True,128,124,True,True,False
dumbbells02_indoor,29,950,32,True,32,32,True,True,False
dumbbells02_indoor,29,950,64,True,64,64,True,True,False
dumbbells02_indoor,29,950,128,True,128,128,True,True,False
dumbbells02_indoor,29,1000,32,True,32,32,True,True,False
dumbbells02_indoor,29,1000,64,True,64,64,True,True,False
dumbbells02_indoor,29,1000,128,True,128,128,True,True,False
dumbbells02_indoor,29,1050,32,True,32,32,True,True,False
dumbbells02_indoor,29,1050,64,True,64,64,True,True,False
dumbbells02_indoor,29,1050,128,True,128,128,True,True,False
dumbbells02_indoor,29,1100,32,True,32,32,True,True,False
dumbbells02_indoor,29,1100,64,True,64,64,True,True,False
dumbbells02_indoor,29,1100,128,True,128,128,True,True,False
dumbbells02_indoor,29,1150,32,True,32,32,True,True,False
dumbbells02_indoor,29,1150,64,True,64,64,True,True,False
dumbbells02_indoor,29,1150,128,True,128,128,True,True,False
dumbbells02_indoor,29,1200,32,True,32,32,True,True,False
dumbbells02_indoor,29,1200,64,True,64,64,True,True,False
dumbbells02_indoor,29,1200,128,True,128,128,True,True,False
dumbbells02_indoor,29,1250,32,True,32,32,True,True,False
dumbbells02_indoor,29,1250,64,True,64,64,True,True,False
dumbbells02_indoor,29,1250,128,True,120,120,True,True,False
dumbbells02_indoor,29,1300,32,True,32,32,True,True,False
dumbbells02_indoor,29,1300,64,True,64,64,True,True,False
dumbbells02_indoor,29,1300,128,True,70,70,True,True,False
dumbbells02_indoor,29,1350,32,True,20,20,True,True,False
dumbbells02_indoor,29,1350,64,True,20,20,True,True,False
dumbbells02_indoor,29,1350,128,True,20,20,True,True,False
bike02_wild,30,50,32,True,32,32,True,True,False
bike02_wild,30,50,64,True,64,64,True,True,False
bike02_wild,30,50,128,True,128,128,True,True,False
bike02_wild,30,100,32,True,32,32,True,True,False
bike02_wild,30,100,64,True,64,64,True,True,False
bike02_wild,30,100,128,True,128,128,True,True,False
bike02_wild,30,150,32,True,32,32,True,True,False
bike02_wild,30,150,64,True,64,64,True,True,False
bike02_wild,30,150,128,True,128,128,True,True,False
bike02_wild,30,200,32,True,32,32,True,True,False
bike02_wild,30,200,64,True,64,64,True,True,False
bike02_wild,30,200,128,True,93,93,True,True,False
bike02_wild,30,250,32,True,32,32,True,True,False
bike02_wild,30,250,64,True,43,43,True,True,False
bike02_wild,30,250,128,True,43,43,True,True,False
book01_indoor,31,50,32,True,32,32,True,True,False
book01_indoor,31,50,64,True,64,64,True,True,False
book01_indoor,31,50,128,True,128,128,True,True,False
book01_indoor,31,100,32,True,32,32,True,True,False
book01_indoor,31,100,64,True,64,64,True,True,False
book01_indoor,31,100,128,True,128,128,True,True,False
book01_indoor,31,150,32,True,32,32,True,True,False
book01_indoor,31,150,64,True,64,64,True,True,False
book01_indoor,31,150,128,True,128,128,True,True,False
book01_indoor,31,200,32,True,32,32,True,True,False
book01_indoor,31,200,64,True,64,64,True,True,False
book01_indoor,31,200,128,True,128,128,True,True,False
book01_indoor,31,250,32,True,32,32,True,True,False
book01_indoor,31,250,64,True,64,64,True,True,False
book01_indoor,31,250,128,True,128,128,True,True,False
book01_indoor,31,300,32,True,32,32,True,True,False
book01_indoor,31,300,64,True,64,64,True,True,False
book01_indoor,31,300,128,True,128,128,True,True,False
book01_indoor,31,350,32,True,32,32,True,True,False
book01_indoor,31,350,64,True,64,64,True,True,False
book01_indoor,31,350,128,True,128,128,True,True,False
book01_indoor,31,400,32,True,32,32,True,True,False
book01_indoor,31,400,64,True,64,64,True,True,False
book01_indoor,31,400,128,True,128,128,True,True,False
book01_indoor,31,450,32,True,32,32,True,True,False
book01_indoor,31,450,64,True,64,64,True,True,False
book01_indoor,31,450,128,True,128,128,True,True,False
book01_indoor,31,500,32,True,32,32,True,True,False
book01_indoor,31,500,64,True,64,64,True,True,False
book01_indoor,31,500,128,True,128,128,True,True,False
book01_indoor,31,550,32,True,32,32,True,True,False
book01_indoor,31,550,64,True,64,64,True,True,False
book01_indoor,31,550,128,True,128,128,True,True,False
book01_indoor,31,600,32,True,32,32,True,True,False
book01_indoor,31,600,64,True,64,64,True,True,False
book01_indoor,31,600,128,True,128,128,True,True,False
book01_indoor,31,650,32,True,32,32,True,True,False
book01_indoor,31,650,64,True,64,64,True,True,False
book01_indoor,31,650,128,True,128,128,True,True,False
book01_indoor,31,700,32,True,32,32,True,True,False
book01_indoor,31,700,64,True,64,64,True,True,False
book01_indoor,31,700,128,True,128,128,True,True,False
book01_indoor,31,750,32,True,32,32,True,True,False
book01_indoor,31,750,64,True,64,64,True,True,False
book01_indoor,31,750,128,True,128,128,True,True,False
book01_indoor,31,800,32,True,32,32,True,True,False
book01_indoor,31,800,64,True,64,64,True,True,False
book01_indoor,31,800,128,True,128,128,True,True,False
book01_indoor,31,850,32,True,32,32,True,True,False
book01_indoor,31,850,64,True,64,64,True,True,False
book01_indoor,31,850,128,True,128,128,True,True,False
book01_indoor,31,900,32,True,32,32,True,True,False
book01_indoor,31,900,64,True,64,64,True,True,False
book01_indoor,31,900,128,True,128,128,True,True,False
book01_indoor,31,950,32,True,32,32,True,True,False
book01_indoor,31,950,64,True,64,64,True,True,False
book01_indoor,31,950,128,True,128,128,True,True,False
book01_indoor,31,1000,32,True,32,32,True,True,False
book01_indoor,31,1000,64,True,64,64,True,True,False
book01_indoor,31,1000,128,True,128,128,True,True,False
book01_indoor,31,1050,32,True,32,32,True,True,False
book01_indoor,31,1050,64,True,64,64,True,True,False
book01_indoor,31,1050,128,True,128,128,True,True,False
book01_indoor,31,1100,32,True,32,32,True,True,False
book01_indoor,31,1100,64,True,64,64,True,True,False
book01_indoor,31,1100,128,True,128,128,True,True,False
book01_indoor,31,1150,32,True,32,32,True,True,False
book01_indoor,31,1150,64,True,64,64,True,True,False
book01_indoor,31,1150,128,True,128,128,True,True,False
book01_indoor,31,1200,32,True,32,32,True,True,False
book01_indoor,31,1200,64,True,64,64,True,True,False
book01_indoor,31,1200,128,True,128,128,True,True,False
book01_indoor,31,1250,32,True,32,32,True,True,False
book01_indoor,31,1250,64,True,64,64,True,True,False
book01_indoor,31,1250,128,True,128,125,True,True,False
book01_indoor,31,1300,32,True,32,31,True,True,False
book01_indoor,31,1300,64,True,64,61,True,True,False
book01_indoor,31,1300,128,True,128,125,True,True,False
book01_indoor,31,1350,32,True,32,32,True,True,False
book01_indoor,31,1350,64,True,64,64,True,True,False
book01_indoor,31,1350,128,True,110,110,True,True,False
book01_indoor,31,1400,32,True,32,32,True,True,False
book01_indoor,31,1400,64,True,60,60,True,True,False
book01_indoor,31,1400,128,True,60,60,True,True,False
book01_indoor,31,1450,32,True,10,10,True,True,False
book01_indoor,31,1450,64,True,10,10,True,True,False
book01_indoor,31,1450,128,True,10,10,True,True,False
bottle03_indoor,32,50,32,True,32,32,True,True,False
bottle03_indoor,32,50,64,True,64,64,True,True,False
bottle03_indoor,32,50,128,True,128,128,True,True,False
bottle03_indoor,32,100,32,True,32,32,True,True,False
bottle03_indoor,32,100,64,True,64,64,True,True,False
bottle03_indoor,32,100,128,True,128,128,True,True,False
bottle03_indoor,32,150,32,True,32,32,True,True,False
bottle03_indoor,32,150,64,True,64,64,True,True,False
bottle03_indoor,32,150,128,True,128,128,True,True,False
bottle03_indoor,32,200,32,True,32,32,True,True,False
bottle03_indoor,32,200,64,True,64,64,True,True,False
bottle03_indoor,32,200,128,True,128,128,True,True,False
bottle03_indoor,32,250,32,True,32,32,True,True,False
bottle03_indoor,32,250,64,True,64,64,True,True,False
bottle03_indoor,32,250,128,True,128,128,True,True,False
bottle03_indoor,32,300,32,True,32,32,True,True,False
bottle03_indoor,32,300,64,True,64,64,True,True,False
bottle03_indoor,32,300,128,True,128,128,True,True,False
bottle03_indoor,32,350,32,True,32,32,True,True,False
bottle03_indoor,32,350,64,True,64,64,True,True,False
bottle03_indoor,32,350,128,True,128,119,True,True,False
bottle03_indoor,32,400,32,True,32,32,True,True,False
bottle03_indoor,32,400,64,True,64,64,True,True,False
bottle03_indoor,32,400,128,True,128,111,True,True,False
bottle03_indoor,32,450,32,True,32,19,True,True,False
bottle03_indoor,32,450,64,True,64,47,True,True,False
bottle03_indoor,32,450,128,True,128,111,True,True,False
bottle03_indoor,32,500,32,True,32,32,True,True,False
bottle03_indoor,32,500,64,True,64,64,True,True,False
bottle03_indoor,32,500,128,True,128,128,True,True,False
bottle03_indoor,32,550,32,True,32,32,True,True,False
bottle03_indoor,32,550,64,True,64,64,True,True,False
bottle03_indoor,32,550,128,True,128,125,True,True,False
bottle03_indoor,32,600,32,True,32,32,True,True,False
bottle03_indoor,32,600,64,True,64,61,True,True,False
bottle03_indoor,32,600,128,True,128,125,True,True,False
bottle03_indoor,32,650,32,True,32,32,True,True,False
bottle03_indoor,32,650,64,True,64,64,True,True,False
bottle03_indoor,32,650,128,True,128,128,True,True,False
bottle03_indoor,32,700,32,True,32,32,True,True,False
bottle03_indoor,32,700,64,True,64,64,True,True,False
bottle03_indoor,32,700,128,True,128,128,True,True,False
bottle03_indoor,32,750,32,True,32,32,True,True,False
bottle03_indoor,32,750,64,True,64,64,True,True,False
bottle03_indoor,32,750,128,True,128,128,True,True,False
bottle03_indoor,32,800,32,True,32,32,True,True,False
bottle03_indoor,32,800,64,True,64,64,True,True,False
bottle03_indoor,32,800,128,True,128,128,True,True,False
bottle03_indoor,32,850,32,True,32,32,True,True,False
bottle03_indoor,32,850,64,True,64,64,True,True,False
bottle03_indoor,32,850,128,True,128,128,True,True,False
bottle03_indoor,32,900,32,True,32,32,True,True,False
bottle03_indoor,32,900,64,True,64,64,True,True,False
bottle03_indoor,32,900,128,True,128,128,True,True,False
bottle03_indoor,32,950,32,True,32,32,True,True,False
bottle03_indoor,32,950,64,True,64,64,True,True,False
bottle03_indoor,32,950,128,True,128,128,True,True,False
bottle03_indoor,32,1000,32,True,32,32,True,True,False
bottle03_indoor,32,1000,64,True,64,64,True,True,False
bottle03_indoor,32,1000,128,True,128,128,True,True,False
bottle03_indoor,32,1050,32,True,32,32,True,True,False
bottle03_indoor,32,1050,64,True,64,64,True,True,False
bottle03_indoor,32,1050,128,True,128,128,True,True,False
bottle03_indoor,32,1100,32,True,32,32,True,True,False
bottle03_indoor,32,1100,64,True,64,64,True,True,False
bottle03_indoor,32,1100,128,True,128,128,True,True,False
bottle03_indoor,32,1150,32,True,32,32,True,True,False
bottle03_indoor,32,1150,64,True,64,64,True,True,False
bottle03_indoor,32,1150,128,True,128,128,True,True,False
bottle03_indoor,32,1200,32,True,32,32,True,True,False
bottle03_indoor,32,1200,64,True,64,64,True,True,False
bottle03_indoor,32,1200,128,True,128,128,True,True,False
bottle03_indoor,32,1250,32,True,32,32,True,True,False
bottle03_indoor,32,1250,64,True,64,64,True,True,False
bottle03_indoor,32,1250,128,True,128,128,True,True,False
bottle03_indoor,32,1300,32,True,32,32,True,True,False
bottle03_indoor,32,1300,64,True,64,64,True,True,False
bottle03_indoor,32,1300,128,True,128,128,True,True,False
bottle03_indoor,32,1350,32,True,32,32,True,True,False
bottle03_indoor,32,1350,64,True,64,64,True,True,False
bottle03_indoor,32,1350,128,True,128,128,True,True,False
bottle03_indoor,32,1400,32,True,32,32,True,True,False
bottle03_indoor,32,1400,64,True,64,64,True,True,False
bottle03_indoor,32,1400,128,True,128,128,True,True,False
bottle03_indoor,32,1450,32,True,32,32,True,True,False
bottle03_indoor,32,1450,64,True,64,64,True,True,False
bottle03_indoor,32,1450,128,True,128,128,True,True,False
bottle03_indoor,32,1500,32,True,32,32,True,True,False
bottle03_indoor,32,1500,64,True,64,64,True,True,False
bottle03_indoor,32,1500,128,True,128,108,True,True,False
bottle03_indoor,32,1550,32,True,32,32,True,True,False
bottle03_indoor,32,1550,64,True,64,58,True,True,False
bottle03_indoor,32,1550,128,True,128,58,True,True,False
bottle03_indoor,32,1600,32,True,32,8,True,True,False
bottle03_indoor,32,1600,64,True,64,8,True,True,False
bottle03_indoor,32,1600,128,True,128,39,True,True,False
bottle03_indoor,32,1650,32,False,32,0,False,False,False
bottle03_indoor,32,1650,64,False,64,17,False,True,True
bottle03_indoor,32,1650,128,False,128,81,False,True,True
bottle03_indoor,32,1700,32,True,32,32,True,True,False
bottle03_indoor,32,1700,64,True,64,64,True,True,False
bottle03_indoor,32,1700,128,True,128,109,True,True,False
bottle03_indoor,32,1750,32,True,32,32,True,True,False
bottle03_indoor,32,1750,64,True,64,59,True,True,False
bottle03_indoor,32,1750,128,True,128,63,True,True,False
bottle03_indoor,32,1800,32,True,32,9,True,True,False
bottle03_indoor,32,1800,64,True,64,9,True,True,False
bottle03_indoor,32,1800,128,True,128,63,True,True,False
bottle03_indoor,32,1850,32,False,32,8,False,True,True
bottle03_indoor,32,1850,64,False,64,40,False,True,True
bottle03_indoor,32,1850,128,False,128,104,False,True,True
bottle03_indoor,32,1900,32,True,32,32,True,True,False
bottle03_indoor,32,1900,64,True,64,64,True,True,False
bottle03_indoor,32,1900,128,True,128,128,True,True,False
bottle03_indoor,32,1950,32,True,32,32,True,True,False
bottle03_indoor,32,1950,64,True,64,64,True,True,False
bottle03_indoor,32,1950,128,True,128,128,True,True,False
bottle03_indoor,32,2000,32,True,32,32,True,True,False
bottle03_indoor,32,2000,64,True,64,64,True,True,False
bottle03_indoor,32,2000,128,True,128,122,True,True,False
bottle03_indoor,32,2050,32,True,32,32,True,True,False
bottle03_indoor,32,2050,64,True,64,58,True,True,False
bottle03_indoor,32,2050,128,True,128,122,True,True,False
bottle03_indoor,32,2100,32,True,32,32,True,True,False
bottle03_indoor,32,2100,64,True,64,64,True,True,False
bottle03_indoor,32,2100,128,True,128,128,True,True,False
bottle03_indoor,32,2150,32,True,32,32,True,True,False
bottle03_indoor,32,2150,64,True,64,64,True,True,False
bottle03_indoor,32,2150,128,True,128,124,True,True,False
bottle03_indoor,32,2200,32,True,32,32,True,True,False
bottle03_indoor,32,2200,64,True,64,62,True,True,False
bottle03_indoor,32,2200,128,True,128,124,True,True,False
bottle03_indoor,32,2250,32,True,32,30,True,True,False
bottle03_indoor,32,2250,64,True,64,62,True,True,False
bottle03_indoor,32,2250,128,True,128,126,True,True,False
bottle03_indoor,32,2300,32,True,32,32,True,True,False
bottle03_indoor,32,2300,64,True,64,64,True,True,False
bottle03_indoor,32,2300,128,True,128,128,True,True,False
bottle03_indoor,32,2350,32,True,32,32,True,True,False
bottle03_indoor,32,2350,64,True,64,64,True,True,False
bottle03_indoor,32,2350,128,True,128,128,True,True,False
bottle03_indoor,32,2400,32,True,32,32,True,True,False
bottle03_indoor,32,2400,64,True,64,64,True,True,False
bottle03_indoor,32,2400,128,True,128,128,True,True,False
bottle03_indoor,32,2450,32,True,32,32,True,True,False
bottle03_indoor,32,2450,64,True,64,64,True,True,False
bottle03_indoor,32,2450,128,True,128,128,True,True,False
bottle03_indoor,32,2500,32,True,32,32,True,True,False
bottle03_indoor,32,2500,64,True,64,64,True,True,False
bottle03_indoor,32,2500,128,True,128,128,True,True,False
bottle03_indoor,32,2550,32,True,32,32,True,True,False
bottle03_indoor,32,2550,64,True,64,64,True,True,False
bottle03_indoor,32,2550,128,True,128,128,True,True,False
bottle03_indoor,32,2600,32,True,32,32,True,True,False
bottle03_indoor,32,2600,64,True,64,64,True,True,False
bottle03_indoor,32,2600,128,True,128,128,True,True,False
bottle03_indoor,32,2650,32,True,32,32,True,True,False
bottle03_indoor,32,2650,64,True,64,64,True,True,False
bottle03_indoor,32,2650,128,True,128,128,True,True,False
bottle03_indoor,32,2700,32,True,32,32,True,True,False
bottle03_indoor,32,2700,64,True,64,64,True,True,False
bottle03_indoor,32,2700,128,True,128,128,True,True,False
bottle03_indoor,32,2750,32,True,32,32,True,True,False
bottle03_indoor,32,2750,64,True,64,64,True,True,False
bottle03_indoor,32,2750,128,True,128,128,True,True,False
bottle03_indoor,32,2800,32,True,32,32,True,True,False
bottle03_indoor,32,2800,64,True,64,64,True,True,False
bottle03_indoor,32,2800,128,True,128,128,True,True,False
bottle03_indoor,32,2850,32,True,32,32,True,True,False
bottle03_indoor,32,2850,64,True,64,64,True,True,False
bottle03_indoor,32,2850,128,True,128,128,True,True,False
bottle03_indoor,32,2900,32,True,32,32,True,True,False
bottle03_indoor,32,2900,64,True,64,64,True,True,False
bottle03_indoor,32,2900,128,True,128,128,True,True,False
bottle03_indoor,32,2950,32,True,32,32,True,True,False
bottle03_indoor,32,2950,64,True,64,64,True,True,False
bottle03_indoor,32,2950,128,True,128,128,True,True,False
bottle03_indoor,32,3000,32,True,32,32,True,True,False
bottle03_indoor,32,3000,64,True,64,64,True,True,False
bottle03_indoor,32,3000,128,True,128,128,True,True,False
bottle03_indoor,32,3050,32,True,32,32,True,True,False
bottle03_indoor,32,3050,64,True,64,64,True,True,False
bottle03_indoor,32,3050,128,True,128,128,True,True,False
bottle03_indoor,32,3100,32,True,32,32,True,True,False
bottle03_indoor,32,3100,64,True,64,64,True,True,False
bottle03_indoor,32,3100,128,True,85,85,True,True,False
bottle03_indoor,32,3150,32,True,32,32,True,True,False
bottle03_indoor,32,3150,64,True,35,35,True,True,False
bottle03_indoor,32,3150,128,True,35,35,True,True,False
glass04_indoor,33,50,32,True,32,32,True,True,False
glass04_indoor,33,50,64,True,64,64,True,True,False
glass04_indoor,33,50,128,True,128,128,True,True,False
glass04_indoor,33,100,32,True,32,32,True,True,False
glass04_indoor,33,100,64,True,64,64,True,True,False
glass04_indoor,33,100,128,True,128,114,True,True,False
glass04_indoor,33,150,32,True,32,32,True,True,False
glass04_indoor,33,150,64,True,64,64,True,True,False
glass04_indoor,33,150,128,True,128,84,True,True,False
glass04_indoor,33,200,32,True,32,14,True,True,False
glass04_indoor,33,200,64,True,64,20,True,True,False
glass04_indoor,33,200,128,True,128,84,True,True,False
glass04_indoor,33,250,32,False,32,24,False,True,True
glass04_indoor,33,250,64,False,64,56,False,True,True
glass04_indoor,33,250,128,False,128,120,False,True,True
glass04_indoor,33,300,32,True,32,32,True,True,False
glass04_indoor,33,300,64,True,64,64,True,True,False
glass04_indoor,33,300,128,True,128,128,True,True,False
glass04_indoor,33,350,32,True,32,32,True,True,False
glass04_indoor,33,350,64,True,64,64,True,True,False
glass04_indoor,33,350,128,True,128,128,True,True,False
glass04_indoor,33,400,32,True,32,32,True,True,False
glass04_indoor,33,400,64,True,64,64,True,True,False
glass04_indoor,33,400,128,True,128,128,True,True,False
glass04_indoor,33,450,32,True,32,32,True,True,False
glass04_indoor,33,450,64,True,64,64,True,True,False
glass04_indoor,33,450,128,True,128,128,True,True,False
glass04_indoor,33,500,32,True,32,32,True,True,False
glass04_indoor,33,500,64,True,64,64,True,True,False
glass04_indoor,33,500,128,True,128,128,True,True,False
glass04_indoor,33,550,32,True,32,32,True,True,False
glass04_indoor,33,550,64,True,64,64,True,True,False
glass04_indoor,33,550,128,True,128,128,True,True,False
glass04_indoor,33,600,32,True,32,32,True,True,False
glass04_indoor,33,600,64,True,64,64,True,True,False
glass04_indoor,33,600,128,True,128,128,True,True,False
glass04_indoor,33,650,32,True,32,32,True,True,False
glass04_indoor,33,650,64,True,64,64,True,True,False
glass04_indoor,33,650,128,True,128,128,True,True,False
glass04_indoor,33,700,32,True,32,32,True,True,False
glass04_indoor,33,700,64,True,64,64,True,True,False
glass04_indoor,33,700,128,True,128,128,True,True,False
glass04_indoor,33,750,32,True,32,32,True,True,False
glass04_indoor,33,750,64,True,64,64,True,True,False
glass04_indoor,33,750,128,True,128,128,True,True,False
glass04_indoor,33,800,32,True,32,32,True,True,False
glass04_indoor,33,800,64,True,64,64,True,True,False
glass04_indoor,33,800,128,True,128,128,True,True,False
glass04_indoor,33,850,32,True,32,32,True,True,False
glass04_indoor,33,850,64,True,64,64,True,True,False
glass04_indoor,33,850,128,True,128,128,True,True,False
glass04_indoor,33,900,32,True,32,32,True,True,False
glass04_indoor,33,900,64,True,64,64,True,True,False
glass04_indoor,33,900,128,True,104,104,True,True,False
glass04_indoor,33,950,32,True,32,32,True,True,False
glass04_indoor,33,950,64,True,54,54,True,True,False
glass04_indoor,33,950,128,True,54,54,True,True,False
glass04_indoor,33,1000,32,True,4,4,True,True,False
glass04_indoor,33,1000,64,True,4,4,True,True,False
glass04_indoor,33,1000,128,True,4,4,True,True,False
colacan02_indoor,34,50,32,True,32,32,True,True,False
colacan02_indoor,34,50,64,True,64,64,True,True,False
colacan02_indoor,34,50,128,True,128,125,True,True,False
colacan02_indoor,34,100,32,True,32,32,True,True,False
colacan02_indoor,34,100,64,True,64,64,True,True,False
colacan02_indoor,34,100,128,True,128,75,True,True,False
colacan02_indoor,34,150,32,True,32,25,True,True,False
colacan02_indoor,34,150,64,True,64,25,True,True,False
colacan02_indoor,34,150,128,True,128,37,True,True,False
colacan02_indoor,34,200,32,False,32,0,False,False,False
colacan02_indoor,34,200,64,False,64,12,False,True,True
colacan02_indoor,34,200,128,False,128,36,False,True,True
colacan02_indoor,34,250,32,True,32,1,True,True,False
colacan02_indoor,34,250,64,True,64,11,True,True,False
colacan02_indoor,34,250,128,True,128,75,True,True,False
colacan02_indoor,34,300,32,False,32,28,False,True,True
colacan02_indoor,34,300,64,False,64,60,False,True,True
colacan02_indoor,34,300,128,False,128,124,False,True,True
colacan02_indoor,34,350,32,True,32,32,True,True,False
colacan02_indoor,34,350,64,True,64,64,True,True,False
colacan02_indoor,34,350,128,True,128,128,True,True,False
colacan02_indoor,34,400,32,True,32,32,True,True,False
colacan02_indoor,34,400,64,True,64,64,True,True,False
colacan02_indoor,34,400,128,True,128,128,True,True,False
colacan02_indoor,34,450,32,True,32,32,True,True,False
colacan02_indoor,34,450,64,True,64,64,True,True,False
colacan02_indoor,34,450,128,True,128,128,True,True,False
colacan02_indoor,34,500,32,True,32,32,True,True,False
colacan02_indoor,34,500,64,True,64,64,True,True,False
colacan02_indoor,34,500,128,True,128,128,True,True,False
colacan02_indoor,34,550,32,True,32,32,True,True,False
colacan02_indoor,34,550,64,True,64,64,True,True,False
colacan02_indoor,34,550,128,True,128,128,True,True,False
colacan02_indoor,34,600,32,True,32,32,True,True,False
colacan02_indoor,34,600,64,True,64,64,True,True,False
colacan02_indoor,34,600,128,True,128,128,True,True,False
colacan02_indoor,34,650,32,True,32,32,True,True,False
colacan02_indoor,34,650,64,True,64,64,True,True,False
colacan02_indoor,34,650,128,True,128,128,True,True,False
colacan02_indoor,34,700,32,True,32,32,True,True,False
colacan02_indoor,34,700,64,True,64,64,True,True,False
colacan02_indoor,34,700,128,True,128,128,True,True,False
colacan02_indoor,34,750,32,True,32,32,True,True,False
colacan02_indoor,34,750,64,True,64,64,True,True,False
colacan02_indoor,34,750,128,True,128,128,True,True,False
colacan02_indoor,34,800,32,True,32,32,True,True,False
colacan02_indoor,34,800,64,True,64,64,True,True,False
colacan02_indoor,34,800,128,True,128,128,True,True,False
colacan02_indoor,34,850,32,True,32,32,True,True,False
colacan02_indoor,34,850,64,True,64,64,True,True,False
colacan02_indoor,34,850,128,True,128,109,True,True,False
colacan02_indoor,34,900,32,True,32,32,True,True,False
colacan02_indoor,34,900,64,True,64,59,True,True,False
colacan02_indoor,34,900,128,True,128,109,True,True,False
colacan02_indoor,34,950,32,True,32,13,True,True,False
colacan02_indoor,34,950,64,True,64,45,True,True,False
colacan02_indoor,34,950,128,True,128,109,True,True,False
colacan02_indoor,34,1000,32,True,32,32,True,True,False
colacan02_indoor,34,1000,64,True,64,64,True,True,False
colacan02_indoor,34,1000,128,True,128,102,True,True,False
colacan02_indoor,34,1050,32,True,32,29,True,True,False
colacan02_indoor,34,1050,64,True,64,44,True,True,False
colacan02_indoor,34,1050,128,True,128,102,True,True,False
colacan02_indoor,34,1100,32,True,32,12,True,True,False
colacan02_indoor,34,1100,64,True,64,44,True,True,False
colacan02_indoor,34,1100,128,True,128,108,True,True,False
colacan02_indoor,34,1150,32,True,32,32,True,True,False
colacan02_indoor,34,1150,64,True,64,64,True,True,False
colacan02_indoor,34,1150,128,True,128,121,True,True,False
colacan02_indoor,34,1200,32,True,32,32,True,True,False
colacan02_indoor,34,1200,64,True,64,64,True,True,False
colacan02_indoor,34,1200,128,True,128,103,True,True,False
colacan02_indoor,34,1250,32,True,32,21,True,True,False
colacan02_indoor,34,1250,64,True,64,39,True,True,False
colacan02_indoor,34,1250,128,True,128,95,True,True,False
colacan02_indoor,34,1300,32,True,32,28,True,True,False
colacan02_indoor,34,1300,64,True,64,60,True,True,False
colacan02_indoor,34,1300,128,True,128,66,True,True,False
colacan02_indoor,34,1350,32,True,32,20,True,True,False
colacan02_indoor,34,1350,64,True,64,20,True,True,False
colacan02_indoor,34,1350,128,True,128,61,True,True,False
colacan02_indoor,34,1400,32,False,32,0,False,False,False
colacan02_indoor,34,1400,64,False,64,27,False,True,True
colacan02_indoor,34,1400,128,False,128,91,False,True,True
colacan02_indoor,34,1450,32,True,32,32,True,True,False
colacan02_indoor,34,1450,64,True,64,64,True,True,False
colacan02_indoor,34,1450,128,True,128,128,True,True,False
colacan02_indoor,34,1500,32,True,32,32,True,True,False
colacan02_indoor,34,1500,64,True,64,64,True,True,False
colacan02_indoor,34,1500,128,True,128,106,True,True,False
colacan02_indoor,34,1550,32,True,32,32,True,True,False
colacan02_indoor,34,1550,64,True,64,46,True,True,False
colacan02_indoor,34,1550,128,True,128,106,True,True,False
colacan02_indoor,34,1600,32,True,32,17,True,True,False
colacan02_indoor,34,1600,64,True,64,49,True,True,False
colacan02_indoor,34,1600,128,True,128,113,True,True,False
colacan02_indoor,34,1650,32,True,32,32,True,True,False
colacan02_indoor,34,1650,64,True,64,64,True,True,False
colacan02_indoor,34,1650,128,True,128,128,True,True,False
colacan02_indoor,34,1700,32,True,32,32,True,True,False
colacan02_indoor,34,1700,64,True,64,64,True,True,False
colacan02_indoor,34,1700,128,True,128,128,True,True,False
colacan02_indoor,34,1750,32,True,32,32,True,True,False
colacan02_indoor,34,1750,64,True,64,64,True,True,False
colacan02_indoor,34,1750,128,True,128,128,True,True,False
colacan02_indoor,34,1800,32,True,32,32,True,True,False
colacan02_indoor,34,1800,64,True,64,64,True,True,False
colacan02_indoor,34,1800,128,True,128,128,True,True,False
colacan02_indoor,34,1850,32,True,32,32,True,True,False
colacan02_indoor,34,1850,64,True,64,64,True,True,False
colacan02_indoor,34,1850,128,True,128,128,True,True,False
colacan02_indoor,34,1900,32,True,32,32,True,True,False
colacan02_indoor,34,1900,64,True,64,64,True,True,False
colacan02_indoor,34,1900,128,True,128,128,True,True,False
colacan02_indoor,34,1950,32,True,32,32,True,True,False
colacan02_indoor,34,1950,64,True,64,64,True,True,False
colacan02_indoor,34,1950,128,True,128,128,True,True,False
colacan02_indoor,34,2000,32,True,32,32,True,True,False
colacan02_indoor,34,2000,64,True,64,64,True,True,False
colacan02_indoor,34,2000,128,True,128,128,True,True,False
colacan02_indoor,34,2050,32,True,32,32,True,True,False
colacan02_indoor,34,2050,64,True,64,64,True,True,False
colacan02_indoor,34,2050,128,True,128,128,True,True,False
colacan02_indoor,34,2100,32,True,32,32,True,True,False
colacan02_indoor,34,2100,64,True,64,64,True,True,False
colacan02_indoor,34,2100,128,True,128,110,True,True,False
colacan02_indoor,34,2150,32,True,32,32,True,True,False
colacan02_indoor,34,2150,64,True,64,50,True,True,False
colacan02_indoor,34,2150,128,True,128,110,True,True,False
colacan02_indoor,34,2200,32,False,32,20,False,True,True
colacan02_indoor,34,2200,64,False,64,52,False,True,True
colacan02_indoor,34,2200,128,False,128,116,False,True,True
colacan02_indoor,34,2250,32,True,32,32,True,True,False
colacan02_indoor,34,2250,64,True,64,64,True,True,False
colacan02_indoor,34,2250,128,True,128,128,True,True,False
colacan02_indoor,34,2300,32,True,32,32,True,True,False
colacan02_indoor,34,2300,64,True,64,64,True,True,False
colacan02_indoor,34,2300,128,True,128,125,True,True,False
colacan02_indoor,34,2350,32,True,32,32,True,True,False
colacan02_indoor,34,2350,64,True,64,64,True,True,False
colacan02_indoor,34,2350,128,True,128,89,True,True,False
colacan02_indoor,34,2400,32,True,32,25,True,True,False
colacan02_indoor,34,2400,64,True,64,25,True,True,False
colacan02_indoor,34,2400,128,True,128,89,True,True,False
colacan02_indoor,34,2450,32,False,32,18,False,True,True
colacan02_indoor,34,2450,64,False,64,50,False,True,True
colacan02_indoor,34,2450,128,False,128,114,False,True,True
colacan02_indoor,34,2500,32,True,32,32,True,True,False
colacan02_indoor,34,2500,64,True,64,64,True,True,False
colacan02_indoor,34,2500,128,True,128,128,True,True,False
colacan02_indoor,34,2550,32,True,32,32,True,True,False
colacan02_indoor,34,2550,64,True,64,64,True,True,False
colacan02_indoor,34,2550,128,True,128,106,True,True,False
colacan02_indoor,34,2600,32,True,32,32,True,True,False
colacan02_indoor,34,2600,64,True,64,52,True,True,False
colacan02_indoor,34,2600,128,True,128,106,True,True,False
colacan02_indoor,34,2650,32,True,32,10,True,True,False
colacan02_indoor,34,2650,64,True,64,42,True,True,False
colacan02_indoor,34,2650,128,True,128,106,True,True,False
colacan02_indoor,34,2700,32,True,32,32,True,True,False
colacan02_indoor,34,2700,64,True,64,64,True,True,False
colacan02_indoor,34,2700,128,True,128,128,True,True,False
colacan02_indoor,34,2750,32,True,32,32,True,True,False
colacan02_indoor,34,2750,64,True,64,64,True,True,False
colacan02_indoor,34,2750,128,True,128,128,True,True,False
colacan02_indoor,34,2800,32,True,32,32,True,True,False
colacan02_indoor,34,2800,64,True,64,64,True,True,False
colacan02_indoor,34,2800,128,True,128,128,True,True,False
colacan02_indoor,34,2850,32,True,32,32,True,True,False
colacan02_indoor,34,2850,64,True,64,64,True,True,False
colacan02_indoor,34,2850,128,True,128,128,True,True,False
colacan02_indoor,34,2900,32,True,32,32,True,True,False
colacan02_indoor,34,2900,64,True,64,64,True,True,False
colacan02_indoor,34,2900,128,True,128,119,True,True,False
colacan02_indoor,34,2950,32,True,32,32,True,True,False
colacan02_indoor,34,2950,64,True,64,55,True,True,False
colacan02_indoor,34,2950,128,True,128,119,True,True,False
colacan02_indoor,34,3000,32,False,32,26,False,True,True
colacan02_indoor,34,3000,64,False,64,58,False,True,True
colacan02_indoor,34,3000,128,False,128,122,False,True,True
colacan02_indoor,34,3050,32,True,32,32,True,True,False
colacan02_indoor,34,3050,64,True,64,64,True,True,False
colacan02_indoor,34,3050,128,True,128,128,True,True,False
colacan02_indoor,34,3100,32,True,32,32,True,True,False
colacan02_indoor,34,3100,64,True,64,64,True,True,False
colacan02_indoor,34,3100,128,True,128,128,True,True,False
colacan02_indoor,34,3150,32,True,32,32,True,True,False
colacan02_indoor,34,3150,64,True,64,64,True,True,False
colacan02_indoor,34,3150,128,True,128,128,True,True,False
colacan02_indoor,34,3200,32,True,32,32,True,True,False
colacan02_indoor,34,3200,64,True,64,64,True,True,False
colacan02_indoor,34,3200,128,True,128,128,True,True,False
colacan02_indoor,34,3250,32,True,32,32,True,True,False
colacan02_indoor,34,3250,64,True,64,64,True,True,False
colacan02_indoor,34,3250,128,True,128,128,True,True,False
colacan02_indoor,34,3300,32,True,32,32,True,True,False
colacan02_indoor,34,3300,64,True,64,64,True,True,False
colacan02_indoor,34,3300,128,True,128,128,True,True,False
colacan02_indoor,34,3350,32,True,32,32,True,True,False
colacan02_indoor,34,3350,64,True,64,64,True,True,False
colacan02_indoor,34,3350,128,True,128,128,True,True,False
colacan02_indoor,34,3400,32,True,32,32,True,True,False
colacan02_indoor,34,3400,64,True,64,64,True,True,False
colacan02_indoor,34,3400,128,True,128,128,True,True,False
colacan02_indoor,34,3450,32,True,32,32,True,True,False
colacan02_indoor,34,3450,64,True,64,64,True,True,False
colacan02_indoor,34,3450,128,True,128,108,True,True,False
colacan02_indoor,34,3500,32,True,32,32,True,True,False
colacan02_indoor,34,3500,64,True,64,58,True,True,False
colacan02_indoor,34,3500,128,True,128,58,True,True,False
colacan02_indoor,34,3550,32,True,32,8,True,True,False
colacan02_indoor,34,3550,64,True,64,8,True,True,False
colacan02_indoor,34,3550,128,True,128,58,True,True,False
colacan02_indoor,34,3600,32,False,32,4,False,True,True
colacan02_indoor,34,3600,64,False,64,36,False,True,True
colacan02_indoor,34,3600,128,False,128,100,False,True,True
colacan02_indoor,34,3650,32,True,32,32,True,True,False
colacan02_indoor,34,3650,64,True,64,64,True,True,False
colacan02_indoor,34,3650,128,True,128,128,True,True,False
colacan02_indoor,34,3700,32,True,32,32,True,True,False
colacan02_indoor,34,3700,64,True,64,64,True,True,False
colacan02_indoor,34,3700,128,True,128,128,True,True,False
colacan02_indoor,34,3750,32,True,32,32,True,True,False
colacan02_indoor,34,3750,64,True,64,64,True,True,False
colacan02_indoor,34,3750,128,True,128,128,True,True,False
colacan02_indoor,34,3800,32,True,32,32,True,True,False
colacan02_indoor,34,3800,64,True,64,64,True,True,False
colacan02_indoor,34,3800,128,True,128,128,True,True,False
colacan02_indoor,34,3850,32,True,32,32,True,True,False
colacan02_indoor,34,3850,64,True,64,64,True,True,False
colacan02_indoor,34,3850,128,True,128,128,True,True,False
colacan02_indoor,34,3900,32,True,32,32,True,True,False
colacan02_indoor,34,3900,64,True,64,64,True,True,False
colacan02_indoor,34,3900,128,True,128,128,True,True,False
colacan02_indoor,34,3950,32,True,32,32,True,True,False
colacan02_indoor,34,3950,64,True,64,64,True,True,False
colacan02_indoor,34,3950,128,True,85,85,True,True,False
colacan02_indoor,34,4000,32,True,32,32,True,True,False
colacan02_indoor,34,4000,64,True,35,35,True,True,False
colacan02_indoor,34,4000,128,True,35,35,True,True,False
candlecup_indoor,35,50,32,True,32,32,True,True,False
candlecup_indoor,35,50,64,True,64,64,True,True,False
candlecup_indoor,35,50,128,True,128,128,True,True,False
candlecup_indoor,35,100,32,True,32,32,True,True,False
candlecup_indoor,35,100,64,True,64,64,True,True,False
candlecup_indoor,35,100,128,True,128,128,True,True,False
candlecup_indoor,35,150,32,True,32,32,True,True,False
candlecup_indoor,35,150,64,True,64,64,True,True,False
candlecup_indoor,35,150,128,True,128,128,True,True,False
candlecup_indoor,35,200,32,True,32,32,True,True,False
candlecup_indoor,35,200,64,True,64,64,True,True,False
candlecup_indoor,35,200,128,True,128,128,True,True,False
candlecup_indoor,35,250,32,True,32,32,True,True,False
candlecup_indoor,35,250,64,True,64,64,True,True,False
candlecup_indoor,35,250,128,True,128,128,True,True,False
candlecup_indoor,35,300,32,True,32,32,True,True,False
candlecup_indoor,35,300,64,True,64,64,True,True,False
candlecup_indoor,35,300,128,True,128,128,True,True,False
candlecup_indoor,35,350,32,True,32,32,True,True,False
candlecup_indoor,35,350,64,True,64,64,True,True,False
candlecup_indoor,35,350,128,True,128,128,True,True,False
candlecup_indoor,35,400,32,True,32,32,True,True,False
candlecup_indoor,35,400,64,True,64,64,True,True,False
candlecup_indoor,35,400,128,True,128,128,True,True,False
candlecup_indoor,35,450,32,True,32,32,True,True,False
candlecup_indoor,35,450,64,True,64,64,True,True,False
candlecup_indoor,35,450,128,True,128,128,True,True,False
candlecup_indoor,35,500,32,True,32,32,True,True,False
candlecup_indoor,35,500,64,True,64,64,True,True,False
candlecup_indoor,35,500,128,True,128,128,True,True,False
candlecup_indoor,35,550,32,True,32,32,True,True,False
candlecup_indoor,35,550,64,True,64,64,True,True,False
candlecup_indoor,35,550,128,True,128,128,True,True,False
candlecup_indoor,35,600,32,True,32,32,True,True,False
candlecup_indoor,35,600,64,True,64,64,True,True,False
candlecup_indoor,35,600,128,True,100,100,True,True,False
candlecup_indoor,35,650,32,True,32,32,True,True,False
candlecup_indoor,35,650,64,True,50,50,True,True,False
candlecup_indoor,35,650,128,True,50,50,True,True,False
candlecup_indoor,35,700,32,True,0,0,False,False,False
candlecup_indoor,35,700,64,True,0,0,False,False,False
candlecup_indoor,35,700,128,True,0,0,False,False,False
ball08_wild,36,50,32,True,32,32,True,True,False
ball08_wild,36,50,64,True,64,64,True,True,False
ball08_wild,36,50,128,True,128,128,True,True,False
ball08_wild,36,100,32,True,32,32,True,True,False
ball08_wild,36,100,64,True,64,64,True,True,False
ball08_wild,36,100,128,True,128,123,True,True,False
ball08_wild,36,150,32,True,32,32,True,True,False
ball08_wild,36,150,64,True,64,61,True,True,False
ball08_wild,36,150,128,True,128,123,True,True,False
ball08_wild,36,200,32,True,32,27,True,True,False
ball08_wild,36,200,64,True,64,59,True,True,False
ball08_wild,36,200,128,True,128,123,True,True,False
ball08_wild,36,250,32,True,32,32,True,True,False
ball08_wild,36,250,64,True,64,64,True,True,False
ball08_wild,36,250,128,True,128,128,True,True,False
ball08_wild,36,300,32,True,32,32,True,True,False
ball08_wild,36,300,64,True,64,64,True,True,False
ball08_wild,36,300,128,True,128,128,True,True,False
ball08_wild,36,350,32,True,32,32,True,True,False
ball08_wild,36,350,64,True,64,64,True,True,False
ball08_wild,36,350,128,True,128,128,True,True,False
ball08_wild,36,400,32,True,32,32,True,True,False
ball08_wild,36,400,64,True,64,64,True,True,False
ball08_wild,36,400,128,True,128,128,True,True,False
ball08_wild,36,450,32,True,32,32,True,True,False
ball08_wild,36,450,64,True,64,64,True,True,False
ball08_wild,36,450,128,True,128,124,True,True,False
ball08_wild,36,500,32,True,32,32,True,True,False
ball08_wild,36,500,64,True,64,64,True,True,False
ball08_wild,36,500,128,True,128,124,True,True,False
ball08_wild,36,550,32,True,32,28,True,True,False
ball08_wild,36,550,64,True,64,60,True,True,False
ball08_wild,36,550,128,True,128,119,True,True,False
ball08_wild,36,600,32,True,32,32,True,True,False
ball08_wild,36,600,64,True,64,59,True,True,False
ball08_wild,36,600,128,True,128,123,True,True,False
ball08_wild,36,650,32,False,32,28,False,True,True
ball08_wild,36,650,64,False,64,60,False,True,True
ball08_wild,36,650,128,False,128,121,False,True,True
ball08_wild,36,700,32,True,32,32,True,True,False
ball08_wild,36,700,64,True,64,61,True,True,False
ball08_wild,36,700,128,True,128,125,True,True,False
ball08_wild,36,750,32,True,32,29,True,True,False
ball08_wild,36,750,64,True,64,61,True,True,False
ball08_wild,36,750,128,True,128,125,True,True,False
ball08_wild,36,800,32,True,32,32,True,True,False
ball08_wild,36,800,64,True,64,64,True,True,False
ball08_wild,36,800,128,True,128,128,True,True,False
ball08_wild,36,850,32,True,32,32,True,True,False
ball08_wild,36,850,64,True,64,64,True,True,False
ball08_wild,36,850,128,True,128,128,True,True,False
ball08_wild,36,900,32,True,32,32,True,True,False
ball08_wild,36,900,64,True,64,64,True,True,False
ball08_wild,36,900,128,True,128,128,True,True,False
ball08_wild,36,950,32,True,32,32,True,True,False
ball08_wild,36,950,64,True,64,64,True,True,False
ball08_wild,36,950,128,True,128,128,True,True,False
ball08_wild,36,1000,32,True,32,32,True,True,False
ball08_wild,36,1000,64,True,64,64,True,True,False
ball08_wild,36,1000,128,True,128,125,True,True,False
ball08_wild,36,1050,32,True,32,32,True,True,False
ball08_wild,36,1050,64,True,64,64,True,True,False
ball08_wild,36,1050,128,True,128,117,True,True,False
ball08_wild,36,1100,32,True,32,29,True,True,False
ball08_wild,36,1100,64,True,64,56,True,True,False
ball08_wild,36,1100,128,True,128,106,True,True,False
ball08_wild,36,1150,32,True,32,26,True,True,False
ball08_wild,36,1150,64,True,64,52,True,True,False
ball08_wild,36,1150,128,True,128,113,True,True,False
ball08_wild,36,1200,32,True,32,25,True,True,False
ball08_wild,36,1200,64,True,64,57,True,True,False
ball08_wild,36,1200,128,True,128,121,True,True,False
ball08_wild,36,1250,32,True,32,32,True,True,False
ball08_wild,36,1250,64,True,64,64,True,True,False
ball08_wild,36,1250,128,True,128,128,True,True,False
ball08_wild,36,1300,32,True,32,32,True,True,False
ball08_wild,36,1300,64,True,64,64,True,True,False
ball08_wild,36,1300,128,True,128,128,True,True,False
ball08_wild,36,1350,32,True,32,32,True,True,False
ball08_wild,36,1350,64,True,64,64,True,True,False
ball08_wild,36,1350,128,True,128,128,True,True,False
ball08_wild,36,1400,32,True,32,32,True,True,False
ball08_wild,36,1400,64,True,64,64,True,True,False
ball08_wild,36,1400,128,True,128,123,True,True,False
ball08_wild,36,1450,32,True,32,32,True,True,False
ball08_wild,36,1450,64,True,64,59,True,True,False
ball08_wild,36,1450,128,True,128,123,True,True,False
ball08_wild,36,1500,32,True,32,32,True,True,False
ball08_wild,36,1500,64,True,64,64,True,True,False
ball08_wild,36,1500,128,True,128,127,True,True,False
ball08_wild,36,1550,32,True,32,32,True,True,False
ball08_wild,36,1550,64,True,64,63,True,True,False
ball08_wild,36,1550,128,True,128,127,True,True,False
ball08_wild,36,1600,32,True,32,32,True,True,False
ball08_wild,36,1600,64,True,64,64,True,True,False
ball08_wild,36,1600,128,True,128,128,True,True,False
ball08_wild,36,1650,32,True,32,32,True,True,False
ball08_wild,36,1650,64,True,64,64,True,True,False
ball08_wild,36,1650,128,True,100,100,True,True,False
ball08_wild,36,1700,32,True,32,32,True,True,False
ball08_wild,36,1700,64,True,50,50,True,True,False
ball08_wild,36,1700,128,True,50,50,True,True,False
ball08_wild,36,1750,32,True,0,0,False,False,False
ball08_wild,36,1750,64,True,0,0,False,False,False
ball08_wild,36,1750,128,True,0,0,False,False,False
milkbottle_indoor,37,50,32,True,32,32,True,True,False
milkbottle_indoor,37,50,64,True,64,64,True,True,False
milkbottle_indoor,37,50,128,True,128,128,True,True,False
milkbottle_indoor,37,100,32,True,32,32,True,True,False
milkbottle_indoor,37,100,64,True,64,64,True,True,False
milkbottle_indoor,37,100,128,True,128,128,True,True,False
milkbottle_indoor,37,150,32,True,32,32,True,True,False
milkbottle_indoor,37,150,64,True,64,64,True,True,False
milkbottle_indoor,37,150,128,True,128,128,True,True,False
milkbottle_indoor,37,200,32,True,32,32,True,True,False
milkbottle_indoor,37,200,64,True,64,64,True,True,False
milkbottle_indoor,37,200,128,True,128,128,True,True,False
milkbottle_indoor,37,250,32,True,32,32,True,True,False
milkbottle_indoor,37,250,64,True,64,64,True,True,False
milkbottle_indoor,37,250,128,True,128,128,True,True,False
milkbottle_indoor,37,300,32,True,32,32,True,True,False
milkbottle_indoor,37,300,64,True,64,64,True,True,False
milkbottle_indoor,37,300,128,True,128,128,True,True,False
milkbottle_indoor,37,350,32,True,32,32,True,True,False
milkbottle_indoor,37,350,64,True,64,64,True,True,False
milkbottle_indoor,37,350,128,True,128,128,True,True,False
milkbottle_indoor,37,400,32,True,32,32,True,True,False
milkbottle_indoor,37,400,64,True,64,64,True,True,False
milkbottle_indoor,37,400,128,True,128,128,True,True,False
milkbottle_indoor,37,450,32,True,32,32,True,True,False
milkbottle_indoor,37,450,64,True,64,64,True,True,False
milkbottle_indoor,37,450,128,True,128,128,True,True,False
milkbottle_indoor,37,500,32,True,32,32,True,True,False
milkbottle_indoor,37,500,64,True,64,64,True,True,False
milkbottle_indoor,37,500,128,True,128,128,True,True,False
milkbottle_indoor,37,550,32,True,32,32,True,True,False
milkbottle_indoor,37,550,64,True,64,64,True,True,False
milkbottle_indoor,37,550,128,True,128,128,True,True,False
milkbottle_indoor,37,600,32,True,32,32,True,True,False
milkbottle_indoor,37,600,64,True,64,64,True,True,False
milkbottle_indoor,37,600,128,True,128,128,True,True,False
milkbottle_indoor,37,650,32,True,32,32,True,True,False
milkbottle_indoor,37,650,64,True,64,64,True,True,False
milkbottle_indoor,37,650,128,True,128,128,True,True,False
milkbottle_indoor,37,700,32,True,32,32,True,True,False
milkbottle_indoor,37,700,64,True,64,64,True,True,False
milkbottle_indoor,37,700,128,True,128,128,True,True,False
milkbottle_indoor,37,750,32,True,32,32,True,True,False
milkbottle_indoor,37,750,64,True,64,64,True,True,False
milkbottle_indoor,37,750,128,True,128,128,True,True,False
milkbottle_indoor,37,800,32,True,32,32,True,True,False
milkbottle_indoor,37,800,64,True,64,64,True,True,False
milkbottle_indoor,37,800,128,True,128,128,True,True,False
milkbottle_indoor,37,850,32,True,32,32,True,True,False
milkbottle_indoor,37,850,64,True,64,64,True,True,False
milkbottle_indoor,37,850,128,True,128,128,True,True,False
milkbottle_indoor,37,900,32,True,32,32,True,True,False
milkbottle_indoor,37,900,64,True,64,64,True,True,False
milkbottle_indoor,37,900,128,True,128,128,True,True,False
milkbottle_indoor,37,950,32,True,32,32,True,True,False
milkbottle_indoor,37,950,64,True,64,64,True,True,False
milkbottle_indoor,37,950,128,True,128,128,True,True,False
milkbottle_indoor,37,1000,32,True,32,32,True,True,False
milkbottle_indoor,37,1000,64,True,64,64,True,True,False
milkbottle_indoor,37,1000,128,True,128,128,True,True,False
milkbottle_indoor,37,1050,32,True,32,32,True,True,False
milkbottle_indoor,37,1050,64,True,64,64,True,True,False
milkbottle_indoor,37,1050,128,True,128,128,True,True,False
milkbottle_indoor,37,1100,32,True,32,32,True,True,False
milkbottle_indoor,37,1100,64,True,64,64,True,True,False
milkbottle_indoor,37,1100,128,True,128,128,True,True,False
milkbottle_indoor,37,1150,32,True,32,32,True,True,False
milkbottle_indoor,37,1150,64,True,64,64,True,True,False
milkbottle_indoor,37,1150,128,True,128,128,True,True,False
milkbottle_indoor,37,1200,32,True,32,32,True,True,False
milkbottle_indoor,37,1200,64,True,64,64,True,True,False
milkbottle_indoor,37,1200,128,True,128,128,True,True,False
milkbottle_indoor,37,1250,32,True,32,32,True,True,False
milkbottle_indoor,37,1250,64,True,64,64,True,True,False
milkbottle_indoor,37,1250,128,True,128,128,True,True,False
milkbottle_indoor,37,1300,32,True,32,32,True,True,False
milkbottle_indoor,37,1300,64,True,64,64,True,True,False
milkbottle_indoor,37,1300,128,True,128,128,True,True,False
milkbottle_indoor,37,1350,32,True,32,32,True,True,False
milkbottle_indoor,37,1350,64,True,64,64,True,True,False
milkbottle_indoor,37,1350,128,True,128,128,True,True,False
milkbottle_indoor,37,1400,32,True,32,32,True,True,False
milkbottle_indoor,37,1400,64,True,64,64,True,True,False
milkbottle_indoor,37,1400,128,True,128,128,True,True,False
milkbottle_indoor,37,1450,32,True,32,32,True,True,False
milkbottle_indoor,37,1450,64,True,64,64,True,True,False
milkbottle_indoor,37,1450,128,True,128,128,True,True,False
milkbottle_indoor,37,1500,32,True,32,32,True,True,False
milkbottle_indoor,37,1500,64,True,64,64,True,True,False
milkbottle_indoor,37,1500,128,True,128,128,True,True,False
milkbottle_indoor,37,1550,32,True,32,32,True,True,False
milkbottle_indoor,37,1550,64,True,64,64,True,True,False
milkbottle_indoor,37,1550,128,True,128,128,True,True,False
milkbottle_indoor,37,1600,32,True,32,32,True,True,False
milkbottle_indoor,37,1600,64,True,64,64,True,True,False
milkbottle_indoor,37,1600,128,True,128,128,True,True,False
milkbottle_indoor,37,1650,32,True,32,32,True,True,False
milkbottle_indoor,37,1650,64,True,64,64,True,True,False
milkbottle_indoor,37,1650,128,True,128,128,True,True,False
milkbottle_indoor,37,1700,32,True,32,32,True,True,False
milkbottle_indoor,37,1700,64,True,64,64,True,True,False
milkbottle_indoor,37,1700,128,True,128,128,True,True,False
milkbottle_indoor,37,1750,32,True,32,32,True,True,False
milkbottle_indoor,37,1750,64,True,64,64,True,True,False
milkbottle_indoor,37,1750,128,True,128,128,True,True,False
milkbottle_indoor,37,1800,32,True,32,32,True,True,False
milkbottle_indoor,37,1800,64,True,64,64,True,True,False
milkbottle_indoor,37,1800,128,True,128,128,True,True,False
milkbottle_indoor,37,1850,32,True,32,32,True,True,False
milkbottle_indoor,37,1850,64,True,64,64,True,True,False
milkbottle_indoor,37,1850,128,True,128,121,True,True,False
milkbottle_indoor,37,1900,32,True,32,32,True,True,False
milkbottle_indoor,37,1900,64,True,64,57,True,True,False
milkbottle_indoor,37,1900,128,True,128,121,True,True,False
milkbottle_indoor,37,1950,32,True,32,25,True,True,False
milkbottle_indoor,37,1950,64,True,64,57,True,True,False
milkbottle_indoor,37,1950,128,True,128,121,True,True,False
milkbottle_indoor,37,2000,32,True,32,32,True,True,False
milkbottle_indoor,37,2000,64,True,64,64,True,True,False
milkbottle_indoor,37,2000,128,True,128,128,True,True,False
milkbottle_indoor,37,2050,32,True,32,32,True,True,False
milkbottle_indoor,37,2050,64,True,64,64,True,True,False
milkbottle_indoor,37,2050,128,True,128,128,True,True,False
milkbottle_indoor,37,2100,32,True,32,32,True,True,False
milkbottle_indoor,37,2100,64,True,64,64,True,True,False
milkbottle_indoor,37,2100,128,True,128,128,True,True,False
milkbottle_indoor,37,2150,32,True,32,32,True,True,False
milkbottle_indoor,37,2150,64,True,64,64,True,True,False
milkbottle_indoor,37,2150,128,True,128,128,True,True,False
milkbottle_indoor,37,2200,32,True,32,32,True,True,False
milkbottle_indoor,37,2200,64,True,64,64,True,True,False
milkbottle_indoor,37,2200,128,True,128,128,True,True,False
milkbottle_indoor,37,2250,32,True,32,32,True,True,False
milkbottle_indoor,37,2250,64,True,64,64,True,True,False
milkbottle_indoor,37,2250,128,True,128,128,True,True,False
milkbottle_indoor,37,2300,32,True,32,32,True,True,False
milkbottle_indoor,37,2300,64,True,64,64,True,True,False
milkbottle_indoor,37,2300,128,True,128,128,True,True,False
milkbottle_indoor,37,2350,32,True,32,32,True,True,False
milkbottle_indoor,37,2350,64,True,64,64,True,True,False
milkbottle_indoor,37,2350,128,True,128,128,True,True,False
milkbottle_indoor,37,2400,32,True,32,32,True,True,False
milkbottle_indoor,37,2400,64,True,64,64,True,True,False
milkbottle_indoor,37,2400,128,True,128,128,True,True,False
milkbottle_indoor,37,2450,32,True,32,32,True,True,False
milkbottle_indoor,37,2450,64,True,64,64,True,True,False
milkbottle_indoor,37,2450,128,True,128,94,True,True,False
milkbottle_indoor,37,2500,32,True,32,32,True,True,False
milkbottle_indoor,37,2500,64,True,64,43,True,True,False
milkbottle_indoor,37,2500,128,True,128,78,True,True,False
milkbottle_indoor,37,2550,32,False,32,1,False,True,True
milkbottle_indoor,37,2550,64,False,64,21,False,True,True
milkbottle_indoor,37,2550,128,False,128,85,False,True,True
milkbottle_indoor,37,2600,32,True,32,32,True,True,False
milkbottle_indoor,37,2600,64,True,64,64,True,True,False
milkbottle_indoor,37,2600,128,True,120,120,True,True,False
milkbottle_indoor,37,2650,32,True,32,32,True,True,False
milkbottle_indoor,37,2650,64,True,64,64,True,True,False
milkbottle_indoor,37,2650,128,True,70,70,True,True,False
milkbottle_indoor,37,2700,32,True,20,20,True,True,False
milkbottle_indoor,37,2700,64,True,20,20,True,True,False
milkbottle_indoor,37,2700,128,True,20,20,True,True,False
parkingsign_wild,38,50,32,True,32,32,True,True,False
parkingsign_wild,38,50,64,True,64,64,True,True,False
parkingsign_wild,38,50,128,True,128,128,True,True,False
parkingsign_wild,38,100,32,True,32,32,True,True,False
parkingsign_wild,38,100,64,True,64,64,True,True,False
parkingsign_wild,38,100,128,True,128,116,True,True,False
parkingsign_wild,38,150,32,True,32,32,True,True,False
parkingsign_wild,38,150,64,True,64,56,True,True,False
parkingsign_wild,38,150,128,True,128,116,True,True,False
parkingsign_wild,38,200,32,True,32,20,True,True,False
parkingsign_wild,38,200,64,True,64,52,True,True,False
parkingsign_wild,38,200,128,True,128,116,True,True,False
parkingsign_wild,38,250,32,True,32,32,True,True,False
parkingsign_wild,38,250,64,True,64,64,True,True,False
parkingsign_wild,38,250,128,True,128,128,True,True,False
parkingsign_wild,38,300,32,True,32,32,True,True,False
parkingsign_wild,38,300,64,True,64,64,True,True,False
parkingsign_wild,38,300,128,True,128,128,True,True,False
parkingsign_wild,38,350,32,True,32,32,True,True,False
parkingsign_wild,38,350,64,True,64,64,True,True,False
parkingsign_wild,38,350,128,True,88,88,True,True,False
parkingsign_wild,38,400,32,True,32,32,True,True,False
parkingsign_wild,38,400,64,True,38,38,True,True,False
parkingsign_wild,38,400,128,True,38,38,True,True,False
teacup_indoor,39,50,32,True,32,32,True,True,False
teacup_indoor,39,50,64,True,64,64,True,True,False
teacup_indoor,39,50,128,True,128,128,True,True,False
teacup_indoor,39,100,32,True,32,32,True,True,False
teacup_indoor,39,100,64,True,64,64,True,True,False
teacup_indoor,39,100,128,True,128,128,True,True,False
teacup_indoor,39,150,32,True,32,32,True,True,False
teacup_indoor,39,150,64,True,64,64,True,True,False
teacup_indoor,39,150,128,True,128,128,True,True,False
teacup_indoor,39,200,32,True,32,32,True,True,False
teacup_indoor,39,200,64,True,64,64,True,True,False
teacup_indoor,39,200,128,True,128,128,True,True,False
teacup_indoor,39,250,32,True,32,32,True,True,False
teacup_indoor,39,250,64,True,64,64,True,True,False
teacup_indoor,39,250,128,True,128,128,True,True,False
teacup_indoor,39,300,32,True,32,32,True,True,False
teacup_indoor,39,300,64,True,64,64,True,True,False
teacup_indoor,39,300,128,True,128,128,True,True,False
teacup_indoor,39,350,32,True,32,32,True,True,False
teacup_indoor,39,350,64,True,64,64,True,True,False
teacup_indoor,39,350,128,True,128,128,True,True,False
teacup_indoor,39,400,32,True,32,32,True,True,False
teacup_indoor,39,400,64,True,64,64,True,True,False
teacup_indoor,39,400,128,True,128,128,True,True,False
teacup_indoor,39,450,32,True,32,32,True,True,False
teacup_indoor,39,450,64,True,64,64,True,True,False
teacup_indoor,39,450,128,True,128,128,True,True,False
teacup_indoor,39,500,32,True,32,32,True,True,False
teacup_indoor,39,500,64,True,64,64,True,True,False
teacup_indoor,39,500,128,True,128,112,True,True,False
teacup_indoor,39,550,32,True,32,32,True,True,False
teacup_indoor,39,550,64,True,64,48,True,True,False
teacup_indoor,39,550,128,True,128,95,True,True,False
teacup_indoor,39,600,32,False,32,22,False,True,True
teacup_indoor,39,600,64,False,64,37,False,True,True
teacup_indoor,39,600,128,False,128,83,False,True,True
teacup_indoor,39,650,32,False,32,29,False,True,True
teacup_indoor,39,650,64,False,64,47,False,True,True
teacup_indoor,39,650,128,False,128,90,False,True,True
teacup_indoor,39,700,32,True,32,14,True,True,False
teacup_indoor,39,700,64,True,64,38,True,True,False
teacup_indoor,39,700,128,True,86,51,True,True,False
teacup_indoor,39,750,32,True,32,15,True,True,False
teacup_indoor,39,750,64,True,36,19,True,True,False
teacup_indoor,39,750,128,True,36,19,True,True,False
suitcase_indoor,40,50,32,True,32,32,True,True,False
suitcase_indoor,40,50,64,True,64,64,True,True,False
suitcase_indoor,40,50,128,True,128,128,True,True,False
suitcase_indoor,40,100,32,True,32,32,True,True,False
suitcase_indoor,40,100,64,True,64,64,True,True,False
suitcase_indoor,40,100,128,True,128,128,True,True,False
suitcase_indoor,40,150,32,True,32,32,True,True,False
suitcase_indoor,40,150,64,True,64,64,True,True,False
suitcase_indoor,40,150,128,True,128,128,True,True,False
suitcase_indoor,40,200,32,True,32,32,True,True,False
suitcase_indoor,40,200,64,True,64,64,True,True,False
suitcase_indoor,40,200,128,True,128,128,True,True,False
suitcase_indoor,40,250,32,True,32,32,True,True,False
suitcase_indoor,40,250,64,True,64,64,True,True,False
suitcase_indoor,40,250,128,True,128,128,True,True,False
suitcase_indoor,40,300,32,True,32,32,True,True,False
suitcase_indoor,40,300,64,True,64,64,True,True,False
suitcase_indoor,40,300,128,True,128,128,True,True,False
suitcase_indoor,40,350,32,True,32,32,True,True,False
suitcase_indoor,40,350,64,True,64,64,True,True,False
suitcase_indoor,40,350,128,True,128,128,True,True,False
suitcase_indoor,40,400,32,True,32,32,True,True,False
suitcase_indoor,40,400,64,True,64,64,True,True,False
suitcase_indoor,40,400,128,True,128,128,True,True,False
suitcase_indoor,40,450,32,True,32,32,True,True,False
suitcase_indoor,40,450,64,True,64,64,True,True,False
suitcase_indoor,40,450,128,True,128,128,True,True,False
suitcase_indoor,40,500,32,True,32,32,True,True,False
suitcase_indoor,40,500,64,True,64,64,True,True,False
suitcase_indoor,40,500,128,True,128,128,True,True,False
suitcase_indoor,40,550,32,True,32,32,True,True,False
suitcase_indoor,40,550,64,True,64,64,True,True,False
suitcase_indoor,40,550,128,True,128,128,True,True,False
suitcase_indoor,40,600,32,True,32,32,True,True,False
suitcase_indoor,40,600,64,True,64,64,True,True,False
suitcase_indoor,40,600,128,True,128,105,True,True,False
suitcase_indoor,40,650,32,True,32,32,True,True,False
suitcase_indoor,40,650,64,True,64,55,True,True,False
suitcase_indoor,40,650,128,True,128,56,True,True,False
suitcase_indoor,40,700,32,True,32,5,True,True,False
suitcase_indoor,40,700,64,True,64,5,True,True,False
suitcase_indoor,40,700,128,True,128,39,True,True,False
suitcase_indoor,40,750,32,False,32,1,False,True,True
suitcase_indoor,40,750,64,False,64,20,False,True,True
suitcase_indoor,40,750,128,False,128,84,False,True,True
suitcase_indoor,40,800,32,True,32,32,True,True,False
suitcase_indoor,40,800,64,True,64,64,True,True,False
suitcase_indoor,40,800,128,True,128,128,True,True,False
suitcase_indoor,40,850,32,True,32,32,True,True,False
suitcase_indoor,40,850,64,True,64,64,True,True,False
suitcase_indoor,40,850,128,True,128,128,True,True,False
suitcase_indoor,40,900,32,True,32,32,True,True,False
suitcase_indoor,40,900,64,True,64,64,True,True,False
suitcase_indoor,40,900,128,True,128,128,True,True,False
suitcase_indoor,40,950,32,True,32,32,True,True,False
suitcase_indoor,40,950,64,True,64,64,True,True,False
suitcase_indoor,40,950,128,True,128,128,True,True,False
suitcase_indoor,40,1000,32,True,32,32,True,True,False
suitcase_indoor,40,1000,64,True,64,64,True,True,False
suitcase_indoor,40,1000,128,True,128,126,True,True,False
suitcase_indoor,40,1050,32,True,32,32,True,True,False
suitcase_indoor,40,1050,64,True,64,64,True,True,False
suitcase_indoor,40,1050,128,True,128,89,True,True,False
suitcase_indoor,40,1100,32,True,32,26,True,True,False
suitcase_indoor,40,1100,64,True,64,26,True,True,False
suitcase_indoor,40,1100,128,True,128,89,True,True,False
suitcase_indoor,40,1150,32,False,32,17,False,True,True
suitcase_indoor,40,1150,64,False,64,49,False,True,True
suitcase_indoor,40,1150,128,False,128,95,False,True,True
suitcase_indoor,40,1200,32,True,32,32,True,True,False
suitcase_indoor,40,1200,64,True,64,48,True,True,False
suitcase_indoor,40,1200,128,True,128,110,True,True,False
suitcase_indoor,40,1250,32,False,32,16,False,True,True
suitcase_indoor,40,1250,64,False,64,48,False,True,True
suitcase_indoor,40,1250,128,False,128,112,False,True,True
suitcase_indoor,40,1300,32,True,32,32,True,True,False
suitcase_indoor,40,1300,64,True,64,64,True,True,False
suitcase_indoor,40,1300,128,True,100,100,True,True,False
suitcase_indoor,40,1350,32,True,32,32,True,True,False
suitcase_indoor,40,1350,64,True,50,50,True,True,False
suitcase_indoor,40,1350,128,True,50,50,True,True,False
suitcase_indoor,40,1400,32,True,0,0,False,False,False
suitcase_indoor,40,1400,64,True,0,0,False,False,False
suitcase_indoor,40,1400,128,True,0,0,False,False,False
bottle06_indoor,41,50,32,True,32,32,True,True,False
bottle06_indoor,41,50,64,True,64,64,True,True,False
bottle06_indoor,41,50,128,True,128,128,True,True,False
bottle06_indoor,41,100,32,True,32,32,True,True,False
bottle06_indoor,41,100,64,True,64,64,True,True,False
bottle06_indoor,41,100,128,True,128,128,True,True,False
bottle06_indoor,41,150,32,True,32,32,True,True,False
bottle06_indoor,41,150,64,True,64,64,True,True,False
bottle06_indoor,41,150,128,True,128,127,True,True,False
bottle06_indoor,41,200,32,True,32,32,True,True,False
bottle06_indoor,41,200,64,True,64,63,True,True,False
bottle06_indoor,41,200,128,True,84,83,True,True,False
bottle06_indoor,41,250,32,True,32,31,True,True,False
bottle06_indoor,41,250,64,True,34,33,True,True,False
bottle06_indoor,41,250,128,True,34,33,True,True,False
toy08_indoor,42,50,32,True,32,32,True,True,False
toy08_indoor,42,50,64,True,64,64,True,True,False
toy08_indoor,42,50,128,True,128,128,True,True,False
toy08_indoor,42,100,32,True,32,32,True,True,False
toy08_indoor,42,100,64,True,64,64,True,True,False
toy08_indoor,42,100,128,True,128,128,True,True,False
toy08_indoor,42,150,32,True,32,32,True,True,False
toy08_indoor,42,150,64,True,64,64,True,True,False
toy08_indoor,42,150,128,True,128,128,True,True,False
toy08_indoor,42,200,32,True,32,32,True,True,False
toy08_indoor,42,200,64,True,64,64,True,True,False
toy08_indoor,42,200,128,True,128,128,True,True,False
toy08_indoor,42,250,32,True,32,32,True,True,False
toy08_indoor,42,250,64,True,64,64,True,True,False
toy08_indoor,42,250,128,True,128,128,True,True,False
toy08_indoor,42,300,32,True,32,32,True,True,False
toy08_indoor,42,300,64,True,64,64,True,True,False
toy08_indoor,42,300,128,True,128,124,True,True,False
toy08_indoor,42,350,32,True,32,32,True,True,False
toy08_indoor,42,350,64,True,64,62,True,True,False
toy08_indoor,42,350,128,True,128,124,True,True,False
toy08_indoor,42,400,32,True,32,28,True,True,False
toy08_indoor,42,400,64,True,64,60,True,True,False
toy08_indoor,42,400,128,True,128,124,True,True,False
toy08_indoor,42,450,32,True,32,32,True,True,False
toy08_indoor,42,450,64,True,64,64,True,True,False
toy08_indoor,42,450,128,True,128,128,True,True,False
toy08_indoor,42,500,32,True,32,32,True,True,False
toy08_indoor,42,500,64,True,64,64,True,True,False
toy08_indoor,42,500,128,True,128,128,True,True,False
toy08_indoor,42,550,32,True,32,32,True,True,False
toy08_indoor,42,550,64,True,64,64,True,True,False
toy08_indoor,42,550,128,True,128,128,True,True,False
toy08_indoor,42,600,32,True,32,32,True,True,False
toy08_indoor,42,600,64,True,64,64,True,True,False
toy08_indoor,42,600,128,True,128,128,True,True,False
toy08_indoor,42,650,32,True,32,32,True,True,False
toy08_indoor,42,650,64,True,64,64,True,True,False
toy08_indoor,42,650,128,True,128,128,True,True,False
toy08_indoor,42,700,32,True,32,32,True,True,False
toy08_indoor,42,700,64,True,64,64,True,True,False
toy08_indoor,42,700,128,True,128,128,True,True,False
toy08_indoor,42,750,32,True,32,32,True,True,False
toy08_indoor,42,750,64,True,64,64,True,True,False
toy08_indoor,42,750,128,True,128,128,True,True,False
toy08_indoor,42,800,32,True,32,32,True,True,False
toy08_indoor,42,800,64,True,64,64,True,True,False
toy08_indoor,42,800,128,True,128,128,True,True,False
toy08_indoor,42,850,32,True,32,32,True,True,False
toy08_indoor,42,850,64,True,64,64,True,True,False
toy08_indoor,42,850,128,True,128,128,True,True,False
toy08_indoor,42,900,32,True,32,32,True,True,False
toy08_indoor,42,900,64,True,64,64,True,True,False
toy08_indoor,42,900,128,True,128,128,True,True,False
toy08_indoor,42,950,32,True,32,32,True,True,False
toy08_indoor,42,950,64,True,64,64,True,True,False
toy08_indoor,42,950,128,True,128,128,True,True,False
toy08_indoor,42,1000,32,True,32,32,True,True,False
toy08_indoor,42,1000,64,True,64,64,True,True,False
toy08_indoor,42,1000,128,True,128,128,True,True,False
toy08_indoor,42,1050,32,True,32,32,True,True,False
toy08_indoor,42,1050,64,True,64,64,True,True,False
toy08_indoor,42,1050,128,True,128,124,True,True,False
toy08_indoor,42,1100,32,True,32,32,True,True,False
toy08_indoor,42,1100,64,True,64,60,True,True,False
toy08_indoor,42,1100,128,True,128,124,True,True,False
toy08_indoor,42,1150,32,True,32,31,True,True,False
toy08_indoor,42,1150,64,True,64,63,True,True,False
toy08_indoor,42,1150,128,True,128,127,True,True,False
toy08_indoor,42,1200,32,True,32,32,True,True,False
toy08_indoor,42,1200,64,True,64,64,True,True,False
toy08_indoor,42,1200,128,True,128,121,True,True,False
toy08_indoor,42,1250,32,True,32,32,True,True,False
toy08_indoor,42,1250,64,True,64,59,True,True,False
toy08_indoor,42,1250,128,True,128,121,True,True,False
toy08_indoor,42,1300,32,True,32,25,True,True,False
toy08_indoor,42,1300,64,True,64,57,True,True,False
toy08_indoor,42,1300,128,True,128,121,True,True,False
toy08_indoor,42,1350,32,True,32,32,True,True,False
toy08_indoor,42,1350,64,True,64,64,True,True,False
toy08_indoor,42,1350,128,True,128,128,True,True,False
toy08_indoor,42,1400,32,True,32,32,True,True,False
toy08_indoor,42,1400,64,True,64,64,True,True,False
toy08_indoor,42,1400,128,True,128,128,True,True,False
toy08_indoor,42,1450,32,True,32,32,True,True,False
toy08_indoor,42,1450,64,True,64,64,True,True,False
toy08_indoor,42,1450,128,True,128,128,True,True,False
toy08_indoor,42,1500,32,True,32,32,True,True,False
toy08_indoor,42,1500,64,True,64,64,True,True,False
toy08_indoor,42,1500,128,True,128,128,True,True,False
toy08_indoor,42,1550,32,True,32,32,True,True,False
toy08_indoor,42,1550,64,True,64,64,True,True,False
toy08_indoor,42,1550,128,True,128,128,True,True,False
toy08_indoor,42,1600,32,True,32,32,True,True,False
toy08_indoor,42,1600,64,True,64,64,True,True,False
toy08_indoor,42,1600,128,True,128,125,True,True,False
toy08_indoor,42,1650,32,True,32,32,True,True,False
toy08_indoor,42,1650,64,True,64,61,True,True,False
toy08_indoor,42,1650,128,True,128,123,True,True,False
toy08_indoor,42,1700,32,True,32,32,True,True,False
toy08_indoor,42,1700,64,True,64,62,True,True,False
toy08_indoor,42,1700,128,True,128,125,True,True,False
toy08_indoor,42,1750,32,True,32,31,True,True,False
toy08_indoor,42,1750,64,True,64,62,True,True,False
toy08_indoor,42,1750,128,True,128,126,True,True,False
toy08_indoor,42,1800,32,True,32,32,True,True,False
toy08_indoor,42,1800,64,True,64,64,True,True,False
toy08_indoor,42,1800,128,True,128,123,True,True,False
toy08_indoor,42,1850,32,True,32,29,True,True,False
toy08_indoor,42,1850,64,True,64,59,True,True,False
toy08_indoor,42,1850,128,True,128,123,True,True,False
toy08_indoor,42,1900,32,True,32,32,True,True,False
toy08_indoor,42,1900,64,True,64,64,True,True,False
toy08_indoor,42,1900,128,True,128,128,True,True,False
toy08_indoor,42,1950,32,True,32,32,True,True,False
toy08_indoor,42,1950,64,True,64,64,True,True,False
toy08_indoor,42,1950,128,True,97,97,True,True,False
toy08_indoor,42,2000,32,True,32,32,True,True,False
toy08_indoor,42,2000,64,True,47,47,True,True,False
toy08_indoor,42,2000,128,True,47,47,True,True,False
ball05_indoor,43,50,32,True,32,32,True,True,False
ball05_indoor,43,50,64,True,64,64,True,True,False
ball05_indoor,43,50,128,True,128,128,True,True,False
ball05_indoor,43,100,32,True,32,32,True,True,False
ball05_indoor,43,100,64,True,64,64,True,True,False
ball05_indoor,43,100,128,True,128,125,True,True,False
ball05_indoor,43,150,32,True,32,32,True,True,False
ball05_indoor,43,150,64,True,64,61,True,True,False
ball05_indoor,43,150,128,True,128,125,True,True,False
ball05_indoor,43,200,32,True,32,29,True,True,False
ball05_indoor,43,200,64,True,64,61,True,True,False
ball05_indoor,43,200,128,True,128,94,True,True,False
ball05_indoor,43,250,32,True,32,32,True,True,False
ball05_indoor,43,250,64,True,64,47,True,True,False
ball05_indoor,43,250,128,True,128,96,True,True,False
ball05_indoor,43,300,32,False,32,6,False,True,True
ball05_indoor,43,300,64,False,64,38,False,True,True
ball05_indoor,43,300,128,False,128,91,False,True,True
ball05_indoor,43,350,32,True,32,32,True,True,False
ball05_indoor,43,350,64,True,64,53,True,True,False
ball05_indoor,43,350,128,True,128,117,True,True,False
ball05_indoor,43,400,32,False,32,25,False,True,True
ball05_indoor,43,400,64,False,64,57,False,True,True
ball05_indoor,43,400,128,False,128,115,False,True,True
ball05_indoor,43,450,32,True,32,28,True,True,False
ball05_indoor,43,450,64,True,64,58,True,True,False
ball05_indoor,43,450,128,True,128,122,True,True,False
ball05_indoor,43,500,32,True,32,32,True,True,False
ball05_indoor,43,500,64,True,64,64,True,True,False
ball05_indoor,43,500,128,True,128,113,True,True,False
ball05_indoor,43,550,32,True,32,32,True,True,False
ball05_indoor,43,550,64,True,64,58,True,True,False
ball05_indoor,43,550,128,True,128,72,True,True,False
ball05_indoor,43,600,32,True,32,13,True,True,False
ball05_indoor,43,600,64,True,64,22,True,True,False
ball05_indoor,43,600,128,True,90,22,True,True,False
ball05_indoor,43,650,32,False,32,0,False,False,False
ball05_indoor,43,650,64,False,40,0,False,False,False
ball05_indoor,43,650,128,False,40,0,False,False,False
cube06_indoor,44,50,32,True,32,32,True,True,False
cube06_indoor,44,50,64,True,64,64,True,True,False
cube06_indoor,44,50,128,True,128,128,True,True,False
cube06_indoor,44,100,32,True,32,32,True,True,False
cube06_indoor,44,100,64,True,64,64,True,True,False
cube06_indoor,44,100,128,True,128,97,True,True,False
cube06_indoor,44,150,32,True,32,32,True,True,False
cube06_indoor,44,150,64,True,64,47,True,True,False
cube06_indoor,44,150,128,True,128,79,True,True,False
cube06_indoor,44,200,32,False,32,0,False,False,False
cube06_indoor,44,200,64,False,64,18,False,True,True
cube06_indoor,44,200,128,False,128,82,False,True,True
cube06_indoor,44,250,32,True,32,32,True,True,False
cube06_indoor,44,250,64,True,64,64,True,True,False
cube06_indoor,44,250,128,True,128,128,True,True,False
cube06_indoor,44,300,32,True,32,32,True,True,False
cube06_indoor,44,300,64,True,64,64,True,True,False
cube06_indoor,44,300,128,True,128,128,True,True,False
cube06_indoor,44,350,32,True,32,32,True,True,False
cube06_indoor,44,350,64,True,64,64,True,True,False
cube06_indoor,44,350,128,True,128,128,True,True,False
cube06_indoor,44,400,32,True,32,32,True,True,False
cube06_indoor,44,400,64,True,64,64,True,True,False
cube06_indoor,44,400,128,True,128,128,True,True,False
cube06_indoor,44,450,32,True,32,32,True,True,False
cube06_indoor,44,450,64,True,64,64,True,True,False
cube06_indoor,44,450,128,True,128,128,True,True,False
cube06_indoor,44,500,32,True,32,32,True,True,False
cube06_indoor,44,500,64,True,64,64,True,True,False
cube06_indoor,44,500,128,True,128,128,True,True,False
cube06_indoor,44,550,32,True,32,32,True,True,False
cube06_indoor,44,550,64,True,64,64,True,True,False
cube06_indoor,44,550,128,True,128,128,True,True,False
cube06_indoor,44,600,32,True,32,32,True,True,False
cube06_indoor,44,600,64,True,64,64,True,True,False
cube06_indoor,44,600,128,True,128,128,True,True,False
cube06_indoor,44,650,32,True,32,32,True,True,False
cube06_indoor,44,650,64,True,64,64,True,True,False
cube06_indoor,44,650,128,True,128,128,True,True,False
cube06_indoor,44,700,32,True,32,32,True,True,False
cube06_indoor,44,700,64,True,64,64,True,True,False
cube06_indoor,44,700,128,True,128,128,True,True,False
cube06_indoor,44,750,32,True,32,32,True,True,False
cube06_indoor,44,750,64,True,64,64,True,True,False
cube06_indoor,44,750,128,True,128,128,True,True,False
cube06_indoor,44,800,32,True,32,32,True,True,False
cube06_indoor,44,800,64,True,64,64,True,True,False
cube06_indoor,44,800,128,True,128,128,True,True,False
cube06_indoor,44,850,32,True,32,32,True,True,False
cube06_indoor,44,850,64,True,64,64,True,True,False
cube06_indoor,44,850,128,True,128,128,True,True,False
cube06_indoor,44,900,32,True,32,32,True,True,False
cube06_indoor,44,900,64,True,64,64,True,True,False
cube06_indoor,44,900,128,True,128,128,True,True,False
cube06_indoor,44,950,32,True,32,32,True,True,False
cube06_indoor,44,950,64,True,64,64,True,True,False
cube06_indoor,44,950,128,True,128,128,True,True,False
cube06_indoor,44,1000,32,True,32,32,True,True,False
cube06_indoor,44,1000,64,True,64,64,True,True,False
cube06_indoor,44,1000,128,True,128,128,True,True,False
cube06_indoor,44,1050,32,True,32,32,True,True,False
cube06_indoor,44,1050,64,True,64,64,True,True,False
cube06_indoor,44,1050,128,True,128,128,True,True,False
cube06_indoor,44,1100,32,True,32,32,True,True,False
cube06_indoor,44,1100,64,True,64,64,True,True,False
cube06_indoor,44,1100,128,True,128,128,True,True,False
cube06_indoor,44,1150,32,True,32,32,True,True,False
cube06_indoor,44,1150,64,True,64,64,True,True,False
cube06_indoor,44,1150,128,True,128,128,True,True,False
cube06_indoor,44,1200,32,True,32,32,True,True,False
cube06_indoor,44,1200,64,True,64,64,True,True,False
cube06_indoor,44,1200,128,True,128,128,True,True,False
cube06_indoor,44,1250,32,True,32,32,True,True,False
cube06_indoor,44,1250,64,True,64,64,True,True,False
cube06_indoor,44,1250,128,True,128,128,True,True,False
cube06_indoor,44,1300,32,True,32,32,True,True,False
cube06_indoor,44,1300,64,True,64,64,True,True,False
cube06_indoor,44,1300,128,True,128,128,True,True,False
cube06_indoor,44,1350,32,True,32,32,True,True,False
cube06_indoor,44,1350,64,True,64,64,True,True,False
cube06_indoor,44,1350,128,True,128,128,True,True,False
cube06_indoor,44,1400,32,True,32,32,True,True,False
cube06_indoor,44,1400,64,True,64,64,True,True,False
cube06_indoor,44,1400,128,True,128,128,True,True,False
cube06_indoor,44,1450,32,True,32,32,True,True,False
cube06_indoor,44,1450,64,True,64,64,True,True,False
cube06_indoor,44,1450,128,True,128,128,True,True,False
cube06_indoor,44,1500,32,True,32,32,True,True,False
cube06_indoor,44,1500,64,True,64,64,True,True,False
cube06_indoor,44,1500,128,True,128,122,True,True,False
cube06_indoor,44,1550,32,True,32,32,True,True,False
cube06_indoor,44,1550,64,True,64,62,True,True,False
cube06_indoor,44,1550,128,True,128,122,True,True,False
cube06_indoor,44,1600,32,True,32,26,True,True,False
cube06_indoor,44,1600,64,True,64,58,True,True,False
cube06_indoor,44,1600,128,True,128,122,True,True,False
cube06_indoor,44,1650,32,True,32,32,True,True,False
cube06_indoor,44,1650,64,True,64,64,True,True,False
cube06_indoor,44,1650,128,True,128,128,True,True,False
cube06_indoor,44,1700,32,True,32,32,True,True,False
cube06_indoor,44,1700,64,True,64,64,True,True,False
cube06_indoor,44,1700,128,True,99,99,True,True,False
cube06_indoor,44,1750,32,True,32,32,True,True,False
cube06_indoor,44,1750,64,True,49,49,True,True,False
cube06_indoor,44,1750,128,True,49,49,True,True,False
human05_wild,45,50,32,True,32,32,True,True,False
human05_wild,45,50,64,True,64,64,True,True,False
human05_wild,45,50,128,True,128,128,True,True,False
human05_wild,45,100,32,True,32,32,True,True,False
human05_wild,45,100,64,True,64,64,True,True,False
human05_wild,45,100,128,True,128,128,True,True,False
human05_wild,45,150,32,True,32,32,True,True,False
human05_wild,45,150,64,True,64,64,True,True,False
human05_wild,45,150,128,True,128,128,True,True,False
human05_wild,45,200,32,True,32,32,True,True,False
human05_wild,45,200,64,True,64,64,True,True,False
human05_wild,45,200,128,True,128,128,True,True,False
human05_wild,45,250,32,True,32,32,True,True,False
human05_wild,45,250,64,True,64,64,True,True,False
human05_wild,45,250,128,True,128,128,True,True,False
human05_wild,45,300,32,True,32,32,True,True,False
human05_wild,45,300,64,True,64,64,True,True,False
human05_wild,45,300,128,True,128,128,True,True,False
human05_wild,45,350,32,True,32,32,True,True,False
human05_wild,45,350,64,True,64,64,True,True,False
human05_wild,45,350,128,True,128,128,True,True,False
human05_wild,45,400,32,True,32,32,True,True,False
human05_wild,45,400,64,True,64,64,True,True,False
human05_wild,45,400,128,True,128,128,True,True,False
human05_wild,45,450,32,True,32,32,True,True,False
human05_wild,45,450,64,True,64,64,True,True,False
human05_wild,45,450,128,True,128,128,True,True,False
human05_wild,45,500,32,True,32,32,True,True,False
human05_wild,45,500,64,True,64,64,True,True,False
human05_wild,45,500,128,True,128,128,True,True,False
human05_wild,45,550,32,True,32,32,True,True,False
human05_wild,45,550,64,True,64,64,True,True,False
human05_wild,45,550,128,True,128,128,True,True,False
human05_wild,45,600,32,True,32,32,True,True,False
human05_wild,45,600,64,True,64,64,True,True,False
human05_wild,45,600,128,True,128,128,True,True,False
human05_wild,45,650,32,True,32,32,True,True,False
human05_wild,45,650,64,True,64,64,True,True,False
human05_wild,45,650,128,True,128,128,True,True,False
human05_wild,45,700,32,True,32,32,True,True,False
human05_wild,45,700,64,True,64,64,True,True,False
human05_wild,45,700,128,True,128,128,True,True,False
human05_wild,45,750,32,True,32,32,True,True,False
human05_wild,45,750,64,True,64,64,True,True,False
human05_wild,45,750,128,True,128,128,True,True,False
human05_wild,45,800,32,True,32,32,True,True,False
human05_wild,45,800,64,True,64,64,True,True,False
human05_wild,45,800,128,True,128,128,True,True,False
human05_wild,45,850,32,True,32,32,True,True,False
human05_wild,45,850,64,True,64,64,True,True,False
human05_wild,45,850,128,True,128,128,True,True,False
human05_wild,45,900,32,True,32,32,True,True,False
human05_wild,45,900,64,True,64,64,True,True,False
human05_wild,45,900,128,True,128,128,True,True,False
human05_wild,45,950,32,True,32,32,True,True,False
human05_wild,45,950,64,True,64,64,True,True,False
human05_wild,45,950,128,True,128,128,True,True,False
human05_wild,45,1000,32,True,32,32,True,True,False
human05_wild,45,1000,64,True,64,64,True,True,False
human05_wild,45,1000,128,True,128,128,True,True,False
human05_wild,45,1050,32,True,32,32,True,True,False
human05_wild,45,1050,64,True,64,64,True,True,False
human05_wild,45,1050,128,True,128,127,True,True,False
human05_wild,45,1100,32,True,32,32,True,True,False
human05_wild,45,1100,64,True,64,64,True,True,False
human05_wild,45,1100,128,True,128,127,True,True,False
human05_wild,45,1150,32,True,32,31,True,True,False
human05_wild,45,1150,64,True,64,63,True,True,False
human05_wild,45,1150,128,True,128,127,True,True,False
human05_wild,45,1200,32,True,32,32,True,True,False
human05_wild,45,1200,64,True,64,64,True,True,False
human05_wild,45,1200,128,True,128,128,True,True,False
human05_wild,45,1250,32,True,32,32,True,True,False
human05_wild,45,1250,64,True,64,64,True,True,False
human05_wild,45,1250,128,True,128,128,True,True,False
human05_wild,45,1300,32,True,32,32,True,True,False
human05_wild,45,1300,64,True,64,64,True,True,False
human05_wild,45,1300,128,True,128,128,True,True,False
human05_wild,45,1350,32,True,32,32,True,True,False
human05_wild,45,1350,64,True,64,64,True,True,False
human05_wild,45,1350,128,True,128,128,True,True,False
human05_wild,45,1400,32,True,32,32,True,True,False
human05_wild,45,1400,64,True,64,64,True,True,False
human05_wild,45,1400,128,True,128,128,True,True,False
human05_wild,45,1450,32,True,32,32,True,True,False
human05_wild,45,1450,64,True,64,64,True,True,False
human05_wild,45,1450,128,True,128,128,True,True,False
human05_wild,45,1500,32,True,32,32,True,True,False
human05_wild,45,1500,64,True,64,64,True,True,False
human05_wild,45,1500,128,True,128,128,True,True,False
human05_wild,45,1550,32,True,32,32,True,True,False
human05_wild,45,1550,64,True,64,64,True,True,False
human05_wild,45,1550,128,True,128,128,True,True,False
human05_wild,45,1600,32,True,32,32,True,True,False
human05_wild,45,1600,64,True,64,64,True,True,False
human05_wild,45,1600,128,True,128,110,True,True,False
human05_wild,45,1650,32,True,32,32,True,True,False
human05_wild,45,1650,64,True,64,60,True,True,False
human05_wild,45,1650,128,True,128,72,True,True,False
human05_wild,45,1700,32,True,32,10,True,True,False
human05_wild,45,1700,64,True,64,10,True,True,False
human05_wild,45,1700,128,True,128,72,True,True,False
human05_wild,45,1750,32,False,32,16,False,True,True
human05_wild,45,1750,64,False,64,48,False,True,True
human05_wild,45,1750,128,False,128,112,False,True,True
human05_wild,45,1800,32,True,32,32,True,True,False
human05_wild,45,1800,64,True,64,64,True,True,False
human05_wild,45,1800,128,True,128,128,True,True,False
human05_wild,45,1850,32,True,32,32,True,True,False
human05_wild,45,1850,64,True,64,64,True,True,False
human05_wild,45,1850,128,True,128,127,True,True,False
human05_wild,45,1900,32,True,32,32,True,True,False
human05_wild,45,1900,64,True,64,64,True,True,False
human05_wild,45,1900,128,True,128,127,True,True,False
human05_wild,45,1950,32,True,32,31,True,True,False
human05_wild,45,1950,64,True,64,63,True,True,False
human05_wild,45,1950,128,True,128,127,True,True,False
human05_wild,45,2000,32,True,32,32,True,True,False
human05_wild,45,2000,64,True,64,64,True,True,False
human05_wild,45,2000,128,True,128,128,True,True,False
human05_wild,45,2050,32,True,32,32,True,True,False
human05_wild,45,2050,64,True,64,64,True,True,False
human05_wild,45,2050,128,True,128,128,True,True,False
human05_wild,45,2100,32,True,32,32,True,True,False
human05_wild,45,2100,64,True,64,64,True,True,False
human05_wild,45,2100,128,True,128,111,True,True,False
human05_wild,45,2150,32,True,32,32,True,True,False
human05_wild,45,2150,64,True,64,61,True,True,False
human05_wild,45,2150,128,True,128,108,True,True,False
human05_wild,45,2200,32,True,32,12,True,True,False
human05_wild,45,2200,64,True,64,44,True,True,False
human05_wild,45,2200,128,True,127,107,True,True,False
human05_wild,45,2250,32,True,32,32,True,True,False
human05_wild,45,2250,64,True,64,64,True,True,False
human05_wild,45,2250,128,True,77,77,True,True,False
human05_wild,45,2300,32,True,27,27,True,True,False
human05_wild,45,2300,64,True,27,27,True,True,False
human05_wild,45,2300,128,True,27,27,True,True,False
mushroom04_indoor,46,50,32,True,32,32,True,True,False
mushroom04_indoor,46,50,64,True,64,64,True,True,False
mushroom04_indoor,46,50,128,True,128,128,True,True,False
mushroom04_indoor,46,100,32,True,32,32,True,True,False
mushroom04_indoor,46,100,64,True,64,64,True,True,False
mushroom04_indoor,46,100,128,True,128,128,True,True,False
mushroom04_indoor,46,150,32,True,32,32,True,True,False
mushroom04_indoor,46,150,64,True,64,64,True,True,False
mushroom04_indoor,46,150,128,True,128,128,True,True,False
mushroom04_indoor,46,200,32,True,32,32,True,True,False
mushroom04_indoor,46,200,64,True,64,64,True,True,False
mushroom04_indoor,46,200,128,True,128,128,True,True,False
mushroom04_indoor,46,250,32,True,32,32,True,True,False
mushroom04_indoor,46,250,64,True,64,64,True,True,False
mushroom04_indoor,46,250,128,True,128,128,True,True,False
mushroom04_indoor,46,300,32,True,32,32,True,True,False
mushroom04_indoor,46,300,64,True,64,64,True,True,False
mushroom04_indoor,46,300,128,True,128,128,True,True,False
mushroom04_indoor,46,350,32,True,32,32,True,True,False
mushroom04_indoor,46,350,64,True,64,64,True,True,False
mushroom04_indoor,46,350,128,True,128,110,True,True,False
mushroom04_indoor,46,400,32,True,32,32,True,True,False
mushroom04_indoor,46,400,64,True,64,59,True,True,False
mushroom04_indoor,46,400,128,True,128,103,True,True,False
mushroom04_indoor,46,450,32,True,32,14,True,True,False
mushroom04_indoor,46,450,64,True,64,46,True,True,False
mushroom04_indoor,46,450,128,True,128,62,True,True,False
mushroom04_indoor,46,500,32,True,32,21,True,True,False
mushroom04_indoor,46,500,64,True,64,30,True,True,False
mushroom04_indoor,46,500,128,True,128,72,True,True,False
mushroom04_indoor,46,550,32,False,32,9,False,True,True
mushroom04_indoor,46,550,64,False,64,37,False,True,True
mushroom04_indoor,46,550,128,False,128,101,False,True,True
mushroom04_indoor,46,600,32,True,32,32,True,True,False
mushroom04_indoor,46,600,64,True,64,64,True,True,False
mushroom04_indoor,46,600,128,True,128,128,True,True,False
mushroom04_indoor,46,650,32,True,32,32,True,True,False
mushroom04_indoor,46,650,64,True,64,64,True,True,False
mushroom04_indoor,46,650,128,True,128,128,True,True,False
mushroom04_indoor,46,700,32,True,32,32,True,True,False
mushroom04_indoor,46,700,64,True,64,64,True,True,False
mushroom04_indoor,46,700,128,True,128,128,True,True,False
mushroom04_indoor,46,750,32,True,32,32,True,True,False
mushroom04_indoor,46,750,64,True,64,64,True,True,False
mushroom04_indoor,46,750,128,True,128,125,True,True,False
mushroom04_indoor,46,800,32,True,32,32,True,True,False
mushroom04_indoor,46,800,64,True,64,64,True,True,False
mushroom04_indoor,46,800,128,True,128,121,True,True,False
mushroom04_indoor,46,850,32,True,32,25,True,True,False
mushroom04_indoor,46,850,64,True,64,57,True,True,False
mushroom04_indoor,46,850,128,True,128,121,True,True,False
mushroom04_indoor,46,900,32,True,32,32,True,True,False
mushroom04_indoor,46,900,64,True,64,64,True,True,False
mushroom04_indoor,46,900,128,True,128,128,True,True,False
mushroom04_indoor,46,950,32,True,32,32,True,True,False
mushroom04_indoor,46,950,64,True,64,64,True,True,False
mushroom04_indoor,46,950,128,True,128,128,True,True,False
mushroom04_indoor,46,1000,32,True,32,32,True,True,False
mushroom04_indoor,46,1000,64,True,64,64,True,True,False
mushroom04_indoor,46,1000,128,True,128,128,True,True,False
mushroom04_indoor,46,1050,32,True,32,32,True,True,False
mushroom04_indoor,46,1050,64,True,64,64,True,True,False
mushroom04_indoor,46,1050,128,True,128,128,True,True,False
mushroom04_indoor,46,1100,32,True,32,32,True,True,False
mushroom04_indoor,46,1100,64,True,64,64,True,True,False
mushroom04_indoor,46,1100,128,True,128,128,True,True,False
mushroom04_indoor,46,1150,32,True,32,32,True,True,False
mushroom04_indoor,46,1150,64,True,64,64,True,True,False
mushroom04_indoor,46,1150,128,True,128,128,True,True,False
mushroom04_indoor,46,1200,32,True,32,32,True,True,False
mushroom04_indoor,46,1200,64,True,64,64,True,True,False
mushroom04_indoor,46,1200,128,True,128,124,True,True,False
mushroom04_indoor,46,1250,32,True,32,32,True,True,False
mushroom04_indoor,46,1250,64,True,64,62,True,True,False
mushroom04_indoor,46,1250,128,True,128,124,True,True,False
mushroom04_indoor,46,1300,32,True,32,28,True,True,False
mushroom04_indoor,46,1300,64,True,64,60,True,True,False
mushroom04_indoor,46,1300,128,True,128,124,True,True,False
mushroom04_indoor,46,1350,32,True,32,32,True,True,False
mushroom04_indoor,46,1350,64,True,64,64,True,True,False
mushroom04_indoor,46,1350,128,True,128,128,True,True,False
mushroom04_indoor,46,1400,32,True,32,32,True,True,False
mushroom04_indoor,46,1400,64,True,64,64,True,True,False
mushroom04_indoor,46,1400,128,True,128,128,True,True,False
mushroom04_indoor,46,1450,32,True,32,32,True,True,False
mushroom04_indoor,46,1450,64,True,64,64,True,True,False
mushroom04_indoor,46,1450,128,True,128,128,True,True,False
mushroom04_indoor,46,1500,32,True,32,32,True,True,False
mushroom04_indoor,46,1500,64,True,64,64,True,True,False
mushroom04_indoor,46,1500,128,True,128,128,True,True,False
mushroom04_indoor,46,1550,32,True,32,32,True,True,False
mushroom04_indoor,46,1550,64,True,64,64,True,True,False
mushroom04_indoor,46,1550,128,True,128,126,True,True,False
mushroom04_indoor,46,1600,32,True,32,32,True,True,False
mushroom04_indoor,46,1600,64,True,64,64,True,True,False
mushroom04_indoor,46,1600,128,True,128,124,True,True,False
mushroom04_indoor,46,1650,32,True,32,28,True,True,False
mushroom04_indoor,46,1650,64,True,64,60,True,True,False
mushroom04_indoor,46,1650,128,True,107,103,True,True,False
mushroom04_indoor,46,1700,32,True,32,32,True,True,False
mushroom04_indoor,46,1700,64,True,57,57,True,True,False
mushroom04_indoor,46,1700,128,True,57,57,True,True,False
mushroom04_indoor,46,1750,32,True,7,7,True,True,False
mushroom04_indoor,46,1750,64,True,7,7,True,True,False
mushroom04_indoor,46,1750,128,True,7,7,True,True,False
swing01_wild,47,50,32,True,32,32,True,True,False
swing01_wild,47,50,64,True,64,64,True,True,False
swing01_wild,47,50,128,True,128,128,True,True,False
swing01_wild,47,100,32,True,32,32,True,True,False
swing01_wild,47,100,64,True,64,64,True,True,False
swing01_wild,47,100,128,True,128,128,True,True,False
swing01_wild,47,150,32,True,32,32,True,True,False
swing01_wild,47,150,64,True,64,64,True,True,False
swing01_wild,47,150,128,True,128,128,True,True,False
swing01_wild,47,200,32,True,32,32,True,True,False
swing01_wild,47,200,64,True,64,64,True,True,False
swing01_wild,47,200,128,True,128,128,True,True,False
swing01_wild,47,250,32,True,32,32,True,True,False
swing01_wild,47,250,64,True,64,64,True,True,False
swing01_wild,47,250,128,True,128,128,True,True,False
swing01_wild,47,300,32,True,32,32,True,True,False
swing01_wild,47,300,64,True,64,64,True,True,False
swing01_wild,47,300,128,True,128,128,True,True,False
swing01_wild,47,350,32,True,32,32,True,True,False
swing01_wild,47,350,64,True,64,64,True,True,False
swing01_wild,47,350,128,True,128,128,True,True,False
swing01_wild,47,400,32,True,32,32,True,True,False
swing01_wild,47,400,64,True,64,64,True,True,False
swing01_wild,47,400,128,True,128,128,True,True,False
swing01_wild,47,450,32,True,32,32,True,True,False
swing01_wild,47,450,64,True,64,64,True,True,False
swing01_wild,47,450,128,True,111,111,True,True,False
swing01_wild,47,500,32,True,32,32,True,True,False
swing01_wild,47,500,64,True,61,61,True,True,False
swing01_wild,47,500,128,True,61,61,True,True,False
swing01_wild,47,550,32,True,11,11,True,True,False
swing01_wild,47,550,64,True,11,11,True,True,False
swing01_wild,47,550,128,True,11,11,True,True,False
ball09_wild,48,50,32,True,32,32,True,True,False
ball09_wild,48,50,64,True,64,64,True,True,False
ball09_wild,48,50,128,True,128,125,True,True,False
ball09_wild,48,100,32,True,32,32,True,True,False
ball09_wild,48,100,64,True,64,61,True,True,False
ball09_wild,48,100,128,True,128,125,True,True,False
ball09_wild,48,150,32,True,32,29,True,True,False
ball09_wild,48,150,64,True,64,61,True,True,False
ball09_wild,48,150,128,True,128,125,True,True,False
ball09_wild,48,200,32,True,32,32,True,True,False
ball09_wild,48,200,64,True,64,64,True,True,False
ball09_wild,48,200,128,True,128,128,True,True,False
ball09_wild,48,250,32,True,32,32,True,True,False
ball09_wild,48,250,64,True,64,64,True,True,False
ball09_wild,48,250,128,True,128,128,True,True,False
ball09_wild,48,300,32,True,32,32,True,True,False
ball09_wild,48,300,64,True,64,64,True,True,False
ball09_wild,48,300,128,True,128,128,True,True,False
ball09_wild,48,350,32,True,32,32,True,True,False
ball09_wild,48,350,64,True,64,64,True,True,False
ball09_wild,48,350,128,True,128,85,True,True,False
ball09_wild,48,400,32,True,32,32,True,True,False
ball09_wild,48,400,64,True,64,35,True,True,False
ball09_wild,48,400,128,True,128,54,True,True,False
ball09_wild,48,450,32,False,32,0,False,False,False
ball09_wild,48,450,64,False,64,5,False,True,True
ball09_wild,48,450,128,False,128,69,False,True,True
ball09_wild,48,500,32,False,32,23,False,True,True
ball09_wild,48,500,64,False,64,55,False,True,True
ball09_wild,48,500,128,False,128,119,False,True,True
ball09_wild,48,550,32,True,32,32,True,True,False
ball09_wild,48,550,64,True,64,64,True,True,False
ball09_wild,48,550,128,True,128,128,True,True,False
ball09_wild,48,600,32,True,32,32,True,True,False
ball09_wild,48,600,64,True,64,64,True,True,False
ball09_wild,48,600,128,True,128,128,True,True,False
ball09_wild,48,650,32,True,32,32,True,True,False
ball09_wild,48,650,64,True,64,64,True,True,False
ball09_wild,48,650,128,True,128,128,True,True,False
ball09_wild,48,700,32,True,32,32,True,True,False
ball09_wild,48,700,64,True,64,64,True,True,False
ball09_wild,48,700,128,True,128,128,True,True,False
ball09_wild,48,750,32,True,32,32,True,True,False
ball09_wild,48,750,64,True,64,64,True,True,False
ball09_wild,48,750,128,True,128,128,True,True,False
ball09_wild,48,800,32,True,32,32,True,True,False
ball09_wild,48,800,64,True,64,64,True,True,False
ball09_wild,48,800,128,True,128,128,True,True,False
ball09_wild,48,850,32,True,32,32,True,True,False
ball09_wild,48,850,64,True,64,64,True,True,False
ball09_wild,48,850,128,True,128,113,True,True,False
ball09_wild,48,900,32,True,32,32,True,True,False
ball09_wild,48,900,64,True,64,50,True,True,False
ball09_wild,48,900,128,True,128,113,True,True,False
ball09_wild,48,950,32,False,32,20,False,True,True
ball09_wild,48,950,64,False,64,52,False,True,True
ball09_wild,48,950,128,False,128,116,False,True,True
ball09_wild,48,1000,32,True,32,32,True,True,False
ball09_wild,48,1000,64,True,64,64,True,True,False
ball09_wild,48,1000,128,True,128,128,True,True,False
ball09_wild,48,1050,32,True,32,32,True,True,False
ball09_wild,48,1050,64,True,64,64,True,True,False
ball09_wild,48,1050,128,True,128,125,True,True,False
ball09_wild,48,1100,32,True,32,32,True,True,False
ball09_wild,48,1100,64,True,64,61,True,True,False
ball09_wild,48,1100,128,True,128,107,True,True,False
ball09_wild,48,1150,32,False,32,30,False,True,True
ball09_wild,48,1150,64,False,64,51,False,True,True
ball09_wild,48,1150,128,False,128,97,False,True,True
ball09_wild,48,1200,32,True,32,14,True,True,False
ball09_wild,48,1200,64,True,64,35,True,True,False
ball09_wild,48,1200,128,True,128,99,True,True,False
ball09_wild,48,1250,32,True,32,26,True,True,False
ball09_wild,48,1250,64,True,64,58,True,True,False
ball09_wild,48,1250,128,True,128,122,True,True,False
ball09_wild,48,1300,32,True,32,32,True,True,False
ball09_wild,48,1300,64,True,64,64,True,True,False
ball09_wild,48,1300,128,True,128,128,True,True,False
ball09_wild,48,1350,32,True,32,32,True,True,False
ball09_wild,48,1350,64,True,64,64,True,True,False
ball09_wild,48,1350,128,True,128,128,True,True,False
ball09_wild,48,1400,32,True,32,32,True,True,False
ball09_wild,48,1400,64,True,64,64,True,True,False
ball09_wild,48,1400,128,True,128,128,True,True,False
ball09_wild,48,1450,32,True,32,32,True,True,False
ball09_wild,48,1450,64,True,64,64,True,True,False
ball09_wild,48,1450,128,True,128,128,True,True,False
ball09_wild,48,1500,32,True,32,32,True,True,False
ball09_wild,48,1500,64,True,64,64,True,True,False
ball09_wild,48,1500,128,True,128,128,True,True,False
ball09_wild,48,1550,32,True,32,32,True,True,False
ball09_wild,48,1550,64,True,64,64,True,True,False
ball09_wild,48,1550,128,True,128,106,True,True,False
ball09_wild,48,1600,32,True,32,32,True,True,False
ball09_wild,48,1600,64,True,64,55,True,True,False
ball09_wild,48,1600,128,True,100,78,True,True,False
ball09_wild,48,1650,32,True,32,10,True,True,False
ball09_wild,48,1650,64,True,50,28,True,True,False
ball09_wild,48,1650,128,True,50,28,True,True,False
ball09_wild,48,1700,32,True,0,0,False,False,False
ball09_wild,48,1700,64,True,0,0,False,False,False
ball09_wild,48,1700,128,True,0,0,False,False,False
cup14_indoor,49,50,32,True,32,32,True,True,False
cup14_indoor,49,50,64,True,64,64,True,True,False
cup14_indoor,49,50,128,True,128,128,True,True,False
cup14_indoor,49,100,32,True,32,32,True,True,False
cup14_indoor,49,100,64,True,64,64,True,True,False
cup14_indoor,49,100,128,True,128,126,True,True,False
cup14_indoor,49,150,32,True,32,32,True,True,False
cup14_indoor,49,150,64,True,64,62,True,True,False
cup14_indoor,49,150,128,True,128,124,True,True,False
cup14_indoor,49,200,32,True,32,32,True,True,False
cup14_indoor,49,200,64,True,64,62,True,True,False
cup14_indoor,49,200,128,True,128,126,True,True,False
cup14_indoor,49,250,32,True,32,32,True,True,False
cup14_indoor,49,250,64,True,64,64,True,True,False
cup14_indoor,49,250,128,True,128,126,True,True,False
cup14_indoor,49,300,32,True,32,32,True,True,False
cup14_indoor,49,300,64,True,64,64,True,True,False
cup14_indoor,49,300,128,True,128,126,True,True,False
cup14_indoor,49,350,32,True,32,30,True,True,False
cup14_indoor,49,350,64,True,64,62,True,True,False
cup14_indoor,49,350,128,True,128,126,True,True,False
cup14_indoor,49,400,32,True,32,32,True,True,False
cup14_indoor,49,400,64,True,64,64,True,True,False
cup14_indoor,49,400,128,True,128,128,True,True,False
cup14_indoor,49,450,32,True,32,32,True,True,False
cup14_indoor,49,450,64,True,64,64,True,True,False
cup14_indoor,49,450,128,True,128,128,True,True,False
cup14_indoor,49,500,32,True,32,32,True,True,False
cup14_indoor,49,500,64,True,64,64,True,True,False
cup14_indoor,49,500,128,True,128,128,True,True,False
cup14_indoor,49,550,32,True,32,32,True,True,False
cup14_indoor,49,550,64,True,64,64,True,True,False
cup14_indoor,49,550,128,True,128,128,True,True,False
cup14_indoor,49,600,32,True,32,32,True,True,False
cup14_indoor,49,600,64,True,64,64,True,True,False
cup14_indoor,49,600,128,True,128,128,True,True,False
cup14_indoor,49,650,32,True,32,32,True,True,False
cup14_indoor,49,650,64,True,64,64,True,True,False
cup14_indoor,49,650,128,True,128,126,True,True,False
cup14_indoor,49,700,32,True,32,32,True,True,False
cup14_indoor,49,700,64,True,64,62,True,True,False
cup14_indoor,49,700,128,True,128,121,True,True,False
cup14_indoor,49,750,32,True,32,32,True,True,False
cup14_indoor,49,750,64,True,64,59,True,True,False
cup14_indoor,49,750,128,True,128,118,True,True,False
cup14_indoor,49,800,32,True,32,32,True,True,False
cup14_indoor,49,800,64,True,64,59,True,True,False
cup14_indoor,49,800,128,True,128,123,True,True,False
cup14_indoor,49,850,32,True,32,27,True,True,False
cup14_indoor,49,850,64,True,64,59,True,True,False
cup14_indoor,49,850,128,True,128,123,True,True,False
cup14_indoor,49,900,32,True,32,32,True,True,False
cup14_indoor,49,900,64,True,64,64,True,True,False
cup14_indoor,49,900,128,True,128,128,True,True,False
cup14_indoor,49,950,32,True,32,32,True,True,False
cup14_indoor,49,950,64,True,64,64,True,True,False
cup14_indoor,49,950,128,True,128,128,True,True,False
cup14_indoor,49,1000,32,True,32,32,True,True,False
cup14_indoor,49,1000,64,True,64,64,True,True,False
cup14_indoor,49,1000,128,True,128,128,True,True,False
cup14_indoor,49,1050,32,True,32,32,True,True,False
cup14_indoor,49,1050,64,True,64,64,True,True,False
cup14_indoor,49,1050,128,True,128,128,True,True,False
cup14_indoor,49,1100,32,True,32,32,True,True,False
cup14_indoor,49,1100,64,True,64,64,True,True,False
cup14_indoor,49,1100,128,True,128,128,True,True,False
cup14_indoor,49,1150,32,True,32,32,True,True,False
cup14_indoor,49,1150,64,True,64,64,True,True,False
cup14_indoor,49,1150,128,True,128,118,True,True,False
cup14_indoor,49,1200,32,True,32,32,True,True,False
cup14_indoor,49,1200,64,True,64,64,True,True,False
cup14_indoor,49,1200,128,True,128,111,True,True,False
cup14_indoor,49,1250,32,True,32,18,True,True,False
cup14_indoor,49,1250,64,True,64,47,True,True,False
cup14_indoor,49,1250,128,True,128,111,True,True,False
cup14_indoor,49,1300,32,True,32,32,True,True,False
cup14_indoor,49,1300,64,True,64,64,True,True,False
cup14_indoor,49,1300,128,True,128,128,True,True,False
cup14_indoor,49,1350,32,True,32,32,True,True,False
cup14_indoor,49,1350,64,True,64,64,True,True,False
cup14_indoor,49,1350,128,True,128,128,True,True,False
cup14_indoor,49,1400,32,True,32,32,True,True,False
cup14_indoor,49,1400,64,True,64,64,True,True,False
cup14_indoor,49,1400,128,True,128,128,True,True,False
cup14_indoor,49,1450,32,True,32,32,True,True,False
cup14_indoor,49,1450,64,True,64,64,True,True,False
cup14_indoor,49,1450,128,True,128,128,True,True,False
cup14_indoor,49,1500,32,True,32,32,True,True,False
cup14_indoor,49,1500,64,True,64,64,True,True,False
cup14_indoor,49,1500,128,True,128,128,True,True,False
cup14_indoor,49,1550,32,True,32,32,True,True,False
cup14_indoor,49,1550,64,True,64,64,True,True,False
cup14_indoor,49,1550,128,True,128,128,True,True,False
cup14_indoor,49,1600,32,True,32,32,True,True,False
cup14_indoor,49,1600,64,True,64,64,True,True,False
cup14_indoor,49,1600,128,True,128,128,True,True,False
cup14_indoor,49,1650,32,True,32,32,True,True,False
cup14_indoor,49,1650,64,True,64,64,True,True,False
cup14_indoor,49,1650,128,True,128,128,True,True,False
cup14_indoor,49,1700,32,True,32,32,True,True,False
cup14_indoor,49,1700,64,True,64,64,True,True,False
cup14_indoor,49,1700,128,True,128,128,True,True,False
cup14_indoor,49,1750,32,True,32,32,True,True,False
cup14_indoor,49,1750,64,True,64,64,True,True,False
cup14_indoor,49,1750,128,True,128,128,True,True,False
cup14_indoor,49,1800,32,True,32,32,True,True,False
cup14_indoor,49,1800,64,True,64,64,True,True,False
cup14_indoor,49,1800,128,True,128,128,True,True,False
cup14_indoor,49,1850,32,True,32,32,True,True,False
cup14_indoor,49,1850,64,True,64,64,True,True,False
cup14_indoor,49,1850,128,True,128,128,True,True,False
cup14_indoor,49,1900,32,True,32,32,True,True,False
cup14_indoor,49,1900,64,True,64,64,True,True,False
cup14_indoor,49,1900,128,True,84,84,True,True,False
cup14_indoor,49,1950,32,True,32,32,True,True,False
cup14_indoor,49,1950,64,True,34,34,True,True,False
cup14_indoor,49,1950,128,True,34,34,True,True,False
hat03_indoor,50,50,32,True,32,32,True,True,False
hat03_indoor,50,50,64,True,64,64,True,True,False
hat03_indoor,50,50,128,True,128,128,True,True,False
hat03_indoor,50,100,32,True,32,32,True,True,False
hat03_indoor,50,100,64,True,64,64,True,True,False
hat03_indoor,50,100,128,True,128,128,True,True,False
hat03_indoor,50,150,32,True,32,32,True,True,False
hat03_indoor,50,150,64,True,64,64,True,True,False
hat03_indoor,50,150,128,True,128,128,True,True,False
hat03_indoor,50,200,32,True,32,32,True,True,False
hat03_indoor,50,200,64,True,64,64,True,True,False
hat03_indoor,50,200,128,True,128,128,True,True,False
hat03_indoor,50,250,32,True,32,32,True,True,False
hat03_indoor,50,250,64,True,64,64,True,True,False
hat03_indoor,50,250,128,True,128,128,True,True,False
hat03_indoor,50,300,32,True,32,32,True,True,False
hat03_indoor,50,300,64,True,64,64,True,True,False
hat03_indoor,50,300,128,True,128,128,True,True,False
hat03_indoor,50,350,32,True,32,32,True,True,False
hat03_indoor,50,350,64,True,64,64,True,True,False
hat03_indoor,50,350,128,True,128,128,True,True,False
hat03_indoor,50,400,32,True,32,32,True,True,False
hat03_indoor,50,400,64,True,64,64,True,True,False
hat03_indoor,50,400,128,True,128,128,True,True,False
hat03_indoor,50,450,32,True,32,32,True,True,False
hat03_indoor,50,450,64,True,64,64,True,True,False
hat03_indoor,50,450,128,True,128,128,True,True,False
hat03_indoor,50,500,32,True,32,32,True,True,False
hat03_indoor,50,500,64,True,64,64,True,True,False
hat03_indoor,50,500,128,True,128,128,True,True,False
hat03_indoor,50,550,32,True,32,32,True,True,False
hat03_indoor,50,550,64,True,64,64,True,True,False
hat03_indoor,50,550,128,True,128,128,True,True,False
hat03_indoor,50,600,32,True,32,32,True,True,False
hat03_indoor,50,600,64,True,64,64,True,True,False
hat03_indoor,50,600,128,True,128,128,True,True,False
hat03_indoor,50,650,32,True,32,32,True,True,False
hat03_indoor,50,650,64,True,64,64,True,True,False
hat03_indoor,50,650,128,True,128,128,True,True,False
hat03_indoor,50,700,32,True,32,32,True,True,False
hat03_indoor,50,700,64,True,64,64,True,True,False
hat03_indoor,50,700,128,True,128,128,True,True,False
hat03_indoor,50,750,32,True,32,32,True,True,False
hat03_indoor,50,750,64,True,64,64,True,True,False
hat03_indoor,50,750,128,True,128,128,True,True,False
hat03_indoor,50,800,32,True,32,32,True,True,False
hat03_indoor,50,800,64,True,64,64,True,True,False
hat03_indoor,50,800,128,True,128,128,True,True,False
hat03_indoor,50,850,32,True,32,32,True,True,False
hat03_indoor,50,850,64,True,64,64,True,True,False
hat03_indoor,50,850,128,True,128,128,True,True,False
hat03_indoor,50,900,32,True,32,32,True,True,False
hat03_indoor,50,900,64,True,64,64,True,True,False
hat03_indoor,50,900,128,True,128,128,True,True,False
hat03_indoor,50,950,32,True,32,32,True,True,False
hat03_indoor,50,950,64,True,64,64,True,True,False
hat03_indoor,50,950,128,True,128,128,True,True,False
hat03_indoor,50,1000,32,True,32,32,True,True,False
hat03_indoor,50,1000,64,True,64,64,True,True,False
hat03_indoor,50,1000,128,True,128,128,True,True,False
hat03_indoor,50,1050,32,True,32,32,True,True,False
hat03_indoor,50,1050,64,True,64,64,True,True,False
hat03_indoor,50,1050,128,True,128,128,True,True,False
hat03_indoor,50,1100,32,True,32,32,True,True,False
hat03_indoor,50,1100,64,True,64,64,True,True,False
hat03_indoor,50,1100,128,True,118,118,True,True,False
hat03_indoor,50,1150,32,True,32,32,True,True,False
hat03_indoor,50,1150,64,True,64,64,True,True,False
hat03_indoor,50,1150,128,True,68,68,True,True,False
hat03_indoor,50,1200,32,True,18,18,True,True,False
hat03_indoor,50,1200,64,True,18,18,True,True,False
hat03_indoor,50,1200,128,True,18,18,True,True,False
toy04_indoor,51,50,32,True,32,32,True,True,False
toy04_indoor,51,50,64,True,64,64,True,True,False
toy04_indoor,51,50,128,True,128,128,True,True,False
toy04_indoor,51,100,32,True,32,32,True,True,False
toy04_indoor,51,100,64,True,64,64,True,True,False
toy04_indoor,51,100,128,True,128,128,True,True,False
toy04_indoor,51,150,32,True,32,32,True,True,False
toy04_indoor,51,150,64,True,64,64,True,True,False
toy04_indoor,51,150,128,True,128,128,True,True,False
toy04_indoor,51,200,32,True,32,32,True,True,False
toy04_indoor,51,200,64,True,64,64,True,True,False
toy04_indoor,51,200,128,True,128,128,True,True,False
toy04_indoor,51,250,32,True,32,32,True,True,False
toy04_indoor,51,250,64,True,64,64,True,True,False
toy04_indoor,51,250,128,True,128,128,True,True,False
toy04_indoor,51,300,32,True,32,32,True,True,False
toy04_indoor,51,300,64,True,64,64,True,True,False
toy04_indoor,51,300,128,True,128,128,True,True,False
toy04_indoor,51,350,32,True,32,32,True,True,False
toy04_indoor,51,350,64,True,64,64,True,True,False
toy04_indoor,51,350,128,True,128,128,True,True,False
toy04_indoor,51,400,32,True,32,32,True,True,False
toy04_indoor,51,400,64,True,64,64,True,True,False
toy04_indoor,51,400,128,True,128,128,True,True,False
toy04_indoor,51,450,32,True,32,32,True,True,False
toy04_indoor,51,450,64,True,64,64,True,True,False
toy04_indoor,51,450,128,True,128,128,True,True,False
toy04_indoor,51,500,32,True,32,32,True,True,False
toy04_indoor,51,500,64,True,64,64,True,True,False
toy04_indoor,51,500,128,True,128,128,True,True,False
toy04_indoor,51,550,32,True,32,32,True,True,False
toy04_indoor,51,550,64,True,64,64,True,True,False
toy04_indoor,51,550,128,True,128,128,True,True,False
toy04_indoor,51,600,32,True,32,32,True,True,False
toy04_indoor,51,600,64,True,64,64,True,True,False
toy04_indoor,51,600,128,True,128,128,True,True,False
toy04_indoor,51,650,32,True,32,32,True,True,False
toy04_indoor,51,650,64,True,64,64,True,True,False
toy04_indoor,51,650,128,True,128,128,True,True,False
toy04_indoor,51,700,32,True,32,32,True,True,False
toy04_indoor,51,700,64,True,64,64,True,True,False
toy04_indoor,51,700,128,True,128,128,True,True,False
toy04_indoor,51,750,32,True,32,32,True,True,False
toy04_indoor,51,750,64,True,64,64,True,True,False
toy04_indoor,51,750,128,True,128,128,True,True,False
toy04_indoor,51,800,32,True,32,32,True,True,False
toy04_indoor,51,800,64,True,64,64,True,True,False
toy04_indoor,51,800,128,True,128,128,True,True,False
toy04_indoor,51,850,32,True,32,32,True,True,False
toy04_indoor,51,850,64,True,64,64,True,True,False
toy04_indoor,51,850,128,True,128,128,True,True,False
toy04_indoor,51,900,32,True,32,32,True,True,False
toy04_indoor,51,900,64,True,64,64,True,True,False
toy04_indoor,51,900,128,True,128,128,True,True,False
toy04_indoor,51,950,32,True,32,32,True,True,False
toy04_indoor,51,950,64,True,64,64,True,True,False
toy04_indoor,51,950,128,True,128,128,True,True,False
toy04_indoor,51,1000,32,True,32,32,True,True,False
toy04_indoor,51,1000,64,True,64,64,True,True,False
toy04_indoor,51,1000,128,True,116,116,True,True,False
toy04_indoor,51,1050,32,True,32,32,True,True,False
toy04_indoor,51,1050,64,True,64,64,True,True,False
toy04_indoor,51,1050,128,True,66,66,True,True,False
toy04_indoor,51,1100,32,True,16,16,True,True,False
toy04_indoor,51,1100,64,True,16,16,True,True,False
toy04_indoor,51,1100,128,True,16,16,True,True,False
toy10_indoor,52,50,32,True,32,31,True,True,False
toy10_indoor,52,50,64,True,64,31,True,True,False
toy10_indoor,52,50,128,True,128,56,True,True,False
toy10_indoor,52,100,32,False,32,0,False,False,False
toy10_indoor,52,100,64,False,64,11,False,True,True
toy10_indoor,52,100,128,False,128,75,False,True,True
toy10_indoor,52,150,32,False,32,29,False,True,True
toy10_indoor,52,150,64,False,64,61,False,True,True
toy10_indoor,52,150,128,False,128,125,False,True,True
toy10_indoor,52,200,32,True,32,32,True,True,False
toy10_indoor,52,200,64,True,64,64,True,True,False
toy10_indoor,52,200,128,True,128,128,True,True,False
toy10_indoor,52,250,32,True,32,32,True,True,False
toy10_indoor,52,250,64,True,64,64,True,True,False
toy10_indoor,52,250,128,True,128,128,True,True,False
toy10_indoor,52,300,32,True,32,32,True,True,False
toy10_indoor,52,300,64,True,64,64,True,True,False
toy10_indoor,52,300,128,True,128,128,True,True,False
toy10_indoor,52,350,32,True,32,32,True,True,False
toy10_indoor,52,350,64,True,64,64,True,True,False
toy10_indoor,52,350,128,True,128,128,True,True,False
toy10_indoor,52,400,32,True,32,32,True,True,False
toy10_indoor,52,400,64,True,64,64,True,True,False
toy10_indoor,52,400,128,True,128,128,True,True,False
toy10_indoor,52,450,32,True,32,32,True,True,False
toy10_indoor,52,450,64,True,64,64,True,True,False
toy10_indoor,52,450,128,True,128,123,True,True,False
toy10_indoor,52,500,32,True,32,32,True,True,False
toy10_indoor,52,500,64,True,64,64,True,True,False
toy10_indoor,52,500,128,True,128,87,True,True,False
toy10_indoor,52,550,32,True,32,23,True,True,False
toy10_indoor,52,550,64,True,64,24,True,True,False
toy10_indoor,52,550,128,True,128,73,True,True,False
toy10_indoor,52,600,32,False,32,18,False,True,True
toy10_indoor,52,600,64,False,64,50,False,True,True
toy10_indoor,52,600,128,False,128,74,False,True,True
toy10_indoor,52,650,32,True,32,14,True,True,False
toy10_indoor,52,650,64,True,64,24,True,True,False
toy10_indoor,52,650,128,True,128,68,True,True,False
toy10_indoor,52,700,32,False,32,28,False,True,True
toy10_indoor,52,700,64,False,64,40,False,True,True
toy10_indoor,52,700,128,False,128,104,False,True,True
toy10_indoor,52,750,32,False,32,25,False,True,True
toy10_indoor,52,750,64,False,64,57,False,True,True
toy10_indoor,52,750,128,False,128,114,False,True,True
toy10_indoor,52,800,32,True,32,32,True,True,False
toy10_indoor,52,800,64,True,64,57,True,True,False
toy10_indoor,52,800,128,True,128,90,True,True,False
toy10_indoor,52,850,32,False,32,26,False,True,True
toy10_indoor,52,850,64,False,64,41,False,True,True
toy10_indoor,52,850,128,False,128,79,False,True,True
toy10_indoor,52,900,32,False,32,0,False,False,False
toy10_indoor,52,900,64,False,64,24,False,True,True
toy10_indoor,52,900,128,False,95,55,False,True,True
toy10_indoor,52,950,32,True,32,32,True,True,False
toy10_indoor,52,950,64,True,45,45,True,True,False
toy10_indoor,52,950,128,True,45,45,True,True,False
human01_indoor,53,50,32,True,32,32,True,True,False
human01_indoor,53,50,64,True,64,64,True,True,False
human01_indoor,53,50,128,True,128,128,True,True,False
human01_indoor,53,100,32,True,32,32,True,True,False
human01_indoor,53,100,64,True,64,64,True,True,False
human01_indoor,53,100,128,True,128,128,True,True,False
human01_indoor,53,150,32,True,32,32,True,True,False
human01_indoor,53,150,64,True,64,64,True,True,False
human01_indoor,53,150,128,True,128,128,True,True,False
human01_indoor,53,200,32,True,32,32,True,True,False
human01_indoor,53,200,64,True,64,64,True,True,False
human01_indoor,53,200,128,True,128,128,True,True,False
human01_indoor,53,250,32,True,32,32,True,True,False
human01_indoor,53,250,64,True,64,64,True,True,False
human01_indoor,53,250,128,True,128,128,True,True,False
human01_indoor,53,300,32,True,32,32,True,True,False
human01_indoor,53,300,64,True,64,64,True,True,False
human01_indoor,53,300,128,True,128,128,True,True,False
human01_indoor,53,350,32,True,32,32,True,True,False
human01_indoor,53,350,64,True,64,64,True,True,False
human01_indoor,53,350,128,True,128,128,True,True,False
human01_indoor,53,400,32,True,32,32,True,True,False
human01_indoor,53,400,64,True,64,64,True,True,False
human01_indoor,53,400,128,True,128,128,True,True,False
human01_indoor,53,450,32,True,32,32,True,True,False
human01_indoor,53,450,64,True,64,64,True,True,False
human01_indoor,53,450,128,True,128,128,True,True,False
human01_indoor,53,500,32,True,32,32,True,True,False
human01_indoor,53,500,64,True,64,64,True,True,False
human01_indoor,53,500,128,True,128,128,True,True,False
human01_indoor,53,550,32,True,32,32,True,True,False
human01_indoor,53,550,64,True,64,64,True,True,False
human01_indoor,53,550,128,True,128,128,True,True,False
human01_indoor,53,600,32,True,32,32,True,True,False
human01_indoor,53,600,64,True,64,64,True,True,False
human01_indoor,53,600,128,True,128,128,True,True,False
human01_indoor,53,650,32,True,32,32,True,True,False
human01_indoor,53,650,64,True,64,64,True,True,False
human01_indoor,53,650,128,True,128,103,True,True,False
human01_indoor,53,700,32,True,32,32,True,True,False
human01_indoor,53,700,64,True,64,51,True,True,False
human01_indoor,53,700,128,True,128,103,True,True,False
human01_indoor,53,750,32,True,32,7,True,True,False
human01_indoor,53,750,64,True,64,39,True,True,False
human01_indoor,53,750,128,True,128,103,True,True,False
human01_indoor,53,800,32,True,32,32,True,True,False
human01_indoor,53,800,64,True,64,64,True,True,False
human01_indoor,53,800,128,True,128,128,True,True,False
human01_indoor,53,850,32,True,32,32,True,True,False
human01_indoor,53,850,64,True,64,64,True,True,False
human01_indoor,53,850,128,True,128,128,True,True,False
human01_indoor,53,900,32,True,32,32,True,True,False
human01_indoor,53,900,64,True,64,64,True,True,False
human01_indoor,53,900,128,True,128,128,True,True,False
human01_indoor,53,950,32,True,32,32,True,True,False
human01_indoor,53,950,64,True,64,64,True,True,False
human01_indoor,53,950,128,True,128,128,True,True,False
human01_indoor,53,1000,32,True,32,32,True,True,False
human01_indoor,53,1000,64,True,64,64,True,True,False
human01_indoor,53,1000,128,True,128,128,True,True,False
human01_indoor,53,1050,32,True,32,32,True,True,False
human01_indoor,53,1050,64,True,64,64,True,True,False
human01_indoor,53,1050,128,True,128,128,True,True,False
human01_indoor,53,1100,32,True,32,32,True,True,False
human01_indoor,53,1100,64,True,64,64,True,True,False
human01_indoor,53,1100,128,True,128,128,True,True,False
human01_indoor,53,1150,32,True,32,32,True,True,False
human01_indoor,53,1150,64,True,64,64,True,True,False
human01_indoor,53,1150,128,True,128,128,True,True,False
human01_indoor,53,1200,32,True,32,32,True,True,False
human01_indoor,53,1200,64,True,64,64,True,True,False
human01_indoor,53,1200,128,True,128,128,True,True,False
human01_indoor,53,1250,32,True,32,32,True,True,False
human01_indoor,53,1250,64,True,64,64,True,True,False
human01_indoor,53,1250,128,True,128,128,True,True,False
human01_indoor,53,1300,32,True,32,32,True,True,False
human01_indoor,53,1300,64,True,64,64,True,True,False
human01_indoor,53,1300,128,True,128,128,True,True,False
human01_indoor,53,1350,32,True,32,32,True,True,False
human01_indoor,53,1350,64,True,64,64,True,True,False
human01_indoor,53,1350,128,True,128,128,True,True,False
human01_indoor,53,1400,32,True,32,32,True,True,False
human01_indoor,53,1400,64,True,64,64,True,True,False
human01_indoor,53,1400,128,True,105,102,True,True,False
human01_indoor,53,1450,32,True,32,32,True,True,False
human01_indoor,53,1450,64,True,55,52,True,True,False
human01_indoor,53,1450,128,True,55,52,True,True,False
human01_indoor,53,1500,32,True,5,2,True,True,False
human01_indoor,53,1500,64,True,5,2,True,True,False
human01_indoor,53,1500,128,True,5,2,True,True,False
glass05_indoor,54,50,32,True,32,32,True,True,False
glass05_indoor,54,50,64,True,64,64,True,True,False
glass05_indoor,54,50,128,True,128,128,True,True,False
glass05_indoor,54,100,32,True,32,32,True,True,False
glass05_indoor,54,100,64,True,64,64,True,True,False
glass05_indoor,54,100,128,True,128,128,True,True,False
glass05_indoor,54,150,32,True,32,32,True,True,False
glass05_indoor,54,150,64,True,64,64,True,True,False
glass05_indoor,54,150,128,True,128,128,True,True,False
glass05_indoor,54,200,32,True,32,32,True,True,False
glass05_indoor,54,200,64,True,64,64,True,True,False
glass05_indoor,54,200,128,True,128,128,True,True,False
glass05_indoor,54,250,32,True,32,32,True,True,False
glass05_indoor,54,250,64,True,64,64,True,True,False
glass05_indoor,54,250,128,True,128,128,True,True,False
glass05_indoor,54,300,32,True,32,32,True,True,False
glass05_indoor,54,300,64,True,64,64,True,True,False
glass05_indoor,54,300,128,True,128,128,True,True,False
glass05_indoor,54,350,32,True,32,32,True,True,False
glass05_indoor,54,350,64,True,64,64,True,True,False
glass05_indoor,54,350,128,True,128,128,True,True,False
glass05_indoor,54,400,32,True,32,32,True,True,False
glass05_indoor,54,400,64,True,64,64,True,True,False
glass05_indoor,54,400,128,True,128,128,True,True,False
glass05_indoor,54,450,32,True,32,32,True,True,False
glass05_indoor,54,450,64,True,64,64,True,True,False
glass05_indoor,54,450,128,True,128,128,True,True,False
glass05_indoor,54,500,32,True,32,32,True,True,False
glass05_indoor,54,500,64,True,64,64,True,True,False
glass05_indoor,54,500,128,True,128,128,True,True,False
glass05_indoor,54,550,32,True,32,32,True,True,False
glass05_indoor,54,550,64,True,64,64,True,True,False
glass05_indoor,54,550,128,True,128,117,True,True,False
glass05_indoor,54,600,32,True,32,32,True,True,False
glass05_indoor,54,600,64,True,64,55,True,True,False
glass05_indoor,54,600,128,True,128,67,True,True,False
glass05_indoor,54,650,32,True,32,17,True,True,False
glass05_indoor,54,650,64,True,64,17,True,True,False
glass05_indoor,54,650,128,True,128,65,True,True,False
glass05_indoor,54,700,32,False,32,2,False,True,True
glass05_indoor,54,700,64,False,64,34,False,True,True
glass05_indoor,54,700,128,False,128,98,False,True,True
glass05_indoor,54,750,32,True,32,32,True,True,False
glass05_indoor,54,750,64,True,64,64,True,True,False
glass05_indoor,54,750,128,True,128,128,True,True,False
glass05_indoor,54,800,32,True,32,32,True,True,False
glass05_indoor,54,800,64,True,64,64,True,True,False
glass05_indoor,54,800,128,True,128,128,True,True,False
glass05_indoor,54,850,32,True,32,32,True,True,False
glass05_indoor,54,850,64,True,64,64,True,True,False
glass05_indoor,54,850,128,True,128,128,True,True,False
glass05_indoor,54,900,32,True,32,32,True,True,False
glass05_indoor,54,900,64,True,64,64,True,True,False
glass05_indoor,54,900,128,True,128,128,True,True,False
glass05_indoor,54,950,32,True,32,32,True,True,False
glass05_indoor,54,950,64,True,64,64,True,True,False
glass05_indoor,54,950,128,True,123,94,True,True,False
glass05_indoor,54,1000,32,True,32,30,True,True,False
glass05_indoor,54,1000,64,True,64,35,True,True,False
glass05_indoor,54,1000,128,True,73,44,True,True,False
glass05_indoor,54,1050,32,False,23,14,False,True,True
glass05_indoor,54,1050,64,False,23,14,False,True,True
glass05_indoor,54,1050,128,False,23,14,False,True,True
notebook03_indoor,55,50,32,True,32,32,True,True,False
notebook03_indoor,55,50,64,True,64,64,True,True,False
notebook03_indoor,55,50,128,True,128,128,True,True,False
notebook03_indoor,55,100,32,True,32,32,True,True,False
notebook03_indoor,55,100,64,True,64,64,True,True,False
notebook03_indoor,55,100,128,True,128,128,True,True,False
notebook03_indoor,55,150,32,True,32,32,True,True,False
notebook03_indoor,55,150,64,True,64,64,True,True,False
notebook03_indoor,55,150,128,True,128,128,True,True,False
notebook03_indoor,55,200,32,True,32,32,True,True,False
notebook03_indoor,55,200,64,True,64,64,True,True,False
notebook03_indoor,55,200,128,True,128,128,True,True,False
notebook03_indoor,55,250,32,True,32,32,True,True,False
notebook03_indoor,55,250,64,True,64,64,True,True,False
notebook03_indoor,55,250,128,True,128,128,True,True,False
notebook03_indoor,55,300,32,True,32,32,True,True,False
notebook03_indoor,55,300,64,True,64,64,True,True,False
notebook03_indoor,55,300,128,True,128,128,True,True,False
notebook03_indoor,55,350,32,True,32,32,True,True,False
notebook03_indoor,55,350,64,True,64,64,True,True,False
notebook03_indoor,55,350,128,True,128,128,True,True,False
notebook03_indoor,55,400,32,True,32,32,True,True,False
notebook03_indoor,55,400,64,True,64,64,True,True,False
notebook03_indoor,55,400,128,True,128,95,True,True,False
notebook03_indoor,55,450,32,True,32,32,True,True,False
notebook03_indoor,55,450,64,True,64,45,True,True,False
notebook03_indoor,55,450,128,True,128,63,True,True,False
notebook03_indoor,55,500,32,False,32,0,False,False,False
notebook03_indoor,55,500,64,False,64,4,False,True,True
notebook03_indoor,55,500,128,False,128,68,False,True,True
notebook03_indoor,55,550,32,False,32,22,False,True,True
notebook03_indoor,55,550,64,False,64,54,False,True,True
notebook03_indoor,55,550,128,False,128,118,False,True,True
notebook03_indoor,55,600,32,True,32,32,True,True,False
notebook03_indoor,55,600,64,True,64,64,True,True,False
notebook03_indoor,55,600,128,True,128,128,True,True,False
notebook03_indoor,55,650,32,True,32,32,True,True,False
notebook03_indoor,55,650,64,True,64,64,True,True,False
notebook03_indoor,55,650,128,True,128,128,True,True,False
notebook03_indoor,55,700,32,True,32,32,True,True,False
notebook03_indoor,55,700,64,True,64,64,True,True,False
notebook03_indoor,55,700,128,True,128,128,True,True,False
notebook03_indoor,55,750,32,True,32,32,True,True,False
notebook03_indoor,55,750,64,True,64,64,True,True,False
notebook03_indoor,55,750,128,True,128,128,True,True,False
notebook03_indoor,55,800,32,True,32,32,True,True,False
notebook03_indoor,55,800,64,True,64,64,True,True,False
notebook03_indoor,55,800,128,True,128,128,True,True,False
notebook03_indoor,55,850,32,True,32,32,True,True,False
notebook03_indoor,55,850,64,True,64,64,True,True,False
notebook03_indoor,55,850,128,True,90,90,True,True,False
notebook03_indoor,55,900,32,True,32,32,True,True,False
notebook03_indoor,55,900,64,True,40,40,True,True,False
notebook03_indoor,55,900,128,True,40,40,True,True,False
toiletpaper04_indoor,56,50,32,True,32,32,True,True,False
toiletpaper04_indoor,56,50,64,True,64,64,True,True,False
toiletpaper04_indoor,56,50,128,True,128,128,True,True,False
toiletpaper04_indoor,56,100,32,True,32,32,True,True,False
toiletpaper04_indoor,56,100,64,True,64,64,True,True,False
toiletpaper04_indoor,56,100,128,True,128,128,True,True,False
toiletpaper04_indoor,56,150,32,True,32,32,True,True,False
toiletpaper04_indoor,56,150,64,True,64,64,True,True,False
toiletpaper04_indoor,56,150,128,True,128,128,True,True,False
toiletpaper04_indoor,56,200,32,True,32,32,True,True,False
toiletpaper04_indoor,56,200,64,True,64,64,True,True,False
toiletpaper04_indoor,56,200,128,True,128,128,True,True,False
toiletpaper04_indoor,56,250,32,True,32,32,True,True,False
toiletpaper04_indoor,56,250,64,True,64,64,True,True,False
toiletpaper04_indoor,56,250,128,True,128,128,True,True,False
toiletpaper04_indoor,56,300,32,True,32,32,True,True,False
toiletpaper04_indoor,56,300,64,True,64,64,True,True,False
toiletpaper04_indoor,56,300,128,True,128,128,True,True,False
toiletpaper04_indoor,56,350,32,True,32,32,True,True,False
toiletpaper04_indoor,56,350,64,True,64,64,True,True,False
toiletpaper04_indoor,56,350,128,True,128,128,True,True,False
toiletpaper04_indoor,56,400,32,True,32,32,True,True,False
toiletpaper04_indoor,56,400,64,True,64,64,True,True,False
toiletpaper04_indoor,56,400,128,True,128,128,True,True,False
toiletpaper04_indoor,56,450,32,True,32,32,True,True,False
toiletpaper04_indoor,56,450,64,True,64,64,True,True,False
toiletpaper04_indoor,56,450,128,True,128,128,True,True,False
toiletpaper04_indoor,56,500,32,True,32,32,True,True,False
toiletpaper04_indoor,56,500,64,True,64,64,True,True,False
toiletpaper04_indoor,56,500,128,True,128,128,True,True,False
toiletpaper04_indoor,56,550,32,True,32,32,True,True,False
toiletpaper04_indoor,56,550,64,True,64,64,True,True,False
toiletpaper04_indoor,56,550,128,True,128,127,True,True,False
toiletpaper04_indoor,56,600,32,True,32,32,True,True,False
toiletpaper04_indoor,56,600,64,True,64,63,True,True,False
toiletpaper04_indoor,56,600,128,True,128,127,True,True,False
toiletpaper04_indoor,56,650,32,True,32,31,True,True,False
toiletpaper04_indoor,56,650,64,True,64,63,True,True,False
toiletpaper04_indoor,56,650,128,True,128,127,True,True,False
toiletpaper04_indoor,56,700,32,True,32,32,True,True,False
toiletpaper04_indoor,56,700,64,True,64,64,True,True,False
toiletpaper04_indoor,56,700,128,True,128,128,True,True,False
toiletpaper04_indoor,56,750,32,True,32,32,True,True,False
toiletpaper04_indoor,56,750,64,True,64,64,True,True,False
toiletpaper04_indoor,56,750,128,True,128,128,True,True,False
toiletpaper04_indoor,56,800,32,True,32,32,True,True,False
toiletpaper04_indoor,56,800,64,True,64,64,True,True,False
toiletpaper04_indoor,56,800,128,True,128,115,True,True,False
toiletpaper04_indoor,56,850,32,True,32,32,True,True,False
toiletpaper04_indoor,56,850,64,True,64,51,True,True,False
toiletpaper04_indoor,56,850,128,True,128,103,True,True,False
toiletpaper04_indoor,56,900,32,False,32,31,False,True,True
toiletpaper04_indoor,56,900,64,False,64,60,False,True,True
toiletpaper04_indoor,56,900,128,False,128,115,False,True,True
toiletpaper04_indoor,56,950,32,True,32,20,True,True,False
toiletpaper04_indoor,56,950,64,True,64,52,True,True,False
toiletpaper04_indoor,56,950,128,True,128,116,True,True,False
toiletpaper04_indoor,56,1000,32,True,32,32,True,True,False
toiletpaper04_indoor,56,1000,64,True,64,64,True,True,False
toiletpaper04_indoor,56,1000,128,True,128,128,True,True,False
toiletpaper04_indoor,56,1050,32,True,32,32,True,True,False
toiletpaper04_indoor,56,1050,64,True,64,64,True,True,False
toiletpaper04_indoor,56,1050,128,True,106,106,True,True,False
toiletpaper04_indoor,56,1100,32,True,32,32,True,True,False
toiletpaper04_indoor,56,1100,64,True,56,56,True,True,False
toiletpaper04_indoor,56,1100,128,True,56,56,True,True,False
toiletpaper04_indoor,56,1150,32,True,6,6,True,True,False
toiletpaper04_indoor,56,1150,64,True,6,6,True,True,False
toiletpaper04_indoor,56,1150,128,True,6,6,True,True,False
lock01_wild,57,50,32,True,32,32,True,True,False
lock01_wild,57,50,64,True,64,64,True,True,False
lock01_wild,57,50,128,True,128,128,True,True,False
lock01_wild,57,100,32,True,32,32,True,True,False
lock01_wild,57,100,64,True,64,64,True,True,False
lock01_wild,57,100,128,True,128,128,True,True,False
lock01_wild,57,150,32,True,32,32,True,True,False
lock01_wild,57,150,64,True,64,64,True,True,False
lock01_wild,57,150,128,True,128,123,True,True,False
lock01_wild,57,200,32,True,32,32,True,True,False
lock01_wild,57,200,64,True,64,59,True,True,False
lock01_wild,57,200,128,True,128,112,True,True,False
lock01_wild,57,250,32,True,32,32,True,True,False
lock01_wild,57,250,64,True,64,53,True,True,False
lock01_wild,57,250,128,True,128,109,True,True,False
lock01_wild,57,300,32,False,32,32,False,True,True
lock01_wild,57,300,64,False,64,61,False,True,True
lock01_wild,57,300,128,False,128,95,False,True,True
lock01_wild,57,350,32,True,32,20,True,True,False
lock01_wild,57,350,64,True,64,45,True,True,False
lock01_wild,57,350,128,True,128,68,True,True,False
lock01_wild,57,400,32,True,32,10,True,True,False
lock01_wild,57,400,64,True,64,26,True,True,False
lock01_wild,57,400,128,True,110,49,True,True,False
lock01_wild,57,450,32,True,32,20,True,True,False
lock01_wild,57,450,64,True,60,32,True,True,False
lock01_wild,57,450,128,True,60,32,True,True,False
lock01_wild,57,500,32,False,10,0,False,False,False
lock01_wild,57,500,64,False,10,0,False,False,False
lock01_wild,57,500,128,False,10,0,False,False,False
painting_indoor_320,58,50,32,True,32,32,True,True,False
painting_indoor_320,58,50,64,True,64,64,True,True,False
painting_indoor_320,58,50,128,True,128,128,True,True,False
painting_indoor_320,58,100,32,True,32,32,True,True,False
painting_indoor_320,58,100,64,True,64,64,True,True,False
painting_indoor_320,58,100,128,True,128,128,True,True,False
painting_indoor_320,58,150,32,True,32,32,True,True,False
painting_indoor_320,58,150,64,True,64,64,True,True,False
painting_indoor_320,58,150,128,True,128,128,True,True,False
painting_indoor_320,58,200,32,True,32,32,True,True,False
painting_indoor_320,58,200,64,True,64,64,True,True,False
painting_indoor_320,58,200,128,True,128,128,True,True,False
painting_indoor_320,58,250,32,True,32,32,True,True,False
painting_indoor_320,58,250,64,True,64,64,True,True,False
painting_indoor_320,58,250,128,True,128,128,True,True,False
painting_indoor_320,58,300,32,True,32,32,True,True,False
painting_indoor_320,58,300,64,True,64,64,True,True,False
painting_indoor_320,58,300,128,True,128,128,True,True,False
painting_indoor_320,58,350,32,True,32,32,True,True,False
painting_indoor_320,58,350,64,True,64,64,True,True,False
painting_indoor_320,58,350,128,True,128,128,True,True,False
painting_indoor_320,58,400,32,True,32,32,True,True,False
painting_indoor_320,58,400,64,True,64,64,True,True,False
painting_indoor_320,58,400,128,True,128,128,True,True,False
painting_indoor_320,58,450,32,True,32,32,True,True,False
painting_indoor_320,58,450,64,True,64,64,True,True,False
painting_indoor_320,58,450,128,True,128,128,True,True,False
painting_indoor_320,58,500,32,True,32,32,True,True,False
painting_indoor_320,58,500,64,True,64,64,True,True,False
painting_indoor_320,58,500,128,True,128,102,True,True,False
painting_indoor_320,58,550,32,True,32,32,True,True,False
painting_indoor_320,58,550,64,True,64,52,True,True,False
painting_indoor_320,58,550,128,True,128,68,True,True,False
painting_indoor_320,58,600,32,True,32,2,True,True,False
painting_indoor_320,58,600,64,True,64,4,True,True,False
painting_indoor_320,58,600,128,True,128,68,True,True,False
painting_indoor_320,58,650,32,False,32,20,False,True,True
painting_indoor_320,58,650,64,False,64,52,False,True,True
painting_indoor_320,58,650,128,False,128,116,False,True,True
painting_indoor_320,58,700,32,True,32,32,True,True,False
painting_indoor_320,58,700,64,True,64,64,True,True,False
painting_indoor_320,58,700,128,True,128,128,True,True,False
painting_indoor_320,58,750,32,True,32,32,True,True,False
painting_indoor_320,58,750,64,True,64,64,True,True,False
painting_indoor_320,58,750,128,True,128,94,True,True,False
painting_indoor_320,58,800,32,True,32,32,True,True,False
painting_indoor_320,58,800,64,True,64,44,True,True,False
painting_indoor_320,58,800,128,True,128,67,True,True,False
painting_indoor_320,58,850,32,False,32,0,False,False,False
painting_indoor_320,58,850,64,False,64,9,False,True,True
painting_indoor_320,58,850,128,False,128,73,False,True,True
painting_indoor_320,58,900,32,False,32,27,False,True,True
painting_indoor_320,58,900,64,False,64,59,False,True,True
painting_indoor_320,58,900,128,False,99,94,False,True,True
painting_indoor_320,58,950,32,True,32,32,True,True,False
painting_indoor_320,58,950,64,True,49,49,True,True,False
painting_indoor_320,58,950,128,True,49,49,True,True,False
hat02_indoor_320,59,50,32,True,32,32,True,True,False
hat02_indoor_320,59,50,64,True,64,64,True,True,False
hat02_indoor_320,59,50,128,True,128,128,True,True,False
hat02_indoor_320,59,100,32,True,32,32,True,True,False
hat02_indoor_320,59,100,64,True,64,64,True,True,False
hat02_indoor_320,59,100,128,True,128,128,True,True,False
hat02_indoor_320,59,150,32,True,32,32,True,True,False
hat02_indoor_320,59,150,64,True,64,64,True,True,False
hat02_indoor_320,59,150,128,True,128,128,True,True,False
hat02_indoor_320,59,200,32,True,32,32,True,True,False
hat02_indoor_320,59,200,64,True,64,64,True,True,False
hat02_indoor_320,59,200,128,True,128,93,True,True,False
hat02_indoor_320,59,250,32,True,32,32,True,True,False
hat02_indoor_320,59,250,64,True,64,43,True,True,False
hat02_indoor_320,59,250,128,True,128,43,True,True,False
hat02_indoor_320,59,300,32,False,32,0,False,False,False
hat02_indoor_320,59,300,64,False,64,0,False,False,False
hat02_indoor_320,59,300,128,False,128,50,False,True,True
hat02_indoor_320,59,350,32,False,32,4,False,True,True
hat02_indoor_320,59,350,64,False,64,36,False,True,True
hat02_indoor_320,59,350,128,False,128,78,False,True,True
hat02_indoor_320,59,400,32,True,32,32,True,True,False
hat02_indoor_320,59,400,64,True,64,42,True,True,False
hat02_indoor_320,59,400,128,True,128,102,True,True,False
hat02_indoor_320,59,450,32,False,32,24,False,True,True
hat02_indoor_320,59,450,64,False,64,53,False,True,True
hat02_indoor_320,59,450,128,False,128,117,False,True,True
hat02_indoor_320,59,500,32,True,32,32,True,True,False
hat02_indoor_320,59,500,64,True,64,64,True,True,False
hat02_indoor_320,59,500,128,True,128,128,True,True,False
hat02_indoor_320,59,550,32,True,32,32,True,True,False
hat02_indoor_320,59,550,64,True,64,64,True,True,False
hat02_indoor_320,59,550,128,True,128,128,True,True,False
hat02_indoor_320,59,600,32,True,32,32,True,True,False
hat02_indoor_320,59,600,64,True,64,64,True,True,False
hat02_indoor_320,59,600,128,True,128,128,True,True,False
hat02_indoor_320,59,650,32,True,32,32,True,True,False
hat02_indoor_320,59,650,64,True,64,64,True,True,False
hat02_indoor_320,59,650,128,True,128,128,True,True,False
hat02_indoor_320,59,700,32,True,32,32,True,True,False
hat02_indoor_320,59,700,64,True,64,64,True,True,False
hat02_indoor_320,59,700,128,True,128,128,True,True,False
hat02_indoor_320,59,750,32,True,32,32,True,True,False
hat02_indoor_320,59,750,64,True,64,64,True,True,False
hat02_indoor_320,59,750,128,True,128,128,True,True,False
hat02_indoor_320,59,800,32,True,32,32,True,True,False
hat02_indoor_320,59,800,64,True,64,64,True,True,False
hat02_indoor_320,59,800,128,True,128,128,True,True,False
hat02_indoor_320,59,850,32,True,32,32,True,True,False
hat02_indoor_320,59,850,64,True,64,64,True,True,False
hat02_indoor_320,59,850,128,True,128,128,True,True,False
hat02_indoor_320,59,900,32,True,32,32,True,True,False
hat02_indoor_320,59,900,64,True,64,64,True,True,False
hat02_indoor_320,59,900,128,True,128,128,True,True,False
hat02_indoor_320,59,950,32,True,32,32,True,True,False
hat02_indoor_320,59,950,64,True,64,64,True,True,False
hat02_indoor_320,59,950,128,True,128,122,True,True,False
hat02_indoor_320,59,1000,32,True,32,32,True,True,False
hat02_indoor_320,59,1000,64,True,64,59,True,True,False
hat02_indoor_320,59,1000,128,True,128,120,True,True,False
hat02_indoor_320,59,1050,32,True,32,24,True,True,False
hat02_indoor_320,59,1050,64,True,64,56,True,True,False
hat02_indoor_320,59,1050,128,True,128,120,True,True,False
hat02_indoor_320,59,1100,32,True,32,32,True,True,False
hat02_indoor_320,59,1100,64,True,64,64,True,True,False
hat02_indoor_320,59,1100,128,True,102,102,True,True,False
hat02_indoor_320,59,1150,32,True,32,32,True,True,False
hat02_indoor_320,59,1150,64,True,52,52,True,True,False
hat02_indoor_320,59,1150,128,True,52,52,True,True,False
hat02_indoor_320,59,1200,32,True,2,2,True,True,False
hat02_indoor_320,59,1200,64,True,2,2,True,True,False
hat02_indoor_320,59,1200,128,True,2,2,True,True,False
bike01_wild,60,50,32,True,32,32,True,True,False
bike01_wild,60,50,64,True,64,64,True,True,False
bike01_wild,60,50,128,True,128,128,True,True,False
bike01_wild,60,100,32,True,32,32,True,True,False
bike01_wild,60,100,64,True,64,64,True,True,False
bike01_wild,60,100,128,True,128,128,True,True,False
bike01_wild,60,150,32,True,32,32,True,True,False
bike01_wild,60,150,64,True,64,64,True,True,False
bike01_wild,60,150,128,True,128,102,True,True,False
bike01_wild,60,200,32,True,32,32,True,True,False
bike01_wild,60,200,64,True,64,52,True,True,False
bike01_wild,60,200,128,True,128,94,True,True,False
bike01_wild,60,250,32,True,32,2,True,True,False
bike01_wild,60,250,64,True,64,30,True,True,False
bike01_wild,60,250,128,True,128,94,True,True,False
bike01_wild,60,300,32,True,32,32,True,True,False
bike01_wild,60,300,64,True,64,64,True,True,False
bike01_wild,60,300,128,True,128,128,True,True,False
bike01_wild,60,350,32,True,32,32,True,True,False
bike01_wild,60,350,64,True,64,64,True,True,False
bike01_wild,60,350,128,True,128,128,True,True,False
bike01_wild,60,400,32,True,32,32,True,True,False
bike01_wild,60,400,64,True,64,64,True,True,False
bike01_wild,60,400,128,True,128,128,True,True,False
bike01_wild,60,450,32,True,32,32,True,True,False
bike01_wild,60,450,64,True,64,64,True,True,False
bike01_wild,60,450,128,True,128,128,True,True,False
bike01_wild,60,500,32,True,32,32,True,True,False
bike01_wild,60,500,64,True,64,64,True,True,False
bike01_wild,60,500,128,True,128,128,True,True,False
bike01_wild,60,550,32,True,32,32,True,True,False
bike01_wild,60,550,64,True,64,64,True,True,False
bike01_wild,60,550,128,True,128,128,True,True,False
bike01_wild,60,600,32,True,32,32,True,True,False
bike01_wild,60,600,64,True,64,64,True,True,False
bike01_wild,60,600,128,True,128,128,True,True,False
bike01_wild,60,650,32,True,32,32,True,True,False
bike01_wild,60,650,64,True,64,64,True,True,False
bike01_wild,60,650,128,True,128,128,True,True,False
bike01_wild,60,700,32,True,32,32,True,True,False
bike01_wild,60,700,64,True,64,64,True,True,False
bike01_wild,60,700,128,True,128,128,True,True,False
bike01_wild,60,750,32,True,32,32,True,True,False
bike01_wild,60,750,64,True,64,64,True,True,False
bike01_wild,60,750,128,True,128,128,True,True,False
bike01_wild,60,800,32,True,32,32,True,True,False
bike01_wild,60,800,64,True,64,64,True,True,False
bike01_wild,60,800,128,True,128,128,True,True,False
bike01_wild,60,850,32,True,32,32,True,True,False
bike01_wild,60,850,64,True,64,64,True,True,False
bike01_wild,60,850,128,True,128,128,True,True,False
bike01_wild,60,900,32,True,32,32,True,True,False
bike01_wild,60,900,64,True,64,64,True,True,False
bike01_wild,60,900,128,True,128,128,True,True,False
bike01_wild,60,950,32,True,32,32,True,True,False
bike01_wild,60,950,64,True,64,64,True,True,False
bike01_wild,60,950,128,True,128,128,True,True,False
bike01_wild,60,1000,32,True,32,32,True,True,False
bike01_wild,60,1000,64,True,64,64,True,True,False
bike01_wild,60,1000,128,True,128,128,True,True,False
bike01_wild,60,1050,32,True,32,32,True,True,False
bike01_wild,60,1050,64,True,64,64,True,True,False
bike01_wild,60,1050,128,True,128,128,True,True,False
bike01_wild,60,1100,32,True,32,32,True,True,False
bike01_wild,60,1100,64,True,64,64,True,True,False
bike01_wild,60,1100,128,True,128,128,True,True,False
bike01_wild,60,1150,32,True,32,32,True,True,False
bike01_wild,60,1150,64,True,64,64,True,True,False
bike01_wild,60,1150,128,True,128,128,True,True,False
bike01_wild,60,1200,32,True,32,32,True,True,False
bike01_wild,60,1200,64,True,64,64,True,True,False
bike01_wild,60,1200,128,True,128,128,True,True,False
bike01_wild,60,1250,32,True,32,32,True,True,False
bike01_wild,60,1250,64,True,64,64,True,True,False
bike01_wild,60,1250,128,True,103,103,True,True,False
bike01_wild,60,1300,32,True,32,32,True,True,False
bike01_wild,60,1300,64,True,53,53,True,True,False
bike01_wild,60,1300,128,True,53,53,True,True,False
bike01_wild,60,1350,32,True,3,3,True,True,False
bike01_wild,60,1350,64,True,3,3,True,True,False
bike01_wild,60,1350,128,True,3,3,True,True,False
cat04_indoor,61,50,32,True,32,32,True,True,False
cat04_indoor,61,50,64,True,64,64,True,True,False
cat04_indoor,61,50,128,True,128,128,True,True,False
cat04_indoor,61,100,32,True,32,32,True,True,False
cat04_indoor,61,100,64,True,64,64,True,True,False
cat04_indoor,61,100,128,True,128,115,True,True,False
cat04_indoor,61,150,32,True,32,32,True,True,False
cat04_indoor,61,150,64,True,64,51,True,True,False
cat04_indoor,61,150,128,True,128,115,True,True,False
cat04_indoor,61,200,32,False,32,24,False,True,True
cat04_indoor,61,200,64,False,64,56,False,True,True
cat04_indoor,61,200,128,False,128,116,False,True,True
cat04_indoor,61,250,32,True,32,32,True,True,False
cat04_indoor,61,250,64,True,64,60,True,True,False
cat04_indoor,61,250,128,True,128,124,True,True,False
cat04_indoor,61,300,32,True,32,32,True,True,False
cat04_indoor,61,300,64,True,64,64,True,True,False
cat04_indoor,61,300,128,True,93,88,True,True,False
cat04_indoor,61,350,32,True,32,32,True,True,False
cat04_indoor,61,350,64,True,43,38,True,True,False
cat04_indoor,61,350,128,True,43,38,True,True,False
toy07_indoor_320,62,50,32,True,32,32,True,True,False
toy07_indoor_320,62,50,64,True,64,64,True,True,False
toy07_indoor_320,62,50,128,True,128,126,True,True,False
toy07_indoor_320,62,100,32,True,32,32,True,True,False
toy07_indoor_320,62,100,64,True,64,64,True,True,False
toy07_indoor_320,62,100,128,True,128,79,True,True,False
toy07_indoor_320,62,150,32,True,32,26,True,True,False
toy07_indoor_320,62,150,64,True,64,26,True,True,False
toy07_indoor_320,62,150,128,True,128,79,True,True,False
toy07_indoor_320,62,200,32,False,32,7,False,True,True
toy07_indoor_320,62,200,64,False,64,39,False,True,True
toy07_indoor_320,62,200,128,False,128,85,False,True,True
toy07_indoor_320,62,250,32,True,32,32,True,True,False
toy07_indoor_320,62,250,64,True,64,60,True,True,False
toy07_indoor_320,62,250,128,True,128,86,True,True,False
toy07_indoor_320,62,300,32,True,32,10,True,True,False
toy07_indoor_320,62,300,64,True,64,22,True,True,False
toy07_indoor_320,62,300,128,True,128,86,True,True,False
toy07_indoor_320,62,350,32,False,32,30,False,True,True
toy07_indoor_320,62,350,64,False,64,62,False,True,True
toy07_indoor_320,62,350,128,False,128,126,False,True,True
toy07_indoor_320,62,400,32,True,32,32,True,True,False
toy07_indoor_320,62,400,64,True,64,64,True,True,False
toy07_indoor_320,62,400,128,True,128,86,True,True,False
toy07_indoor_320,62,450,32,True,32,32,True,True,False
toy07_indoor_320,62,450,64,True,64,36,True,True,False
toy07_indoor_320,62,450,128,True,128,36,True,True,False
toy07_indoor_320,62,500,32,False,32,0,False,False,False
toy07_indoor_320,62,500,64,False,64,0,False,False,False
toy07_indoor_320,62,500,128,False,128,46,False,True,True
toy07_indoor_320,62,550,32,False,32,0,False,False,False
toy07_indoor_320,62,550,64,False,64,32,False,True,True
toy07_indoor_320,62,550,128,False,128,96,False,True,True
toy07_indoor_320,62,600,32,True,32,32,True,True,False
toy07_indoor_320,62,600,64,True,64,64,True,True,False
toy07_indoor_320,62,600,128,True,128,128,True,True,False
toy07_indoor_320,62,650,32,True,32,32,True,True,False
toy07_indoor_320,62,650,64,True,64,64,True,True,False
toy07_indoor_320,62,650,128,True,128,103,True,True,False
toy07_indoor_320,62,700,32,True,32,32,True,True,False
toy07_indoor_320,62,700,64,True,64,53,True,True,False
toy07_indoor_320,62,700,128,True,128,89,True,True,False
toy07_indoor_320,62,750,32,True,32,3,True,True,False
toy07_indoor_320,62,750,64,True,64,25,True,True,False
toy07_indoor_320,62,750,128,True,128,57,True,True,False
toy07_indoor_320,62,800,32,True,32,32,True,True,False
toy07_indoor_320,62,800,64,True,64,46,True,True,False
toy07_indoor_320,62,800,128,True,128,85,True,True,False
toy07_indoor_320,62,850,32,False,32,0,False,False,False
toy07_indoor_320,62,850,64,False,64,25,False,True,True
toy07_indoor_320,62,850,128,False,128,61,False,True,True
toy07_indoor_320,62,900,32,True,32,32,True,True,False
toy07_indoor_320,62,900,64,True,64,50,True,True,False
toy07_indoor_320,62,900,128,True,128,85,True,True,False
toy07_indoor_320,62,950,32,True,32,0,False,False,False
toy07_indoor_320,62,950,64,True,64,21,True,True,False
toy07_indoor_320,62,950,128,True,128,53,True,True,False
toy07_indoor_320,62,1000,32,True,32,32,True,True,False
toy07_indoor_320,62,1000,64,True,64,46,True,True,False
toy07_indoor_320,62,1000,128,True,128,95,True,True,False
toy07_indoor_320,62,1050,32,False,32,3,False,True,True
toy07_indoor_320,62,1050,64,False,64,35,False,True,True
toy07_indoor_320,62,1050,128,False,128,53,False,True,True
toy07_indoor_320,62,1100,32,True,32,32,True,True,False
toy07_indoor_320,62,1100,64,True,64,32,True,True,False
toy07_indoor_320,62,1100,128,True,128,79,True,True,False
toy07_indoor_320,62,1150,32,False,32,1,False,True,True
toy07_indoor_320,62,1150,64,False,64,33,False,True,True
toy07_indoor_320,62,1150,128,False,128,97,False,True,True
toy07_indoor_320,62,1200,32,True,32,32,True,True,False
toy07_indoor_320,62,1200,64,True,64,64,True,True,False
toy07_indoor_320,62,1200,128,True,128,128,True,True,False
toy07_indoor_320,62,1250,32,True,32,32,True,True,False
toy07_indoor_320,62,1250,64,True,64,64,True,True,False
toy07_indoor_320,62,1250,128,True,116,116,True,True,False
toy07_indoor_320,62,1300,32,True,32,32,True,True,False
toy07_indoor_320,62,1300,64,True,64,64,True,True,False
toy07_indoor_320,62,1300,128,True,66,66,True,True,False
toy07_indoor_320,62,1350,32,True,16,16,True,True,False
toy07_indoor_320,62,1350,64,True,16,16,True,True,False
toy07_indoor_320,62,1350,128,True,16,16,True,True,False
toiletpaper03_indoor,63,50,32,True,32,32,True,True,False
toiletpaper03_indoor,63,50,64,True,64,64,True,True,False
toiletpaper03_indoor,63,50,128,True,128,128,True,True,False
toiletpaper03_indoor,63,100,32,True,32,32,True,True,False
toiletpaper03_indoor,63,100,64,True,64,64,True,True,False
toiletpaper03_indoor,63,100,128,True,128,128,True,True,False
toiletpaper03_indoor,63,150,32,True,32,32,True,True,False
toiletpaper03_indoor,63,150,64,True,64,64,True,True,False
toiletpaper03_indoor,63,150,128,True,128,128,True,True,False
toiletpaper03_indoor,63,200,32,True,32,32,True,True,False
toiletpaper03_indoor,63,200,64,True,64,64,True,True,False
toiletpaper03_indoor,63,200,128,True,128,128,True,True,False
toiletpaper03_indoor,63,250,32,True,32,32,True,True,False
toiletpaper03_indoor,63,250,64,True,64,64,True,True,False
toiletpaper03_indoor,63,250,128,True,128,128,True,True,False
toiletpaper03_indoor,63,300,32,True,32,32,True,True,False
toiletpaper03_indoor,63,300,64,True,64,64,True,True,False
toiletpaper03_indoor,63,300,128,True,128,128,True,True,False
toiletpaper03_indoor,63,350,32,True,32,32,True,True,False
toiletpaper03_indoor,63,350,64,True,64,64,True,True,False
toiletpaper03_indoor,63,350,128,True,128,128,True,True,False
toiletpaper03_indoor,63,400,32,True,32,32,True,True,False
toiletpaper03_indoor,63,400,64,True,64,64,True,True,False
toiletpaper03_indoor,63,400,128,True,128,111,True,True,False
toiletpaper03_indoor,63,450,32,True,32,32,True,True,False
toiletpaper03_indoor,63,450,64,True,64,51,True,True,False
toiletpaper03_indoor,63,450,128,True,128,111,True,True,False
toiletpaper03_indoor,63,500,32,False,32,16,False,True,True
toiletpaper03_indoor,63,500,64,False,64,48,False,True,True
toiletpaper03_indoor,63,500,128,False,128,100,False,True,True
toiletpaper03_indoor,63,550,32,True,32,32,True,True,False
toiletpaper03_indoor,63,550,64,True,64,64,True,True,False
toiletpaper03_indoor,63,550,128,True,128,72,True,True,False
toiletpaper03_indoor,63,600,32,True,32,19,True,True,False
toiletpaper03_indoor,63,600,64,True,64,22,True,True,False
toiletpaper03_indoor,63,600,128,True,128,64,True,True,False
toiletpaper03_indoor,63,650,32,False,32,0,False,False,False
toiletpaper03_indoor,63,650,64,False,64,28,False,True,True
toiletpaper03_indoor,63,650,128,False,128,92,False,True,True
toiletpaper03_indoor,63,700,32,True,32,32,True,True,False
toiletpaper03_indoor,63,700,64,True,64,64,True,True,False
toiletpaper03_indoor,63,700,128,True,128,128,True,True,False
toiletpaper03_indoor,63,750,32,True,32,32,True,True,False
toiletpaper03_indoor,63,750,64,True,64,64,True,True,False
toiletpaper03_indoor,63,750,128,True,128,128,True,True,False
toiletpaper03_indoor,63,800,32,True,32,32,True,True,False
toiletpaper03_indoor,63,800,64,True,64,64,True,True,False
toiletpaper03_indoor,63,800,128,True,128,113,True,True,False
toiletpaper03_indoor,63,850,32,True,32,32,True,True,False
toiletpaper03_indoor,63,850,64,True,64,49,True,True,False
toiletpaper03_indoor,63,850,128,True,128,99,True,True,False
toiletpaper03_indoor,63,900,32,False,32,32,False,True,True
toiletpaper03_indoor,63,900,64,False,64,50,False,True,True
toiletpaper03_indoor,63,900,128,False,128,101,False,True,True
toiletpaper03_indoor,63,950,32,False,32,28,False,True,True
toiletpaper03_indoor,63,950,64,False,64,47,False,True,True
toiletpaper03_indoor,63,950,128,False,128,101,False,True,True
toiletpaper03_indoor,63,1000,32,False,32,23,False,True,True
toiletpaper03_indoor,63,1000,64,False,64,45,False,True,True
toiletpaper03_indoor,63,1000,128,False,128,109,False,True,True
toiletpaper03_indoor,63,1050,32,False,32,24,False,True,True
toiletpaper03_indoor,63,1050,64,False,64,56,False,True,True
toiletpaper03_indoor,63,1050,128,False,128,109,False,True,True
toiletpaper03_indoor,63,1100,32,True,32,28,True,True,False
toiletpaper03_indoor,63,1100,64,True,64,57,True,True,False
toiletpaper03_indoor,63,1100,128,True,128,109,True,True,False
toiletpaper03_indoor,63,1150,32,True,32,24,True,True,False
toiletpaper03_indoor,63,1150,64,True,64,52,True,True,False
toiletpaper03_indoor,63,1150,128,True,128,103,True,True,False
toiletpaper03_indoor,63,1200,32,True,32,30,True,True,False
toiletpaper03_indoor,63,1200,64,True,64,55,True,True,False
toiletpaper03_indoor,63,1200,128,True,128,99,True,True,False
toiletpaper03_indoor,63,1250,32,True,32,24,True,True,False
toiletpaper03_indoor,63,1250,64,True,64,44,True,True,False
toiletpaper03_indoor,63,1250,128,True,128,93,True,True,False
toiletpaper03_indoor,63,1300,32,True,32,32,True,True,False
toiletpaper03_indoor,63,1300,64,True,64,51,True,True,False
toiletpaper03_indoor,63,1300,128,True,128,98,True,True,False
toiletpaper03_indoor,63,1350,32,True,32,30,True,True,False
toiletpaper03_indoor,63,1350,64,True,64,47,True,True,False
toiletpaper03_indoor,63,1350,128,True,128,111,True,True,False
toiletpaper03_indoor,63,1400,32,True,32,32,True,True,False
toiletpaper03_indoor,63,1400,64,True,64,64,True,True,False
toiletpaper03_indoor,63,1400,128,True,128,128,True,True,False
toiletpaper03_indoor,63,1450,32,True,32,32,True,True,False
toiletpaper03_indoor,63,1450,64,True,64,64,True,True,False
toiletpaper03_indoor,63,1450,128,True,128,128,True,True,False
toiletpaper03_indoor,63,1500,32,True,32,32,True,True,False
toiletpaper03_indoor,63,1500,64,True,64,64,True,True,False
toiletpaper03_indoor,63,1500,128,True,128,128,True,True,False
toiletpaper03_indoor,63,1550,32,True,32,32,True,True,False
toiletpaper03_indoor,63,1550,64,True,64,64,True,True,False
toiletpaper03_indoor,63,1550,128,True,128,128,True,True,False
toiletpaper03_indoor,63,1600,32,True,32,32,True,True,False
toiletpaper03_indoor,63,1600,64,True,64,64,True,True,False
toiletpaper03_indoor,63,1600,128,True,128,128,True,True,False
toiletpaper03_indoor,63,1650,32,True,32,32,True,True,False
toiletpaper03_indoor,63,1650,64,True,64,64,True,True,False
toiletpaper03_indoor,63,1650,128,True,128,128,True,True,False
toiletpaper03_indoor,63,1700,32,True,32,32,True,True,False
toiletpaper03_indoor,63,1700,64,True,64,64,True,True,False
toiletpaper03_indoor,63,1700,128,True,128,128,True,True,False
toiletpaper03_indoor,63,1750,32,True,32,32,True,True,False
toiletpaper03_indoor,63,1750,64,True,64,64,True,True,False
toiletpaper03_indoor,63,1750,128,True,94,94,True,True,False
toiletpaper03_indoor,63,1800,32,True,32,32,True,True,False
toiletpaper03_indoor,63,1800,64,True,44,44,True,True,False
toiletpaper03_indoor,63,1800,128,True,44,44,True,True,False
pigeon05_wild,64,50,32,True,32,32,True,True,False
pigeon05_wild,64,50,64,True,64,64,True,True,False
pigeon05_wild,64,50,128,True,128,128,True,True,False
pigeon05_wild,64,100,32,True,32,32,True,True,False
pigeon05_wild,64,100,64,True,64,64,True,True,False
pigeon05_wild,64,100,128,True,128,128,True,True,False
pigeon05_wild,64,150,32,True,32,32,True,True,False
pigeon05_wild,64,150,64,True,64,64,True,True,False
pigeon05_wild,64,150,128,True,128,128,True,True,False
pigeon05_wild,64,200,32,True,32,32,True,True,False
pigeon05_wild,64,200,64,True,64,64,True,True,False
pigeon05_wild,64,200,128,True,128,128,True,True,False
pigeon05_wild,64,250,32,True,32,32,True,True,False
pigeon05_wild,64,250,64,True,64,64,True,True,False
pigeon05_wild,64,250,128,True,128,128,True,True,False
pigeon05_wild,64,300,32,True,32,32,True,True,False
pigeon05_wild,64,300,64,True,64,64,True,True,False
pigeon05_wild,64,300,128,True,128,128,True,True,False
pigeon05_wild,64,350,32,True,32,32,True,True,False
pigeon05_wild,64,350,64,True,64,64,True,True,False
pigeon05_wild,64,350,128,True,128,128,True,True,False
pigeon05_wild,64,400,32,True,32,32,True,True,False
pigeon05_wild,64,400,64,True,64,64,True,True,False
pigeon05_wild,64,400,128,True,128,128,True,True,False
pigeon05_wild,64,450,32,True,32,32,True,True,False
pigeon05_wild,64,450,64,True,64,64,True,True,False
pigeon05_wild,64,450,128,True,128,128,True,True,False
pigeon05_wild,64,500,32,True,32,32,True,True,False
pigeon05_wild,64,500,64,True,64,64,True,True,False
pigeon05_wild,64,500,128,True,128,112,True,True,False
pigeon05_wild,64,550,32,True,32,32,True,True,False
pigeon05_wild,64,550,64,True,64,62,True,True,False
pigeon05_wild,64,550,128,True,128,98,True,True,False
pigeon05_wild,64,600,32,True,32,12,True,True,False
pigeon05_wild,64,600,64,True,64,34,True,True,False
pigeon05_wild,64,600,128,True,128,98,True,True,False
pigeon05_wild,64,650,32,True,32,32,True,True,False
pigeon05_wild,64,650,64,True,64,64,True,True,False
pigeon05_wild,64,650,128,True,128,128,True,True,False
pigeon05_wild,64,700,32,True,32,32,True,True,False
pigeon05_wild,64,700,64,True,64,64,True,True,False
pigeon05_wild,64,700,128,True,128,128,True,True,False
pigeon05_wild,64,750,32,True,32,32,True,True,False
pigeon05_wild,64,750,64,True,64,64,True,True,False
pigeon05_wild,64,750,128,True,128,128,True,True,False
pigeon05_wild,64,800,32,True,32,32,True,True,False
pigeon05_wild,64,800,64,True,64,64,True,True,False
pigeon05_wild,64,800,128,True,128,128,True,True,False
pigeon05_wild,64,850,32,True,32,32,True,True,False
pigeon05_wild,64,850,64,True,64,64,True,True,False
pigeon05_wild,64,850,128,True,128,128,True,True,False
pigeon05_wild,64,900,32,True,32,32,True,True,False
pigeon05_wild,64,900,64,True,64,64,True,True,False
pigeon05_wild,64,900,128,True,128,128,True,True,False
pigeon05_wild,64,950,32,True,32,32,True,True,False
pigeon05_wild,64,950,64,True,64,64,True,True,False
pigeon05_wild,64,950,128,True,128,128,True,True,False
pigeon05_wild,64,1000,32,True,32,32,True,True,False
pigeon05_wild,64,1000,64,True,64,64,True,True,False
pigeon05_wild,64,1000,128,True,128,99,True,True,False
pigeon05_wild,64,1050,32,True,32,32,True,True,False
pigeon05_wild,64,1050,64,True,64,49,True,True,False
pigeon05_wild,64,1050,128,True,128,49,True,True,False
pigeon05_wild,64,1100,32,False,32,0,False,False,False
pigeon05_wild,64,1100,64,False,64,0,False,False,False
pigeon05_wild,64,1100,128,False,128,0,False,False,False
pigeon05_wild,64,1150,32,False,32,0,False,False,False
pigeon05_wild,64,1150,64,False,64,0,False,False,False
pigeon05_wild,64,1150,128,False,99,0,False,False,False
pigeon05_wild,64,1200,32,False,32,0,False,False,False
pigeon05_wild,64,1200,64,False,49,0,False,False,False
pigeon05_wild,64,1200,128,False,49,0,False,False,False
hand02_indoor,65,50,32,True,32,32,True,True,False
hand02_indoor,65,50,64,True,64,64,True,True,False
hand02_indoor,65,50,128,True,128,128,True,True,False
hand02_indoor,65,100,32,True,32,32,True,True,False
hand02_indoor,65,100,64,True,64,64,True,True,False
hand02_indoor,65,100,128,True,128,126,True,True,False
hand02_indoor,65,150,32,True,32,32,True,True,False
hand02_indoor,65,150,64,True,64,62,True,True,False
hand02_indoor,65,150,128,True,128,125,True,True,False
hand02_indoor,65,200,32,True,32,32,True,True,False
hand02_indoor,65,200,64,True,64,63,True,True,False
hand02_indoor,65,200,128,True,128,127,True,True,False
hand02_indoor,65,250,32,True,32,32,True,True,False
hand02_indoor,65,250,64,True,64,64,True,True,False
hand02_indoor,65,250,128,True,128,128,True,True,False
hand02_indoor,65,300,32,True,32,32,True,True,False
hand02_indoor,65,300,64,True,64,64,True,True,False
hand02_indoor,65,300,128,True,128,128,True,True,False
hand02_indoor,65,350,32,True,32,32,True,True,False
hand02_indoor,65,350,64,True,64,64,True,True,False
hand02_indoor,65,350,128,True,128,128,True,True,False
hand02_indoor,65,400,32,True,32,32,True,True,False
hand02_indoor,65,400,64,True,64,64,True,True,False
hand02_indoor,65,400,128,True,128,128,True,True,False
hand02_indoor,65,450,32,True,32,32,True,True,False
hand02_indoor,65,450,64,True,64,64,True,True,False
hand02_indoor,65,450,128,True,128,116,True,True,False
hand02_indoor,65,500,32,True,32,32,True,True,False
hand02_indoor,65,500,64,True,64,64,True,True,False
hand02_indoor,65,500,128,True,128,93,True,True,False
hand02_indoor,65,550,32,True,32,16,True,True,False
hand02_indoor,65,550,64,True,64,29,True,True,False
hand02_indoor,65,550,128,True,128,93,True,True,False
hand02_indoor,65,600,32,False,32,31,False,True,True
hand02_indoor,65,600,64,False,64,63,False,True,True
hand02_indoor,65,600,128,False,128,127,False,True,True
hand02_indoor,65,650,32,True,32,32,True,True,False
hand02_indoor,65,650,64,True,64,64,True,True,False
hand02_indoor,65,650,128,True,128,128,True,True,False
hand02_indoor,65,700,32,True,32,32,True,True,False
hand02_indoor,65,700,64,True,64,64,True,True,False
hand02_indoor,65,700,128,True,128,126,True,True,False
hand02_indoor,65,750,32,True,32,32,True,True,False
hand02_indoor,65,750,64,True,64,64,True,True,False
hand02_indoor,65,750,128,True,128,103,True,True,False
hand02_indoor,65,800,32,True,32,26,True,True,False
hand02_indoor,65,800,64,True,64,39,True,True,False
hand02_indoor,65,800,128,True,100,75,True,True,False
hand02_indoor,65,850,32,False,32,31,False,True,True
hand02_indoor,65,850,64,False,50,49,False,True,True
hand02_indoor,65,850,128,False,50,49,False,True,True
hand02_indoor,65,900,32,True,0,0,False,False,False
hand02_indoor,65,900,64,True,0,0,False,False,False
hand02_indoor,65,900,128,True,0,0,False,False,False
mirror_indoor,66,50,32,True,32,32,True,True,False
mirror_indoor,66,50,64,True,64,64,True,True,False
mirror_indoor,66,50,128,True,128,128,True,True,False
mirror_indoor,66,100,32,True,32,32,True,True,False
mirror_indoor,66,100,64,True,64,64,True,True,False
mirror_indoor,66,100,128,True,128,128,True,True,False
mirror_indoor,66,150,32,True,32,32,True,True,False
mirror_indoor,66,150,64,True,64,64,True,True,False
mirror_indoor,66,150,128,True,128,128,True,True,False
mirror_indoor,66,200,32,True,32,32,True,True,False
mirror_indoor,66,200,64,True,64,64,True,True,False
mirror_indoor,66,200,128,True,128,128,True,True,False
mirror_indoor,66,250,32,True,32,32,True,True,False
mirror_indoor,66,250,64,True,64,64,True,True,False
mirror_indoor,66,250,128,True,128,128,True,True,False
mirror_indoor,66,300,32,True,32,32,True,True,False
mirror_indoor,66,300,64,True,64,64,True,True,False
mirror_indoor,66,300,128,True,128,128,True,True,False
mirror_indoor,66,350,32,True,32,32,True,True,False
mirror_indoor,66,350,64,True,64,64,True,True,False
mirror_indoor,66,350,128,True,128,128,True,True,False
mirror_indoor,66,400,32,True,32,32,True,True,False
mirror_indoor,66,400,64,True,64,64,True,True,False
mirror_indoor,66,400,128,True,128,128,True,True,False
mirror_indoor,66,450,32,True,32,32,True,True,False
mirror_indoor,66,450,64,True,64,64,True,True,False
mirror_indoor,66,450,128,True,128,128,True,True,False
mirror_indoor,66,500,32,True,32,32,True,True,False
mirror_indoor,66,500,64,True,64,64,True,True,False
mirror_indoor,66,500,128,True,128,128,True,True,False
mirror_indoor,66,550,32,True,32,32,True,True,False
mirror_indoor,66,550,64,True,64,64,True,True,False
mirror_indoor,66,550,128,True,128,128,True,True,False
mirror_indoor,66,600,32,True,32,32,True,True,False
mirror_indoor,66,600,64,True,64,64,True,True,False
mirror_indoor,66,600,128,True,128,128,True,True,False
mirror_indoor,66,650,32,True,32,32,True,True,False
mirror_indoor,66,650,64,True,64,64,True,True,False
mirror_indoor,66,650,128,True,128,128,True,True,False
mirror_indoor,66,700,32,True,32,32,True,True,False
mirror_indoor,66,700,64,True,64,64,True,True,False
mirror_indoor,66,700,128,True,128,128,True,True,False
mirror_indoor,66,750,32,True,32,32,True,True,False
mirror_indoor,66,750,64,True,64,64,True,True,False
mirror_indoor,66,750,128,True,128,128,True,True,False
mirror_indoor,66,800,32,True,32,32,True,True,False
mirror_indoor,66,800,64,True,64,64,True,True,False
mirror_indoor,66,800,128,True,128,128,True,True,False
mirror_indoor,66,850,32,True,32,32,True,True,False
mirror_indoor,66,850,64,True,64,64,True,True,False
mirror_indoor,66,850,128,True,128,128,True,True,False
mirror_indoor,66,900,32,True,32,32,True,True,False
mirror_indoor,66,900,64,True,64,64,True,True,False
mirror_indoor,66,900,128,True,128,128,True,True,False
mirror_indoor,66,950,32,True,32,32,True,True,False
mirror_indoor,66,950,64,True,64,64,True,True,False
mirror_indoor,66,950,128,True,128,128,True,True,False
mirror_indoor,66,1000,32,True,32,32,True,True,False
mirror_indoor,66,1000,64,True,64,64,True,True,False
mirror_indoor,66,1000,128,True,128,128,True,True,False
mirror_indoor,66,1050,32,True,32,32,True,True,False
mirror_indoor,66,1050,64,True,64,64,True,True,False
mirror_indoor,66,1050,128,True,128,128,True,True,False
mirror_indoor,66,1100,32,True,32,32,True,True,False
mirror_indoor,66,1100,64,True,64,64,True,True,False
mirror_indoor,66,1100,128,True,128,128,True,True,False
mirror_indoor,66,1150,32,True,32,32,True,True,False
mirror_indoor,66,1150,64,True,64,64,True,True,False
mirror_indoor,66,1150,128,True,105,105,True,True,False
mirror_indoor,66,1200,32,True,32,32,True,True,False
mirror_indoor,66,1200,64,True,55,55,True,True,False
mirror_indoor,66,1200,128,True,55,55,True,True,False
mirror_indoor,66,1250,32,True,5,5,True,True,False
mirror_indoor,66,1250,64,True,5,5,True,True,False
mirror_indoor,66,1250,128,True,5,5,True,True,False
shoes03_indoor,67,50,32,True,32,32,True,True,False
shoes03_indoor,67,50,64,True,64,64,True,True,False
shoes03_indoor,67,50,128,True,128,128,True,True,False
shoes03_indoor,67,100,32,True,32,32,True,True,False
shoes03_indoor,67,100,64,True,64,64,True,True,False
shoes03_indoor,67,100,128,True,128,128,True,True,False
shoes03_indoor,67,150,32,True,32,32,True,True,False
shoes03_indoor,67,150,64,True,64,64,True,True,False
shoes03_indoor,67,150,128,True,128,128,True,True,False
shoes03_indoor,67,200,32,True,32,32,True,True,False
shoes03_indoor,67,200,64,True,64,64,True,True,False
shoes03_indoor,67,200,128,True,128,128,True,True,False
shoes03_indoor,67,250,32,True,32,32,True,True,False
shoes03_indoor,67,250,64,True,64,64,True,True,False
shoes03_indoor,67,250,128,True,128,128,True,True,False
shoes03_indoor,67,300,32,True,32,32,True,True,False
shoes03_indoor,67,300,64,True,64,64,True,True,False
shoes03_indoor,67,300,128,True,128,128,True,True,False
shoes03_indoor,67,350,32,True,32,32,True,True,False
shoes03_indoor,67,350,64,True,64,64,True,True,False
shoes03_indoor,67,350,128,True,128,128,True,True,False
shoes03_indoor,67,400,32,True,32,32,True,True,False
shoes03_indoor,67,400,64,True,64,64,True,True,False
shoes03_indoor,67,400,128,True,128,123,True,True,False
shoes03_indoor,67,450,32,True,32,32,True,True,False
shoes03_indoor,67,450,64,True,64,59,True,True,False
shoes03_indoor,67,450,128,True,128,123,True,True,False
shoes03_indoor,67,500,32,False,32,31,False,True,True
shoes03_indoor,67,500,64,False,64,63,False,True,True
shoes03_indoor,67,500,128,False,128,127,False,True,True
shoes03_indoor,67,550,32,True,32,32,True,True,False
shoes03_indoor,67,550,64,True,64,64,True,True,False
shoes03_indoor,67,550,128,True,128,128,True,True,False
shoes03_indoor,67,600,32,True,32,32,True,True,False
shoes03_indoor,67,600,64,True,64,64,True,True,False
shoes03_indoor,67,600,128,True,128,128,True,True,False
shoes03_indoor,67,650,32,True,32,32,True,True,False
shoes03_indoor,67,650,64,True,64,64,True,True,False
shoes03_indoor,67,650,128,True,128,128,True,True,False
shoes03_indoor,67,700,32,True,32,32,True,True,False
shoes03_indoor,67,700,64,True,64,64,True,True,False
shoes03_indoor,67,700,128,True,128,128,True,True,False
shoes03_indoor,67,750,32,True,32,32,True,True,False
shoes03_indoor,67,750,64,True,64,64,True,True,False
shoes03_indoor,67,750,128,True,128,128,True,True,False
shoes03_indoor,67,800,32,True,32,32,True,True,False
shoes03_indoor,67,800,64,True,64,64,True,True,False
shoes03_indoor,67,800,128,True,128,128,True,True,False
shoes03_indoor,67,850,32,True,32,32,True,True,False
shoes03_indoor,67,850,64,True,64,64,True,True,False
shoes03_indoor,67,850,128,True,128,128,True,True,False
shoes03_indoor,67,900,32,True,32,32,True,True,False
shoes03_indoor,67,900,64,True,64,64,True,True,False
shoes03_indoor,67,900,128,True,128,128,True,True,False
shoes03_indoor,67,950,32,True,32,32,True,True,False
shoes03_indoor,67,950,64,True,64,64,True,True,False
shoes03_indoor,67,950,128,True,128,128,True,True,False
shoes03_indoor,67,1000,32,True,32,32,True,True,False
shoes03_indoor,67,1000,64,True,64,64,True,True,False
shoes03_indoor,67,1000,128,True,128,128,True,True,False
shoes03_indoor,67,1050,32,True,32,32,True,True,False
shoes03_indoor,67,1050,64,True,64,64,True,True,False
shoes03_indoor,67,1050,128,True,128,128,True,True,False
shoes03_indoor,67,1100,32,True,32,32,True,True,False
shoes03_indoor,67,1100,64,True,64,64,True,True,False
shoes03_indoor,67,1100,128,True,128,128,True,True,False
shoes03_indoor,67,1150,32,True,32,32,True,True,False
shoes03_indoor,67,1150,64,True,64,64,True,True,False
shoes03_indoor,67,1150,128,True,128,128,True,True,False
shoes03_indoor,67,1200,32,True,32,32,True,True,False
shoes03_indoor,67,1200,64,True,64,64,True,True,False
shoes03_indoor,67,1200,128,True,128,127,True,True,False
shoes03_indoor,67,1250,32,True,32,32,True,True,False
shoes03_indoor,67,1250,64,True,64,63,True,True,False
shoes03_indoor,67,1250,128,True,128,127,True,True,False
shoes03_indoor,67,1300,32,True,32,31,True,True,False
shoes03_indoor,67,1300,64,True,64,63,True,True,False
shoes03_indoor,67,1300,128,True,128,127,True,True,False
shoes03_indoor,67,1350,32,True,32,32,True,True,False
shoes03_indoor,67,1350,64,True,64,64,True,True,False
shoes03_indoor,67,1350,128,True,127,127,True,True,False
shoes03_indoor,67,1400,32,True,32,32,True,True,False
shoes03_indoor,67,1400,64,True,64,64,True,True,False
shoes03_indoor,67,1400,128,True,77,77,True,True,False
shoes03_indoor,67,1450,32,True,27,27,True,True,False
shoes03_indoor,67,1450,64,True,27,27,True,True,False
shoes03_indoor,67,1450,128,True,27,27,True,True,False
gymring_wild,68,50,32,True,32,32,True,True,False
gymring_wild,68,50,64,True,64,64,True,True,False
gymring_wild,68,50,128,True,128,128,True,True,False
gymring_wild,68,100,32,True,32,32,True,True,False
gymring_wild,68,100,64,True,64,64,True,True,False
gymring_wild,68,100,128,True,128,128,True,True,False
gymring_wild,68,150,32,True,32,32,True,True,False
gymring_wild,68,150,64,True,64,64,True,True,False
gymring_wild,68,150,128,True,128,128,True,True,False
gymring_wild,68,200,32,True,32,32,True,True,False
gymring_wild,68,200,64,True,64,64,True,True,False
gymring_wild,68,200,128,True,128,128,True,True,False
gymring_wild,68,250,32,True,32,32,True,True,False
gymring_wild,68,250,64,True,64,64,True,True,False
gymring_wild,68,250,128,True,128,128,True,True,False
gymring_wild,68,300,32,True,32,32,True,True,False
gymring_wild,68,300,64,True,64,64,True,True,False
gymring_wild,68,300,128,True,128,128,True,True,False
gymring_wild,68,350,32,True,32,32,True,True,False
gymring_wild,68,350,64,True,64,64,True,True,False
gymring_wild,68,350,128,True,128,128,True,True,False
gymring_wild,68,400,32,True,32,32,True,True,False
gymring_wild,68,400,64,True,64,64,True,True,False
gymring_wild,68,400,128,True,128,128,True,True,False
gymring_wild,68,450,32,True,32,32,True,True,False
gymring_wild,68,450,64,True,64,64,True,True,False
gymring_wild,68,450,128,True,128,128,True,True,False
gymring_wild,68,500,32,True,32,32,True,True,False
gymring_wild,68,500,64,True,64,64,True,True,False
gymring_wild,68,500,128,True,128,128,True,True,False
gymring_wild,68,550,32,True,32,32,True,True,False
gymring_wild,68,550,64,True,64,64,True,True,False
gymring_wild,68,550,128,True,128,128,True,True,False
gymring_wild,68,600,32,True,32,32,True,True,False
gymring_wild,68,600,64,True,64,64,True,True,False
gymring_wild,68,600,128,True,128,128,True,True,False
gymring_wild,68,650,32,True,32,32,True,True,False
gymring_wild,68,650,64,True,64,64,True,True,False
gymring_wild,68,650,128,True,128,128,True,True,False
gymring_wild,68,700,32,True,32,32,True,True,False
gymring_wild,68,700,64,True,64,64,True,True,False
gymring_wild,68,700,128,True,128,128,True,True,False
gymring_wild,68,750,32,True,32,32,True,True,False
gymring_wild,68,750,64,True,64,64,True,True,False
gymring_wild,68,750,128,True,128,128,True,True,False
gymring_wild,68,800,32,True,32,32,True,True,False
gymring_wild,68,800,64,True,64,64,True,True,False
gymring_wild,68,800,128,True,128,128,True,True,False
gymring_wild,68,850,32,True,32,32,True,True,False
gymring_wild,68,850,64,True,64,64,True,True,False
gymring_wild,68,850,128,True,128,128,True,True,False
gymring_wild,68,900,32,True,32,32,True,True,False
gymring_wild,68,900,64,True,64,64,True,True,False
gymring_wild,68,900,128,True,128,128,True,True,False
gymring_wild,68,950,32,True,32,32,True,True,False
gymring_wild,68,950,64,True,64,64,True,True,False
gymring_wild,68,950,128,True,128,128,True,True,False
gymring_wild,68,1000,32,True,32,32,True,True,False
gymring_wild,68,1000,64,True,64,64,True,True,False
gymring_wild,68,1000,128,True,128,128,True,True,False
gymring_wild,68,1050,32,True,32,32,True,True,False
gymring_wild,68,1050,64,True,64,64,True,True,False
gymring_wild,68,1050,128,True,128,128,True,True,False
gymring_wild,68,1100,32,True,32,32,True,True,False
gymring_wild,68,1100,64,True,64,64,True,True,False
gymring_wild,68,1100,128,True,128,128,True,True,False
gymring_wild,68,1150,32,True,32,32,True,True,False
gymring_wild,68,1150,64,True,64,64,True,True,False
gymring_wild,68,1150,128,True,93,93,True,True,False
gymring_wild,68,1200,32,True,32,32,True,True,False
gymring_wild,68,1200,64,True,43,43,True,True,False
gymring_wild,68,1200,128,True,43,43,True,True,False
duck02_wild,69,50,32,True,32,32,True,True,False
duck02_wild,69,50,64,True,64,64,True,True,False
duck02_wild,69,50,128,True,128,128,True,True,False
duck02_wild,69,100,32,True,32,32,True,True,False
duck02_wild,69,100,64,True,64,64,True,True,False
duck02_wild,69,100,128,True,128,128,True,True,False
duck02_wild,69,150,32,True,32,32,True,True,False
duck02_wild,69,150,64,True,64,64,True,True,False
duck02_wild,69,150,128,True,128,128,True,True,False
duck02_wild,69,200,32,True,32,32,True,True,False
duck02_wild,69,200,64,True,64,64,True,True,False
duck02_wild,69,200,128,True,84,84,True,True,False
duck02_wild,69,250,32,True,32,32,True,True,False
duck02_wild,69,250,64,True,34,34,True,True,False
duck02_wild,69,250,128,True,34,34,True,True,False
mobilephone04_indoor,70,50,32,True,32,32,True,True,False
mobilephone04_indoor,70,50,64,True,64,64,True,True,False
mobilephone04_indoor,70,50,128,True,128,128,True,True,False
mobilephone04_indoor,70,100,32,True,32,32,True,True,False
mobilephone04_indoor,70,100,64,True,64,64,True,True,False
mobilephone04_indoor,70,100,128,True,128,128,True,True,False
mobilephone04_indoor,70,150,32,True,32,32,True,True,False
mobilephone04_indoor,70,150,64,True,64,64,True,True,False
mobilephone04_indoor,70,150,128,True,128,128,True,True,False
mobilephone04_indoor,70,200,32,True,32,32,True,True,False
mobilephone04_indoor,70,200,64,True,64,64,True,True,False
mobilephone04_indoor,70,200,128,True,128,128,True,True,False
mobilephone04_indoor,70,250,32,True,32,32,True,True,False
mobilephone04_indoor,70,250,64,True,64,64,True,True,False
mobilephone04_indoor,70,250,128,True,128,128,True,True,False
mobilephone04_indoor,70,300,32,True,32,32,True,True,False
mobilephone04_indoor,70,300,64,True,64,64,True,True,False
mobilephone04_indoor,70,300,128,True,128,128,True,True,False
mobilephone04_indoor,70,350,32,True,32,32,True,True,False
mobilephone04_indoor,70,350,64,True,64,64,True,True,False
mobilephone04_indoor,70,350,128,True,128,128,True,True,False
mobilephone04_indoor,70,400,32,True,32,32,True,True,False
mobilephone04_indoor,70,400,64,True,64,64,True,True,False
mobilephone04_indoor,70,400,128,True,128,128,True,True,False
mobilephone04_indoor,70,450,32,True,32,32,True,True,False
mobilephone04_indoor,70,450,64,True,64,64,True,True,False
mobilephone04_indoor,70,450,128,True,128,128,True,True,False
mobilephone04_indoor,70,500,32,True,32,32,True,True,False
mobilephone04_indoor,70,500,64,True,64,64,True,True,False
mobilephone04_indoor,70,500,128,True,128,128,True,True,False
mobilephone04_indoor,70,550,32,True,32,32,True,True,False
mobilephone04_indoor,70,550,64,True,64,64,True,True,False
mobilephone04_indoor,70,550,128,True,128,128,True,True,False
mobilephone04_indoor,70,600,32,True,32,32,True,True,False
mobilephone04_indoor,70,600,64,True,64,64,True,True,False
mobilephone04_indoor,70,600,128,True,128,128,True,True,False
mobilephone04_indoor,70,650,32,True,32,32,True,True,False
mobilephone04_indoor,70,650,64,True,64,64,True,True,False
mobilephone04_indoor,70,650,128,True,128,124,True,True,False
mobilephone04_indoor,70,700,32,True,32,32,True,True,False
mobilephone04_indoor,70,700,64,True,64,64,True,True,False
mobilephone04_indoor,70,700,128,True,128,124,True,True,False
mobilephone04_indoor,70,750,32,True,32,28,True,True,False
mobilephone04_indoor,70,750,64,True,64,60,True,True,False
mobilephone04_indoor,70,750,128,True,128,123,True,True,False
mobilephone04_indoor,70,800,32,True,32,32,True,True,False
mobilephone04_indoor,70,800,64,True,64,64,True,True,False
mobilephone04_indoor,70,800,128,True,128,95,True,True,False
mobilephone04_indoor,70,850,32,True,32,27,True,True,False
mobilephone04_indoor,70,850,64,True,64,31,True,True,False
mobilephone04_indoor,70,850,128,True,128,58,True,True,False
mobilephone04_indoor,70,900,32,False,32,22,False,True,True
mobilephone04_indoor,70,900,64,False,64,31,False,True,True
mobilephone04_indoor,70,900,128,False,128,55,False,True,True
mobilephone04_indoor,70,950,32,False,32,0,False,False,False
mobilephone04_indoor,70,950,64,False,64,23,False,True,True
mobilephone04_indoor,70,950,128,False,128,65,False,True,True
mobilephone04_indoor,70,1000,32,True,32,15,True,True,False
mobilephone04_indoor,70,1000,64,True,64,42,True,True,False
mobilephone04_indoor,70,1000,128,True,128,106,True,True,False
mobilephone04_indoor,70,1050,32,True,32,32,True,True,False
mobilephone04_indoor,70,1050,64,True,64,64,True,True,False
mobilephone04_indoor,70,1050,128,True,128,128,True,True,False
mobilephone04_indoor,70,1100,32,True,32,32,True,True,False
mobilephone04_indoor,70,1100,64,True,64,64,True,True,False
mobilephone04_indoor,70,1100,128,True,128,113,True,True,False
mobilephone04_indoor,70,1150,32,True,32,32,True,True,False
mobilephone04_indoor,70,1150,64,True,64,63,True,True,False
mobilephone04_indoor,70,1150,128,True,128,113,True,True,False
mobilephone04_indoor,70,1200,32,True,32,17,True,True,False
mobilephone04_indoor,70,1200,64,True,64,49,True,True,False
mobilephone04_indoor,70,1200,128,True,128,113,True,True,False
mobilephone04_indoor,70,1250,32,True,32,32,True,True,False
mobilephone04_indoor,70,1250,64,True,64,64,True,True,False
mobilephone04_indoor,70,1250,128,True,128,128,True,True,False
mobilephone04_indoor,70,1300,32,True,32,32,True,True,False
mobilephone04_indoor,70,1300,64,True,64,64,True,True,False
mobilephone04_indoor,70,1300,128,True,128,128,True,True,False
mobilephone04_indoor,70,1350,32,True,32,32,True,True,False
mobilephone04_indoor,70,1350,64,True,64,64,True,True,False
mobilephone04_indoor,70,1350,128,True,128,128,True,True,False
mobilephone04_indoor,70,1400,32,True,32,32,True,True,False
mobilephone04_indoor,70,1400,64,True,64,64,True,True,False
mobilephone04_indoor,70,1400,128,True,128,104,True,True,False
mobilephone04_indoor,70,1450,32,True,32,32,True,True,False
mobilephone04_indoor,70,1450,64,True,64,40,True,True,False
mobilephone04_indoor,70,1450,128,True,128,104,True,True,False
mobilephone04_indoor,70,1500,32,False,32,18,False,True,True
mobilephone04_indoor,70,1500,64,False,64,50,False,True,True
mobilephone04_indoor,70,1500,128,False,128,114,False,True,True
mobilephone04_indoor,70,1550,32,True,32,32,True,True,False
mobilephone04_indoor,70,1550,64,True,64,64,True,True,False
mobilephone04_indoor,70,1550,128,True,128,128,True,True,False
mobilephone04_indoor,70,1600,32,True,32,32,True,True,False
mobilephone04_indoor,70,1600,64,True,64,64,True,True,False
mobilephone04_indoor,70,1600,128,True,128,128,True,True,False
mobilephone04_indoor,70,1650,32,True,32,32,True,True,False
mobilephone04_indoor,70,1650,64,True,64,64,True,True,False
mobilephone04_indoor,70,1650,128,True,128,128,True,True,False
mobilephone04_indoor,70,1700,32,True,32,32,True,True,False
mobilephone04_indoor,70,1700,64,True,64,64,True,True,False
mobilephone04_indoor,70,1700,128,True,128,128,True,True,False
mobilephone04_indoor,70,1750,32,True,32,32,True,True,False
mobilephone04_indoor,70,1750,64,True,64,64,True,True,False
mobilephone04_indoor,70,1750,128,True,128,128,True,True,False
mobilephone04_indoor,70,1800,32,True,32,32,True,True,False
mobilephone04_indoor,70,1800,64,True,64,64,True,True,False
mobilephone04_indoor,70,1800,128,True,128,128,True,True,False
mobilephone04_indoor,70,1850,32,True,32,32,True,True,False
mobilephone04_indoor,70,1850,64,True,64,64,True,True,False
mobilephone04_indoor,70,1850,128,True,128,128,True,True,False
mobilephone04_indoor,70,1900,32,True,32,32,True,True,False
mobilephone04_indoor,70,1900,64,True,64,64,True,True,False
mobilephone04_indoor,70,1900,128,True,128,128,True,True,False
mobilephone04_indoor,70,1950,32,True,32,32,True,True,False
mobilephone04_indoor,70,1950,64,True,64,64,True,True,False
mobilephone04_indoor,70,1950,128,True,128,128,True,True,False
mobilephone04_indoor,70,2000,32,True,32,32,True,True,False
mobilephone04_indoor,70,2000,64,True,64,64,True,True,False
mobilephone04_indoor,70,2000,128,True,123,123,True,True,False
mobilephone04_indoor,70,2050,32,True,32,32,True,True,False
mobilephone04_indoor,70,2050,64,True,64,64,True,True,False
mobilephone04_indoor,70,2050,128,True,73,73,True,True,False
mobilephone04_indoor,70,2100,32,True,23,23,True,True,False
mobilephone04_indoor,70,2100,64,True,23,23,True,True,False
mobilephone04_indoor,70,2100,128,True,23,23,True,True,False
duck06_wild,71,50,32,True,32,32,True,True,False
duck06_wild,71,50,64,True,64,64,True,True,False
duck06_wild,71,50,128,True,128,128,True,True,False
duck06_wild,71,100,32,True,32,32,True,True,False
duck06_wild,71,100,64,True,64,64,True,True,False
duck06_wild,71,100,128,True,128,128,True,True,False
duck06_wild,71,150,32,True,32,32,True,True,False
duck06_wild,71,150,64,True,64,64,True,True,False
duck06_wild,71,150,128,True,128,128,True,True,False
duck06_wild,71,200,32,True,32,32,True,True,False
duck06_wild,71,200,64,True,64,64,True,True,False
duck06_wild,71,200,128,True,128,128,True,True,False
duck06_wild,71,250,32,True,32,32,True,True,False
duck06_wild,71,250,64,True,64,64,True,True,False
duck06_wild,71,250,128,True,128,128,True,True,False
duck06_wild,71,300,32,True,32,32,True,True,False
duck06_wild,71,300,64,True,64,64,True,True,False
duck06_wild,71,300,128,True,128,128,True,True,False
duck06_wild,71,350,32,True,32,32,True,True,False
duck06_wild,71,350,64,True,64,64,True,True,False
duck06_wild,71,350,128,True,128,128,True,True,False
duck06_wild,71,400,32,True,32,32,True,True,False
duck06_wild,71,400,64,True,64,64,True,True,False
duck06_wild,71,400,128,True,128,128,True,True,False
duck06_wild,71,450,32,True,32,32,True,True,False
duck06_wild,71,450,64,True,64,64,True,True,False
duck06_wild,71,450,128,True,128,128,True,True,False
duck06_wild,71,500,32,True,32,32,True,True,False
duck06_wild,71,500,64,True,64,64,True,True,False
duck06_wild,71,500,128,True,128,128,True,True,False
duck06_wild,71,550,32,True,32,32,True,True,False
duck06_wild,71,550,64,True,64,64,True,True,False
duck06_wild,71,550,128,True,128,128,True,True,False
duck06_wild,71,600,32,True,32,32,True,True,False
duck06_wild,71,600,64,True,64,64,True,True,False
duck06_wild,71,600,128,True,128,128,True,True,False
duck06_wild,71,650,32,True,32,32,True,True,False
duck06_wild,71,650,64,True,64,64,True,True,False
duck06_wild,71,650,128,True,128,128,True,True,False
duck06_wild,71,700,32,True,32,32,True,True,False
duck06_wild,71,700,64,True,64,64,True,True,False
duck06_wild,71,700,128,True,128,128,True,True,False
duck06_wild,71,750,32,True,32,32,True,True,False
duck06_wild,71,750,64,True,64,64,True,True,False
duck06_wild,71,750,128,True,128,128,True,True,False
duck06_wild,71,800,32,True,32,32,True,True,False
duck06_wild,71,800,64,True,64,64,True,True,False
duck06_wild,71,800,128,True,128,128,True,True,False
duck06_wild,71,850,32,True,32,32,True,True,False
duck06_wild,71,850,64,True,64,64,True,True,False
duck06_wild,71,850,128,True,128,128,True,True,False
duck06_wild,71,900,32,True,32,32,True,True,False
duck06_wild,71,900,64,True,64,64,True,True,False
duck06_wild,71,900,128,True,83,83,True,True,False
duck06_wild,71,950,32,True,32,32,True,True,False
duck06_wild,71,950,64,True,33,33,True,True,False
duck06_wild,71,950,128,True,33,33,True,True,False
glass02_indoor,72,50,32,True,32,32,True,True,False
glass02_indoor,72,50,64,True,64,64,True,True,False
glass02_indoor,72,50,128,True,128,128,True,True,False
glass02_indoor,72,100,32,True,32,32,True,True,False
glass02_indoor,72,100,64,True,64,64,True,True,False
glass02_indoor,72,100,128,True,128,128,True,True,False
glass02_indoor,72,150,32,True,32,32,True,True,False
glass02_indoor,72,150,64,True,64,64,True,True,False
glass02_indoor,72,150,128,True,128,128,True,True,False
glass02_indoor,72,200,32,True,32,32,True,True,False
glass02_indoor,72,200,64,True,64,64,True,True,False
glass02_indoor,72,200,128,True,128,128,True,True,False
glass02_indoor,72,250,32,True,32,32,True,True,False
glass02_indoor,72,250,64,True,64,64,True,True,False
glass02_indoor,72,250,128,True,128,128,True,True,False
glass02_indoor,72,300,32,True,32,32,True,True,False
glass02_indoor,72,300,64,True,64,64,True,True,False
glass02_indoor,72,300,128,True,128,128,True,True,False
glass02_indoor,72,350,32,True,32,32,True,True,False
glass02_indoor,72,350,64,True,64,64,True,True,False
glass02_indoor,72,350,128,True,128,128,True,True,False
glass02_indoor,72,400,32,True,32,32,True,True,False
glass02_indoor,72,400,64,True,64,64,True,True,False
glass02_indoor,72,400,128,True,128,128,True,True,False
glass02_indoor,72,450,32,True,32,32,True,True,False
glass02_indoor,72,450,64,True,64,64,True,True,False
glass02_indoor,72,450,128,True,128,128,True,True,False
glass02_indoor,72,500,32,True,32,32,True,True,False
glass02_indoor,72,500,64,True,64,64,True,True,False
glass02_indoor,72,500,128,True,128,128,True,True,False
glass02_indoor,72,550,32,True,32,32,True,True,False
glass02_indoor,72,550,64,True,64,64,True,True,False
glass02_indoor,72,550,128,True,128,128,True,True,False
glass02_indoor,72,600,32,True,32,32,True,True,False
glass02_indoor,72,600,64,True,64,64,True,True,False
glass02_indoor,72,600,128,True,128,128,True,True,False
glass02_indoor,72,650,32,True,32,32,True,True,False
glass02_indoor,72,650,64,True,64,64,True,True,False
glass02_indoor,72,650,128,True,128,128,True,True,False
glass02_indoor,72,700,32,True,32,32,True,True,False
glass02_indoor,72,700,64,True,64,64,True,True,False
glass02_indoor,72,700,128,True,128,128,True,True,False
glass02_indoor,72,750,32,True,32,32,True,True,False
glass02_indoor,72,750,64,True,64,64,True,True,False
glass02_indoor,72,750,128,True,128,128,True,True,False
glass02_indoor,72,800,32,True,32,32,True,True,False
glass02_indoor,72,800,64,True,64,64,True,True,False
glass02_indoor,72,800,128,True,128,128,True,True,False
glass02_indoor,72,850,32,True,32,32,True,True,False
glass02_indoor,72,850,64,True,64,64,True,True,False
glass02_indoor,72,850,128,True,128,128,True,True,False
glass02_indoor,72,900,32,True,32,32,True,True,False
glass02_indoor,72,900,64,True,64,64,True,True,False
glass02_indoor,72,900,128,True,128,128,True,True,False
glass02_indoor,72,950,32,True,32,32,True,True,False
glass02_indoor,72,950,64,True,64,64,True,True,False
glass02_indoor,72,950,128,True,128,128,True,True,False
glass02_indoor,72,1000,32,True,32,32,True,True,False
glass02_indoor,72,1000,64,True,64,64,True,True,False
glass02_indoor,72,1000,128,True,128,128,True,True,False
glass02_indoor,72,1050,32,True,32,32,True,True,False
glass02_indoor,72,1050,64,True,64,64,True,True,False
glass02_indoor,72,1050,128,True,128,128,True,True,False
glass02_indoor,72,1100,32,True,32,32,True,True,False
glass02_indoor,72,1100,64,True,64,64,True,True,False
glass02_indoor,72,1100,128,True,128,128,True,True,False
glass02_indoor,72,1150,32,True,32,32,True,True,False
glass02_indoor,72,1150,64,True,64,64,True,True,False
glass02_indoor,72,1150,128,True,128,109,True,True,False
glass02_indoor,72,1200,32,True,32,32,True,True,False
glass02_indoor,72,1200,64,True,64,59,True,True,False
glass02_indoor,72,1200,128,True,128,104,True,True,False
glass02_indoor,72,1250,32,True,32,9,True,True,False
glass02_indoor,72,1250,64,True,64,40,True,True,False
glass02_indoor,72,1250,128,True,128,104,True,True,False
glass02_indoor,72,1300,32,True,32,32,True,True,False
glass02_indoor,72,1300,64,True,64,64,True,True,False
glass02_indoor,72,1300,128,True,128,128,True,True,False
glass02_indoor,72,1350,32,True,32,32,True,True,False
glass02_indoor,72,1350,64,True,64,64,True,True,False
glass02_indoor,72,1350,128,True,128,128,True,True,False
glass02_indoor,72,1400,32,True,32,32,True,True,False
glass02_indoor,72,1400,64,True,64,64,True,True,False
glass02_indoor,72,1400,128,True,128,128,True,True,False
glass02_indoor,72,1450,32,True,32,32,True,True,False
glass02_indoor,72,1450,64,True,64,64,True,True,False
glass02_indoor,72,1450,128,True,128,128,True,True,False
glass02_indoor,72,1500,32,True,32,32,True,True,False
glass02_indoor,72,1500,64,True,64,64,True,True,False
glass02_indoor,72,1500,128,True,128,128,True,True,False
glass02_indoor,72,1550,32,True,32,32,True,True,False
glass02_indoor,72,1550,64,True,64,64,True,True,False
glass02_indoor,72,1550,128,True,128,128,True,True,False
glass02_indoor,72,1600,32,True,32,32,True,True,False
glass02_indoor,72,1600,64,True,64,64,True,True,False
glass02_indoor,72,1600,128,True,128,128,True,True,False
glass02_indoor,72,1650,32,True,32,32,True,True,False
glass02_indoor,72,1650,64,True,64,64,True,True,False
glass02_indoor,72,1650,128,True,99,99,True,True,False
glass02_indoor,72,1700,32,True,32,32,True,True,False
glass02_indoor,72,1700,64,True,49,49,True,True,False
glass02_indoor,72,1700,128,True,49,49,True,True,False
cup07_indoor,73,50,32,True,32,32,True,True,False
cup07_indoor,73,50,64,True,64,34,True,True,False
cup07_indoor,73,50,128,True,128,34,True,True,False
cup07_indoor,73,100,32,False,32,0,False,False,False
cup07_indoor,73,100,64,False,64,0,False,False,False
cup07_indoor,73,100,128,False,128,46,False,True,True
cup07_indoor,73,150,32,False,32,0,False,False,False
cup07_indoor,73,150,64,False,64,32,False,True,True
cup07_indoor,73,150,128,False,128,96,False,True,True
cup07_indoor,73,200,32,True,32,32,True,True,False
cup07_indoor,73,200,64,True,64,64,True,True,False
cup07_indoor,73,200,128,True,128,128,True,True,False
cup07_indoor,73,250,32,True,32,32,True,True,False
cup07_indoor,73,250,64,True,64,64,True,True,False
cup07_indoor,73,250,128,True,128,128,True,True,False
cup07_indoor,73,300,32,True,32,32,True,True,False
cup07_indoor,73,300,64,True,64,64,True,True,False
cup07_indoor,73,300,128,True,128,128,True,True,False
cup07_indoor,73,350,32,True,32,32,True,True,False
cup07_indoor,73,350,64,True,64,64,True,True,False
cup07_indoor,73,350,128,True,128,128,True,True,False
cup07_indoor,73,400,32,True,32,32,True,True,False
cup07_indoor,73,400,64,True,64,64,True,True,False
cup07_indoor,73,400,128,True,128,128,True,True,False
cup07_indoor,73,450,32,True,32,32,True,True,False
cup07_indoor,73,450,64,True,64,64,True,True,False
cup07_indoor,73,450,128,True,128,128,True,True,False
cup07_indoor,73,500,32,True,32,32,True,True,False
cup07_indoor,73,500,64,True,64,64,True,True,False
cup07_indoor,73,500,128,True,128,128,True,True,False
cup07_indoor,73,550,32,True,32,32,True,True,False
cup07_indoor,73,550,64,True,64,64,True,True,False
cup07_indoor,73,550,128,True,128,128,True,True,False
cup07_indoor,73,600,32,True,32,32,True,True,False
cup07_indoor,73,600,64,True,64,64,True,True,False
cup07_indoor,73,600,128,True,128,127,True,True,False
cup07_indoor,73,650,32,True,32,32,True,True,False
cup07_indoor,73,650,64,True,64,63,True,True,False
cup07_indoor,73,650,128,True,128,127,True,True,False
cup07_indoor,73,700,32,True,32,32,True,True,False
cup07_indoor,73,700,64,True,64,64,True,True,False
cup07_indoor,73,700,128,True,128,128,True,True,False
cup07_indoor,73,750,32,True,32,32,True,True,False
cup07_indoor,73,750,64,True,64,64,True,True,False
cup07_indoor,73,750,128,True,128,128,True,True,False
cup07_indoor,73,800,32,True,32,32,True,True,False
cup07_indoor,73,800,64,True,64,64,True,True,False
cup07_indoor,73,800,128,True,128,128,True,True,False
cup07_indoor,73,850,32,True,32,32,True,True,False
cup07_indoor,73,850,64,True,64,64,True,True,False
cup07_indoor,73,850,128,True,128,111,True,True,False
cup07_indoor,73,900,32,True,32,32,True,True,False
cup07_indoor,73,900,64,True,64,60,True,True,False
cup07_indoor,73,900,128,True,128,100,True,True,False
cup07_indoor,73,950,32,True,32,15,True,True,False
cup07_indoor,73,950,64,True,64,40,True,True,False
cup07_indoor,73,950,128,True,128,104,True,True,False
cup07_indoor,73,1000,32,True,32,32,True,True,False
cup07_indoor,73,1000,64,True,64,64,True,True,False
cup07_indoor,73,1000,128,True,128,128,True,True,False
cup07_indoor,73,1050,32,True,32,32,True,True,False
cup07_indoor,73,1050,64,True,64,64,True,True,False
cup07_indoor,73,1050,128,True,128,128,True,True,False
cup07_indoor,73,1100,32,True,32,32,True,True,False
cup07_indoor,73,1100,64,True,64,64,True,True,False
cup07_indoor,73,1100,128,True,128,128,True,True,False
cup07_indoor,73,1150,32,True,32,32,True,True,False
cup07_indoor,73,1150,64,True,64,64,True,True,False
cup07_indoor,73,1150,128,True,128,128,True,True,False
cup07_indoor,73,1200,32,True,32,32,True,True,False
cup07_indoor,73,1200,64,True,64,64,True,True,False
cup07_indoor,73,1200,128,True,128,128,True,True,False
cup07_indoor,73,1250,32,True,32,32,True,True,False
cup07_indoor,73,1250,64,True,64,64,True,True,False
cup07_indoor,73,1250,128,True,128,128,True,True,False
cup07_indoor,73,1300,32,True,32,32,True,True,False
cup07_indoor,73,1300,64,True,64,64,True,True,False
cup07_indoor,73,1300,128,True,128,128,True,True,False
cup07_indoor,73,1350,32,True,32,32,True,True,False
cup07_indoor,73,1350,64,True,64,64,True,True,False
cup07_indoor,73,1350,128,True,128,127,True,True,False
cup07_indoor,73,1400,32,True,32,32,True,True,False
cup07_indoor,73,1400,64,True,64,63,True,True,False
cup07_indoor,73,1400,128,True,128,127,True,True,False
cup07_indoor,73,1450,32,True,32,31,True,True,False
cup07_indoor,73,1450,64,True,64,63,True,True,False
cup07_indoor,73,1450,128,True,128,121,True,True,False
cup07_indoor,73,1500,32,True,32,32,True,True,False
cup07_indoor,73,1500,64,True,64,58,True,True,False
cup07_indoor,73,1500,128,True,128,122,True,True,False
cup07_indoor,73,1550,32,True,32,32,True,True,False
cup07_indoor,73,1550,64,True,64,64,True,True,False
cup07_indoor,73,1550,128,True,128,128,True,True,False
cup07_indoor,73,1600,32,True,32,32,True,True,False
cup07_indoor,73,1600,64,True,64,64,True,True,False
cup07_indoor,73,1600,128,True,128,128,True,True,False
cup07_indoor,73,1650,32,True,32,32,True,True,False
cup07_indoor,73,1650,64,True,64,64,True,True,False
cup07_indoor,73,1650,128,True,128,128,True,True,False
cup07_indoor,73,1700,32,True,32,32,True,True,False
cup07_indoor,73,1700,64,True,64,64,True,True,False
cup07_indoor,73,1700,128,True,128,128,True,True,False
cup07_indoor,73,1750,32,True,32,32,True,True,False
cup07_indoor,73,1750,64,True,64,64,True,True,False
cup07_indoor,73,1750,128,True,128,128,True,True,False
cup07_indoor,73,1800,32,True,32,32,True,True,False
cup07_indoor,73,1800,64,True,64,64,True,True,False
cup07_indoor,73,1800,128,True,128,128,True,True,False
cup07_indoor,73,1850,32,True,32,32,True,True,False
cup07_indoor,73,1850,64,True,64,64,True,True,False
cup07_indoor,73,1850,128,True,128,125,True,True,False
cup07_indoor,73,1900,32,True,32,32,True,True,False
cup07_indoor,73,1900,64,True,64,61,True,True,False
cup07_indoor,73,1900,128,True,128,125,True,True,False
cup07_indoor,73,1950,32,True,32,32,True,True,False
cup07_indoor,73,1950,64,True,64,64,True,True,False
cup07_indoor,73,1950,128,True,92,92,True,True,False
cup07_indoor,73,2000,32,True,32,32,True,True,False
cup07_indoor,73,2000,64,True,42,42,True,True,False
cup07_indoor,73,2000,128,True,42,42,True,True,False
cup09_indoor,74,50,32,True,32,32,True,True,False
cup09_indoor,74,50,64,True,64,64,True,True,False
cup09_indoor,74,50,128,True,128,128,True,True,False
cup09_indoor,74,100,32,True,32,32,True,True,False
cup09_indoor,74,100,64,True,64,64,True,True,False
cup09_indoor,74,100,128,True,128,128,True,True,False
cup09_indoor,74,150,32,True,32,32,True,True,False
cup09_indoor,74,150,64,True,64,64,True,True,False
cup09_indoor,74,150,128,True,128,128,True,True,False
cup09_indoor,74,200,32,True,32,32,True,True,False
cup09_indoor,74,200,64,True,64,64,True,True,False
cup09_indoor,74,200,128,True,128,128,True,True,False
cup09_indoor,74,250,32,True,32,32,True,True,False
cup09_indoor,74,250,64,True,64,64,True,True,False
cup09_indoor,74,250,128,True,128,128,True,True,False
cup09_indoor,74,300,32,True,32,32,True,True,False
cup09_indoor,74,300,64,True,64,64,True,True,False
cup09_indoor,74,300,128,True,128,128,True,True,False
cup09_indoor,74,350,32,True,32,32,True,True,False
cup09_indoor,74,350,64,True,64,64,True,True,False
cup09_indoor,74,350,128,True,128,128,True,True,False
cup09_indoor,74,400,32,True,32,32,True,True,False
cup09_indoor,74,400,64,True,64,64,True,True,False
cup09_indoor,74,400,128,True,128,128,True,True,False
cup09_indoor,74,450,32,True,32,32,True,True,False
cup09_indoor,74,450,64,True,64,64,True,True,False
cup09_indoor,74,450,128,True,128,128,True,True,False
cup09_indoor,74,500,32,True,32,32,True,True,False
cup09_indoor,74,500,64,True,64,64,True,True,False
cup09_indoor,74,500,128,True,128,128,True,True,False
cup09_indoor,74,550,32,True,32,32,True,True,False
cup09_indoor,74,550,64,True,64,64,True,True,False
cup09_indoor,74,550,128,True,128,128,True,True,False
cup09_indoor,74,600,32,True,32,32,True,True,False
cup09_indoor,74,600,64,True,64,64,True,True,False
cup09_indoor,74,600,128,True,128,128,True,True,False
cup09_indoor,74,650,32,True,32,32,True,True,False
cup09_indoor,74,650,64,True,64,64,True,True,False
cup09_indoor,74,650,128,True,128,128,True,True,False
cup09_indoor,74,700,32,True,32,32,True,True,False
cup09_indoor,74,700,64,True,64,64,True,True,False
cup09_indoor,74,700,128,True,128,128,True,True,False
cup09_indoor,74,750,32,True,32,32,True,True,False
cup09_indoor,74,750,64,True,64,64,True,True,False
cup09_indoor,74,750,128,True,128,128,True,True,False
cup09_indoor,74,800,32,True,32,32,True,True,False
cup09_indoor,74,800,64,True,64,64,True,True,False
cup09_indoor,74,800,128,True,128,128,True,True,False
cup09_indoor,74,850,32,True,32,32,True,True,False
cup09_indoor,74,850,64,True,64,64,True,True,False
cup09_indoor,74,850,128,True,128,128,True,True,False
cup09_indoor,74,900,32,True,32,32,True,True,False
cup09_indoor,74,900,64,True,64,64,True,True,False
cup09_indoor,74,900,128,True,128,128,True,True,False
cup09_indoor,74,950,32,True,32,32,True,True,False
cup09_indoor,74,950,64,True,64,64,True,True,False
cup09_indoor,74,950,128,True,128,128,True,True,False
cup09_indoor,74,1000,32,True,32,32,True,True,False
cup09_indoor,74,1000,64,True,64,64,True,True,False
cup09_indoor,74,1000,128,True,128,128,True,True,False
cup09_indoor,74,1050,32,True,32,32,True,True,False
cup09_indoor,74,1050,64,True,64,64,True,True,False
cup09_indoor,74,1050,128,True,128,128,True,True,False
cup09_indoor,74,1100,32,True,32,32,True,True,False
cup09_indoor,74,1100,64,True,64,64,True,True,False
cup09_indoor,74,1100,128,True,128,128,True,True,False
cup09_indoor,74,1150,32,True,32,32,True,True,False
cup09_indoor,74,1150,64,True,64,64,True,True,False
cup09_indoor,74,1150,128,True,128,128,True,True,False
cup09_indoor,74,1200,32,True,32,32,True,True,False
cup09_indoor,74,1200,64,True,64,64,True,True,False
cup09_indoor,74,1200,128,True,128,128,True,True,False
cup09_indoor,74,1250,32,True,32,32,True,True,False
cup09_indoor,74,1250,64,True,64,64,True,True,False
cup09_indoor,74,1250,128,True,128,128,True,True,False
cup09_indoor,74,1300,32,True,32,32,True,True,False
cup09_indoor,74,1300,64,True,64,64,True,True,False
cup09_indoor,74,1300,128,True,128,128,True,True,False
cup09_indoor,74,1350,32,True,32,32,True,True,False
cup09_indoor,74,1350,64,True,64,64,True,True,False
cup09_indoor,74,1350,128,True,128,128,True,True,False
cup09_indoor,74,1400,32,True,32,32,True,True,False
cup09_indoor,74,1400,64,True,64,64,True,True,False
cup09_indoor,74,1400,128,True,128,128,True,True,False
cup09_indoor,74,1450,32,True,32,32,True,True,False
cup09_indoor,74,1450,64,True,64,64,True,True,False
cup09_indoor,74,1450,128,True,128,128,True,True,False
cup09_indoor,74,1500,32,True,32,32,True,True,False
cup09_indoor,74,1500,64,True,64,64,True,True,False
cup09_indoor,74,1500,128,True,128,128,True,True,False
cup09_indoor,74,1550,32,True,32,32,True,True,False
cup09_indoor,74,1550,64,True,64,64,True,True,False
cup09_indoor,74,1550,128,True,128,128,True,True,False
cup09_indoor,74,1600,32,True,32,32,True,True,False
cup09_indoor,74,1600,64,True,64,64,True,True,False
cup09_indoor,74,1600,128,True,128,128,True,True,False
cup09_indoor,74,1650,32,True,32,32,True,True,False
cup09_indoor,74,1650,64,True,64,64,True,True,False
cup09_indoor,74,1650,128,True,128,128,True,True,False
cup09_indoor,74,1700,32,True,32,32,True,True,False
cup09_indoor,74,1700,64,True,64,64,True,True,False
cup09_indoor,74,1700,128,True,93,93,True,True,False
cup09_indoor,74,1750,32,True,32,32,True,True,False
cup09_indoor,74,1750,64,True,43,43,True,True,False
cup09_indoor,74,1750,128,True,43,43,True,True,False
ball02_indoor,75,50,32,True,32,32,True,True,False
ball02_indoor,75,50,64,True,64,64,True,True,False
ball02_indoor,75,50,128,True,128,95,True,True,False
ball02_indoor,75,100,32,True,32,32,True,True,False
ball02_indoor,75,100,64,True,64,40,True,True,False
ball02_indoor,75,100,128,True,128,74,True,True,False
ball02_indoor,75,150,32,True,32,9,True,True,False
ball02_indoor,75,150,64,True,64,29,True,True,False
ball02_indoor,75,150,128,True,128,72,True,True,False
ball02_indoor,75,200,32,True,32,24,True,True,False
ball02_indoor,75,200,64,True,64,43,True,True,False
ball02_indoor,75,200,128,True,128,107,True,True,False
ball02_indoor,75,250,32,True,32,32,True,True,False
ball02_indoor,75,250,64,True,64,64,True,True,False
ball02_indoor,75,250,128,True,128,128,True,True,False
ball02_indoor,75,300,32,True,32,32,True,True,False
ball02_indoor,75,300,64,True,64,64,True,True,False
ball02_indoor,75,300,128,True,128,118,True,True,False
ball02_indoor,75,350,32,True,32,32,True,True,False
ball02_indoor,75,350,64,True,64,60,True,True,False
ball02_indoor,75,350,128,True,128,114,True,True,False
ball02_indoor,75,400,32,True,32,22,True,True,False
ball02_indoor,75,400,64,True,64,54,True,True,False
ball02_indoor,75,400,128,True,128,108,True,True,False
ball02_indoor,75,450,32,True,32,28,True,True,False
ball02_indoor,75,450,64,True,64,57,True,True,False
ball02_indoor,75,450,128,True,128,117,True,True,False
ball02_indoor,75,500,32,True,32,25,True,True,False
ball02_indoor,75,500,64,True,64,57,True,True,False
ball02_indoor,75,500,128,True,128,94,True,True,False
ball02_indoor,75,550,32,True,32,32,True,True,False
ball02_indoor,75,550,64,True,64,47,True,True,False
ball02_indoor,75,550,128,True,128,95,True,True,False
ball02_indoor,75,600,32,False,32,9,False,True,True
ball02_indoor,75,600,64,False,64,39,False,True,True
ball02_indoor,75,600,128,False,128,103,False,True,True
ball02_indoor,75,650,32,True,32,32,True,True,False
ball02_indoor,75,650,64,True,64,64,True,True,False
ball02_indoor,75,650,128,True,128,121,True,True,False
ball02_indoor,75,700,32,True,32,32,True,True,False
ball02_indoor,75,700,64,True,64,64,True,True,False
ball02_indoor,75,700,128,True,128,112,True,True,False
ball02_indoor,75,750,32,True,32,21,True,True,False
ball02_indoor,75,750,64,True,64,48,True,True,False
ball02_indoor,75,750,128,True,128,112,True,True,False
ball02_indoor,75,800,32,True,32,32,True,True,False
ball02_indoor,75,800,64,True,64,64,True,True,False
ball02_indoor,75,800,128,True,128,124,True,True,False
ball02_indoor,75,850,32,True,32,30,True,True,False
ball02_indoor,75,850,64,True,64,60,True,True,False
ball02_indoor,75,850,128,True,128,124,True,True,False
ball02_indoor,75,900,32,True,32,32,True,True,False
ball02_indoor,75,900,64,True,64,64,True,True,False
ball02_indoor,75,900,128,True,128,128,True,True,False
ball02_indoor,75,950,32,True,32,32,True,True,False
ball02_indoor,75,950,64,True,64,64,True,True,False
ball02_indoor,75,950,128,True,128,128,True,True,False
ball02_indoor,75,1000,32,True,32,32,True,True,False
ball02_indoor,75,1000,64,True,64,64,True,True,False
ball02_indoor,75,1000,128,True,128,121,True,True,False
ball02_indoor,75,1050,32,True,32,32,True,True,False
ball02_indoor,75,1050,64,True,64,57,True,True,False
ball02_indoor,75,1050,128,True,128,110,True,True,False
ball02_indoor,75,1100,32,True,32,32,True,True,False
ball02_indoor,75,1100,64,True,64,61,True,True,False
ball02_indoor,75,1100,128,True,128,117,True,True,False
ball02_indoor,75,1150,32,True,32,24,True,True,False
ball02_indoor,75,1150,64,True,64,56,True,True,False
ball02_indoor,75,1150,128,True,128,120,True,True,False
ball02_indoor,75,1200,32,True,32,32,True,True,False
ball02_indoor,75,1200,64,True,64,64,True,True,False
ball02_indoor,75,1200,128,True,128,122,True,True,False
ball02_indoor,75,1250,32,True,32,32,True,True,False
ball02_indoor,75,1250,64,True,64,58,True,True,False
ball02_indoor,75,1250,128,True,128,115,True,True,False
ball02_indoor,75,1300,32,True,32,26,True,True,False
ball02_indoor,75,1300,64,True,64,51,True,True,False
ball02_indoor,75,1300,128,True,128,112,True,True,False
ball02_indoor,75,1350,32,False,32,32,False,True,True
ball02_indoor,75,1350,64,False,64,64,False,True,True
ball02_indoor,75,1350,128,False,128,125,False,True,True
ball02_indoor,75,1400,32,True,32,29,True,True,False
ball02_indoor,75,1400,64,True,64,61,True,True,False
ball02_indoor,75,1400,128,True,128,125,True,True,False
ball02_indoor,75,1450,32,True,32,32,True,True,False
ball02_indoor,75,1450,64,True,64,64,True,True,False
ball02_indoor,75,1450,128,True,128,128,True,True,False
ball02_indoor,75,1500,32,True,32,32,True,True,False
ball02_indoor,75,1500,64,True,64,64,True,True,False
ball02_indoor,75,1500,128,True,128,128,True,True,False
ball02_indoor,75,1550,32,True,32,32,True,True,False
ball02_indoor,75,1550,64,True,64,64,True,True,False
ball02_indoor,75,1550,128,True,128,103,True,True,False
ball02_indoor,75,1600,32,True,32,32,True,True,False
ball02_indoor,75,1600,64,True,64,43,True,True,False
ball02_indoor,75,1600,128,True,128,103,True,True,False
ball02_indoor,75,1650,32,False,32,14,False,True,True
ball02_indoor,75,1650,64,False,64,46,False,True,True
ball02_indoor,75,1650,128,False,128,110,False,True,True
ball02_indoor,75,1700,32,True,32,32,True,True,False
ball02_indoor,75,1700,64,True,64,64,True,True,False
ball02_indoor,75,1700,128,True,128,125,True,True,False
ball02_indoor,75,1750,32,True,32,32,True,True,False
ball02_indoor,75,1750,64,True,64,64,True,True,False
ball02_indoor,75,1750,128,True,78,75,True,True,False
ball02_indoor,75,1800,32,True,28,25,True,True,False
ball02_indoor,75,1800,64,True,28,25,True,True,False
ball02_indoor,75,1800,128,True,28,25,True,True,False
container02_indoor,76,50,32,True,32,32,True,True,False
container02_indoor,76,50,64,True,64,64,True,True,False
container02_indoor,76,50,128,True,128,128,True,True,False
container02_indoor,76,100,32,True,32,32,True,True,False
container02_indoor,76,100,64,True,64,64,True,True,False
container02_indoor,76,100,128,True,128,128,True,True,False
container02_indoor,76,150,32,True,32,32,True,True,False
container02_indoor,76,150,64,True,64,64,True,True,False
container02_indoor,76,150,128,True,128,128,True,True,False
container02_indoor,76,200,32,True,32,32,True,True,False
container02_indoor,76,200,64,True,64,64,True,True,False
container02_indoor,76,200,128,True,128,128,True,True,False
container02_indoor,76,250,32,True,32,32,True,True,False
container02_indoor,76,250,64,True,64,64,True,True,False
container02_indoor,76,250,128,True,128,128,True,True,False
container02_indoor,76,300,32,True,32,32,True,True,False
container02_indoor,76,300,64,True,64,64,True,True,False
container02_indoor,76,300,128,True,128,128,True,True,False
container02_indoor,76,350,32,True,32,32,True,True,False
container02_indoor,76,350,64,True,64,64,True,True,False
container02_indoor,76,350,128,True,128,128,True,True,False
container02_indoor,76,400,32,True,32,32,True,True,False
container02_indoor,76,400,64,True,64,64,True,True,False
container02_indoor,76,400,128,True,128,128,True,True,False
container02_indoor,76,450,32,True,32,32,True,True,False
container02_indoor,76,450,64,True,64,64,True,True,False
container02_indoor,76,450,128,True,128,128,True,True,False
container02_indoor,76,500,32,True,32,32,True,True,False
container02_indoor,76,500,64,True,64,64,True,True,False
container02_indoor,76,500,128,True,128,128,True,True,False
container02_indoor,76,550,32,True,32,32,True,True,False
container02_indoor,76,550,64,True,64,64,True,True,False
container02_indoor,76,550,128,True,128,128,True,True,False
container02_indoor,76,600,32,True,32,32,True,True,False
container02_indoor,76,600,64,True,64,64,True,True,False
container02_indoor,76,600,128,True,128,128,True,True,False
container02_indoor,76,650,32,True,32,32,True,True,False
container02_indoor,76,650,64,True,64,64,True,True,False
container02_indoor,76,650,128,True,128,128,True,True,False
container02_indoor,76,700,32,True,32,32,True,True,False
container02_indoor,76,700,64,True,64,64,True,True,False
container02_indoor,76,700,128,True,128,128,True,True,False
container02_indoor,76,750,32,True,32,32,True,True,False
container02_indoor,76,750,64,True,64,64,True,True,False
container02_indoor,76,750,128,True,128,128,True,True,False
container02_indoor,76,800,32,True,32,32,True,True,False
container02_indoor,76,800,64,True,64,64,True,True,False
container02_indoor,76,800,128,True,128,128,True,True,False
container02_indoor,76,850,32,True,32,32,True,True,False
container02_indoor,76,850,64,True,64,64,True,True,False
container02_indoor,76,850,128,True,128,128,True,True,False
container02_indoor,76,900,32,True,32,32,True,True,False
container02_indoor,76,900,64,True,64,64,True,True,False
container02_indoor,76,900,128,True,128,128,True,True,False
container02_indoor,76,950,32,True,32,32,True,True,False
container02_indoor,76,950,64,True,64,64,True,True,False
container02_indoor,76,950,128,True,128,128,True,True,False
container02_indoor,76,1000,32,True,32,32,True,True,False
container02_indoor,76,1000,64,True,64,64,True,True,False
container02_indoor,76,1000,128,True,128,128,True,True,False
container02_indoor,76,1050,32,True,32,32,True,True,False
container02_indoor,76,1050,64,True,64,64,True,True,False
container02_indoor,76,1050,128,True,128,128,True,True,False
container02_indoor,76,1100,32,True,32,32,True,True,False
container02_indoor,76,1100,64,True,64,64,True,True,False
container02_indoor,76,1100,128,True,128,128,True,True,False
container02_indoor,76,1150,32,True,32,32,True,True,False
container02_indoor,76,1150,64,True,64,64,True,True,False
container02_indoor,76,1150,128,True,128,128,True,True,False
container02_indoor,76,1200,32,True,32,32,True,True,False
container02_indoor,76,1200,64,True,64,64,True,True,False
container02_indoor,76,1200,128,True,125,125,True,True,False
container02_indoor,76,1250,32,True,32,32,True,True,False
container02_indoor,76,1250,64,True,64,64,True,True,False
container02_indoor,76,1250,128,True,75,75,True,True,False
container02_indoor,76,1300,32,True,25,25,True,True,False
container02_indoor,76,1300,64,True,25,25,True,True,False
container02_indoor,76,1300,128,True,25,25,True,True,False
toy03_indoor,77,50,32,True,32,32,True,True,False
toy03_indoor,77,50,64,True,64,64,True,True,False
toy03_indoor,77,50,128,True,128,128,True,True,False
toy03_indoor,77,100,32,True,32,32,True,True,False
toy03_indoor,77,100,64,True,64,64,True,True,False
toy03_indoor,77,100,128,True,128,128,True,True,False
toy03_indoor,77,150,32,True,32,32,True,True,False
toy03_indoor,77,150,64,True,64,64,True,True,False
toy03_indoor,77,150,128,True,128,128,True,True,False
toy03_indoor,77,200,32,True,32,32,True,True,False
toy03_indoor,77,200,64,True,64,64,True,True,False
toy03_indoor,77,200,128,True,128,128,True,True,False
toy03_indoor,77,250,32,True,32,32,True,True,False
toy03_indoor,77,250,64,True,64,64,True,True,False
toy03_indoor,77,250,128,True,128,128,True,True,False
toy03_indoor,77,300,32,True,32,32,True,True,False
toy03_indoor,77,300,64,True,64,64,True,True,False
toy03_indoor,77,300,128,True,128,128,True,True,False
toy03_indoor,77,350,32,True,32,32,True,True,False
toy03_indoor,77,350,64,True,64,64,True,True,False
toy03_indoor,77,350,128,True,128,128,True,True,False
toy03_indoor,77,400,32,True,32,32,True,True,False
toy03_indoor,77,400,64,True,64,64,True,True,False
toy03_indoor,77,400,128,True,128,128,True,True,False
toy03_indoor,77,450,32,True,32,32,True,True,False
toy03_indoor,77,450,64,True,64,64,True,True,False
toy03_indoor,77,450,128,True,128,128,True,True,False
toy03_indoor,77,500,32,True,32,32,True,True,False
toy03_indoor,77,500,64,True,64,64,True,True,False
toy03_indoor,77,500,128,True,128,128,True,True,False
toy03_indoor,77,550,32,True,32,32,True,True,False
toy03_indoor,77,550,64,True,64,64,True,True,False
toy03_indoor,77,550,128,True,128,128,True,True,False
toy03_indoor,77,600,32,True,32,32,True,True,False
toy03_indoor,77,600,64,True,64,64,True,True,False
toy03_indoor,77,600,128,True,128,128,True,True,False
toy03_indoor,77,650,32,True,32,32,True,True,False
toy03_indoor,77,650,64,True,64,64,True,True,False
toy03_indoor,77,650,128,True,128,128,True,True,False
toy03_indoor,77,700,32,True,32,32,True,True,False
toy03_indoor,77,700,64,True,64,64,True,True,False
toy03_indoor,77,700,128,True,128,128,True,True,False
toy03_indoor,77,750,32,True,32,32,True,True,False
toy03_indoor,77,750,64,True,64,64,True,True,False
toy03_indoor,77,750,128,True,128,128,True,True,False
toy03_indoor,77,800,32,True,32,32,True,True,False
toy03_indoor,77,800,64,True,64,64,True,True,False
toy03_indoor,77,800,128,True,128,128,True,True,False
toy03_indoor,77,850,32,True,32,32,True,True,False
toy03_indoor,77,850,64,True,64,64,True,True,False
toy03_indoor,77,850,128,True,128,128,True,True,False
toy03_indoor,77,900,32,True,32,32,True,True,False
toy03_indoor,77,900,64,True,64,64,True,True,False
toy03_indoor,77,900,128,True,128,128,True,True,False
toy03_indoor,77,950,32,True,32,32,True,True,False
toy03_indoor,77,950,64,True,64,64,True,True,False
toy03_indoor,77,950,128,True,128,128,True,True,False
toy03_indoor,77,1000,32,True,32,32,True,True,False
toy03_indoor,77,1000,64,True,64,64,True,True,False
toy03_indoor,77,1000,128,True,128,124,True,True,False
toy03_indoor,77,1050,32,True,32,32,True,True,False
toy03_indoor,77,1050,64,True,64,60,True,True,False
toy03_indoor,77,1050,128,True,128,111,True,True,False
toy03_indoor,77,1100,32,True,32,28,True,True,False
toy03_indoor,77,1100,64,True,64,47,True,True,False
toy03_indoor,77,1100,128,True,128,111,True,True,False
toy03_indoor,77,1150,32,False,32,25,False,True,True
toy03_indoor,77,1150,64,False,64,57,False,True,True
toy03_indoor,77,1150,128,False,127,120,False,True,True
toy03_indoor,77,1200,32,True,32,32,True,True,False
toy03_indoor,77,1200,64,True,64,64,True,True,False
toy03_indoor,77,1200,128,True,77,77,True,True,False
toy03_indoor,77,1250,32,True,27,27,True,True,False
toy03_indoor,77,1250,64,True,27,27,True,True,False
toy03_indoor,77,1250,128,True,27,27,True,True,False
bike03_wild,78,50,32,True,32,32,True,True,False
bike03_wild,78,50,64,True,64,64,True,True,False
bike03_wild,78,50,128,True,128,128,True,True,False
bike03_wild,78,100,32,True,32,32,True,True,False
bike03_wild,78,100,64,True,64,64,True,True,False
bike03_wild,78,100,128,True,128,128,True,True,False
bike03_wild,78,150,32,True,32,32,True,True,False
bike03_wild,78,150,64,True,64,64,True,True,False
bike03_wild,78,150,128,True,128,128,True,True,False
bike03_wild,78,200,32,True,32,32,True,True,False
bike03_wild,78,200,64,True,64,64,True,True,False
bike03_wild,78,200,128,True,128,123,True,True,False
bike03_wild,78,250,32,True,32,32,True,True,False
bike03_wild,78,250,64,True,64,61,True,True,False
bike03_wild,78,250,128,True,128,123,True,True,False
bike03_wild,78,300,32,True,32,27,True,True,False
bike03_wild,78,300,64,True,64,59,True,True,False
bike03_wild,78,300,128,True,128,123,True,True,False
bike03_wild,78,350,32,True,32,32,True,True,False
bike03_wild,78,350,64,True,64,64,True,True,False
bike03_wild,78,350,128,True,128,125,True,True,False
bike03_wild,78,400,32,True,32,32,True,True,False
bike03_wild,78,400,64,True,64,61,True,True,False
bike03_wild,78,400,128,True,128,125,True,True,False
bike03_wild,78,450,32,False,32,32,False,True,True
bike03_wild,78,450,64,False,64,64,False,True,True
bike03_wild,78,450,128,False,128,128,False,True,True
bike03_wild,78,500,32,True,32,32,True,True,False
bike03_wild,78,500,64,True,64,64,True,True,False
bike03_wild,78,500,128,True,127,127,True,True,False
bike03_wild,78,550,32,True,32,32,True,True,False
bike03_wild,78,550,64,True,64,64,True,True,False
bike03_wild,78,550,128,True,77,77,True,True,False
bike03_wild,78,600,32,True,27,27,True,True,False
bike03_wild,78,600,64,True,27,27,True,True,False
bike03_wild,78,600,128,True,27,27,True,True,False
flower01_indoor,79,50,32,True,32,32,True,True,False
flower01_indoor,79,50,64,True,64,64,True,True,False
flower01_indoor,79,50,128,True,128,94,True,True,False
flower01_indoor,79,100,32,True,32,32,True,True,False
flower01_indoor,79,100,64,True,64,36,True,True,False
flower01_indoor,79,100,128,True,128,85,True,True,False
flower01_indoor,79,150,32,False,32,12,False,True,True
flower01_indoor,79,150,64,False,64,44,False,True,True
flower01_indoor,79,150,128,False,128,73,False,True,True
flower01_indoor,79,200,32,True,32,19,True,True,False
flower01_indoor,79,200,64,True,64,29,True,True,False
flower01_indoor,79,200,128,True,128,70,True,True,False
flower01_indoor,79,250,32,False,32,28,False,True,True
flower01_indoor,79,250,64,False,64,49,False,True,True
flower01_indoor,79,250,128,False,128,101,False,True,True
flower01_indoor,79,300,32,True,32,9,True,True,False
flower01_indoor,79,300,64,True,64,41,True,True,False
flower01_indoor,79,300,128,True,128,105,True,True,False
flower01_indoor,79,350,32,True,32,32,True,True,False
flower01_indoor,79,350,64,True,64,64,True,True,False
flower01_indoor,79,350,128,True,128,120,True,True,False
flower01_indoor,79,400,32,True,32,32,True,True,False
flower01_indoor,79,400,64,True,64,64,True,True,False
flower01_indoor,79,400,128,True,128,103,True,True,False
flower01_indoor,79,450,32,True,32,20,True,True,False
flower01_indoor,79,450,64,True,64,39,True,True,False
flower01_indoor,79,450,128,True,128,72,True,True,False
flower01_indoor,79,500,32,False,32,25,False,True,True
flower01_indoor,79,500,64,False,64,27,False,True,True
flower01_indoor,79,500,128,False,128,90,False,True,True
flower01_indoor,79,550,32,False,32,17,False,True,True
flower01_indoor,79,550,64,False,64,49,False,True,True
flower01_indoor,79,550,128,False,128,113,False,True,True
flower01_indoor,79,600,32,True,32,32,True,True,False
flower01_indoor,79,600,64,True,64,64,True,True,False
flower01_indoor,79,600,128,True,128,100,True,True,False
flower01_indoor,79,650,32,True,32,32,True,True,False
flower01_indoor,79,650,64,True,64,50,True,True,False
flower01_indoor,79,650,128,True,128,95,True,True,False
flower01_indoor,79,700,32,True,32,0,False,False,False
flower01_indoor,79,700,64,True,64,31,True,True,False
flower01_indoor,79,700,128,True,128,48,True,True,False
flower01_indoor,79,750,32,True,32,29,True,True,False
flower01_indoor,79,750,64,True,64,29,True,True,False
flower01_indoor,79,750,128,True,128,81,True,True,False
flower01_indoor,79,800,32,False,32,6,False,True,True
flower01_indoor,79,800,64,False,64,38,False,True,True
flower01_indoor,79,800,128,False,128,102,False,True,True
flower01_indoor,79,850,32,True,32,32,True,True,False
flower01_indoor,79,850,64,True,64,64,True,True,False
flower01_indoor,79,850,128,True,128,128,True,True,False
flower01_indoor,79,900,32,True,32,32,True,True,False
flower01_indoor,79,900,64,True,64,64,True,True,False
flower01_indoor,79,900,128,True,99,99,True,True,False
flower01_indoor,79,950,32,True,32,32,True,True,False
flower01_indoor,79,950,64,True,49,49,True,True,False
flower01_indoor,79,950,128,True,49,49,True,True,False
shoes01_indoor,80,50,32,True,32,32,True,True,False
shoes01_indoor,80,50,64,True,64,64,True,True,False
shoes01_indoor,80,50,128,True,128,128,True,True,False
shoes01_indoor,80,100,32,True,32,32,True,True,False
shoes01_indoor,80,100,64,True,64,64,True,True,False
shoes01_indoor,80,100,128,True,128,128,True,True,False
shoes01_indoor,80,150,32,True,32,32,True,True,False
shoes01_indoor,80,150,64,True,64,64,True,True,False
shoes01_indoor,80,150,128,True,128,128,True,True,False
shoes01_indoor,80,200,32,True,32,32,True,True,False
shoes01_indoor,80,200,64,True,64,64,True,True,False
shoes01_indoor,80,200,128,True,128,128,True,True,False
shoes01_indoor,80,250,32,True,32,32,True,True,False
shoes01_indoor,80,250,64,True,64,64,True,True,False
shoes01_indoor,80,250,128,True,128,128,True,True,False
shoes01_indoor,80,300,32,True,32,32,True,True,False
shoes01_indoor,80,300,64,True,64,64,True,True,False
shoes01_indoor,80,300,128,True,128,127,True,True,False
shoes01_indoor,80,350,32,True,32,31,True,True,False
shoes01_indoor,80,350,64,True,64,63,True,True,False
shoes01_indoor,80,350,128,True,128,127,True,True,False
shoes01_indoor,80,400,32,True,32,32,True,True,False
shoes01_indoor,80,400,64,True,64,64,True,True,False
shoes01_indoor,80,400,128,True,128,128,True,True,False
shoes01_indoor,80,450,32,True,32,32,True,True,False
shoes01_indoor,80,450,64,True,64,64,True,True,False
shoes01_indoor,80,450,128,True,128,128,True,True,False
shoes01_indoor,80,500,32,True,32,32,True,True,False
shoes01_indoor,80,500,64,True,64,64,True,True,False
shoes01_indoor,80,500,128,True,128,128,True,True,False
shoes01_indoor,80,550,32,True,32,32,True,True,False
shoes01_indoor,80,550,64,True,64,64,True,True,False
shoes01_indoor,80,550,128,True,128,128,True,True,False
shoes01_indoor,80,600,32,True,32,32,True,True,False
shoes01_indoor,80,600,64,True,64,64,True,True,False
shoes01_indoor,80,600,128,True,128,120,True,True,False
shoes01_indoor,80,650,32,True,32,32,True,True,False
shoes01_indoor,80,650,64,True,64,56,True,True,False
shoes01_indoor,80,650,128,True,128,120,True,True,False
shoes01_indoor,80,700,32,False,32,30,False,True,True
shoes01_indoor,80,700,64,False,64,62,False,True,True
shoes01_indoor,80,700,128,False,128,114,False,True,True
shoes01_indoor,80,750,32,True,32,32,True,True,False
shoes01_indoor,80,750,64,True,64,56,True,True,False
shoes01_indoor,80,750,128,True,128,114,True,True,False
shoes01_indoor,80,800,32,False,32,22,False,True,True
shoes01_indoor,80,800,64,False,64,52,False,True,True
shoes01_indoor,80,800,128,False,128,111,False,True,True
shoes01_indoor,80,850,32,True,32,32,True,True,False
shoes01_indoor,80,850,64,True,64,64,True,True,False
shoes01_indoor,80,850,128,True,128,118,True,True,False
shoes01_indoor,80,900,32,True,32,26,True,True,False
shoes01_indoor,80,900,64,True,64,55,True,True,False
shoes01_indoor,80,900,128,True,128,69,True,True,False
shoes01_indoor,80,950,32,True,32,25,True,True,False
shoes01_indoor,80,950,64,True,64,26,True,True,False
shoes01_indoor,80,950,128,True,128,27,True,True,False
shoes01_indoor,80,1000,32,False,32,1,False,True,True
shoes01_indoor,80,1000,64,False,64,1,False,True,True
shoes01_indoor,80,1000,128,False,128,39,False,True,True
shoes01_indoor,80,1050,32,False,32,1,False,True,True
shoes01_indoor,80,1050,64,False,64,24,False,True,True
shoes01_indoor,80,1050,128,False,128,88,False,True,True
shoes01_indoor,80,1100,32,True,32,32,True,True,False
shoes01_indoor,80,1100,64,True,64,64,True,True,False
shoes01_indoor,80,1100,128,True,128,128,True,True,False
shoes01_indoor,80,1150,32,True,32,32,True,True,False
shoes01_indoor,80,1150,64,True,64,64,True,True,False
shoes01_indoor,80,1150,128,True,128,128,True,True,False
shoes01_indoor,80,1200,32,True,32,32,True,True,False
shoes01_indoor,80,1200,64,True,64,64,True,True,False
shoes01_indoor,80,1200,128,True,128,128,True,True,False
shoes01_indoor,80,1250,32,True,32,32,True,True,False
shoes01_indoor,80,1250,64,True,64,64,True,True,False
shoes01_indoor,80,1250,128,True,128,123,True,True,False
shoes01_indoor,80,1300,32,True,32,32,True,True,False
shoes01_indoor,80,1300,64,True,64,59,True,True,False
shoes01_indoor,80,1300,128,True,128,123,True,True,False
shoes01_indoor,80,1350,32,True,32,27,True,True,False
shoes01_indoor,80,1350,64,True,64,59,True,True,False
shoes01_indoor,80,1350,128,True,128,121,True,True,False
shoes01_indoor,80,1400,32,True,32,32,True,True,False
shoes01_indoor,80,1400,64,True,64,62,True,True,False
shoes01_indoor,80,1400,128,True,128,126,True,True,False
shoes01_indoor,80,1450,32,True,32,30,True,True,False
shoes01_indoor,80,1450,64,True,64,62,True,True,False
shoes01_indoor,80,1450,128,True,128,126,True,True,False
shoes01_indoor,80,1500,32,True,32,32,True,True,False
shoes01_indoor,80,1500,64,True,64,64,True,True,False
shoes01_indoor,80,1500,128,True,128,128,True,True,False
shoes01_indoor,80,1550,32,True,32,32,True,True,False
shoes01_indoor,80,1550,64,True,64,64,True,True,False
shoes01_indoor,80,1550,128,True,128,128,True,True,False
shoes01_indoor,80,1600,32,True,32,32,True,True,False
shoes01_indoor,80,1600,64,True,64,64,True,True,False
shoes01_indoor,80,1600,128,True,111,111,True,True,False
shoes01_indoor,80,1650,32,True,32,32,True,True,False
shoes01_indoor,80,1650,64,True,61,61,True,True,False
shoes01_indoor,80,1650,128,True,61,61,True,True,False
shoes01_indoor,80,1700,32,True,11,11,True,True,False
shoes01_indoor,80,1700,64,True,11,11,True,True,False
shoes01_indoor,80,1700,128,True,11,11,True,True,False
clothes_indoor,81,50,32,True,32,32,True,True,False
clothes_indoor,81,50,64,True,64,63,True,True,False
clothes_indoor,81,50,128,True,128,125,True,True,False
clothes_indoor,81,100,32,True,32,32,True,True,False
clothes_indoor,81,100,64,True,64,62,True,True,False
clothes_indoor,81,100,128,True,128,126,True,True,False
clothes_indoor,81,150,32,False,32,31,False,True,True
clothes_indoor,81,150,64,False,64,63,False,True,True
clothes_indoor,81,150,128,False,128,127,False,True,True
clothes_indoor,81,200,32,True,32,32,True,True,False
clothes_indoor,81,200,64,True,64,64,True,True,False
clothes_indoor,81,200,128,True,128,128,True,True,False
clothes_indoor,81,250,32,True,32,32,True,True,False
clothes_indoor,81,250,64,True,64,64,True,True,False
clothes_indoor,81,250,128,True,128,128,True,True,False
clothes_indoor,81,300,32,True,32,32,True,True,False
clothes_indoor,81,300,64,True,64,64,True,True,False
clothes_indoor,81,300,128,True,128,128,True,True,False
clothes_indoor,81,350,32,True,32,32,True,True,False
clothes_indoor,81,350,64,True,64,64,True,True,False
clothes_indoor,81,350,128,True,128,128,True,True,False
clothes_indoor,81,400,32,True,32,32,True,True,False
clothes_indoor,81,400,64,True,64,64,True,True,False
clothes_indoor,81,400,128,True,128,128,True,True,False
clothes_indoor,81,450,32,True,32,32,True,True,False
clothes_indoor,81,450,64,True,64,64,True,True,False
clothes_indoor,81,450,128,True,128,128,True,True,False
clothes_indoor,81,500,32,True,32,32,True,True,False
clothes_indoor,81,500,64,True,64,64,True,True,False
clothes_indoor,81,500,128,True,128,128,True,True,False
clothes_indoor,81,550,32,True,32,32,True,True,False
clothes_indoor,81,550,64,True,64,64,True,True,False
clothes_indoor,81,550,128,True,128,128,True,True,False
clothes_indoor,81,600,32,True,32,32,True,True,False
clothes_indoor,81,600,64,True,64,64,True,True,False
clothes_indoor,81,600,128,True,128,118,True,True,False
clothes_indoor,81,650,32,True,32,32,True,True,False
clothes_indoor,81,650,64,True,64,56,True,True,False
clothes_indoor,81,650,128,True,128,116,True,True,False
clothes_indoor,81,700,32,True,32,30,True,True,False
clothes_indoor,81,700,64,True,64,60,True,True,False
clothes_indoor,81,700,128,True,85,81,True,True,False
clothes_indoor,81,750,32,True,32,32,True,True,False
clothes_indoor,81,750,64,True,35,35,True,True,False
clothes_indoor,81,750,128,True,35,35,True,True,False
hat04_indoor,82,50,32,True,32,32,True,True,False
hat04_indoor,82,50,64,True,64,64,True,True,False
hat04_indoor,82,50,128,True,128,128,True,True,False
hat04_indoor,82,100,32,True,32,32,True,True,False
hat04_indoor,82,100,64,True,64,64,True,True,False
hat04_indoor,82,100,128,True,128,128,True,True,False
hat04_indoor,82,150,32,True,32,32,True,True,False
hat04_indoor,82,150,64,True,64,64,True,True,False
hat04_indoor,82,150,128,True,128,128,True,True,False
hat04_indoor,82,200,32,True,32,32,True,True,False
hat04_indoor,82,200,64,True,64,64,True,True,False
hat04_indoor,82,200,128,True,128,128,True,True,False
hat04_indoor,82,250,32,True,32,32,True,True,False
hat04_indoor,82,250,64,True,64,64,True,True,False
hat04_indoor,82,250,128,True,128,128,True,True,False
hat04_indoor,82,300,32,True,32,32,True,True,False
hat04_indoor,82,300,64,True,64,64,True,True,False
hat04_indoor,82,300,128,True,128,128,True,True,False
hat04_indoor,82,350,32,True,32,32,True,True,False
hat04_indoor,82,350,64,True,64,64,True,True,False
hat04_indoor,82,350,128,True,128,128,True,True,False
hat04_indoor,82,400,32,True,32,32,True,True,False
hat04_indoor,82,400,64,True,64,64,True,True,False
hat04_indoor,82,400,128,True,128,128,True,True,False
hat04_indoor,82,450,32,True,32,32,True,True,False
hat04_indoor,82,450,64,True,64,64,True,True,False
hat04_indoor,82,450,128,True,128,128,True,True,False
hat04_indoor,82,500,32,True,32,32,True,True,False
hat04_indoor,82,500,64,True,64,64,True,True,False
hat04_indoor,82,500,128,True,128,128,True,True,False
hat04_indoor,82,550,32,True,32,32,True,True,False
hat04_indoor,82,550,64,True,64,64,True,True,False
hat04_indoor,82,550,128,True,128,128,True,True,False
hat04_indoor,82,600,32,True,32,32,True,True,False
hat04_indoor,82,600,64,True,64,64,True,True,False
hat04_indoor,82,600,128,True,128,128,True,True,False
hat04_indoor,82,650,32,True,32,32,True,True,False
hat04_indoor,82,650,64,True,64,64,True,True,False
hat04_indoor,82,650,128,True,128,128,True,True,False
hat04_indoor,82,700,32,True,32,32,True,True,False
hat04_indoor,82,700,64,True,64,64,True,True,False
hat04_indoor,82,700,128,True,128,128,True,True,False
hat04_indoor,82,750,32,True,32,32,True,True,False
hat04_indoor,82,750,64,True,64,64,True,True,False
hat04_indoor,82,750,128,True,128,128,True,True,False
hat04_indoor,82,800,32,True,32,32,True,True,False
hat04_indoor,82,800,64,True,64,64,True,True,False
hat04_indoor,82,800,128,True,128,128,True,True,False
hat04_indoor,82,850,32,True,32,32,True,True,False
hat04_indoor,82,850,64,True,64,64,True,True,False
hat04_indoor,82,850,128,True,128,128,True,True,False
hat04_indoor,82,900,32,True,32,32,True,True,False
hat04_indoor,82,900,64,True,64,64,True,True,False
hat04_indoor,82,900,128,True,128,128,True,True,False
hat04_indoor,82,950,32,True,32,32,True,True,False
hat04_indoor,82,950,64,True,64,64,True,True,False
hat04_indoor,82,950,128,True,128,128,True,True,False
hat04_indoor,82,1000,32,True,32,32,True,True,False
hat04_indoor,82,1000,64,True,64,64,True,True,False
hat04_indoor,82,1000,128,True,128,128,True,True,False
hat04_indoor,82,1050,32,True,32,32,True,True,False
hat04_indoor,82,1050,64,True,64,64,True,True,False
hat04_indoor,82,1050,128,True,128,128,True,True,False
hat04_indoor,82,1100,32,True,32,32,True,True,False
hat04_indoor,82,1100,64,True,64,64,True,True,False
hat04_indoor,82,1100,128,True,128,128,True,True,False
hat04_indoor,82,1150,32,True,32,32,True,True,False
hat04_indoor,82,1150,64,True,64,64,True,True,False
hat04_indoor,82,1150,128,True,128,128,True,True,False
hat04_indoor,82,1200,32,True,32,32,True,True,False
hat04_indoor,82,1200,64,True,64,64,True,True,False
hat04_indoor,82,1200,128,True,128,128,True,True,False
hat04_indoor,82,1250,32,True,32,32,True,True,False
hat04_indoor,82,1250,64,True,64,64,True,True,False
hat04_indoor,82,1250,128,True,128,128,True,True,False
hat04_indoor,82,1300,32,True,32,32,True,True,False
hat04_indoor,82,1300,64,True,64,64,True,True,False
hat04_indoor,82,1300,128,True,128,128,True,True,False
hat04_indoor,82,1350,32,True,32,32,True,True,False
hat04_indoor,82,1350,64,True,64,64,True,True,False
hat04_indoor,82,1350,128,True,128,128,True,True,False
hat04_indoor,82,1400,32,True,32,32,True,True,False
hat04_indoor,82,1400,64,True,64,64,True,True,False
hat04_indoor,82,1400,128,True,128,128,True,True,False
hat04_indoor,82,1450,32,True,32,32,True,True,False
hat04_indoor,82,1450,64,True,64,64,True,True,False
hat04_indoor,82,1450,128,True,128,128,True,True,False
hat04_indoor,82,1500,32,True,32,32,True,True,False
hat04_indoor,82,1500,64,True,64,64,True,True,False
hat04_indoor,82,1500,128,True,128,128,True,True,False
hat04_indoor,82,1550,32,True,32,32,True,True,False
hat04_indoor,82,1550,64,True,64,64,True,True,False
hat04_indoor,82,1550,128,True,128,128,True,True,False
hat04_indoor,82,1600,32,True,32,32,True,True,False
hat04_indoor,82,1600,64,True,64,64,True,True,False
hat04_indoor,82,1600,128,True,128,128,True,True,False
hat04_indoor,82,1650,32,True,32,32,True,True,False
hat04_indoor,82,1650,64,True,64,64,True,True,False
hat04_indoor,82,1650,128,True,128,128,True,True,False
hat04_indoor,82,1700,32,True,32,32,True,True,False
hat04_indoor,82,1700,64,True,64,64,True,True,False
hat04_indoor,82,1700,128,True,128,128,True,True,False
hat04_indoor,82,1750,32,True,32,32,True,True,False
hat04_indoor,82,1750,64,True,64,64,True,True,False
hat04_indoor,82,1750,128,True,128,128,True,True,False
hat04_indoor,82,1800,32,True,32,32,True,True,False
hat04_indoor,82,1800,64,True,64,64,True,True,False
hat04_indoor,82,1800,128,True,128,128,True,True,False
hat04_indoor,82,1850,32,True,32,32,True,True,False
hat04_indoor,82,1850,64,True,64,64,True,True,False
hat04_indoor,82,1850,128,True,128,128,True,True,False
hat04_indoor,82,1900,32,True,32,32,True,True,False
hat04_indoor,82,1900,64,True,64,64,True,True,False
hat04_indoor,82,1900,128,True,128,128,True,True,False
hat04_indoor,82,1950,32,True,32,32,True,True,False
hat04_indoor,82,1950,64,True,64,64,True,True,False
hat04_indoor,82,1950,128,True,128,128,True,True,False
hat04_indoor,82,2000,32,True,32,32,True,True,False
hat04_indoor,82,2000,64,True,64,64,True,True,False
hat04_indoor,82,2000,128,True,128,128,True,True,False
hat04_indoor,82,2050,32,True,32,32,True,True,False
hat04_indoor,82,2050,64,True,64,64,True,True,False
hat04_indoor,82,2050,128,True,128,128,True,True,False
hat04_indoor,82,2100,32,True,32,32,True,True,False
hat04_indoor,82,2100,64,True,64,64,True,True,False
hat04_indoor,82,2100,128,True,128,128,True,True,False
hat04_indoor,82,2150,32,True,32,32,True,True,False
hat04_indoor,82,2150,64,True,64,64,True,True,False
hat04_indoor,82,2150,128,True,128,128,True,True,False
hat04_indoor,82,2200,32,True,32,32,True,True,False
hat04_indoor,82,2200,64,True,64,64,True,True,False
hat04_indoor,82,2200,128,True,128,128,True,True,False
hat04_indoor,82,2250,32,True,32,32,True,True,False
hat04_indoor,82,2250,64,True,64,64,True,True,False
hat04_indoor,82,2250,128,True,128,128,True,True,False
hat04_indoor,82,2300,32,True,32,32,True,True,False
hat04_indoor,82,2300,64,True,64,64,True,True,False
hat04_indoor,82,2300,128,True,128,128,True,True,False
hat04_indoor,82,2350,32,True,32,32,True,True,False
hat04_indoor,82,2350,64,True,64,64,True,True,False
hat04_indoor,82,2350,128,True,128,128,True,True,False
hat04_indoor,82,2400,32,True,32,32,True,True,False
hat04_indoor,82,2400,64,True,64,64,True,True,False
hat04_indoor,82,2400,128,True,128,128,True,True,False
hat04_indoor,82,2450,32,True,32,32,True,True,False
hat04_indoor,82,2450,64,True,64,64,True,True,False
hat04_indoor,82,2450,128,True,128,128,True,True,False
hat04_indoor,82,2500,32,True,32,32,True,True,False
hat04_indoor,82,2500,64,True,64,64,True,True,False
hat04_indoor,82,2500,128,True,128,128,True,True,False
hat04_indoor,82,2550,32,True,32,32,True,True,False
hat04_indoor,82,2550,64,True,64,64,True,True,False
hat04_indoor,82,2550,128,True,128,128,True,True,False
hat04_indoor,82,2600,32,True,32,32,True,True,False
hat04_indoor,82,2600,64,True,64,64,True,True,False
hat04_indoor,82,2600,128,True,128,128,True,True,False
hat04_indoor,82,2650,32,True,32,32,True,True,False
hat04_indoor,82,2650,64,True,64,64,True,True,False
hat04_indoor,82,2650,128,True,121,121,True,True,False
hat04_indoor,82,2700,32,True,32,32,True,True,False
hat04_indoor,82,2700,64,True,64,64,True,True,False
hat04_indoor,82,2700,128,True,71,71,True,True,False
hat04_indoor,82,2750,32,True,21,21,True,True,False
hat04_indoor,82,2750,64,True,21,21,True,True,False
hat04_indoor,82,2750,128,True,21,21,True,True,False
toy06_indoor,83,50,32,True,32,32,True,True,False
toy06_indoor,83,50,64,True,64,64,True,True,False
toy06_indoor,83,50,128,True,128,128,True,True,False
toy06_indoor,83,100,32,True,32,32,True,True,False
toy06_indoor,83,100,64,True,64,64,True,True,False
toy06_indoor,83,100,128,True,128,128,True,True,False
toy06_indoor,83,150,32,True,32,32,True,True,False
toy06_indoor,83,150,64,True,64,64,True,True,False
toy06_indoor,83,150,128,True,128,128,True,True,False
toy06_indoor,83,200,32,True,32,32,True,True,False
toy06_indoor,83,200,64,True,64,64,True,True,False
toy06_indoor,83,200,128,True,128,128,True,True,False
toy06_indoor,83,250,32,True,32,32,True,True,False
toy06_indoor,83,250,64,True,64,64,True,True,False
toy06_indoor,83,250,128,True,128,128,True,True,False
toy06_indoor,83,300,32,True,32,32,True,True,False
toy06_indoor,83,300,64,True,64,64,True,True,False
toy06_indoor,83,300,128,True,128,128,True,True,False
toy06_indoor,83,350,32,True,32,32,True,True,False
toy06_indoor,83,350,64,True,64,64,True,True,False
toy06_indoor,83,350,128,True,128,128,True,True,False
toy06_indoor,83,400,32,True,32,32,True,True,False
toy06_indoor,83,400,64,True,64,64,True,True,False
toy06_indoor,83,400,128,True,128,128,True,True,False
toy06_indoor,83,450,32,True,32,32,True,True,False
toy06_indoor,83,450,64,True,64,64,True,True,False
toy06_indoor,83,450,128,True,128,128,True,True,False
toy06_indoor,83,500,32,True,32,32,True,True,False
toy06_indoor,83,500,64,True,64,64,True,True,False
toy06_indoor,83,500,128,True,128,128,True,True,False
toy06_indoor,83,550,32,True,32,32,True,True,False
toy06_indoor,83,550,64,True,64,64,True,True,False
toy06_indoor,83,550,128,True,128,128,True,True,False
toy06_indoor,83,600,32,True,32,32,True,True,False
toy06_indoor,83,600,64,True,64,64,True,True,False
toy06_indoor,83,600,128,True,128,128,True,True,False
toy06_indoor,83,650,32,True,32,32,True,True,False
toy06_indoor,83,650,64,True,64,64,True,True,False
toy06_indoor,83,650,128,True,128,128,True,True,False
toy06_indoor,83,700,32,True,32,32,True,True,False
toy06_indoor,83,700,64,True,64,64,True,True,False
toy06_indoor,83,700,128,True,128,128,True,True,False
toy06_indoor,83,750,32,True,32,32,True,True,False
toy06_indoor,83,750,64,True,64,64,True,True,False
toy06_indoor,83,750,128,True,128,128,True,True,False
toy06_indoor,83,800,32,True,32,32,True,True,False
toy06_indoor,83,800,64,True,64,64,True,True,False
toy06_indoor,83,800,128,True,128,128,True,True,False
toy06_indoor,83,850,32,True,32,32,True,True,False
toy06_indoor,83,850,64,True,64,64,True,True,False
toy06_indoor,83,850,128,True,128,128,True,True,False
toy06_indoor,83,900,32,True,32,32,True,True,False
toy06_indoor,83,900,64,True,64,64,True,True,False
toy06_indoor,83,900,128,True,128,128,True,True,False
toy06_indoor,83,950,32,True,32,32,True,True,False
toy06_indoor,83,950,64,True,64,64,True,True,False
toy06_indoor,83,950,128,True,128,113,True,True,False
toy06_indoor,83,1000,32,True,32,32,True,True,False
toy06_indoor,83,1000,64,True,64,49,True,True,False
toy06_indoor,83,1000,128,True,128,113,True,True,False
toy06_indoor,83,1050,32,False,32,28,False,True,True
toy06_indoor,83,1050,64,False,64,60,False,True,True
toy06_indoor,83,1050,128,False,128,120,False,True,True
toy06_indoor,83,1100,32,True,32,32,True,True,False
toy06_indoor,83,1100,64,True,64,60,True,True,False
toy06_indoor,83,1100,128,True,128,124,True,True,False
toy06_indoor,83,1150,32,True,32,32,True,True,False
toy06_indoor,83,1150,64,True,64,64,True,True,False
toy06_indoor,83,1150,128,True,128,122,True,True,False
toy06_indoor,83,1200,32,True,32,32,True,True,False
toy06_indoor,83,1200,64,True,64,64,True,True,False
toy06_indoor,83,1200,128,True,80,72,True,True,False
toy06_indoor,83,1250,32,True,30,22,True,True,False
toy06_indoor,83,1250,64,True,30,22,True,True,False
toy06_indoor,83,1250,128,True,30,22,True,True,False
ball14_wild,84,50,32,True,32,32,True,True,False
ball14_wild,84,50,64,True,64,64,True,True,False
ball14_wild,84,50,128,True,128,128,True,True,False
ball14_wild,84,100,32,True,32,32,True,True,False
ball14_wild,84,100,64,True,64,64,True,True,False
ball14_wild,84,100,128,True,128,128,True,True,False
ball14_wild,84,150,32,True,32,32,True,True,False
ball14_wild,84,150,64,True,64,64,True,True,False
ball14_wild,84,150,128,True,128,128,True,True,False
ball14_wild,84,200,32,True,32,32,True,True,False
ball14_wild,84,200,64,True,64,64,True,True,False
ball14_wild,84,200,128,True,128,128,True,True,False
ball14_wild,84,250,32,True,32,32,True,True,False
ball14_wild,84,250,64,True,64,64,True,True,False
ball14_wild,84,250,128,True,128,128,True,True,False
ball14_wild,84,300,32,True,32,32,True,True,False
ball14_wild,84,300,64,True,64,64,True,True,False
ball14_wild,84,300,128,True,128,101,True,True,False
ball14_wild,84,350,32,True,32,32,True,True,False
ball14_wild,84,350,64,True,64,51,True,True,False
ball14_wild,84,350,128,True,128,84,True,True,False
ball14_wild,84,400,32,True,32,2,True,True,False
ball14_wild,84,400,64,True,64,21,True,True,False
ball14_wild,84,400,128,True,128,85,True,True,False
ball14_wild,84,450,32,True,32,32,True,True,False
ball14_wild,84,450,64,True,64,64,True,True,False
ball14_wild,84,450,128,True,128,128,True,True,False
ball14_wild,84,500,32,True,32,32,True,True,False
ball14_wild,84,500,64,True,64,64,True,True,False
ball14_wild,84,500,128,True,128,128,True,True,False
ball14_wild,84,550,32,True,32,32,True,True,False
ball14_wild,84,550,64,True,64,64,True,True,False
ball14_wild,84,550,128,True,128,128,True,True,False
ball14_wild,84,600,32,True,32,32,True,True,False
ball14_wild,84,600,64,True,64,64,True,True,False
ball14_wild,84,600,128,True,128,128,True,True,False
ball14_wild,84,650,32,True,32,32,True,True,False
ball14_wild,84,650,64,True,64,64,True,True,False
ball14_wild,84,650,128,True,128,128,True,True,False
ball14_wild,84,700,32,True,32,32,True,True,False
ball14_wild,84,700,64,True,64,64,True,True,False
ball14_wild,84,700,128,True,128,128,True,True,False
ball14_wild,84,750,32,True,32,32,True,True,False
ball14_wild,84,750,64,True,64,64,True,True,False
ball14_wild,84,750,128,True,128,128,True,True,False
ball14_wild,84,800,32,True,32,32,True,True,False
ball14_wild,84,800,64,True,64,64,True,True,False
ball14_wild,84,800,128,True,128,128,True,True,False
ball14_wild,84,850,32,True,32,32,True,True,False
ball14_wild,84,850,64,True,64,64,True,True,False
ball14_wild,84,850,128,True,128,128,True,True,False
ball14_wild,84,900,32,True,32,32,True,True,False
ball14_wild,84,900,64,True,64,64,True,True,False
ball14_wild,84,900,128,True,128,128,True,True,False
ball14_wild,84,950,32,True,32,32,True,True,False
ball14_wild,84,950,64,True,64,64,True,True,False
ball14_wild,84,950,128,True,128,128,True,True,False
ball14_wild,84,1000,32,True,32,32,True,True,False
ball14_wild,84,1000,64,True,64,64,True,True,False
ball14_wild,84,1000,128,True,128,128,True,True,False
ball14_wild,84,1050,32,True,32,32,True,True,False
ball14_wild,84,1050,64,True,64,64,True,True,False
ball14_wild,84,1050,128,True,128,128,True,True,False
ball14_wild,84,1100,32,True,32,32,True,True,False
ball14_wild,84,1100,64,True,64,64,True,True,False
ball14_wild,84,1100,128,True,128,128,True,True,False
ball14_wild,84,1150,32,True,32,32,True,True,False
ball14_wild,84,1150,64,True,64,64,True,True,False
ball14_wild,84,1150,128,True,128,128,True,True,False
ball14_wild,84,1200,32,True,32,32,True,True,False
ball14_wild,84,1200,64,True,64,64,True,True,False
ball14_wild,84,1200,128,True,128,128,True,True,False
ball14_wild,84,1250,32,True,32,32,True,True,False
ball14_wild,84,1250,64,True,64,64,True,True,False
ball14_wild,84,1250,128,True,128,128,True,True,False
ball14_wild,84,1300,32,True,32,32,True,True,False
ball14_wild,84,1300,64,True,64,64,True,True,False
ball14_wild,84,1300,128,True,128,128,True,True,False
ball14_wild,84,1350,32,True,32,32,True,True,False
ball14_wild,84,1350,64,True,64,64,True,True,False
ball14_wild,84,1350,128,True,128,102,True,True,False
ball14_wild,84,1400,32,True,32,31,True,True,False
ball14_wild,84,1400,64,True,64,46,True,True,False
ball14_wild,84,1400,128,True,128,92,True,True,False
ball14_wild,84,1450,32,True,32,20,True,True,False
ball14_wild,84,1450,64,True,64,46,True,True,False
ball14_wild,84,1450,128,True,128,110,True,True,False
ball14_wild,84,1500,32,True,32,32,True,True,False
ball14_wild,84,1500,64,True,64,64,True,True,False
ball14_wild,84,1500,128,True,128,93,True,True,False
ball14_wild,84,1550,32,True,32,29,True,True,False
ball14_wild,84,1550,64,True,64,42,True,True,False
ball14_wild,84,1550,128,True,128,93,True,True,False
ball14_wild,84,1600,32,True,32,12,True,True,False
ball14_wild,84,1600,64,True,64,44,True,True,False
ball14_wild,84,1600,128,True,115,95,True,True,False
ball14_wild,84,1650,32,True,32,32,True,True,False
ball14_wild,84,1650,64,True,64,64,True,True,False
ball14_wild,84,1650,128,True,65,65,True,True,False
ball14_wild,84,1700,32,True,15,15,True,True,False
ball14_wild,84,1700,64,True,15,15,True,True,False
ball14_wild,84,1700,128,True,15,15,True,True,False
cup03_indoor,85,50,32,True,32,32,True,True,False
cup03_indoor,85,50,64,True,64,64,True,True,False
cup03_indoor,85,50,128,True,128,128,True,True,False
cup03_indoor,85,100,32,True,32,32,True,True,False
cup03_indoor,85,100,64,True,64,64,True,True,False
cup03_indoor,85,100,128,True,128,128,True,True,False
cup03_indoor,85,150,32,True,32,32,True,True,False
cup03_indoor,85,150,64,True,64,64,True,True,False
cup03_indoor,85,150,128,True,128,128,True,True,False
cup03_indoor,85,200,32,True,32,32,True,True,False
cup03_indoor,85,200,64,True,64,64,True,True,False
cup03_indoor,85,200,128,True,128,128,True,True,False
cup03_indoor,85,250,32,True,32,32,True,True,False
cup03_indoor,85,250,64,True,64,64,True,True,False
cup03_indoor,85,250,128,True,128,128,True,True,False
cup03_indoor,85,300,32,True,32,32,True,True,False
cup03_indoor,85,300,64,True,64,64,True,True,False
cup03_indoor,85,300,128,True,128,128,True,True,False
cup03_indoor,85,350,32,True,32,32,True,True,False
cup03_indoor,85,350,64,True,64,64,True,True,False
cup03_indoor,85,350,128,True,128,128,True,True,False
cup03_indoor,85,400,32,True,32,32,True,True,False
cup03_indoor,85,400,64,True,64,64,True,True,False
cup03_indoor,85,400,128,True,128,128,True,True,False
cup03_indoor,85,450,32,True,32,32,True,True,False
cup03_indoor,85,450,64,True,64,64,True,True,False
cup03_indoor,85,450,128,True,128,128,True,True,False
cup03_indoor,85,500,32,True,32,32,True,True,False
cup03_indoor,85,500,64,True,64,64,True,True,False
cup03_indoor,85,500,128,True,128,128,True,True,False
cup03_indoor,85,550,32,True,32,32,True,True,False
cup03_indoor,85,550,64,True,64,64,True,True,False
cup03_indoor,85,550,128,True,128,128,True,True,False
cup03_indoor,85,600,32,True,32,32,True,True,False
cup03_indoor,85,600,64,True,64,64,True,True,False
cup03_indoor,85,600,128,True,128,128,True,True,False
cup03_indoor,85,650,32,True,32,32,True,True,False
cup03_indoor,85,650,64,True,64,64,True,True,False
cup03_indoor,85,650,128,True,128,128,True,True,False
cup03_indoor,85,700,32,True,32,32,True,True,False
cup03_indoor,85,700,64,True,64,64,True,True,False
cup03_indoor,85,700,128,True,128,128,True,True,False
cup03_indoor,85,750,32,True,32,32,True,True,False
cup03_indoor,85,750,64,True,64,64,True,True,False
cup03_indoor,85,750,128,True,128,128,True,True,False
cup03_indoor,85,800,32,True,32,32,True,True,False
cup03_indoor,85,800,64,True,64,64,True,True,False
cup03_indoor,85,800,128,True,128,128,True,True,False
cup03_indoor,85,850,32,True,32,32,True,True,False
cup03_indoor,85,850,64,True,64,64,True,True,False
cup03_indoor,85,850,128,True,128,107,True,True,False
cup03_indoor,85,900,32,True,32,32,True,True,False
cup03_indoor,85,900,64,True,64,43,True,True,False
cup03_indoor,85,900,128,True,128,91,True,True,False
cup03_indoor,85,950,32,False,32,19,False,True,True
cup03_indoor,85,950,64,False,64,35,False,True,True
cup03_indoor,85,950,128,False,128,99,False,True,True
cup03_indoor,85,1000,32,False,32,27,False,True,True
cup03_indoor,85,1000,64,False,64,59,False,True,True
cup03_indoor,85,1000,128,False,128,123,False,True,True
cup03_indoor,85,1050,32,True,32,32,True,True,False
cup03_indoor,85,1050,64,True,64,64,True,True,False
cup03_indoor,85,1050,128,True,128,128,True,True,False
cup03_indoor,85,1100,32,True,32,32,True,True,False
cup03_indoor,85,1100,64,True,64,64,True,True,False
cup03_indoor,85,1100,128,True,128,128,True,True,False
cup03_indoor,85,1150,32,True,32,32,True,True,False
cup03_indoor,85,1150,64,True,64,64,True,True,False
cup03_indoor,85,1150,128,True,128,128,True,True,False
cup03_indoor,85,1200,32,True,32,32,True,True,False
cup03_indoor,85,1200,64,True,64,64,True,True,False
cup03_indoor,85,1200,128,True,128,128,True,True,False
cup03_indoor,85,1250,32,True,32,32,True,True,False
cup03_indoor,85,1250,64,True,64,64,True,True,False
cup03_indoor,85,1250,128,True,128,128,True,True,False
cup03_indoor,85,1300,32,True,32,32,True,True,False
cup03_indoor,85,1300,64,True,64,64,True,True,False
cup03_indoor,85,1300,128,True,128,118,True,True,False
cup03_indoor,85,1350,32,True,32,32,True,True,False
cup03_indoor,85,1350,64,True,64,64,True,True,False
cup03_indoor,85,1350,128,True,128,109,True,True,False
cup03_indoor,85,1400,32,True,32,18,True,True,False
cup03_indoor,85,1400,64,True,64,45,True,True,False
cup03_indoor,85,1400,128,True,128,109,True,True,False
cup03_indoor,85,1450,32,True,32,32,True,True,False
cup03_indoor,85,1450,64,True,64,64,True,True,False
cup03_indoor,85,1450,128,True,128,128,True,True,False
cup03_indoor,85,1500,32,True,32,32,True,True,False
cup03_indoor,85,1500,64,True,64,64,True,True,False
cup03_indoor,85,1500,128,True,128,128,True,True,False
cup03_indoor,85,1550,32,True,32,32,True,True,False
cup03_indoor,85,1550,64,True,64,64,True,True,False
cup03_indoor,85,1550,128,True,128,128,True,True,False
cup03_indoor,85,1600,32,True,32,32,True,True,False
cup03_indoor,85,1600,64,True,64,64,True,True,False
cup03_indoor,85,1600,128,True,128,127,True,True,False
cup03_indoor,85,1650,32,True,32,32,True,True,False
cup03_indoor,85,1650,64,True,64,63,True,True,False
cup03_indoor,85,1650,128,True,128,127,True,True,False
cup03_indoor,85,1700,32,True,32,32,True,True,False
cup03_indoor,85,1700,64,True,64,64,True,True,False
cup03_indoor,85,1700,128,True,128,128,True,True,False
cup03_indoor,85,1750,32,True,32,32,True,True,False
cup03_indoor,85,1750,64,True,64,64,True,True,False
cup03_indoor,85,1750,128,True,128,128,True,True,False
cup03_indoor,85,1800,32,True,32,32,True,True,False
cup03_indoor,85,1800,64,True,64,64,True,True,False
cup03_indoor,85,1800,128,True,128,128,True,True,False
cup03_indoor,85,1850,32,True,32,32,True,True,False
cup03_indoor,85,1850,64,True,64,64,True,True,False
cup03_indoor,85,1850,128,True,128,128,True,True,False
cup03_indoor,85,1900,32,True,32,32,True,True,False
cup03_indoor,85,1900,64,True,64,64,True,True,False
cup03_indoor,85,1900,128,True,128,109,True,True,False
cup03_indoor,85,1950,32,True,32,32,True,True,False
cup03_indoor,85,1950,64,True,64,53,True,True,False
cup03_indoor,85,1950,128,True,128,109,True,True,False
cup03_indoor,85,2000,32,True,32,13,True,True,False
cup03_indoor,85,2000,64,True,64,45,True,True,False
cup03_indoor,85,2000,128,True,128,76,True,True,False
cup03_indoor,85,2050,32,True,32,29,True,True,False
cup03_indoor,85,2050,64,True,64,31,True,True,False
cup03_indoor,85,2050,128,True,128,95,True,True,False
cup03_indoor,85,2100,32,False,32,20,False,True,True
cup03_indoor,85,2100,64,False,64,52,False,True,True
cup03_indoor,85,2100,128,False,128,116,False,True,True
cup03_indoor,85,2150,32,True,32,32,True,True,False
cup03_indoor,85,2150,64,True,64,64,True,True,False
cup03_indoor,85,2150,128,True,128,128,True,True,False
cup03_indoor,85,2200,32,True,32,32,True,True,False
cup03_indoor,85,2200,64,True,64,64,True,True,False
cup03_indoor,85,2200,128,True,128,128,True,True,False
cup03_indoor,85,2250,32,True,32,32,True,True,False
cup03_indoor,85,2250,64,True,64,64,True,True,False
cup03_indoor,85,2250,128,True,128,128,True,True,False
cup03_indoor,85,2300,32,True,32,32,True,True,False
cup03_indoor,85,2300,64,True,64,64,True,True,False
cup03_indoor,85,2300,128,True,128,128,True,True,False
cup03_indoor,85,2350,32,True,32,32,True,True,False
cup03_indoor,85,2350,64,True,64,64,True,True,False
cup03_indoor,85,2350,128,True,128,128,True,True,False
cup03_indoor,85,2400,32,True,32,32,True,True,False
cup03_indoor,85,2400,64,True,64,64,True,True,False
cup03_indoor,85,2400,128,True,128,128,True,True,False
cup03_indoor,85,2450,32,True,32,32,True,True,False
cup03_indoor,85,2450,64,True,64,64,True,True,False
cup03_indoor,85,2450,128,True,128,128,True,True,False
cup03_indoor,85,2500,32,True,32,32,True,True,False
cup03_indoor,85,2500,64,True,64,64,True,True,False
cup03_indoor,85,2500,128,True,128,128,True,True,False
cup03_indoor,85,2550,32,True,32,32,True,True,False
cup03_indoor,85,2550,64,True,64,64,True,True,False
cup03_indoor,85,2550,128,True,128,128,True,True,False
cup03_indoor,85,2600,32,True,32,32,True,True,False
cup03_indoor,85,2600,64,True,64,64,True,True,False
cup03_indoor,85,2600,128,True,128,128,True,True,False
cup03_indoor,85,2650,32,True,32,32,True,True,False
cup03_indoor,85,2650,64,True,64,64,True,True,False
cup03_indoor,85,2650,128,True,101,101,True,True,False
cup03_indoor,85,2700,32,True,32,32,True,True,False
cup03_indoor,85,2700,64,True,51,51,True,True,False
cup03_indoor,85,2700,128,True,51,51,True,True,False
cup03_indoor,85,2750,32,True,1,1,True,True,False
cup03_indoor,85,2750,64,True,1,1,True,True,False
cup03_indoor,85,2750,128,True,1,1,True,True,False
ball12_wild,86,50,32,True,32,32,True,True,False
ball12_wild,86,50,64,True,64,64,True,True,False
ball12_wild,86,50,128,True,128,128,True,True,False
ball12_wild,86,100,32,True,32,32,True,True,False
ball12_wild,86,100,64,True,64,64,True,True,False
ball12_wild,86,100,128,True,128,126,True,True,False
ball12_wild,86,150,32,True,32,32,True,True,False
ball12_wild,86,150,64,True,64,62,True,True,False
ball12_wild,86,150,128,True,128,126,True,True,False
ball12_wild,86,200,32,True,32,32,True,True,False
ball12_wild,86,200,64,True,64,64,True,True,False
ball12_wild,86,200,128,True,128,128,True,True,False
ball12_wild,86,250,32,True,32,32,True,True,False
ball12_wild,86,250,64,True,64,64,True,True,False
ball12_wild,86,250,128,True,128,128,True,True,False
ball12_wild,86,300,32,True,32,32,True,True,False
ball12_wild,86,300,64,True,64,64,True,True,False
ball12_wild,86,300,128,True,128,128,True,True,False
ball12_wild,86,350,32,True,32,32,True,True,False
ball12_wild,86,350,64,True,64,64,True,True,False
ball12_wild,86,350,128,True,128,128,True,True,False
ball12_wild,86,400,32,True,32,32,True,True,False
ball12_wild,86,400,64,True,64,64,True,True,False
ball12_wild,86,400,128,True,128,123,True,True,False
ball12_wild,86,450,32,True,32,32,True,True,False
ball12_wild,86,450,64,True,64,64,True,True,False
ball12_wild,86,450,128,True,128,104,True,True,False
ball12_wild,86,500,32,True,32,23,True,True,False
ball12_wild,86,500,64,True,64,40,True,True,False
ball12_wild,86,500,128,True,128,104,True,True,False
ball12_wild,86,550,32,True,32,32,True,True,False
ball12_wild,86,550,64,True,64,64,True,True,False
ball12_wild,86,550,128,True,128,128,True,True,False
ball12_wild,86,600,32,True,32,32,True,True,False
ball12_wild,86,600,64,True,64,64,True,True,False
ball12_wild,86,600,128,True,128,128,True,True,False
ball12_wild,86,650,32,True,32,32,True,True,False
ball12_wild,86,650,64,True,64,64,True,True,False
ball12_wild,86,650,128,True,128,126,True,True,False
ball12_wild,86,700,32,True,32,32,True,True,False
ball12_wild,86,700,64,True,64,64,True,True,False
ball12_wild,86,700,128,True,128,118,True,True,False
ball12_wild,86,750,32,True,32,30,True,True,False
ball12_wild,86,750,64,True,64,62,True,True,False
ball12_wild,86,750,128,True,128,118,True,True,False
ball12_wild,86,800,32,True,32,24,True,True,False
ball12_wild,86,800,64,True,64,56,True,True,False
ball12_wild,86,800,128,True,128,120,True,True,False
ball12_wild,86,850,32,True,32,32,True,True,False
ball12_wild,86,850,64,True,64,64,True,True,False
ball12_wild,86,850,128,True,128,128,True,True,False
ball12_wild,86,900,32,True,32,32,True,True,False
ball12_wild,86,900,64,True,64,64,True,True,False
ball12_wild,86,900,128,True,128,128,True,True,False
ball12_wild,86,950,32,True,32,32,True,True,False
ball12_wild,86,950,64,True,64,64,True,True,False
ball12_wild,86,950,128,True,128,127,True,True,False
ball12_wild,86,1000,32,True,32,32,True,True,False
ball12_wild,86,1000,64,True,64,63,True,True,False
ball12_wild,86,1000,128,True,128,127,True,True,False
ball12_wild,86,1050,32,True,32,32,True,True,False
ball12_wild,86,1050,64,True,64,64,True,True,False
ball12_wild,86,1050,128,True,128,109,True,True,False
ball12_wild,86,1100,32,True,32,32,True,True,False
ball12_wild,86,1100,64,True,64,59,True,True,False
ball12_wild,86,1100,128,True,128,94,True,True,False
ball12_wild,86,1150,32,True,32,9,True,True,False
ball12_wild,86,1150,64,True,64,30,True,True,False
ball12_wild,86,1150,128,True,128,88,True,True,False
ball12_wild,86,1200,32,True,32,32,True,True,False
ball12_wild,86,1200,64,True,64,60,True,True,False
ball12_wild,86,1200,128,True,128,117,True,True,False
ball12_wild,86,1250,32,True,32,26,True,True,False
ball12_wild,86,1250,64,True,64,58,True,True,False
ball12_wild,86,1250,128,True,128,92,True,True,False
ball12_wild,86,1300,32,True,32,24,True,True,False
ball12_wild,86,1300,64,True,64,48,True,True,False
ball12_wild,86,1300,128,True,128,98,True,True,False
ball12_wild,86,1350,32,True,32,10,True,True,False
ball12_wild,86,1350,64,True,64,42,True,True,False
ball12_wild,86,1350,128,True,128,106,True,True,False
ball12_wild,86,1400,32,True,32,32,True,True,False
ball12_wild,86,1400,64,True,64,64,True,True,False
ball12_wild,86,1400,128,True,128,128,True,True,False
ball12_wild,86,1450,32,True,32,32,True,True,False
ball12_wild,86,1450,64,True,64,64,True,True,False
ball12_wild,86,1450,128,True,128,128,True,True,False
ball12_wild,86,1500,32,True,32,32,True,True,False
ball12_wild,86,1500,64,True,64,64,True,True,False
ball12_wild,86,1500,128,True,128,118,True,True,False
ball12_wild,86,1550,32,True,32,32,True,True,False
ball12_wild,86,1550,64,True,64,54,True,True,False
ball12_wild,86,1550,128,True,128,118,True,True,False
ball12_wild,86,1600,32,False,32,29,False,True,True
ball12_wild,86,1600,64,False,64,61,False,True,True
ball12_wild,86,1600,128,False,128,125,False,True,True
ball12_wild,86,1650,32,True,32,32,True,True,False
ball12_wild,86,1650,64,True,64,64,True,True,False
ball12_wild,86,1650,128,True,128,128,True,True,False
ball12_wild,86,1700,32,True,32,32,True,True,False
ball12_wild,86,1700,64,True,64,64,True,True,False
ball12_wild,86,1700,128,True,128,128,True,True,False
ball12_wild,86,1750,32,True,32,32,True,True,False
ball12_wild,86,1750,64,True,64,64,True,True,False
ball12_wild,86,1750,128,True,128,128,True,True,False
ball12_wild,86,1800,32,True,32,32,True,True,False
ball12_wild,86,1800,64,True,64,64,True,True,False
ball12_wild,86,1800,128,True,128,128,True,True,False
ball12_wild,86,1850,32,True,32,32,True,True,False
ball12_wild,86,1850,64,True,64,64,True,True,False
ball12_wild,86,1850,128,True,128,128,True,True,False
ball12_wild,86,1900,32,True,32,32,True,True,False
ball12_wild,86,1900,64,True,64,64,True,True,False
ball12_wild,86,1900,128,True,128,128,True,True,False
ball12_wild,86,1950,32,True,32,32,True,True,False
ball12_wild,86,1950,64,True,64,64,True,True,False
ball12_wild,86,1950,128,True,128,128,True,True,False
ball12_wild,86,2000,32,True,32,32,True,True,False
ball12_wild,86,2000,64,True,64,64,True,True,False
ball12_wild,86,2000,128,True,128,128,True,True,False
ball12_wild,86,2050,32,True,32,32,True,True,False
ball12_wild,86,2050,64,True,64,64,True,True,False
ball12_wild,86,2050,128,True,128,124,True,True,False
ball12_wild,86,2100,32,True,32,32,True,True,False
ball12_wild,86,2100,64,True,64,60,True,True,False
ball12_wild,86,2100,128,True,128,77,True,True,False
ball12_wild,86,2150,32,True,32,31,True,True,False
ball12_wild,86,2150,64,True,64,31,True,True,False
ball12_wild,86,2150,128,True,95,31,True,True,False
ball12_wild,86,2200,32,False,32,0,False,False,False
ball12_wild,86,2200,64,False,45,0,False,False,False
ball12_wild,86,2200,128,False,45,0,False,False,False
trophy_indoor,87,50,32,True,32,32,True,True,False
trophy_indoor,87,50,64,True,64,64,True,True,False
trophy_indoor,87,50,128,True,128,128,True,True,False
trophy_indoor,87,100,32,True,32,32,True,True,False
trophy_indoor,87,100,64,True,64,64,True,True,False
trophy_indoor,87,100,128,True,128,128,True,True,False
trophy_indoor,87,150,32,True,32,32,True,True,False
trophy_indoor,87,150,64,True,64,64,True,True,False
trophy_indoor,87,150,128,True,128,128,True,True,False
trophy_indoor,87,200,32,True,32,32,True,True,False
trophy_indoor,87,200,64,True,64,64,True,True,False
trophy_indoor,87,200,128,True,128,97,True,True,False
trophy_indoor,87,250,32,True,32,32,True,True,False
trophy_indoor,87,250,64,True,64,43,True,True,False
trophy_indoor,87,250,128,True,128,97,True,True,False
trophy_indoor,87,300,32,False,32,8,False,True,True
trophy_indoor,87,300,64,False,64,40,False,True,True
trophy_indoor,87,300,128,False,128,92,False,True,True
trophy_indoor,87,350,32,True,32,32,True,True,False
trophy_indoor,87,350,64,True,64,52,True,True,False
trophy_indoor,87,350,128,True,128,108,True,True,False
trophy_indoor,87,400,32,True,32,20,True,True,False
trophy_indoor,87,400,64,True,64,52,True,True,False
trophy_indoor,87,400,128,True,128,104,True,True,False
trophy_indoor,87,450,32,True,32,24,True,True,False
trophy_indoor,87,450,64,True,64,56,True,True,False
trophy_indoor,87,450,128,True,128,101,True,True,False
trophy_indoor,87,500,32,True,32,25,True,True,False
trophy_indoor,87,500,64,True,64,45,True,True,False
trophy_indoor,87,500,128,True,115,96,True,True,False
trophy_indoor,87,550,32,False,32,24,False,True,True
trophy_indoor,87,550,64,False,64,56,False,True,True
trophy_indoor,87,550,128,False,65,57,False,True,True
trophy_indoor,87,600,32,True,15,15,True,True,False
trophy_indoor,87,600,64,True,15,15,True,True,False
trophy_indoor,87,600,128,True,15,15,True,True,False
hat01_indoor,88,50,32,True,32,32,True,True,False
hat01_indoor,88,50,64,True,64,64,True,True,False
hat01_indoor,88,50,128,True,128,128,True,True,False
hat01_indoor,88,100,32,True,32,32,True,True,False
hat01_indoor,88,100,64,True,64,64,True,True,False
hat01_indoor,88,100,128,True,128,128,True,True,False
hat01_indoor,88,150,32,True,32,32,True,True,False
hat01_indoor,88,150,64,True,64,64,True,True,False
hat01_indoor,88,150,128,True,128,128,True,True,False
hat01_indoor,88,200,32,True,32,32,True,True,False
hat01_indoor,88,200,64,True,64,64,True,True,False
hat01_indoor,88,200,128,True,128,128,True,True,False
hat01_indoor,88,250,32,True,32,32,True,True,False
hat01_indoor,88,250,64,True,64,64,True,True,False
hat01_indoor,88,250,128,True,128,128,True,True,False
hat01_indoor,88,300,32,True,32,32,True,True,False
hat01_indoor,88,300,64,True,64,64,True,True,False
hat01_indoor,88,300,128,True,128,128,True,True,False
hat01_indoor,88,350,32,True,32,32,True,True,False
hat01_indoor,88,350,64,True,64,64,True,True,False
hat01_indoor,88,350,128,True,128,128,True,True,False
hat01_indoor,88,400,32,True,32,32,True,True,False
hat01_indoor,88,400,64,True,64,64,True,True,False
hat01_indoor,88,400,128,True,128,128,True,True,False
hat01_indoor,88,450,32,True,32,32,True,True,False
hat01_indoor,88,450,64,True,64,64,True,True,False
hat01_indoor,88,450,128,True,128,128,True,True,False
hat01_indoor,88,500,32,True,32,32,True,True,False
hat01_indoor,88,500,64,True,64,64,True,True,False
hat01_indoor,88,500,128,True,128,128,True,True,False
hat01_indoor,88,550,32,True,32,32,True,True,False
hat01_indoor,88,550,64,True,64,64,True,True,False
hat01_indoor,88,550,128,True,128,128,True,True,False
hat01_indoor,88,600,32,True,32,32,True,True,False
hat01_indoor,88,600,64,True,64,64,True,True,False
hat01_indoor,88,600,128,True,128,124,True,True,False
hat01_indoor,88,650,32,True,32,32,True,True,False
hat01_indoor,88,650,64,True,64,64,True,True,False
hat01_indoor,88,650,128,True,128,124,True,True,False
hat01_indoor,88,700,32,True,32,28,True,True,False
hat01_indoor,88,700,64,True,64,60,True,True,False
hat01_indoor,88,700,128,True,128,124,True,True,False
hat01_indoor,88,750,32,True,32,32,True,True,False
hat01_indoor,88,750,64,True,64,64,True,True,False
hat01_indoor,88,750,128,True,128,128,True,True,False
hat01_indoor,88,800,32,True,32,32,True,True,False
hat01_indoor,88,800,64,True,64,64,True,True,False
hat01_indoor,88,800,128,True,128,128,True,True,False
hat01_indoor,88,850,32,True,32,32,True,True,False
hat01_indoor,88,850,64,True,64,64,True,True,False
hat01_indoor,88,850,128,True,128,127,True,True,False
hat01_indoor,88,900,32,True,32,32,True,True,False
hat01_indoor,88,900,64,True,64,63,True,True,False
hat01_indoor,88,900,128,True,128,127,True,True,False
hat01_indoor,88,950,32,True,32,32,True,True,False
hat01_indoor,88,950,64,True,64,64,True,True,False
hat01_indoor,88,950,128,True,128,128,True,True,False
hat01_indoor,88,1000,32,True,32,32,True,True,False
hat01_indoor,88,1000,64,True,64,64,True,True,False
hat01_indoor,88,1000,128,True,128,128,True,True,False
hat01_indoor,88,1050,32,True,32,32,True,True,False
hat01_indoor,88,1050,64,True,64,64,True,True,False
hat01_indoor,88,1050,128,True,128,128,True,True,False
hat01_indoor,88,1100,32,True,32,32,True,True,False
hat01_indoor,88,1100,64,True,64,64,True,True,False
hat01_indoor,88,1100,128,True,128,128,True,True,False
hat01_indoor,88,1150,32,True,32,32,True,True,False
hat01_indoor,88,1150,64,True,64,64,True,True,False
hat01_indoor,88,1150,128,True,128,128,True,True,False
hat01_indoor,88,1200,32,True,32,32,True,True,False
hat01_indoor,88,1200,64,True,64,64,True,True,False
hat01_indoor,88,1200,128,True,128,128,True,True,False
hat01_indoor,88,1250,32,True,32,32,True,True,False
hat01_indoor,88,1250,64,True,64,64,True,True,False
hat01_indoor,88,1250,128,True,110,110,True,True,False
hat01_indoor,88,1300,32,True,32,32,True,True,False
hat01_indoor,88,1300,64,True,60,60,True,True,False
hat01_indoor,88,1300,128,True,60,60,True,True,False
hat01_indoor,88,1350,32,True,10,10,True,True,False
hat01_indoor,88,1350,64,True,10,10,True,True,False
hat01_indoor,88,1350,128,True,10,10,True,True,False
cup11_indoor,89,50,32,True,32,32,True,True,False
cup11_indoor,89,50,64,True,64,64,True,True,False
cup11_indoor,89,50,128,True,128,128,True,True,False
cup11_indoor,89,100,32,True,32,32,True,True,False
cup11_indoor,89,100,64,True,64,64,True,True,False
cup11_indoor,89,100,128,True,128,128,True,True,False
cup11_indoor,89,150,32,True,32,32,True,True,False
cup11_indoor,89,150,64,True,64,64,True,True,False
cup11_indoor,89,150,128,True,128,128,True,True,False
cup11_indoor,89,200,32,True,32,32,True,True,False
cup11_indoor,89,200,64,True,64,64,True,True,False
cup11_indoor,89,200,128,True,128,128,True,True,False
cup11_indoor,89,250,32,True,32,32,True,True,False
cup11_indoor,89,250,64,True,64,64,True,True,False
cup11_indoor,89,250,128,True,128,128,True,True,False
cup11_indoor,89,300,32,True,32,32,True,True,False
cup11_indoor,89,300,64,True,64,64,True,True,False
cup11_indoor,89,300,128,True,128,128,True,True,False
cup11_indoor,89,350,32,True,32,32,True,True,False
cup11_indoor,89,350,64,True,64,64,True,True,False
cup11_indoor,89,350,128,True,128,128,True,True,False
cup11_indoor,89,400,32,True,32,32,True,True,False
cup11_indoor,89,400,64,True,64,64,True,True,False
cup11_indoor,89,400,128,True,128,128,True,True,False
cup11_indoor,89,450,32,True,32,32,True,True,False
cup11_indoor,89,450,64,True,64,64,True,True,False
cup11_indoor,89,450,128,True,128,128,True,True,False
cup11_indoor,89,500,32,True,32,32,True,True,False
cup11_indoor,89,500,64,True,64,64,True,True,False
cup11_indoor,89,500,128,True,128,128,True,True,False
cup11_indoor,89,550,32,True,32,32,True,True,False
cup11_indoor,89,550,64,True,64,64,True,True,False
cup11_indoor,89,550,128,True,128,128,True,True,False
cup11_indoor,89,600,32,True,32,32,True,True,False
cup11_indoor,89,600,64,True,64,64,True,True,False
cup11_indoor,89,600,128,True,128,128,True,True,False
cup11_indoor,89,650,32,True,32,32,True,True,False
cup11_indoor,89,650,64,True,64,64,True,True,False
cup11_indoor,89,650,128,True,128,119,True,True,False
cup11_indoor,89,700,32,True,32,32,True,True,False
cup11_indoor,89,700,64,True,64,64,True,True,False
cup11_indoor,89,700,128,True,128,119,True,True,False
cup11_indoor,89,750,32,True,32,23,True,True,False
cup11_indoor,89,750,64,True,64,55,True,True,False
cup11_indoor,89,750,128,True,128,119,True,True,False
cup11_indoor,89,800,32,True,32,32,True,True,False
cup11_indoor,89,800,64,True,64,64,True,True,False
cup11_indoor,89,800,128,True,128,128,True,True,False
cup11_indoor,89,850,32,True,32,32,True,True,False
cup11_indoor,89,850,64,True,64,64,True,True,False
cup11_indoor,89,850,128,True,128,121,True,True,False
cup11_indoor,89,900,32,True,32,32,True,True,False
cup11_indoor,89,900,64,True,64,57,True,True,False
cup11_indoor,89,900,128,True,128,121,True,True,False
cup11_indoor,89,950,32,True,32,25,True,True,False
cup11_indoor,89,950,64,True,64,57,True,True,False
cup11_indoor,89,950,128,True,128,121,True,True,False
cup11_indoor,89,1000,32,True,32,32,True,True,False
cup11_indoor,89,1000,64,True,64,64,True,True,False
cup11_indoor,89,1000,128,True,128,128,True,True,False
cup11_indoor,89,1050,32,True,32,32,True,True,False
cup11_indoor,89,1050,64,True,64,64,True,True,False
cup11_indoor,89,1050,128,True,128,128,True,True,False
cup11_indoor,89,1100,32,True,32,32,True,True,False
cup11_indoor,89,1100,64,True,64,64,True,True,False
cup11_indoor,89,1100,128,True,128,128,True,True,False
cup11_indoor,89,1150,32,True,32,32,True,True,False
cup11_indoor,89,1150,64,True,64,64,True,True,False
cup11_indoor,89,1150,128,True,128,128,True,True,False
cup11_indoor,89,1200,32,True,32,32,True,True,False
cup11_indoor,89,1200,64,True,64,64,True,True,False
cup11_indoor,89,1200,128,True,128,128,True,True,False
cup11_indoor,89,1250,32,True,32,32,True,True,False
cup11_indoor,89,1250,64,True,64,64,True,True,False
cup11_indoor,89,1250,128,True,128,123,True,True,False
cup11_indoor,89,1300,32,True,32,32,True,True,False
cup11_indoor,89,1300,64,True,64,59,True,True,False
cup11_indoor,89,1300,128,True,128,123,True,True,False
cup11_indoor,89,1350,32,False,32,29,False,True,True
cup11_indoor,89,1350,64,False,64,61,False,True,True
cup11_indoor,89,1350,128,False,128,125,False,True,True
cup11_indoor,89,1400,32,True,32,32,True,True,False
cup11_indoor,89,1400,64,True,64,64,True,True,False
cup11_indoor,89,1400,128,True,128,118,True,True,False
cup11_indoor,89,1450,32,True,32,32,True,True,False
cup11_indoor,89,1450,64,True,64,54,True,True,False
cup11_indoor,89,1450,128,True,128,118,True,True,False
cup11_indoor,89,1500,32,False,32,25,False,True,True
cup11_indoor,89,1500,64,False,64,57,False,True,True
cup11_indoor,89,1500,128,False,128,121,False,True,True
cup11_indoor,89,1550,32,True,32,32,True,True,False
cup11_indoor,89,1550,64,True,64,64,True,True,False
cup11_indoor,89,1550,128,True,128,128,True,True,False
cup11_indoor,89,1600,32,True,32,32,True,True,False
cup11_indoor,89,1600,64,True,64,64,True,True,False
cup11_indoor,89,1600,128,True,128,128,True,True,False
cup11_indoor,89,1650,32,True,32,32,True,True,False
cup11_indoor,89,1650,64,True,64,64,True,True,False
cup11_indoor,89,1650,128,True,128,104,True,True,False
cup11_indoor,89,1700,32,True,32,30,True,True,False
cup11_indoor,89,1700,64,True,64,40,True,True,False
cup11_indoor,89,1700,128,True,128,104,True,True,False
cup11_indoor,89,1750,32,False,32,28,False,True,True
cup11_indoor,89,1750,64,False,64,60,False,True,True
cup11_indoor,89,1750,128,False,128,124,False,True,True
cup11_indoor,89,1800,32,True,32,32,True,True,False
cup11_indoor,89,1800,64,True,64,64,True,True,False
cup11_indoor,89,1800,128,True,128,128,True,True,False
cup11_indoor,89,1850,32,True,32,32,True,True,False
cup11_indoor,89,1850,64,True,64,64,True,True,False
cup11_indoor,89,1850,128,True,104,104,True,True,False
cup11_indoor,89,1900,32,True,32,32,True,True,False
cup11_indoor,89,1900,64,True,54,54,True,True,False
cup11_indoor,89,1900,128,True,54,54,True,True,False
cup11_indoor,89,1950,32,True,4,4,True,True,False
cup11_indoor,89,1950,64,True,4,4,True,True,False
cup11_indoor,89,1950,128,True,4,4,True,True,False
cup06_indoor,90,50,32,True,32,32,True,True,False
cup06_indoor,90,50,64,True,64,64,True,True,False
cup06_indoor,90,50,128,True,128,128,True,True,False
cup06_indoor,90,100,32,True,32,32,True,True,False
cup06_indoor,90,100,64,True,64,64,True,True,False
cup06_indoor,90,100,128,True,128,128,True,True,False
cup06_indoor,90,150,32,True,32,32,True,True,False
cup06_indoor,90,150,64,True,64,64,True,True,False
cup06_indoor,90,150,128,True,128,128,True,True,False
cup06_indoor,90,200,32,True,32,32,True,True,False
cup06_indoor,90,200,64,True,64,64,True,True,False
cup06_indoor,90,200,128,True,128,128,True,True,False
cup06_indoor,90,250,32,True,32,32,True,True,False
cup06_indoor,90,250,64,True,64,64,True,True,False
cup06_indoor,90,250,128,True,128,128,True,True,False
cup06_indoor,90,300,32,True,32,32,True,True,False
cup06_indoor,90,300,64,True,64,64,True,True,False
cup06_indoor,90,300,128,True,128,128,True,True,False
cup06_indoor,90,350,32,True,32,32,True,True,False
cup06_indoor,90,350,64,True,64,64,True,True,False
cup06_indoor,90,350,128,True,128,113,True,True,False
cup06_indoor,90,400,32,True,32,32,True,True,False
cup06_indoor,90,400,64,True,64,63,True,True,False
cup06_indoor,90,400,128,True,128,63,True,True,False
cup06_indoor,90,450,32,True,32,13,True,True,False
cup06_indoor,90,450,64,True,64,13,True,True,False
cup06_indoor,90,450,128,True,128,51,True,True,False
cup06_indoor,90,500,32,False,32,0,False,False,False
cup06_indoor,90,500,64,False,64,24,False,True,True
cup06_indoor,90,500,128,False,128,88,False,True,True
cup06_indoor,90,550,32,False,32,30,False,True,True
cup06_indoor,90,550,64,False,64,62,False,True,True
cup06_indoor,90,550,128,False,128,126,False,True,True
cup06_indoor,90,600,32,True,32,32,True,True,False
cup06_indoor,90,600,64,True,64,64,True,True,False
cup06_indoor,90,600,128,True,128,128,True,True,False
cup06_indoor,90,650,32,True,32,32,True,True,False
cup06_indoor,90,650,64,True,64,64,True,True,False
cup06_indoor,90,650,128,True,128,128,True,True,False
cup06_indoor,90,700,32,True,32,32,True,True,False
cup06_indoor,90,700,64,True,64,64,True,True,False
cup06_indoor,90,700,128,True,128,128,True,True,False
cup06_indoor,90,750,32,True,32,32,True,True,False
cup06_indoor,90,750,64,True,64,64,True,True,False
cup06_indoor,90,750,128,True,128,128,True,True,False
cup06_indoor,90,800,32,True,32,32,True,True,False
cup06_indoor,90,800,64,True,64,64,True,True,False
cup06_indoor,90,800,128,True,128,128,True,True,False
cup06_indoor,90,850,32,True,32,32,True,True,False
cup06_indoor,90,850,64,True,64,64,True,True,False
cup06_indoor,90,850,128,True,128,128,True,True,False
cup06_indoor,90,900,32,True,32,32,True,True,False
cup06_indoor,90,900,64,True,64,64,True,True,False
cup06_indoor,90,900,128,True,128,128,True,True,False
cup06_indoor,90,950,32,True,32,32,True,True,False
cup06_indoor,90,950,64,True,64,64,True,True,False
cup06_indoor,90,950,128,True,128,128,True,True,False
cup06_indoor,90,1000,32,True,32,32,True,True,False
cup06_indoor,90,1000,64,True,64,64,True,True,False
cup06_indoor,90,1000,128,True,128,128,True,True,False
cup06_indoor,90,1050,32,True,32,32,True,True,False
cup06_indoor,90,1050,64,True,64,64,True,True,False
cup06_indoor,90,1050,128,True,128,128,True,True,False
cup06_indoor,90,1100,32,True,32,32,True,True,False
cup06_indoor,90,1100,64,True,64,64,True,True,False
cup06_indoor,90,1100,128,True,128,128,True,True,False
cup06_indoor,90,1150,32,True,32,32,True,True,False
cup06_indoor,90,1150,64,True,64,64,True,True,False
cup06_indoor,90,1150,128,True,128,128,True,True,False
cup06_indoor,90,1200,32,True,32,32,True,True,False
cup06_indoor,90,1200,64,True,64,64,True,True,False
cup06_indoor,90,1200,128,True,128,128,True,True,False
cup06_indoor,90,1250,32,True,32,32,True,True,False
cup06_indoor,90,1250,64,True,64,64,True,True,False
cup06_indoor,90,1250,128,True,128,128,True,True,False
cup06_indoor,90,1300,32,True,32,32,True,True,False
cup06_indoor,90,1300,64,True,64,64,True,True,False
cup06_indoor,90,1300,128,True,128,128,True,True,False
cup06_indoor,90,1350,32,True,32,32,True,True,False
cup06_indoor,90,1350,64,True,64,64,True,True,False
cup06_indoor,90,1350,128,True,128,128,True,True,False
cup06_indoor,90,1400,32,True,32,32,True,True,False
cup06_indoor,90,1400,64,True,64,64,True,True,False
cup06_indoor,90,1400,128,True,128,128,True,True,False
cup06_indoor,90,1450,32,True,32,32,True,True,False
cup06_indoor,90,1450,64,True,64,64,True,True,False
cup06_indoor,90,1450,128,True,128,128,True,True,False
cup06_indoor,90,1500,32,True,32,32,True,True,False
cup06_indoor,90,1500,64,True,64,64,True,True,False
cup06_indoor,90,1500,128,True,128,128,True,True,False
cup06_indoor,90,1550,32,True,32,32,True,True,False
cup06_indoor,90,1550,64,True,64,64,True,True,False
cup06_indoor,90,1550,128,True,128,128,True,True,False
cup06_indoor,90,1600,32,True,32,32,True,True,False
cup06_indoor,90,1600,64,True,64,64,True,True,False
cup06_indoor,90,1600,128,True,128,123,True,True,False
cup06_indoor,90,1650,32,True,32,32,True,True,False
cup06_indoor,90,1650,64,True,64,64,True,True,False
cup06_indoor,90,1650,128,True,128,96,True,True,False
cup06_indoor,90,1700,32,True,32,23,True,True,False
cup06_indoor,90,1700,64,True,64,33,True,True,False
cup06_indoor,90,1700,128,True,128,96,True,True,False
cup06_indoor,90,1750,32,True,32,20,True,True,False
cup06_indoor,90,1750,64,True,64,52,True,True,False
cup06_indoor,90,1750,128,True,128,116,True,True,False
cup06_indoor,90,1800,32,True,32,32,True,True,False
cup06_indoor,90,1800,64,True,64,64,True,True,False
cup06_indoor,90,1800,128,True,128,128,True,True,False
cup06_indoor,90,1850,32,True,32,32,True,True,False
cup06_indoor,90,1850,64,True,64,64,True,True,False
cup06_indoor,90,1850,128,True,128,128,True,True,False
cup06_indoor,90,1900,32,True,32,32,True,True,False
cup06_indoor,90,1900,64,True,64,64,True,True,False
cup06_indoor,90,1900,128,True,128,128,True,True,False
cup06_indoor,90,1950,32,True,32,32,True,True,False
cup06_indoor,90,1950,64,True,64,64,True,True,False
cup06_indoor,90,1950,128,True,128,128,True,True,False
cup06_indoor,90,2000,32,True,32,32,True,True,False
cup06_indoor,90,2000,64,True,64,64,True,True,False
cup06_indoor,90,2000,128,True,128,128,True,True,False
cup06_indoor,90,2050,32,True,32,32,True,True,False
cup06_indoor,90,2050,64,True,64,64,True,True,False
cup06_indoor,90,2050,128,True,128,128,True,True,False
cup06_indoor,90,2100,32,True,32,32,True,True,False
cup06_indoor,90,2100,64,True,64,64,True,True,False
cup06_indoor,90,2100,128,True,128,128,True,True,False
cup06_indoor,90,2150,32,True,32,32,True,True,False
cup06_indoor,90,2150,64,True,64,64,True,True,False
cup06_indoor,90,2150,128,True,128,109,True,True,False
cup06_indoor,90,2200,32,True,32,32,True,True,False
cup06_indoor,90,2200,64,True,64,59,True,True,False
cup06_indoor,90,2200,128,True,128,59,True,True,False
cup06_indoor,90,2250,32,True,32,9,True,True,False
cup06_indoor,90,2250,64,True,64,9,True,True,False
cup06_indoor,90,2250,128,True,128,13,True,True,False
cup06_indoor,90,2300,32,False,32,0,False,False,False
cup06_indoor,90,2300,64,False,64,0,False,False,False
cup06_indoor,90,2300,128,False,128,54,False,True,True
cup06_indoor,90,2350,32,False,32,8,False,True,True
cup06_indoor,90,2350,64,False,64,40,False,True,True
cup06_indoor,90,2350,128,False,128,104,False,True,True
cup06_indoor,90,2400,32,True,32,32,True,True,False
cup06_indoor,90,2400,64,True,64,64,True,True,False
cup06_indoor,90,2400,128,True,106,106,True,True,False
cup06_indoor,90,2450,32,True,32,32,True,True,False
cup06_indoor,90,2450,64,True,56,56,True,True,False
cup06_indoor,90,2450,128,True,56,56,True,True,False
cup06_indoor,90,2500,32,True,6,6,True,True,False
cup06_indoor,90,2500,64,True,6,6,True,True,False
cup06_indoor,90,2500,128,True,6,6,True,True,False
cup05_indoor,91,50,32,True,32,32,True,True,False
cup05_indoor,91,50,64,True,64,64,True,True,False
cup05_indoor,91,50,128,True,128,114,True,True,False
cup05_indoor,91,100,32,True,32,32,True,True,False
cup05_indoor,91,100,64,True,64,62,True,True,False
cup05_indoor,91,100,128,True,128,114,True,True,False
cup05_indoor,91,150,32,True,32,18,True,True,False
cup05_indoor,91,150,64,True,64,50,True,True,False
cup05_indoor,91,150,128,True,128,109,True,True,False
cup05_indoor,91,200,32,True,32,32,True,True,False
cup05_indoor,91,200,64,True,64,64,True,True,False
cup05_indoor,91,200,128,True,128,106,True,True,False
cup05_indoor,91,250,32,True,32,27,True,True,False
cup05_indoor,91,250,64,True,64,56,True,True,False
cup05_indoor,91,250,128,True,128,82,True,True,False
cup05_indoor,91,300,32,True,32,11,True,True,False
cup05_indoor,91,300,64,True,64,37,True,True,False
cup05_indoor,91,300,128,True,128,54,True,True,False
cup05_indoor,91,350,32,True,32,11,True,True,False
cup05_indoor,91,350,64,True,64,28,True,True,False
cup05_indoor,91,350,128,True,128,59,True,True,False
cup05_indoor,91,400,32,True,32,16,True,True,False
cup05_indoor,91,400,64,True,64,35,True,True,False
cup05_indoor,91,400,128,True,128,72,True,True,False
cup05_indoor,91,450,32,False,32,24,False,True,True
cup05_indoor,91,450,64,False,64,37,False,True,True
cup05_indoor,91,450,128,False,128,101,False,True,True
cup05_indoor,91,500,32,False,32,31,False,True,True
cup05_indoor,91,500,64,False,64,63,False,True,True
cup05_indoor,91,500,128,False,128,123,False,True,True
cup05_indoor,91,550,32,True,32,32,True,True,False
cup05_indoor,91,550,64,True,64,60,True,True,False
cup05_indoor,91,550,128,True,128,123,True,True,False
cup05_indoor,91,600,32,True,32,31,True,True,False
cup05_indoor,91,600,64,True,64,62,True,True,False
cup05_indoor,91,600,128,True,128,126,True,True,False
cup05_indoor,91,650,32,True,32,31,True,True,False
cup05_indoor,91,650,64,True,64,63,True,True,False
cup05_indoor,91,650,128,True,128,127,True,True,False
cup05_indoor,91,700,32,True,32,32,True,True,False
cup05_indoor,91,700,64,True,64,64,True,True,False
cup05_indoor,91,700,128,True,128,128,True,True,False
cup05_indoor,91,750,32,True,32,32,True,True,False
cup05_indoor,91,750,64,True,64,64,True,True,False
cup05_indoor,91,750,128,True,128,128,True,True,False
cup05_indoor,91,800,32,True,32,32,True,True,False
cup05_indoor,91,800,64,True,64,64,True,True,False
cup05_indoor,91,800,128,True,128,128,True,True,False
cup05_indoor,91,850,32,True,32,32,True,True,False
cup05_indoor,91,850,64,True,64,64,True,True,False
cup05_indoor,91,850,128,True,128,128,True,True,False
cup05_indoor,91,900,32,True,32,32,True,True,False
cup05_indoor,91,900,64,True,64,64,True,True,False
cup05_indoor,91,900,128,True,128,128,True,True,False
cup05_indoor,91,950,32,True,32,32,True,True,False
cup05_indoor,91,950,64,True,64,64,True,True,False
cup05_indoor,91,950,128,True,128,128,True,True,False
cup05_indoor,91,1000,32,True,32,32,True,True,False
cup05_indoor,91,1000,64,True,64,64,True,True,False
cup05_indoor,91,1000,128,True,128,128,True,True,False
cup05_indoor,91,1050,32,True,32,32,True,True,False
cup05_indoor,91,1050,64,True,64,64,True,True,False
cup05_indoor,91,1050,128,True,128,128,True,True,False
cup05_indoor,91,1100,32,True,32,32,True,True,False
cup05_indoor,91,1100,64,True,64,64,True,True,False
cup05_indoor,91,1100,128,True,128,124,True,True,False
cup05_indoor,91,1150,32,True,32,32,True,True,False
cup05_indoor,91,1150,64,True,64,60,True,True,False
cup05_indoor,91,1150,128,True,128,112,True,True,False
cup05_indoor,91,1200,32,True,32,28,True,True,False
cup05_indoor,91,1200,64,True,64,48,True,True,False
cup05_indoor,91,1200,128,True,128,95,True,True,False
cup05_indoor,91,1250,32,False,32,29,False,True,True
cup05_indoor,91,1250,64,False,64,45,False,True,True
cup05_indoor,91,1250,128,False,128,88,False,True,True
cup05_indoor,91,1300,32,True,32,27,True,True,False
cup05_indoor,91,1300,64,True,64,47,True,True,False
cup05_indoor,91,1300,128,True,128,92,True,True,False
cup05_indoor,91,1350,32,False,32,22,False,True,True
cup05_indoor,91,1350,64,False,64,52,False,True,True
cup05_indoor,91,1350,128,False,128,102,False,True,True
cup05_indoor,91,1400,32,True,32,19,True,True,False
cup05_indoor,91,1400,64,True,64,50,True,True,False
cup05_indoor,91,1400,128,True,128,112,True,True,False
cup05_indoor,91,1450,32,True,32,32,True,True,False
cup05_indoor,91,1450,64,True,64,62,True,True,False
cup05_indoor,91,1450,128,True,128,121,True,True,False
cup05_indoor,91,1500,32,True,32,32,True,True,False
cup05_indoor,91,1500,64,True,64,59,True,True,False
cup05_indoor,91,1500,128,True,128,122,True,True,False
cup05_indoor,91,1550,32,True,32,32,True,True,False
cup05_indoor,91,1550,64,True,64,63,True,True,False
cup05_indoor,91,1550,128,True,128,127,True,True,False
cup05_indoor,91,1600,32,True,32,32,True,True,False
cup05_indoor,91,1600,64,True,64,64,True,True,False
cup05_indoor,91,1600,128,True,128,128,True,True,False
cup05_indoor,91,1650,32,True,32,32,True,True,False
cup05_indoor,91,1650,64,True,64,64,True,True,False
cup05_indoor,91,1650,128,True,128,128,True,True,False
cup05_indoor,91,1700,32,True,32,32,True,True,False
cup05_indoor,91,1700,64,True,64,64,True,True,False
cup05_indoor,91,1700,128,True,128,128,True,True,False
cup05_indoor,91,1750,32,True,32,32,True,True,False
cup05_indoor,91,1750,64,True,64,64,True,True,False
cup05_indoor,91,1750,128,True,128,128,True,True,False
cup05_indoor,91,1800,32,True,32,32,True,True,False
cup05_indoor,91,1800,64,True,64,64,True,True,False
cup05_indoor,91,1800,128,True,128,128,True,True,False
cup05_indoor,91,1850,32,True,32,32,True,True,False
cup05_indoor,91,1850,64,True,64,64,True,True,False
cup05_indoor,91,1850,128,True,128,128,True,True,False
cup05_indoor,91,1900,32,True,32,32,True,True,False
cup05_indoor,91,1900,64,True,64,64,True,True,False
cup05_indoor,91,1900,128,True,95,95,True,True,False
cup05_indoor,91,1950,32,True,32,32,True,True,False
cup05_indoor,91,1950,64,True,45,45,True,True,False
cup05_indoor,91,1950,128,True,45,45,True,True,False
cat03_indoor,92,50,32,True,32,32,True,True,False
cat03_indoor,92,50,64,True,64,64,True,True,False
cat03_indoor,92,50,128,True,128,128,True,True,False
cat03_indoor,92,100,32,True,32,32,True,True,False
cat03_indoor,92,100,64,True,64,64,True,True,False
cat03_indoor,92,100,128,True,128,106,True,True,False
cat03_indoor,92,150,32,True,32,32,True,True,False
cat03_indoor,92,150,64,True,64,42,True,True,False
cat03_indoor,92,150,128,True,128,101,True,True,False
cat03_indoor,92,200,32,False,32,26,False,True,True
cat03_indoor,92,200,64,False,64,58,False,True,True
cat03_indoor,92,200,128,False,128,101,False,True,True
cat03_indoor,92,250,32,True,32,23,True,True,False
cat03_indoor,92,250,64,True,64,43,True,True,False
cat03_indoor,92,250,128,True,128,107,True,True,False
cat03_indoor,92,300,32,True,32,32,True,True,False
cat03_indoor,92,300,64,True,64,64,True,True,False
cat03_indoor,92,300,128,True,128,128,True,True,False
cat03_indoor,92,350,32,True,32,32,True,True,False
cat03_indoor,92,350,64,True,64,64,True,True,False
cat03_indoor,92,350,128,True,128,104,True,True,False
cat03_indoor,92,400,32,True,32,32,True,True,False
cat03_indoor,92,400,64,True,64,54,True,True,False
cat03_indoor,92,400,128,True,128,96,True,True,False
cat03_indoor,92,450,32,True,32,4,True,True,False
cat03_indoor,92,450,64,True,64,32,True,True,False
cat03_indoor,92,450,128,True,120,73,True,True,False
cat03_indoor,92,500,32,True,32,32,True,True,False
cat03_indoor,92,500,64,True,64,55,True,True,False
cat03_indoor,92,500,128,True,70,55,True,True,False
cat03_indoor,92,550,32,True,20,5,True,True,False
cat03_indoor,92,550,64,True,20,5,True,True,False
cat03_indoor,92,550,128,True,20,5,True,True,False
duck01_wild,93,50,32,True,32,32,True,True,False
duck01_wild,93,50,64,True,64,64,True,True,False
duck01_wild,93,50,128,True,128,128,True,True,False
duck01_wild,93,100,32,True,32,32,True,True,False
duck01_wild,93,100,64,True,64,64,True,True,False
duck01_wild,93,100,128,True,128,128,True,True,False
duck01_wild,93,150,32,True,32,32,True,True,False
duck01_wild,93,150,64,True,64,64,True,True,False
duck01_wild,93,150,128,True,128,128,True,True,False
duck01_wild,93,200,32,True,32,32,True,True,False
duck01_wild,93,200,64,True,64,64,True,True,False
duck01_wild,93,200,128,True,128,128,True,True,False
duck01_wild,93,250,32,True,32,32,True,True,False
duck01_wild,93,250,64,True,64,64,True,True,False
duck01_wild,93,250,128,True,128,128,True,True,False
duck01_wild,93,300,32,True,32,32,True,True,False
duck01_wild,93,300,64,True,64,64,True,True,False
duck01_wild,93,300,128,True,128,128,True,True,False
duck01_wild,93,350,32,True,32,32,True,True,False
duck01_wild,93,350,64,True,64,64,True,True,False
duck01_wild,93,350,128,True,128,128,True,True,False
duck01_wild,93,400,32,True,32,32,True,True,False
duck01_wild,93,400,64,True,64,64,True,True,False
duck01_wild,93,400,128,True,80,80,True,True,False
duck01_wild,93,450,32,True,30,30,True,True,False
duck01_wild,93,450,64,True,30,30,True,True,False
duck01_wild,93,450,128,True,30,30,True,True,False
tree_wild,94,50,32,True,32,32,True,True,False
tree_wild,94,50,64,True,64,64,True,True,False
tree_wild,94,50,128,True,128,128,True,True,False
tree_wild,94,100,32,True,32,32,True,True,False
tree_wild,94,100,64,True,64,64,True,True,False
tree_wild,94,100,128,True,128,128,True,True,False
tree_wild,94,150,32,True,32,32,True,True,False
tree_wild,94,150,64,True,64,64,True,True,False
tree_wild,94,150,128,True,128,128,True,True,False
tree_wild,94,200,32,True,32,32,True,True,False
tree_wild,94,200,64,True,64,64,True,True,False
tree_wild,94,200,128,True,128,128,True,True,False
tree_wild,94,250,32,True,32,32,True,True,False
tree_wild,94,250,64,True,64,64,True,True,False
tree_wild,94,250,128,True,128,128,True,True,False
tree_wild,94,300,32,True,32,32,True,True,False
tree_wild,94,300,64,True,64,64,True,True,False
tree_wild,94,300,128,True,128,128,True,True,False
tree_wild,94,350,32,True,32,32,True,True,False
tree_wild,94,350,64,True,64,64,True,True,False
tree_wild,94,350,128,True,128,128,True,True,False
tree_wild,94,400,32,True,32,32,True,True,False
tree_wild,94,400,64,True,64,64,True,True,False
tree_wild,94,400,128,True,128,128,True,True,False
tree_wild,94,450,32,True,32,32,True,True,False
tree_wild,94,450,64,True,64,64,True,True,False
tree_wild,94,450,128,True,128,123,True,True,False
tree_wild,94,500,32,True,32,32,True,True,False
tree_wild,94,500,64,True,64,59,True,True,False
tree_wild,94,500,128,True,128,102,True,True,False
tree_wild,94,550,32,True,32,32,True,True,False
tree_wild,94,550,64,True,64,57,True,True,False
tree_wild,94,550,128,True,128,104,True,True,False
tree_wild,94,600,32,True,32,8,True,True,False
tree_wild,94,600,64,True,64,40,True,True,False
tree_wild,94,600,128,True,128,104,True,True,False
tree_wild,94,650,32,True,32,32,True,True,False
tree_wild,94,650,64,True,64,64,True,True,False
tree_wild,94,650,128,True,128,128,True,True,False
tree_wild,94,700,32,True,32,32,True,True,False
tree_wild,94,700,64,True,64,64,True,True,False
tree_wild,94,700,128,True,128,128,True,True,False
tree_wild,94,750,32,True,32,32,True,True,False
tree_wild,94,750,64,True,64,64,True,True,False
tree_wild,94,750,128,True,128,114,True,True,False
tree_wild,94,800,32,True,32,32,True,True,False
tree_wild,94,800,64,True,64,50,True,True,False
tree_wild,94,800,128,True,128,113,True,True,False
tree_wild,94,850,32,False,32,20,False,True,True
tree_wild,94,850,64,False,64,52,False,True,True
tree_wild,94,850,128,False,128,94,False,True,True
tree_wild,94,900,32,True,32,30,True,True,False
tree_wild,94,900,64,True,64,47,True,True,False
tree_wild,94,900,128,True,128,99,True,True,False
tree_wild,94,950,32,False,32,13,False,True,True
tree_wild,94,950,64,False,64,42,False,True,True
tree_wild,94,950,128,False,128,106,False,True,True
tree_wild,94,1000,32,True,32,32,True,True,False
tree_wild,94,1000,64,True,64,64,True,True,False
tree_wild,94,1000,128,True,128,128,True,True,False
tree_wild,94,1050,32,True,32,32,True,True,False
tree_wild,94,1050,64,True,64,64,True,True,False
tree_wild,94,1050,128,True,128,128,True,True,False
tree_wild,94,1100,32,True,32,32,True,True,False
tree_wild,94,1100,64,True,64,64,True,True,False
tree_wild,94,1100,128,True,128,128,True,True,False
tree_wild,94,1150,32,True,32,32,True,True,False
tree_wild,94,1150,64,True,64,64,True,True,False
tree_wild,94,1150,128,True,128,128,True,True,False
tree_wild,94,1200,32,True,32,32,True,True,False
tree_wild,94,1200,64,True,64,64,True,True,False
tree_wild,94,1200,128,True,128,128,True,True,False
tree_wild,94,1250,32,True,32,32,True,True,False
tree_wild,94,1250,64,True,64,64,True,True,False
tree_wild,94,1250,128,True,128,128,True,True,False
tree_wild,94,1300,32,True,32,32,True,True,False
tree_wild,94,1300,64,True,64,64,True,True,False
tree_wild,94,1300,128,True,128,128,True,True,False
tree_wild,94,1350,32,True,32,32,True,True,False
tree_wild,94,1350,64,True,64,64,True,True,False
tree_wild,94,1350,128,True,128,123,True,True,False
tree_wild,94,1400,32,True,32,32,True,True,False
tree_wild,94,1400,64,True,64,64,True,True,False
tree_wild,94,1400,128,True,128,105,True,True,False
tree_wild,94,1450,32,True,32,23,True,True,False
tree_wild,94,1450,64,True,64,41,True,True,False
tree_wild,94,1450,128,True,128,105,True,True,False
tree_wild,94,1500,32,True,32,32,True,True,False
tree_wild,94,1500,64,True,64,64,True,True,False
tree_wild,94,1500,128,True,128,128,True,True,False
tree_wild,94,1550,32,True,32,32,True,True,False
tree_wild,94,1550,64,True,64,64,True,True,False
tree_wild,94,1550,128,True,86,86,True,True,False
tree_wild,94,1600,32,True,32,32,True,True,False
tree_wild,94,1600,64,True,36,36,True,True,False
tree_wild,94,1600,128,True,36,36,True,True,False
cube01_indoor,95,50,32,True,32,32,True,True,False
cube01_indoor,95,50,64,True,64,64,True,True,False
cube01_indoor,95,50,128,True,128,128,True,True,False
cube01_indoor,95,100,32,True,32,32,True,True,False
cube01_indoor,95,100,64,True,64,64,True,True,False
cube01_indoor,95,100,128,True,128,128,True,True,False
cube01_indoor,95,150,32,True,32,32,True,True,False
cube01_indoor,95,150,64,True,64,64,True,True,False
cube01_indoor,95,150,128,True,128,128,True,True,False
cube01_indoor,95,200,32,True,32,32,True,True,False
cube01_indoor,95,200,64,True,64,64,True,True,False
cube01_indoor,95,200,128,True,128,128,True,True,False
cube01_indoor,95,250,32,True,32,32,True,True,False
cube01_indoor,95,250,64,True,64,64,True,True,False
cube01_indoor,95,250,128,True,128,128,True,True,False
cube01_indoor,95,300,32,True,32,32,True,True,False
cube01_indoor,95,300,64,True,64,64,True,True,False
cube01_indoor,95,300,128,True,128,128,True,True,False
cube01_indoor,95,350,32,True,32,32,True,True,False
cube01_indoor,95,350,64,True,64,64,True,True,False
cube01_indoor,95,350,128,True,128,128,True,True,False
cube01_indoor,95,400,32,True,32,32,True,True,False
cube01_indoor,95,400,64,True,64,64,True,True,False
cube01_indoor,95,400,128,True,128,128,True,True,False
cube01_indoor,95,450,32,True,32,32,True,True,False
cube01_indoor,95,450,64,True,64,64,True,True,False
cube01_indoor,95,450,128,True,128,127,True,True,False
cube01_indoor,95,500,32,True,32,32,True,True,False
cube01_indoor,95,500,64,True,64,63,True,True,False
cube01_indoor,95,500,128,True,128,118,True,True,False
cube01_indoor,95,550,32,True,32,31,True,True,False
cube01_indoor,95,550,64,True,64,55,True,True,False
cube01_indoor,95,550,128,True,128,94,True,True,False
cube01_indoor,95,600,32,True,32,23,True,True,False
cube01_indoor,95,600,64,True,64,37,True,True,False
cube01_indoor,95,600,128,True,128,95,True,True,False
cube01_indoor,95,650,32,False,32,12,False,True,True
cube01_indoor,95,650,64,False,64,44,False,True,True
cube01_indoor,95,650,128,False,128,108,False,True,True
cube01_indoor,95,700,32,True,32,32,True,True,False
cube01_indoor,95,700,64,True,64,64,True,True,False
cube01_indoor,95,700,128,True,128,128,True,True,False
cube01_indoor,95,750,32,True,32,32,True,True,False
cube01_indoor,95,750,64,True,64,64,True,True,False
cube01_indoor,95,750,128,True,128,128,True,True,False
cube01_indoor,95,800,32,True,32,32,True,True,False
cube01_indoor,95,800,64,True,64,64,True,True,False
cube01_indoor,95,800,128,True,128,128,True,True,False
cube01_indoor,95,850,32,True,32,32,True,True,False
cube01_indoor,95,850,64,True,64,64,True,True,False
cube01_indoor,95,850,128,True,128,126,True,True,False
cube01_indoor,95,900,32,True,32,32,True,True,False
cube01_indoor,95,900,64,True,64,62,True,True,False
cube01_indoor,95,900,128,True,128,126,True,True,False
cube01_indoor,95,950,32,True,32,32,True,True,False
cube01_indoor,95,950,64,True,64,64,True,True,False
cube01_indoor,95,950,128,True,128,128,True,True,False
cube01_indoor,95,1000,32,True,32,32,True,True,False
cube01_indoor,95,1000,64,True,64,64,True,True,False
cube01_indoor,95,1000,128,True,128,118,True,True,False
cube01_indoor,95,1050,32,True,32,32,True,True,False
cube01_indoor,95,1050,64,True,64,54,True,True,False
cube01_indoor,95,1050,128,True,128,111,True,True,False
cube01_indoor,95,1100,32,False,32,30,False,True,True
cube01_indoor,95,1100,64,False,64,55,False,True,True
cube01_indoor,95,1100,128,False,128,119,False,True,True
cube01_indoor,95,1150,32,True,32,25,True,True,False
cube01_indoor,95,1150,64,True,64,57,True,True,False
cube01_indoor,95,1150,128,True,128,121,True,True,False
cube01_indoor,95,1200,32,True,32,32,True,True,False
cube01_indoor,95,1200,64,True,64,64,True,True,False
cube01_indoor,95,1200,128,True,128,128,True,True,False
cube01_indoor,95,1250,32,True,32,32,True,True,False
cube01_indoor,95,1250,64,True,64,64,True,True,False
cube01_indoor,95,1250,128,True,128,128,True,True,False
cube01_indoor,95,1300,32,True,32,32,True,True,False
cube01_indoor,95,1300,64,True,64,64,True,True,False
cube01_indoor,95,1300,128,True,128,128,True,True,False
cube01_indoor,95,1350,32,True,32,32,True,True,False
cube01_indoor,95,1350,64,True,64,64,True,True,False
cube01_indoor,95,1350,128,True,128,128,True,True,False
cube01_indoor,95,1400,32,True,32,32,True,True,False
cube01_indoor,95,1400,64,True,64,64,True,True,False
cube01_indoor,95,1400,128,True,128,128,True,True,False
cube01_indoor,95,1450,32,True,32,32,True,True,False
cube01_indoor,95,1450,64,True,64,64,True,True,False
cube01_indoor,95,1450,128,True,128,128,True,True,False
cube01_indoor,95,1500,32,True,32,32,True,True,False
cube01_indoor,95,1500,64,True,64,64,True,True,False
cube01_indoor,95,1500,128,True,128,128,True,True,False
cube01_indoor,95,1550,32,True,32,32,True,True,False
cube01_indoor,95,1550,64,True,64,64,True,True,False
cube01_indoor,95,1550,128,True,128,128,True,True,False
cube01_indoor,95,1600,32,True,32,32,True,True,False
cube01_indoor,95,1600,64,True,64,64,True,True,False
cube01_indoor,95,1600,128,True,128,128,True,True,False
cube01_indoor,95,1650,32,True,32,32,True,True,False
cube01_indoor,95,1650,64,True,64,64,True,True,False
cube01_indoor,95,1650,128,True,128,128,True,True,False
cube01_indoor,95,1700,32,True,32,32,True,True,False
cube01_indoor,95,1700,64,True,64,64,True,True,False
cube01_indoor,95,1700,128,True,128,122,True,True,False
cube01_indoor,95,1750,32,True,32,32,True,True,False
cube01_indoor,95,1750,64,True,64,64,True,True,False
cube01_indoor,95,1750,128,True,128,122,True,True,False
cube01_indoor,95,1800,32,True,32,26,True,True,False
cube01_indoor,95,1800,64,True,64,58,True,True,False
cube01_indoor,95,1800,128,True,128,122,True,True,False
cube01_indoor,95,1850,32,True,32,32,True,True,False
cube01_indoor,95,1850,64,True,64,64,True,True,False
cube01_indoor,95,1850,128,True,128,128,True,True,False
cube01_indoor,95,1900,32,True,32,32,True,True,False
cube01_indoor,95,1900,64,True,64,64,True,True,False
cube01_indoor,95,1900,128,True,128,128,True,True,False
cube01_indoor,95,1950,32,True,32,32,True,True,False
cube01_indoor,95,1950,64,True,64,64,True,True,False
cube01_indoor,95,1950,128,True,128,128,True,True,False
cube01_indoor,95,2000,32,True,32,32,True,True,False
cube01_indoor,95,2000,64,True,64,64,True,True,False
cube01_indoor,95,2000,128,True,128,128,True,True,False
cube01_indoor,95,2050,32,True,32,32,True,True,False
cube01_indoor,95,2050,64,True,64,64,True,True,False
cube01_indoor,95,2050,128,True,128,128,True,True,False
cube01_indoor,95,2100,32,True,32,32,True,True,False
cube01_indoor,95,2100,64,True,64,64,True,True,False
cube01_indoor,95,2100,128,True,128,128,True,True,False
cube01_indoor,95,2150,32,True,32,32,True,True,False
cube01_indoor,95,2150,64,True,64,64,True,True,False
cube01_indoor,95,2150,128,True,128,128,True,True,False
cube01_indoor,95,2200,32,True,32,32,True,True,False
cube01_indoor,95,2200,64,True,64,64,True,True,False
cube01_indoor,95,2200,128,True,128,128,True,True,False
cube01_indoor,95,2250,32,True,32,32,True,True,False
cube01_indoor,95,2250,64,True,64,64,True,True,False
cube01_indoor,95,2250,128,True,128,128,True,True,False
cube01_indoor,95,2300,32,True,32,32,True,True,False
cube01_indoor,95,2300,64,True,64,64,True,True,False
cube01_indoor,95,2300,128,True,128,128,True,True,False
cube01_indoor,95,2350,32,True,32,32,True,True,False
cube01_indoor,95,2350,64,True,64,64,True,True,False
cube01_indoor,95,2350,128,True,128,128,True,True,False
cube01_indoor,95,2400,32,True,32,32,True,True,False
cube01_indoor,95,2400,64,True,64,64,True,True,False
cube01_indoor,95,2400,128,True,128,128,True,True,False
cube01_indoor,95,2450,32,True,32,32,True,True,False
cube01_indoor,95,2450,64,True,64,64,True,True,False
cube01_indoor,95,2450,128,True,128,128,True,True,False
cube01_indoor,95,2500,32,True,32,32,True,True,False
cube01_indoor,95,2500,64,True,64,64,True,True,False
cube01_indoor,95,2500,128,True,128,128,True,True,False
cube01_indoor,95,2550,32,True,32,32,True,True,False
cube01_indoor,95,2550,64,True,64,64,True,True,False
cube01_indoor,95,2550,128,True,128,128,True,True,False
cube01_indoor,95,2600,32,True,32,32,True,True,False
cube01_indoor,95,2600,64,True,64,64,True,True,False
cube01_indoor,95,2600,128,True,128,128,True,True,False
cube01_indoor,95,2650,32,True,32,32,True,True,False
cube01_indoor,95,2650,64,True,64,64,True,True,False
cube01_indoor,95,2650,128,True,128,128,True,True,False
cube01_indoor,95,2700,32,True,32,32,True,True,False
cube01_indoor,95,2700,64,True,64,64,True,True,False
cube01_indoor,95,2700,128,True,95,95,True,True,False
cube01_indoor,95,2750,32,True,32,32,True,True,False
cube01_indoor,95,2750,64,True,45,45,True,True,False
cube01_indoor,95,2750,128,True,45,45,True,True,False
mobilephone06_indoor,96,50,32,True,32,32,True,True,False
mobilephone06_indoor,96,50,64,True,64,43,True,True,False
mobilephone06_indoor,96,50,128,True,128,107,True,True,False
mobilephone06_indoor,96,100,32,False,32,25,False,True,True
mobilephone06_indoor,96,100,64,False,64,57,False,True,True
mobilephone06_indoor,96,100,128,False,128,121,False,True,True
mobilephone06_indoor,96,150,32,True,32,32,True,True,False
mobilephone06_indoor,96,150,64,True,64,64,True,True,False
mobilephone06_indoor,96,150,128,True,128,114,True,True,False
mobilephone06_indoor,96,200,32,True,32,30,True,True,False
mobilephone06_indoor,96,200,64,True,64,50,True,True,False
mobilephone06_indoor,96,200,128,True,128,103,True,True,False
mobilephone06_indoor,96,250,32,True,32,32,True,True,False
mobilephone06_indoor,96,250,64,True,64,64,True,True,False
mobilephone06_indoor,96,250,128,True,128,117,True,True,False
mobilephone06_indoor,96,300,32,True,32,21,True,True,False
mobilephone06_indoor,96,300,64,True,64,53,True,True,False
mobilephone06_indoor,96,300,128,True,128,117,True,True,False
mobilephone06_indoor,96,350,32,True,32,32,True,True,False
mobilephone06_indoor,96,350,64,True,64,64,True,True,False
mobilephone06_indoor,96,350,128,True,128,128,True,True,False
mobilephone06_indoor,96,400,32,True,32,32,True,True,False
mobilephone06_indoor,96,400,64,True,64,64,True,True,False
mobilephone06_indoor,96,400,128,True,128,128,True,True,False
mobilephone06_indoor,96,450,32,True,32,32,True,True,False
mobilephone06_indoor,96,450,64,True,64,64,True,True,False
mobilephone06_indoor,96,450,128,True,128,128,True,True,False
mobilephone06_indoor,96,500,32,True,32,32,True,True,False
mobilephone06_indoor,96,500,64,True,64,64,True,True,False
mobilephone06_indoor,96,500,128,True,128,117,True,True,False
mobilephone06_indoor,96,550,32,True,32,32,True,True,False
mobilephone06_indoor,96,550,64,True,64,59,True,True,False
mobilephone06_indoor,96,550,128,True,128,107,True,True,False
mobilephone06_indoor,96,600,32,True,32,21,True,True,False
mobilephone06_indoor,96,600,64,True,64,46,True,True,False
mobilephone06_indoor,96,600,128,True,128,99,True,True,False
mobilephone06_indoor,96,650,32,True,32,22,True,True,False
mobilephone06_indoor,96,650,64,True,64,52,True,True,False
mobilephone06_indoor,96,650,128,True,128,95,True,True,False
mobilephone06_indoor,96,700,32,True,32,23,True,True,False
mobilephone06_indoor,96,700,64,True,64,41,True,True,False
mobilephone06_indoor,96,700,128,True,128,105,True,True,False
mobilephone06_indoor,96,750,32,True,32,32,True,True,False
mobilephone06_indoor,96,750,64,True,64,64,True,True,False
mobilephone06_indoor,96,750,128,True,128,128,True,True,False
mobilephone06_indoor,96,800,32,True,32,32,True,True,False
mobilephone06_indoor,96,800,64,True,64,64,True,True,False
mobilephone06_indoor,96,800,128,True,128,118,True,True,False
mobilephone06_indoor,96,850,32,True,32,32,True,True,False
mobilephone06_indoor,96,850,64,True,64,54,True,True,False
mobilephone06_indoor,96,850,128,True,128,118,True,True,False
mobilephone06_indoor,96,900,32,True,32,31,True,True,False
mobilephone06_indoor,96,900,64,True,64,63,True,True,False
mobilephone06_indoor,96,900,128,True,128,115,True,True,False
mobilephone06_indoor,96,950,32,True,32,32,True,True,False
mobilephone06_indoor,96,950,64,True,64,52,True,True,False
mobilephone06_indoor,96,950,128,True,128,116,True,True,False
mobilephone06_indoor,96,1000,32,False,32,31,False,True,True
mobilephone06_indoor,96,1000,64,False,64,63,False,True,True
mobilephone06_indoor,96,1000,128,False,128,122,False,True,True
mobilephone06_indoor,96,1050,32,True,32,32,True,True,False
mobilephone06_indoor,96,1050,64,True,64,64,True,True,False
mobilephone06_indoor,96,1050,128,True,128,112,True,True,False
mobilephone06_indoor,96,1100,32,True,32,23,True,True,False
mobilephone06_indoor,96,1100,64,True,64,51,True,True,False
mobilephone06_indoor,96,1100,128,True,128,100,True,True,False
mobilephone06_indoor,96,1150,32,True,32,28,True,True,False
mobilephone06_indoor,96,1150,64,True,64,49,True,True,False
mobilephone06_indoor,96,1150,128,True,122,101,True,True,False
mobilephone06_indoor,96,1200,32,True,32,32,True,True,False
mobilephone06_indoor,96,1200,64,True,64,64,True,True,False
mobilephone06_indoor,96,1200,128,True,72,66,True,True,False
mobilephone06_indoor,96,1250,32,True,22,16,True,True,False
mobilephone06_indoor,96,1250,64,True,22,16,True,True,False
mobilephone06_indoor,96,1250,128,True,22,16,True,True,False
thermos01_indoor,97,50,32,True,32,32,True,True,False
thermos01_indoor,97,50,64,True,64,64,True,True,False
thermos01_indoor,97,50,128,True,128,128,True,True,False
thermos01_indoor,97,100,32,True,32,32,True,True,False
thermos01_indoor,97,100,64,True,64,64,True,True,False
thermos01_indoor,97,100,128,True,128,128,True,True,False
thermos01_indoor,97,150,32,True,32,32,True,True,False
thermos01_indoor,97,150,64,True,64,64,True,True,False
thermos01_indoor,97,150,128,True,128,128,True,True,False
thermos01_indoor,97,200,32,True,32,32,True,True,False
thermos01_indoor,97,200,64,True,64,64,True,True,False
thermos01_indoor,97,200,128,True,128,128,True,True,False
thermos01_indoor,97,250,32,True,32,32,True,True,False
thermos01_indoor,97,250,64,True,64,64,True,True,False
thermos01_indoor,97,250,128,True,128,128,True,True,False
thermos01_indoor,97,300,32,True,32,32,True,True,False
thermos01_indoor,97,300,64,True,64,64,True,True,False
thermos01_indoor,97,300,128,True,128,124,True,True,False
thermos01_indoor,97,350,32,True,32,32,True,True,False
thermos01_indoor,97,350,64,True,64,64,True,True,False
thermos01_indoor,97,350,128,True,128,124,True,True,False
thermos01_indoor,97,400,32,True,32,28,True,True,False
thermos01_indoor,97,400,64,True,64,60,True,True,False
thermos01_indoor,97,400,128,True,128,124,True,True,False
thermos01_indoor,97,450,32,True,32,32,True,True,False
thermos01_indoor,97,450,64,True,64,64,True,True,False
thermos01_indoor,97,450,128,True,128,128,True,True,False
thermos01_indoor,97,500,32,True,32,32,True,True,False
thermos01_indoor,97,500,64,True,64,64,True,True,False
thermos01_indoor,97,500,128,True,128,128,True,True,False
thermos01_indoor,97,550,32,True,32,32,True,True,False
thermos01_indoor,97,550,64,True,64,64,True,True,False
thermos01_indoor,97,550,128,True,128,128,True,True,False
thermos01_indoor,97,600,32,True,32,32,True,True,False
thermos01_indoor,97,600,64,True,64,64,True,True,False
thermos01_indoor,97,600,128,True,128,128,True,True,False
thermos01_indoor,97,650,32,True,32,32,True,True,False
thermos01_indoor,97,650,64,True,64,64,True,True,False
thermos01_indoor,97,650,128,True,128,128,True,True,False
thermos01_indoor,97,700,32,True,32,32,True,True,False
thermos01_indoor,97,700,64,True,64,64,True,True,False
thermos01_indoor,97,700,128,True,128,128,True,True,False
thermos01_indoor,97,750,32,True,32,32,True,True,False
thermos01_indoor,97,750,64,True,64,64,True,True,False
thermos01_indoor,97,750,128,True,128,128,True,True,False
thermos01_indoor,97,800,32,True,32,32,True,True,False
thermos01_indoor,97,800,64,True,64,64,True,True,False
thermos01_indoor,97,800,128,True,128,128,True,True,False
thermos01_indoor,97,850,32,True,32,32,True,True,False
thermos01_indoor,97,850,64,True,64,64,True,True,False
thermos01_indoor,97,850,128,True,128,128,True,True,False
thermos01_indoor,97,900,32,True,32,32,True,True,False
thermos01_indoor,97,900,64,True,64,64,True,True,False
thermos01_indoor,97,900,128,True,128,128,True,True,False
thermos01_indoor,97,950,32,True,32,32,True,True,False
thermos01_indoor,97,950,64,True,64,64,True,True,False
thermos01_indoor,97,950,128,True,128,128,True,True,False
thermos01_indoor,97,1000,32,True,32,32,True,True,False
thermos01_indoor,97,1000,64,True,64,64,True,True,False
thermos01_indoor,97,1000,128,True,128,128,True,True,False
thermos01_indoor,97,1050,32,True,32,32,True,True,False
thermos01_indoor,97,1050,64,True,64,64,True,True,False
thermos01_indoor,97,1050,128,True,128,128,True,True,False
thermos01_indoor,97,1100,32,True,32,32,True,True,False
thermos01_indoor,97,1100,64,True,64,64,True,True,False
thermos01_indoor,97,1100,128,True,128,120,True,True,False
thermos01_indoor,97,1150,32,True,32,32,True,True,False
thermos01_indoor,97,1150,64,True,64,56,True,True,False
thermos01_indoor,97,1150,128,True,128,120,True,True,False
thermos01_indoor,97,1200,32,True,32,32,True,True,False
thermos01_indoor,97,1200,64,True,64,64,True,True,False
thermos01_indoor,97,1200,128,True,128,128,True,True,False
thermos01_indoor,97,1250,32,True,32,32,True,True,False
thermos01_indoor,97,1250,64,True,64,64,True,True,False
thermos01_indoor,97,1250,128,True,128,128,True,True,False
thermos01_indoor,97,1300,32,True,32,32,True,True,False
thermos01_indoor,97,1300,64,True,64,64,True,True,False
thermos01_indoor,97,1300,128,True,128,128,True,True,False
thermos01_indoor,97,1350,32,True,32,32,True,True,False
thermos01_indoor,97,1350,64,True,64,64,True,True,False
thermos01_indoor,97,1350,128,True,128,128,True,True,False
thermos01_indoor,97,1400,32,True,32,32,True,True,False
thermos01_indoor,97,1400,64,True,64,64,True,True,False
thermos01_indoor,97,1400,128,True,128,128,True,True,False
thermos01_indoor,97,1450,32,True,32,32,True,True,False
thermos01_indoor,97,1450,64,True,64,64,True,True,False
thermos01_indoor,97,1450,128,True,128,128,True,True,False
thermos01_indoor,97,1500,32,True,32,32,True,True,False
thermos01_indoor,97,1500,64,True,64,64,True,True,False
thermos01_indoor,97,1500,128,True,128,128,True,True,False
thermos01_indoor,97,1550,32,True,32,32,True,True,False
thermos01_indoor,97,1550,64,True,64,64,True,True,False
thermos01_indoor,97,1550,128,True,128,128,True,True,False
thermos01_indoor,97,1600,32,True,32,32,True,True,False
thermos01_indoor,97,1600,64,True,64,64,True,True,False
thermos01_indoor,97,1600,128,True,128,128,True,True,False
thermos01_indoor,97,1650,32,True,32,32,True,True,False
thermos01_indoor,97,1650,64,True,64,64,True,True,False
thermos01_indoor,97,1650,128,True,128,128,True,True,False
thermos01_indoor,97,1700,32,True,32,32,True,True,False
thermos01_indoor,97,1700,64,True,64,64,True,True,False
thermos01_indoor,97,1700,128,True,95,95,True,True,False
thermos01_indoor,97,1750,32,True,32,32,True,True,False
thermos01_indoor,97,1750,64,True,45,45,True,True,False
thermos01_indoor,97,1750,128,True,45,45,True,True,False
mushroom01_indoor,98,50,32,True,32,32,True,True,False
mushroom01_indoor,98,50,64,True,64,64,True,True,False
mushroom01_indoor,98,50,128,True,128,128,True,True,False
mushroom01_indoor,98,100,32,True,32,32,True,True,False
mushroom01_indoor,98,100,64,True,64,64,True,True,False
mushroom01_indoor,98,100,128,True,128,128,True,True,False
mushroom01_indoor,98,150,32,True,32,32,True,True,False
mushroom01_indoor,98,150,64,True,64,64,True,True,False
mushroom01_indoor,98,150,128,True,128,88,True,True,False
mushroom01_indoor,98,200,32,True,32,32,True,True,False
mushroom01_indoor,98,200,64,True,64,33,True,True,False
mushroom01_indoor,98,200,128,True,128,54,True,True,False
mushroom01_indoor,98,250,32,False,32,6,False,True,True
mushroom01_indoor,98,250,64,False,64,7,False,True,True
mushroom01_indoor,98,250,128,False,128,71,False,True,True
mushroom01_indoor,98,300,32,False,32,19,False,True,True
mushroom01_indoor,98,300,64,False,64,51,False,True,True
mushroom01_indoor,98,300,128,False,128,115,False,True,True
mushroom01_indoor,98,350,32,True,32,32,True,True,False
mushroom01_indoor,98,350,64,True,64,64,True,True,False
mushroom01_indoor,98,350,128,True,128,128,True,True,False
mushroom01_indoor,98,400,32,True,32,32,True,True,False
mushroom01_indoor,98,400,64,True,64,64,True,True,False
mushroom01_indoor,98,400,128,True,128,128,True,True,False
mushroom01_indoor,98,450,32,True,32,32,True,True,False
mushroom01_indoor,98,450,64,True,64,64,True,True,False
mushroom01_indoor,98,450,128,True,128,128,True,True,False
mushroom01_indoor,98,500,32,True,32,32,True,True,False
mushroom01_indoor,98,500,64,True,64,64,True,True,False
mushroom01_indoor,98,500,128,True,128,128,True,True,False
mushroom01_indoor,98,550,32,True,32,32,True,True,False
mushroom01_indoor,98,550,64,True,64,64,True,True,False
mushroom01_indoor,98,550,128,True,128,117,True,True,False
mushroom01_indoor,98,600,32,True,32,32,True,True,False
mushroom01_indoor,98,600,64,True,64,63,True,True,False
mushroom01_indoor,98,600,128,True,128,100,True,True,False
mushroom01_indoor,98,650,32,True,32,21,True,True,False
mushroom01_indoor,98,650,64,True,64,50,True,True,False
mushroom01_indoor,98,650,128,True,128,58,True,True,False
mushroom01_indoor,98,700,32,True,32,11,True,True,False
mushroom01_indoor,98,700,64,True,64,11,True,True,False
mushroom01_indoor,98,700,128,True,128,69,True,True,False
mushroom01_indoor,98,750,32,False,32,12,False,True,True
mushroom01_indoor,98,750,64,False,64,44,False,True,True
mushroom01_indoor,98,750,128,False,128,108,False,True,True
mushroom01_indoor,98,800,32,True,32,32,True,True,False
mushroom01_indoor,98,800,64,True,64,64,True,True,False
mushroom01_indoor,98,800,128,True,128,128,True,True,False
mushroom01_indoor,98,850,32,True,32,32,True,True,False
mushroom01_indoor,98,850,64,True,64,64,True,True,False
mushroom01_indoor,98,850,128,True,128,124,True,True,False
mushroom01_indoor,98,900,32,True,32,32,True,True,False
mushroom01_indoor,98,900,64,True,64,60,True,True,False
mushroom01_indoor,98,900,128,True,128,124,True,True,False
mushroom01_indoor,98,950,32,True,32,28,True,True,False
mushroom01_indoor,98,950,64,True,64,60,True,True,False
mushroom01_indoor,98,950,128,True,128,124,True,True,False
mushroom01_indoor,98,1000,32,True,32,32,True,True,False
mushroom01_indoor,98,1000,64,True,64,64,True,True,False
mushroom01_indoor,98,1000,128,True,128,128,True,True,False
mushroom01_indoor,98,1050,32,True,32,32,True,True,False
mushroom01_indoor,98,1050,64,True,64,64,True,True,False
mushroom01_indoor,98,1050,128,True,128,128,True,True,False
mushroom01_indoor,98,1100,32,True,32,32,True,True,False
mushroom01_indoor,98,1100,64,True,64,64,True,True,False
mushroom01_indoor,98,1100,128,True,128,128,True,True,False
mushroom01_indoor,98,1150,32,True,32,32,True,True,False
mushroom01_indoor,98,1150,64,True,64,64,True,True,False
mushroom01_indoor,98,1150,128,True,128,126,True,True,False
mushroom01_indoor,98,1200,32,True,32,32,True,True,False
mushroom01_indoor,98,1200,64,True,64,62,True,True,False
mushroom01_indoor,98,1200,128,True,128,119,True,True,False
mushroom01_indoor,98,1250,32,True,32,32,True,True,False
mushroom01_indoor,98,1250,64,True,64,64,True,True,False
mushroom01_indoor,98,1250,128,True,128,92,True,True,False
mushroom01_indoor,98,1300,32,True,32,25,True,True,False
mushroom01_indoor,98,1300,64,True,64,38,True,True,False
mushroom01_indoor,98,1300,128,True,128,90,True,True,False
mushroom01_indoor,98,1350,32,False,32,8,False,True,True
mushroom01_indoor,98,1350,64,False,64,38,False,True,True
mushroom01_indoor,98,1350,128,False,128,102,False,True,True
mushroom01_indoor,98,1400,32,True,32,32,True,True,False
mushroom01_indoor,98,1400,64,True,64,64,True,True,False
mushroom01_indoor,98,1400,128,True,128,128,True,True,False
mushroom01_indoor,98,1450,32,True,32,32,True,True,False
mushroom01_indoor,98,1450,64,True,64,64,True,True,False
mushroom01_indoor,98,1450,128,True,128,128,True,True,False
mushroom01_indoor,98,1500,32,True,32,32,True,True,False
mushroom01_indoor,98,1500,64,True,64,64,True,True,False
mushroom01_indoor,98,1500,128,True,128,128,True,True,False
mushroom01_indoor,98,1550,32,True,32,32,True,True,False
mushroom01_indoor,98,1550,64,True,64,64,True,True,False
mushroom01_indoor,98,1550,128,True,128,128,True,True,False
mushroom01_indoor,98,1600,32,True,32,32,True,True,False
mushroom01_indoor,98,1600,64,True,64,64,True,True,False
mushroom01_indoor,98,1600,128,True,128,128,True,True,False
mushroom01_indoor,98,1650,32,True,32,32,True,True,False
mushroom01_indoor,98,1650,64,True,64,64,True,True,False
mushroom01_indoor,98,1650,128,True,99,99,True,True,False
mushroom01_indoor,98,1700,32,True,32,32,True,True,False
mushroom01_indoor,98,1700,64,True,49,49,True,True,False
mushroom01_indoor,98,1700,128,True,49,49,True,True,False
bag03_indoor,99,50,32,True,32,32,True,True,False
bag03_indoor,99,50,64,True,64,64,True,True,False
bag03_indoor,99,50,128,True,128,128,True,True,False
bag03_indoor,99,100,32,True,32,32,True,True,False
bag03_indoor,99,100,64,True,64,64,True,True,False
bag03_indoor,99,100,128,True,128,128,True,True,False
bag03_indoor,99,150,32,True,32,32,True,True,False
bag03_indoor,99,150,64,True,64,64,True,True,False
bag03_indoor,99,150,128,True,128,128,True,True,False
bag03_indoor,99,200,32,True,32,32,True,True,False
bag03_indoor,99,200,64,True,64,64,True,True,False
bag03_indoor,99,200,128,True,128,128,True,True,False
bag03_indoor,99,250,32,True,32,32,True,True,False
bag03_indoor,99,250,64,True,64,64,True,True,False
bag03_indoor,99,250,128,True,128,128,True,True,False
bag03_indoor,99,300,32,True,32,32,True,True,False
bag03_indoor,99,300,64,True,64,64,True,True,False
bag03_indoor,99,300,128,True,128,128,True,True,False
bag03_indoor,99,350,32,True,32,32,True,True,False
bag03_indoor,99,350,64,True,64,64,True,True,False
bag03_indoor,99,350,128,True,128,128,True,True,False
bag03_indoor,99,400,32,True,32,32,True,True,False
bag03_indoor,99,400,64,True,64,64,True,True,False
bag03_indoor,99,400,128,True,128,128,True,True,False
bag03_indoor,99,450,32,True,32,32,True,True,False
bag03_indoor,99,450,64,True,64,64,True,True,False
bag03_indoor,99,450,128,True,128,128,True,True,False
bag03_indoor,99,500,32,True,32,32,True,True,False
bag03_indoor,99,500,64,True,64,64,True,True,False
bag03_indoor,99,500,128,True,128,128,True,True,False
bag03_indoor,99,550,32,True,32,32,True,True,False
bag03_indoor,99,550,64,True,64,64,True,True,False
bag03_indoor,99,550,128,True,128,128,True,True,False
bag03_indoor,99,600,32,True,32,32,True,True,False
bag03_indoor,99,600,64,True,64,64,True,True,False
bag03_indoor,99,600,128,True,128,128,True,True,False
bag03_indoor,99,650,32,True,32,32,True,True,False
bag03_indoor,99,650,64,True,64,64,True,True,False
bag03_indoor,99,650,128,True,128,128,True,True,False
bag03_indoor,99,700,32,True,32,32,True,True,False
bag03_indoor,99,700,64,True,64,64,True,True,False
bag03_indoor,99,700,128,True,128,128,True,True,False
bag03_indoor,99,750,32,True,32,32,True,True,False
bag03_indoor,99,750,64,True,64,64,True,True,False
bag03_indoor,99,750,128,True,128,128,True,True,False
bag03_indoor,99,800,32,True,32,32,True,True,False
bag03_indoor,99,800,64,True,64,64,True,True,False
bag03_indoor,99,800,128,True,128,128,True,True,False
bag03_indoor,99,850,32,True,32,32,True,True,False
bag03_indoor,99,850,64,True,64,64,True,True,False
bag03_indoor,99,850,128,True,128,128,True,True,False
bag03_indoor,99,900,32,True,32,32,True,True,False
bag03_indoor,99,900,64,True,64,64,True,True,False
bag03_indoor,99,900,128,True,128,128,True,True,False
bag03_indoor,99,950,32,True,32,32,True,True,False
bag03_indoor,99,950,64,True,64,64,True,True,False
bag03_indoor,99,950,128,True,128,128,True,True,False
bag03_indoor,99,1000,32,True,32,32,True,True,False
bag03_indoor,99,1000,64,True,64,64,True,True,False
bag03_indoor,99,1000,128,True,128,128,True,True,False
bag03_indoor,99,1050,32,True,32,32,True,True,False
bag03_indoor,99,1050,64,True,64,64,True,True,False
bag03_indoor,99,1050,128,True,128,128,True,True,False
bag03_indoor,99,1100,32,True,32,32,True,True,False
bag03_indoor,99,1100,64,True,64,64,True,True,False
bag03_indoor,99,1100,128,True,128,122,True,True,False
bag03_indoor,99,1150,32,True,32,32,True,True,False
bag03_indoor,99,1150,64,True,64,58,True,True,False
bag03_indoor,99,1150,128,True,128,122,True,True,False
bag03_indoor,99,1200,32,False,32,31,False,True,True
bag03_indoor,99,1200,64,False,64,63,False,True,True
bag03_indoor,99,1200,128,False,128,127,False,True,True
bag03_indoor,99,1250,32,True,32,32,True,True,False
bag03_indoor,99,1250,64,True,64,64,True,True,False
bag03_indoor,99,1250,128,True,128,123,True,True,False
bag03_indoor,99,1300,32,True,32,32,True,True,False
bag03_indoor,99,1300,64,True,64,64,True,True,False
bag03_indoor,99,1300,128,True,128,92,True,True,False
bag03_indoor,99,1350,32,True,32,23,True,True,False
bag03_indoor,99,1350,64,True,64,28,True,True,False
bag03_indoor,99,1350,128,True,128,92,True,True,False
bag03_indoor,99,1400,32,False,32,23,False,True,True
bag03_indoor,99,1400,64,False,64,55,False,True,True
bag03_indoor,99,1400,128,False,128,119,False,True,True
bag03_indoor,99,1450,32,True,32,32,True,True,False
bag03_indoor,99,1450,64,True,64,64,True,True,False
bag03_indoor,99,1450,128,True,128,128,True,True,False
bag03_indoor,99,1500,32,True,32,32,True,True,False
bag03_indoor,99,1500,64,True,64,64,True,True,False
bag03_indoor,99,1500,128,True,128,128,True,True,False
bag03_indoor,99,1550,32,True,32,32,True,True,False
bag03_indoor,99,1550,64,True,64,64,True,True,False
bag03_indoor,99,1550,128,True,128,128,True,True,False
bag03_indoor,99,1600,32,True,32,32,True,True,False
bag03_indoor,99,1600,64,True,64,64,True,True,False
bag03_indoor,99,1600,128,True,128,128,True,True,False
bag03_indoor,99,1650,32,True,32,32,True,True,False
bag03_indoor,99,1650,64,True,64,64,True,True,False
bag03_indoor,99,1650,128,True,128,128,True,True,False
bag03_indoor,99,1700,32,True,32,32,True,True,False
bag03_indoor,99,1700,64,True,64,64,True,True,False
bag03_indoor,99,1700,128,True,128,128,True,True,False
bag03_indoor,99,1750,32,True,32,32,True,True,False
bag03_indoor,99,1750,64,True,64,64,True,True,False
bag03_indoor,99,1750,128,True,128,128,True,True,False
bag03_indoor,99,1800,32,True,32,32,True,True,False
bag03_indoor,99,1800,64,True,64,64,True,True,False
bag03_indoor,99,1800,128,True,128,128,True,True,False
bag03_indoor,99,1850,32,True,32,32,True,True,False
bag03_indoor,99,1850,64,True,64,64,True,True,False
bag03_indoor,99,1850,128,True,128,117,True,True,False
bag03_indoor,99,1900,32,True,32,32,True,True,False
bag03_indoor,99,1900,64,True,64,58,True,True,False
bag03_indoor,99,1900,128,True,128,111,True,True,False
bag03_indoor,99,1950,32,True,32,21,True,True,False
bag03_indoor,99,1950,64,True,64,47,True,True,False
bag03_indoor,99,1950,128,True,128,111,True,True,False
bag03_indoor,99,2000,32,True,32,26,True,True,False
bag03_indoor,99,2000,64,True,64,58,True,True,False
bag03_indoor,99,2000,128,True,128,122,True,True,False
bag03_indoor,99,2050,32,True,32,32,True,True,False
bag03_indoor,99,2050,64,True,64,64,True,True,False
bag03_indoor,99,2050,128,True,128,123,True,True,False
bag03_indoor,99,2100,32,True,32,32,True,True,False
bag03_indoor,99,2100,64,True,64,61,True,True,False
bag03_indoor,99,2100,128,True,80,73,True,True,False
bag03_indoor,99,2150,32,True,30,23,True,True,False
bag03_indoor,99,2150,64,True,30,23,True,True,False
bag03_indoor,99,2150,128,True,30,23,True,True,False
file02_indoor,100,50,32,True,32,32,True,True,False
file02_indoor,100,50,64,True,64,64,True,True,False
file02_indoor,100,50,128,True,128,128,True,True,False
file02_indoor,100,100,32,True,32,32,True,True,False
file02_indoor,100,100,64,True,64,64,True,True,False
file02_indoor,100,100,128,True,128,128,True,True,False
file02_indoor,100,150,32,True,32,32,True,True,False
file02_indoor,100,150,64,True,64,64,True,True,False
file02_indoor,100,150,128,True,128,128,True,True,False
file02_indoor,100,200,32,True,32,32,True,True,False
file02_indoor,100,200,64,True,64,64,True,True,False
file02_indoor,100,200,128,True,128,128,True,True,False
file02_indoor,100,250,32,True,32,32,True,True,False
file02_indoor,100,250,64,True,64,64,True,True,False
file02_indoor,100,250,128,True,128,128,True,True,False
file02_indoor,100,300,32,True,32,32,True,True,False
file02_indoor,100,300,64,True,64,64,True,True,False
file02_indoor,100,300,128,True,128,128,True,True,False
file02_indoor,100,350,32,True,32,32,True,True,False
file02_indoor,100,350,64,True,64,64,True,True,False
file02_indoor,100,350,128,True,128,128,True,True,False
file02_indoor,100,400,32,True,32,32,True,True,False
file02_indoor,100,400,64,True,64,64,True,True,False
file02_indoor,100,400,128,True,128,128,True,True,False
file02_indoor,100,450,32,True,32,32,True,True,False
file02_indoor,100,450,64,True,64,64,True,True,False
file02_indoor,100,450,128,True,128,128,True,True,False
file02_indoor,100,500,32,True,32,32,True,True,False
file02_indoor,100,500,64,True,64,64,True,True,False
file02_indoor,100,500,128,True,128,128,True,True,False
file02_indoor,100,550,32,True,32,32,True,True,False
file02_indoor,100,550,64,True,64,64,True,True,False
file02_indoor,100,550,128,True,128,128,True,True,False
file02_indoor,100,600,32,True,32,32,True,True,False
file02_indoor,100,600,64,True,64,64,True,True,False
file02_indoor,100,600,128,True,128,128,True,True,False
file02_indoor,100,650,32,True,32,32,True,True,False
file02_indoor,100,650,64,True,64,64,True,True,False
file02_indoor,100,650,128,True,128,128,True,True,False
file02_indoor,100,700,32,True,32,32,True,True,False
file02_indoor,100,700,64,True,64,64,True,True,False
file02_indoor,100,700,128,True,128,128,True,True,False
file02_indoor,100,750,32,True,32,32,True,True,False
file02_indoor,100,750,64,True,64,64,True,True,False
file02_indoor,100,750,128,True,128,128,True,True,False
file02_indoor,100,800,32,True,32,32,True,True,False
file02_indoor,100,800,64,True,64,64,True,True,False
file02_indoor,100,800,128,True,128,128,True,True,False
file02_indoor,100,850,32,True,32,32,True,True,False
file02_indoor,100,850,64,True,64,64,True,True,False
file02_indoor,100,850,128,True,128,128,True,True,False
file02_indoor,100,900,32,True,32,32,True,True,False
file02_indoor,100,900,64,True,64,64,True,True,False
file02_indoor,100,900,128,True,128,128,True,True,False
file02_indoor,100,950,32,True,32,32,True,True,False
file02_indoor,100,950,64,True,64,64,True,True,False
file02_indoor,100,950,128,True,128,128,True,True,False
file02_indoor,100,1000,32,True,32,32,True,True,False
file02_indoor,100,1000,64,True,64,64,True,True,False
file02_indoor,100,1000,128,True,128,128,True,True,False
file02_indoor,100,1050,32,True,32,32,True,True,False
file02_indoor,100,1050,64,True,64,64,True,True,False
file02_indoor,100,1050,128,True,128,128,True,True,False
file02_indoor,100,1100,32,True,32,32,True,True,False
file02_indoor,100,1100,64,True,64,64,True,True,False
file02_indoor,100,1100,128,True,128,128,True,True,False
file02_indoor,100,1150,32,True,32,32,True,True,False
file02_indoor,100,1150,64,True,64,64,True,True,False
file02_indoor,100,1150,128,True,128,128,True,True,False
file02_indoor,100,1200,32,True,32,32,True,True,False
file02_indoor,100,1200,64,True,64,64,True,True,False
file02_indoor,100,1200,128,True,128,128,True,True,False
file02_indoor,100,1250,32,True,32,32,True,True,False
file02_indoor,100,1250,64,True,64,64,True,True,False
file02_indoor,100,1250,128,True,128,128,True,True,False
file02_indoor,100,1300,32,True,32,32,True,True,False
file02_indoor,100,1300,64,True,64,64,True,True,False
file02_indoor,100,1300,128,True,128,128,True,True,False
file02_indoor,100,1350,32,True,32,32,True,True,False
file02_indoor,100,1350,64,True,64,64,True,True,False
file02_indoor,100,1350,128,True,128,128,True,True,False
file02_indoor,100,1400,32,True,32,32,True,True,False
file02_indoor,100,1400,64,True,64,64,True,True,False
file02_indoor,100,1400,128,True,128,128,True,True,False
file02_indoor,100,1450,32,True,32,32,True,True,False
file02_indoor,100,1450,64,True,64,64,True,True,False
file02_indoor,100,1450,128,True,128,128,True,True,False
file02_indoor,100,1500,32,True,32,32,True,True,False
file02_indoor,100,1500,64,True,64,64,True,True,False
file02_indoor,100,1500,128,True,128,128,True,True,False
file02_indoor,100,1550,32,True,32,32,True,True,False
file02_indoor,100,1550,64,True,64,64,True,True,False
file02_indoor,100,1550,128,True,128,128,True,True,False
file02_indoor,100,1600,32,True,32,32,True,True,False
file02_indoor,100,1600,64,True,64,64,True,True,False
file02_indoor,100,1600,128,True,128,128,True,True,False
file02_indoor,100,1650,32,True,32,32,True,True,False
file02_indoor,100,1650,64,True,64,64,True,True,False
file02_indoor,100,1650,128,True,128,128,True,True,False
file02_indoor,100,1700,32,True,32,32,True,True,False
file02_indoor,100,1700,64,True,64,64,True,True,False
file02_indoor,100,1700,128,True,128,128,True,True,False
file02_indoor,100,1750,32,True,32,32,True,True,False
file02_indoor,100,1750,64,True,64,64,True,True,False
file02_indoor,100,1750,128,True,111,111,True,True,False
file02_indoor,100,1800,32,True,32,32,True,True,False
file02_indoor,100,1800,64,True,61,61,True,True,False
file02_indoor,100,1800,128,True,61,61,True,True,False
file02_indoor,100,1850,32,True,11,11,True,True,False
file02_indoor,100,1850,64,True,11,11,True,True,False
file02_indoor,100,1850,128,True,11,11,True,True,False
ball16_indoor,101,50,32,True,32,32,True,True,False
ball16_indoor,101,50,64,True,64,34,True,True,False
ball16_indoor,101,50,128,True,128,83,True,True,False
ball16_indoor,101,100,32,False,32,20,False,True,True
ball16_indoor,101,100,64,False,64,51,False,True,True
ball16_indoor,101,100,128,False,128,51,False,True,True
ball16_indoor,101,150,32,True,32,13,True,True,False
ball16_indoor,101,150,64,True,64,13,True,True,False
ball16_indoor,101,150,128,True,128,29,True,True,False
ball16_indoor,101,200,32,False,32,0,False,False,False
ball16_indoor,101,200,64,False,64,16,False,True,True
ball16_indoor,101,200,128,False,128,16,False,True,True
ball16_indoor,101,250,32,True,32,5,True,True,False
ball16_indoor,101,250,64,True,64,5,True,True,False
ball16_indoor,101,250,128,True,128,23,True,True,False
ball16_indoor,101,300,32,False,32,0,False,False,False
ball16_indoor,101,300,64,False,64,4,False,True,True
ball16_indoor,101,300,128,False,128,45,False,True,True
ball16_indoor,101,350,32,False,32,22,False,True,True
ball16_indoor,101,350,64,False,64,45,False,True,True
ball16_indoor,101,350,128,False,128,45,False,True,True
ball16_indoor,101,400,32,True,32,5,True,True,False
ball16_indoor,101,400,64,True,64,5,True,True,False
ball16_indoor,101,400,128,True,128,28,True,True,False
ball16_indoor,101,450,32,False,32,0,False,False,False
ball16_indoor,101,450,64,False,64,17,False,True,True
ball16_indoor,101,450,128,False,128,23,False,True,True
ball16_indoor,101,500,32,True,32,20,True,True,False
ball16_indoor,101,500,64,True,64,20,True,True,False
ball16_indoor,101,500,128,True,128,36,True,True,False
ball16_indoor,101,550,32,False,32,0,False,False,False
ball16_indoor,101,550,64,False,64,2,False,True,True
ball16_indoor,101,550,128,False,128,66,False,True,True
ball16_indoor,101,600,32,False,32,20,False,True,True
ball16_indoor,101,600,64,False,64,52,False,True,True
ball16_indoor,101,600,128,False,128,113,False,True,True
ball16_indoor,101,650,32,True,32,32,True,True,False
ball16_indoor,101,650,64,True,64,64,True,True,False
ball16_indoor,101,650,128,True,128,87,True,True,False
ball16_indoor,101,700,32,True,32,25,True,True,False
ball16_indoor,101,700,64,True,64,25,True,True,False
ball16_indoor,101,700,128,True,128,43,True,True,False
ball16_indoor,101,750,32,False,32,16,False,True,True
ball16_indoor,101,750,64,False,64,18,False,True,True
ball16_indoor,101,750,128,False,128,26,False,True,True
ball16_indoor,101,800,32,False,32,1,False,True,True
ball16_indoor,101,800,64,False,64,1,False,True,True
ball16_indoor,101,800,128,False,128,59,False,True,True
ball16_indoor,101,850,32,False,32,12,False,True,True
ball16_indoor,101,850,64,False,64,44,False,True,True
ball16_indoor,101,850,128,False,128,108,False,True,True
ball16_indoor,101,900,32,True,32,32,True,True,False
ball16_indoor,101,900,64,True,64,64,True,True,False
ball16_indoor,101,900,128,True,128,128,True,True,False
ball16_indoor,101,950,32,True,32,32,True,True,False
ball16_indoor,101,950,64,True,64,64,True,True,False
ball16_indoor,101,950,128,True,128,128,True,True,False
ball16_indoor,101,1000,32,True,32,32,True,True,False
ball16_indoor,101,1000,64,True,64,64,True,True,False
ball16_indoor,101,1000,128,True,128,128,True,True,False
ball16_indoor,101,1050,32,True,32,32,True,True,False
ball16_indoor,101,1050,64,True,64,64,True,True,False
ball16_indoor,101,1050,128,True,128,128,True,True,False
ball16_indoor,101,1100,32,True,32,32,True,True,False
ball16_indoor,101,1100,64,True,64,64,True,True,False
ball16_indoor,101,1100,128,True,128,128,True,True,False
ball16_indoor,101,1150,32,True,32,32,True,True,False
ball16_indoor,101,1150,64,True,64,64,True,True,False
ball16_indoor,101,1150,128,True,128,128,True,True,False
ball16_indoor,101,1200,32,True,32,32,True,True,False
ball16_indoor,101,1200,64,True,64,64,True,True,False
ball16_indoor,101,1200,128,True,128,128,True,True,False
ball16_indoor,101,1250,32,True,32,32,True,True,False
ball16_indoor,101,1250,64,True,64,64,True,True,False
ball16_indoor,101,1250,128,True,128,111,True,True,False
ball16_indoor,101,1300,32,True,32,32,True,True,False
ball16_indoor,101,1300,64,True,64,61,True,True,False
ball16_indoor,101,1300,128,True,128,61,True,True,False
ball16_indoor,101,1350,32,True,32,11,True,True,False
ball16_indoor,101,1350,64,True,64,11,True,True,False
ball16_indoor,101,1350,128,True,128,58,True,True,False
ball16_indoor,101,1400,32,False,32,1,False,True,True
ball16_indoor,101,1400,64,False,64,33,False,True,True
ball16_indoor,101,1400,128,False,128,85,False,True,True
ball16_indoor,101,1450,32,True,32,32,True,True,False
ball16_indoor,101,1450,64,True,64,52,True,True,False
ball16_indoor,101,1450,128,True,128,111,True,True,False
ball16_indoor,101,1500,32,True,32,20,True,True,False
ball16_indoor,101,1500,64,True,64,52,True,True,False
ball16_indoor,101,1500,128,True,128,111,True,True,False
ball16_indoor,101,1550,32,True,32,27,True,True,False
ball16_indoor,101,1550,64,True,64,59,True,True,False
ball16_indoor,101,1550,128,True,128,123,True,True,False
ball16_indoor,101,1600,32,True,32,32,True,True,False
ball16_indoor,101,1600,64,True,64,64,True,True,False
ball16_indoor,101,1600,128,True,128,128,True,True,False
ball16_indoor,101,1650,32,True,32,32,True,True,False
ball16_indoor,101,1650,64,True,64,64,True,True,False
ball16_indoor,101,1650,128,True,128,128,True,True,False
ball16_indoor,101,1700,32,True,32,32,True,True,False
ball16_indoor,101,1700,64,True,64,64,True,True,False
ball16_indoor,101,1700,128,True,128,112,True,True,False
ball16_indoor,101,1750,32,True,32,32,True,True,False
ball16_indoor,101,1750,64,True,64,61,True,True,False
ball16_indoor,101,1750,128,True,128,94,True,True,False
ball16_indoor,101,1800,32,True,32,12,True,True,False
ball16_indoor,101,1800,64,True,64,30,True,True,False
ball16_indoor,101,1800,128,True,113,45,True,True,False
ball16_indoor,101,1850,32,True,32,29,True,True,False
ball16_indoor,101,1850,64,True,63,29,True,True,False
ball16_indoor,101,1850,128,True,63,29,True,True,False
ball16_indoor,101,1900,32,False,13,0,False,False,False
ball16_indoor,101,1900,64,False,13,0,False,False,False
ball16_indoor,101,1900,128,False,13,0,False,False,False
chair02_indoor,102,50,32,True,32,32,True,True,False
chair02_indoor,102,50,64,True,64,64,True,True,False
chair02_indoor,102,50,128,True,128,128,True,True,False
chair02_indoor,102,100,32,True,32,32,True,True,False
chair02_indoor,102,100,64,True,64,64,True,True,False
chair02_indoor,102,100,128,True,128,128,True,True,False
chair02_indoor,102,150,32,True,32,32,True,True,False
chair02_indoor,102,150,64,True,64,64,True,True,False
chair02_indoor,102,150,128,True,128,128,True,True,False
chair02_indoor,102,200,32,True,32,32,True,True,False
chair02_indoor,102,200,64,True,64,64,True,True,False
chair02_indoor,102,200,128,True,128,128,True,True,False
chair02_indoor,102,250,32,True,32,32,True,True,False
chair02_indoor,102,250,64,True,64,64,True,True,False
chair02_indoor,102,250,128,True,128,128,True,True,False
chair02_indoor,102,300,32,True,32,32,True,True,False
chair02_indoor,102,300,64,True,64,64,True,True,False
chair02_indoor,102,300,128,True,128,128,True,True,False
chair02_indoor,102,350,32,True,32,32,True,True,False
chair02_indoor,102,350,64,True,64,64,True,True,False
chair02_indoor,102,350,128,True,128,128,True,True,False
chair02_indoor,102,400,32,True,32,32,True,True,False
chair02_indoor,102,400,64,True,64,64,True,True,False
chair02_indoor,102,400,128,True,128,128,True,True,False
chair02_indoor,102,450,32,True,32,32,True,True,False
chair02_indoor,102,450,64,True,64,64,True,True,False
chair02_indoor,102,450,128,True,128,128,True,True,False
chair02_indoor,102,500,32,True,32,32,True,True,False
chair02_indoor,102,500,64,True,64,64,True,True,False
chair02_indoor,102,500,128,True,128,128,True,True,False
chair02_indoor,102,550,32,True,32,32,True,True,False
chair02_indoor,102,550,64,True,64,64,True,True,False
chair02_indoor,102,550,128,True,128,128,True,True,False
chair02_indoor,102,600,32,True,32,32,True,True,False
chair02_indoor,102,600,64,True,64,64,True,True,False
chair02_indoor,102,600,128,True,128,128,True,True,False
chair02_indoor,102,650,32,True,32,32,True,True,False
chair02_indoor,102,650,64,True,64,64,True,True,False
chair02_indoor,102,650,128,True,128,128,True,True,False
chair02_indoor,102,700,32,True,32,32,True,True,False
chair02_indoor,102,700,64,True,64,64,True,True,False
chair02_indoor,102,700,128,True,128,124,True,True,False
chair02_indoor,102,750,32,True,32,32,True,True,False
chair02_indoor,102,750,64,True,64,60,True,True,False
chair02_indoor,102,750,128,True,128,124,True,True,False
chair02_indoor,102,800,32,True,32,32,True,True,False
chair02_indoor,102,800,64,True,64,64,True,True,False
chair02_indoor,102,800,128,True,128,128,True,True,False
chair02_indoor,102,850,32,True,32,32,True,True,False
chair02_indoor,102,850,64,True,64,64,True,True,False
chair02_indoor,102,850,128,True,128,128,True,True,False
chair02_indoor,102,900,32,True,32,32,True,True,False
chair02_indoor,102,900,64,True,64,64,True,True,False
chair02_indoor,102,900,128,True,128,128,True,True,False
chair02_indoor,102,950,32,True,32,32,True,True,False
chair02_indoor,102,950,64,True,64,64,True,True,False
chair02_indoor,102,950,128,True,128,128,True,True,False
chair02_indoor,102,1000,32,True,32,32,True,True,False
chair02_indoor,102,1000,64,True,64,64,True,True,False
chair02_indoor,102,1000,128,True,128,128,True,True,False
chair02_indoor,102,1050,32,True,32,32,True,True,False
chair02_indoor,102,1050,64,True,64,64,True,True,False
chair02_indoor,102,1050,128,True,128,128,True,True,False
chair02_indoor,102,1100,32,True,32,32,True,True,False
chair02_indoor,102,1100,64,True,64,64,True,True,False
chair02_indoor,102,1100,128,True,128,128,True,True,False
chair02_indoor,102,1150,32,True,32,32,True,True,False
chair02_indoor,102,1150,64,True,64,64,True,True,False
chair02_indoor,102,1150,128,True,128,128,True,True,False
chair02_indoor,102,1200,32,True,32,32,True,True,False
chair02_indoor,102,1200,64,True,64,64,True,True,False
chair02_indoor,102,1200,128,True,128,128,True,True,False
chair02_indoor,102,1250,32,True,32,32,True,True,False
chair02_indoor,102,1250,64,True,64,64,True,True,False
chair02_indoor,102,1250,128,True,128,128,True,True,False
chair02_indoor,102,1300,32,True,32,32,True,True,False
chair02_indoor,102,1300,64,True,64,64,True,True,False
chair02_indoor,102,1300,128,True,128,128,True,True,False
chair02_indoor,102,1350,32,True,32,32,True,True,False
chair02_indoor,102,1350,64,True,64,64,True,True,False
chair02_indoor,102,1350,128,True,128,128,True,True,False
chair02_indoor,102,1400,32,True,32,32,True,True,False
chair02_indoor,102,1400,64,True,64,64,True,True,False
chair02_indoor,102,1400,128,True,128,128,True,True,False
chair02_indoor,102,1450,32,True,32,32,True,True,False
chair02_indoor,102,1450,64,True,64,64,True,True,False
chair02_indoor,102,1450,128,True,128,128,True,True,False
chair02_indoor,102,1500,32,True,32,32,True,True,False
chair02_indoor,102,1500,64,True,64,64,True,True,False
chair02_indoor,102,1500,128,True,128,128,True,True,False
chair02_indoor,102,1550,32,True,32,32,True,True,False
chair02_indoor,102,1550,64,True,64,64,True,True,False
chair02_indoor,102,1550,128,True,128,128,True,True,False
chair02_indoor,102,1600,32,True,32,32,True,True,False
chair02_indoor,102,1600,64,True,64,64,True,True,False
chair02_indoor,102,1600,128,True,128,128,True,True,False
chair02_indoor,102,1650,32,True,32,32,True,True,False
chair02_indoor,102,1650,64,True,64,64,True,True,False
chair02_indoor,102,1650,128,True,128,128,True,True,False
chair02_indoor,102,1700,32,True,32,32,True,True,False
chair02_indoor,102,1700,64,True,64,64,True,True,False
chair02_indoor,102,1700,128,True,116,116,True,True,False
chair02_indoor,102,1750,32,True,32,32,True,True,False
chair02_indoor,102,1750,64,True,64,64,True,True,False
chair02_indoor,102,1750,128,True,66,66,True,True,False
chair02_indoor,102,1800,32,True,16,16,True,True,False
chair02_indoor,102,1800,64,True,16,16,True,True,False
chair02_indoor,102,1800,128,True,16,16,True,True,False
ball21_indoor,103,50,32,True,32,32,True,True,False
ball21_indoor,103,50,64,True,64,64,True,True,False
ball21_indoor,103,50,128,True,128,128,True,True,False
ball21_indoor,103,100,32,True,32,32,True,True,False
ball21_indoor,103,100,64,True,64,64,True,True,False
ball21_indoor,103,100,128,True,128,128,True,True,False
ball21_indoor,103,150,32,True,32,32,True,True,False
ball21_indoor,103,150,64,True,64,64,True,True,False
ball21_indoor,103,150,128,True,128,128,True,True,False
ball21_indoor,103,200,32,True,32,32,True,True,False
ball21_indoor,103,200,64,True,64,64,True,True,False
ball21_indoor,103,200,128,True,128,128,True,True,False
ball21_indoor,103,250,32,True,32,32,True,True,False
ball21_indoor,103,250,64,True,64,64,True,True,False
ball21_indoor,103,250,128,True,128,128,True,True,False
ball21_indoor,103,300,32,True,32,32,True,True,False
ball21_indoor,103,300,64,True,64,64,True,True,False
ball21_indoor,103,300,128,True,128,128,True,True,False
ball21_indoor,103,350,32,True,32,32,True,True,False
ball21_indoor,103,350,64,True,64,64,True,True,False
ball21_indoor,103,350,128,True,128,128,True,True,False
ball21_indoor,103,400,32,True,32,32,True,True,False
ball21_indoor,103,400,64,True,64,64,True,True,False
ball21_indoor,103,400,128,True,128,128,True,True,False
ball21_indoor,103,450,32,True,32,32,True,True,False
ball21_indoor,103,450,64,True,64,64,True,True,False
ball21_indoor,103,450,128,True,128,128,True,True,False
ball21_indoor,103,500,32,True,32,32,True,True,False
ball21_indoor,103,500,64,True,64,64,True,True,False
ball21_indoor,103,500,128,True,128,128,True,True,False
ball21_indoor,103,550,32,True,32,32,True,True,False
ball21_indoor,103,550,64,True,64,64,True,True,False
ball21_indoor,103,550,128,True,128,128,True,True,False
ball21_indoor,103,600,32,True,32,32,True,True,False
ball21_indoor,103,600,64,True,64,64,True,True,False
ball21_indoor,103,600,128,True,128,128,True,True,False
ball21_indoor,103,650,32,True,32,32,True,True,False
ball21_indoor,103,650,64,True,64,64,True,True,False
ball21_indoor,103,650,128,True,128,128,True,True,False
ball21_indoor,103,700,32,True,32,32,True,True,False
ball21_indoor,103,700,64,True,64,64,True,True,False
ball21_indoor,103,700,128,True,128,128,True,True,False
ball21_indoor,103,750,32,True,32,32,True,True,False
ball21_indoor,103,750,64,True,64,64,True,True,False
ball21_indoor,103,750,128,True,128,128,True,True,False
ball21_indoor,103,800,32,True,32,32,True,True,False
ball21_indoor,103,800,64,True,64,64,True,True,False
ball21_indoor,103,800,128,True,128,128,True,True,False
ball21_indoor,103,850,32,True,32,32,True,True,False
ball21_indoor,103,850,64,True,64,64,True,True,False
ball21_indoor,103,850,128,True,128,128,True,True,False
ball21_indoor,103,900,32,True,32,32,True,True,False
ball21_indoor,103,900,64,True,64,64,True,True,False
ball21_indoor,103,900,128,True,128,128,True,True,False
ball21_indoor,103,950,32,True,32,32,True,True,False
ball21_indoor,103,950,64,True,64,64,True,True,False
ball21_indoor,103,950,128,True,128,128,True,True,False
ball21_indoor,103,1000,32,True,32,32,True,True,False
ball21_indoor,103,1000,64,True,64,64,True,True,False
ball21_indoor,103,1000,128,True,128,128,True,True,False
ball21_indoor,103,1050,32,True,32,32,True,True,False
ball21_indoor,103,1050,64,True,64,64,True,True,False
ball21_indoor,103,1050,128,True,128,128,True,True,False
ball21_indoor,103,1100,32,True,32,32,True,True,False
ball21_indoor,103,1100,64,True,64,64,True,True,False
ball21_indoor,103,1100,128,True,128,128,True,True,False
ball21_indoor,103,1150,32,True,32,32,True,True,False
ball21_indoor,103,1150,64,True,64,64,True,True,False
ball21_indoor,103,1150,128,True,128,128,True,True,False
ball21_indoor,103,1200,32,True,32,32,True,True,False
ball21_indoor,103,1200,64,True,64,64,True,True,False
ball21_indoor,103,1200,128,True,128,128,True,True,False
ball21_indoor,103,1250,32,True,32,32,True,True,False
ball21_indoor,103,1250,64,True,64,64,True,True,False
ball21_indoor,103,1250,128,True,128,128,True,True,False
ball21_indoor,103,1300,32,True,32,32,True,True,False
ball21_indoor,103,1300,64,True,64,64,True,True,False
ball21_indoor,103,1300,128,True,128,128,True,True,False
ball21_indoor,103,1350,32,True,32,32,True,True,False
ball21_indoor,103,1350,64,True,64,64,True,True,False
ball21_indoor,103,1350,128,True,128,128,True,True,False
ball21_indoor,103,1400,32,True,32,32,True,True,False
ball21_indoor,103,1400,64,True,64,64,True,True,False
ball21_indoor,103,1400,128,True,128,128,True,True,False
ball21_indoor,103,1450,32,True,32,32,True,True,False
ball21_indoor,103,1450,64,True,64,64,True,True,False
ball21_indoor,103,1450,128,True,128,128,True,True,False
ball21_indoor,103,1500,32,True,32,32,True,True,False
ball21_indoor,103,1500,64,True,64,64,True,True,False
ball21_indoor,103,1500,128,True,128,128,True,True,False
ball21_indoor,103,1550,32,True,32,32,True,True,False
ball21_indoor,103,1550,64,True,64,64,True,True,False
ball21_indoor,103,1550,128,True,128,128,True,True,False
ball21_indoor,103,1600,32,True,32,32,True,True,False
ball21_indoor,103,1600,64,True,64,64,True,True,False
ball21_indoor,103,1600,128,True,90,90,True,True,False
ball21_indoor,103,1650,32,True,32,32,True,True,False
ball21_indoor,103,1650,64,True,40,40,True,True,False
ball21_indoor,103,1650,128,True,40,40,True,True,False
ball13_indoor,104,50,32,True,32,27,True,True,False
ball13_indoor,104,50,64,True,64,59,True,True,False
ball13_indoor,104,50,128,True,128,123,True,True,False
ball13_indoor,104,100,32,True,32,32,True,True,False
ball13_indoor,104,100,64,True,64,64,True,True,False
ball13_indoor,104,100,128,True,128,123,True,True,False
ball13_indoor,104,150,32,True,32,32,True,True,False
ball13_indoor,104,150,64,True,64,64,True,True,False
ball13_indoor,104,150,128,True,128,106,True,True,False
ball13_indoor,104,200,32,True,32,27,True,True,False
ball13_indoor,104,200,64,True,64,48,True,True,False
ball13_indoor,104,200,128,True,128,103,True,True,False
ball13_indoor,104,250,32,True,32,12,True,True,False
ball13_indoor,104,250,64,True,64,44,True,True,False
ball13_indoor,104,250,128,True,128,93,True,True,False
ball13_indoor,104,300,32,True,32,32,True,True,False
ball13_indoor,104,300,64,True,64,63,True,True,False
ball13_indoor,104,300,128,True,128,103,True,True,False
ball13_indoor,104,350,32,True,32,13,True,True,False
ball13_indoor,104,350,64,True,64,39,True,True,False
ball13_indoor,104,350,128,True,128,91,True,True,False
ball13_indoor,104,400,32,True,32,32,True,True,False
ball13_indoor,104,400,64,True,64,64,True,True,False
ball13_indoor,104,400,128,True,128,101,True,True,False
ball13_indoor,104,450,32,True,32,17,True,True,False
ball13_indoor,104,450,64,True,64,37,True,True,False
ball13_indoor,104,450,128,True,128,101,True,True,False
ball13_indoor,104,500,32,True,32,31,True,True,False
ball13_indoor,104,500,64,True,64,63,True,True,False
ball13_indoor,104,500,128,True,128,127,True,True,False
ball13_indoor,104,550,32,True,32,32,True,True,False
ball13_indoor,104,550,64,True,64,64,True,True,False
ball13_indoor,104,550,128,True,128,128,True,True,False
ball13_indoor,104,600,32,True,32,32,True,True,False
ball13_indoor,104,600,64,True,64,64,True,True,False
ball13_indoor,104,600,128,True,128,94,True,True,False
ball13_indoor,104,650,32,True,32,32,True,True,False
ball13_indoor,104,650,64,True,64,44,True,True,False
ball13_indoor,104,650,128,True,128,44,True,True,False
ball13_indoor,104,700,32,False,32,0,False,False,False
ball13_indoor,104,700,64,False,64,0,False,False,False
ball13_indoor,104,700,128,False,128,11,False,True,True
ball13_indoor,104,750,32,False,32,0,False,False,False
ball13_indoor,104,750,64,False,64,0,False,False,False
ball13_indoor,104,750,128,False,128,40,False,True,True
ball13_indoor,104,800,32,False,32,15,False,True,True
ball13_indoor,104,800,64,False,64,26,False,True,True
ball13_indoor,104,800,128,False,128,90,False,True,True
ball13_indoor,104,850,32,False,32,27,False,True,True
ball13_indoor,104,850,64,False,64,59,False,True,True
ball13_indoor,104,850,128,False,128,120,False,True,True
ball13_indoor,104,900,32,True,32,29,True,True,False
ball13_indoor,104,900,64,True,64,61,True,True,False
ball13_indoor,104,900,128,True,128,125,True,True,False
ball13_indoor,104,950,32,True,32,32,True,True,False
ball13_indoor,104,950,64,True,64,64,True,True,False
ball13_indoor,104,950,128,True,128,128,True,True,False
ball13_indoor,104,1000,32,True,32,32,True,True,False
ball13_indoor,104,1000,64,True,64,64,True,True,False
ball13_indoor,104,1000,128,True,128,128,True,True,False
ball13_indoor,104,1050,32,True,32,32,True,True,False
ball13_indoor,104,1050,64,True,64,64,True,True,False
ball13_indoor,104,1050,128,True,128,128,True,True,False
ball13_indoor,104,1100,32,True,32,32,True,True,False
ball13_indoor,104,1100,64,True,64,64,True,True,False
ball13_indoor,104,1100,128,True,128,126,True,True,False
ball13_indoor,104,1150,32,True,32,32,True,True,False
ball13_indoor,104,1150,64,True,64,64,True,True,False
ball13_indoor,104,1150,128,True,128,115,True,True,False
ball13_indoor,104,1200,32,True,32,30,True,True,False
ball13_indoor,104,1200,64,True,64,60,True,True,False
ball13_indoor,104,1200,128,True,128,76,True,True,False
ball13_indoor,104,1250,32,True,32,17,True,True,False
ball13_indoor,104,1250,64,True,64,17,True,True,False
ball13_indoor,104,1250,128,True,128,58,True,True,False
ball13_indoor,104,1300,32,False,32,15,False,True,True
ball13_indoor,104,1300,64,False,64,41,False,True,True
ball13_indoor,104,1300,128,False,128,76,False,True,True
ball13_indoor,104,1350,32,True,32,12,True,True,False
ball13_indoor,104,1350,64,True,64,42,True,True,False
ball13_indoor,104,1350,128,True,128,72,True,True,False
ball13_indoor,104,1400,32,True,32,15,True,True,False
ball13_indoor,104,1400,64,True,64,30,True,True,False
ball13_indoor,104,1400,128,True,128,76,True,True,False
ball13_indoor,104,1450,32,False,32,29,False,True,True
ball13_indoor,104,1450,64,False,64,46,False,True,True
ball13_indoor,104,1450,128,False,128,102,False,True,True
ball13_indoor,104,1500,32,False,32,15,False,True,True
ball13_indoor,104,1500,64,False,64,47,False,True,True
ball13_indoor,104,1500,128,False,128,56,False,True,True
ball13_indoor,104,1550,32,True,32,23,True,True,False
ball13_indoor,104,1550,64,True,64,23,True,True,False
ball13_indoor,104,1550,128,True,128,23,True,True,False
ball13_indoor,104,1600,32,False,32,0,False,False,False
ball13_indoor,104,1600,64,False,64,0,False,False,False
ball13_indoor,104,1600,128,False,128,33,False,True,True
ball13_indoor,104,1650,32,False,32,1,False,True,True
ball13_indoor,104,1650,64,False,64,25,False,True,True
ball13_indoor,104,1650,128,False,128,83,False,True,True
ball13_indoor,104,1700,32,True,32,20,True,True,False
ball13_indoor,104,1700,64,True,64,52,True,True,False
ball13_indoor,104,1700,128,True,128,110,True,True,False
ball13_indoor,104,1750,32,True,32,32,True,True,False
ball13_indoor,104,1750,64,True,64,58,True,True,False
ball13_indoor,104,1750,128,True,128,110,True,True,False
ball13_indoor,104,1800,32,True,32,26,True,True,False
ball13_indoor,104,1800,64,True,64,49,True,True,False
ball13_indoor,104,1800,128,True,128,101,True,True,False
ball13_indoor,104,1850,32,True,32,20,True,True,False
ball13_indoor,104,1850,64,True,64,43,True,True,False
ball13_indoor,104,1850,128,True,128,102,True,True,False
ball13_indoor,104,1900,32,False,32,25,False,True,True
ball13_indoor,104,1900,64,False,64,52,False,True,True
ball13_indoor,104,1900,128,False,128,83,False,True,True
ball13_indoor,104,1950,32,True,32,30,True,True,False
ball13_indoor,104,1950,64,True,64,31,True,True,False
ball13_indoor,104,1950,128,True,128,95,True,True,False
ball13_indoor,104,2000,32,False,32,19,False,True,True
ball13_indoor,104,2000,64,False,64,51,False,True,True
ball13_indoor,104,2000,128,False,128,83,False,True,True
ball13_indoor,104,2050,32,True,32,32,True,True,False
ball13_indoor,104,2050,64,True,64,45,True,True,False
ball13_indoor,104,2050,128,True,128,88,True,True,False
ball13_indoor,104,2100,32,False,32,1,False,True,True
ball13_indoor,104,2100,64,False,64,29,False,True,True
ball13_indoor,104,2100,128,False,128,93,False,True,True
ball13_indoor,104,2150,32,True,32,32,True,True,False
ball13_indoor,104,2150,64,True,64,64,True,True,False
ball13_indoor,104,2150,128,True,128,128,True,True,False
ball13_indoor,104,2200,32,True,32,32,True,True,False
ball13_indoor,104,2200,64,True,64,64,True,True,False
ball13_indoor,104,2200,128,True,128,128,True,True,False
ball13_indoor,104,2250,32,True,32,32,True,True,False
ball13_indoor,104,2250,64,True,64,64,True,True,False
ball13_indoor,104,2250,128,True,128,128,True,True,False
ball13_indoor,104,2300,32,True,32,32,True,True,False
ball13_indoor,104,2300,64,True,64,64,True,True,False
ball13_indoor,104,2300,128,True,97,97,True,True,False
ball13_indoor,104,2350,32,True,32,32,True,True,False
ball13_indoor,104,2350,64,True,47,47,True,True,False
ball13_indoor,104,2350,128,True,47,47,True,True,False
leaves05_indoor,105,50,32,True,32,32,True,True,False
leaves05_indoor,105,50,64,True,64,64,True,True,False
leaves05_indoor,105,50,128,True,128,128,True,True,False
leaves05_indoor,105,100,32,True,32,32,True,True,False
leaves05_indoor,105,100,64,True,64,64,True,True,False
leaves05_indoor,105,100,128,True,128,128,True,True,False
leaves05_indoor,105,150,32,True,32,32,True,True,False
leaves05_indoor,105,150,64,True,64,64,True,True,False
leaves05_indoor,105,150,128,True,128,128,True,True,False
leaves05_indoor,105,200,32,True,32,32,True,True,False
leaves05_indoor,105,200,64,True,64,64,True,True,False
leaves05_indoor,105,200,128,True,128,121,True,True,False
leaves05_indoor,105,250,32,True,32,32,True,True,False
leaves05_indoor,105,250,64,True,64,64,True,True,False
leaves05_indoor,105,250,128,True,128,93,True,True,False
leaves05_indoor,105,300,32,True,32,21,True,True,False
leaves05_indoor,105,300,64,True,64,42,True,True,False
leaves05_indoor,105,300,128,True,128,52,True,True,False
leaves05_indoor,105,350,32,True,32,15,True,True,False
leaves05_indoor,105,350,64,True,64,15,True,True,False
leaves05_indoor,105,350,128,True,128,74,True,True,False
leaves05_indoor,105,400,32,False,32,13,False,True,True
leaves05_indoor,105,400,64,False,64,45,False,True,True
leaves05_indoor,105,400,128,False,128,109,False,True,True
leaves05_indoor,105,450,32,True,32,32,True,True,False
leaves05_indoor,105,450,64,True,64,64,True,True,False
leaves05_indoor,105,450,128,True,128,128,True,True,False
leaves05_indoor,105,500,32,True,32,32,True,True,False
leaves05_indoor,105,500,64,True,64,64,True,True,False
leaves05_indoor,105,500,128,True,128,128,True,True,False
leaves05_indoor,105,550,32,True,32,32,True,True,False
leaves05_indoor,105,550,64,True,64,64,True,True,False
leaves05_indoor,105,550,128,True,128,128,True,True,False
leaves05_indoor,105,600,32,True,32,32,True,True,False
leaves05_indoor,105,600,64,True,64,64,True,True,False
leaves05_indoor,105,600,128,True,128,128,True,True,False
leaves05_indoor,105,650,32,True,32,32,True,True,False
leaves05_indoor,105,650,64,True,64,64,True,True,False
leaves05_indoor,105,650,128,True,128,128,True,True,False
leaves05_indoor,105,700,32,True,32,32,True,True,False
leaves05_indoor,105,700,64,True,64,64,True,True,False
leaves05_indoor,105,700,128,True,128,128,True,True,False
leaves05_indoor,105,750,32,True,32,32,True,True,False
leaves05_indoor,105,750,64,True,64,64,True,True,False
leaves05_indoor,105,750,128,True,128,127,True,True,False
leaves05_indoor,105,800,32,True,32,32,True,True,False
leaves05_indoor,105,800,64,True,64,63,True,True,False
leaves05_indoor,105,800,128,True,128,127,True,True,False
leaves05_indoor,105,850,32,False,32,32,False,True,True
leaves05_indoor,105,850,64,False,64,64,False,True,True
leaves05_indoor,105,850,128,False,128,128,False,True,True
leaves05_indoor,105,900,32,True,32,32,True,True,False
leaves05_indoor,105,900,64,True,64,64,True,True,False
leaves05_indoor,105,900,128,True,128,124,True,True,False
leaves05_indoor,105,950,32,True,32,32,True,True,False
leaves05_indoor,105,950,64,True,64,60,True,True,False
leaves05_indoor,105,950,128,True,128,124,True,True,False
leaves05_indoor,105,1000,32,True,32,32,True,True,False
leaves05_indoor,105,1000,64,True,64,64,True,True,False
leaves05_indoor,105,1000,128,True,128,128,True,True,False
leaves05_indoor,105,1050,32,True,32,32,True,True,False
leaves05_indoor,105,1050,64,True,64,64,True,True,False
leaves05_indoor,105,1050,128,True,128,127,True,True,False
leaves05_indoor,105,1100,32,True,32,32,True,True,False
leaves05_indoor,105,1100,64,True,64,63,True,True,False
leaves05_indoor,105,1100,128,True,128,125,True,True,False
leaves05_indoor,105,1150,32,True,32,32,True,True,False
leaves05_indoor,105,1150,64,True,64,62,True,True,False
leaves05_indoor,105,1150,128,True,128,91,True,True,False
leaves05_indoor,105,1200,32,True,32,32,True,True,False
leaves05_indoor,105,1200,64,True,64,43,True,True,False
leaves05_indoor,105,1200,128,True,128,66,True,True,False
leaves05_indoor,105,1250,32,False,32,0,False,False,False
leaves05_indoor,105,1250,64,False,64,23,False,True,True
leaves05_indoor,105,1250,128,False,128,54,False,True,True
leaves05_indoor,105,1300,32,True,32,5,True,True,False
leaves05_indoor,105,1300,64,True,64,22,True,True,False
leaves05_indoor,105,1300,128,True,128,64,True,True,False
leaves05_indoor,105,1350,32,True,32,32,True,True,False
leaves05_indoor,105,1350,64,True,64,56,True,True,False
leaves05_indoor,105,1350,128,True,128,78,True,True,False
leaves05_indoor,105,1400,32,True,32,6,True,True,False
leaves05_indoor,105,1400,64,True,64,28,True,True,False
leaves05_indoor,105,1400,128,True,128,55,True,True,False
leaves05_indoor,105,1450,32,True,32,11,True,True,False
leaves05_indoor,105,1450,64,True,64,31,True,True,False
leaves05_indoor,105,1450,128,True,128,57,True,True,False
leaves05_indoor,105,1500,32,True,32,21,True,True,False
leaves05_indoor,105,1500,64,True,64,26,True,True,False
leaves05_indoor,105,1500,128,True,128,62,True,True,False
leaves05_indoor,105,1550,32,True,32,22,True,True,False
leaves05_indoor,105,1550,64,True,64,29,True,True,False
leaves05_indoor,105,1550,128,True,128,90,True,True,False
leaves05_indoor,105,1600,32,False,32,15,False,True,True
leaves05_indoor,105,1600,64,False,64,47,False,True,True
leaves05_indoor,105,1600,128,False,128,107,False,True,True
leaves05_indoor,105,1650,32,True,32,32,True,True,False
leaves05_indoor,105,1650,64,True,64,60,True,True,False
leaves05_indoor,105,1650,128,True,128,124,True,True,False
leaves05_indoor,105,1700,32,True,32,32,True,True,False
leaves05_indoor,105,1700,64,True,64,64,True,True,False
leaves05_indoor,105,1700,128,True,128,128,True,True,False
leaves05_indoor,105,1750,32,True,32,32,True,True,False
leaves05_indoor,105,1750,64,True,64,64,True,True,False
leaves05_indoor,105,1750,128,True,128,128,True,True,False
leaves05_indoor,105,1800,32,True,32,32,True,True,False
leaves05_indoor,105,1800,64,True,64,64,True,True,False
leaves05_indoor,105,1800,128,True,128,126,True,True,False
leaves05_indoor,105,1850,32,True,32,32,True,True,False
leaves05_indoor,105,1850,64,True,64,64,True,True,False
leaves05_indoor,105,1850,128,True,128,117,True,True,False
leaves05_indoor,105,1900,32,True,32,26,True,True,False
leaves05_indoor,105,1900,64,True,64,53,True,True,False
leaves05_indoor,105,1900,128,True,128,117,True,True,False
leaves05_indoor,105,1950,32,True,32,32,True,True,False
leaves05_indoor,105,1950,64,True,64,64,True,True,False
leaves05_indoor,105,1950,128,True,128,128,True,True,False
leaves05_indoor,105,2000,32,True,32,32,True,True,False
leaves05_indoor,105,2000,64,True,64,64,True,True,False
leaves05_indoor,105,2000,128,True,128,128,True,True,False
leaves05_indoor,105,2050,32,True,32,32,True,True,False
leaves05_indoor,105,2050,64,True,64,64,True,True,False
leaves05_indoor,105,2050,128,True,128,128,True,True,False
leaves05_indoor,105,2100,32,True,32,32,True,True,False
leaves05_indoor,105,2100,64,True,64,64,True,True,False
leaves05_indoor,105,2100,128,True,128,128,True,True,False
leaves05_indoor,105,2150,32,True,32,32,True,True,False
leaves05_indoor,105,2150,64,True,64,64,True,True,False
leaves05_indoor,105,2150,128,True,128,128,True,True,False
leaves05_indoor,105,2200,32,True,32,32,True,True,False
leaves05_indoor,105,2200,64,True,64,64,True,True,False
leaves05_indoor,105,2200,128,True,128,107,True,True,False
leaves05_indoor,105,2250,32,True,32,32,True,True,False
leaves05_indoor,105,2250,64,True,64,57,True,True,False
leaves05_indoor,105,2250,128,True,128,86,True,True,False
leaves05_indoor,105,2300,32,True,32,7,True,True,False
leaves05_indoor,105,2300,64,True,64,26,True,True,False
leaves05_indoor,105,2300,128,True,128,79,True,True,False
leaves05_indoor,105,2350,32,False,32,21,False,True,True
leaves05_indoor,105,2350,64,False,64,46,False,True,True
leaves05_indoor,105,2350,128,False,128,110,False,True,True
leaves05_indoor,105,2400,32,True,32,32,True,True,False
leaves05_indoor,105,2400,64,True,64,64,True,True,False
leaves05_indoor,105,2400,128,True,128,128,True,True,False
leaves05_indoor,105,2450,32,True,32,32,True,True,False
leaves05_indoor,105,2450,64,True,64,64,True,True,False
leaves05_indoor,105,2450,128,True,128,128,True,True,False
leaves05_indoor,105,2500,32,True,32,32,True,True,False
leaves05_indoor,105,2500,64,True,64,64,True,True,False
leaves05_indoor,105,2500,128,True,128,128,True,True,False
leaves05_indoor,105,2550,32,True,32,32,True,True,False
leaves05_indoor,105,2550,64,True,64,64,True,True,False
leaves05_indoor,105,2550,128,True,128,128,True,True,False
leaves05_indoor,105,2600,32,True,32,32,True,True,False
leaves05_indoor,105,2600,64,True,64,64,True,True,False
leaves05_indoor,105,2600,128,True,128,128,True,True,False
leaves05_indoor,105,2650,32,True,32,32,True,True,False
leaves05_indoor,105,2650,64,True,64,64,True,True,False
leaves05_indoor,105,2650,128,True,128,128,True,True,False
leaves05_indoor,105,2700,32,True,32,32,True,True,False
leaves05_indoor,105,2700,64,True,64,64,True,True,False
leaves05_indoor,105,2700,128,True,128,128,True,True,False
leaves05_indoor,105,2750,32,True,32,32,True,True,False
leaves05_indoor,105,2750,64,True,64,64,True,True,False
leaves05_indoor,105,2750,128,True,128,128,True,True,False
leaves05_indoor,105,2800,32,True,32,32,True,True,False
leaves05_indoor,105,2800,64,True,64,64,True,True,False
leaves05_indoor,105,2800,128,True,97,97,True,True,False
leaves05_indoor,105,2850,32,True,32,32,True,True,False
leaves05_indoor,105,2850,64,True,47,47,True,True,False
leaves05_indoor,105,2850,128,True,47,47,True,True,False
adapter02_indoor,106,50,32,True,32,30,True,True,False
adapter02_indoor,106,50,64,True,64,62,True,True,False
adapter02_indoor,106,50,128,True,128,125,True,True,False
adapter02_indoor,106,100,32,True,32,31,True,True,False
adapter02_indoor,106,100,64,True,64,63,True,True,False
adapter02_indoor,106,100,128,True,128,111,True,True,False
adapter02_indoor,106,150,32,True,32,32,True,True,False
adapter02_indoor,106,150,64,True,64,48,True,True,False
adapter02_indoor,106,150,128,True,128,112,True,True,False
adapter02_indoor,106,200,32,False,32,21,False,True,True
adapter02_indoor,106,200,64,False,64,53,False,True,True
adapter02_indoor,106,200,128,False,128,117,False,True,True
adapter02_indoor,106,250,32,True,32,32,True,True,False
adapter02_indoor,106,250,64,True,64,64,True,True,False
adapter02_indoor,106,250,128,True,128,128,True,True,False
adapter02_indoor,106,300,32,True,32,32,True,True,False
adapter02_indoor,106,300,64,True,64,64,True,True,False
adapter02_indoor,106,300,128,True,128,102,True,True,False
adapter02_indoor,106,350,32,True,32,32,True,True,False
adapter02_indoor,106,350,64,True,64,45,True,True,False
adapter02_indoor,106,350,128,True,128,102,True,True,False
adapter02_indoor,106,400,32,False,32,11,False,True,True
adapter02_indoor,106,400,64,False,64,43,False,True,True
adapter02_indoor,106,400,128,False,128,107,False,True,True
adapter02_indoor,106,450,32,True,32,32,True,True,False
adapter02_indoor,106,450,64,True,64,64,True,True,False
adapter02_indoor,106,450,128,True,128,125,True,True,False
adapter02_indoor,106,500,32,True,32,32,True,True,False
adapter02_indoor,106,500,64,True,64,64,True,True,False
adapter02_indoor,106,500,128,True,128,122,True,True,False
adapter02_indoor,106,550,32,True,32,29,True,True,False
adapter02_indoor,106,550,64,True,64,61,True,True,False
adapter02_indoor,106,550,128,True,128,122,True,True,False
adapter02_indoor,106,600,32,True,32,29,True,True,False
adapter02_indoor,106,600,64,True,64,61,True,True,False
adapter02_indoor,106,600,128,True,128,125,True,True,False
adapter02_indoor,106,650,32,True,32,32,True,True,False
adapter02_indoor,106,650,64,True,64,64,True,True,False
adapter02_indoor,106,650,128,True,128,127,True,True,False
adapter02_indoor,106,700,32,True,32,32,True,True,False
adapter02_indoor,106,700,64,True,64,64,True,True,False
adapter02_indoor,106,700,128,True,100,99,True,True,False
adapter02_indoor,106,750,32,True,32,31,True,True,False
adapter02_indoor,106,750,64,True,50,49,True,True,False
adapter02_indoor,106,750,128,True,50,49,True,True,False
adapter02_indoor,106,800,32,True,0,0,False,False,False
adapter02_indoor,106,800,64,True,0,0,False,False,False
adapter02_indoor,106,800,128,True,0,0,False,False,False
ukulele02_indoor,107,50,32,True,32,32,True,True,False
ukulele02_indoor,107,50,64,True,64,64,True,True,False
ukulele02_indoor,107,50,128,True,128,128,True,True,False
ukulele02_indoor,107,100,32,True,32,32,True,True,False
ukulele02_indoor,107,100,64,True,64,64,True,True,False
ukulele02_indoor,107,100,128,True,128,128,True,True,False
ukulele02_indoor,107,150,32,True,32,32,True,True,False
ukulele02_indoor,107,150,64,True,64,64,True,True,False
ukulele02_indoor,107,150,128,True,128,128,True,True,False
ukulele02_indoor,107,200,32,True,32,32,True,True,False
ukulele02_indoor,107,200,64,True,64,64,True,True,False
ukulele02_indoor,107,200,128,True,128,128,True,True,False
ukulele02_indoor,107,250,32,True,32,32,True,True,False
ukulele02_indoor,107,250,64,True,64,64,True,True,False
ukulele02_indoor,107,250,128,True,128,128,True,True,False
ukulele02_indoor,107,300,32,True,32,32,True,True,False
ukulele02_indoor,107,300,64,True,64,64,True,True,False
ukulele02_indoor,107,300,128,True,128,128,True,True,False
ukulele02_indoor,107,350,32,True,32,32,True,True,False
ukulele02_indoor,107,350,64,True,64,64,True,True,False
ukulele02_indoor,107,350,128,True,128,128,True,True,False
ukulele02_indoor,107,400,32,True,32,32,True,True,False
ukulele02_indoor,107,400,64,True,64,64,True,True,False
ukulele02_indoor,107,400,128,True,128,128,True,True,False
ukulele02_indoor,107,450,32,True,32,32,True,True,False
ukulele02_indoor,107,450,64,True,64,64,True,True,False
ukulele02_indoor,107,450,128,True,128,128,True,True,False
ukulele02_indoor,107,500,32,True,32,32,True,True,False
ukulele02_indoor,107,500,64,True,64,64,True,True,False
ukulele02_indoor,107,500,128,True,128,128,True,True,False
ukulele02_indoor,107,550,32,True,32,32,True,True,False
ukulele02_indoor,107,550,64,True,64,64,True,True,False
ukulele02_indoor,107,550,128,True,128,128,True,True,False
ukulele02_indoor,107,600,32,True,32,32,True,True,False
ukulele02_indoor,107,600,64,True,64,64,True,True,False
ukulele02_indoor,107,600,128,True,128,128,True,True,False
ukulele02_indoor,107,650,32,True,32,32,True,True,False
ukulele02_indoor,107,650,64,True,64,64,True,True,False
ukulele02_indoor,107,650,128,True,128,128,True,True,False
ukulele02_indoor,107,700,32,True,32,32,True,True,False
ukulele02_indoor,107,700,64,True,64,64,True,True,False
ukulele02_indoor,107,700,128,True,128,128,True,True,False
ukulele02_indoor,107,750,32,True,32,32,True,True,False
ukulele02_indoor,107,750,64,True,64,64,True,True,False
ukulele02_indoor,107,750,128,True,128,128,True,True,False
ukulele02_indoor,107,800,32,True,32,32,True,True,False
ukulele02_indoor,107,800,64,True,64,64,True,True,False
ukulele02_indoor,107,800,128,True,128,128,True,True,False
ukulele02_indoor,107,850,32,True,32,32,True,True,False
ukulele02_indoor,107,850,64,True,64,64,True,True,False
ukulele02_indoor,107,850,128,True,128,128,True,True,False
ukulele02_indoor,107,900,32,True,32,32,True,True,False
ukulele02_indoor,107,900,64,True,64,64,True,True,False
ukulele02_indoor,107,900,128,True,128,128,True,True,False
ukulele02_indoor,107,950,32,True,32,32,True,True,False
ukulele02_indoor,107,950,64,True,64,64,True,True,False
ukulele02_indoor,107,950,128,True,128,128,True,True,False
ukulele02_indoor,107,1000,32,True,32,32,True,True,False
ukulele02_indoor,107,1000,64,True,64,64,True,True,False
ukulele02_indoor,107,1000,128,True,128,128,True,True,False
ukulele02_indoor,107,1050,32,True,32,32,True,True,False
ukulele02_indoor,107,1050,64,True,64,64,True,True,False
ukulele02_indoor,107,1050,128,True,128,128,True,True,False
ukulele02_indoor,107,1100,32,True,32,32,True,True,False
ukulele02_indoor,107,1100,64,True,64,64,True,True,False
ukulele02_indoor,107,1100,128,True,128,128,True,True,False
ukulele02_indoor,107,1150,32,True,32,32,True,True,False
ukulele02_indoor,107,1150,64,True,64,64,True,True,False
ukulele02_indoor,107,1150,128,True,128,128,True,True,False
ukulele02_indoor,107,1200,32,True,32,32,True,True,False
ukulele02_indoor,107,1200,64,True,64,64,True,True,False
ukulele02_indoor,107,1200,128,True,128,128,True,True,False
ukulele02_indoor,107,1250,32,True,32,32,True,True,False
ukulele02_indoor,107,1250,64,True,64,64,True,True,False
ukulele02_indoor,107,1250,128,True,128,128,True,True,False
ukulele02_indoor,107,1300,32,True,32,32,True,True,False
ukulele02_indoor,107,1300,64,True,64,64,True,True,False
ukulele02_indoor,107,1300,128,True,128,128,True,True,False
ukulele02_indoor,107,1350,32,True,32,32,True,True,False
ukulele02_indoor,107,1350,64,True,64,64,True,True,False
ukulele02_indoor,107,1350,128,True,128,128,True,True,False
ukulele02_indoor,107,1400,32,True,32,32,True,True,False
ukulele02_indoor,107,1400,64,True,64,64,True,True,False
ukulele02_indoor,107,1400,128,True,128,128,True,True,False
ukulele02_indoor,107,1450,32,True,32,32,True,True,False
ukulele02_indoor,107,1450,64,True,64,64,True,True,False
ukulele02_indoor,107,1450,128,True,128,128,True,True,False
ukulele02_indoor,107,1500,32,True,32,32,True,True,False
ukulele02_indoor,107,1500,64,True,64,64,True,True,False
ukulele02_indoor,107,1500,128,True,95,95,True,True,False
ukulele02_indoor,107,1550,32,True,32,32,True,True,False
ukulele02_indoor,107,1550,64,True,45,45,True,True,False
ukulele02_indoor,107,1550,128,True,45,45,True,True,False
earphone02_indoor,108,50,32,True,32,32,True,True,False
earphone02_indoor,108,50,64,True,64,64,True,True,False
earphone02_indoor,108,50,128,True,128,128,True,True,False
earphone02_indoor,108,100,32,True,32,32,True,True,False
earphone02_indoor,108,100,64,True,64,64,True,True,False
earphone02_indoor,108,100,128,True,128,128,True,True,False
earphone02_indoor,108,150,32,True,32,32,True,True,False
earphone02_indoor,108,150,64,True,64,64,True,True,False
earphone02_indoor,108,150,128,True,128,128,True,True,False
earphone02_indoor,108,200,32,True,32,32,True,True,False
earphone02_indoor,108,200,64,True,64,64,True,True,False
earphone02_indoor,108,200,128,True,128,128,True,True,False
earphone02_indoor,108,250,32,True,32,32,True,True,False
earphone02_indoor,108,250,64,True,64,64,True,True,False
earphone02_indoor,108,250,128,True,128,128,True,True,False
earphone02_indoor,108,300,32,True,32,32,True,True,False
earphone02_indoor,108,300,64,True,64,64,True,True,False
earphone02_indoor,108,300,128,True,128,128,True,True,False
earphone02_indoor,108,350,32,True,32,32,True,True,False
earphone02_indoor,108,350,64,True,64,64,True,True,False
earphone02_indoor,108,350,128,True,128,128,True,True,False
earphone02_indoor,108,400,32,True,32,32,True,True,False
earphone02_indoor,108,400,64,True,64,64,True,True,False
earphone02_indoor,108,400,128,True,128,128,True,True,False
earphone02_indoor,108,450,32,True,32,32,True,True,False
earphone02_indoor,108,450,64,True,64,64,True,True,False
earphone02_indoor,108,450,128,True,128,128,True,True,False
earphone02_indoor,108,500,32,True,32,32,True,True,False
earphone02_indoor,108,500,64,True,64,64,True,True,False
earphone02_indoor,108,500,128,True,128,128,True,True,False
earphone02_indoor,108,550,32,True,32,32,True,True,False
earphone02_indoor,108,550,64,True,64,64,True,True,False
earphone02_indoor,108,550,128,True,128,128,True,True,False
earphone02_indoor,108,600,32,True,32,32,True,True,False
earphone02_indoor,108,600,64,True,64,64,True,True,False
earphone02_indoor,108,600,128,True,128,128,True,True,False
earphone02_indoor,108,650,32,True,32,32,True,True,False
earphone02_indoor,108,650,64,True,64,64,True,True,False
earphone02_indoor,108,650,128,True,128,122,True,True,False
earphone02_indoor,108,700,32,True,32,32,True,True,False
earphone02_indoor,108,700,64,True,64,64,True,True,False
earphone02_indoor,108,700,128,True,128,122,True,True,False
earphone02_indoor,108,750,32,True,32,26,True,True,False
earphone02_indoor,108,750,64,True,64,58,True,True,False
earphone02_indoor,108,750,128,True,128,122,True,True,False
earphone02_indoor,108,800,32,True,32,32,True,True,False
earphone02_indoor,108,800,64,True,64,64,True,True,False
earphone02_indoor,108,800,128,True,128,128,True,True,False
earphone02_indoor,108,850,32,True,32,32,True,True,False
earphone02_indoor,108,850,64,True,64,64,True,True,False
earphone02_indoor,108,850,128,True,128,128,True,True,False
earphone02_indoor,108,900,32,True,32,32,True,True,False
earphone02_indoor,108,900,64,True,64,64,True,True,False
earphone02_indoor,108,900,128,True,128,128,True,True,False
earphone02_indoor,108,950,32,True,32,32,True,True,False
earphone02_indoor,108,950,64,True,64,64,True,True,False
earphone02_indoor,108,950,128,True,128,128,True,True,False
earphone02_indoor,108,1000,32,True,32,32,True,True,False
earphone02_indoor,108,1000,64,True,64,64,True,True,False
earphone02_indoor,108,1000,128,True,128,128,True,True,False
earphone02_indoor,108,1050,32,True,32,32,True,True,False
earphone02_indoor,108,1050,64,True,64,64,True,True,False
earphone02_indoor,108,1050,128,True,128,128,True,True,False
earphone02_indoor,108,1100,32,True,32,32,True,True,False
earphone02_indoor,108,1100,64,True,64,64,True,True,False
earphone02_indoor,108,1100,128,True,128,112,True,True,False
earphone02_indoor,108,1150,32,True,32,32,True,True,False
earphone02_indoor,108,1150,64,True,64,48,True,True,False
earphone02_indoor,108,1150,128,True,128,103,True,True,False
earphone02_indoor,108,1200,32,False,32,23,False,True,True
earphone02_indoor,108,1200,64,False,64,47,False,True,True
earphone02_indoor,108,1200,128,False,128,105,False,True,True
earphone02_indoor,108,1250,32,True,32,19,True,True,False
earphone02_indoor,108,1250,64,True,64,50,True,True,False
earphone02_indoor,108,1250,128,True,128,114,True,True,False
earphone02_indoor,108,1300,32,True,32,32,True,True,False
earphone02_indoor,108,1300,64,True,64,64,True,True,False
earphone02_indoor,108,1300,128,True,128,128,True,True,False
earphone02_indoor,108,1350,32,True,32,32,True,True,False
earphone02_indoor,108,1350,64,True,64,64,True,True,False
earphone02_indoor,108,1350,128,True,100,99,True,True,False
earphone02_indoor,108,1400,32,True,32,32,True,True,False
earphone02_indoor,108,1400,64,True,50,49,True,True,False
earphone02_indoor,108,1400,128,True,50,49,True,True,False
earphone02_indoor,108,1450,32,False,0,0,False,False,False
earphone02_indoor,108,1450,64,False,0,0,False,False,False
earphone02_indoor,108,1450,128,False,0,0,False,False,False
leaves02_indoor,109,50,32,True,32,32,True,True,False
leaves02_indoor,109,50,64,True,64,64,True,True,False
leaves02_indoor,109,50,128,True,128,121,True,True,False
leaves02_indoor,109,100,32,True,32,32,True,True,False
leaves02_indoor,109,100,64,True,64,64,True,True,False
leaves02_indoor,109,100,128,True,128,109,True,True,False
leaves02_indoor,109,150,32,True,32,21,True,True,False
leaves02_indoor,109,150,64,True,64,51,True,True,False
leaves02_indoor,109,150,128,True,128,72,True,True,False
leaves02_indoor,109,200,32,True,32,24,True,True,False
leaves02_indoor,109,200,64,True,64,24,True,True,False
leaves02_indoor,109,200,128,True,128,85,True,True,False
leaves02_indoor,109,250,32,False,32,15,False,True,True
leaves02_indoor,109,250,64,False,64,47,False,True,True
leaves02_indoor,109,250,128,False,128,111,False,True,True
leaves02_indoor,109,300,32,True,32,32,True,True,False
leaves02_indoor,109,300,64,True,64,64,True,True,False
leaves02_indoor,109,300,128,True,128,128,True,True,False
leaves02_indoor,109,350,32,True,32,32,True,True,False
leaves02_indoor,109,350,64,True,64,64,True,True,False
leaves02_indoor,109,350,128,True,128,93,True,True,False
leaves02_indoor,109,400,32,True,32,32,True,True,False
leaves02_indoor,109,400,64,True,64,33,True,True,False
leaves02_indoor,109,400,128,True,128,93,True,True,False
leaves02_indoor,109,450,32,False,32,14,False,True,True
leaves02_indoor,109,450,64,False,64,46,False,True,True
leaves02_indoor,109,450,128,False,128,110,False,True,True
leaves02_indoor,109,500,32,True,32,32,True,True,False
leaves02_indoor,109,500,64,True,64,64,True,True,False
leaves02_indoor,109,500,128,True,128,128,True,True,False
leaves02_indoor,109,550,32,True,32,32,True,True,False
leaves02_indoor,109,550,64,True,64,64,True,True,False
leaves02_indoor,109,550,128,True,128,118,True,True,False
leaves02_indoor,109,600,32,True,32,32,True,True,False
leaves02_indoor,109,600,64,True,64,54,True,True,False
leaves02_indoor,109,600,128,True,128,118,True,True,False
leaves02_indoor,109,650,32,False,32,27,False,True,True
leaves02_indoor,109,650,64,False,64,59,False,True,True
leaves02_indoor,109,650,128,False,128,82,False,True,True
leaves02_indoor,109,700,32,True,32,32,True,True,False
leaves02_indoor,109,700,64,True,64,34,True,True,False
leaves02_indoor,109,700,128,True,128,87,True,True,False
leaves02_indoor,109,750,32,False,32,7,False,True,True
leaves02_indoor,109,750,64,False,64,39,False,True,True
leaves02_indoor,109,750,128,False,128,103,False,True,True
leaves02_indoor,109,800,32,True,32,32,True,True,False
leaves02_indoor,109,800,64,True,64,64,True,True,False
leaves02_indoor,109,800,128,True,128,128,True,True,False
leaves02_indoor,109,850,32,True,32,32,True,True,False
leaves02_indoor,109,850,64,True,64,64,True,True,False
leaves02_indoor,109,850,128,True,128,85,True,True,False
leaves02_indoor,109,900,32,True,32,32,True,True,False
leaves02_indoor,109,900,64,True,64,35,True,True,False
leaves02_indoor,109,900,128,True,128,39,True,True,False
leaves02_indoor,109,950,32,False,32,0,False,False,False
leaves02_indoor,109,950,64,False,64,0,False,False,False
leaves02_indoor,109,950,128,False,128,54,False,True,True
leaves02_indoor,109,1000,32,False,32,8,False,True,True
leaves02_indoor,109,1000,64,False,64,40,False,True,True
leaves02_indoor,109,1000,128,False,128,104,False,True,True
leaves02_indoor,109,1050,32,True,32,32,True,True,False
leaves02_indoor,109,1050,64,True,64,64,True,True,False
leaves02_indoor,109,1050,128,True,128,82,True,True,False
leaves02_indoor,109,1100,32,True,32,32,True,True,False
leaves02_indoor,109,1100,64,True,64,32,True,True,False
leaves02_indoor,109,1100,128,True,99,47,True,True,False
leaves02_indoor,109,1150,32,False,32,0,False,False,False
leaves02_indoor,109,1150,64,False,49,15,False,True,True
leaves02_indoor,109,1150,128,False,49,15,False,True,True
trashbin_indoor,110,50,32,True,32,32,True,True,False
trashbin_indoor,110,50,64,True,64,64,True,True,False
trashbin_indoor,110,50,128,True,128,128,True,True,False
trashbin_indoor,110,100,32,True,32,32,True,True,False
trashbin_indoor,110,100,64,True,64,64,True,True,False
trashbin_indoor,110,100,128,True,128,128,True,True,False
trashbin_indoor,110,150,32,True,32,32,True,True,False
trashbin_indoor,110,150,64,True,64,64,True,True,False
trashbin_indoor,110,150,128,True,128,128,True,True,False
trashbin_indoor,110,200,32,True,32,32,True,True,False
trashbin_indoor,110,200,64,True,64,64,True,True,False
trashbin_indoor,110,200,128,True,128,128,True,True,False
trashbin_indoor,110,250,32,True,32,32,True,True,False
trashbin_indoor,110,250,64,True,64,64,True,True,False
trashbin_indoor,110,250,128,True,128,128,True,True,False
trashbin_indoor,110,300,32,True,32,32,True,True,False
trashbin_indoor,110,300,64,True,64,64,True,True,False
trashbin_indoor,110,300,128,True,128,128,True,True,False
trashbin_indoor,110,350,32,True,32,32,True,True,False
trashbin_indoor,110,350,64,True,64,64,True,True,False
trashbin_indoor,110,350,128,True,128,128,True,True,False
trashbin_indoor,110,400,32,True,32,32,True,True,False
trashbin_indoor,110,400,64,True,64,64,True,True,False
trashbin_indoor,110,400,128,True,128,128,True,True,False
trashbin_indoor,110,450,32,True,32,32,True,True,False
trashbin_indoor,110,450,64,True,64,64,True,True,False
trashbin_indoor,110,450,128,True,128,128,True,True,False
trashbin_indoor,110,500,32,True,32,32,True,True,False
trashbin_indoor,110,500,64,True,64,64,True,True,False
trashbin_indoor,110,500,128,True,128,128,True,True,False
trashbin_indoor,110,550,32,True,32,32,True,True,False
trashbin_indoor,110,550,64,True,64,64,True,True,False
trashbin_indoor,110,550,128,True,128,127,True,True,False
trashbin_indoor,110,600,32,True,32,32,True,True,False
trashbin_indoor,110,600,64,True,64,64,True,True,False
trashbin_indoor,110,600,128,True,128,83,True,True,False
trashbin_indoor,110,650,32,True,32,27,True,True,False
trashbin_indoor,110,650,64,True,64,27,True,True,False
trashbin_indoor,110,650,128,True,128,83,True,True,False
trashbin_indoor,110,700,32,False,32,10,False,True,True
trashbin_indoor,110,700,64,False,64,42,False,True,True
trashbin_indoor,110,700,128,False,128,106,False,True,True
trashbin_indoor,110,750,32,True,32,32,True,True,False
trashbin_indoor,110,750,64,True,64,64,True,True,False
trashbin_indoor,110,750,128,True,128,128,True,True,False
trashbin_indoor,110,800,32,True,32,32,True,True,False
trashbin_indoor,110,800,64,True,64,64,True,True,False
trashbin_indoor,110,800,128,True,128,128,True,True,False
trashbin_indoor,110,850,32,True,32,32,True,True,False
trashbin_indoor,110,850,64,True,64,64,True,True,False
trashbin_indoor,110,850,128,True,128,128,True,True,False
trashbin_indoor,110,900,32,True,32,32,True,True,False
trashbin_indoor,110,900,64,True,64,64,True,True,False
trashbin_indoor,110,900,128,True,81,81,True,True,False
trashbin_indoor,110,950,32,True,31,31,True,True,False
trashbin_indoor,110,950,64,True,31,31,True,True,False
trashbin_indoor,110,950,128,True,31,31,True,True,False
pigeon03_wild,111,50,32,True,32,32,True,True,False
pigeon03_wild,111,50,64,True,64,64,True,True,False
pigeon03_wild,111,50,128,True,128,128,True,True,False
pigeon03_wild,111,100,32,True,32,32,True,True,False
pigeon03_wild,111,100,64,True,64,64,True,True,False
pigeon03_wild,111,100,128,True,128,128,True,True,False
pigeon03_wild,111,150,32,True,32,32,True,True,False
pigeon03_wild,111,150,64,True,64,64,True,True,False
pigeon03_wild,111,150,128,True,128,90,True,True,False
pigeon03_wild,111,200,32,True,32,32,True,True,False
pigeon03_wild,111,200,64,True,64,40,True,True,False
pigeon03_wild,111,200,128,True,128,70,True,True,False
pigeon03_wild,111,250,32,False,32,0,False,False,False
pigeon03_wild,111,250,64,False,64,16,False,True,True
pigeon03_wild,111,250,128,False,128,80,False,True,True
pigeon03_wild,111,300,32,True,32,32,True,True,False
pigeon03_wild,111,300,64,True,64,64,True,True,False
pigeon03_wild,111,300,128,True,128,128,True,True,False
pigeon03_wild,111,350,32,True,32,32,True,True,False
pigeon03_wild,111,350,64,True,64,64,True,True,False
pigeon03_wild,111,350,128,True,128,128,True,True,False
pigeon03_wild,111,400,32,True,32,32,True,True,False
pigeon03_wild,111,400,64,True,64,64,True,True,False
pigeon03_wild,111,400,128,True,128,128,True,True,False
pigeon03_wild,111,450,32,True,32,32,True,True,False
pigeon03_wild,111,450,64,True,64,64,True,True,False
pigeon03_wild,111,450,128,True,128,128,True,True,False
pigeon03_wild,111,500,32,True,32,32,True,True,False
pigeon03_wild,111,500,64,True,64,64,True,True,False
pigeon03_wild,111,500,128,True,128,128,True,True,False
pigeon03_wild,111,550,32,True,32,32,True,True,False
pigeon03_wild,111,550,64,True,64,64,True,True,False
pigeon03_wild,111,550,128,True,128,128,True,True,False
pigeon03_wild,111,600,32,True,32,32,True,True,False
pigeon03_wild,111,600,64,True,64,64,True,True,False
pigeon03_wild,111,600,128,True,128,128,True,True,False
pigeon03_wild,111,650,32,True,32,32,True,True,False
pigeon03_wild,111,650,64,True,64,64,True,True,False
pigeon03_wild,111,650,128,True,93,93,True,True,False
pigeon03_wild,111,700,32,True,32,32,True,True,False
pigeon03_wild,111,700,64,True,43,43,True,True,False
pigeon03_wild,111,700,128,True,43,43,True,True,False
guitarbag_indoor,112,50,32,True,32,32,True,True,False
guitarbag_indoor,112,50,64,True,64,64,True,True,False
guitarbag_indoor,112,50,128,True,128,128,True,True,False
guitarbag_indoor,112,100,32,True,32,32,True,True,False
guitarbag_indoor,112,100,64,True,64,64,True,True,False
guitarbag_indoor,112,100,128,True,128,121,True,True,False
guitarbag_indoor,112,150,32,True,32,32,True,True,False
guitarbag_indoor,112,150,64,True,64,57,True,True,False
guitarbag_indoor,112,150,128,True,128,116,True,True,False
guitarbag_indoor,112,200,32,True,32,28,True,True,False
guitarbag_indoor,112,200,64,True,64,57,True,True,False
guitarbag_indoor,112,200,128,True,128,120,True,True,False
guitarbag_indoor,112,250,32,True,32,32,True,True,False
guitarbag_indoor,112,250,64,True,64,63,True,True,False
guitarbag_indoor,112,250,128,True,128,127,True,True,False
guitarbag_indoor,112,300,32,True,32,31,True,True,False
guitarbag_indoor,112,300,64,True,64,63,True,True,False
guitarbag_indoor,112,300,128,True,128,77,True,True,False
guitarbag_indoor,112,350,32,True,32,28,True,True,False
guitarbag_indoor,112,350,64,True,64,28,True,True,False
guitarbag_indoor,112,350,128,True,128,44,True,True,False
guitarbag_indoor,112,400,32,False,32,0,False,False,False
guitarbag_indoor,112,400,64,False,64,2,False,True,True
guitarbag_indoor,112,400,128,False,128,65,False,True,True
guitarbag_indoor,112,450,32,False,32,20,False,True,True
guitarbag_indoor,112,450,64,False,64,51,False,True,True
guitarbag_indoor,112,450,128,False,128,115,False,True,True
guitarbag_indoor,112,500,32,True,32,32,True,True,False
guitarbag_indoor,112,500,64,True,64,64,True,True,False
guitarbag_indoor,112,500,128,True,128,128,True,True,False
guitarbag_indoor,112,550,32,True,32,32,True,True,False
guitarbag_indoor,112,550,64,True,64,64,True,True,False
guitarbag_indoor,112,550,128,True,128,128,True,True,False
guitarbag_indoor,112,600,32,True,32,32,True,True,False
guitarbag_indoor,112,600,64,True,64,64,True,True,False
guitarbag_indoor,112,600,128,True,128,128,True,True,False
guitarbag_indoor,112,650,32,True,32,32,True,True,False
guitarbag_indoor,112,650,64,True,64,64,True,True,False
guitarbag_indoor,112,650,128,True,128,128,True,True,False
guitarbag_indoor,112,700,32,True,32,32,True,True,False
guitarbag_indoor,112,700,64,True,64,64,True,True,False
guitarbag_indoor,112,700,128,True,128,128,True,True,False
guitarbag_indoor,112,750,32,True,32,32,True,True,False
guitarbag_indoor,112,750,64,True,64,64,True,True,False
guitarbag_indoor,112,750,128,True,128,128,True,True,False
guitarbag_indoor,112,800,32,True,32,32,True,True,False
guitarbag_indoor,112,800,64,True,64,64,True,True,False
guitarbag_indoor,112,800,128,True,128,128,True,True,False
guitarbag_indoor,112,850,32,True,32,32,True,True,False
guitarbag_indoor,112,850,64,True,64,64,True,True,False
guitarbag_indoor,112,850,128,True,128,128,True,True,False
guitarbag_indoor,112,900,32,True,32,32,True,True,False
guitarbag_indoor,112,900,64,True,64,64,True,True,False
guitarbag_indoor,112,900,128,True,128,128,True,True,False
guitarbag_indoor,112,950,32,True,32,32,True,True,False
guitarbag_indoor,112,950,64,True,64,64,True,True,False
guitarbag_indoor,112,950,128,True,128,128,True,True,False
guitarbag_indoor,112,1000,32,True,32,32,True,True,False
guitarbag_indoor,112,1000,64,True,64,64,True,True,False
guitarbag_indoor,112,1000,128,True,128,128,True,True,False
guitarbag_indoor,112,1050,32,True,32,32,True,True,False
guitarbag_indoor,112,1050,64,True,64,64,True,True,False
guitarbag_indoor,112,1050,128,True,128,128,True,True,False
guitarbag_indoor,112,1100,32,True,32,32,True,True,False
guitarbag_indoor,112,1100,64,True,64,64,True,True,False
guitarbag_indoor,112,1100,128,True,128,128,True,True,False
guitarbag_indoor,112,1150,32,True,32,32,True,True,False
guitarbag_indoor,112,1150,64,True,64,64,True,True,False
guitarbag_indoor,112,1150,128,True,128,128,True,True,False
guitarbag_indoor,112,1200,32,True,32,32,True,True,False
guitarbag_indoor,112,1200,64,True,64,64,True,True,False
guitarbag_indoor,112,1200,128,True,128,125,True,True,False
guitarbag_indoor,112,1250,32,True,32,32,True,True,False
guitarbag_indoor,112,1250,64,True,64,61,True,True,False
guitarbag_indoor,112,1250,128,True,128,125,True,True,False
guitarbag_indoor,112,1300,32,True,32,29,True,True,False
guitarbag_indoor,112,1300,64,True,64,61,True,True,False
guitarbag_indoor,112,1300,128,True,128,84,True,True,False
guitarbag_indoor,112,1350,32,True,32,32,True,True,False
guitarbag_indoor,112,1350,64,True,64,37,True,True,False
guitarbag_indoor,112,1350,128,True,128,37,True,True,False
guitarbag_indoor,112,1400,32,False,32,0,False,False,False
guitarbag_indoor,112,1400,64,False,64,0,False,False,False
guitarbag_indoor,112,1400,128,False,128,28,False,True,True
guitarbag_indoor,112,1450,32,False,32,0,False,False,False
guitarbag_indoor,112,1450,64,False,64,14,False,True,True
guitarbag_indoor,112,1450,128,False,110,60,False,True,True
guitarbag_indoor,112,1500,32,False,32,32,False,True,True
guitarbag_indoor,112,1500,64,False,60,60,False,True,True
guitarbag_indoor,112,1500,128,False,60,60,False,True,True
guitarbag_indoor,112,1550,32,True,10,10,True,True,False
guitarbag_indoor,112,1550,64,True,10,10,True,True,False
guitarbag_indoor,112,1550,128,True,10,10,True,True,False
pigeon06_wild,113,50,32,True,32,32,True,True,False
pigeon06_wild,113,50,64,True,64,64,True,True,False
pigeon06_wild,113,50,128,True,128,128,True,True,False
pigeon06_wild,113,100,32,True,32,32,True,True,False
pigeon06_wild,113,100,64,True,64,64,True,True,False
pigeon06_wild,113,100,128,True,128,128,True,True,False
pigeon06_wild,113,150,32,True,32,32,True,True,False
pigeon06_wild,113,150,64,True,64,64,True,True,False
pigeon06_wild,113,150,128,True,128,128,True,True,False
pigeon06_wild,113,200,32,True,32,32,True,True,False
pigeon06_wild,113,200,64,True,64,64,True,True,False
pigeon06_wild,113,200,128,True,128,128,True,True,False
pigeon06_wild,113,250,32,True,32,32,True,True,False
pigeon06_wild,113,250,64,True,64,64,True,True,False
pigeon06_wild,113,250,128,True,128,128,True,True,False
pigeon06_wild,113,300,32,True,32,32,True,True,False
pigeon06_wild,113,300,64,True,64,64,True,True,False
pigeon06_wild,113,300,128,True,128,128,True,True,False
pigeon06_wild,113,350,32,True,32,32,True,True,False
pigeon06_wild,113,350,64,True,64,64,True,True,False
pigeon06_wild,113,350,128,True,128,128,True,True,False
pigeon06_wild,113,400,32,True,32,32,True,True,False
pigeon06_wild,113,400,64,True,64,64,True,True,False
pigeon06_wild,113,400,128,True,128,128,True,True,False
pigeon06_wild,113,450,32,True,32,32,True,True,False
pigeon06_wild,113,450,64,True,64,64,True,True,False
pigeon06_wild,113,450,128,True,128,128,True,True,False
pigeon06_wild,113,500,32,True,32,32,True,True,False
pigeon06_wild,113,500,64,True,64,64,True,True,False
pigeon06_wild,113,500,128,True,128,128,True,True,False
pigeon06_wild,113,550,32,True,32,32,True,True,False
pigeon06_wild,113,550,64,True,64,64,True,True,False
pigeon06_wild,113,550,128,True,128,128,True,True,False
pigeon06_wild,113,600,32,True,32,32,True,True,False
pigeon06_wild,113,600,64,True,64,64,True,True,False
pigeon06_wild,113,600,128,True,128,128,True,True,False
pigeon06_wild,113,650,32,True,32,32,True,True,False
pigeon06_wild,113,650,64,True,64,64,True,True,False
pigeon06_wild,113,650,128,True,128,128,True,True,False
pigeon06_wild,113,700,32,True,32,32,True,True,False
pigeon06_wild,113,700,64,True,64,64,True,True,False
pigeon06_wild,113,700,128,True,128,128,True,True,False
pigeon06_wild,113,750,32,True,32,32,True,True,False
pigeon06_wild,113,750,64,True,64,64,True,True,False
pigeon06_wild,113,750,128,True,128,128,True,True,False
pigeon06_wild,113,800,32,True,32,32,True,True,False
pigeon06_wild,113,800,64,True,64,64,True,True,False
pigeon06_wild,113,800,128,True,128,128,True,True,False
pigeon06_wild,113,850,32,True,32,32,True,True,False
pigeon06_wild,113,850,64,True,64,64,True,True,False
pigeon06_wild,113,850,128,True,128,128,True,True,False
pigeon06_wild,113,900,32,True,32,32,True,True,False
pigeon06_wild,113,900,64,True,64,64,True,True,False
pigeon06_wild,113,900,128,True,128,128,True,True,False
pigeon06_wild,113,950,32,True,32,32,True,True,False
pigeon06_wild,113,950,64,True,64,64,True,True,False
pigeon06_wild,113,950,128,True,128,128,True,True,False
pigeon06_wild,113,1000,32,True,32,32,True,True,False
pigeon06_wild,113,1000,64,True,64,64,True,True,False
pigeon06_wild,113,1000,128,True,128,128,True,True,False
pigeon06_wild,113,1050,32,True,32,32,True,True,False
pigeon06_wild,113,1050,64,True,64,64,True,True,False
pigeon06_wild,113,1050,128,True,128,128,True,True,False
pigeon06_wild,113,1100,32,True,32,32,True,True,False
pigeon06_wild,113,1100,64,True,64,64,True,True,False
pigeon06_wild,113,1100,128,True,128,128,True,True,False
pigeon06_wild,113,1150,32,True,32,32,True,True,False
pigeon06_wild,113,1150,64,True,64,64,True,True,False
pigeon06_wild,113,1150,128,True,81,81,True,True,False
pigeon06_wild,113,1200,32,True,31,31,True,True,False
pigeon06_wild,113,1200,64,True,31,31,True,True,False
pigeon06_wild,113,1200,128,True,31,31,True,True,False
pigeon07_wild,114,50,32,True,32,32,True,True,False
pigeon07_wild,114,50,64,True,64,64,True,True,False
pigeon07_wild,114,50,128,True,128,128,True,True,False
pigeon07_wild,114,100,32,True,32,32,True,True,False
pigeon07_wild,114,100,64,True,64,64,True,True,False
pigeon07_wild,114,100,128,True,128,128,True,True,False
pigeon07_wild,114,150,32,True,32,32,True,True,False
pigeon07_wild,114,150,64,True,64,64,True,True,False
pigeon07_wild,114,150,128,True,128,128,True,True,False
pigeon07_wild,114,200,32,True,32,32,True,True,False
pigeon07_wild,114,200,64,True,64,64,True,True,False
pigeon07_wild,114,200,128,True,128,128,True,True,False
pigeon07_wild,114,250,32,True,32,32,True,True,False
pigeon07_wild,114,250,64,True,64,64,True,True,False
pigeon07_wild,114,250,128,True,128,128,True,True,False
pigeon07_wild,114,300,32,True,32,32,True,True,False
pigeon07_wild,114,300,64,True,64,64,True,True,False
pigeon07_wild,114,300,128,True,128,117,True,True,False
pigeon07_wild,114,350,32,True,32,32,True,True,False
pigeon07_wild,114,350,64,True,64,64,True,True,False
pigeon07_wild,114,350,128,True,128,94,True,True,False
pigeon07_wild,114,400,32,True,32,17,True,True,False
pigeon07_wild,114,400,64,True,64,30,True,True,False
pigeon07_wild,114,400,128,True,128,94,True,True,False
pigeon07_wild,114,450,32,False,32,31,False,True,True
pigeon07_wild,114,450,64,False,64,63,False,True,True
pigeon07_wild,114,450,128,False,128,127,False,True,True
pigeon07_wild,114,500,32,True,32,32,True,True,False
pigeon07_wild,114,500,64,True,64,64,True,True,False
pigeon07_wild,114,500,128,True,128,128,True,True,False
pigeon07_wild,114,550,32,True,32,32,True,True,False
pigeon07_wild,114,550,64,True,64,64,True,True,False
pigeon07_wild,114,550,128,True,128,128,True,True,False
pigeon07_wild,114,600,32,True,32,32,True,True,False
pigeon07_wild,114,600,64,True,64,64,True,True,False
pigeon07_wild,114,600,128,True,109,109,True,True,False
pigeon07_wild,114,650,32,True,32,32,True,True,False
pigeon07_wild,114,650,64,True,59,59,True,True,False
pigeon07_wild,114,650,128,True,59,59,True,True,False
pigeon07_wild,114,700,32,True,9,9,True,True,False
pigeon07_wild,114,700,64,True,9,9,True,True,False
pigeon07_wild,114,700,128,True,9,9,True,True,False
paintbottle_indoor,115,50,32,True,32,32,True,True,False
paintbottle_indoor,115,50,64,True,64,51,True,True,False
paintbottle_indoor,115,50,128,True,128,115,True,True,False
paintbottle_indoor,115,100,32,False,32,26,False,True,True
paintbottle_indoor,115,100,64,False,64,58,False,True,True
paintbottle_indoor,115,100,128,False,128,122,False,True,True
paintbottle_indoor,115,150,32,True,32,32,True,True,False
paintbottle_indoor,115,150,64,True,64,64,True,True,False
paintbottle_indoor,115,150,128,True,128,128,True,True,False
paintbottle_indoor,115,200,32,True,32,32,True,True,False
paintbottle_indoor,115,200,64,True,64,64,True,True,False
paintbottle_indoor,115,200,128,True,128,128,True,True,False
paintbottle_indoor,115,250,32,True,32,32,True,True,False
paintbottle_indoor,115,250,64,True,64,64,True,True,False
paintbottle_indoor,115,250,128,True,128,128,True,True,False
paintbottle_indoor,115,300,32,True,32,32,True,True,False
paintbottle_indoor,115,300,64,True,64,64,True,True,False
paintbottle_indoor,115,300,128,True,128,128,True,True,False
paintbottle_indoor,115,350,32,True,32,32,True,True,False
paintbottle_indoor,115,350,64,True,64,64,True,True,False
paintbottle_indoor,115,350,128,True,128,128,True,True,False
paintbottle_indoor,115,400,32,True,32,32,True,True,False
paintbottle_indoor,115,400,64,True,64,64,True,True,False
paintbottle_indoor,115,400,128,True,114,114,True,True,False
paintbottle_indoor,115,450,32,True,32,32,True,True,False
paintbottle_indoor,115,450,64,True,64,64,True,True,False
paintbottle_indoor,115,450,128,True,64,64,True,True,False
paintbottle_indoor,115,500,32,True,14,14,True,True,False
paintbottle_indoor,115,500,64,True,14,14,True,True,False
paintbottle_indoor,115,500,128,True,14,14,True,True,False
stand_indoor,116,50,32,True,32,32,True,True,False
stand_indoor,116,50,64,True,64,64,True,True,False
stand_indoor,116,50,128,True,128,128,True,True,False
stand_indoor,116,100,32,True,32,32,True,True,False
stand_indoor,116,100,64,True,64,64,True,True,False
stand_indoor,116,100,128,True,128,128,True,True,False
stand_indoor,116,150,32,True,32,32,True,True,False
stand_indoor,116,150,64,True,64,64,True,True,False
stand_indoor,116,150,128,True,128,128,True,True,False
stand_indoor,116,200,32,True,32,32,True,True,False
stand_indoor,116,200,64,True,64,64,True,True,False
stand_indoor,116,200,128,True,128,128,True,True,False
stand_indoor,116,250,32,True,32,32,True,True,False
stand_indoor,116,250,64,True,64,64,True,True,False
stand_indoor,116,250,128,True,128,128,True,True,False
stand_indoor,116,300,32,True,32,32,True,True,False
stand_indoor,116,300,64,True,64,64,True,True,False
stand_indoor,116,300,128,True,128,128,True,True,False
stand_indoor,116,350,32,True,32,32,True,True,False
stand_indoor,116,350,64,True,64,64,True,True,False
stand_indoor,116,350,128,True,128,128,True,True,False
stand_indoor,116,400,32,True,32,32,True,True,False
stand_indoor,116,400,64,True,64,64,True,True,False
stand_indoor,116,400,128,True,128,128,True,True,False
stand_indoor,116,450,32,True,32,32,True,True,False
stand_indoor,116,450,64,True,64,64,True,True,False
stand_indoor,116,450,128,True,128,128,True,True,False
stand_indoor,116,500,32,True,32,32,True,True,False
stand_indoor,116,500,64,True,64,64,True,True,False
stand_indoor,116,500,128,True,128,128,True,True,False
stand_indoor,116,550,32,True,32,32,True,True,False
stand_indoor,116,550,64,True,64,64,True,True,False
stand_indoor,116,550,128,True,128,128,True,True,False
stand_indoor,116,600,32,True,32,32,True,True,False
stand_indoor,116,600,64,True,64,64,True,True,False
stand_indoor,116,600,128,True,128,128,True,True,False
stand_indoor,116,650,32,True,32,32,True,True,False
stand_indoor,116,650,64,True,64,64,True,True,False
stand_indoor,116,650,128,True,128,128,True,True,False
stand_indoor,116,700,32,True,32,32,True,True,False
stand_indoor,116,700,64,True,64,64,True,True,False
stand_indoor,116,700,128,True,100,100,True,True,False
stand_indoor,116,750,32,True,32,32,True,True,False
stand_indoor,116,750,64,True,50,50,True,True,False
stand_indoor,116,750,128,True,50,50,True,True,False
stand_indoor,116,800,32,True,0,0,False,False,False
stand_indoor,116,800,64,True,0,0,False,False,False
stand_indoor,116,800,128,True,0,0,False,False,False
human03_wild,117,50,32,True,32,32,True,True,False
human03_wild,117,50,64,True,64,64,True,True,False
human03_wild,117,50,128,True,128,128,True,True,False
human03_wild,117,100,32,True,32,32,True,True,False
human03_wild,117,100,64,True,64,64,True,True,False
human03_wild,117,100,128,True,128,128,True,True,False
human03_wild,117,150,32,True,32,32,True,True,False
human03_wild,117,150,64,True,64,64,True,True,False
human03_wild,117,150,128,True,128,128,True,True,False
human03_wild,117,200,32,True,32,32,True,True,False
human03_wild,117,200,64,True,64,64,True,True,False
human03_wild,117,200,128,True,128,128,True,True,False
human03_wild,117,250,32,True,32,32,True,True,False
human03_wild,117,250,64,True,64,64,True,True,False
human03_wild,117,250,128,True,128,128,True,True,False
human03_wild,117,300,32,True,32,32,True,True,False
human03_wild,117,300,64,True,64,64,True,True,False
human03_wild,117,300,128,True,128,128,True,True,False
human03_wild,117,350,32,True,32,32,True,True,False
human03_wild,117,350,64,True,64,64,True,True,False
human03_wild,117,350,128,True,128,128,True,True,False
human03_wild,117,400,32,True,32,32,True,True,False
human03_wild,117,400,64,True,64,64,True,True,False
human03_wild,117,400,128,True,128,128,True,True,False
human03_wild,117,450,32,True,32,32,True,True,False
human03_wild,117,450,64,True,64,64,True,True,False
human03_wild,117,450,128,True,128,128,True,True,False
human03_wild,117,500,32,True,32,32,True,True,False
human03_wild,117,500,64,True,64,64,True,True,False
human03_wild,117,500,128,True,128,128,True,True,False
human03_wild,117,550,32,True,32,32,True,True,False
human03_wild,117,550,64,True,64,64,True,True,False
human03_wild,117,550,128,True,128,128,True,True,False
human03_wild,117,600,32,True,32,32,True,True,False
human03_wild,117,600,64,True,64,64,True,True,False
human03_wild,117,600,128,True,128,128,True,True,False
human03_wild,117,650,32,True,32,32,True,True,False
human03_wild,117,650,64,True,64,64,True,True,False
human03_wild,117,650,128,True,128,128,True,True,False
human03_wild,117,700,32,True,32,32,True,True,False
human03_wild,117,700,64,True,64,64,True,True,False
human03_wild,117,700,128,True,128,128,True,True,False
human03_wild,117,750,32,True,32,32,True,True,False
human03_wild,117,750,64,True,64,64,True,True,False
human03_wild,117,750,128,True,128,128,True,True,False
human03_wild,117,800,32,True,32,32,True,True,False
human03_wild,117,800,64,True,64,64,True,True,False
human03_wild,117,800,128,True,128,128,True,True,False
human03_wild,117,850,32,True,32,32,True,True,False
human03_wild,117,850,64,True,64,64,True,True,False
human03_wild,117,850,128,True,128,128,True,True,False
human03_wild,117,900,32,True,32,32,True,True,False
human03_wild,117,900,64,True,64,64,True,True,False
human03_wild,117,900,128,True,128,128,True,True,False
human03_wild,117,950,32,True,32,32,True,True,False
human03_wild,117,950,64,True,64,64,True,True,False
human03_wild,117,950,128,True,128,128,True,True,False
human03_wild,117,1000,32,True,32,32,True,True,False
human03_wild,117,1000,64,True,64,64,True,True,False
human03_wild,117,1000,128,True,128,128,True,True,False
human03_wild,117,1050,32,True,32,32,True,True,False
human03_wild,117,1050,64,True,64,64,True,True,False
human03_wild,117,1050,128,True,128,100,True,True,False
human03_wild,117,1100,32,True,32,32,True,True,False
human03_wild,117,1100,64,True,64,50,True,True,False
human03_wild,117,1100,128,True,128,66,True,True,False
human03_wild,117,1150,32,True,32,0,False,False,False
human03_wild,117,1150,64,True,64,2,True,True,False
human03_wild,117,1150,128,True,128,66,True,True,False
human03_wild,117,1200,32,False,32,20,False,True,True
human03_wild,117,1200,64,False,64,52,False,True,True
human03_wild,117,1200,128,False,128,116,False,True,True
human03_wild,117,1250,32,True,32,32,True,True,False
human03_wild,117,1250,64,True,64,64,True,True,False
human03_wild,117,1250,128,True,128,128,True,True,False
human03_wild,117,1300,32,True,32,32,True,True,False
human03_wild,117,1300,64,True,64,64,True,True,False
human03_wild,117,1300,128,True,128,128,True,True,False
human03_wild,117,1350,32,True,32,32,True,True,False
human03_wild,117,1350,64,True,64,64,True,True,False
human03_wild,117,1350,128,True,128,117,True,True,False
human03_wild,117,1400,32,True,32,32,True,True,False
human03_wild,117,1400,64,True,64,64,True,True,False
human03_wild,117,1400,128,True,128,86,True,True,False
human03_wild,117,1450,32,True,32,17,True,True,False
human03_wild,117,1450,64,True,64,22,True,True,False
human03_wild,117,1450,128,True,128,62,True,True,False
human03_wild,117,1500,32,False,32,23,False,True,True
human03_wild,117,1500,64,False,64,45,False,True,True
human03_wild,117,1500,128,False,128,46,False,True,True
human03_wild,117,1550,32,True,32,4,True,True,False
human03_wild,117,1550,64,True,64,5,True,True,False
human03_wild,117,1550,128,True,128,7,True,True,False
human03_wild,117,1600,32,False,32,1,False,True,True
human03_wild,117,1600,64,False,64,3,False,True,True
human03_wild,117,1600,128,False,128,35,False,True,True
human03_wild,117,1650,32,False,32,0,False,False,False
human03_wild,117,1650,64,False,64,18,False,True,True
human03_wild,117,1650,128,False,128,82,False,True,True
human03_wild,117,1700,32,True,32,32,True,True,False
human03_wild,117,1700,64,True,64,64,True,True,False
human03_wild,117,1700,128,True,128,128,True,True,False
human03_wild,117,1750,32,True,32,32,True,True,False
human03_wild,117,1750,64,True,64,64,True,True,False
human03_wild,117,1750,128,True,128,128,True,True,False
human03_wild,117,1800,32,True,32,32,True,True,False
human03_wild,117,1800,64,True,64,64,True,True,False
human03_wild,117,1800,128,True,128,128,True,True,False
human03_wild,117,1850,32,True,32,32,True,True,False
human03_wild,117,1850,64,True,64,64,True,True,False
human03_wild,117,1850,128,True,128,128,True,True,False
human03_wild,117,1900,32,True,32,32,True,True,False
human03_wild,117,1900,64,True,64,64,True,True,False
human03_wild,117,1900,128,True,128,128,True,True,False
human03_wild,117,1950,32,True,32,32,True,True,False
human03_wild,117,1950,64,True,64,64,True,True,False
human03_wild,117,1950,128,True,128,128,True,True,False
human03_wild,117,2000,32,True,32,32,True,True,False
human03_wild,117,2000,64,True,64,64,True,True,False
human03_wild,117,2000,128,True,128,128,True,True,False
human03_wild,117,2050,32,True,32,32,True,True,False
human03_wild,117,2050,64,True,64,64,True,True,False
human03_wild,117,2050,128,True,128,128,True,True,False
human03_wild,117,2100,32,True,32,32,True,True,False
human03_wild,117,2100,64,True,64,64,True,True,False
human03_wild,117,2100,128,True,128,128,True,True,False
human03_wild,117,2150,32,True,32,32,True,True,False
human03_wild,117,2150,64,True,64,64,True,True,False
human03_wild,117,2150,128,True,128,128,True,True,False
human03_wild,117,2200,32,True,32,32,True,True,False
human03_wild,117,2200,64,True,64,64,True,True,False
human03_wild,117,2200,128,True,128,128,True,True,False
human03_wild,117,2250,32,True,32,32,True,True,False
human03_wild,117,2250,64,True,64,64,True,True,False
human03_wild,117,2250,128,True,128,128,True,True,False
human03_wild,117,2300,32,True,32,32,True,True,False
human03_wild,117,2300,64,True,64,64,True,True,False
human03_wild,117,2300,128,True,128,128,True,True,False
human03_wild,117,2350,32,True,32,32,True,True,False
human03_wild,117,2350,64,True,64,64,True,True,False
human03_wild,117,2350,128,True,128,126,True,True,False
human03_wild,117,2400,32,True,32,32,True,True,False
human03_wild,117,2400,64,True,64,62,True,True,False
human03_wild,117,2400,128,True,128,126,True,True,False
human03_wild,117,2450,32,True,32,32,True,True,False
human03_wild,117,2450,64,True,64,64,True,True,False
human03_wild,117,2450,128,True,128,128,True,True,False
human03_wild,117,2500,32,True,32,32,True,True,False
human03_wild,117,2500,64,True,64,64,True,True,False
human03_wild,117,2500,128,True,128,128,True,True,False
human03_wild,117,2550,32,True,32,32,True,True,False
human03_wild,117,2550,64,True,64,64,True,True,False
human03_wild,117,2550,128,True,128,128,True,True,False
human03_wild,117,2600,32,True,32,32,True,True,False
human03_wild,117,2600,64,True,64,64,True,True,False
human03_wild,117,2600,128,True,128,128,True,True,False
human03_wild,117,2650,32,True,32,32,True,True,False
human03_wild,117,2650,64,True,64,64,True,True,False
human03_wild,117,2650,128,True,128,128,True,True,False
human03_wild,117,2700,32,True,32,32,True,True,False
human03_wild,117,2700,64,True,64,64,True,True,False
human03_wild,117,2700,128,True,128,128,True,True,False
human03_wild,117,2750,32,True,32,32,True,True,False
human03_wild,117,2750,64,True,64,64,True,True,False
human03_wild,117,2750,128,True,128,128,True,True,False
human03_wild,117,2800,32,True,32,32,True,True,False
human03_wild,117,2800,64,True,64,64,True,True,False
human03_wild,117,2800,128,True,128,128,True,True,False
human03_wild,117,2850,32,True,32,32,True,True,False
human03_wild,117,2850,64,True,64,64,True,True,False
human03_wild,117,2850,128,True,128,106,True,True,False
human03_wild,117,2900,32,True,32,32,True,True,False
human03_wild,117,2900,64,True,64,42,True,True,False
human03_wild,117,2900,128,True,128,106,True,True,False
human03_wild,117,2950,32,False,32,23,False,True,True
human03_wild,117,2950,64,False,64,55,False,True,True
human03_wild,117,2950,128,False,128,119,False,True,True
human03_wild,117,3000,32,True,32,32,True,True,False
human03_wild,117,3000,64,True,64,64,True,True,False
human03_wild,117,3000,128,True,128,128,True,True,False
human03_wild,117,3050,32,True,32,32,True,True,False
human03_wild,117,3050,64,True,64,64,True,True,False
human03_wild,117,3050,128,True,128,128,True,True,False
human03_wild,117,3100,32,True,32,32,True,True,False
human03_wild,117,3100,64,True,64,64,True,True,False
human03_wild,117,3100,128,True,128,128,True,True,False
human03_wild,117,3150,32,True,32,32,True,True,False
human03_wild,117,3150,64,True,64,64,True,True,False
human03_wild,117,3150,128,True,128,128,True,True,False
human03_wild,117,3200,32,True,32,32,True,True,False
human03_wild,117,3200,64,True,64,64,True,True,False
human03_wild,117,3200,128,True,123,123,True,True,False
human03_wild,117,3250,32,True,32,32,True,True,False
human03_wild,117,3250,64,True,64,64,True,True,False
human03_wild,117,3250,128,True,73,73,True,True,False
human03_wild,117,3300,32,True,23,23,True,True,False
human03_wild,117,3300,64,True,23,23,True,True,False
human03_wild,117,3300,128,True,23,23,True,True,False
human06_indoor,118,50,32,True,32,32,True,True,False
human06_indoor,118,50,64,True,64,64,True,True,False
human06_indoor,118,50,128,True,128,128,True,True,False
human06_indoor,118,100,32,True,32,32,True,True,False
human06_indoor,118,100,64,True,64,64,True,True,False
human06_indoor,118,100,128,True,128,104,True,True,False
human06_indoor,118,150,32,True,32,32,True,True,False
human06_indoor,118,150,64,True,64,54,True,True,False
human06_indoor,118,150,128,True,128,54,True,True,False
human06_indoor,118,200,32,True,32,4,True,True,False
human06_indoor,118,200,64,True,64,4,True,True,False
human06_indoor,118,200,128,True,128,52,True,True,False
human06_indoor,118,250,32,False,32,2,False,True,True
human06_indoor,118,250,64,False,64,34,False,True,True
human06_indoor,118,250,128,False,128,98,False,True,True
human06_indoor,118,300,32,True,32,32,True,True,False
human06_indoor,118,300,64,True,64,64,True,True,False
human06_indoor,118,300,128,True,128,128,True,True,False
human06_indoor,118,350,32,True,32,32,True,True,False
human06_indoor,118,350,64,True,64,64,True,True,False
human06_indoor,118,350,128,True,128,128,True,True,False
human06_indoor,118,400,32,True,32,32,True,True,False
human06_indoor,118,400,64,True,64,64,True,True,False
human06_indoor,118,400,128,True,128,128,True,True,False
human06_indoor,118,450,32,True,32,32,True,True,False
human06_indoor,118,450,64,True,64,64,True,True,False
human06_indoor,118,450,128,True,94,94,True,True,False
human06_indoor,118,500,32,True,32,32,True,True,False
human06_indoor,118,500,64,True,44,44,True,True,False
human06_indoor,118,500,128,True,44,44,True,True,False
pine01_indoor,119,50,32,True,32,32,True,True,False
pine01_indoor,119,50,64,True,64,64,True,True,False
pine01_indoor,119,50,128,True,128,128,True,True,False
pine01_indoor,119,100,32,True,32,32,True,True,False
pine01_indoor,119,100,64,True,64,64,True,True,False
pine01_indoor,119,100,128,True,128,128,True,True,False
pine01_indoor,119,150,32,True,32,32,True,True,False
pine01_indoor,119,150,64,True,64,64,True,True,False
pine01_indoor,119,150,128,True,128,128,True,True,False
pine01_indoor,119,200,32,True,32,32,True,True,False
pine01_indoor,119,200,64,True,64,64,True,True,False
pine01_indoor,119,200,128,True,128,128,True,True,False
pine01_indoor,119,250,32,True,32,32,True,True,False
pine01_indoor,119,250,64,True,64,64,True,True,False
pine01_indoor,119,250,128,True,128,128,True,True,False
pine01_indoor,119,300,32,True,32,32,True,True,False
pine01_indoor,119,300,64,True,64,64,True,True,False
pine01_indoor,119,300,128,True,128,128,True,True,False
pine01_indoor,119,350,32,True,32,32,True,True,False
pine01_indoor,119,350,64,True,64,64,True,True,False
pine01_indoor,119,350,128,True,128,128,True,True,False
pine01_indoor,119,400,32,True,32,32,True,True,False
pine01_indoor,119,400,64,True,64,64,True,True,False
pine01_indoor,119,400,128,True,128,128,True,True,False
pine01_indoor,119,450,32,True,32,32,True,True,False
pine01_indoor,119,450,64,True,64,64,True,True,False
pine01_indoor,119,450,128,True,128,128,True,True,False
pine01_indoor,119,500,32,True,32,32,True,True,False
pine01_indoor,119,500,64,True,64,64,True,True,False
pine01_indoor,119,500,128,True,128,125,True,True,False
pine01_indoor,119,550,32,True,32,32,True,True,False
pine01_indoor,119,550,64,True,64,61,True,True,False
pine01_indoor,119,550,128,True,128,123,True,True,False
pine01_indoor,119,600,32,True,32,29,True,True,False
pine01_indoor,119,600,64,True,64,60,True,True,False
pine01_indoor,119,600,128,True,128,124,True,True,False
pine01_indoor,119,650,32,True,32,32,True,True,False
pine01_indoor,119,650,64,True,64,64,True,True,False
pine01_indoor,119,650,128,True,128,102,True,True,False
pine01_indoor,119,700,32,True,32,32,True,True,False
pine01_indoor,119,700,64,True,64,46,True,True,False
pine01_indoor,119,700,128,True,128,102,True,True,False
pine01_indoor,119,750,32,False,32,13,False,True,True
pine01_indoor,119,750,64,False,64,45,False,True,True
pine01_indoor,119,750,128,False,128,109,False,True,True
pine01_indoor,119,800,32,True,32,32,True,True,False
pine01_indoor,119,800,64,True,64,64,True,True,False
pine01_indoor,119,800,128,True,128,128,True,True,False
pine01_indoor,119,850,32,True,32,32,True,True,False
pine01_indoor,119,850,64,True,64,64,True,True,False
pine01_indoor,119,850,128,True,128,128,True,True,False
pine01_indoor,119,900,32,True,32,32,True,True,False
pine01_indoor,119,900,64,True,64,64,True,True,False
pine01_indoor,119,900,128,True,128,124,True,True,False
pine01_indoor,119,950,32,True,32,32,True,True,False
pine01_indoor,119,950,64,True,64,64,True,True,False
pine01_indoor,119,950,128,True,128,124,True,True,False
pine01_indoor,119,1000,32,True,32,28,True,True,False
pine01_indoor,119,1000,64,True,64,60,True,True,False
pine01_indoor,119,1000,128,True,128,124,True,True,False
pine01_indoor,119,1050,32,True,32,32,True,True,False
pine01_indoor,119,1050,64,True,64,64,True,True,False
pine01_indoor,119,1050,128,True,128,123,True,True,False
pine01_indoor,119,1100,32,True,32,32,True,True,False
pine01_indoor,119,1100,64,True,64,64,True,True,False
pine01_indoor,119,1100,128,True,128,119,True,True,False
pine01_indoor,119,1150,32,True,32,26,True,True,False
pine01_indoor,119,1150,64,True,64,55,True,True,False
pine01_indoor,119,1150,128,True,128,119,True,True,False
pine01_indoor,119,1200,32,True,32,32,True,True,False
pine01_indoor,119,1200,64,True,64,64,True,True,False
pine01_indoor,119,1200,128,True,128,126,True,True,False
pine01_indoor,119,1250,32,True,32,32,True,True,False
pine01_indoor,119,1250,64,True,64,63,True,True,False
pine01_indoor,119,1250,128,True,128,126,True,True,False
pine01_indoor,119,1300,32,True,32,30,True,True,False
pine01_indoor,119,1300,64,True,64,62,True,True,False
pine01_indoor,119,1300,128,True,128,126,True,True,False
pine01_indoor,119,1350,32,True,32,32,True,True,False
pine01_indoor,119,1350,64,True,64,64,True,True,False
pine01_indoor,119,1350,128,True,128,128,True,True,False
pine01_indoor,119,1400,32,True,32,32,True,True,False
pine01_indoor,119,1400,64,True,64,64,True,True,False
pine01_indoor,119,1400,128,True,128,128,True,True,False
pine01_indoor,119,1450,32,True,32,32,True,True,False
pine01_indoor,119,1450,64,True,64,64,True,True,False
pine01_indoor,119,1450,128,True,98,98,True,True,False
pine01_indoor,119,1500,32,True,32,32,True,True,False
pine01_indoor,119,1500,64,True,48,48,True,True,False
pine01_indoor,119,1500,128,True,48,48,True,True,False
duck05_wild,120,50,32,True,32,32,True,True,False
duck05_wild,120,50,64,True,64,64,True,True,False
duck05_wild,120,50,128,True,128,128,True,True,False
duck05_wild,120,100,32,True,32,32,True,True,False
duck05_wild,120,100,64,True,64,64,True,True,False
duck05_wild,120,100,128,True,128,128,True,True,False
duck05_wild,120,150,32,True,32,32,True,True,False
duck05_wild,120,150,64,True,64,64,True,True,False
duck05_wild,120,150,128,True,128,128,True,True,False
duck05_wild,120,200,32,True,32,32,True,True,False
duck05_wild,120,200,64,True,64,64,True,True,False
duck05_wild,120,200,128,True,128,128,True,True,False
duck05_wild,120,250,32,True,32,32,True,True,False
duck05_wild,120,250,64,True,64,64,True,True,False
duck05_wild,120,250,128,True,128,128,True,True,False
duck05_wild,120,300,32,True,32,32,True,True,False
duck05_wild,120,300,64,True,64,64,True,True,False
duck05_wild,120,300,128,True,128,128,True,True,False
duck05_wild,120,350,32,True,32,32,True,True,False
duck05_wild,120,350,64,True,64,64,True,True,False
duck05_wild,120,350,128,True,98,98,True,True,False
duck05_wild,120,400,32,True,32,32,True,True,False
duck05_wild,120,400,64,True,48,48,True,True,False
duck05_wild,120,400,128,True,48,48,True,True,False
human04_wild,121,50,32,True,32,32,True,True,False
human04_wild,121,50,64,True,64,64,True,True,False
human04_wild,121,50,128,True,128,128,True,True,False
human04_wild,121,100,32,True,32,32,True,True,False
human04_wild,121,100,64,True,64,64,True,True,False
human04_wild,121,100,128,True,128,128,True,True,False
human04_wild,121,150,32,True,32,32,True,True,False
human04_wild,121,150,64,True,64,64,True,True,False
human04_wild,121,150,128,True,128,128,True,True,False
human04_wild,121,200,32,True,32,32,True,True,False
human04_wild,121,200,64,True,64,64,True,True,False
human04_wild,121,200,128,True,128,128,True,True,False
human04_wild,121,250,32,True,32,32,True,True,False
human04_wild,121,250,64,True,64,64,True,True,False
human04_wild,121,250,128,True,128,128,True,True,False
human04_wild,121,300,32,True,32,32,True,True,False
human04_wild,121,300,64,True,64,64,True,True,False
human04_wild,121,300,128,True,128,128,True,True,False
human04_wild,121,350,32,True,32,32,True,True,False
human04_wild,121,350,64,True,64,64,True,True,False
human04_wild,121,350,128,True,128,128,True,True,False
human04_wild,121,400,32,True,32,32,True,True,False
human04_wild,121,400,64,True,64,64,True,True,False
human04_wild,121,400,128,True,128,128,True,True,False
human04_wild,121,450,32,True,32,32,True,True,False
human04_wild,121,450,64,True,64,64,True,True,False
human04_wild,121,450,128,True,128,128,True,True,False
human04_wild,121,500,32,True,32,32,True,True,False
human04_wild,121,500,64,True,64,64,True,True,False
human04_wild,121,500,128,True,128,128,True,True,False
human04_wild,121,550,32,True,32,32,True,True,False
human04_wild,121,550,64,True,64,64,True,True,False
human04_wild,121,550,128,True,128,128,True,True,False
human04_wild,121,600,32,True,32,32,True,True,False
human04_wild,121,600,64,True,64,64,True,True,False
human04_wild,121,600,128,True,128,128,True,True,False
human04_wild,121,650,32,True,32,32,True,True,False
human04_wild,121,650,64,True,64,64,True,True,False
human04_wild,121,650,128,True,128,128,True,True,False
human04_wild,121,700,32,True,32,32,True,True,False
human04_wild,121,700,64,True,64,64,True,True,False
human04_wild,121,700,128,True,128,128,True,True,False
human04_wild,121,750,32,True,32,32,True,True,False
human04_wild,121,750,64,True,64,64,True,True,False
human04_wild,121,750,128,True,128,128,True,True,False
human04_wild,121,800,32,True,32,32,True,True,False
human04_wild,121,800,64,True,64,64,True,True,False
human04_wild,121,800,128,True,128,128,True,True,False
human04_wild,121,850,32,True,32,32,True,True,False
human04_wild,121,850,64,True,64,64,True,True,False
human04_wild,121,850,128,True,128,128,True,True,False
human04_wild,121,900,32,True,32,32,True,True,False
human04_wild,121,900,64,True,64,64,True,True,False
human04_wild,121,900,128,True,128,128,True,True,False
human04_wild,121,950,32,True,32,32,True,True,False
human04_wild,121,950,64,True,64,64,True,True,False
human04_wild,121,950,128,True,128,128,True,True,False
human04_wild,121,1000,32,True,32,32,True,True,False
human04_wild,121,1000,64,True,64,64,True,True,False
human04_wild,121,1000,128,True,128,128,True,True,False
human04_wild,121,1050,32,True,32,32,True,True,False
human04_wild,121,1050,64,True,64,64,True,True,False
human04_wild,121,1050,128,True,128,128,True,True,False
human04_wild,121,1100,32,True,32,32,True,True,False
human04_wild,121,1100,64,True,64,64,True,True,False
human04_wild,121,1100,128,True,128,128,True,True,False
human04_wild,121,1150,32,True,32,32,True,True,False
human04_wild,121,1150,64,True,64,64,True,True,False
human04_wild,121,1150,128,True,128,128,True,True,False
human04_wild,121,1200,32,True,32,32,True,True,False
human04_wild,121,1200,64,True,64,64,True,True,False
human04_wild,121,1200,128,True,128,128,True,True,False
human04_wild,121,1250,32,True,32,32,True,True,False
human04_wild,121,1250,64,True,64,64,True,True,False
human04_wild,121,1250,128,True,128,128,True,True,False
human04_wild,121,1300,32,True,32,32,True,True,False
human04_wild,121,1300,64,True,64,64,True,True,False
human04_wild,121,1300,128,True,128,128,True,True,False
human04_wild,121,1350,32,True,32,32,True,True,False
human04_wild,121,1350,64,True,64,64,True,True,False
human04_wild,121,1350,128,True,128,128,True,True,False
human04_wild,121,1400,32,True,32,32,True,True,False
human04_wild,121,1400,64,True,64,64,True,True,False
human04_wild,121,1400,128,True,128,128,True,True,False
human04_wild,121,1450,32,True,32,32,True,True,False
human04_wild,121,1450,64,True,64,64,True,True,False
human04_wild,121,1450,128,True,128,128,True,True,False
human04_wild,121,1500,32,True,32,32,True,True,False
human04_wild,121,1500,64,True,64,64,True,True,False
human04_wild,121,1500,128,True,120,118,True,True,False
human04_wild,121,1550,32,True,32,32,True,True,False
human04_wild,121,1550,64,True,64,64,True,True,False
human04_wild,121,1550,128,True,70,68,True,True,False
human04_wild,121,1600,32,True,20,18,True,True,False
human04_wild,121,1600,64,True,20,18,True,True,False
human04_wild,121,1600,128,True,20,18,True,True,False
leaves06_wild,122,50,32,True,32,32,True,True,False
leaves06_wild,122,50,64,True,64,64,True,True,False
leaves06_wild,122,50,128,True,128,128,True,True,False
leaves06_wild,122,100,32,True,32,32,True,True,False
leaves06_wild,122,100,64,True,64,64,True,True,False
leaves06_wild,122,100,128,True,128,128,True,True,False
leaves06_wild,122,150,32,True,32,32,True,True,False
leaves06_wild,122,150,64,True,64,64,True,True,False
leaves06_wild,122,150,128,True,128,117,True,True,False
leaves06_wild,122,200,32,True,32,32,True,True,False
leaves06_wild,122,200,64,True,64,64,True,True,False
leaves06_wild,122,200,128,True,128,87,True,True,False
leaves06_wild,122,250,32,True,32,17,True,True,False
leaves06_wild,122,250,64,True,64,23,True,True,False
leaves06_wild,122,250,128,True,128,55,True,True,False
leaves06_wild,122,300,32,False,32,24,False,True,True
leaves06_wild,122,300,64,False,64,38,False,True,True
leaves06_wild,122,300,128,False,128,82,False,True,True
leaves06_wild,122,350,32,False,32,0,False,False,False
leaves06_wild,122,350,64,False,64,30,False,True,True
leaves06_wild,122,350,128,False,128,93,False,True,True
leaves06_wild,122,400,32,True,32,31,True,True,False
leaves06_wild,122,400,64,True,64,63,True,True,False
leaves06_wild,122,400,128,True,128,127,True,True,False
leaves06_wild,122,450,32,True,32,32,True,True,False
leaves06_wild,122,450,64,True,64,64,True,True,False
leaves06_wild,122,450,128,True,128,123,True,True,False
leaves06_wild,122,500,32,True,32,32,True,True,False
leaves06_wild,122,500,64,True,64,64,True,True,False
leaves06_wild,122,500,128,True,128,106,True,True,False
leaves06_wild,122,550,32,True,32,23,True,True,False
leaves06_wild,122,550,64,True,64,43,True,True,False
leaves06_wild,122,550,128,True,128,83,True,True,False
leaves06_wild,122,600,32,True,32,27,True,True,False
leaves06_wild,122,600,64,True,64,40,True,True,False
leaves06_wild,122,600,128,True,120,59,True,True,False
leaves06_wild,122,650,32,False,32,31,False,True,True
leaves06_wild,122,650,64,False,64,32,False,True,True
leaves06_wild,122,650,128,False,70,32,False,True,True
leaves06_wild,122,700,32,False,20,0,False,False,False
leaves06_wild,122,700,64,False,20,0,False,False,False
leaves06_wild,122,700,128,False,20,0,False,False,False
leaves03_wild,123,50,32,True,32,32,True,True,False
leaves03_wild,123,50,64,True,64,37,True,True,False
leaves03_wild,123,50,128,True,128,100,True,True,False
leaves03_wild,123,100,32,False,32,19,False,True,True
leaves03_wild,123,100,64,False,64,51,False,True,True
leaves03_wild,123,100,128,False,128,67,False,True,True
leaves03_wild,123,150,32,True,32,27,True,True,False
leaves03_wild,123,150,64,True,64,28,True,True,False
leaves03_wild,123,150,128,True,128,80,True,True,False
leaves03_wild,123,200,32,False,32,7,False,True,True
leaves03_wild,123,200,64,False,64,39,False,True,True
leaves03_wild,123,200,128,False,128,103,False,True,True
leaves03_wild,123,250,32,True,32,32,True,True,False
leaves03_wild,123,250,64,True,64,64,True,True,False
leaves03_wild,123,250,128,True,128,128,True,True,False
leaves03_wild,123,300,32,True,32,32,True,True,False
leaves03_wild,123,300,64,True,64,64,True,True,False
leaves03_wild,123,300,128,True,128,100,True,True,False
leaves03_wild,123,350,32,True,32,32,True,True,False
leaves03_wild,123,350,64,True,64,50,True,True,False
leaves03_wild,123,350,128,True,128,50,True,True,False
leaves03_wild,123,400,32,True,32,0,False,False,False
leaves03_wild,123,400,64,True,64,0,False,False,False
leaves03_wild,123,400,128,True,128,25,True,True,False
leaves03_wild,123,450,32,False,32,0,False,False,False
leaves03_wild,123,450,64,False,64,11,False,True,True
leaves03_wild,123,450,128,False,128,26,False,True,True
leaves03_wild,123,500,32,False,32,26,False,True,True
leaves03_wild,123,500,64,False,64,26,False,True,True
leaves03_wild,123,500,128,False,128,56,False,True,True
leaves03_wild,123,550,32,False,32,0,False,False,False
leaves03_wild,123,550,64,False,64,16,False,True,True
leaves03_wild,123,550,128,False,128,51,False,True,True
leaves03_wild,123,600,32,True,32,32,True,True,False
leaves03_wild,123,600,64,True,64,37,True,True,False
leaves03_wild,123,600,128,True,127,98,True,True,False
leaves03_wild,123,650,32,False,32,16,False,True,True
leaves03_wild,123,650,64,False,64,48,False,True,True
leaves03_wild,123,650,128,False,77,61,False,True,True
leaves03_wild,123,700,32,True,27,27,True,True,False
leaves03_wild,123,700,64,True,27,27,True,True,False
leaves03_wild,123,700,128,True,27,27,True,True,False
toiletpaper02_indoor,124,50,32,True,32,32,True,True,False
toiletpaper02_indoor,124,50,64,True,64,64,True,True,False
toiletpaper02_indoor,124,50,128,True,128,128,True,True,False
toiletpaper02_indoor,124,100,32,True,32,32,True,True,False
toiletpaper02_indoor,124,100,64,True,64,64,True,True,False
toiletpaper02_indoor,124,100,128,True,128,128,True,True,False
toiletpaper02_indoor,124,150,32,True,32,32,True,True,False
toiletpaper02_indoor,124,150,64,True,64,64,True,True,False
toiletpaper02_indoor,124,150,128,True,128,128,True,True,False
toiletpaper02_indoor,124,200,32,True,32,32,True,True,False
toiletpaper02_indoor,124,200,64,True,64,64,True,True,False
toiletpaper02_indoor,124,200,128,True,128,128,True,True,False
toiletpaper02_indoor,124,250,32,True,32,32,True,True,False
toiletpaper02_indoor,124,250,64,True,64,64,True,True,False
toiletpaper02_indoor,124,250,128,True,128,127,True,True,False
toiletpaper02_indoor,124,300,32,True,32,32,True,True,False
toiletpaper02_indoor,124,300,64,True,64,64,True,True,False
toiletpaper02_indoor,124,300,128,True,128,121,True,True,False
toiletpaper02_indoor,124,350,32,True,32,31,True,True,False
toiletpaper02_indoor,124,350,64,True,64,57,True,True,False
toiletpaper02_indoor,124,350,128,True,128,121,True,True,False
toiletpaper02_indoor,124,400,32,True,32,26,True,True,False
toiletpaper02_indoor,124,400,64,True,64,58,True,True,False
toiletpaper02_indoor,124,400,128,True,128,122,True,True,False
toiletpaper02_indoor,124,450,32,True,32,32,True,True,False
toiletpaper02_indoor,124,450,64,True,64,64,True,True,False
toiletpaper02_indoor,124,450,128,True,128,128,True,True,False
toiletpaper02_indoor,124,500,32,True,32,32,True,True,False
toiletpaper02_indoor,124,500,64,True,64,64,True,True,False
toiletpaper02_indoor,124,500,128,True,128,126,True,True,False
toiletpaper02_indoor,124,550,32,True,32,30,True,True,False
toiletpaper02_indoor,124,550,64,True,64,62,True,True,False
toiletpaper02_indoor,124,550,128,True,128,125,True,True,False
toiletpaper02_indoor,124,600,32,True,32,31,True,True,False
toiletpaper02_indoor,124,600,64,True,64,63,True,True,False
toiletpaper02_indoor,124,600,128,True,128,127,True,True,False
toiletpaper02_indoor,124,650,32,True,32,32,True,True,False
toiletpaper02_indoor,124,650,64,True,64,64,True,True,False
toiletpaper02_indoor,124,650,128,True,128,128,True,True,False
toiletpaper02_indoor,124,700,32,True,32,32,True,True,False
toiletpaper02_indoor,124,700,64,True,64,64,True,True,False
toiletpaper02_indoor,124,700,128,True,128,128,True,True,False
toiletpaper02_indoor,124,750,32,True,32,32,True,True,False
toiletpaper02_indoor,124,750,64,True,64,64,True,True,False
toiletpaper02_indoor,124,750,128,True,128,128,True,True,False
toiletpaper02_indoor,124,800,32,True,32,32,True,True,False
toiletpaper02_indoor,124,800,64,True,64,64,True,True,False
toiletpaper02_indoor,124,800,128,True,128,128,True,True,False
toiletpaper02_indoor,124,850,32,True,32,32,True,True,False
toiletpaper02_indoor,124,850,64,True,64,64,True,True,False
toiletpaper02_indoor,124,850,128,True,128,128,True,True,False
toiletpaper02_indoor,124,900,32,True,32,32,True,True,False
toiletpaper02_indoor,124,900,64,True,64,64,True,True,False
toiletpaper02_indoor,124,900,128,True,128,128,True,True,False
toiletpaper02_indoor,124,950,32,True,32,32,True,True,False
toiletpaper02_indoor,124,950,64,True,64,64,True,True,False
toiletpaper02_indoor,124,950,128,True,128,128,True,True,False
toiletpaper02_indoor,124,1000,32,True,32,32,True,True,False
toiletpaper02_indoor,124,1000,64,True,64,64,True,True,False
toiletpaper02_indoor,124,1000,128,True,128,127,True,True,False
toiletpaper02_indoor,124,1050,32,True,32,32,True,True,False
toiletpaper02_indoor,124,1050,64,True,64,64,True,True,False
toiletpaper02_indoor,124,1050,128,True,128,127,True,True,False
toiletpaper02_indoor,124,1100,32,True,32,31,True,True,False
toiletpaper02_indoor,124,1100,64,True,64,63,True,True,False
toiletpaper02_indoor,124,1100,128,True,128,126,True,True,False
toiletpaper02_indoor,124,1150,32,True,32,32,True,True,False
toiletpaper02_indoor,124,1150,64,True,64,64,True,True,False
toiletpaper02_indoor,124,1150,128,True,128,127,True,True,False
toiletpaper02_indoor,124,1200,32,True,32,31,True,True,False
toiletpaper02_indoor,124,1200,64,True,64,63,True,True,False
toiletpaper02_indoor,124,1200,128,True,128,127,True,True,False
toiletpaper02_indoor,124,1250,32,True,32,32,True,True,False
toiletpaper02_indoor,124,1250,64,True,64,64,True,True,False
toiletpaper02_indoor,124,1250,128,True,128,126,True,True,False
toiletpaper02_indoor,124,1300,32,True,32,32,True,True,False
toiletpaper02_indoor,124,1300,64,True,64,64,True,True,False
toiletpaper02_indoor,124,1300,128,True,128,126,True,True,False
toiletpaper02_indoor,124,1350,32,True,32,30,True,True,False
toiletpaper02_indoor,124,1350,64,True,64,62,True,True,False
toiletpaper02_indoor,124,1350,128,True,128,126,True,True,False
toiletpaper02_indoor,124,1400,32,True,32,32,True,True,False
toiletpaper02_indoor,124,1400,64,True,64,64,True,True,False
toiletpaper02_indoor,124,1400,128,True,128,128,True,True,False
toiletpaper02_indoor,124,1450,32,True,32,32,True,True,False
toiletpaper02_indoor,124,1450,64,True,64,64,True,True,False
toiletpaper02_indoor,124,1450,128,True,128,128,True,True,False
toiletpaper02_indoor,124,1500,32,True,32,32,True,True,False
toiletpaper02_indoor,124,1500,64,True,64,64,True,True,False
toiletpaper02_indoor,124,1500,128,True,128,128,True,True,False
toiletpaper02_indoor,124,1550,32,True,32,32,True,True,False
toiletpaper02_indoor,124,1550,64,True,64,64,True,True,False
toiletpaper02_indoor,124,1550,128,True,128,128,True,True,False
toiletpaper02_indoor,124,1600,32,True,32,32,True,True,False
toiletpaper02_indoor,124,1600,64,True,64,64,True,True,False
toiletpaper02_indoor,124,1600,128,True,128,128,True,True,False
toiletpaper02_indoor,124,1650,32,True,32,32,True,True,False
toiletpaper02_indoor,124,1650,64,True,64,64,True,True,False
toiletpaper02_indoor,124,1650,128,True,128,128,True,True,False
toiletpaper02_indoor,124,1700,32,True,32,32,True,True,False
toiletpaper02_indoor,124,1700,64,True,64,64,True,True,False
toiletpaper02_indoor,124,1700,128,True,128,128,True,True,False
toiletpaper02_indoor,124,1750,32,True,32,32,True,True,False
toiletpaper02_indoor,124,1750,64,True,64,64,True,True,False
toiletpaper02_indoor,124,1750,128,True,128,128,True,True,False
toiletpaper02_indoor,124,1800,32,True,32,32,True,True,False
toiletpaper02_indoor,124,1800,64,True,64,64,True,True,False
toiletpaper02_indoor,124,1800,128,True,128,128,True,True,False
toiletpaper02_indoor,124,1850,32,True,32,32,True,True,False
toiletpaper02_indoor,124,1850,64,True,64,64,True,True,False
toiletpaper02_indoor,124,1850,128,True,128,128,True,True,False
toiletpaper02_indoor,124,1900,32,True,32,32,True,True,False
toiletpaper02_indoor,124,1900,64,True,64,64,True,True,False
toiletpaper02_indoor,124,1900,128,True,128,128,True,True,False
toiletpaper02_indoor,124,1950,32,True,32,32,True,True,False
toiletpaper02_indoor,124,1950,64,True,64,64,True,True,False
toiletpaper02_indoor,124,1950,128,True,128,128,True,True,False
toiletpaper02_indoor,124,2000,32,True,32,32,True,True,False
toiletpaper02_indoor,124,2000,64,True,64,64,True,True,False
toiletpaper02_indoor,124,2000,128,True,128,125,True,True,False
toiletpaper02_indoor,124,2050,32,True,32,32,True,True,False
toiletpaper02_indoor,124,2050,64,True,64,61,True,True,False
toiletpaper02_indoor,124,2050,128,True,128,125,True,True,False
toiletpaper02_indoor,124,2100,32,True,32,29,True,True,False
toiletpaper02_indoor,124,2100,64,True,64,61,True,True,False
toiletpaper02_indoor,124,2100,128,True,128,125,True,True,False
toiletpaper02_indoor,124,2150,32,True,32,32,True,True,False
toiletpaper02_indoor,124,2150,64,True,64,64,True,True,False
toiletpaper02_indoor,124,2150,128,True,128,127,True,True,False
toiletpaper02_indoor,124,2200,32,True,32,32,True,True,False
toiletpaper02_indoor,124,2200,64,True,64,63,True,True,False
toiletpaper02_indoor,124,2200,128,True,128,127,True,True,False
toiletpaper02_indoor,124,2250,32,True,32,31,True,True,False
toiletpaper02_indoor,124,2250,64,True,64,63,True,True,False
toiletpaper02_indoor,124,2250,128,True,128,127,True,True,False
toiletpaper02_indoor,124,2300,32,True,32,32,True,True,False
toiletpaper02_indoor,124,2300,64,True,64,64,True,True,False
toiletpaper02_indoor,124,2300,128,True,128,128,True,True,False
toiletpaper02_indoor,124,2350,32,True,32,32,True,True,False
toiletpaper02_indoor,124,2350,64,True,64,64,True,True,False
toiletpaper02_indoor,124,2350,128,True,128,128,True,True,False
toiletpaper02_indoor,124,2400,32,True,32,32,True,True,False
toiletpaper02_indoor,124,2400,64,True,64,64,True,True,False
toiletpaper02_indoor,124,2400,128,True,128,128,True,True,False
toiletpaper02_indoor,124,2450,32,True,32,32,True,True,False
toiletpaper02_indoor,124,2450,64,True,64,64,True,True,False
toiletpaper02_indoor,124,2450,128,True,128,128,True,True,False
toiletpaper02_indoor,124,2500,32,True,32,32,True,True,False
toiletpaper02_indoor,124,2500,64,True,64,64,True,True,False
toiletpaper02_indoor,124,2500,128,True,128,128,True,True,False
toiletpaper02_indoor,124,2550,32,True,32,32,True,True,False
toiletpaper02_indoor,124,2550,64,True,64,64,True,True,False
toiletpaper02_indoor,124,2550,128,True,128,128,True,True,False
toiletpaper02_indoor,124,2600,32,True,32,32,True,True,False
toiletpaper02_indoor,124,2600,64,True,64,64,True,True,False
toiletpaper02_indoor,124,2600,128,True,128,128,True,True,False
toiletpaper02_indoor,124,2650,32,True,32,32,True,True,False
toiletpaper02_indoor,124,2650,64,True,64,64,True,True,False
toiletpaper02_indoor,124,2650,128,True,128,128,True,True,False
toiletpaper02_indoor,124,2700,32,True,32,32,True,True,False
toiletpaper02_indoor,124,2700,64,True,64,64,True,True,False
toiletpaper02_indoor,124,2700,128,True,128,128,True,True,False
toiletpaper02_indoor,124,2750,32,True,32,32,True,True,False
toiletpaper02_indoor,124,2750,64,True,64,64,True,True,False
toiletpaper02_indoor,124,2750,128,True,128,128,True,True,False
toiletpaper02_indoor,124,2800,32,True,32,32,True,True,False
toiletpaper02_indoor,124,2800,64,True,64,64,True,True,False
toiletpaper02_indoor,124,2800,128,True,128,128,True,True,False
toiletpaper02_indoor,124,2850,32,True,32,32,True,True,False
toiletpaper02_indoor,124,2850,64,True,64,64,True,True,False
toiletpaper02_indoor,124,2850,128,True,128,126,True,True,False
toiletpaper02_indoor,124,2900,32,True,32,32,True,True,False
toiletpaper02_indoor,124,2900,64,True,64,62,True,True,False
toiletpaper02_indoor,124,2900,128,True,128,126,True,True,False
toiletpaper02_indoor,124,2950,32,True,32,30,True,True,False
toiletpaper02_indoor,124,2950,64,True,64,62,True,True,False
toiletpaper02_indoor,124,2950,128,True,128,126,True,True,False
toiletpaper02_indoor,124,3000,32,True,32,32,True,True,False
toiletpaper02_indoor,124,3000,64,True,64,64,True,True,False
toiletpaper02_indoor,124,3000,128,True,85,85,True,True,False
toiletpaper02_indoor,124,3050,32,True,32,32,True,True,False
toiletpaper02_indoor,124,3050,64,True,35,35,True,True,False
toiletpaper02_indoor,124,3050,128,True,35,35,True,True,False
box_indoor,125,50,32,True,32,32,True,True,False
box_indoor,125,50,64,True,64,64,True,True,False
box_indoor,125,50,128,True,128,90,True,True,False
box_indoor,125,100,32,True,32,32,True,True,False
box_indoor,125,100,64,True,64,40,True,True,False
box_indoor,125,100,128,True,128,88,True,True,False
box_indoor,125,150,32,False,32,2,False,True,True
box_indoor,125,150,64,False,64,34,False,True,True
box_indoor,125,150,128,False,128,98,False,True,True
box_indoor,125,200,32,True,32,32,True,True,False
box_indoor,125,200,64,True,64,64,True,True,False
box_indoor,125,200,128,True,128,128,True,True,False
box_indoor,125,250,32,True,32,32,True,True,False
box_indoor,125,250,64,True,64,64,True,True,False
box_indoor,125,250,128,True,128,110,True,True,False
box_indoor,125,300,32,True,32,32,True,True,False
box_indoor,125,300,64,True,64,48,True,True,False
box_indoor,125,300,128,True,128,110,True,True,False
box_indoor,125,350,32,False,32,16,False,True,True
box_indoor,125,350,64,False,64,48,False,True,True
box_indoor,125,350,128,False,128,112,False,True,True
box_indoor,125,400,32,True,32,32,True,True,False
box_indoor,125,400,64,True,64,64,True,True,False
box_indoor,125,400,128,True,128,128,True,True,False
box_indoor,125,450,32,True,32,32,True,True,False
box_indoor,125,450,64,True,64,64,True,True,False
box_indoor,125,450,128,True,128,128,True,True,False
box_indoor,125,500,32,True,32,32,True,True,False
box_indoor,125,500,64,True,64,64,True,True,False
box_indoor,125,500,128,True,128,128,True,True,False
box_indoor,125,550,32,True,32,32,True,True,False
box_indoor,125,550,64,True,64,64,True,True,False
box_indoor,125,550,128,True,128,128,True,True,False
box_indoor,125,600,32,True,32,32,True,True,False
box_indoor,125,600,64,True,64,64,True,True,False
box_indoor,125,600,128,True,128,120,True,True,False
box_indoor,125,650,32,True,32,32,True,True,False
box_indoor,125,650,64,True,64,57,True,True,False
box_indoor,125,650,128,True,80,72,True,True,False
box_indoor,125,700,32,True,30,22,True,True,False
box_indoor,125,700,64,True,30,22,True,True,False
box_indoor,125,700,128,True,30,22,True,True,False
thermos02_indoor,126,50,32,True,32,32,True,True,False
thermos02_indoor,126,50,64,True,64,64,True,True,False
thermos02_indoor,126,50,128,True,128,128,True,True,False
thermos02_indoor,126,100,32,True,32,32,True,True,False
thermos02_indoor,126,100,64,True,64,64,True,True,False
thermos02_indoor,126,100,128,True,128,128,True,True,False
thermos02_indoor,126,150,32,True,32,32,True,True,False
thermos02_indoor,126,150,64,True,64,64,True,True,False
thermos02_indoor,126,150,128,True,128,128,True,True,False
thermos02_indoor,126,200,32,True,32,32,True,True,False
thermos02_indoor,126,200,64,True,64,64,True,True,False
thermos02_indoor,126,200,128,True,128,128,True,True,False
thermos02_indoor,126,250,32,True,32,32,True,True,False
thermos02_indoor,126,250,64,True,64,64,True,True,False
thermos02_indoor,126,250,128,True,128,128,True,True,False
thermos02_indoor,126,300,32,True,32,32,True,True,False
thermos02_indoor,126,300,64,True,64,64,True,True,False
thermos02_indoor,126,300,128,True,128,128,True,True,False
thermos02_indoor,126,350,32,True,32,32,True,True,False
thermos02_indoor,126,350,64,True,64,64,True,True,False
thermos02_indoor,126,350,128,True,128,128,True,True,False
thermos02_indoor,126,400,32,True,32,32,True,True,False
thermos02_indoor,126,400,64,True,64,64,True,True,False
thermos02_indoor,126,400,128,True,128,128,True,True,False
thermos02_indoor,126,450,32,True,32,32,True,True,False
thermos02_indoor,126,450,64,True,64,64,True,True,False
thermos02_indoor,126,450,128,True,128,128,True,True,False
thermos02_indoor,126,500,32,True,32,32,True,True,False
thermos02_indoor,126,500,64,True,64,64,True,True,False
thermos02_indoor,126,500,128,True,128,128,True,True,False
thermos02_indoor,126,550,32,True,32,32,True,True,False
thermos02_indoor,126,550,64,True,64,64,True,True,False
thermos02_indoor,126,550,128,True,128,128,True,True,False
thermos02_indoor,126,600,32,True,32,32,True,True,False
thermos02_indoor,126,600,64,True,64,64,True,True,False
thermos02_indoor,126,600,128,True,128,123,True,True,False
thermos02_indoor,126,650,32,True,32,32,True,True,False
thermos02_indoor,126,650,64,True,64,59,True,True,False
thermos02_indoor,126,650,128,True,128,123,True,True,False
thermos02_indoor,126,700,32,True,32,27,True,True,False
thermos02_indoor,126,700,64,True,64,59,True,True,False
thermos02_indoor,126,700,128,True,128,123,True,True,False
thermos02_indoor,126,750,32,True,32,32,True,True,False
thermos02_indoor,126,750,64,True,64,64,True,True,False
thermos02_indoor,126,750,128,True,128,128,True,True,False
thermos02_indoor,126,800,32,True,32,32,True,True,False
thermos02_indoor,126,800,64,True,64,64,True,True,False
thermos02_indoor,126,800,128,True,128,128,True,True,False
thermos02_indoor,126,850,32,True,32,32,True,True,False
thermos02_indoor,126,850,64,True,64,64,True,True,False
thermos02_indoor,126,850,128,True,128,128,True,True,False
thermos02_indoor,126,900,32,True,32,32,True,True,False
thermos02_indoor,126,900,64,True,64,64,True,True,False
thermos02_indoor,126,900,128,True,128,128,True,True,False
thermos02_indoor,126,950,32,True,32,32,True,True,False
thermos02_indoor,126,950,64,True,64,64,True,True,False
thermos02_indoor,126,950,128,True,128,128,True,True,False
thermos02_indoor,126,1000,32,True,32,32,True,True,False
thermos02_indoor,126,1000,64,True,64,64,True,True,False
thermos02_indoor,126,1000,128,True,128,128,True,True,False
thermos02_indoor,126,1050,32,True,32,32,True,True,False
thermos02_indoor,126,1050,64,True,64,64,True,True,False
thermos02_indoor,126,1050,128,True,128,128,True,True,False
thermos02_indoor,126,1100,32,True,32,32,True,True,False
thermos02_indoor,126,1100,64,True,64,64,True,True,False
thermos02_indoor,126,1100,128,True,128,128,True,True,False
thermos02_indoor,126,1150,32,True,32,32,True,True,False
thermos02_indoor,126,1150,64,True,64,64,True,True,False
thermos02_indoor,126,1150,128,True,128,112,True,True,False
thermos02_indoor,126,1200,32,True,32,32,True,True,False
thermos02_indoor,126,1200,64,True,64,62,True,True,False
thermos02_indoor,126,1200,128,True,128,98,True,True,False
thermos02_indoor,126,1250,32,True,32,12,True,True,False
thermos02_indoor,126,1250,64,True,64,34,True,True,False
thermos02_indoor,126,1250,128,True,128,83,True,True,False
thermos02_indoor,126,1300,32,True,32,32,True,True,False
thermos02_indoor,126,1300,64,True,64,59,True,True,False
thermos02_indoor,126,1300,128,True,128,108,True,True,False
thermos02_indoor,126,1350,32,True,32,17,True,True,False
thermos02_indoor,126,1350,64,True,64,49,True,True,False
thermos02_indoor,126,1350,128,True,128,107,True,True,False
thermos02_indoor,126,1400,32,True,32,26,True,True,False
thermos02_indoor,126,1400,64,True,64,58,True,True,False
thermos02_indoor,126,1400,128,True,128,119,True,True,False
thermos02_indoor,126,1450,32,True,32,32,True,True,False
thermos02_indoor,126,1450,64,True,64,61,True,True,False
thermos02_indoor,126,1450,128,True,128,125,True,True,False
thermos02_indoor,126,1500,32,True,32,29,True,True,False
thermos02_indoor,126,1500,64,True,64,61,True,True,False
thermos02_indoor,126,1500,128,True,90,87,True,True,False
thermos02_indoor,126,1550,32,True,32,32,True,True,False
thermos02_indoor,126,1550,64,True,40,40,True,True,False
thermos02_indoor,126,1550,128,True,40,40,True,True,False
bottle05_indoor,127,50,32,True,32,29,True,True,False
bottle05_indoor,127,50,64,True,64,61,True,True,False
bottle05_indoor,127,50,128,True,128,115,True,True,False
bottle05_indoor,127,100,32,True,32,32,True,True,False
bottle05_indoor,127,100,64,True,64,55,True,True,False
bottle05_indoor,127,100,128,True,128,118,True,True,False
bottle05_indoor,127,150,32,True,32,22,True,True,False
bottle05_indoor,127,150,64,True,64,54,True,True,False
bottle05_indoor,127,150,128,True,128,118,True,True,False
bottle05_indoor,127,200,32,True,32,32,True,True,False
bottle05_indoor,127,200,64,True,64,64,True,True,False
bottle05_indoor,127,200,128,True,128,128,True,True,False
bottle05_indoor,127,250,32,True,32,32,True,True,False
bottle05_indoor,127,250,64,True,64,64,True,True,False
bottle05_indoor,127,250,128,True,128,128,True,True,False
bottle05_indoor,127,300,32,True,32,32,True,True,False
bottle05_indoor,127,300,64,True,64,64,True,True,False
bottle05_indoor,127,300,128,True,128,128,True,True,False
bottle05_indoor,127,350,32,True,32,32,True,True,False
bottle05_indoor,127,350,64,True,64,64,True,True,False
bottle05_indoor,127,350,128,True,128,128,True,True,False
bottle05_indoor,127,400,32,True,32,32,True,True,False
bottle05_indoor,127,400,64,True,64,64,True,True,False
bottle05_indoor,127,400,128,True,128,128,True,True,False
bottle05_indoor,127,450,32,True,32,32,True,True,False
bottle05_indoor,127,450,64,True,64,64,True,True,False
bottle05_indoor,127,450,128,True,128,128,True,True,False
bottle05_indoor,127,500,32,True,32,32,True,True,False
bottle05_indoor,127,500,64,True,64,64,True,True,False
bottle05_indoor,127,500,128,True,100,100,True,True,False
bottle05_indoor,127,550,32,True,32,32,True,True,False
bottle05_indoor,127,550,64,True,50,50,True,True,False
bottle05_indoor,127,550,128,True,50,50,True,True,False
bottle05_indoor,127,600,32,True,0,0,False,False,False
bottle05_indoor,127,600,64,True,0,0,False,False,False
bottle05_indoor,127,600,128,True,0,0,False,False,False
mac_indoor,128,50,32,True,32,32,True,True,False
mac_indoor,128,50,64,True,64,64,True,True,False
mac_indoor,128,50,128,True,128,128,True,True,False
mac_indoor,128,100,32,True,32,32,True,True,False
mac_indoor,128,100,64,True,64,64,True,True,False
mac_indoor,128,100,128,True,128,128,True,True,False
mac_indoor,128,150,32,True,32,32,True,True,False
mac_indoor,128,150,64,True,64,64,True,True,False
mac_indoor,128,150,128,True,128,128,True,True,False
mac_indoor,128,200,32,True,32,32,True,True,False
mac_indoor,128,200,64,True,64,64,True,True,False
mac_indoor,128,200,128,True,128,128,True,True,False
mac_indoor,128,250,32,True,32,32,True,True,False
mac_indoor,128,250,64,True,64,64,True,True,False
mac_indoor,128,250,128,True,128,128,True,True,False
mac_indoor,128,300,32,True,32,32,True,True,False
mac_indoor,128,300,64,True,64,64,True,True,False
mac_indoor,128,300,128,True,128,128,True,True,False
mac_indoor,128,350,32,True,32,32,True,True,False
mac_indoor,128,350,64,True,64,64,True,True,False
mac_indoor,128,350,128,True,128,128,True,True,False
mac_indoor,128,400,32,True,32,32,True,True,False
mac_indoor,128,400,64,True,64,64,True,True,False
mac_indoor,128,400,128,True,128,128,True,True,False
mac_indoor,128,450,32,True,32,32,True,True,False
mac_indoor,128,450,64,True,64,64,True,True,False
mac_indoor,128,450,128,True,128,128,True,True,False
mac_indoor,128,500,32,True,32,32,True,True,False
mac_indoor,128,500,64,True,64,64,True,True,False
mac_indoor,128,500,128,True,128,128,True,True,False
mac_indoor,128,550,32,True,32,32,True,True,False
mac_indoor,128,550,64,True,64,64,True,True,False
mac_indoor,128,550,128,True,128,128,True,True,False
mac_indoor,128,600,32,True,32,32,True,True,False
mac_indoor,128,600,64,True,64,64,True,True,False
mac_indoor,128,600,128,True,128,128,True,True,False
mac_indoor,128,650,32,True,32,32,True,True,False
mac_indoor,128,650,64,True,64,64,True,True,False
mac_indoor,128,650,128,True,128,128,True,True,False
mac_indoor,128,700,32,True,32,32,True,True,False
mac_indoor,128,700,64,True,64,64,True,True,False
mac_indoor,128,700,128,True,128,128,True,True,False
mac_indoor,128,750,32,True,32,32,True,True,False
mac_indoor,128,750,64,True,64,64,True,True,False
mac_indoor,128,750,128,True,128,128,True,True,False
mac_indoor,128,800,32,True,32,32,True,True,False
mac_indoor,128,800,64,True,64,64,True,True,False
mac_indoor,128,800,128,True,128,128,True,True,False
mac_indoor,128,850,32,True,32,32,True,True,False
mac_indoor,128,850,64,True,64,64,True,True,False
mac_indoor,128,850,128,True,128,128,True,True,False
mac_indoor,128,900,32,True,32,32,True,True,False
mac_indoor,128,900,64,True,64,64,True,True,False
mac_indoor,128,900,128,True,128,128,True,True,False
mac_indoor,128,950,32,True,32,32,True,True,False
mac_indoor,128,950,64,True,64,64,True,True,False
mac_indoor,128,950,128,True,128,128,True,True,False
mac_indoor,128,1000,32,True,32,32,True,True,False
mac_indoor,128,1000,64,True,64,64,True,True,False
mac_indoor,128,1000,128,True,128,128,True,True,False
mac_indoor,128,1050,32,True,32,32,True,True,False
mac_indoor,128,1050,64,True,64,64,True,True,False
mac_indoor,128,1050,128,True,128,128,True,True,False
mac_indoor,128,1100,32,True,32,32,True,True,False
mac_indoor,128,1100,64,True,64,64,True,True,False
mac_indoor,128,1100,128,True,128,128,True,True,False
mac_indoor,128,1150,32,True,32,32,True,True,False
mac_indoor,128,1150,64,True,64,64,True,True,False
mac_indoor,128,1150,128,True,128,128,True,True,False
mac_indoor,128,1200,32,True,32,32,True,True,False
mac_indoor,128,1200,64,True,64,64,True,True,False
mac_indoor,128,1200,128,True,128,128,True,True,False
mac_indoor,128,1250,32,True,32,32,True,True,False
mac_indoor,128,1250,64,True,64,64,True,True,False
mac_indoor,128,1250,128,True,128,128,True,True,False
mac_indoor,128,1300,32,True,32,32,True,True,False
mac_indoor,128,1300,64,True,64,64,True,True,False
mac_indoor,128,1300,128,True,128,128,True,True,False
mac_indoor,128,1350,32,True,32,32,True,True,False
mac_indoor,128,1350,64,True,64,64,True,True,False
mac_indoor,128,1350,128,True,128,128,True,True,False
mac_indoor,128,1400,32,True,32,32,True,True,False
mac_indoor,128,1400,64,True,64,64,True,True,False
mac_indoor,128,1400,128,True,128,128,True,True,False
mac_indoor,128,1450,32,True,32,32,True,True,False
mac_indoor,128,1450,64,True,64,64,True,True,False
mac_indoor,128,1450,128,True,95,95,True,True,False
mac_indoor,128,1500,32,True,32,32,True,True,False
mac_indoor,128,1500,64,True,45,45,True,True,False
mac_indoor,128,1500,128,True,45,45,True,True,False
cart_indoor,129,50,32,True,32,32,True,True,False
cart_indoor,129,50,64,True,64,64,True,True,False
cart_indoor,129,50,128,True,128,128,True,True,False
cart_indoor,129,100,32,True,32,32,True,True,False
cart_indoor,129,100,64,True,64,64,True,True,False
cart_indoor,129,100,128,True,128,128,True,True,False
cart_indoor,129,150,32,True,32,32,True,True,False
cart_indoor,129,150,64,True,64,64,True,True,False
cart_indoor,129,150,128,True,128,128,True,True,False
cart_indoor,129,200,32,True,32,32,True,True,False
cart_indoor,129,200,64,True,64,64,True,True,False
cart_indoor,129,200,128,True,128,128,True,True,False
cart_indoor,129,250,32,True,32,32,True,True,False
cart_indoor,129,250,64,True,64,64,True,True,False
cart_indoor,129,250,128,True,128,128,True,True,False
cart_indoor,129,300,32,True,32,32,True,True,False
cart_indoor,129,300,64,True,64,64,True,True,False
cart_indoor,129,300,128,True,128,128,True,True,False
cart_indoor,129,350,32,True,32,32,True,True,False
cart_indoor,129,350,64,True,64,64,True,True,False
cart_indoor,129,350,128,True,128,128,True,True,False
cart_indoor,129,400,32,True,32,32,True,True,False
cart_indoor,129,400,64,True,64,64,True,True,False
cart_indoor,129,400,128,True,128,128,True,True,False
cart_indoor,129,450,32,True,32,32,True,True,False
cart_indoor,129,450,64,True,64,64,True,True,False
cart_indoor,129,450,128,True,128,128,True,True,False
cart_indoor,129,500,32,True,32,32,True,True,False
cart_indoor,129,500,64,True,64,64,True,True,False
cart_indoor,129,500,128,True,128,128,True,True,False
cart_indoor,129,550,32,True,32,32,True,True,False
cart_indoor,129,550,64,True,64,64,True,True,False
cart_indoor,129,550,128,True,128,128,True,True,False
cart_indoor,129,600,32,True,32,32,True,True,False
cart_indoor,129,600,64,True,64,64,True,True,False
cart_indoor,129,600,128,True,128,128,True,True,False
cart_indoor,129,650,32,True,32,32,True,True,False
cart_indoor,129,650,64,True,64,64,True,True,False
cart_indoor,129,650,128,True,128,128,True,True,False
cart_indoor,129,700,32,True,32,32,True,True,False
cart_indoor,129,700,64,True,64,64,True,True,False
cart_indoor,129,700,128,True,128,128,True,True,False
cart_indoor,129,750,32,True,32,32,True,True,False
cart_indoor,129,750,64,True,64,64,True,True,False
cart_indoor,129,750,128,True,128,128,True,True,False
cart_indoor,129,800,32,True,32,32,True,True,False
cart_indoor,129,800,64,True,64,64,True,True,False
cart_indoor,129,800,128,True,128,128,True,True,False
cart_indoor,129,850,32,True,32,32,True,True,False
cart_indoor,129,850,64,True,64,64,True,True,False
cart_indoor,129,850,128,True,128,128,True,True,False
cart_indoor,129,900,32,True,32,32,True,True,False
cart_indoor,129,900,64,True,64,64,True,True,False
cart_indoor,129,900,128,True,128,128,True,True,False
cart_indoor,129,950,32,True,32,32,True,True,False
cart_indoor,129,950,64,True,64,64,True,True,False
cart_indoor,129,950,128,True,128,128,True,True,False
cart_indoor,129,1000,32,True,32,32,True,True,False
cart_indoor,129,1000,64,True,64,64,True,True,False
cart_indoor,129,1000,128,True,128,128,True,True,False
cart_indoor,129,1050,32,True,32,32,True,True,False
cart_indoor,129,1050,64,True,64,64,True,True,False
cart_indoor,129,1050,128,True,128,128,True,True,False
cart_indoor,129,1100,32,True,32,32,True,True,False
cart_indoor,129,1100,64,True,64,64,True,True,False
cart_indoor,129,1100,128,True,128,128,True,True,False
cart_indoor,129,1150,32,True,32,32,True,True,False
cart_indoor,129,1150,64,True,64,64,True,True,False
cart_indoor,129,1150,128,True,128,128,True,True,False
cart_indoor,129,1200,32,True,32,32,True,True,False
cart_indoor,129,1200,64,True,64,64,True,True,False
cart_indoor,129,1200,128,True,128,128,True,True,False
cart_indoor,129,1250,32,True,32,32,True,True,False
cart_indoor,129,1250,64,True,64,64,True,True,False
cart_indoor,129,1250,128,True,128,128,True,True,False
cart_indoor,129,1300,32,True,32,32,True,True,False
cart_indoor,129,1300,64,True,64,64,True,True,False
cart_indoor,129,1300,128,True,128,128,True,True,False
cart_indoor,129,1350,32,True,32,32,True,True,False
cart_indoor,129,1350,64,True,64,64,True,True,False
cart_indoor,129,1350,128,True,128,128,True,True,False
cart_indoor,129,1400,32,True,32,32,True,True,False
cart_indoor,129,1400,64,True,64,64,True,True,False
cart_indoor,129,1400,128,True,128,128,True,True,False
cart_indoor,129,1450,32,True,32,32,True,True,False
cart_indoor,129,1450,64,True,64,64,True,True,False
cart_indoor,129,1450,128,True,128,128,True,True,False
cart_indoor,129,1500,32,True,32,32,True,True,False
cart_indoor,129,1500,64,True,64,64,True,True,False
cart_indoor,129,1500,128,True,128,128,True,True,False
cart_indoor,129,1550,32,True,32,32,True,True,False
cart_indoor,129,1550,64,True,64,64,True,True,False
cart_indoor,129,1550,128,True,120,120,True,True,False
cart_indoor,129,1600,32,True,32,32,True,True,False
cart_indoor,129,1600,64,True,64,64,True,True,False
cart_indoor,129,1600,128,True,70,70,True,True,False
cart_indoor,129,1650,32,True,20,20,True,True,False
cart_indoor,129,1650,64,True,20,20,True,True,False
cart_indoor,129,1650,128,True,20,20,True,True,False
bag05_indoor,130,50,32,True,32,23,True,True,False
bag05_indoor,130,50,64,True,64,41,True,True,False
bag05_indoor,130,50,128,True,128,45,True,True,False
bag05_indoor,130,100,32,True,32,13,True,True,False
bag05_indoor,130,100,64,True,64,13,True,True,False
bag05_indoor,130,100,128,True,128,54,True,True,False
bag05_indoor,130,150,32,False,32,8,False,True,True
bag05_indoor,130,150,64,False,64,40,False,True,True
bag05_indoor,130,150,128,False,128,91,False,True,True
bag05_indoor,130,200,32,True,32,19,True,True,False
bag05_indoor,130,200,64,True,64,51,True,True,False
bag05_indoor,130,200,128,True,128,115,True,True,False
bag05_indoor,130,250,32,True,32,32,True,True,False
bag05_indoor,130,250,64,True,64,64,True,True,False
bag05_indoor,130,250,128,True,128,128,True,True,False
bag05_indoor,130,300,32,True,32,32,True,True,False
bag05_indoor,130,300,64,True,64,64,True,True,False
bag05_indoor,130,300,128,True,128,117,True,True,False
bag05_indoor,130,350,32,True,32,32,True,True,False
bag05_indoor,130,350,64,True,64,61,True,True,False
bag05_indoor,130,350,128,True,128,67,True,True,False
bag05_indoor,130,400,32,True,32,17,True,True,False
bag05_indoor,130,400,64,True,64,17,True,True,False
bag05_indoor,130,400,128,True,128,67,True,True,False
bag05_indoor,130,450,32,False,32,4,False,True,True
bag05_indoor,130,450,64,False,64,36,False,True,True
bag05_indoor,130,450,128,False,128,100,False,True,True
bag05_indoor,130,500,32,True,32,32,True,True,False
bag05_indoor,130,500,64,True,64,64,True,True,False
bag05_indoor,130,500,128,True,128,128,True,True,False
bag05_indoor,130,550,32,True,32,32,True,True,False
bag05_indoor,130,550,64,True,64,64,True,True,False
bag05_indoor,130,550,128,True,128,122,True,True,False
bag05_indoor,130,600,32,True,32,32,True,True,False
bag05_indoor,130,600,64,True,64,58,True,True,False
bag05_indoor,130,600,128,True,128,99,True,True,False
bag05_indoor,130,650,32,False,32,31,False,True,True
bag05_indoor,130,650,64,False,64,49,False,True,True
bag05_indoor,130,650,128,False,128,56,False,True,True
bag05_indoor,130,700,32,True,32,20,True,True,False
bag05_indoor,130,700,64,True,64,20,True,True,False
bag05_indoor,130,700,128,True,128,64,True,True,False
bag05_indoor,130,750,32,False,32,5,False,True,True
bag05_indoor,130,750,64,False,64,30,False,True,True
bag05_indoor,130,750,128,False,128,45,False,True,True
bag05_indoor,130,800,32,True,32,22,True,True,False
bag05_indoor,130,800,64,True,64,22,True,True,False
bag05_indoor,130,800,128,True,88,22,True,True,False
bag05_indoor,130,850,32,False,32,0,False,False,False
bag05_indoor,130,850,64,False,38,0,False,False,False
bag05_indoor,130,850,128,False,38,0,False,False,False
ball07_indoor,131,50,32,True,32,32,True,True,False
ball07_indoor,131,50,64,True,64,64,True,True,False
ball07_indoor,131,50,128,True,128,128,True,True,False
ball07_indoor,131,100,32,True,32,32,True,True,False
ball07_indoor,131,100,64,True,64,64,True,True,False
ball07_indoor,131,100,128,True,128,128,True,True,False
ball07_indoor,131,150,32,True,32,32,True,True,False
ball07_indoor,131,150,64,True,64,64,True,True,False
ball07_indoor,131,150,128,True,128,128,True,True,False
ball07_indoor,131,200,32,True,32,32,True,True,False
ball07_indoor,131,200,64,True,64,64,True,True,False
ball07_indoor,131,200,128,True,128,128,True,True,False
ball07_indoor,131,250,32,True,32,32,True,True,False
ball07_indoor,131,250,64,True,64,64,True,True,False
ball07_indoor,131,250,128,True,128,128,True,True,False
ball07_indoor,131,300,32,True,32,32,True,True,False
ball07_indoor,131,300,64,True,64,64,True,True,False
ball07_indoor,131,300,128,True,128,122,True,True,False
ball07_indoor,131,350,32,True,32,32,True,True,False
ball07_indoor,131,350,64,True,64,64,True,True,False
ball07_indoor,131,350,128,True,128,120,True,True,False
ball07_indoor,131,400,32,True,32,26,True,True,False
ball07_indoor,131,400,64,True,64,58,True,True,False
ball07_indoor,131,400,128,True,128,98,True,True,False
ball07_indoor,131,450,32,True,32,30,True,True,False
ball07_indoor,131,450,64,True,64,49,True,True,False
ball07_indoor,131,450,128,True,128,104,True,True,False
ball07_indoor,131,500,32,True,32,13,True,True,False
ball07_indoor,131,500,64,True,64,45,True,True,False
ball07_indoor,131,500,128,True,128,109,True,True,False
ball07_indoor,131,550,32,True,32,32,True,True,False
ball07_indoor,131,550,64,True,64,64,True,True,False
ball07_indoor,131,550,128,True,128,128,True,True,False
ball07_indoor,131,600,32,True,32,32,True,True,False
ball07_indoor,131,600,64,True,64,64,True,True,False
ball07_indoor,131,600,128,True,128,128,True,True,False
ball07_indoor,131,650,32,True,32,32,True,True,False
ball07_indoor,131,650,64,True,64,64,True,True,False
ball07_indoor,131,650,128,True,128,97,True,True,False
ball07_indoor,131,700,32,True,32,32,True,True,False
ball07_indoor,131,700,64,True,64,47,True,True,False
ball07_indoor,131,700,128,True,128,62,True,True,False
ball07_indoor,131,750,32,False,32,1,False,True,True
ball07_indoor,131,750,64,False,64,13,False,True,True
ball07_indoor,131,750,128,False,128,37,False,True,True
ball07_indoor,131,800,32,True,32,17,True,True,False
ball07_indoor,131,800,64,True,64,25,True,True,False
ball07_indoor,131,800,128,True,128,84,True,True,False
ball07_indoor,131,850,32,False,32,13,False,True,True
ball07_indoor,131,850,64,False,64,45,False,True,True
ball07_indoor,131,850,128,False,128,109,False,True,True
ball07_indoor,131,900,32,True,32,32,True,True,False
ball07_indoor,131,900,64,True,64,64,True,True,False
ball07_indoor,131,900,128,True,128,128,True,True,False
ball07_indoor,131,950,32,True,32,32,True,True,False
ball07_indoor,131,950,64,True,64,64,True,True,False
ball07_indoor,131,950,128,True,128,91,True,True,False
ball07_indoor,131,1000,32,True,32,32,True,True,False
ball07_indoor,131,1000,64,True,64,41,True,True,False
ball07_indoor,131,1000,128,True,128,41,True,True,False
ball07_indoor,131,1050,32,False,32,0,False,False,False
ball07_indoor,131,1050,64,False,64,0,False,False,False
ball07_indoor,131,1050,128,False,128,47,False,True,True
ball07_indoor,131,1100,32,False,32,1,False,True,True
ball07_indoor,131,1100,64,False,64,33,False,True,True
ball07_indoor,131,1100,128,False,128,97,False,True,True
ball07_indoor,131,1150,32,True,32,32,True,True,False
ball07_indoor,131,1150,64,True,64,64,True,True,False
ball07_indoor,131,1150,128,True,128,128,True,True,False
ball07_indoor,131,1200,32,True,32,32,True,True,False
ball07_indoor,131,1200,64,True,64,64,True,True,False
ball07_indoor,131,1200,128,True,128,128,True,True,False
ball07_indoor,131,1250,32,True,32,32,True,True,False
ball07_indoor,131,1250,64,True,64,64,True,True,False
ball07_indoor,131,1250,128,True,128,121,True,True,False
ball07_indoor,131,1300,32,True,32,32,True,True,False
ball07_indoor,131,1300,64,True,64,57,True,True,False
ball07_indoor,131,1300,128,True,128,104,True,True,False
ball07_indoor,131,1350,32,True,32,31,True,True,False
ball07_indoor,131,1350,64,True,64,56,True,True,False
ball07_indoor,131,1350,128,True,128,109,True,True,False
ball07_indoor,131,1400,32,True,32,21,True,True,False
ball07_indoor,131,1400,64,True,64,53,True,True,False
ball07_indoor,131,1400,128,True,128,107,True,True,False
ball07_indoor,131,1450,32,True,32,32,True,True,False
ball07_indoor,131,1450,64,True,64,54,True,True,False
ball07_indoor,131,1450,128,True,128,118,True,True,False
ball07_indoor,131,1500,32,True,32,22,True,True,False
ball07_indoor,131,1500,64,True,64,54,True,True,False
ball07_indoor,131,1500,128,True,128,118,True,True,False
ball07_indoor,131,1550,32,True,32,32,True,True,False
ball07_indoor,131,1550,64,True,64,64,True,True,False
ball07_indoor,131,1550,128,True,128,128,True,True,False
ball07_indoor,131,1600,32,True,32,32,True,True,False
ball07_indoor,131,1600,64,True,64,64,True,True,False
ball07_indoor,131,1600,128,True,128,128,True,True,False
ball07_indoor,131,1650,32,True,32,32,True,True,False
ball07_indoor,131,1650,64,True,64,64,True,True,False
ball07_indoor,131,1650,128,True,128,128,True,True,False
ball07_indoor,131,1700,32,True,32,32,True,True,False
ball07_indoor,131,1700,64,True,64,64,True,True,False
ball07_indoor,131,1700,128,True,128,128,True,True,False
ball07_indoor,131,1750,32,True,32,32,True,True,False
ball07_indoor,131,1750,64,True,64,64,True,True,False
ball07_indoor,131,1750,128,True,128,128,True,True,False
ball07_indoor,131,1800,32,True,32,32,True,True,False
ball07_indoor,131,1800,64,True,64,64,True,True,False
ball07_indoor,131,1800,128,True,128,128,True,True,False
ball07_indoor,131,1850,32,True,32,32,True,True,False
ball07_indoor,131,1850,64,True,64,64,True,True,False
ball07_indoor,131,1850,128,True,128,128,True,True,False
ball07_indoor,131,1900,32,True,32,32,True,True,False
ball07_indoor,131,1900,64,True,64,64,True,True,False
ball07_indoor,131,1900,128,True,128,128,True,True,False
ball07_indoor,131,1950,32,True,32,32,True,True,False
ball07_indoor,131,1950,64,True,64,64,True,True,False
ball07_indoor,131,1950,128,True,128,128,True,True,False
ball07_indoor,131,2000,32,True,32,32,True,True,False
ball07_indoor,131,2000,64,True,64,64,True,True,False
ball07_indoor,131,2000,128,True,128,128,True,True,False
ball07_indoor,131,2050,32,True,32,32,True,True,False
ball07_indoor,131,2050,64,True,64,64,True,True,False
ball07_indoor,131,2050,128,True,128,128,True,True,False
ball07_indoor,131,2100,32,True,32,32,True,True,False
ball07_indoor,131,2100,64,True,64,64,True,True,False
ball07_indoor,131,2100,128,True,128,128,True,True,False
ball07_indoor,131,2150,32,True,32,32,True,True,False
ball07_indoor,131,2150,64,True,64,64,True,True,False
ball07_indoor,131,2150,128,True,128,127,True,True,False
ball07_indoor,131,2200,32,True,32,32,True,True,False
ball07_indoor,131,2200,64,True,64,64,True,True,False
ball07_indoor,131,2200,128,True,128,79,True,True,False
ball07_indoor,131,2250,32,True,32,27,True,True,False
ball07_indoor,131,2250,64,True,64,27,True,True,False
ball07_indoor,131,2250,128,True,128,56,True,True,False
ball07_indoor,131,2300,32,False,32,3,False,True,True
ball07_indoor,131,2300,64,False,64,21,False,True,True
ball07_indoor,131,2300,128,False,128,63,False,True,True
ball07_indoor,131,2350,32,False,32,20,False,True,True
ball07_indoor,131,2350,64,False,64,37,False,True,True
ball07_indoor,131,2350,128,False,128,101,False,True,True
ball07_indoor,131,2400,32,False,32,26,False,True,True
ball07_indoor,131,2400,64,False,64,58,False,True,True
ball07_indoor,131,2400,128,False,118,112,False,True,True
ball07_indoor,131,2450,32,True,32,32,True,True,False
ball07_indoor,131,2450,64,True,64,64,True,True,False
ball07_indoor,131,2450,128,True,68,68,True,True,False
ball07_indoor,131,2500,32,True,18,18,True,True,False
ball07_indoor,131,2500,64,True,18,18,True,True,False
ball07_indoor,131,2500,128,True,18,18,True,True,False
ball19_indoor,132,50,32,True,32,32,True,True,False
ball19_indoor,132,50,64,True,64,64,True,True,False
ball19_indoor,132,50,128,True,128,128,True,True,False
ball19_indoor,132,100,32,True,32,32,True,True,False
ball19_indoor,132,100,64,True,64,64,True,True,False
ball19_indoor,132,100,128,True,128,128,True,True,False
ball19_indoor,132,150,32,True,32,32,True,True,False
ball19_indoor,132,150,64,True,64,64,True,True,False
ball19_indoor,132,150,128,True,128,128,True,True,False
ball19_indoor,132,200,32,True,32,32,True,True,False
ball19_indoor,132,200,64,True,64,64,True,True,False
ball19_indoor,132,200,128,True,128,128,True,True,False
ball19_indoor,132,250,32,True,32,32,True,True,False
ball19_indoor,132,250,64,True,64,64,True,True,False
ball19_indoor,132,250,128,True,128,128,True,True,False
ball19_indoor,132,300,32,True,32,32,True,True,False
ball19_indoor,132,300,64,True,64,64,True,True,False
ball19_indoor,132,300,128,True,128,128,True,True,False
ball19_indoor,132,350,32,True,32,32,True,True,False
ball19_indoor,132,350,64,True,64,64,True,True,False
ball19_indoor,132,350,128,True,128,128,True,True,False
ball19_indoor,132,400,32,True,32,32,True,True,False
ball19_indoor,132,400,64,True,64,64,True,True,False
ball19_indoor,132,400,128,True,128,128,True,True,False
ball19_indoor,132,450,32,True,32,32,True,True,False
ball19_indoor,132,450,64,True,64,64,True,True,False
ball19_indoor,132,450,128,True,128,128,True,True,False
ball19_indoor,132,500,32,True,32,32,True,True,False
ball19_indoor,132,500,64,True,64,64,True,True,False
ball19_indoor,132,500,128,True,128,128,True,True,False
ball19_indoor,132,550,32,True,32,32,True,True,False
ball19_indoor,132,550,64,True,64,64,True,True,False
ball19_indoor,132,550,128,True,128,128,True,True,False
ball19_indoor,132,600,32,True,32,32,True,True,False
ball19_indoor,132,600,64,True,64,64,True,True,False
ball19_indoor,132,600,128,True,128,128,True,True,False
ball19_indoor,132,650,32,True,32,32,True,True,False
ball19_indoor,132,650,64,True,64,64,True,True,False
ball19_indoor,132,650,128,True,128,128,True,True,False
ball19_indoor,132,700,32,True,32,32,True,True,False
ball19_indoor,132,700,64,True,64,64,True,True,False
ball19_indoor,132,700,128,True,128,128,True,True,False
ball19_indoor,132,750,32,True,32,32,True,True,False
ball19_indoor,132,750,64,True,64,64,True,True,False
ball19_indoor,132,750,128,True,128,128,True,True,False
ball19_indoor,132,800,32,True,32,32,True,True,False
ball19_indoor,132,800,64,True,64,64,True,True,False
ball19_indoor,132,800,128,True,128,128,True,True,False
ball19_indoor,132,850,32,True,32,32,True,True,False
ball19_indoor,132,850,64,True,64,64,True,True,False
ball19_indoor,132,850,128,True,128,128,True,True,False
ball19_indoor,132,900,32,True,32,32,True,True,False
ball19_indoor,132,900,64,True,64,64,True,True,False
ball19_indoor,132,900,128,True,128,128,True,True,False
ball19_indoor,132,950,32,True,32,32,True,True,False
ball19_indoor,132,950,64,True,64,64,True,True,False
ball19_indoor,132,950,128,True,128,128,True,True,False
ball19_indoor,132,1000,32,True,32,32,True,True,False
ball19_indoor,132,1000,64,True,64,64,True,True,False
ball19_indoor,132,1000,128,True,128,128,True,True,False
ball19_indoor,132,1050,32,True,32,32,True,True,False
ball19_indoor,132,1050,64,True,64,64,True,True,False
ball19_indoor,132,1050,128,True,128,128,True,True,False
ball19_indoor,132,1100,32,True,32,32,True,True,False
ball19_indoor,132,1100,64,True,64,64,True,True,False
ball19_indoor,132,1100,128,True,128,128,True,True,False
ball19_indoor,132,1150,32,True,32,32,True,True,False
ball19_indoor,132,1150,64,True,64,64,True,True,False
ball19_indoor,132,1150,128,True,128,128,True,True,False
ball19_indoor,132,1200,32,True,32,32,True,True,False
ball19_indoor,132,1200,64,True,64,64,True,True,False
ball19_indoor,132,1200,128,True,128,128,True,True,False
ball19_indoor,132,1250,32,True,32,32,True,True,False
ball19_indoor,132,1250,64,True,64,64,True,True,False
ball19_indoor,132,1250,128,True,128,128,True,True,False
ball19_indoor,132,1300,32,True,32,32,True,True,False
ball19_indoor,132,1300,64,True,64,64,True,True,False
ball19_indoor,132,1300,128,True,80,80,True,True,False
ball19_indoor,132,1350,32,True,30,30,True,True,False
ball19_indoor,132,1350,64,True,30,30,True,True,False
ball19_indoor,132,1350,128,True,30,30,True,True,False
beautifullight01_indoor,133,50,32,True,32,32,True,True,False
beautifullight01_indoor,133,50,64,True,64,56,True,True,False
beautifullight01_indoor,133,50,128,True,128,120,True,True,False
beautifullight01_indoor,133,100,32,False,32,30,False,True,True
beautifullight01_indoor,133,100,64,False,64,62,False,True,True
beautifullight01_indoor,133,100,128,False,128,126,False,True,True
beautifullight01_indoor,133,150,32,True,32,32,True,True,False
beautifullight01_indoor,133,150,64,True,64,64,True,True,False
beautifullight01_indoor,133,150,128,True,128,128,True,True,False
beautifullight01_indoor,133,200,32,True,32,32,True,True,False
beautifullight01_indoor,133,200,64,True,64,64,True,True,False
beautifullight01_indoor,133,200,128,True,128,128,True,True,False
beautifullight01_indoor,133,250,32,True,32,32,True,True,False
beautifullight01_indoor,133,250,64,True,64,64,True,True,False
beautifullight01_indoor,133,250,128,True,128,128,True,True,False
beautifullight01_indoor,133,300,32,True,32,32,True,True,False
beautifullight01_indoor,133,300,64,True,64,64,True,True,False
beautifullight01_indoor,133,300,128,True,128,90,True,True,False
beautifullight01_indoor,133,350,32,True,32,28,True,True,False
beautifullight01_indoor,133,350,64,True,64,29,True,True,False
beautifullight01_indoor,133,350,128,True,128,60,True,True,False
beautifullight01_indoor,133,400,32,False,32,15,False,True,True
beautifullight01_indoor,133,400,64,False,64,31,False,True,True
beautifullight01_indoor,133,400,128,False,128,66,False,True,True
beautifullight01_indoor,133,450,32,False,32,0,False,False,False
beautifullight01_indoor,133,450,64,False,64,21,False,True,True
beautifullight01_indoor,133,450,128,False,128,50,False,True,True
beautifullight01_indoor,133,500,32,True,32,32,True,True,False
beautifullight01_indoor,133,500,64,True,64,43,True,True,False
beautifullight01_indoor,133,500,128,True,128,85,True,True,False
beautifullight01_indoor,133,550,32,False,32,0,False,False,False
beautifullight01_indoor,133,550,64,False,64,28,False,True,True
beautifullight01_indoor,133,550,128,False,128,53,False,True,True
beautifullight01_indoor,133,600,32,True,32,32,True,True,False
beautifullight01_indoor,133,600,64,True,64,32,True,True,False
beautifullight01_indoor,133,600,128,True,128,80,True,True,False
beautifullight01_indoor,133,650,32,False,32,11,False,True,True
beautifullight01_indoor,133,650,64,False,64,43,False,True,True
beautifullight01_indoor,133,650,128,False,128,61,False,True,True
beautifullight01_indoor,133,700,32,True,32,19,True,True,False
beautifullight01_indoor,133,700,64,True,64,19,True,True,False
beautifullight01_indoor,133,700,128,True,128,71,True,True,False
beautifullight01_indoor,133,750,32,False,32,17,False,True,True
beautifullight01_indoor,133,750,64,False,64,49,False,True,True
beautifullight01_indoor,133,750,128,False,128,71,False,True,True
beautifullight01_indoor,133,800,32,True,32,17,True,True,False
beautifullight01_indoor,133,800,64,True,64,22,True,True,False
beautifullight01_indoor,133,800,128,True,128,84,True,True,False
beautifullight01_indoor,133,850,32,False,32,23,False,True,True
beautifullight01_indoor,133,850,64,False,64,55,False,True,True
beautifullight01_indoor,133,850,128,False,128,83,False,True,True
beautifullight01_indoor,133,900,32,True,32,26,True,True,False
beautifullight01_indoor,133,900,64,True,64,28,True,True,False
beautifullight01_indoor,133,900,128,True,128,76,True,True,False
beautifullight01_indoor,133,950,32,False,32,20,False,True,True
beautifullight01_indoor,133,950,64,False,64,36,False,True,True
beautifullight01_indoor,133,950,128,False,128,82,False,True,True
beautifullight01_indoor,133,1000,32,False,32,22,False,True,True
beautifullight01_indoor,133,1000,64,False,64,44,False,True,True
beautifullight01_indoor,133,1000,128,False,128,72,False,True,True
beautifullight01_indoor,133,1050,32,True,32,20,True,True,False
beautifullight01_indoor,133,1050,64,True,64,28,True,True,False
beautifullight01_indoor,133,1050,128,True,128,92,True,True,False
beautifullight01_indoor,133,1100,32,False,32,26,False,True,True
beautifullight01_indoor,133,1100,64,False,64,58,False,True,True
beautifullight01_indoor,133,1100,128,False,128,122,False,True,True
beautifullight01_indoor,133,1150,32,True,32,32,True,True,False
beautifullight01_indoor,133,1150,64,True,64,64,True,True,False
beautifullight01_indoor,133,1150,128,True,119,119,True,True,False
beautifullight01_indoor,133,1200,32,True,32,32,True,True,False
beautifullight01_indoor,133,1200,64,True,64,64,True,True,False
beautifullight01_indoor,133,1200,128,True,69,69,True,True,False
beautifullight01_indoor,133,1250,32,True,19,19,True,True,False
beautifullight01_indoor,133,1250,64,True,19,19,True,True,False
beautifullight01_indoor,133,1250,128,True,19,19,True,True,False
book06_indoor,134,50,32,True,32,32,True,True,False
book06_indoor,134,50,64,True,64,64,True,True,False
book06_indoor,134,50,128,True,128,128,True,True,False
book06_indoor,134,100,32,True,32,32,True,True,False
book06_indoor,134,100,64,True,64,64,True,True,False
book06_indoor,134,100,128,True,128,128,True,True,False
book06_indoor,134,150,32,True,32,32,True,True,False
book06_indoor,134,150,64,True,64,64,True,True,False
book06_indoor,134,150,128,True,128,128,True,True,False
book06_indoor,134,200,32,True,32,32,True,True,False
book06_indoor,134,200,64,True,64,64,True,True,False
book06_indoor,134,200,128,True,128,128,True,True,False
book06_indoor,134,250,32,True,32,32,True,True,False
book06_indoor,134,250,64,True,64,64,True,True,False
book06_indoor,134,250,128,True,128,128,True,True,False
book06_indoor,134,300,32,True,32,32,True,True,False
book06_indoor,134,300,64,True,64,64,True,True,False
book06_indoor,134,300,128,True,128,128,True,True,False
book06_indoor,134,350,32,True,32,32,True,True,False
book06_indoor,134,350,64,True,64,64,True,True,False
book06_indoor,134,350,128,True,128,128,True,True,False
book06_indoor,134,400,32,True,32,32,True,True,False
book06_indoor,134,400,64,True,64,64,True,True,False
book06_indoor,134,400,128,True,128,128,True,True,False
book06_indoor,134,450,32,True,32,32,True,True,False
book06_indoor,134,450,64,True,64,64,True,True,False
book06_indoor,134,450,128,True,128,128,True,True,False
book06_indoor,134,500,32,True,32,32,True,True,False
book06_indoor,134,500,64,True,64,64,True,True,False
book06_indoor,134,500,128,True,128,128,True,True,False
book06_indoor,134,550,32,True,32,32,True,True,False
book06_indoor,134,550,64,True,64,64,True,True,False
book06_indoor,134,550,128,True,128,128,True,True,False
book06_indoor,134,600,32,True,32,32,True,True,False
book06_indoor,134,600,64,True,64,64,True,True,False
book06_indoor,134,600,128,True,128,113,True,True,False
book06_indoor,134,650,32,True,32,32,True,True,False
book06_indoor,134,650,64,True,64,63,True,True,False
book06_indoor,134,650,128,True,128,63,True,True,False
book06_indoor,134,700,32,True,32,13,True,True,False
book06_indoor,134,700,64,True,64,13,True,True,False
book06_indoor,134,700,128,True,128,13,True,True,False
book06_indoor,134,750,32,False,32,0,False,False,False
book06_indoor,134,750,64,False,64,0,False,False,False
book06_indoor,134,750,128,False,128,0,False,False,False
book06_indoor,134,800,32,False,32,0,False,False,False
book06_indoor,134,800,64,False,64,0,False,False,False
book06_indoor,134,800,128,False,128,0,False,False,False
book06_indoor,134,850,32,False,32,0,False,False,False
book06_indoor,134,850,64,False,64,0,False,False,False
book06_indoor,134,850,128,False,128,42,False,True,True
book06_indoor,134,900,32,False,32,0,False,False,False
book06_indoor,134,900,64,False,64,28,False,True,True
book06_indoor,134,900,128,False,128,92,False,True,True
book06_indoor,134,950,32,True,32,32,True,True,False
book06_indoor,134,950,64,True,64,64,True,True,False
book06_indoor,134,950,128,True,128,128,True,True,False
book06_indoor,134,1000,32,True,32,32,True,True,False
book06_indoor,134,1000,64,True,64,64,True,True,False
book06_indoor,134,1000,128,True,128,128,True,True,False
book06_indoor,134,1050,32,True,32,32,True,True,False
book06_indoor,134,1050,64,True,64,64,True,True,False
book06_indoor,134,1050,128,True,128,128,True,True,False
book06_indoor,134,1100,32,True,32,32,True,True,False
book06_indoor,134,1100,64,True,64,64,True,True,False
book06_indoor,134,1100,128,True,128,121,True,True,False
book06_indoor,134,1150,32,True,32,32,True,True,False
book06_indoor,134,1150,64,True,64,64,True,True,False
book06_indoor,134,1150,128,True,128,114,True,True,False
book06_indoor,134,1200,32,True,32,21,True,True,False
book06_indoor,134,1200,64,True,64,50,True,True,False
book06_indoor,134,1200,128,True,128,114,True,True,False
book06_indoor,134,1250,32,True,32,32,True,True,False
book06_indoor,134,1250,64,True,64,64,True,True,False
book06_indoor,134,1250,128,True,128,128,True,True,False
book06_indoor,134,1300,32,True,32,32,True,True,False
book06_indoor,134,1300,64,True,64,64,True,True,False
book06_indoor,134,1300,128,True,128,128,True,True,False
book06_indoor,134,1350,32,True,32,32,True,True,False
book06_indoor,134,1350,64,True,64,64,True,True,False
book06_indoor,134,1350,128,True,128,121,True,True,False
book06_indoor,134,1400,32,True,32,32,True,True,False
book06_indoor,134,1400,64,True,64,57,True,True,False
book06_indoor,134,1400,128,True,128,77,True,True,False
book06_indoor,134,1450,32,True,32,32,True,True,False
book06_indoor,134,1450,64,True,64,34,True,True,False
book06_indoor,134,1450,128,True,128,34,True,True,False
book06_indoor,134,1500,32,False,32,0,False,False,False
book06_indoor,134,1500,64,False,64,0,False,False,False
book06_indoor,134,1500,128,False,128,0,False,False,False
book06_indoor,134,1550,32,False,32,0,False,False,False
book06_indoor,134,1550,64,False,64,0,False,False,False
book06_indoor,134,1550,128,False,128,0,False,False,False
book06_indoor,134,1600,32,False,32,0,False,False,False
book06_indoor,134,1600,64,False,64,0,False,False,False
book06_indoor,134,1600,128,False,128,43,False,True,True
book06_indoor,134,1650,32,False,32,0,False,False,False
book06_indoor,134,1650,64,False,64,29,False,True,True
book06_indoor,134,1650,128,False,128,93,False,True,True
book06_indoor,134,1700,32,True,32,32,True,True,False
book06_indoor,134,1700,64,True,64,64,True,True,False
book06_indoor,134,1700,128,True,128,128,True,True,False
book06_indoor,134,1750,32,True,32,32,True,True,False
book06_indoor,134,1750,64,True,64,64,True,True,False
book06_indoor,134,1750,128,True,128,128,True,True,False
book06_indoor,134,1800,32,True,32,32,True,True,False
book06_indoor,134,1800,64,True,64,64,True,True,False
book06_indoor,134,1800,128,True,128,128,True,True,False
book06_indoor,134,1850,32,True,32,32,True,True,False
book06_indoor,134,1850,64,True,64,64,True,True,False
book06_indoor,134,1850,128,True,128,128,True,True,False
book06_indoor,134,1900,32,True,32,32,True,True,False
book06_indoor,134,1900,64,True,64,64,True,True,False
book06_indoor,134,1900,128,True,90,90,True,True,False
book06_indoor,134,1950,32,True,32,32,True,True,False
book06_indoor,134,1950,64,True,40,40,True,True,False
book06_indoor,134,1950,128,True,40,40,True,True,False
car01_indoor,135,50,32,True,32,9,True,True,False
car01_indoor,135,50,64,True,64,11,True,True,False
car01_indoor,135,50,128,True,128,75,True,True,False
car01_indoor,135,100,32,False,32,20,False,True,True
car01_indoor,135,100,64,False,64,52,False,True,True
car01_indoor,135,100,128,False,128,116,False,True,True
car01_indoor,135,150,32,True,32,32,True,True,False
car01_indoor,135,150,64,True,64,64,True,True,False
car01_indoor,135,150,128,True,128,128,True,True,False
car01_indoor,135,200,32,True,32,32,True,True,False
car01_indoor,135,200,64,True,64,64,True,True,False
car01_indoor,135,200,128,True,128,108,True,True,False
car01_indoor,135,250,32,True,32,32,True,True,False
car01_indoor,135,250,64,True,64,47,True,True,False
car01_indoor,135,250,128,True,128,108,True,True,False
car01_indoor,135,300,32,False,32,15,False,True,True
car01_indoor,135,300,64,False,64,47,False,True,True
car01_indoor,135,300,128,False,128,111,False,True,True
car01_indoor,135,350,32,True,32,32,True,True,False
car01_indoor,135,350,64,True,64,64,True,True,False
car01_indoor,135,350,128,True,128,128,True,True,False
car01_indoor,135,400,32,True,32,32,True,True,False
car01_indoor,135,400,64,True,64,64,True,True,False
car01_indoor,135,400,128,True,128,128,True,True,False
car01_indoor,135,450,32,True,32,32,True,True,False
car01_indoor,135,450,64,True,64,64,True,True,False
car01_indoor,135,450,128,True,128,128,True,True,False
car01_indoor,135,500,32,True,32,32,True,True,False
car01_indoor,135,500,64,True,64,64,True,True,False
car01_indoor,135,500,128,True,128,128,True,True,False
car01_indoor,135,550,32,True,32,32,True,True,False
car01_indoor,135,550,64,True,64,64,True,True,False
car01_indoor,135,550,128,True,128,128,True,True,False
car01_indoor,135,600,32,True,32,32,True,True,False
car01_indoor,135,600,64,True,64,64,True,True,False
car01_indoor,135,600,128,True,128,128,True,True,False
car01_indoor,135,650,32,True,32,32,True,True,False
car01_indoor,135,650,64,True,64,64,True,True,False
car01_indoor,135,650,128,True,128,128,True,True,False
car01_indoor,135,700,32,True,32,32,True,True,False
car01_indoor,135,700,64,True,64,64,True,True,False
car01_indoor,135,700,128,True,128,128,True,True,False
car01_indoor,135,750,32,True,32,32,True,True,False
car01_indoor,135,750,64,True,64,64,True,True,False
car01_indoor,135,750,128,True,128,91,True,True,False
car01_indoor,135,800,32,True,32,32,True,True,False
car01_indoor,135,800,64,True,64,41,True,True,False
car01_indoor,135,800,128,True,128,62,True,True,False
car01_indoor,135,850,32,False,32,0,False,False,False
car01_indoor,135,850,64,False,64,7,False,True,True
car01_indoor,135,850,128,False,128,71,False,True,True
car01_indoor,135,900,32,False,32,24,False,True,True
car01_indoor,135,900,64,False,64,56,False,True,True
car01_indoor,135,900,128,False,128,120,False,True,True
car01_indoor,135,950,32,True,32,32,True,True,False
car01_indoor,135,950,64,True,64,64,True,True,False
car01_indoor,135,950,128,True,128,128,True,True,False
car01_indoor,135,1000,32,True,32,32,True,True,False
car01_indoor,135,1000,64,True,64,64,True,True,False
car01_indoor,135,1000,128,True,128,128,True,True,False
car01_indoor,135,1050,32,True,32,32,True,True,False
car01_indoor,135,1050,64,True,64,64,True,True,False
car01_indoor,135,1050,128,True,128,128,True,True,False
car01_indoor,135,1100,32,True,32,32,True,True,False
car01_indoor,135,1100,64,True,64,64,True,True,False
car01_indoor,135,1100,128,True,128,128,True,True,False
car01_indoor,135,1150,32,True,32,32,True,True,False
car01_indoor,135,1150,64,True,64,64,True,True,False
car01_indoor,135,1150,128,True,128,128,True,True,False
car01_indoor,135,1200,32,True,32,32,True,True,False
car01_indoor,135,1200,64,True,64,64,True,True,False
car01_indoor,135,1200,128,True,128,128,True,True,False
car01_indoor,135,1250,32,True,32,32,True,True,False
car01_indoor,135,1250,64,True,64,64,True,True,False
car01_indoor,135,1250,128,True,128,128,True,True,False
car01_indoor,135,1300,32,True,32,32,True,True,False
car01_indoor,135,1300,64,True,64,64,True,True,False
car01_indoor,135,1300,128,True,128,128,True,True,False
car01_indoor,135,1350,32,True,32,32,True,True,False
car01_indoor,135,1350,64,True,64,64,True,True,False
car01_indoor,135,1350,128,True,128,128,True,True,False
car01_indoor,135,1400,32,True,32,32,True,True,False
car01_indoor,135,1400,64,True,64,64,True,True,False
car01_indoor,135,1400,128,True,128,128,True,True,False
car01_indoor,135,1450,32,True,32,32,True,True,False
car01_indoor,135,1450,64,True,64,64,True,True,False
car01_indoor,135,1450,128,True,91,91,True,True,False
car01_indoor,135,1500,32,True,32,32,True,True,False
car01_indoor,135,1500,64,True,41,41,True,True,False
car01_indoor,135,1500,128,True,41,41,True,True,False
car02_indoor,136,50,32,True,32,27,True,True,False
car02_indoor,136,50,64,True,64,59,True,True,False
car02_indoor,136,50,128,True,128,123,True,True,False
car02_indoor,136,100,32,True,32,32,True,True,False
car02_indoor,136,100,64,True,64,64,True,True,False
car02_indoor,136,100,128,True,128,118,True,True,False
car02_indoor,136,150,32,True,32,32,True,True,False
car02_indoor,136,150,64,True,64,54,True,True,False
car02_indoor,136,150,128,True,128,118,True,True,False
car02_indoor,136,200,32,True,32,22,True,True,False
car02_indoor,136,200,64,True,64,54,True,True,False
car02_indoor,136,200,128,True,128,118,True,True,False
car02_indoor,136,250,32,True,32,32,True,True,False
car02_indoor,136,250,64,True,64,64,True,True,False
car02_indoor,136,250,128,True,128,128,True,True,False
car02_indoor,136,300,32,True,32,32,True,True,False
car02_indoor,136,300,64,True,64,64,True,True,False
car02_indoor,136,300,128,True,128,128,True,True,False
car02_indoor,136,350,32,True,32,32,True,True,False
car02_indoor,136,350,64,True,64,64,True,True,False
car02_indoor,136,350,128,True,128,128,True,True,False
car02_indoor,136,400,32,True,32,32,True,True,False
car02_indoor,136,400,64,True,64,64,True,True,False
car02_indoor,136,400,128,True,128,128,True,True,False
car02_indoor,136,450,32,True,32,32,True,True,False
car02_indoor,136,450,64,True,64,64,True,True,False
car02_indoor,136,450,128,True,128,99,True,True,False
car02_indoor,136,500,32,True,32,32,True,True,False
car02_indoor,136,500,64,True,64,49,True,True,False
car02_indoor,136,500,128,True,128,49,True,True,False
car02_indoor,136,550,32,False,32,0,False,False,False
car02_indoor,136,550,64,False,64,0,False,False,False
car02_indoor,136,550,128,False,128,31,False,True,True
car02_indoor,136,600,32,False,32,0,False,False,False
car02_indoor,136,600,64,False,64,21,False,True,True
car02_indoor,136,600,128,False,128,31,False,True,True
car02_indoor,136,650,32,True,32,24,True,True,False
car02_indoor,136,650,64,True,64,24,True,True,False
car02_indoor,136,650,128,True,102,24,True,True,False
car02_indoor,136,700,32,False,32,0,False,False,False
car02_indoor,136,700,64,False,52,0,False,False,False
car02_indoor,136,700,128,False,52,0,False,False,False
car02_indoor,136,750,32,False,2,0,False,False,False
car02_indoor,136,750,64,False,2,0,False,False,False
car02_indoor,136,750,128,False,2,0,False,False,False
colacan01_indoor,137,50,32,True,32,32,True,True,False
colacan01_indoor,137,50,64,True,64,64,True,True,False
colacan01_indoor,137,50,128,True,128,128,True,True,False
colacan01_indoor,137,100,32,True,32,32,True,True,False
colacan01_indoor,137,100,64,True,64,64,True,True,False
colacan01_indoor,137,100,128,True,128,128,True,True,False
colacan01_indoor,137,150,32,True,32,32,True,True,False
colacan01_indoor,137,150,64,True,64,64,True,True,False
colacan01_indoor,137,150,128,True,128,128,True,True,False
colacan01_indoor,137,200,32,True,32,32,True,True,False
colacan01_indoor,137,200,64,True,64,64,True,True,False
colacan01_indoor,137,200,128,True,128,128,True,True,False
colacan01_indoor,137,250,32,True,32,32,True,True,False
colacan01_indoor,137,250,64,True,64,64,True,True,False
colacan01_indoor,137,250,128,True,128,115,True,True,False
colacan01_indoor,137,300,32,True,32,32,True,True,False
colacan01_indoor,137,300,64,True,64,51,True,True,False
colacan01_indoor,137,300,128,True,128,114,True,True,False
colacan01_indoor,137,350,32,False,32,32,False,True,True
colacan01_indoor,137,350,64,False,64,63,False,True,True
colacan01_indoor,137,350,128,False,128,127,False,True,True
colacan01_indoor,137,400,32,True,32,32,True,True,False
colacan01_indoor,137,400,64,True,64,64,True,True,False
colacan01_indoor,137,400,128,True,128,128,True,True,False
colacan01_indoor,137,450,32,True,32,32,True,True,False
colacan01_indoor,137,450,64,True,64,64,True,True,False
colacan01_indoor,137,450,128,True,128,123,True,True,False
colacan01_indoor,137,500,32,True,32,32,True,True,False
colacan01_indoor,137,500,64,True,64,64,True,True,False
colacan01_indoor,137,500,128,True,128,97,True,True,False
colacan01_indoor,137,550,32,True,32,23,True,True,False
colacan01_indoor,137,550,64,True,64,33,True,True,False
colacan01_indoor,137,550,128,True,128,97,True,True,False
colacan01_indoor,137,600,32,False,32,28,False,True,True
colacan01_indoor,137,600,64,False,64,60,False,True,True
colacan01_indoor,137,600,128,False,128,124,False,True,True
colacan01_indoor,137,650,32,True,32,32,True,True,False
colacan01_indoor,137,650,64,True,64,64,True,True,False
colacan01_indoor,137,650,128,True,128,128,True,True,False
colacan01_indoor,137,700,32,True,32,32,True,True,False
colacan01_indoor,137,700,64,True,64,64,True,True,False
colacan01_indoor,137,700,128,True,128,128,True,True,False
colacan01_indoor,137,750,32,True,32,32,True,True,False
colacan01_indoor,137,750,64,True,64,64,True,True,False
colacan01_indoor,137,750,128,True,128,128,True,True,False
colacan01_indoor,137,800,32,True,32,32,True,True,False
colacan01_indoor,137,800,64,True,64,64,True,True,False
colacan01_indoor,137,800,128,True,128,128,True,True,False
colacan01_indoor,137,850,32,True,32,32,True,True,False
colacan01_indoor,137,850,64,True,64,64,True,True,False
colacan01_indoor,137,850,128,True,128,128,True,True,False
colacan01_indoor,137,900,32,True,32,32,True,True,False
colacan01_indoor,137,900,64,True,64,64,True,True,False
colacan01_indoor,137,900,128,True,128,128,True,True,False
colacan01_indoor,137,950,32,True,32,32,True,True,False
colacan01_indoor,137,950,64,True,64,64,True,True,False
colacan01_indoor,137,950,128,True,128,128,True,True,False
colacan01_indoor,137,1000,32,True,32,32,True,True,False
colacan01_indoor,137,1000,64,True,64,64,True,True,False
colacan01_indoor,137,1000,128,True,128,128,True,True,False
colacan01_indoor,137,1050,32,True,32,32,True,True,False
colacan01_indoor,137,1050,64,True,64,64,True,True,False
colacan01_indoor,137,1050,128,True,128,128,True,True,False
colacan01_indoor,137,1100,32,True,32,32,True,True,False
colacan01_indoor,137,1100,64,True,64,64,True,True,False
colacan01_indoor,137,1100,128,True,128,128,True,True,False
colacan01_indoor,137,1150,32,True,32,32,True,True,False
colacan01_indoor,137,1150,64,True,64,64,True,True,False
colacan01_indoor,137,1150,128,True,128,125,True,True,False
colacan01_indoor,137,1200,32,True,32,32,True,True,False
colacan01_indoor,137,1200,64,True,64,64,True,True,False
colacan01_indoor,137,1200,128,True,128,125,True,True,False
colacan01_indoor,137,1250,32,True,32,29,True,True,False
colacan01_indoor,137,1250,64,True,64,61,True,True,False
colacan01_indoor,137,1250,128,True,128,125,True,True,False
colacan01_indoor,137,1300,32,True,32,32,True,True,False
colacan01_indoor,137,1300,64,True,64,64,True,True,False
colacan01_indoor,137,1300,128,True,128,128,True,True,False
colacan01_indoor,137,1350,32,True,32,32,True,True,False
colacan01_indoor,137,1350,64,True,64,64,True,True,False
colacan01_indoor,137,1350,128,True,128,128,True,True,False
colacan01_indoor,137,1400,32,True,32,32,True,True,False
colacan01_indoor,137,1400,64,True,64,64,True,True,False
colacan01_indoor,137,1400,128,True,128,128,True,True,False
colacan01_indoor,137,1450,32,True,32,32,True,True,False
colacan01_indoor,137,1450,64,True,64,64,True,True,False
colacan01_indoor,137,1450,128,True,128,128,True,True,False
colacan01_indoor,137,1500,32,True,32,32,True,True,False
colacan01_indoor,137,1500,64,True,64,64,True,True,False
colacan01_indoor,137,1500,128,True,128,128,True,True,False
colacan01_indoor,137,1550,32,True,32,32,True,True,False
colacan01_indoor,137,1550,64,True,64,64,True,True,False
colacan01_indoor,137,1550,128,True,128,128,True,True,False
colacan01_indoor,137,1600,32,True,32,32,True,True,False
colacan01_indoor,137,1600,64,True,64,64,True,True,False
colacan01_indoor,137,1600,128,True,128,128,True,True,False
colacan01_indoor,137,1650,32,True,32,32,True,True,False
colacan01_indoor,137,1650,64,True,64,64,True,True,False
colacan01_indoor,137,1650,128,True,128,128,True,True,False
colacan01_indoor,137,1700,32,True,32,32,True,True,False
colacan01_indoor,137,1700,64,True,64,64,True,True,False
colacan01_indoor,137,1700,128,True,128,128,True,True,False
colacan01_indoor,137,1750,32,True,32,32,True,True,False
colacan01_indoor,137,1750,64,True,64,64,True,True,False
colacan01_indoor,137,1750,128,True,128,128,True,True,False
colacan01_indoor,137,1800,32,True,32,32,True,True,False
colacan01_indoor,137,1800,64,True,64,64,True,True,False
colacan01_indoor,137,1800,128,True,128,128,True,True,False
colacan01_indoor,137,1850,32,True,32,32,True,True,False
colacan01_indoor,137,1850,64,True,64,64,True,True,False
colacan01_indoor,137,1850,128,True,128,128,True,True,False
colacan01_indoor,137,1900,32,True,32,32,True,True,False
colacan01_indoor,137,1900,64,True,64,64,True,True,False
colacan01_indoor,137,1900,128,True,128,128,True,True,False
colacan01_indoor,137,1950,32,True,32,32,True,True,False
colacan01_indoor,137,1950,64,True,64,64,True,True,False
colacan01_indoor,137,1950,128,True,128,107,True,True,False
colacan01_indoor,137,2000,32,True,32,31,True,True,False
colacan01_indoor,137,2000,64,True,64,56,True,True,False
colacan01_indoor,137,2000,128,True,128,63,True,True,False
colacan01_indoor,137,2050,32,True,32,11,True,True,False
colacan01_indoor,137,2050,64,True,64,12,True,True,False
colacan01_indoor,137,2050,128,True,128,35,True,True,False
colacan01_indoor,137,2100,32,True,32,6,True,True,False
colacan01_indoor,137,2100,64,True,64,17,True,True,False
colacan01_indoor,137,2100,128,True,128,34,True,True,False
colacan01_indoor,137,2150,32,False,32,15,False,True,True
colacan01_indoor,137,2150,64,False,64,26,False,True,True
colacan01_indoor,137,2150,128,False,128,51,False,True,True
colacan01_indoor,137,2200,32,False,32,3,False,True,True
colacan01_indoor,137,2200,64,False,64,19,False,True,True
colacan01_indoor,137,2200,128,False,128,57,False,True,True
colacan01_indoor,137,2250,32,True,32,27,True,True,False
colacan01_indoor,137,2250,64,True,64,51,True,True,False
colacan01_indoor,137,2250,128,True,128,78,True,True,False
colacan01_indoor,137,2300,32,False,32,13,False,True,True
colacan01_indoor,137,2300,64,False,64,23,False,True,True
colacan01_indoor,137,2300,128,False,128,87,False,True,True
colacan01_indoor,137,2350,32,False,32,27,False,True,True
colacan01_indoor,137,2350,64,False,64,59,False,True,True
colacan01_indoor,137,2350,128,False,128,123,False,True,True
colacan01_indoor,137,2400,32,True,32,32,True,True,False
colacan01_indoor,137,2400,64,True,64,64,True,True,False
colacan01_indoor,137,2400,128,True,128,128,True,True,False
colacan01_indoor,137,2450,32,True,32,32,True,True,False
colacan01_indoor,137,2450,64,True,64,64,True,True,False
colacan01_indoor,137,2450,128,True,128,128,True,True,False
colacan01_indoor,137,2500,32,True,32,32,True,True,False
colacan01_indoor,137,2500,64,True,64,64,True,True,False
colacan01_indoor,137,2500,128,True,128,128,True,True,False
colacan01_indoor,137,2550,32,True,32,32,True,True,False
colacan01_indoor,137,2550,64,True,64,64,True,True,False
colacan01_indoor,137,2550,128,True,128,128,True,True,False
colacan01_indoor,137,2600,32,True,32,32,True,True,False
colacan01_indoor,137,2600,64,True,64,64,True,True,False
colacan01_indoor,137,2600,128,True,128,128,True,True,False
colacan01_indoor,137,2650,32,True,32,32,True,True,False
colacan01_indoor,137,2650,64,True,64,64,True,True,False
colacan01_indoor,137,2650,128,True,128,128,True,True,False
colacan01_indoor,137,2700,32,True,32,32,True,True,False
colacan01_indoor,137,2700,64,True,64,64,True,True,False
colacan01_indoor,137,2700,128,True,128,128,True,True,False
colacan01_indoor,137,2750,32,True,32,32,True,True,False
colacan01_indoor,137,2750,64,True,64,64,True,True,False
colacan01_indoor,137,2750,128,True,128,128,True,True,False
colacan01_indoor,137,2800,32,True,32,32,True,True,False
colacan01_indoor,137,2800,64,True,64,64,True,True,False
colacan01_indoor,137,2800,128,True,128,128,True,True,False
colacan01_indoor,137,2850,32,True,32,32,True,True,False
colacan01_indoor,137,2850,64,True,64,64,True,True,False
colacan01_indoor,137,2850,128,True,128,128,True,True,False
colacan01_indoor,137,2900,32,True,32,32,True,True,False
colacan01_indoor,137,2900,64,True,64,64,True,True,False
colacan01_indoor,137,2900,128,True,128,128,True,True,False
colacan01_indoor,137,2950,32,True,32,32,True,True,False
colacan01_indoor,137,2950,64,True,64,64,True,True,False
colacan01_indoor,137,2950,128,True,105,105,True,True,False
colacan01_indoor,137,3000,32,True,32,32,True,True,False
colacan01_indoor,137,3000,64,True,55,55,True,True,False
colacan01_indoor,137,3000,128,True,55,55,True,True,False
colacan01_indoor,137,3050,32,True,5,5,True,True,False
colacan01_indoor,137,3050,64,True,5,5,True,True,False
colacan01_indoor,137,3050,128,True,5,5,True,True,False
colacan04_indoor,138,50,32,True,32,32,True,True,False
colacan04_indoor,138,50,64,True,64,50,True,True,False
colacan04_indoor,138,50,128,True,128,80,True,True,False
colacan04_indoor,138,100,32,True,32,6,True,True,False
colacan04_indoor,138,100,64,True,64,30,True,True,False
colacan04_indoor,138,100,128,True,128,63,True,True,False
colacan04_indoor,138,150,32,True,32,8,True,True,False
colacan04_indoor,138,150,64,True,64,39,True,True,False
colacan04_indoor,138,150,128,True,128,85,True,True,False
colacan04_indoor,138,200,32,True,32,14,True,True,False
colacan04_indoor,138,200,64,True,64,46,True,True,False
colacan04_indoor,138,200,128,True,128,62,True,True,False
colacan04_indoor,138,250,32,True,32,27,True,True,False
colacan04_indoor,138,250,64,True,64,30,True,True,False
colacan04_indoor,138,250,128,True,128,66,True,True,False
colacan04_indoor,138,300,32,False,32,3,False,True,True
colacan04_indoor,138,300,64,False,64,25,False,True,True
colacan04_indoor,138,300,128,False,128,66,False,True,True
colacan04_indoor,138,350,32,True,32,32,True,True,False
colacan04_indoor,138,350,64,True,64,41,True,True,False
colacan04_indoor,138,350,128,True,128,82,True,True,False
colacan04_indoor,138,400,32,False,32,24,False,True,True
colacan04_indoor,138,400,64,False,64,33,False,True,True
colacan04_indoor,138,400,128,False,128,83,False,True,True
colacan04_indoor,138,450,32,False,32,23,False,True,True
colacan04_indoor,138,450,64,False,64,55,False,True,True
colacan04_indoor,138,450,128,False,128,91,False,True,True
colacan04_indoor,138,500,32,True,32,14,True,True,False
colacan04_indoor,138,500,64,True,64,36,True,True,False
colacan04_indoor,138,500,128,True,128,73,True,True,False
colacan04_indoor,138,550,32,True,32,32,True,True,False
colacan04_indoor,138,550,64,True,64,37,True,True,False
colacan04_indoor,138,550,128,True,128,61,True,True,False
colacan04_indoor,138,600,32,False,32,23,False,True,True
colacan04_indoor,138,600,64,False,64,29,False,True,True
colacan04_indoor,138,600,128,False,128,61,False,True,True
colacan04_indoor,138,650,32,False,32,0,False,False,False
colacan04_indoor,138,650,64,False,64,19,False,True,True
colacan04_indoor,138,650,128,False,128,54,False,True,True
colacan04_indoor,138,700,32,True,32,27,True,True,False
colacan04_indoor,138,700,64,True,64,35,True,True,False
colacan04_indoor,138,700,128,True,128,75,True,True,False
colacan04_indoor,138,750,32,False,32,26,False,True,True
colacan04_indoor,138,750,64,False,64,34,False,True,True
colacan04_indoor,138,750,128,False,128,77,False,True,True
colacan04_indoor,138,800,32,False,32,26,False,True,True
colacan04_indoor,138,800,64,False,64,37,False,True,True
colacan04_indoor,138,800,128,False,128,77,False,True,True
colacan04_indoor,138,850,32,False,32,27,False,True,True
colacan04_indoor,138,850,64,False,64,36,False,True,True
colacan04_indoor,138,850,128,False,128,75,False,True,True
colacan04_indoor,138,900,32,False,32,23,False,True,True
colacan04_indoor,138,900,64,False,64,34,False,True,True
colacan04_indoor,138,900,128,False,100,48,False,True,True
colacan04_indoor,138,950,32,False,32,25,False,True,True
colacan04_indoor,138,950,64,False,50,25,False,True,True
colacan04_indoor,138,950,128,False,50,25,False,True,True
colacan04_indoor,138,1000,32,False,0,0,False,False,False
colacan04_indoor,138,1000,64,False,0,0,False,False,False
colacan04_indoor,138,1000,128,False,0,0,False,False,False
container01_indoor,139,50,32,True,32,32,True,True,False
container01_indoor,139,50,64,True,64,64,True,True,False
container01_indoor,139,50,128,True,128,128,True,True,False
container01_indoor,139,100,32,True,32,32,True,True,False
container01_indoor,139,100,64,True,64,64,True,True,False
container01_indoor,139,100,128,True,128,128,True,True,False
container01_indoor,139,150,32,True,32,32,True,True,False
container01_indoor,139,150,64,True,64,64,True,True,False
container01_indoor,139,150,128,True,128,128,True,True,False
container01_indoor,139,200,32,True,32,32,True,True,False
container01_indoor,139,200,64,True,64,64,True,True,False
container01_indoor,139,200,128,True,128,128,True,True,False
container01_indoor,139,250,32,True,32,32,True,True,False
container01_indoor,139,250,64,True,64,64,True,True,False
container01_indoor,139,250,128,True,128,128,True,True,False
container01_indoor,139,300,32,True,32,32,True,True,False
container01_indoor,139,300,64,True,64,64,True,True,False
container01_indoor,139,300,128,True,128,125,True,True,False
container01_indoor,139,350,32,True,32,32,True,True,False
container01_indoor,139,350,64,True,64,64,True,True,False
container01_indoor,139,350,128,True,128,75,True,True,False
container01_indoor,139,400,32,True,32,25,True,True,False
container01_indoor,139,400,64,True,64,25,True,True,False
container01_indoor,139,400,128,True,128,31,True,True,False
container01_indoor,139,450,32,False,32,0,False,False,False
container01_indoor,139,450,64,False,64,0,False,False,False
container01_indoor,139,450,128,False,128,56,False,True,True
container01_indoor,139,500,32,False,32,10,False,True,True
container01_indoor,139,500,64,False,64,42,False,True,True
container01_indoor,139,500,128,False,128,88,False,True,True
container01_indoor,139,550,32,True,32,32,True,True,False
container01_indoor,139,550,64,True,64,59,True,True,False
container01_indoor,139,550,128,True,128,97,True,True,False
container01_indoor,139,600,32,True,32,10,True,True,False
container01_indoor,139,600,64,True,64,33,True,True,False
container01_indoor,139,600,128,True,128,97,True,True,False
container01_indoor,139,650,32,True,32,32,True,True,False
container01_indoor,139,650,64,True,64,64,True,True,False
container01_indoor,139,650,128,True,110,99,True,True,False
container01_indoor,139,700,32,True,32,32,True,True,False
container01_indoor,139,700,64,True,60,49,True,True,False
container01_indoor,139,700,128,True,60,49,True,True,False
container01_indoor,139,750,32,False,10,0,False,False,False
container01_indoor,139,750,64,False,10,0,False,False,False
container01_indoor,139,750,128,False,10,0,False,False,False
cup08_indoor,140,50,32,True,32,32,True,True,False
cup08_indoor,140,50,64,True,64,64,True,True,False
cup08_indoor,140,50,128,True,128,128,True,True,False
cup08_indoor,140,100,32,True,32,32,True,True,False
cup08_indoor,140,100,64,True,64,64,True,True,False
cup08_indoor,140,100,128,True,128,128,True,True,False
cup08_indoor,140,150,32,True,32,32,True,True,False
cup08_indoor,140,150,64,True,64,64,True,True,False
cup08_indoor,140,150,128,True,128,118,True,True,False
cup08_indoor,140,200,32,True,32,32,True,True,False
cup08_indoor,140,200,64,True,64,64,True,True,False
cup08_indoor,140,200,128,True,128,68,True,True,False
cup08_indoor,140,250,32,True,32,18,True,True,False
cup08_indoor,140,250,64,True,64,18,True,True,False
cup08_indoor,140,250,128,True,128,52,True,True,False
cup08_indoor,140,300,32,False,32,0,False,False,False
cup08_indoor,140,300,64,False,64,20,False,True,True
cup08_indoor,140,300,128,False,128,84,False,True,True
cup08_indoor,140,350,32,True,32,32,True,True,False
cup08_indoor,140,350,64,True,64,64,True,True,False
cup08_indoor,140,350,128,True,128,128,True,True,False
cup08_indoor,140,400,32,True,32,32,True,True,False
cup08_indoor,140,400,64,True,64,64,True,True,False
cup08_indoor,140,400,128,True,128,114,True,True,False
cup08_indoor,140,450,32,True,32,32,True,True,False
cup08_indoor,140,450,64,True,64,64,True,True,False
cup08_indoor,140,450,128,True,128,102,True,True,False
cup08_indoor,140,500,32,True,32,14,True,True,False
cup08_indoor,140,500,64,True,64,38,True,True,False
cup08_indoor,140,500,128,True,128,102,True,True,False
cup08_indoor,140,550,32,True,32,32,True,True,False
cup08_indoor,140,550,64,True,64,64,True,True,False
cup08_indoor,140,550,128,True,128,128,True,True,False
cup08_indoor,140,600,32,True,32,32,True,True,False
cup08_indoor,140,600,64,True,64,64,True,True,False
cup08_indoor,140,600,128,True,128,121,True,True,False
cup08_indoor,140,650,32,True,32,32,True,True,False
cup08_indoor,140,650,64,True,64,64,True,True,False
cup08_indoor,140,650,128,True,128,101,True,True,False
cup08_indoor,140,700,32,True,32,21,True,True,False
cup08_indoor,140,700,64,True,64,37,True,True,False
cup08_indoor,140,700,128,True,128,101,True,True,False
cup08_indoor,140,750,32,True,32,32,True,True,False
cup08_indoor,140,750,64,True,64,64,True,True,False
cup08_indoor,140,750,128,True,128,128,True,True,False
cup08_indoor,140,800,32,True,32,32,True,True,False
cup08_indoor,140,800,64,True,64,64,True,True,False
cup08_indoor,140,800,128,True,128,128,True,True,False
cup08_indoor,140,850,32,True,32,32,True,True,False
cup08_indoor,140,850,64,True,64,64,True,True,False
cup08_indoor,140,850,128,True,128,128,True,True,False
cup08_indoor,140,900,32,True,32,32,True,True,False
cup08_indoor,140,900,64,True,64,64,True,True,False
cup08_indoor,140,900,128,True,128,128,True,True,False
cup08_indoor,140,950,32,True,32,32,True,True,False
cup08_indoor,140,950,64,True,64,64,True,True,False
cup08_indoor,140,950,128,True,128,128,True,True,False
cup08_indoor,140,1000,32,True,32,32,True,True,False
cup08_indoor,140,1000,64,True,64,64,True,True,False
cup08_indoor,140,1000,128,True,128,128,True,True,False
cup08_indoor,140,1050,32,True,32,32,True,True,False
cup08_indoor,140,1050,64,True,64,64,True,True,False
cup08_indoor,140,1050,128,True,128,128,True,True,False
cup08_indoor,140,1100,32,True,32,32,True,True,False
cup08_indoor,140,1100,64,True,64,64,True,True,False
cup08_indoor,140,1100,128,True,128,128,True,True,False
cup08_indoor,140,1150,32,True,32,32,True,True,False
cup08_indoor,140,1150,64,True,64,64,True,True,False
cup08_indoor,140,1150,128,True,128,128,True,True,False
cup08_indoor,140,1200,32,True,32,32,True,True,False
cup08_indoor,140,1200,64,True,64,64,True,True,False
cup08_indoor,140,1200,128,True,128,128,True,True,False
cup08_indoor,140,1250,32,True,32,32,True,True,False
cup08_indoor,140,1250,64,True,64,64,True,True,False
cup08_indoor,140,1250,128,True,128,128,True,True,False
cup08_indoor,140,1300,32,True,32,32,True,True,False
cup08_indoor,140,1300,64,True,64,64,True,True,False
cup08_indoor,140,1300,128,True,128,128,True,True,False
cup08_indoor,140,1350,32,True,32,32,True,True,False
cup08_indoor,140,1350,64,True,64,64,True,True,False
cup08_indoor,140,1350,128,True,100,100,True,True,False
cup08_indoor,140,1400,32,True,32,32,True,True,False
cup08_indoor,140,1400,64,True,50,50,True,True,False
cup08_indoor,140,1400,128,True,50,50,True,True,False
cup08_indoor,140,1450,32,True,0,0,False,False,False
cup08_indoor,140,1450,64,True,0,0,False,False,False
cup08_indoor,140,1450,128,True,0,0,False,False,False
cup10_indoor,141,50,32,True,32,32,True,True,False
cup10_indoor,141,50,64,True,64,64,True,True,False
cup10_indoor,141,50,128,True,128,128,True,True,False
cup10_indoor,141,100,32,True,32,32,True,True,False
cup10_indoor,141,100,64,True,64,64,True,True,False
cup10_indoor,141,100,128,True,128,125,True,True,False
cup10_indoor,141,150,32,True,32,32,True,True,False
cup10_indoor,141,150,64,True,64,64,True,True,False
cup10_indoor,141,150,128,True,128,125,True,True,False
cup10_indoor,141,200,32,True,32,29,True,True,False
cup10_indoor,141,200,64,True,64,61,True,True,False
cup10_indoor,141,200,128,True,128,125,True,True,False
cup10_indoor,141,250,32,True,32,32,True,True,False
cup10_indoor,141,250,64,True,64,64,True,True,False
cup10_indoor,141,250,128,True,128,128,True,True,False
cup10_indoor,141,300,32,True,32,32,True,True,False
cup10_indoor,141,300,64,True,64,64,True,True,False
cup10_indoor,141,300,128,True,128,128,True,True,False
cup10_indoor,141,350,32,True,32,32,True,True,False
cup10_indoor,141,350,64,True,64,64,True,True,False
cup10_indoor,141,350,128,True,128,128,True,True,False
cup10_indoor,141,400,32,True,32,32,True,True,False
cup10_indoor,141,400,64,True,64,64,True,True,False
cup10_indoor,141,400,128,True,128,128,True,True,False
cup10_indoor,141,450,32,True,32,32,True,True,False
cup10_indoor,141,450,64,True,64,64,True,True,False
cup10_indoor,141,450,128,True,128,128,True,True,False
cup10_indoor,141,500,32,True,32,32,True,True,False
cup10_indoor,141,500,64,True,64,64,True,True,False
cup10_indoor,141,500,128,True,128,128,True,True,False
cup10_indoor,141,550,32,True,32,32,True,True,False
cup10_indoor,141,550,64,True,64,64,True,True,False
cup10_indoor,141,550,128,True,128,128,True,True,False
cup10_indoor,141,600,32,True,32,32,True,True,False
cup10_indoor,141,600,64,True,64,64,True,True,False
cup10_indoor,141,600,128,True,128,128,True,True,False
cup10_indoor,141,650,32,True,32,32,True,True,False
cup10_indoor,141,650,64,True,64,64,True,True,False
cup10_indoor,141,650,128,True,128,128,True,True,False
cup10_indoor,141,700,32,True,32,32,True,True,False
cup10_indoor,141,700,64,True,64,64,True,True,False
cup10_indoor,141,700,128,True,128,128,True,True,False
cup10_indoor,141,750,32,True,32,32,True,True,False
cup10_indoor,141,750,64,True,64,64,True,True,False
cup10_indoor,141,750,128,True,128,128,True,True,False
cup10_indoor,141,800,32,True,32,32,True,True,False
cup10_indoor,141,800,64,True,64,64,True,True,False
cup10_indoor,141,800,128,True,128,128,True,True,False
cup10_indoor,141,850,32,True,32,32,True,True,False
cup10_indoor,141,850,64,True,64,64,True,True,False
cup10_indoor,141,850,128,True,128,128,True,True,False
cup10_indoor,141,900,32,True,32,32,True,True,False
cup10_indoor,141,900,64,True,64,64,True,True,False
cup10_indoor,141,900,128,True,128,128,True,True,False
cup10_indoor,141,950,32,True,32,32,True,True,False
cup10_indoor,141,950,64,True,64,64,True,True,False
cup10_indoor,141,950,128,True,128,128,True,True,False
cup10_indoor,141,1000,32,True,32,32,True,True,False
cup10_indoor,141,1000,64,True,64,64,True,True,False
cup10_indoor,141,1000,128,True,128,123,True,True,False
cup10_indoor,141,1050,32,True,32,32,True,True,False
cup10_indoor,141,1050,64,True,64,64,True,True,False
cup10_indoor,141,1050,128,True,128,123,True,True,False
cup10_indoor,141,1100,32,True,32,27,True,True,False
cup10_indoor,141,1100,64,True,64,59,True,True,False
cup10_indoor,141,1100,128,True,128,123,True,True,False
cup10_indoor,141,1150,32,True,32,32,True,True,False
cup10_indoor,141,1150,64,True,64,64,True,True,False
cup10_indoor,141,1150,128,True,128,128,True,True,False
cup10_indoor,141,1200,32,True,32,32,True,True,False
cup10_indoor,141,1200,64,True,64,64,True,True,False
cup10_indoor,141,1200,128,True,128,128,True,True,False
cup10_indoor,141,1250,32,True,32,32,True,True,False
cup10_indoor,141,1250,64,True,64,64,True,True,False
cup10_indoor,141,1250,128,True,128,128,True,True,False
cup10_indoor,141,1300,32,True,32,32,True,True,False
cup10_indoor,141,1300,64,True,64,64,True,True,False
cup10_indoor,141,1300,128,True,128,128,True,True,False
cup10_indoor,141,1350,32,True,32,32,True,True,False
cup10_indoor,141,1350,64,True,64,64,True,True,False
cup10_indoor,141,1350,128,True,128,128,True,True,False
cup10_indoor,141,1400,32,True,32,32,True,True,False
cup10_indoor,141,1400,64,True,64,64,True,True,False
cup10_indoor,141,1400,128,True,128,128,True,True,False
cup10_indoor,141,1450,32,True,32,32,True,True,False
cup10_indoor,141,1450,64,True,64,64,True,True,False
cup10_indoor,141,1450,128,True,128,128,True,True,False
cup10_indoor,141,1500,32,True,32,32,True,True,False
cup10_indoor,141,1500,64,True,64,64,True,True,False
cup10_indoor,141,1500,128,True,128,128,True,True,False
cup10_indoor,141,1550,32,True,32,32,True,True,False
cup10_indoor,141,1550,64,True,64,64,True,True,False
cup10_indoor,141,1550,128,True,128,128,True,True,False
cup10_indoor,141,1600,32,True,32,32,True,True,False
cup10_indoor,141,1600,64,True,64,64,True,True,False
cup10_indoor,141,1600,128,True,128,128,True,True,False
cup10_indoor,141,1650,32,True,32,32,True,True,False
cup10_indoor,141,1650,64,True,64,64,True,True,False
cup10_indoor,141,1650,128,True,128,127,True,True,False
cup10_indoor,141,1700,32,True,32,32,True,True,False
cup10_indoor,141,1700,64,True,64,64,True,True,False
cup10_indoor,141,1700,128,True,128,88,True,True,False
cup10_indoor,141,1750,32,True,32,27,True,True,False
cup10_indoor,141,1750,64,True,64,27,True,True,False
cup10_indoor,141,1750,128,True,128,88,True,True,False
cup10_indoor,141,1800,32,False,32,15,False,True,True
cup10_indoor,141,1800,64,False,64,47,False,True,True
cup10_indoor,141,1800,128,False,128,111,False,True,True
cup10_indoor,141,1850,32,True,32,32,True,True,False
cup10_indoor,141,1850,64,True,64,64,True,True,False
cup10_indoor,141,1850,128,True,128,128,True,True,False
cup10_indoor,141,1900,32,True,32,32,True,True,False
cup10_indoor,141,1900,64,True,64,64,True,True,False
cup10_indoor,141,1900,128,True,128,128,True,True,False
cup10_indoor,141,1950,32,True,32,32,True,True,False
cup10_indoor,141,1950,64,True,64,64,True,True,False
cup10_indoor,141,1950,128,True,128,128,True,True,False
cup10_indoor,141,2000,32,True,32,32,True,True,False
cup10_indoor,141,2000,64,True,64,64,True,True,False
cup10_indoor,141,2000,128,True,128,128,True,True,False
cup10_indoor,141,2050,32,True,32,32,True,True,False
cup10_indoor,141,2050,64,True,64,64,True,True,False
cup10_indoor,141,2050,128,True,128,128,True,True,False
cup10_indoor,141,2100,32,True,32,32,True,True,False
cup10_indoor,141,2100,64,True,64,64,True,True,False
cup10_indoor,141,2100,128,True,95,95,True,True,False
cup10_indoor,141,2150,32,True,32,32,True,True,False
cup10_indoor,141,2150,64,True,45,45,True,True,False
cup10_indoor,141,2150,128,True,45,45,True,True,False
cup13_indoor,142,50,32,True,32,32,True,True,False
cup13_indoor,142,50,64,True,64,64,True,True,False
cup13_indoor,142,50,128,True,128,128,True,True,False
cup13_indoor,142,100,32,True,32,32,True,True,False
cup13_indoor,142,100,64,True,64,64,True,True,False
cup13_indoor,142,100,128,True,128,128,True,True,False
cup13_indoor,142,150,32,True,32,32,True,True,False
cup13_indoor,142,150,64,True,64,64,True,True,False
cup13_indoor,142,150,128,True,128,128,True,True,False
cup13_indoor,142,200,32,True,32,32,True,True,False
cup13_indoor,142,200,64,True,64,64,True,True,False
cup13_indoor,142,200,128,True,128,128,True,True,False
cup13_indoor,142,250,32,True,32,32,True,True,False
cup13_indoor,142,250,64,True,64,64,True,True,False
cup13_indoor,142,250,128,True,128,128,True,True,False
cup13_indoor,142,300,32,True,32,32,True,True,False
cup13_indoor,142,300,64,True,64,64,True,True,False
cup13_indoor,142,300,128,True,128,127,True,True,False
cup13_indoor,142,350,32,True,32,32,True,True,False
cup13_indoor,142,350,64,True,64,63,True,True,False
cup13_indoor,142,350,128,True,128,125,True,True,False
cup13_indoor,142,400,32,True,32,31,True,True,False
cup13_indoor,142,400,64,True,64,62,True,True,False
cup13_indoor,142,400,128,True,128,124,True,True,False
cup13_indoor,142,450,32,True,32,31,True,True,False
cup13_indoor,142,450,64,True,64,62,True,True,False
cup13_indoor,142,450,128,True,128,126,True,True,False
cup13_indoor,142,500,32,True,32,31,True,True,False
cup13_indoor,142,500,64,True,64,63,True,True,False
cup13_indoor,142,500,128,True,128,127,True,True,False
cup13_indoor,142,550,32,True,32,32,True,True,False
cup13_indoor,142,550,64,True,64,64,True,True,False
cup13_indoor,142,550,128,True,128,128,True,True,False
cup13_indoor,142,600,32,True,32,32,True,True,False
cup13_indoor,142,600,64,True,64,64,True,True,False
cup13_indoor,142,600,128,True,128,100,True,True,False
cup13_indoor,142,650,32,True,32,32,True,True,False
cup13_indoor,142,650,64,True,64,47,True,True,False
cup13_indoor,142,650,128,True,128,89,True,True,False
cup13_indoor,142,700,32,False,32,7,False,True,True
cup13_indoor,142,700,64,False,64,39,False,True,True
cup13_indoor,142,700,128,False,128,80,False,True,True
cup13_indoor,142,750,32,True,32,17,True,True,False
cup13_indoor,142,750,64,True,64,41,True,True,False
cup13_indoor,142,750,128,True,128,105,True,True,False
cup13_indoor,142,800,32,True,32,32,True,True,False
cup13_indoor,142,800,64,True,64,64,True,True,False
cup13_indoor,142,800,128,True,128,128,True,True,False
cup13_indoor,142,850,32,True,32,32,True,True,False
cup13_indoor,142,850,64,True,64,64,True,True,False
cup13_indoor,142,850,128,True,128,128,True,True,False
cup13_indoor,142,900,32,True,32,32,True,True,False
cup13_indoor,142,900,64,True,64,64,True,True,False
cup13_indoor,142,900,128,True,128,103,True,True,False
cup13_indoor,142,950,32,True,32,32,True,True,False
cup13_indoor,142,950,64,True,64,53,True,True,False
cup13_indoor,142,950,128,True,128,101,True,True,False
cup13_indoor,142,1000,32,True,32,5,True,True,False
cup13_indoor,142,1000,64,True,64,37,True,True,False
cup13_indoor,142,1000,128,True,128,101,True,True,False
cup13_indoor,142,1050,32,True,32,32,True,True,False
cup13_indoor,142,1050,64,True,64,64,True,True,False
cup13_indoor,142,1050,128,True,128,126,True,True,False
cup13_indoor,142,1100,32,True,32,32,True,True,False
cup13_indoor,142,1100,64,True,64,62,True,True,False
cup13_indoor,142,1100,128,True,128,124,True,True,False
cup13_indoor,142,1150,32,True,32,30,True,True,False
cup13_indoor,142,1150,64,True,64,61,True,True,False
cup13_indoor,142,1150,128,True,128,125,True,True,False
cup13_indoor,142,1200,32,True,32,31,True,True,False
cup13_indoor,142,1200,64,True,64,63,True,True,False
cup13_indoor,142,1200,128,True,128,127,True,True,False
cup13_indoor,142,1250,32,True,32,32,True,True,False
cup13_indoor,142,1250,64,True,64,64,True,True,False
cup13_indoor,142,1250,128,True,128,128,True,True,False
cup13_indoor,142,1300,32,True,32,32,True,True,False
cup13_indoor,142,1300,64,True,64,64,True,True,False
cup13_indoor,142,1300,128,True,128,128,True,True,False
cup13_indoor,142,1350,32,True,32,32,True,True,False
cup13_indoor,142,1350,64,True,64,64,True,True,False
cup13_indoor,142,1350,128,True,128,128,True,True,False
cup13_indoor,142,1400,32,True,32,32,True,True,False
cup13_indoor,142,1400,64,True,64,64,True,True,False
cup13_indoor,142,1400,128,True,128,127,True,True,False
cup13_indoor,142,1450,32,True,32,32,True,True,False
cup13_indoor,142,1450,64,True,64,63,True,True,False
cup13_indoor,142,1450,128,True,128,127,True,True,False
cup13_indoor,142,1500,32,True,32,31,True,True,False
cup13_indoor,142,1500,64,True,64,63,True,True,False
cup13_indoor,142,1500,128,True,128,127,True,True,False
cup13_indoor,142,1550,32,True,32,32,True,True,False
cup13_indoor,142,1550,64,True,64,64,True,True,False
cup13_indoor,142,1550,128,True,128,128,True,True,False
cup13_indoor,142,1600,32,True,32,32,True,True,False
cup13_indoor,142,1600,64,True,64,64,True,True,False
cup13_indoor,142,1600,128,True,128,128,True,True,False
cup13_indoor,142,1650,32,True,32,32,True,True,False
cup13_indoor,142,1650,64,True,64,64,True,True,False
cup13_indoor,142,1650,128,True,111,95,True,True,False
cup13_indoor,142,1700,32,True,32,31,True,True,False
cup13_indoor,142,1700,64,True,61,45,True,True,False
cup13_indoor,142,1700,128,True,61,45,True,True,False
cup13_indoor,142,1750,32,True,11,11,True,True,False
cup13_indoor,142,1750,64,True,11,11,True,True,False
cup13_indoor,142,1750,128,True,11,11,True,True,False
egg_indoor,143,50,32,True,32,32,True,True,False
egg_indoor,143,50,64,True,64,40,True,True,False
egg_indoor,143,50,128,True,128,76,True,True,False
egg_indoor,143,100,32,False,32,2,False,True,True
egg_indoor,143,100,64,False,64,22,False,True,True
egg_indoor,143,100,128,False,128,86,False,True,True
egg_indoor,143,150,32,True,32,32,True,True,False
egg_indoor,143,150,64,True,64,64,True,True,False
egg_indoor,143,150,128,True,128,128,True,True,False
egg_indoor,143,200,32,True,32,32,True,True,False
egg_indoor,143,200,64,True,64,64,True,True,False
egg_indoor,143,200,128,True,128,128,True,True,False
egg_indoor,143,250,32,True,32,32,True,True,False
egg_indoor,143,250,64,True,64,64,True,True,False
egg_indoor,143,250,128,True,128,112,True,True,False
egg_indoor,143,300,32,True,32,32,True,True,False
egg_indoor,143,300,64,True,64,48,True,True,False
egg_indoor,143,300,128,True,128,110,True,True,False
egg_indoor,143,350,32,False,32,26,False,True,True
egg_indoor,143,350,64,False,64,56,False,True,True
egg_indoor,143,350,128,False,128,120,False,True,True
egg_indoor,143,400,32,True,32,32,True,True,False
egg_indoor,143,400,64,True,64,64,True,True,False
egg_indoor,143,400,128,True,128,128,True,True,False
egg_indoor,143,450,32,True,32,32,True,True,False
egg_indoor,143,450,64,True,64,64,True,True,False
egg_indoor,143,450,128,True,128,128,True,True,False
egg_indoor,143,500,32,True,32,32,True,True,False
egg_indoor,143,500,64,True,64,64,True,True,False
egg_indoor,143,500,128,True,128,128,True,True,False
egg_indoor,143,550,32,True,32,32,True,True,False
egg_indoor,143,550,64,True,64,64,True,True,False
egg_indoor,143,550,128,True,128,128,True,True,False
egg_indoor,143,600,32,True,32,32,True,True,False
egg_indoor,143,600,64,True,64,64,True,True,False
egg_indoor,143,600,128,True,128,128,True,True,False
egg_indoor,143,650,32,True,32,32,True,True,False
egg_indoor,143,650,64,True,64,64,True,True,False
egg_indoor,143,650,128,True,128,128,True,True,False
egg_indoor,143,700,32,True,32,32,True,True,False
egg_indoor,143,700,64,True,64,64,True,True,False
egg_indoor,143,700,128,True,128,128,True,True,False
egg_indoor,143,750,32,True,32,32,True,True,False
egg_indoor,143,750,64,True,64,64,True,True,False
egg_indoor,143,750,128,True,128,128,True,True,False
egg_indoor,143,800,32,True,32,32,True,True,False
egg_indoor,143,800,64,True,64,64,True,True,False
egg_indoor,143,800,128,True,128,128,True,True,False
egg_indoor,143,850,32,True,32,32,True,True,False
egg_indoor,143,850,64,True,64,64,True,True,False
egg_indoor,143,850,128,True,128,128,True,True,False
egg_indoor,143,900,32,True,32,32,True,True,False
egg_indoor,143,900,64,True,64,64,True,True,False
egg_indoor,143,900,128,True,128,128,True,True,False
egg_indoor,143,950,32,True,32,32,True,True,False
egg_indoor,143,950,64,True,64,64,True,True,False
egg_indoor,143,950,128,True,128,114,True,True,False
egg_indoor,143,1000,32,True,32,32,True,True,False
egg_indoor,143,1000,64,True,64,62,True,True,False
egg_indoor,143,1000,128,True,128,114,True,True,False
egg_indoor,143,1050,32,True,32,18,True,True,False
egg_indoor,143,1050,64,True,64,50,True,True,False
egg_indoor,143,1050,128,True,128,114,True,True,False
egg_indoor,143,1100,32,True,32,32,True,True,False
egg_indoor,143,1100,64,True,64,64,True,True,False
egg_indoor,143,1100,128,True,128,128,True,True,False
egg_indoor,143,1150,32,True,32,32,True,True,False
egg_indoor,143,1150,64,True,64,64,True,True,False
egg_indoor,143,1150,128,True,128,109,True,True,False
egg_indoor,143,1200,32,True,32,32,True,True,False
egg_indoor,143,1200,64,True,64,52,True,True,False
egg_indoor,143,1200,128,True,128,109,True,True,False
egg_indoor,143,1250,32,True,32,13,True,True,False
egg_indoor,143,1250,64,True,64,45,True,True,False
egg_indoor,143,1250,128,True,128,109,True,True,False
egg_indoor,143,1300,32,True,32,32,True,True,False
egg_indoor,143,1300,64,True,64,64,True,True,False
egg_indoor,143,1300,128,True,128,128,True,True,False
egg_indoor,143,1350,32,True,32,32,True,True,False
egg_indoor,143,1350,64,True,64,64,True,True,False
egg_indoor,143,1350,128,True,128,128,True,True,False
egg_indoor,143,1400,32,True,32,32,True,True,False
egg_indoor,143,1400,64,True,64,64,True,True,False
egg_indoor,143,1400,128,True,128,128,True,True,False
egg_indoor,143,1450,32,True,32,32,True,True,False
egg_indoor,143,1450,64,True,64,64,True,True,False
egg_indoor,143,1450,128,True,128,128,True,True,False
egg_indoor,143,1500,32,True,32,32,True,True,False
egg_indoor,143,1500,64,True,64,64,True,True,False
egg_indoor,143,1500,128,True,128,128,True,True,False
egg_indoor,143,1550,32,True,32,32,True,True,False
egg_indoor,143,1550,64,True,64,64,True,True,False
egg_indoor,143,1550,128,True,128,128,True,True,False
egg_indoor,143,1600,32,True,32,32,True,True,False
egg_indoor,143,1600,64,True,64,64,True,True,False
egg_indoor,143,1600,128,True,128,128,True,True,False
egg_indoor,143,1650,32,True,32,32,True,True,False
egg_indoor,143,1650,64,True,64,64,True,True,False
egg_indoor,143,1650,128,True,128,128,True,True,False
egg_indoor,143,1700,32,True,32,32,True,True,False
egg_indoor,143,1700,64,True,64,64,True,True,False
egg_indoor,143,1700,128,True,128,128,True,True,False
egg_indoor,143,1750,32,True,32,32,True,True,False
egg_indoor,143,1750,64,True,64,64,True,True,False
egg_indoor,143,1750,128,True,128,128,True,True,False
egg_indoor,143,1800,32,True,32,32,True,True,False
egg_indoor,143,1800,64,True,64,64,True,True,False
egg_indoor,143,1800,128,True,128,128,True,True,False
egg_indoor,143,1850,32,True,32,32,True,True,False
egg_indoor,143,1850,64,True,64,64,True,True,False
egg_indoor,143,1850,128,True,128,128,True,True,False
egg_indoor,143,1900,32,True,32,32,True,True,False
egg_indoor,143,1900,64,True,64,64,True,True,False
egg_indoor,143,1900,128,True,128,128,True,True,False
egg_indoor,143,1950,32,True,32,32,True,True,False
egg_indoor,143,1950,64,True,64,64,True,True,False
egg_indoor,143,1950,128,True,128,128,True,True,False
egg_indoor,143,2000,32,True,32,32,True,True,False
egg_indoor,143,2000,64,True,64,64,True,True,False
egg_indoor,143,2000,128,True,128,128,True,True,False
egg_indoor,143,2050,32,True,32,32,True,True,False
egg_indoor,143,2050,64,True,64,64,True,True,False
egg_indoor,143,2050,128,True,128,128,True,True,False
egg_indoor,143,2100,32,True,32,32,True,True,False
egg_indoor,143,2100,64,True,64,64,True,True,False
egg_indoor,143,2100,128,True,128,128,True,True,False
egg_indoor,143,2150,32,True,32,32,True,True,False
egg_indoor,143,2150,64,True,64,64,True,True,False
egg_indoor,143,2150,128,True,128,128,True,True,False
egg_indoor,143,2200,32,True,32,32,True,True,False
egg_indoor,143,2200,64,True,64,64,True,True,False
egg_indoor,143,2200,128,True,128,128,True,True,False
egg_indoor,143,2250,32,True,32,32,True,True,False
egg_indoor,143,2250,64,True,64,64,True,True,False
egg_indoor,143,2250,128,True,128,128,True,True,False
egg_indoor,143,2300,32,True,32,32,True,True,False
egg_indoor,143,2300,64,True,64,64,True,True,False
egg_indoor,143,2300,128,True,128,128,True,True,False
egg_indoor,143,2350,32,True,32,32,True,True,False
egg_indoor,143,2350,64,True,64,64,True,True,False
egg_indoor,143,2350,128,True,128,128,True,True,False
egg_indoor,143,2400,32,True,32,32,True,True,False
egg_indoor,143,2400,64,True,64,64,True,True,False
egg_indoor,143,2400,128,True,128,128,True,True,False
egg_indoor,143,2450,32,True,32,32,True,True,False
egg_indoor,143,2450,64,True,64,64,True,True,False
egg_indoor,143,2450,128,True,128,128,True,True,False
egg_indoor,143,2500,32,True,32,32,True,True,False
egg_indoor,143,2500,64,True,64,64,True,True,False
egg_indoor,143,2500,128,True,128,127,True,True,False
egg_indoor,143,2550,32,True,32,32,True,True,False
egg_indoor,143,2550,64,True,64,64,True,True,False
egg_indoor,143,2550,128,True,128,127,True,True,False
egg_indoor,143,2600,32,True,32,31,True,True,False
egg_indoor,143,2600,64,True,64,63,True,True,False
egg_indoor,143,2600,128,True,128,127,True,True,False
egg_indoor,143,2650,32,True,32,32,True,True,False
egg_indoor,143,2650,64,True,64,64,True,True,False
egg_indoor,143,2650,128,True,128,128,True,True,False
egg_indoor,143,2700,32,True,32,32,True,True,False
egg_indoor,143,2700,64,True,64,64,True,True,False
egg_indoor,143,2700,128,True,128,128,True,True,False
egg_indoor,143,2750,32,True,32,32,True,True,False
egg_indoor,143,2750,64,True,64,64,True,True,False
egg_indoor,143,2750,128,True,128,128,True,True,False
egg_indoor,143,2800,32,True,32,32,True,True,False
egg_indoor,143,2800,64,True,64,64,True,True,False
egg_indoor,143,2800,128,True,128,114,True,True,False
egg_indoor,143,2850,32,True,32,32,True,True,False
egg_indoor,143,2850,64,True,64,50,True,True,False
egg_indoor,143,2850,128,True,128,114,True,True,False
egg_indoor,143,2900,32,False,32,29,False,True,True
egg_indoor,143,2900,64,False,64,61,False,True,True
egg_indoor,143,2900,128,False,128,125,False,True,True
egg_indoor,143,2950,32,True,32,32,True,True,False
egg_indoor,143,2950,64,True,64,64,True,True,False
egg_indoor,143,2950,128,True,128,128,True,True,False
egg_indoor,143,3000,32,True,32,32,True,True,False
egg_indoor,143,3000,64,True,64,64,True,True,False
egg_indoor,143,3000,128,True,128,128,True,True,False
egg_indoor,143,3050,32,True,32,32,True,True,False
egg_indoor,143,3050,64,True,64,64,True,True,False
egg_indoor,143,3050,128,True,128,128,True,True,False
egg_indoor,143,3100,32,True,32,32,True,True,False
egg_indoor,143,3100,64,True,64,64,True,True,False
egg_indoor,143,3100,128,True,128,128,True,True,False
egg_indoor,143,3150,32,True,32,32,True,True,False
egg_indoor,143,3150,64,True,64,64,True,True,False
egg_indoor,143,3150,128,True,128,128,True,True,False
egg_indoor,143,3200,32,True,32,32,True,True,False
egg_indoor,143,3200,64,True,64,64,True,True,False
egg_indoor,143,3200,128,True,128,128,True,True,False
egg_indoor,143,3250,32,True,32,32,True,True,False
egg_indoor,143,3250,64,True,64,64,True,True,False
egg_indoor,143,3250,128,True,128,128,True,True,False
egg_indoor,143,3300,32,True,32,32,True,True,False
egg_indoor,143,3300,64,True,64,64,True,True,False
egg_indoor,143,3300,128,True,128,128,True,True,False
egg_indoor,143,3350,32,True,32,32,True,True,False
egg_indoor,143,3350,64,True,64,64,True,True,False
egg_indoor,143,3350,128,True,128,128,True,True,False
egg_indoor,143,3400,32,True,32,32,True,True,False
egg_indoor,143,3400,64,True,64,64,True,True,False
egg_indoor,143,3400,128,True,128,128,True,True,False
egg_indoor,143,3450,32,True,32,32,True,True,False
egg_indoor,143,3450,64,True,64,64,True,True,False
egg_indoor,143,3450,128,True,101,101,True,True,False
egg_indoor,143,3500,32,True,32,32,True,True,False
egg_indoor,143,3500,64,True,51,51,True,True,False
egg_indoor,143,3500,128,True,51,51,True,True,False
egg_indoor,143,3550,32,True,1,1,True,True,False
egg_indoor,143,3550,64,True,1,1,True,True,False
egg_indoor,143,3550,128,True,1,1,True,True,False
flower02_wild,144,50,32,True,32,26,True,True,False
flower02_wild,144,50,64,True,64,56,True,True,False
flower02_wild,144,50,128,True,128,75,True,True,False
flower02_wild,144,100,32,True,32,12,True,True,False
flower02_wild,144,100,64,True,64,23,True,True,False
flower02_wild,144,100,128,True,128,35,True,True,False
flower02_wild,144,150,32,False,32,16,False,True,True
flower02_wild,144,150,64,False,64,20,False,True,True
flower02_wild,144,150,128,False,128,47,False,True,True
flower02_wild,144,200,32,True,32,1,True,True,False
flower02_wild,144,200,64,True,64,14,True,True,False
flower02_wild,144,200,128,True,128,78,True,True,False
flower02_wild,144,250,32,True,32,29,True,True,False
flower02_wild,144,250,64,True,64,61,True,True,False
flower02_wild,144,250,128,True,128,110,True,True,False
flower02_wild,144,300,32,True,32,32,True,True,False
flower02_wild,144,300,64,True,64,55,True,True,False
flower02_wild,144,300,128,True,128,103,True,True,False
flower02_wild,144,350,32,True,32,22,True,True,False
flower02_wild,144,350,64,True,64,48,True,True,False
flower02_wild,144,350,128,True,128,112,True,True,False
flower02_wild,144,400,32,True,32,27,True,True,False
flower02_wild,144,400,64,True,64,59,True,True,False
flower02_wild,144,400,128,True,128,114,True,True,False
flower02_wild,144,450,32,True,32,32,True,True,False
flower02_wild,144,450,64,True,64,64,True,True,False
flower02_wild,144,450,128,True,128,99,True,True,False
flower02_wild,144,500,32,True,32,19,True,True,False
flower02_wild,144,500,64,True,64,35,True,True,False
flower02_wild,144,500,128,True,128,94,True,True,False
flower02_wild,144,550,32,True,32,32,True,True,False
flower02_wild,144,550,64,True,64,64,True,True,False
flower02_wild,144,550,128,True,105,100,True,True,False
flower02_wild,144,600,32,True,32,27,True,True,False
flower02_wild,144,600,64,True,55,50,True,True,False
flower02_wild,144,600,128,True,55,50,True,True,False
flower02_wild,144,650,32,True,5,5,True,True,False
flower02_wild,144,650,64,True,5,5,True,True,False
flower02_wild,144,650,128,True,5,5,True,True,False
flower03_indoor,145,50,32,True,32,32,True,True,False
flower03_indoor,145,50,64,True,64,64,True,True,False
flower03_indoor,145,50,128,True,128,119,True,True,False
flower03_indoor,145,100,32,True,32,32,True,True,False
flower03_indoor,145,100,64,True,64,64,True,True,False
flower03_indoor,145,100,128,True,128,69,True,True,False
flower03_indoor,145,150,32,True,32,19,True,True,False
flower03_indoor,145,150,64,True,64,19,True,True,False
flower03_indoor,145,150,128,True,128,55,True,True,False
flower03_indoor,145,200,32,False,32,0,False,False,False
flower03_indoor,145,200,64,False,64,22,False,True,True
flower03_indoor,145,200,128,False,128,86,False,True,True
flower03_indoor,145,250,32,True,32,32,True,True,False
flower03_indoor,145,250,64,True,64,64,True,True,False
flower03_indoor,145,250,128,True,128,122,True,True,False
flower03_indoor,145,300,32,True,32,32,True,True,False
flower03_indoor,145,300,64,True,64,64,True,True,False
flower03_indoor,145,300,128,True,128,90,True,True,False
flower03_indoor,145,350,32,True,32,22,True,True,False
flower03_indoor,145,350,64,True,64,26,True,True,False
flower03_indoor,145,350,128,True,128,65,True,True,False
flower03_indoor,145,400,32,False,32,22,False,True,True
flower03_indoor,145,400,64,False,64,43,False,True,True
flower03_indoor,145,400,128,False,128,84,False,True,True
flower03_indoor,145,450,32,True,32,3,True,True,False
flower03_indoor,145,450,64,True,64,30,True,True,False
flower03_indoor,145,450,128,True,128,92,True,True,False
flower03_indoor,145,500,32,True,32,32,True,True,False
flower03_indoor,145,500,64,True,64,64,True,True,False
flower03_indoor,145,500,128,True,128,77,True,True,False
flower03_indoor,145,550,32,True,32,26,True,True,False
flower03_indoor,145,550,64,True,64,26,True,True,False
flower03_indoor,145,550,128,True,128,77,True,True,False
flower03_indoor,145,600,32,False,32,5,False,True,True
flower03_indoor,145,600,64,False,64,37,False,True,True
flower03_indoor,145,600,128,False,128,101,False,True,True
flower03_indoor,145,650,32,True,32,32,True,True,False
flower03_indoor,145,650,64,True,64,64,True,True,False
flower03_indoor,145,650,128,True,93,93,True,True,False
flower03_indoor,145,700,32,True,32,32,True,True,False
flower03_indoor,145,700,64,True,43,43,True,True,False
flower03_indoor,145,700,128,True,43,43,True,True,False
flowerbasket_indoor,146,50,32,True,32,30,True,True,False
flowerbasket_indoor,146,50,64,True,64,62,True,True,False
flowerbasket_indoor,146,50,128,True,128,126,True,True,False
flowerbasket_indoor,146,100,32,True,32,32,True,True,False
flowerbasket_indoor,146,100,64,True,64,64,True,True,False
flowerbasket_indoor,146,100,128,True,128,128,True,True,False
flowerbasket_indoor,146,150,32,True,32,32,True,True,False
flowerbasket_indoor,146,150,64,True,64,64,True,True,False
flowerbasket_indoor,146,150,128,True,128,110,True,True,False
flowerbasket_indoor,146,200,32,True,32,32,True,True,False
flowerbasket_indoor,146,200,64,True,64,51,True,True,False
flowerbasket_indoor,146,200,128,True,128,99,True,True,False
flowerbasket_indoor,146,250,32,True,32,14,True,True,False
flowerbasket_indoor,146,250,64,True,64,40,True,True,False
flowerbasket_indoor,146,250,128,True,128,54,True,True,False
flowerbasket_indoor,146,300,32,True,32,21,True,True,False
flowerbasket_indoor,146,300,64,True,64,22,True,True,False
flowerbasket_indoor,146,300,128,True,128,63,True,True,False
flowerbasket_indoor,146,350,32,False,32,0,False,False,False
flowerbasket_indoor,146,350,64,False,64,27,False,True,True
flowerbasket_indoor,146,350,128,False,128,91,False,True,True
flowerbasket_indoor,146,400,32,True,32,32,True,True,False
flowerbasket_indoor,146,400,64,True,64,64,True,True,False
flowerbasket_indoor,146,400,128,True,128,128,True,True,False
flowerbasket_indoor,146,450,32,True,32,32,True,True,False
flowerbasket_indoor,146,450,64,True,64,64,True,True,False
flowerbasket_indoor,146,450,128,True,128,128,True,True,False
flowerbasket_indoor,146,500,32,True,32,32,True,True,False
flowerbasket_indoor,146,500,64,True,64,64,True,True,False
flowerbasket_indoor,146,500,128,True,128,128,True,True,False
flowerbasket_indoor,146,550,32,True,32,32,True,True,False
flowerbasket_indoor,146,550,64,True,64,64,True,True,False
flowerbasket_indoor,146,550,128,True,128,128,True,True,False
flowerbasket_indoor,146,600,32,True,32,32,True,True,False
flowerbasket_indoor,146,600,64,True,64,64,True,True,False
flowerbasket_indoor,146,600,128,True,128,128,True,True,False
flowerbasket_indoor,146,650,32,True,32,32,True,True,False
flowerbasket_indoor,146,650,64,True,64,64,True,True,False
flowerbasket_indoor,146,650,128,True,128,128,True,True,False
flowerbasket_indoor,146,700,32,True,32,32,True,True,False
flowerbasket_indoor,146,700,64,True,64,64,True,True,False
flowerbasket_indoor,146,700,128,True,128,128,True,True,False
flowerbasket_indoor,146,750,32,True,32,32,True,True,False
flowerbasket_indoor,146,750,64,True,64,64,True,True,False
flowerbasket_indoor,146,750,128,True,128,90,True,True,False
flowerbasket_indoor,146,800,32,True,32,29,True,True,False
flowerbasket_indoor,146,800,64,True,64,40,True,True,False
flowerbasket_indoor,146,800,128,True,128,64,True,True,False
flowerbasket_indoor,146,850,32,True,32,5,True,True,False
flowerbasket_indoor,146,850,64,True,64,15,True,True,False
flowerbasket_indoor,146,850,128,True,128,79,True,True,False
flowerbasket_indoor,146,900,32,False,32,28,False,True,True
flowerbasket_indoor,146,900,64,False,64,60,False,True,True
flowerbasket_indoor,146,900,128,False,100,96,False,True,True
flowerbasket_indoor,146,950,32,True,32,32,True,True,False
flowerbasket_indoor,146,950,64,True,50,50,True,True,False
flowerbasket_indoor,146,950,128,True,50,50,True,True,False
flowerbasket_indoor,146,1000,32,True,0,0,False,False,False
flowerbasket_indoor,146,1000,64,True,0,0,False,False,False
flowerbasket_indoor,146,1000,128,True,0,0,False,False,False
ghostmask_indoor,147,50,32,True,32,32,True,True,False
ghostmask_indoor,147,50,64,True,64,64,True,True,False
ghostmask_indoor,147,50,128,True,128,128,True,True,False
ghostmask_indoor,147,100,32,True,32,32,True,True,False
ghostmask_indoor,147,100,64,True,64,64,True,True,False
ghostmask_indoor,147,100,128,True,128,128,True,True,False
ghostmask_indoor,147,150,32,True,32,32,True,True,False
ghostmask_indoor,147,150,64,True,64,64,True,True,False
ghostmask_indoor,147,150,128,True,128,83,True,True,False
ghostmask_indoor,147,200,32,True,32,32,True,True,False
ghostmask_indoor,147,200,64,True,64,33,True,True,False
ghostmask_indoor,147,200,128,True,128,80,True,True,False
ghostmask_indoor,147,250,32,False,32,1,False,True,True
ghostmask_indoor,147,250,64,False,64,33,False,True,True
ghostmask_indoor,147,250,128,False,128,97,False,True,True
ghostmask_indoor,147,300,32,True,32,32,True,True,False
ghostmask_indoor,147,300,64,True,64,64,True,True,False
ghostmask_indoor,147,300,128,True,128,128,True,True,False
ghostmask_indoor,147,350,32,True,32,32,True,True,False
ghostmask_indoor,147,350,64,True,64,64,True,True,False
ghostmask_indoor,147,350,128,True,128,128,True,True,False
ghostmask_indoor,147,400,32,True,32,32,True,True,False
ghostmask_indoor,147,400,64,True,64,64,True,True,False
ghostmask_indoor,147,400,128,True,128,128,True,True,False
ghostmask_indoor,147,450,32,True,32,32,True,True,False
ghostmask_indoor,147,450,64,True,64,64,True,True,False
ghostmask_indoor,147,450,128,True,128,128,True,True,False
ghostmask_indoor,147,500,32,True,32,32,True,True,False
ghostmask_indoor,147,500,64,True,64,64,True,True,False
ghostmask_indoor,147,500,128,True,128,128,True,True,False
ghostmask_indoor,147,550,32,True,32,32,True,True,False
ghostmask_indoor,147,550,64,True,64,64,True,True,False
ghostmask_indoor,147,550,128,True,128,128,True,True,False
ghostmask_indoor,147,600,32,True,32,32,True,True,False
ghostmask_indoor,147,600,64,True,64,64,True,True,False
ghostmask_indoor,147,600,128,True,128,111,True,True,False
ghostmask_indoor,147,650,32,True,32,32,True,True,False
ghostmask_indoor,147,650,64,True,64,53,True,True,False
ghostmask_indoor,147,650,128,True,128,111,True,True,False
ghostmask_indoor,147,700,32,True,32,15,True,True,False
ghostmask_indoor,147,700,64,True,64,47,True,True,False
ghostmask_indoor,147,700,128,True,128,66,True,True,False
ghostmask_indoor,147,750,32,True,32,32,True,True,False
ghostmask_indoor,147,750,64,True,64,33,True,True,False
ghostmask_indoor,147,750,128,True,128,65,True,True,False
ghostmask_indoor,147,800,32,False,32,0,False,False,False
ghostmask_indoor,147,800,64,False,64,18,False,True,True
ghostmask_indoor,147,800,128,False,128,82,False,True,True
ghostmask_indoor,147,850,32,True,32,32,True,True,False
ghostmask_indoor,147,850,64,True,64,64,True,True,False
ghostmask_indoor,147,850,128,True,128,124,True,True,False
ghostmask_indoor,147,900,32,True,32,32,True,True,False
ghostmask_indoor,147,900,64,True,64,64,True,True,False
ghostmask_indoor,147,900,128,True,128,118,True,True,False
ghostmask_indoor,147,950,32,True,32,25,True,True,False
ghostmask_indoor,147,950,64,True,64,56,True,True,False
ghostmask_indoor,147,950,128,True,128,118,True,True,False
ghostmask_indoor,147,1000,32,True,32,30,True,True,False
ghostmask_indoor,147,1000,64,True,64,62,True,True,False
ghostmask_indoor,147,1000,128,True,128,125,True,True,False
ghostmask_indoor,147,1050,32,True,32,32,True,True,False
ghostmask_indoor,147,1050,64,True,64,64,True,True,False
ghostmask_indoor,147,1050,128,True,114,113,True,True,False
ghostmask_indoor,147,1100,32,True,32,31,True,True,False
ghostmask_indoor,147,1100,64,True,64,63,True,True,False
ghostmask_indoor,147,1100,128,True,64,63,True,True,False
ghostmask_indoor,147,1150,32,True,14,14,True,True,False
ghostmask_indoor,147,1150,64,True,14,14,True,True,False
ghostmask_indoor,147,1150,128,True,14,14,True,True,False
glass03_indoor,148,50,32,True,32,32,True,True,False
glass03_indoor,148,50,64,True,64,52,True,True,False
glass03_indoor,148,50,128,True,128,102,True,True,False
glass03_indoor,148,100,32,True,32,6,True,True,False
glass03_indoor,148,100,64,True,64,38,True,True,False
glass03_indoor,148,100,128,True,128,79,True,True,False
glass03_indoor,148,150,32,True,32,32,True,True,False
glass03_indoor,148,150,64,True,64,43,True,True,False
glass03_indoor,148,150,128,True,128,105,True,True,False
glass03_indoor,148,200,32,False,32,16,False,True,True
glass03_indoor,148,200,64,False,64,48,False,True,True
glass03_indoor,148,200,128,False,128,92,False,True,True
glass03_indoor,148,250,32,True,32,32,True,True,False
glass03_indoor,148,250,64,True,64,44,True,True,False
glass03_indoor,148,250,128,True,128,108,True,True,False
glass03_indoor,148,300,32,False,32,20,False,True,True
glass03_indoor,148,300,64,False,64,52,False,True,True
glass03_indoor,148,300,128,False,128,116,False,True,True
glass03_indoor,148,350,32,True,32,32,True,True,False
glass03_indoor,148,350,64,True,64,64,True,True,False
glass03_indoor,148,350,128,True,128,114,True,True,False
glass03_indoor,148,400,32,True,32,31,True,True,False
glass03_indoor,148,400,64,True,64,50,True,True,False
glass03_indoor,148,400,128,True,128,114,True,True,False
glass03_indoor,148,450,32,True,32,32,True,True,False
glass03_indoor,148,450,64,True,64,64,True,True,False
glass03_indoor,148,450,128,True,128,128,True,True,False
glass03_indoor,148,500,32,True,32,32,True,True,False
glass03_indoor,148,500,64,True,64,64,True,True,False
glass03_indoor,148,500,128,True,128,128,True,True,False
glass03_indoor,148,550,32,True,32,32,True,True,False
glass03_indoor,148,550,64,True,64,64,True,True,False
glass03_indoor,148,550,128,True,124,103,True,True,False
glass03_indoor,148,600,32,True,32,32,True,True,False
glass03_indoor,148,600,64,True,64,43,True,True,False
glass03_indoor,148,600,128,True,74,53,True,True,False
glass03_indoor,148,650,32,False,24,18,False,True,True
glass03_indoor,148,650,64,False,24,18,False,True,True
glass03_indoor,148,650,128,False,24,18,False,True,True
mobilephone01_indoor,149,50,32,True,32,32,True,True,False
mobilephone01_indoor,149,50,64,True,64,64,True,True,False
mobilephone01_indoor,149,50,128,True,128,128,True,True,False
mobilephone01_indoor,149,100,32,True,32,32,True,True,False
mobilephone01_indoor,149,100,64,True,64,64,True,True,False
mobilephone01_indoor,149,100,128,True,128,128,True,True,False
mobilephone01_indoor,149,150,32,True,32,32,True,True,False
mobilephone01_indoor,149,150,64,True,64,64,True,True,False
mobilephone01_indoor,149,150,128,True,128,128,True,True,False
mobilephone01_indoor,149,200,32,True,32,32,True,True,False
mobilephone01_indoor,149,200,64,True,64,64,True,True,False
mobilephone01_indoor,149,200,128,True,128,128,True,True,False
mobilephone01_indoor,149,250,32,True,32,32,True,True,False
mobilephone01_indoor,149,250,64,True,64,64,True,True,False
mobilephone01_indoor,149,250,128,True,128,128,True,True,False
mobilephone01_indoor,149,300,32,True,32,32,True,True,False
mobilephone01_indoor,149,300,64,True,64,64,True,True,False
mobilephone01_indoor,149,300,128,True,128,128,True,True,False
mobilephone01_indoor,149,350,32,True,32,32,True,True,False
mobilephone01_indoor,149,350,64,True,64,64,True,True,False
mobilephone01_indoor,149,350,128,True,128,128,True,True,False
mobilephone01_indoor,149,400,32,True,32,32,True,True,False
mobilephone01_indoor,149,400,64,True,64,64,True,True,False
mobilephone01_indoor,149,400,128,True,128,120,True,True,False
mobilephone01_indoor,149,450,32,True,32,32,True,True,False
mobilephone01_indoor,149,450,64,True,64,61,True,True,False
mobilephone01_indoor,149,450,128,True,128,115,True,True,False
mobilephone01_indoor,149,500,32,True,32,21,True,True,False
mobilephone01_indoor,149,500,64,True,64,51,True,True,False
mobilephone01_indoor,149,500,128,True,128,115,True,True,False
mobilephone01_indoor,149,550,32,True,32,32,True,True,False
mobilephone01_indoor,149,550,64,True,64,64,True,True,False
mobilephone01_indoor,149,550,128,True,128,128,True,True,False
mobilephone01_indoor,149,600,32,True,32,32,True,True,False
mobilephone01_indoor,149,600,64,True,64,64,True,True,False
mobilephone01_indoor,149,600,128,True,128,122,True,True,False
mobilephone01_indoor,149,650,32,True,32,32,True,True,False
mobilephone01_indoor,149,650,64,True,64,64,True,True,False
mobilephone01_indoor,149,650,128,True,128,79,True,True,False
mobilephone01_indoor,149,700,32,True,32,26,True,True,False
mobilephone01_indoor,149,700,64,True,64,29,True,True,False
mobilephone01_indoor,149,700,128,True,128,71,True,True,False
mobilephone01_indoor,149,750,32,False,32,0,False,False,False
mobilephone01_indoor,149,750,64,False,64,28,False,True,True
mobilephone01_indoor,149,750,128,False,128,67,False,True,True
mobilephone01_indoor,149,800,32,True,32,32,True,True,False
mobilephone01_indoor,149,800,64,True,64,53,True,True,False
mobilephone01_indoor,149,800,128,True,128,97,True,True,False
mobilephone01_indoor,149,850,32,True,32,3,True,True,False
mobilephone01_indoor,149,850,64,True,64,33,True,True,False
mobilephone01_indoor,149,850,128,True,128,78,True,True,False
mobilephone01_indoor,149,900,32,True,32,32,True,True,False
mobilephone01_indoor,149,900,64,True,64,47,True,True,False
mobilephone01_indoor,149,900,128,True,128,86,True,True,False
mobilephone01_indoor,149,950,32,False,32,16,False,True,True
mobilephone01_indoor,149,950,64,False,64,39,False,True,True
mobilephone01_indoor,149,950,128,False,128,85,False,True,True
mobilephone01_indoor,149,1000,32,True,32,5,True,True,False
mobilephone01_indoor,149,1000,64,True,64,37,True,True,False
mobilephone01_indoor,149,1000,128,True,128,76,True,True,False
mobilephone01_indoor,149,1050,32,True,32,32,True,True,False
mobilephone01_indoor,149,1050,64,True,64,46,True,True,False
mobilephone01_indoor,149,1050,128,True,128,103,True,True,False
mobilephone01_indoor,149,1100,32,False,32,11,False,True,True
mobilephone01_indoor,149,1100,64,False,64,43,False,True,True
mobilephone01_indoor,149,1100,128,False,128,107,False,True,True
mobilephone01_indoor,149,1150,32,True,32,32,True,True,False
mobilephone01_indoor,149,1150,64,True,64,64,True,True,False
mobilephone01_indoor,149,1150,128,True,128,128,True,True,False
mobilephone01_indoor,149,1200,32,True,32,32,True,True,False
mobilephone01_indoor,149,1200,64,True,64,64,True,True,False
mobilephone01_indoor,149,1200,128,True,128,124,True,True,False
mobilephone01_indoor,149,1250,32,True,32,32,True,True,False
mobilephone01_indoor,149,1250,64,True,64,64,True,True,False
mobilephone01_indoor,149,1250,128,True,128,103,True,True,False
mobilephone01_indoor,149,1300,32,True,32,28,True,True,False
mobilephone01_indoor,149,1300,64,True,64,41,True,True,False
mobilephone01_indoor,149,1300,128,True,117,89,True,True,False
mobilephone01_indoor,149,1350,32,False,32,22,False,True,True
mobilephone01_indoor,149,1350,64,False,64,53,False,True,True
mobilephone01_indoor,149,1350,128,False,67,56,False,True,True
mobilephone01_indoor,149,1400,32,True,17,17,True,True,False
mobilephone01_indoor,149,1400,64,True,17,17,True,True,False
mobilephone01_indoor,149,1400,128,True,17,17,True,True,False
mobilephone02_indoor,150,50,32,True,32,32,True,True,False
mobilephone02_indoor,150,50,64,True,64,64,True,True,False
mobilephone02_indoor,150,50,128,True,128,128,True,True,False
mobilephone02_indoor,150,100,32,True,32,32,True,True,False
mobilephone02_indoor,150,100,64,True,64,64,True,True,False
mobilephone02_indoor,150,100,128,True,128,128,True,True,False
mobilephone02_indoor,150,150,32,True,32,32,True,True,False
mobilephone02_indoor,150,150,64,True,64,64,True,True,False
mobilephone02_indoor,150,150,128,True,128,128,True,True,False
mobilephone02_indoor,150,200,32,True,32,32,True,True,False
mobilephone02_indoor,150,200,64,True,64,64,True,True,False
mobilephone02_indoor,150,200,128,True,128,128,True,True,False
mobilephone02_indoor,150,250,32,True,32,32,True,True,False
mobilephone02_indoor,150,250,64,True,64,64,True,True,False
mobilephone02_indoor,150,250,128,True,128,128,True,True,False
mobilephone02_indoor,150,300,32,True,32,32,True,True,False
mobilephone02_indoor,150,300,64,True,64,64,True,True,False
mobilephone02_indoor,150,300,128,True,128,105,True,True,False
mobilephone02_indoor,150,350,32,True,32,32,True,True,False
mobilephone02_indoor,150,350,64,True,64,55,True,True,False
mobilephone02_indoor,150,350,128,True,128,55,True,True,False
mobilephone02_indoor,150,400,32,True,32,5,True,True,False
mobilephone02_indoor,150,400,64,True,64,5,True,True,False
mobilephone02_indoor,150,400,128,True,128,38,True,True,False
mobilephone02_indoor,150,450,32,False,32,0,False,False,False
mobilephone02_indoor,150,450,64,False,64,19,False,True,True
mobilephone02_indoor,150,450,128,False,128,83,False,True,True
mobilephone02_indoor,150,500,32,True,32,32,True,True,False
mobilephone02_indoor,150,500,64,True,64,64,True,True,False
mobilephone02_indoor,150,500,128,True,128,128,True,True,False
mobilephone02_indoor,150,550,32,True,32,32,True,True,False
mobilephone02_indoor,150,550,64,True,64,64,True,True,False
mobilephone02_indoor,150,550,128,True,128,128,True,True,False
mobilephone02_indoor,150,600,32,True,32,32,True,True,False
mobilephone02_indoor,150,600,64,True,64,64,True,True,False
mobilephone02_indoor,150,600,128,True,100,100,True,True,False
mobilephone02_indoor,150,650,32,True,32,32,True,True,False
mobilephone02_indoor,150,650,64,True,50,50,True,True,False
mobilephone02_indoor,150,650,128,True,50,50,True,True,False
mobilephone02_indoor,150,700,32,True,0,0,False,False,False
mobilephone02_indoor,150,700,64,True,0,0,False,False,False
mobilephone02_indoor,150,700,128,True,0,0,False,False,False
notebook02_indoor,151,50,32,True,32,32,True,True,False
notebook02_indoor,151,50,64,True,64,64,True,True,False
notebook02_indoor,151,50,128,True,128,128,True,True,False
notebook02_indoor,151,100,32,True,32,32,True,True,False
notebook02_indoor,151,100,64,True,64,64,True,True,False
notebook02_indoor,151,100,128,True,128,128,True,True,False
notebook02_indoor,151,150,32,True,32,32,True,True,False
notebook02_indoor,151,150,64,True,64,64,True,True,False
notebook02_indoor,151,150,128,True,128,128,True,True,False
notebook02_indoor,151,200,32,True,32,32,True,True,False
notebook02_indoor,151,200,64,True,64,64,True,True,False
notebook02_indoor,151,200,128,True,128,128,True,True,False
notebook02_indoor,151,250,32,True,32,32,True,True,False
notebook02_indoor,151,250,64,True,64,64,True,True,False
notebook02_indoor,151,250,128,True,128,128,True,True,False
notebook02_indoor,151,300,32,True,32,32,True,True,False
notebook02_indoor,151,300,64,True,64,64,True,True,False
notebook02_indoor,151,300,128,True,128,128,True,True,False
notebook02_indoor,151,350,32,True,32,32,True,True,False
notebook02_indoor,151,350,64,True,64,64,True,True,False
notebook02_indoor,151,350,128,True,128,128,True,True,False
notebook02_indoor,151,400,32,True,32,32,True,True,False
notebook02_indoor,151,400,64,True,64,64,True,True,False
notebook02_indoor,151,400,128,True,128,128,True,True,False
notebook02_indoor,151,450,32,True,32,32,True,True,False
notebook02_indoor,151,450,64,True,64,64,True,True,False
notebook02_indoor,151,450,128,True,128,128,True,True,False
notebook02_indoor,151,500,32,True,32,32,True,True,False
notebook02_indoor,151,500,64,True,64,64,True,True,False
notebook02_indoor,151,500,128,True,128,128,True,True,False
notebook02_indoor,151,550,32,True,32,32,True,True,False
notebook02_indoor,151,550,64,True,64,64,True,True,False
notebook02_indoor,151,550,128,True,128,127,True,True,False
notebook02_indoor,151,600,32,True,32,32,True,True,False
notebook02_indoor,151,600,64,True,64,63,True,True,False
notebook02_indoor,151,600,128,True,128,127,True,True,False
notebook02_indoor,151,650,32,True,32,31,True,True,False
notebook02_indoor,151,650,64,True,64,63,True,True,False
notebook02_indoor,151,650,128,True,128,127,True,True,False
notebook02_indoor,151,700,32,True,32,32,True,True,False
notebook02_indoor,151,700,64,True,64,64,True,True,False
notebook02_indoor,151,700,128,True,128,96,True,True,False
notebook02_indoor,151,750,32,True,32,32,True,True,False
notebook02_indoor,151,750,64,True,64,40,True,True,False
notebook02_indoor,151,750,128,True,128,92,True,True,False
notebook02_indoor,151,800,32,False,32,6,False,True,True
notebook02_indoor,151,800,64,False,64,38,False,True,True
notebook02_indoor,151,800,128,False,128,102,False,True,True
notebook02_indoor,151,850,32,True,32,32,True,True,False
notebook02_indoor,151,850,64,True,64,64,True,True,False
notebook02_indoor,151,850,128,True,128,114,True,True,False
notebook02_indoor,151,900,32,True,32,32,True,True,False
notebook02_indoor,151,900,64,True,64,64,True,True,False
notebook02_indoor,151,900,128,True,128,114,True,True,False
notebook02_indoor,151,950,32,True,32,18,True,True,False
notebook02_indoor,151,950,64,True,64,50,True,True,False
notebook02_indoor,151,950,128,True,128,114,True,True,False
notebook02_indoor,151,1000,32,True,32,32,True,True,False
notebook02_indoor,151,1000,64,True,64,64,True,True,False
notebook02_indoor,151,1000,128,True,128,128,True,True,False
notebook02_indoor,151,1050,32,True,32,32,True,True,False
notebook02_indoor,151,1050,64,True,64,64,True,True,False
notebook02_indoor,151,1050,128,True,128,128,True,True,False
notebook02_indoor,151,1100,32,True,32,32,True,True,False
notebook02_indoor,151,1100,64,True,64,64,True,True,False
notebook02_indoor,151,1100,128,True,128,128,True,True,False
notebook02_indoor,151,1150,32,True,32,32,True,True,False
notebook02_indoor,151,1150,64,True,64,64,True,True,False
notebook02_indoor,151,1150,128,True,128,128,True,True,False
notebook02_indoor,151,1200,32,True,32,32,True,True,False
notebook02_indoor,151,1200,64,True,64,64,True,True,False
notebook02_indoor,151,1200,128,True,128,128,True,True,False
notebook02_indoor,151,1250,32,True,32,32,True,True,False
notebook02_indoor,151,1250,64,True,64,64,True,True,False
notebook02_indoor,151,1250,128,True,128,104,True,True,False
notebook02_indoor,151,1300,32,True,32,32,True,True,False
notebook02_indoor,151,1300,64,True,64,54,True,True,False
notebook02_indoor,151,1300,128,True,128,98,True,True,False
notebook02_indoor,151,1350,32,True,32,10,True,True,False
notebook02_indoor,151,1350,64,True,64,37,True,True,False
notebook02_indoor,151,1350,128,True,128,101,True,True,False
notebook02_indoor,151,1400,32,True,32,32,True,True,False
notebook02_indoor,151,1400,64,True,64,64,True,True,False
notebook02_indoor,151,1400,128,True,128,117,True,True,False
notebook02_indoor,151,1450,32,True,32,32,True,True,False
notebook02_indoor,151,1450,64,True,64,64,True,True,False
notebook02_indoor,151,1450,128,True,128,104,True,True,False
notebook02_indoor,151,1500,32,True,32,21,True,True,False
notebook02_indoor,151,1500,64,True,64,51,True,True,False
notebook02_indoor,151,1500,128,True,128,91,True,True,False
notebook02_indoor,151,1550,32,True,32,17,True,True,False
notebook02_indoor,151,1550,64,True,64,41,True,True,False
notebook02_indoor,151,1550,128,True,128,89,True,True,False
notebook02_indoor,151,1600,32,True,32,27,True,True,False
notebook02_indoor,151,1600,64,True,64,48,True,True,False
notebook02_indoor,151,1600,128,True,128,112,True,True,False
notebook02_indoor,151,1650,32,False,32,31,False,True,True
notebook02_indoor,151,1650,64,False,64,63,False,True,True
notebook02_indoor,151,1650,128,False,128,120,False,True,True
notebook02_indoor,151,1700,32,True,32,32,True,True,False
notebook02_indoor,151,1700,64,True,64,62,True,True,False
notebook02_indoor,151,1700,128,True,128,121,True,True,False
notebook02_indoor,151,1750,32,True,32,25,True,True,False
notebook02_indoor,151,1750,64,True,64,57,True,True,False
notebook02_indoor,151,1750,128,True,128,121,True,True,False
notebook02_indoor,151,1800,32,True,32,32,True,True,False
notebook02_indoor,151,1800,64,True,64,64,True,True,False
notebook02_indoor,151,1800,128,True,128,128,True,True,False
notebook02_indoor,151,1850,32,True,32,32,True,True,False
notebook02_indoor,151,1850,64,True,64,64,True,True,False
notebook02_indoor,151,1850,128,True,128,127,True,True,False
notebook02_indoor,151,1900,32,True,32,32,True,True,False
notebook02_indoor,151,1900,64,True,64,63,True,True,False
notebook02_indoor,151,1900,128,True,128,127,True,True,False
notebook02_indoor,151,1950,32,True,32,31,True,True,False
notebook02_indoor,151,1950,64,True,64,63,True,True,False
notebook02_indoor,151,1950,128,True,128,127,True,True,False
notebook02_indoor,151,2000,32,True,32,32,True,True,False
notebook02_indoor,151,2000,64,True,64,64,True,True,False
notebook02_indoor,151,2000,128,True,128,128,True,True,False
notebook02_indoor,151,2050,32,True,32,32,True,True,False
notebook02_indoor,151,2050,64,True,64,64,True,True,False
notebook02_indoor,151,2050,128,True,128,128,True,True,False
notebook02_indoor,151,2100,32,True,32,32,True,True,False
notebook02_indoor,151,2100,64,True,64,64,True,True,False
notebook02_indoor,151,2100,128,True,128,128,True,True,False
notebook02_indoor,151,2150,32,True,32,32,True,True,False
notebook02_indoor,151,2150,64,True,64,64,True,True,False
notebook02_indoor,151,2150,128,True,128,118,True,True,False
notebook02_indoor,151,2200,32,True,32,32,True,True,False
notebook02_indoor,151,2200,64,True,64,54,True,True,False
notebook02_indoor,151,2200,128,True,128,118,True,True,False
notebook02_indoor,151,2250,32,True,32,32,True,True,False
notebook02_indoor,151,2250,64,True,64,64,True,True,False
notebook02_indoor,151,2250,128,True,128,128,True,True,False
notebook02_indoor,151,2300,32,True,32,32,True,True,False
notebook02_indoor,151,2300,64,True,64,64,True,True,False
notebook02_indoor,151,2300,128,True,128,128,True,True,False
notebook02_indoor,151,2350,32,True,32,32,True,True,False
notebook02_indoor,151,2350,64,True,64,64,True,True,False
notebook02_indoor,151,2350,128,True,128,128,True,True,False
notebook02_indoor,151,2400,32,True,32,32,True,True,False
notebook02_indoor,151,2400,64,True,64,64,True,True,False
notebook02_indoor,151,2400,128,True,128,128,True,True,False
notebook02_indoor,151,2450,32,True,32,32,True,True,False
notebook02_indoor,151,2450,64,True,64,64,True,True,False
notebook02_indoor,151,2450,128,True,128,128,True,True,False
notebook02_indoor,151,2500,32,True,32,32,True,True,False
notebook02_indoor,151,2500,64,True,64,64,True,True,False
notebook02_indoor,151,2500,128,True,128,128,True,True,False
notebook02_indoor,151,2550,32,True,32,32,True,True,False
notebook02_indoor,151,2550,64,True,64,64,True,True,False
notebook02_indoor,151,2550,128,True,95,95,True,True,False
notebook02_indoor,151,2600,32,True,32,32,True,True,False
notebook02_indoor,151,2600,64,True,45,45,True,True,False
notebook02_indoor,151,2600,128,True,45,45,True,True,False
