record_type,audit_id,generated_category,generated_attributes,evidence_frames,reviewed_category_status,reviewed_category_or_coarse_label,supported_stable_attributes,conflicting_attributes,unobservable_attributes,same_class_competitor_visible,first_frame_category_observability,video_only_attributes,review_note,multiframe_review_note,reviewer,review_date,dataset,sequence,init_frame,init_frame_index,sequence_frames,initialization_board_path,train_target_crops_path,video_path,initialization_context_frames,model_image_reviewed,model_images_viewed,model_video_reviewed,model_video_reviewed_frames,human_reviewer,human_status,human_confirmed,human_category,human_attributes,human_notes,human_updated_at
initial,001,light fixture,white | rectangular | plastic,0 | 96 | 191 | 300 | 394 | 513 | 609 | 706 | 800,conflicting,power adapter / plug-in adapter,white | rectangular body | attached thin cable,light fixture：目标呈带插脚的转接器外形，不是可见灯具,plastic：图像不能确认外壳具体材质；功能/规格不明,yes,coarse_only,侧面厚度在后续转面中更明显；无可补入首帧的型号信息,红框是两件悬垂白色物体中较低的一件，放大区可见矩形本体、细线和下端短突起；不能将另一件物体或墙面光斑当目标。,实际看过九帧目标裁剪图target_crops/001.jpg，零基源帧[0 | 96 | 191 | 300 | 394 | 513 | 609 | 706 | 800]；初始化主图下方上下文零基[0 | 0 | 5 | 20]（含重复首帧）。后续转侧显出厚度和插脚样突出；强光与模糊帧不能判定文字或型号。另一悬垂白件构成同类混淆，裁剪来自Train GT，不作为连续身份自主确认。,GPT-6 Astra Pro,2026-10-06,depthtrack,adapter02_indoor,00000001,0,801,images/001.jpg,target_crops/001.jpg,videos/001.mp4,0 | 0 | 5 | 20,yes,images/001.jpg | target_crops/001.jpg,no,,,pending,false,,,,
initial,002,case,black case | leather texture,0 | 264 | 528 | 793 | 1057 | 1327 | 1628 | 1892 | 2176,supported,case / small zippered pouch,black | rounded rectangular outline | raised edge seam | loop strap,无明确冲突,leather texture：可见细纹与包边，不能确定是真皮或皮革材料,no,clear,后帧可见窄侧面和开合边缘；未确认具体用途或材料,红框主体是黑色小收纳包而非后方黑白猫；环带与边缘缝线可见。,实际看过九帧目标裁剪图target_crops/002.jpg，零基源帧[0 | 264 | 528 | 793 | 1057 | 1327 | 1628 | 1892 | 2176]；初始化主图下方上下文零基[0 | 0 | 5 | 20]（含重复首帧）。后帧包体转侧、边缘与环带反复出现，末帧仅剩狭窄局部；不能以猫毛或背景窗框作为包体属性。,GPT-6 Astra Pro,2026-10-06,depthtrack,bag03_indoor,00000001,0,2181,images/002.jpg,target_crops/002.jpg,videos/002.mp4,0 | 0 | 5 | 20,yes,images/002.jpg | target_crops/002.jpg,no,,,pending,false,,,,
initial,003,earphone,black | plastic | oval | two buttons,0 | 201 | 402 | 602 | 804 | 1003 | 1231 | 1468 | 1668,conflicting,black pouch / small case,black | rounded rectangular body | edge seam,earphone：红框是包状本体，而非可见耳机或耳塞结构,plastic | oval：材质不明，斜置/遮挡下完整轮廓有限；two buttons：未见足够清晰的两个按钮，保留不可确认,no,coarse_only,扁平包形及侧边结构在后续更清楚,红框圈住胸前黑色包体，持有人黑衣与包体低对比；下方玩偶挂件不是红框主体。,实际看过九帧目标裁剪图target_crops/003.jpg，零基源帧[0 | 201 | 402 | 602 | 804 | 1003 | 1231 | 1468 | 1668]；初始化主图下方上下文零基[0 | 0 | 5 | 20]（含重复首帧）。804、1231等后帧更清楚地显示扁平包体及包边；模糊帧不能判断按钮和内部物品。,GPT-6 Astra Pro,2026-10-06,depthtrack,bag04_indoor,00000001,0,1669,images/003.jpg,target_crops/003.jpg,videos/003.mp4,0 | 0 | 5 | 20,yes,images/003.jpg | target_crops/003.jpg,no,,,pending,false,,,,
initial,004,hand,red fabric | smooth skin,0 | 82 | 243 | 316 | 390 | 524 | 597 | 677 | 829,conflicting,red pouch / fabric-like object,dark red | tapered soft-looking outline | light printed patch,hand | smooth skin：目标主体是红色物件而非手部,red fabric：织物感可见但实际纤维材质不明；用途和印字不可读,uncertain,coarse_only,后续显示软质轮廓变化；细分类仍未确定,红框中为暗处红色、带浅色印记的物件；首帧低光和运动模糊，不能明确袋型。,实际看过九帧目标裁剪图target_crops/004.jpg，零基源帧[0 | 82 | 243 | 316 | 390 | 524 | 597 | 677 | 829]；初始化主图下方上下文零基[0 | 0 | 5 | 20]（含重复首帧）。后帧翻转中仍可见红色表面及浅色弧形印记；部分帧只见窄面，不能据此确定手套/包装袋等细分类。 补充视频：补充视频中红色软质物件随提持和摆动改变轮廓，部分抽帧只有窄面或暗影；浅色印记可见，仍不足以细分袋、布套或其他用途。,GPT-6 Astra Pro,2026-10-06,depthtrack,bag05_indoor,00000001,0,889,images/004.jpg,target_crops/004.jpg,videos/004.mp4,0 | 0 | 5 | 20,yes,images/004.jpg | target_crops/004.jpg,yes,MP4解码帧（零基）/视频秒：0@0.000s | 35@4.375s | 71@8.875s | 106@13.250s | 142@17.750s | 177@22.125s | 212@26.500s | 248@31.000s | 283@35.375s；9次抽样，非全片逐帧观看，不能当作原始源帧号,,pending,false,,,,
initial,005,billiard ball,black surface | number 8,0 | 273 | 490 | 732 | 955 | 1176 | 1391 | 1597 | 1825,uncertain,ball with an eight-ball pattern,black | round outline | white circular patch | visible numeral 8,无明确颜色/数字冲突,billiard ball：虽有8号球图案，但尺寸、材质和是否真正台球不能由首帧确认,no,clear,后帧显示与手掌的相对大小及背面黑色区域,红框是人物前方黑色圆球，白色圆标内的8可见；不能把人物衣着写入球属性。,实际看过九帧目标裁剪图target_crops/005.jpg，零基源帧[0 | 273 | 490 | 732 | 955 | 1176 | 1391 | 1597 | 1825]；初始化主图下方上下文零基[0 | 0 | 5 | 20]（含重复首帧）。后帧翻转使白色圆标时隐时现，手持时显示球体较大；不据此指定填充物或运动器材规格。 补充视频：补充抽帧显示人物用双手接持并抛接带8号球图案的大球；它相对手掌较大，不把8号图案直接等同标准台球器材，材料仍未知。,GPT-6 Astra Pro,2026-10-06,depthtrack,ball02_indoor,00000001,0,1829,images/005.jpg,target_crops/005.jpg,videos/005.mp4,0 | 0 | 5 | 20,yes,images/005.jpg | target_crops/005.jpg,yes,MP4解码帧（零基）/视频秒：0@0.000s | 73@9.125s | 146@18.250s | 219@27.375s | 292@36.500s | 365@45.625s | 438@54.750s | 511@63.875s | 584@73.000s；9次抽样，非全片逐帧观看，不能当作原始源帧号,,pending,false,,,,
initial,006,apple,yellow skin | smooth surface,0 | 107 | 213 | 320 | 472 | 605 | 735 | 869 | 1013,conflicting,tennis ball,yellow-green | round | curved seam | dark printed strokes,apple | yellow skin：目标有网球缝线/表面特征，不是可见水果果皮,smooth surface：细节分辨率不足以确认光滑，未见明确果柄,no,clear,后续可见更多黑色印记和球面方向变化,红框圈住手中的黄绿色小球，不是鞋或纸盒；放大区有弯曲缝线。,实际看过九帧目标裁剪图target_crops/006.jpg，零基源帧[0 | 107 | 213 | 320 | 472 | 605 | 735 | 869 | 1013]；初始化主图下方上下文零基[0 | 0 | 5 | 20]（含重复首帧）。107、213帧显示球面缝线与黑色印记更清楚，后帧遮挡/模糊；文字不可可靠辨认。,GPT-6 Astra Pro,2026-10-06,depthtrack,ball03_indoor,00000001,0,1024,images/006.jpg,target_crops/006.jpg,videos/006.mp4,0 | 0 | 5 | 20,yes,images/006.jpg | target_crops/006.jpg,no,,,pending,false,,,,
initial,007,ball,yellow | smooth surface,0 | 180 | 356 | 543 | 734 | 932 | 1127 | 1357 | 1554,supported,ball / tennis ball,yellow-green | round outline | faint curved seam,无明确冲突,smooth surface：首帧小且软焦，不能确认平滑材质,no,clear,后续近手视角更支持网球外观，但不回填未看清的印字,红框是两人之间的黄绿色球；局部轮廓足以支持ball，不将墙面光斑纳入。,实际看过九帧目标裁剪图target_crops/007.jpg，零基源帧[0 | 180 | 356 | 543 | 734 | 932 | 1127 | 1357 | 1554]；初始化主图下方上下文零基[0 | 0 | 5 | 20]（含重复首帧）。后帧有手部遮挡和运动拖影，球体圆形与黄绿色持续可见；细表面/印字不确定。,GPT-6 Astra Pro,2026-10-06,depthtrack,ball04_indoor,00000001,0,1555,images/007.jpg,target_crops/007.jpg,videos/007.mp4,0 | 0 | 5 | 20,yes,images/007.jpg | target_crops/007.jpg,no,,,pending,false,,,,
initial,008,ball,green | textured,0 | 71 | 142 | 217 | 292 | 391 | 474 | 551 | 645,supported,ball / tennis ball,yellow-green | round | dark printed markings | curved seam,无明确冲突,textured：首帧可见表面斑驳，不能确定纤维材料；印字不可靠,no,clear,无需要新增的稳定后帧属性；主要是姿态和模糊变化,红框是人物手中球体；颜色为黄绿而非纯正绿色，手指不属于球表面。,实际看过九帧目标裁剪图target_crops/008.jpg，零基源帧[0 | 71 | 142 | 217 | 292 | 391 | 474 | 551 | 645]；初始化主图下方上下文零基[0 | 0 | 5 | 20]（含重复首帧）。九帧中球体多次运动模糊和部分遮挡，71帧等仍见暗色印记；不确认品牌。,GPT-6 Astra Pro,2026-10-06,depthtrack,ball05_indoor,00000001,0,691,images/008.jpg,target_crops/008.jpg,videos/008.mp4,0 | 0 | 5 | 20,yes,images/008.jpg | target_crops/008.jpg,no,,,pending,false,,,,
initial,009,ball,black | textured,0 | 272 | 575 | 942 | 1305 | 1613 | 1885 | 2158 | 2518,supported,ball with an eight-ball pattern,black | round | white circular patch with numeral 8,无明确冲突,textured：细表面/填充材料不可确认；不能断言是真正台球,no,clear,后帧显示更多纯黑背面与手持遮挡关系,红框是人物胸前手持的黑色大球，白色8号圆标属于目标，人物白衣不属于目标。,实际看过九帧目标裁剪图target_crops/009.jpg，零基源帧[0 | 272 | 575 | 942 | 1305 | 1613 | 1885 | 2158 | 2518]；初始化主图下方上下文零基[0 | 0 | 5 | 20]（含重复首帧）。942和1613帧可见白色8号标，其他转面露出黑色面或被手/物品遮挡；球形可能随视角改变，不确认内部材料。,GPT-6 Astra Pro,2026-10-06,depthtrack,ball07_indoor,00000001,0,2519,images/009.jpg,target_crops/009.jpg,videos/009.mp4,0 | 0 | 5 | 20,yes,images/009.jpg | target_crops/009.jpg,no,,,pending,false,,,,
initial,010,basketball,brown | textured,0 | 217 | 432 | 649 | 870 | 1083 | 1318 | 1536 | 1750,supported,basketball,orange-brown | round | dark curved channels | pebbled-looking surface,无明确冲突,具体材料与品牌不可由初始化印字可靠确认,no,clear,后帧印字更清楚，但不迁入首帧属性,红框为靠墙一侧手中的圆形篮球；另一手可见较长球体，但不是明确同类篮球。,实际看过九帧目标裁剪图target_crops/010.jpg，零基源帧[0 | 217 | 432 | 649 | 870 | 1083 | 1318 | 1536 | 1750]；初始化主图下方上下文零基[0 | 0 | 5 | 20]（含重复首帧）。217、1083等帧显示球面沟槽和更多印字；拍摄角度/手部遮挡变化，不补写品牌。,GPT-6 Astra Pro,2026-10-06,depthtrack,ball08_wild,00000001,0,1751,images/010.jpg,target_crops/010.jpg,videos/010.mp4,0 | 0 | 5 | 20,yes,images/010.jpg | target_crops/010.jpg,no,,,pending,false,,,,
initial,011,basketball,brown | textured | round,0 | 197 | 391 | 660 | 854 | 1063 | 1290 | 1484 | 1700,conflicting,American football / elongated football,brown | elongated oval outline | pale lacing,basketball | round：红框物体为带缝带的长椭球，圆篮球在另一手,textured：可见表面细节有限；材料不明,no,clear,后帧确认不同转面与局部手遮挡，无新增首帧稳定属性,红框是人物画面右侧手中的长椭球，不是另一手里的圆篮球；浅色缝带是主要判据。,实际看过九帧目标裁剪图target_crops/011.jpg，零基源帧[0 | 197 | 391 | 660 | 854 | 1063 | 1290 | 1484 | 1700]；初始化主图下方上下文零基[0 | 0 | 5 | 20]（含重复首帧）。1063、1290帧手持视角再次显示细长球形和白色缝带；九帧不足以证明无中途替换。,GPT-6 Astra Pro,2026-10-06,depthtrack,ball09_wild,00000001,0,1701,images/011.jpg,target_crops/011.jpg,videos/011.mp4,0 | 0 | 5 | 20,yes,images/011.jpg | target_crops/011.jpg,no,,,pending,false,,,,
initial,012,soccer ball,yellow and black pattern | textured surface,0 | 260 | 517 | 800 | 1067 | 1395 | 1662 | 1919 | 2181,supported,soccer ball,yellow | dark star-shaped panel pattern | round,无明确冲突,textured surface：细纹与实际材料不清；不确认品牌,no,clear,后帧新增可见小标记，但首帧不作品牌断言,红框是草地上脚旁黄黑星形图案足球，白色亮区可能受光照影响。,实际看过九帧目标裁剪图target_crops/012.jpg，零基源帧[0 | 260 | 517 | 800 | 1067 | 1395 | 1662 | 1919 | 2181]；初始化主图下方上下文零基[0 | 0 | 5 | 20]（含重复首帧）。800、1067、1662帧显示更多星形面板与小标记；末帧为很窄局部，不能单独认出整球。,GPT-6 Astra Pro,2026-10-06,depthtrack,ball12_wild,00000001,0,2246,images/012.jpg,target_crops/012.jpg,videos/012.mp4,0 | 0 | 5 | 20,yes,images/012.jpg | target_crops/012.jpg,no,,,pending,false,,,,
initial,013,cup,white | round,0 | 237 | 536 | 907 | 1137 | 1471 | 1844 | 2170 | 2397,conflicting,small white ball,white / light gray | round outline,cup：未见杯口或杯壁，红框是指间小球,具体为高尔夫球/乒乓球及材质，初始化低分辨率不能确定,no,coarse_only,后帧可见凹点/小孔样纹理及小黑印记；具体球类仍未可靠确认,红框是手指间白色小圆球；桌面确有杯子，但它们在框外，不能替代协议目标。,实际看过九帧目标裁剪图target_crops/013.jpg，零基源帧[0 | 237 | 536 | 907 | 1137 | 1471 | 1844 | 2170 | 2397]；初始化主图下方上下文零基[0 | 0 | 5 | 20]（含重复首帧）。1137帧呈凹点样表面，2397帧出现小黑色印记；只作为后帧证据，不把这些细节写成首帧已知。 补充视频：补充视频可见白色小球在手中/空中变化，另有橙色球及桌面杯子；白球的暗点/凹点性质仍不够清楚，不进一步确定高尔夫球细类。,GPT-6 Astra Pro,2026-10-06,depthtrack,ball13_indoor,00000001,0,2398,images/013.jpg,target_crops/013.jpg,videos/013.mp4,0 | 0 | 5 | 20,yes,images/013.jpg | target_crops/013.jpg,yes,MP4解码帧（零基）/视频秒：0@0.000s | 96@12.000s | 192@24.000s | 287@35.875s | 383@47.875s | 479@59.875s | 574@71.750s | 670@83.750s | 766@95.750s；9次抽样，非全片逐帧观看，不能当作原始源帧号,,pending,false,,,,
initial,014,basketball,brown | textured surface | round,0 | 200 | 401 | 644 | 844 | 1044 | 1244 | 1462 | 1715,supported,basketball,orange-brown | round | dark curved grooves | visible dark lettering,无明确冲突,textured surface：细纹可见程度有限；具体材料不明,no,clear,后续更多字样和转面，仅作多帧参考,红框是人物双手前的棕橙篮球，地上黄黑足球是另一物体、不同细类别。,实际看过九帧目标裁剪图target_crops/014.jpg，零基源帧[0 | 200 | 401 | 644 | 844 | 1044 | 1244 | 1462 | 1715]；初始化主图下方上下文零基[0 | 0 | 5 | 20]（含重复首帧）。后帧旋转/抛接时图案方向变化，644等帧印字更清楚；不把手部或身后足球写入目标属性。,GPT-6 Astra Pro,2026-10-06,depthtrack,ball14_wild,00000001,0,1716,images/014.jpg,target_crops/014.jpg,videos/014.mp4,0 | 0 | 5 | 20,yes,images/014.jpg | target_crops/014.jpg,no,,,pending,false,,,,
initial,015,fruit,red skin | green stem,0 | 378 | 715 | 994 | 1147 | 1300 | 1534 | 1692 | 1879,conflicting,multicolored ball,dark surface | red / magenta panels | green curved bands | round,fruit | red skin | green stem：红绿部分是球面颜色区域，未见果柄,具体球类、橡胶/皮革材质和印字不可确认,no,coarse_only,后帧更支持带沟线的运动球外观，细分类仍保留粗标签,红框为暗处地面上的圆球，表面红绿黑相间；不是有绿色果柄的水果。,实际看过九帧目标裁剪图target_crops/015.jpg，零基源帧[0 | 378 | 715 | 994 | 1147 | 1300 | 1534 | 1692 | 1879]；初始化主图下方上下文零基[0 | 0 | 5 | 20]（含重复首帧）。1147帧更清楚显示球面分区和沟线；其他多帧暗、模糊或仅局部，不硬认品牌。,GPT-6 Astra Pro,2026-10-06,depthtrack,ball16_indoor,00000001,0,1914,images/015.jpg,target_crops/015.jpg,videos/015.mp4,0 | 0 | 5 | 20,yes,images/015.jpg | target_crops/015.jpg,no,,,pending,false,,,,
initial,016,basketball,orange | textured surface,0 | 159 | 318 | 478 | 637 | 796 | 1034 | 1336 | 1495,supported,basketball,orange-brown | round | dark curved channels,无明确冲突,textured surface：细微表面/具体材料无法完全确认,no,clear,后帧更多球面印字，不作首帧品牌推断,红框为人物腿前的橙棕篮球，不包括裤子和地面水迹。,实际看过九帧目标裁剪图target_crops/016.jpg，零基源帧[0 | 159 | 318 | 478 | 637 | 796 | 1034 | 1336 | 1495]；初始化主图下方上下文零基[0 | 0 | 5 | 20]（含重复首帧）。159、637等帧显示转面沟槽和印字，末帧被手遮挡；不把暂时运动方向当稳定属性。,GPT-6 Astra Pro,2026-10-06,depthtrack,ball17_wild,00000001,0,1499,images/016.jpg,target_crops/016.jpg,videos/016.mp4,0 | 0 | 5 | 20,yes,images/016.jpg | target_crops/016.jpg,no,,,pending,false,,,,
initial,017,ball,brown | textured,0 | 172 | 345 | 518 | 690 | 862 | 1035 | 1208 | 1380,supported,basketball,brown / orange-brown | round | dark curved channels,无明确冲突,textured：初始细纹不够清楚；品牌和材料未确认,no,clear,后帧显示更多球面方向与部分印字,红框是人物手前篮球，局部被手遮挡，基本球形和沟线足以支持ball。,实际看过九帧目标裁剪图target_crops/017.jpg，零基源帧[0 | 172 | 345 | 518 | 690 | 862 | 1035 | 1208 | 1380]；初始化主图下方上下文零基[0 | 0 | 5 | 20]（含重复首帧）。518、1208帧仍见沟线；690和1035裁剪仅余局部，不能据其判断目标消失或更换。,GPT-6 Astra Pro,2026-10-06,depthtrack,ball19_indoor,00000001,0,1381,images/017.jpg,target_crops/017.jpg,videos/017.mp4,0 | 0 | 5 | 20,yes,images/017.jpg | target_crops/017.jpg,no,,,pending,false,,,,
initial,018,soccer ball,green and yellow | textured surface | round shape,0 | 211 | 422 | 634 | 845 | 1056 | 1268 | 1479 | 1690,supported,soccer ball,bright green | black polygonal patches | round | dark small markings,yellow：红框足球主要绿黑，黄色主要属于旁边另一只足球,textured surface：精细材料和品牌不明,yes,clear,后帧可见额外白色文字图形；不从后帧补品牌到首帧,红框是人物画面左侧手中的绿黑足球；右侧另有黄黑足球，需按颜色与首帧位置区分。,实际看过九帧目标裁剪图target_crops/018.jpg，零基源帧[0 | 211 | 422 | 634 | 845 | 1056 | 1268 | 1479 | 1690]；初始化主图下方上下文零基[0 | 0 | 5 | 20]（含重复首帧）。422、1479、1690帧显示绿黑面板和更多印字；两球同时存在，九帧标注裁剪只提供目标证据，不等于独立验证完整身份链。,GPT-6 Astra Pro,2026-10-06,depthtrack,ball21_indoor,00000001,0,1691,images/018.jpg,target_crops/018.jpg,videos/018.mp4,0 | 0 | 5 | 20,yes,images/018.jpg | target_crops/018.jpg,no,,,pending,false,,,,
initial,019,computer,black case | open lid,0 | 129 | 228 | 327 | 426 | 526 | 642 | 741 | 840,conflicting,basket / storage bin,black | box-shaped | woven or perforated grid pattern | handhold opening,computer | open lid：红框是后方网格箱体，未见电脑屏幕/铰链,black case：只能支持黑色容器；具体材质和用途未确认,yes,clear,后帧确认中空篮体、侧壁网格和底部标签,红框主体是金属圆桶后方的黑色方篮，圆桶遮挡其下方；周围还有其他容器，类别层级不同但有混淆风险。,实际看过九帧目标裁剪图target_crops/019.jpg，零基源帧[0 | 129 | 228 | 327 | 426 | 526 | 642 | 741 | 840]；初始化主图下方上下文零基[0 | 0 | 5 | 20]（含重复首帧）。129、228、426、526帧被拿起后可见开口、网孔和手提孔；底部标签来自后续，不能迁入首帧。,GPT-6 Astra Pro,2026-10-06,depthtrack,basket_indoor,00000001,0,841,images/019.jpg,target_crops/019.jpg,videos/019.mp4,0 | 0 | 5 | 20,yes,images/019.jpg | target_crops/019.jpg,no,,,pending,false,,,,
initial,020,ball,white | smooth surface,0 | 122 | 236 | 349 | 589 | 788 | 979 | 1155 | 1269,uncertain,white spherical object / hollow globe,white / translucent-looking | round globe outline | mottled surface,无明确类别冲突：首帧只能可靠支持球状外观，未能确认通常意义的球,smooth surface：首帧呈斑驳纹理；是否灯罩、玻璃或塑料、是否发光不明,no,coarse_only,九帧后段的开口/中空罩状线索，以及补充抽帧中的细线连接和亮度变化；具体功能与是否自发光仍未确认,红框圈住手持白色球状物；亮斑随外部光照出现，不能据此认定自发光。,实际看过九帧目标裁剪图target_crops/020.jpg，零基源帧[0 | 122 | 236 | 349 | 589 | 788 | 979 | 1155 | 1269]；初始化主图下方上下文零基[0 | 0 | 5 | 20]（含重复首帧）。979、1269等后帧显出凹入/开口样区域，物体可能为中空球罩；强过曝裁剪不提供表面细节。 补充视频：补充视频显示球状白色物体附近连接细白线，部分转面异常明亮，末段有手接触球状物；这些是后续外观/连接线索，不能仅据亮度确认自发光或灯具用途。,GPT-6 Astra Pro,2026-10-06,depthtrack,beautifullight01_indoor,00000001,0,1270,images/020.jpg,target_crops/020.jpg,videos/020.mp4,0 | 0 | 5 | 20,yes,images/020.jpg | target_crops/020.jpg,yes,MP4解码帧（零基）/视频秒：0@0.000s | 51@6.375s | 101@12.625s | 152@19.000s | 202@25.250s | 253@31.625s | 304@38.000s | 354@44.250s | 405@50.625s；9次抽样，非全片逐帧观看，不能当作原始源帧号,,pending,false,,,,
initial,021,bicycle,black frame | silver components | pink bag on seat rack,0 | 165 | 364 | 529 | 694 | 858 | 1023 | 1188 | 1353,supported,bicycle,dark frame | silver-colored metal-like components | thin wheels | rear rack with pink item,无明确类别冲突,pink bag on seat rack：可见粉红附件，但是否包及材料不确定,no,clear,后帧补充车架侧面、车轮与后架视角,红框覆盖整辆自行车，不是后座粉红物件；银色把手、轮圈和后架可见。,实际看过九帧目标裁剪图target_crops/021.jpg，零基源帧[0 | 165 | 364 | 529 | 694 | 858 | 1023 | 1188 | 1353]；初始化主图下方上下文零基[0 | 0 | 5 | 20]（含重复首帧）。364帧只留极小局部，其余多帧从不同角度可见车架和后架附件；不猜粉红物件用途。,GPT-6 Astra Pro,2026-10-06,depthtrack,bike01_wild,00000001,0,1354,images/021.jpg,target_crops/021.jpg,videos/021.mp4,0 | 0 | 5 | 20,yes,images/021.jpg | target_crops/021.jpg,no,,,pending,false,,,,
initial,022,bicycle,orange and white frame | black tires | black handlebars | text on frame,0 | 37 | 73 | 110 | 146 | 183 | 220 | 256 | 293,supported,bicycle,orange and pale frame | black tires | black saddle and handlebars | printed markings on frame,无明确冲突,车架文字具体内容、品牌和材料无法可靠确认,no,clear,后帧提供前轮/车架不同视角，无需增加首帧品牌,红框是林地前方整辆自行车，橙色前部与浅色车架清楚可见；地上黑包不属目标。,实际看过九帧目标裁剪图target_crops/022.jpg，零基源帧[0 | 37 | 73 | 110 | 146 | 183 | 220 | 256 | 293]；初始化主图下方上下文零基[0 | 0 | 5 | 20]（含重复首帧）。146、220、256帧视角从侧面变为斜正面，车轮和车架结构持续可见；不独立确认品牌。,GPT-6 Astra Pro,2026-10-06,depthtrack,bike02_wild,00000001,0,294,images/022.jpg,target_crops/022.jpg,videos/022.mp4,0 | 0 | 5 | 20,yes,images/022.jpg | target_crops/022.jpg,no,,,pending,false,,,,
initial,023,bike,silver frame | orange wheels | green and white branding,0 | 77 | 155 | 232 | 310 | 392 | 472 | 550 | 627,supported,bicycle,silver-colored frame | orange wheel rims | black tires | green/white markings,无明确冲突,green and white branding：可支持颜色标记，具体品牌不可确认,yes,clear,多帧可见后轮/前叉更多结构；同款区分仍需连续来源,红框是停放车列中靠前的银绿车架、橙轮圈自行车；旁边有高度相似的同款自行车。,实际看过九帧目标裁剪图target_crops/023.jpg，零基源帧[0 | 77 | 155 | 232 | 310 | 392 | 472 | 550 | 627]；初始化主图下方上下文零基[0 | 0 | 5 | 20]（含重复首帧）。77、155、232、472等裁剪视角改变并与旁车重叠；同款多车存在，不能只凭同配色确认完整物理身份链。,GPT-6 Astra Pro,2026-10-06,depthtrack,bike03_wild,00000001,0,628,images/023.jpg,target_crops/023.jpg,videos/023.mp4,0 | 0 | 5 | 20,yes,images/023.jpg | target_crops/023.jpg,no,,,pending,false,,,,
initial,024,book,colorful cover | open,0 | 198 | 378 | 558 | 738 | 917 | 1097 | 1277 | 1460,supported,book,closed rectangular volume | dark illustrated cover | pale page block,open：初始化书本平放并闭合,首帧书名、作者和封面细小图案不可可靠确认,uncertain,clear,后帧展开书页、封底白色文字框和封面更多图案,红框是床边台面上的书，不是台面或下方设备；原描述的open不符合初始化状态。,实际看过九帧目标裁剪图target_crops/024.jpg，零基源帧[0 | 198 | 378 | 558 | 738 | 917 | 1097 | 1277 | 1460]；初始化主图下方上下文零基[0 | 0 | 5 | 20]（含重复首帧）。198、738帧可见彩色封面，558、917、1097帧翻到封底/打开书页；这是后续状态，不得回填为首帧open。,GPT-6 Astra Pro,2026-10-06,depthtrack,book01_indoor,00000001,0,1461,images/024.jpg,target_crops/024.jpg,videos/024.mp4,0 | 0 | 5 | 20,yes,images/024.jpg | target_crops/024.jpg,no,,,pending,false,,,,
initial,025,book,green cover | text on cover,0 | 187 | 373 | 560 | 746 | 933 | 1120 | 1306 | 1493,supported,book,green/dark illustrated cover | rectangular | pale page edges | printed cover text,无明确冲突,首帧具体书名和印字不可靠；不确认纸张/封皮材料,uncertain,clear,后帧显示封底图案、打开的书页及内页插图,红框是木桌中间平放的闭合书本；玩偶、模型车及杯子在框外。,实际看过九帧目标裁剪图target_crops/025.jpg，零基源帧[0 | 187 | 373 | 560 | 746 | 933 | 1120 | 1306 | 1493]；初始化主图下方上下文零基[0 | 0 | 5 | 20]（含重复首帧）。187帧翻到封底，373和560帧打开后显示书页；这些开合状态只属于后帧。,GPT-6 Astra Pro,2026-10-06,depthtrack,book02_indoor,00000001,0,1494,images/025.jpg,target_crops/025.jpg,videos/025.mp4,0 | 0 | 5 | 20,yes,images/025.jpg | target_crops/025.jpg,no,,,pending,false,,,,
initial,026,book,black cover | green spine | signal processing title,0 | 137 | 274 | 412 | 549 | 686 | 824 | 961 | 1098,supported,book,dark gray/black cover | green spine/panels | pale page block | printed title area,无明确冲突,signal processing title：主图字号小，完整书名/卷号不作为稳定首帧断言,yes,clear,后帧可辨更多标题/卷号；同款书仍是竞争对象,红框是桌面远端那本黑绿厚书，不是更近的一本相似书，也不是金属杯。,实际看过九帧目标裁剪图target_crops/026.jpg，零基源帧[0 | 137 | 274 | 412 | 549 | 686 | 824 | 961 | 1098]；初始化主图下方上下文零基[0 | 0 | 5 | 20]（含重复首帧）。274、412和1098帧标题更清楚，多个同封面书同时出现；GT裁剪提供区域，但不以相同书名保证物理身份链。,GPT-6 Astra Pro,2026-10-06,depthtrack,book04_indoor,00000001,0,1099,images/026.jpg,target_crops/026.jpg,videos/026.mp4,0 | 0 | 5 | 20,yes,images/026.jpg | target_crops/026.jpg,no,,,pending,false,,,,
initial,027,book,green spine | gray cover,0 | 187 | 374 | 561 | 748 | 935 | 1122 | 1309 | 1496,supported,book,gray/dark cover | green spine and arrow-like patch | pale page block,无明确冲突,首帧小字内容和出版版本不可靠,yes,clear,后帧出现内页图表与正文，不写成初始属性,红框为书堆最上方的黑灰绿书本；下方另有相似厚书，不能把整摞当单一本。,实际看过九帧目标裁剪图target_crops/027.jpg，零基源帧[0 | 187 | 374 | 561 | 748 | 935 | 1122 | 1309 | 1496]；初始化主图下方上下文零基[0 | 0 | 5 | 20]（含重复首帧）。374、561、1122帧可见打开的页面，748帧显示相似书脊并排；未确认是否有中途物理交换。,GPT-6 Astra Pro,2026-10-06,depthtrack,book05_indoor,00000001,0,1497,images/027.jpg,target_crops/027.jpg,videos/027.mp4,0 | 0 | 5 | 20,yes,images/027.jpg | target_crops/027.jpg,no,,,pending,false,,,,
initial,028,cup,metallic | vertical stripes,0 | 193 | 386 | 579 | 995 | 1189 | 1396 | 1797 | 1990,conflicting,book,dark cover | green/pale bands | thick pale page edges | printed text,cup | metallic | vertical stripes：这些对应遮在前方的保温杯，而非红框书本,首帧部分封面被杯遮挡；完整标题和纸面材料不确认,yes,clear,后帧可见完整封面和内页，首帧遮挡部分另记,红框主体是书堆顶部那本厚书，保温杯遮住左前部分；不能顺着前景杯识别类别。,实际看过九帧目标裁剪图target_crops/028.jpg，零基源帧[0 | 193 | 386 | 579 | 995 | 1189 | 1396 | 1797 | 1990]；初始化主图下方上下文零基[0 | 0 | 5 | 20]（含重复首帧）。193、1797帧翻开书页，995等帧正面更清楚；相似书脊可混淆，遵循GT裁剪不推断额外身份。,GPT-6 Astra Pro,2026-10-06,depthtrack,book06_indoor,00000001,0,1991,images/028.jpg,target_crops/028.jpg,videos/028.mp4,0 | 0 | 5 | 20,yes,images/028.jpg | target_crops/028.jpg,no,,,pending,false,,,,
initial,029,bottle,blue | textured surface,0 | 500 | 1000 | 1499 | 2057 | 2567 | 3066 | 3568 | 4068,supported,bottle with a nozzle,blue / translucent-looking body | pale tapered nozzle | cylindrical-rounded body | label area,无明确类别冲突,textured surface：可见标签/反光，不能确定表面粗糙或瓶体材质；用途不明,yes,clear,后续显示更多侧面标签，不确认具体品名,红框是悬在桌子上方的蓝色小瓶；桌上同时有多种瓶/罐，不能将它们标签移入目标。,实际看过九帧目标裁剪图target_crops/029.jpg，零基源帧[0 | 500 | 1000 | 1499 | 2057 | 2567 | 3066 | 3568 | 4068]；初始化主图下方上下文零基[0 | 0 | 5 | 20]（含重复首帧）。500、1499、2057等帧显示白色喷嘴与瓶体侧面；部分帧模糊，文字不可靠。,GPT-6 Astra Pro,2026-10-06,depthtrack,bottle01_indoor,00000001,0,4069,images/029.jpg,target_crops/029.jpg,videos/029.mp4,0 | 0 | 5 | 20,yes,images/029.jpg | target_crops/029.jpg,no,,,pending,false,,,,
initial,030,bottle,orange label | clear bottle,0 | 317 | 634 | 964 | 1322 | 1640 | 1957 | 2291 | 2665,supported,bottle,clear/translucent body | red cap | green-white oval label | yellow liquid-like lower area,orange label：可见主要标签为绿白，不是纯橙色,瓶内液体的化学成分、用途与品牌不能仅据颜色确定,yes,clear,后帧可见浅色背标和不同液体轮廓，仅离线证据,红框是桌前端红盖透明瓶，黄色来自瓶下部内容物/透色；背景多种饮料罐和瓶不属目标。,实际看过九帧目标裁剪图target_crops/030.jpg，零基源帧[0 | 317 | 634 | 964 | 1322 | 1640 | 1957 | 2291 | 2665]；初始化主图下方上下文零基[0 | 0 | 5 | 20]（含重复首帧）。634、1322帧转面显示背标，1957等帧局部模糊；标签与液面外观有时受光照影响。,GPT-6 Astra Pro,2026-10-06,depthtrack,bottle02_indoor,00000001,0,2666,images/030.jpg,target_crops/030.jpg,videos/030.mp4,0 | 0 | 5 | 20,yes,images/030.jpg | target_crops/030.jpg,no,,,pending,false,,,,
initial,031,spray bottle,orange body | red cap | spray nozzle,0 | 375 | 770 | 1145 | 1520 | 2050 | 2435 | 2810 | 3185,supported,spray bottle,orange body | red/orange trigger head | bent spray nozzle | printed label,无明确类别冲突,red cap：顶部为扳机喷头组件，不是单独圆瓶盖；具体材料/液体用途未确认,yes,clear,后帧显示更多标签图案和喷头侧面,红框明确圈住橙色喷瓶；后方黄瓶、白瓶和右侧透明瓶为其他对象。,实际看过九帧目标裁剪图target_crops/031.jpg，零基源帧[0 | 375 | 770 | 1145 | 1520 | 2050 | 2435 | 2810 | 3185]；初始化主图下方上下文零基[0 | 0 | 5 | 20]（含重复首帧）。375、1520、2050帧转面见正背标签，后续模糊不支持精确品牌。,GPT-6 Astra Pro,2026-10-06,depthtrack,bottle03_indoor,00000001,0,3186,images/031.jpg,target_crops/031.jpg,videos/031.mp4,0 | 0 | 5 | 20,yes,images/031.jpg | target_crops/031.jpg,no,,,pending,false,,,,
initial,032,bottle,transparent | tall | thin,0 | 89 | 170 | 242 | 313 | 385 | 457 | 528 | 600,supported,bottle / narrow-neck vase,transparent-looking | tall narrow body | narrow neck | flared base | stems visible inside,无明确冲突,实际玻璃/塑料材质不可直接确认；thin只作轮廓，不作物理厚度,yes,clear,后帧可见口沿/底部不同角度；不从镜像推出第二个实体,红框是手持的高处透明细颈容器，不是下方镜中相似成像；花朵多数在框外，镜像不计为另一个已确认物理实例。,实际看过九帧目标裁剪图target_crops/032.jpg，零基源帧[0 | 89 | 170 | 242 | 313 | 385 | 457 | 528 | 600]；初始化主图下方上下文零基[0 | 0 | 5 | 20]（含重复首帧）。170、313、528帧显示横置和手遮挡，457帧侧面轮廓较清楚；镜像与实体需按协议区分。,GPT-6 Astra Pro,2026-10-06,depthtrack,bottle05_indoor,00000001,0,601,images/032.jpg,target_crops/032.jpg,videos/032.mp4,0 | 0 | 5 | 20,yes,images/032.jpg | target_crops/032.jpg,no,,,pending,false,,,,
initial,033,plastic container,green lid | transparent body,0 | 35 | 71 | 106 | 142 | 177 | 212 | 248 | 284,uncertain,transparent container / tumbler,transparent-looking body | open cylindrical outline | green patch visible through/on body,无明确属性冲突；绿色盖子缺乏可确认依据，不把未见当作明确不存在,plastic：透明外观不能区分玻璃/塑料；绿色是印花还是内容物不明；green lid：初始化口部未能确认绿色盖子，绿色主要显在本体中下部,yes,coarse_only,后帧容器开口与空透明侧面更清楚；绿色性质仍待核验,红框是手持透明容器而非手，下方镜中有相似成像；不能把镜像当已确认第二实体。,实际看过九帧目标裁剪图target_crops/033.jpg，零基源帧[0 | 35 | 71 | 106 | 142 | 177 | 212 | 248 | 284]；初始化主图下方上下文零基[0 | 0 | 5 | 20]（含重复首帧）。71、106、212、248帧可见圆口/透明壁及不同转面，绿色不总显现；不由此断言绿色物被取走。 补充视频：补充视频的转面显示透明圆口与容器壁，绿色区域只在部分方向显现；镜中相似成像不是独立容器的证明，也没有确认到绿色盖子。,GPT-6 Astra Pro,2026-10-06,depthtrack,bottle06_indoor,00000001,0,285,images/033.jpg,target_crops/033.jpg,videos/033.mp4,0 | 0 | 5 | 20,yes,images/033.jpg | target_crops/033.jpg,yes,MP4解码帧（零基）/视频秒：0@0.000s | 11@1.375s | 22@2.750s | 34@4.250s | 45@5.625s | 56@7.000s | 68@8.500s | 79@9.875s | 90@11.250s；9次抽样，非全片逐帧观看，不能当作原始源帧号,,pending,false,,,,
initial,034,box,white | rectangular,0 | 87 | 210 | 292 | 393 | 475 | 557 | 640 | 730,uncertain,partly occluded rectangular object,pale / white visible panel | straight edge,无充分证据判定原box错误,首帧红框只含很小的侧面，不能确认整盒尺寸、用途、材料或完整图案,yes,uncertain,后帧更支持白绿长方包装盒，并可见产品图示；初始化身份范围仍需人工核对,初始化红框仅圈住人物身侧、较大白盒后方的一小段白色区域；不把前面整只大盒的属性直接分给红框目标。,实际看过九帧目标裁剪图target_crops/034.jpg，零基源帧[0 | 87 | 210 | 292 | 393 | 475 | 557 | 640 | 730]；初始化主图下方上下文零基[0 | 0 | 5 | 20]（含重复首帧）。87、210、475等GT裁剪显示白绿包装及黑色线缆样印图；这些细节是后续离线证据，不伪装成首帧可读。 补充视频：补充视频中同时存在多个纸盒/包装。较大手持白绿盒显示黑色线缆样印图，但初始化红框是另一小块局部；稀疏抽帧未独立验证完整物理身份链，保留人工范围核验。,GPT-6 Astra Pro,2026-10-06,depthtrack,box_indoor,00000001,0,731,images/034.jpg,target_crops/034.jpg,videos/034.mp4,0 | 0 | 5 | 20,yes,images/034.jpg | target_crops/034.jpg,yes,MP4解码帧（零基）/视频秒：0@0.000s | 29@3.625s | 58@7.250s | 87@10.875s | 116@14.500s | 146@18.250s | 175@21.875s | 204@25.500s | 233@29.125s；9次抽样，非全片逐帧观看，不能当作原始源帧号,,pending,false,,,,
initial,035,shell,shiny surface | spiral pattern,0 | 88 | 175 | 262 | 350 | 438 | 525 | 612 | 700,conflicting,decorative container,rounded body | dark multicolored patches | shiny triangular/diamond-like facets,shell | spiral pattern：补充抽帧显示规则器口、圆底和镶嵌样块纹，不支持天然螺旋贝壳类别,实际玻璃/塑料/其他材料、用途、是否烛台均未确认；首帧只能粗辨圆形装饰物,no,coarse_only,后续器口、圆底及底部白色标签进一步支持装饰容器；不回填为首帧已知用途或材质,红框是手掌上的深色斑驳圆形装饰物；表面有亮片状反射，不因亮泽推定天然贝壳。,实际看过九帧目标裁剪图target_crops/035.jpg，零基源帧[0 | 88 | 175 | 262 | 350 | 438 | 525 | 612 | 700]；初始化主图下方上下文零基[0 | 0 | 5 | 20]（含重复首帧）。九帧中的88帧见圆底样区域，350、612帧呈容器外形；结合补充视频可将类别收窄为装饰容器。初始化仍只保留可见斑驳块纹和圆形外观。 补充视频：补充视频解码帧28显示圆底及白色标签，112显示器口与弧形容器壁；多色镶嵌样装饰与器皿结构可见，足以修正shell为decorative container，具体材质/用途仍未知。,GPT-6 Astra Pro,2026-10-06,depthtrack,candlecup_indoor,00000001,0,701,images/035.jpg,target_crops/035.jpg,videos/035.mp4,0 | 0 | 5 | 20,yes,images/035.jpg | target_crops/035.jpg,yes,MP4解码帧（零基）/视频秒：0@0.000s | 28@3.500s | 56@7.000s | 84@10.500s | 112@14.000s | 139@17.375s | 167@20.875s | 195@24.375s | 223@27.875s；9次抽样，非全片逐帧观看，不能当作原始源帧号,,pending,false,,,,
initial,036,car,blue body | white roof | four wheels,0 | 228 | 423 | 599 | 774 | 1015 | 1191 | 1366 | 1541,supported,toy car,pale blue/white body | dark roof and windows | dark wheels,white roof：初始化车顶是深色区域，不是白顶,具体材质、品牌和遥控功能未确认；画面整体偏蓝,no,clear,后帧可见侧车身和底部局部，更多贴图不作为初始品牌,红框为地面小型汽车模型，人物鞋子在框外；尺寸相对鞋足以支持玩具/模型车。,实际看过九帧目标裁剪图target_crops/036.jpg，零基源帧[0 | 228 | 423 | 599 | 774 | 1015 | 1191 | 1366 | 1541]；初始化主图下方上下文零基[0 | 0 | 5 | 20]（含重复首帧）。228、423、599等帧显示顶面和侧面，手拿起时车身倾斜；仍不证明遥控功能。,GPT-6 Astra Pro,2026-10-06,depthtrack,car01_indoor,00000001,0,1542,images/036.jpg,target_crops/036.jpg,videos/036.mp4,0 | 0 | 5 | 20,yes,images/036.jpg | target_crops/036.jpg,no,,,pending,false,,,,
initial,037,car,blue and white | sedan | open hood,0 | 76 | 146 | 227 | 297 | 368 | 439 | 509 | 674,supported,toy car,pale blue/white body | dark roof and windows | dark wheels | sedan-like outline,open hood：首帧引擎盖闭合，未见打开的盖板,蓝白色受室内色偏影响；具体品牌、材质/驱动方式未确认,no,clear,后帧可见尾部贴图与车尾形状,红框为地面浅色轿车模型，前舱盖与车体轮廓连续；不能把运动模糊读成开盖。,实际看过九帧目标裁剪图target_crops/037.jpg，零基源帧[0 | 76 | 146 | 227 | 297 | 368 | 439 | 509 | 674]；初始化主图下方上下文零基[0 | 0 | 5 | 20]（含重复首帧）。146、297、439帧显示侧后方，部分帧极近或模糊；车顶保持深色区域。,GPT-6 Astra Pro,2026-10-06,depthtrack,car02_indoor,00000001,0,753,images/037.jpg,target_crops/037.jpg,videos/037.mp4,0 | 0 | 5 | 20,yes,images/037.jpg | target_crops/037.jpg,no,,,pending,false,,,,
initial,038,cart,metal frame | four wheels | blue carpet,0 | 209 | 418 | 626 | 835 | 1044 | 1252 | 1461 | 1670,supported,wheeled cart / trolley,dark gray frame | rectangular base | upright supports | caster wheels,blue carpet：蓝色地毯是背景，不是小车属性,metal frame：框架有金属样外观，具体材料不可确认；首帧可见轮数不保证完整规格,no,clear,后帧可见框架侧面、斜撑与更多脚轮,红框是人物脚前的有轮框架车，不是整个人；轮子、底架及立柱可见。,实际看过九帧目标裁剪图target_crops/038.jpg，零基源帧[0 | 209 | 418 | 626 | 835 | 1044 | 1252 | 1461 | 1670]；初始化主图下方上下文零基[0 | 0 | 5 | 20]（含重复首帧）。209、418、626、1044等视角显示不同轮子及支撑结构，脚踩和手牵为临时状态。,GPT-6 Astra Pro,2026-10-06,depthtrack,cart_indoor,00000001,0,1671,images/038.jpg,target_crops/038.jpg,videos/038.mp4,0 | 0 | 5 | 20,yes,images/038.jpg | target_crops/038.jpg,no,,,pending,false,,,,
initial,039,cat,black and white fur | lying down,0 | 76 | 152 | 255 | 353 | 429 | 506 | 637 | 717,supported,cat,black and white fur | white underside and paws | dark back | visible whiskers,无明确冲突,lying down：当前是被人托起的姿势，不能作为稳定身份属性,no,clear,后帧显示更多腹部、爪和尾部姿态；不推断品种或年龄,红框主要覆盖横向抱在手中的黑白猫，不是抱猫者；人的浅色上衣不属猫体。,实际看过九帧目标裁剪图target_crops/039.jpg，零基源帧[0 | 76 | 152 | 255 | 353 | 429 | 506 | 637 | 717]；初始化主图下方上下文零基[0 | 0 | 5 | 20]（含重复首帧）。76—637帧猫转动和蜷曲，白腹/白爪与黑背反复可见；末帧暗且裁剪狭长，不确认姿势。,GPT-6 Astra Pro,2026-10-06,depthtrack,cat02_indoor,00000001,0,751,images/039.jpg,target_crops/039.jpg,videos/039.mp4,0 | 0 | 5 | 20,yes,images/039.jpg | target_crops/039.jpg,no,,,pending,false,,,,
initial,040,animal,black and white fur | furry texture,0 | 60 | 120 | 180 | 262 | 343 | 403 | 495 | 561,supported,cat / black-and-white animal,black body regions | white muzzle/chest-like patch | fur texture,无明确类别冲突,首帧过暗，完整轮廓、眼睛颜色、品种和左右白块对应不充分,uncertain,coarse_only,后帧较亮视角更支持猫类别；首帧暗处细节需视频/人工复核,红框涵盖暗处黑白动物；可支持animal，结合可见轮廓更像猫，但首帧不作细分品种或多只动物结论。,实际看过九帧目标裁剪图target_crops/040.jpg，零基源帧[0 | 60 | 120 | 180 | 262 | 343 | 403 | 495 | 561]；初始化主图下方上下文零基[0 | 0 | 5 | 20]（含重复首帧）。120帧较亮，猫形轮廓与白色胸腹区域更清楚；262和561帧很暗/截断，不据此补细节。 补充视频：补充视频较亮抽帧出现并列的黑白猫形影像，暗帧的细节仍不足；这些抽样未排除镜像/相似对象，不能声称已确认两只独立猫或完整个体对应。,GPT-6 Astra Pro,2026-10-06,depthtrack,cat03_indoor,00000001,0,571,images/040.jpg,target_crops/040.jpg,videos/040.mp4,0 | 0 | 5 | 20,yes,images/040.jpg | target_crops/040.jpg,yes,MP4解码帧（零基）/视频秒：0@0.000s | 23@2.875s | 46@5.750s | 68@8.500s | 91@11.375s | 114@14.250s | 136@17.000s | 159@19.875s | 182@22.750s；9次抽样，非全片逐帧观看，不能当作原始源帧号,,pending,false,,,,
initial,041,cat,black fur | sitting | looking out window,0 | 46 | 93 | 139 | 186 | 245 | 295 | 342 | 393,supported,cat,black visible back and ears | furry outline | upright pointed ears,无明确冲突,sitting | looking out window：均为首帧暂时姿态；背面看不到胸腹花色或眼睛,no,clear,白胸、白口鼻和白爪由后帧确认，不能写成首帧已见,红框是桌边背向镜头的黑色猫，左侧花朵/喷瓶不属于猫；首帧只确认背面黑毛。,实际看过九帧目标裁剪图target_crops/041.jpg，零基源帧[0 | 46 | 93 | 139 | 186 | 245 | 295 | 342 | 393]；初始化主图下方上下文零基[0 | 0 | 5 | 20]（含重复首帧）。93、139、342、393帧转面后可见白胸、白口鼻及白爪；295帧仅有模糊窄局部。,GPT-6 Astra Pro,2026-10-06,depthtrack,cat04_indoor,00000001,0,394,images/041.jpg,target_crops/041.jpg,videos/041.mp4,0 | 0 | 5 | 20,yes,images/041.jpg | target_crops/041.jpg,no,,,pending,false,,,,
initial,042,mask,black fabric | curved shape,0 | 99 | 214 | 312 | 448 | 572 | 693 | 942 | 1112,conflicting,cat / black-and-white animal,black fur regions | white chest/muzzle patch | white paw-like areas,mask | black fabric：红框为动物，未见作为主体的口罩或黑布,首帧很暗，品种、精确姿态和白色区域边界不明,uncertain,coarse_only,后帧补充猫形姿态、白爪与胸部区域,红框是暗处桌边黑白猫形动物，不是口罩；只依据可见毛色和轮廓，不靠文件名定类。,实际看过九帧目标裁剪图target_crops/042.jpg，零基源帧[0 | 99 | 214 | 312 | 448 | 572 | 693 | 942 | 1112]；初始化主图下方上下文零基[0 | 0 | 5 | 20]（含重复首帧）。99、214、312帧更显动物头身与白爪；693、1112帧暗且局部，不推断目标物理消失。 补充视频：补充抽帧仍多为暗场，部分帧可见白色口鼻/胸部的猫形影像；没有新增可可靠使用的品种、眼色或物理个体对应信息。,GPT-6 Astra Pro,2026-10-06,depthtrack,cat05_indoor,00000001,0,1113,images/042.jpg,target_crops/042.jpg,videos/042.mp4,0 | 0 | 5 | 20,yes,images/042.jpg | target_crops/042.jpg,yes,MP4解码帧（零基）/视频秒：0@0.000s | 44@5.500s | 89@11.125s | 133@16.625s | 178@22.250s | 222@27.750s | 266@33.250s | 311@38.875s | 355@44.375s；9次抽样，非全片逐帧观看，不能当作原始源帧号,,pending,false,,,,
initial,043,office chair,black frame | swivel base | leather seat,0 | 131 | 255 | 378 | 502 | 631 | 754 | 878 | 1001,supported,office chair,dark seat/back | black armrests | central pedestal | wheeled star-shaped base,无明确类别冲突,leather seat：不能区分皮革、织物或其他包面；swivel功能未由静图直接确认,no,clear,后帧不同朝向与坐人遮挡，补充椅背/脚轮细节,红框圈住带扶手脚轮的办公椅，不是前方人物或地上玩具车。,实际看过九帧目标裁剪图target_crops/043.jpg，零基源帧[0 | 131 | 255 | 378 | 502 | 631 | 754 | 878 | 1001]；初始化主图下方上下文零基[0 | 0 | 5 | 20]（含重复首帧）。131帧可见正面，378、878帧显示底座/脚轮局部，后续人物坐下遮住座面。,GPT-6 Astra Pro,2026-10-06,depthtrack,chair01_indoor,00000001,0,1002,images/043.jpg,target_crops/043.jpg,videos/043.mp4,0 | 0 | 5 | 20,yes,images/043.jpg | target_crops/043.jpg,no,,,pending,false,,,,
initial,044,chair,yellow | metal frame | wooden seat,0 | 226 | 453 | 680 | 910 | 1136 | 1363 | 1590 | 1816,supported,chair / rocking chair,yellow painted-looking surface | vertical back spindles | curved armrests | solid seat,无可确定的颜色/轮廓冲突,metal frame | wooden seat：仅凭黄色涂层不能核实材料；细分类摇椅由后帧更清楚,yes,clear,后帧确认弧形摇杆，支持摇椅细分类,红框主体是黄色靠背椅，周围另有其他坐具；人物衣服不属于椅子属性。,实际看过九帧目标裁剪图target_crops/044.jpg，零基源帧[0 | 226 | 453 | 680 | 910 | 1136 | 1363 | 1590 | 1816]；初始化主图下方上下文零基[0 | 0 | 5 | 20]（含重复首帧）。680、910、1136帧清楚显示底部弧形摇杆和坐人状态，226与1816帧见完整座面。,GPT-6 Astra Pro,2026-10-06,depthtrack,chair02_indoor,00000001,0,1817,images/044.jpg,target_crops/044.jpg,videos/044.mp4,0 | 0 | 5 | 20,yes,images/044.jpg | target_crops/044.jpg,no,,,pending,false,,,,
initial,045,shirt,white | text printed | round neck,0 | 96 | 195 | 292 | 388 | 484 | 581 | 677 | 785,supported,T-shirt,white/light gray | short sleeves | round neckline | faint printed motif/text,无明确冲突,具体印字/品牌及面料成分不明；悬挂状态不是永久身份,yes,clear,后帧显出更多印花、衣物背面和重叠状态,红框为人物画面右侧用衣架举起的浅色T恤，不是左侧粉红T恤或人物身上上衣。,实际看过九帧目标裁剪图target_crops/045.jpg，零基源帧[0 | 96 | 195 | 292 | 388 | 484 | 581 | 677 | 785]；初始化主图下方上下文零基[0 | 0 | 5 | 20]（含重复首帧）。292、388帧印花较可见，677帧粉红衣服与目标重叠；相似衣物交叉需按GT区域分开。,GPT-6 Astra Pro,2026-10-06,depthtrack,clothes_indoor,00000001,0,786,images/045.jpg,target_crops/045.jpg,videos/045.mp4,0 | 0 | 5 | 20,yes,images/045.jpg | target_crops/045.jpg,no,,,pending,false,,,,
initial,046,soda can,red label | coca-cola branding,0 | 363 | 745 | 1095 | 1448 | 1799 | 2333 | 2705 | 3055,supported,red beverage can,red cylindrical body | pale script-like lettering | silver-colored rim,无明确类别冲突,coca-cola branding：风格相符，但首帧小且糊，完整字样和实际饮料内容不确认,yes,coarse_only,后帧显出更多罐身印字及顶/底部,红框是桌面罐列中手指下方的红罐；旁边有多个非常相似红罐和其他罐。,实际看过九帧目标裁剪图target_crops/046.jpg，零基源帧[0 | 363 | 745 | 1095 | 1448 | 1799 | 2333 | 2705 | 3055]；初始化主图下方上下文零基[0 | 0 | 5 | 20]（含重复首帧）。363、1448帧为侧倒/模糊视角，745、3055帧可见更多白色曲线印字；不由品牌相同判定持续同一实例。,GPT-6 Astra Pro,2026-10-06,depthtrack,colacan01_indoor,00000001,0,3056,images/046.jpg,target_crops/046.jpg,videos/046.mp4,0 | 0 | 5 | 20,yes,images/046.jpg | target_crops/046.jpg,no,,,pending,false,,,,
initial,047,coca-cola can,red label | silver pull tab,0 | 567 | 1036 | 1626 | 2076 | 2584 | 3065 | 3515 | 4035,supported,red branded beverage can,red body | silver-colored top/rim | pale printed blocks | barcode-like panel,无明确冲突,silver pull tab：顶面局部可见，但拉环形状与开封状态不清；不能确认内容物,yes,clear,后帧显出正面大字标与底部，不冒充首帧已完整读到,红框为桌上方悬着的红色罐，不是下方一排相似罐；首帧朝向主要显示背标。,实际看过九帧目标裁剪图target_crops/047.jpg，零基源帧[0 | 567 | 1036 | 1626 | 2076 | 2584 | 3065 | 3515 | 4035]；初始化主图下方上下文零基[0 | 0 | 5 | 20]（含重复首帧）。2076、3515帧仍见背标，4035帧正面曲线文字更清楚；该正面文字是后帧证据。,GPT-6 Astra Pro,2026-10-06,depthtrack,colacan02_indoor,00000001,0,4036,images/047.jpg,target_crops/047.jpg,videos/047.mp4,0 | 0 | 5 | 20,yes,images/047.jpg | target_crops/047.jpg,no,,,pending,false,,,,
initial,048,can,blue label | white text | round shape,0 | 71 | 192 | 343 | 460 | 558 | 713 | 858 | 978,supported,beverage can,white/light upper body | blue lower band | dark large lettering | cylindrical form,无明确类别冲突,white text：仅蓝带小字可能支持，主字样呈深色；内容物/品牌与材料未确认,no,clear,后帧可见侧面条码样区域；强光不作为罐体稳定颜色,红框是人物旁悬挂的白蓝罐，不是其蓝色上衣；初始上部强反光影响部分印字。,实际看过九帧目标裁剪图target_crops/048.jpg，零基源帧[0 | 71 | 192 | 343 | 460 | 558 | 713 | 858 | 978]；初始化主图下方上下文零基[0 | 0 | 5 | 20]（含重复首帧）。192、558、713帧显示转面与侧标，343、460、858、978帧过曝/局部不能提供可靠字样。,GPT-6 Astra Pro,2026-10-06,depthtrack,colacan04_indoor,00000001,0,1001,images/048.jpg,target_crops/048.jpg,videos/048.mp4,0 | 0 | 5 | 20,yes,images/048.jpg | target_crops/048.jpg,no,,,pending,false,,,,
initial,049,plastic container,transparent | rectangular,0 | 78 | 155 | 233 | 310 | 388 | 563 | 671 | 749,supported,transparent storage container,transparent/translucent | rectangular tub | raised rim | parallel molded-looking ribs,无明确冲突,plastic：外观相符但材料不能由静图完全核实；内容物和容量未知,no,clear,后帧补充底部形状与黑色提手样件,红框是手提透明收纳容器，台面反光及人物手不属于容器；首帧能见侧壁与边沿。,实际看过九帧目标裁剪图target_crops/049.jpg，零基源帧[0 | 78 | 155 | 233 | 310 | 388 | 563 | 671 | 749]；初始化主图下方上下文零基[0 | 0 | 5 | 20]（含重复首帧）。78、155、563、671帧显示底面、侧壁、提手样结构，强光处细节丢失；不能由反光推断内部物品。,GPT-6 Astra Pro,2026-10-06,depthtrack,container01_indoor,00000001,0,761,images/049.jpg,target_crops/049.jpg,videos/049.mp4,0 | 0 | 5 | 20,yes,images/049.jpg | target_crops/049.jpg,no,,,pending,false,,,,
initial,050,box,green | rectangular,0 | 166 | 331 | 497 | 662 | 828 | 994 | 1159 | 1325,supported,storage box / bin,green | rectangular body | raised rim | opaque side wall,无明确冲突,具体材质、容量以及盒内内容不明,yes,clear,后帧可见浅色贴纸与侧壁形状，不把标签视作首帧已读,红框为桌上右边较大的绿色箱体，左侧另有相似绿色容器；红色物件主要在另一容器上方。,实际看过九帧目标裁剪图target_crops/050.jpg，零基源帧[0 | 166 | 331 | 497 | 662 | 828 | 994 | 1159 | 1325]；初始化主图下方上下文零基[0 | 0 | 5 | 20]（含重复首帧）。166、331、1159等帧显示侧面小标签，光斑随转角变化；同类两箱需按初始目标区分。,GPT-6 Astra Pro,2026-10-06,depthtrack,container02_indoor,00000001,0,1326,images/050.jpg,target_crops/050.jpg,videos/050.mp4,0 | 0 | 5 | 20,yes,images/050.jpg | target_crops/050.jpg,no,,,pending,false,,,,
initial,051,wooden block,numbered | 81,0 | 342 | 718 | 1062 | 1421 | 1763 | 2111 | 2453 | 2795,supported,numbered cube / block,light wood-like surface | cube shape | black numerals 0 and 1 | top numeral 8,81：可见的是不同面的数字，不宜合成固定的两位数81,实际木材品种与用途未确认,yes,clear,后帧提供更多立方体侧面，不把每帧数字组合视作固定号码,红框是合上笔记本电脑上的大号数字方块，另一只较小数字块在右侧；显示0、1和顶面8。,实际看过九帧目标裁剪图target_crops/051.jpg，零基源帧[0 | 342 | 718 | 1062 | 1421 | 1763 | 2111 | 2453 | 2795]；初始化主图下方上下文零基[0 | 0 | 5 | 20]（含重复首帧）。342、2453、2795帧反复显示多面数字，1062、1763、2111帧仅局部；数字朝向随转动改变。,GPT-6 Astra Pro,2026-10-06,depthtrack,cube01_indoor,00000001,0,2796,images/051.jpg,target_crops/051.jpg,videos/051.mp4,0 | 0 | 5 | 20,yes,images/051.jpg | target_crops/051.jpg,no,,,pending,false,,,,
initial,052,box,wooden | rectangular | black handle,0 | 314 | 630 | 957 | 1278 | 1593 | 1913 | 2246 | 2575,conflicting,numbered cube / block,light tan wood-like surface | cube | black numeral 4,black handle：黑色部分为印刷数字4，不是把手,wooden：只能确认木纹样外观，材质未实测；其他面数字首帧不清,yes,clear,后帧出现其他数字面，不能回填到首帧可见数字,红框是桌面上的小数字方块，不是带把手箱子；旁边还有木质台历/其他块体。,实际看过九帧目标裁剪图target_crops/052.jpg，零基源帧[0 | 314 | 630 | 957 | 1278 | 1593 | 1913 | 2246 | 2575]；初始化主图下方上下文零基[0 | 0 | 5 | 20]（含重复首帧）。314、630、2246、2575帧显示5、3等不同数字面，进一步支持数字块而不是箱子。,GPT-6 Astra Pro,2026-10-06,depthtrack,cube04_indoor,00000001,0,2576,images/052.jpg,target_crops/052.jpg,videos/052.mp4,0 | 0 | 5 | 20,yes,images/052.jpg | target_crops/052.jpg,no,,,pending,false,,,,
initial,053,wooden block,number 4 | number 0,0 | 267 | 485 | 703 | 921 | 1139 | 1357 | 1575 | 1799,supported,numbered cube / block,light tan | cube | black numeral 0 | another dark numeral on adjacent face,number 4：红框主要显示0和相邻面数字，清楚的4属于左后方另一块,木材种类与用途不明；相邻面数字方向可能旋转,yes,clear,其他面的印刷数字仅由后帧补充,红框是指尖下方右侧数字块，左边可见另一只标4的方块；不要把两块数字混在一起。,实际看过九帧目标裁剪图target_crops/053.jpg，零基源帧[0 | 267 | 485 | 703 | 921 | 1139 | 1357 | 1575 | 1799]；初始化主图下方上下文零基[0 | 0 | 5 | 20]（含重复首帧）。267、485、703、1139、1575、1799帧显示9/6、7、8、2等转面；不能将转动数字当成新实例。,GPT-6 Astra Pro,2026-10-06,depthtrack,cube06_indoor,00000001,0,1800,images/053.jpg,target_crops/053.jpg,videos/053.mp4,0 | 0 | 5 | 20,yes,images/053.jpg | target_crops/053.jpg,no,,,pending,false,,,,
initial,054,cup,white | round bottom,0 | 330 | 660 | 1028 | 1358 | 1708 | 2058 | 2421 | 2751,supported,mug,black exterior | white/light interior and rim | round mouth | loop handle,white：若指整杯外部为白色则不符，白色主要为内壁/口沿,round bottom：首帧主要看杯口，底部不清；材料不确定,no,clear,后帧显示底面与完整把手，不作材质/用途推断,红框是悬挂的黑外白内杯，圆口朝向镜头；不是身后黑色椅背。,实际看过九帧目标裁剪图target_crops/054.jpg，零基源帧[0 | 330 | 660 | 1028 | 1358 | 1708 | 2058 | 2421 | 2751]；初始化主图下方上下文零基[0 | 0 | 5 | 20]（含重复首帧）。660、1028、2421帧可见杯底及不同转面，1358、2751帧更清楚显示把手；底部特征属后帧。,GPT-6 Astra Pro,2026-10-06,depthtrack,cup03_indoor,00000001,0,2752,images/054.jpg,target_crops/054.jpg,videos/054.mp4,0 | 0 | 5 | 20,yes,images/054.jpg | target_crops/054.jpg,no,,,pending,false,,,,
initial,055,camera lens,black body | red accents,0 | 236 | 579 | 805 | 1027 | 1265 | 1550 | 1773 | 1995,uncertain,lens-shaped cylindrical object,black cylinder | multiple ring-like ridges | thin red band | pale metallic-looking upper rim,无充分证据确认lens必定错误,camera lens：也可能是镜头造型杯/容器；光学元件、真实功能、材料不明,no,coarse_only,后帧更清楚的开口/顶端结构需视频复核；不硬选镜头或杯,红框为桌面黑色镜头样圆柱，首帧能见环纹和红细圈，但无法仅据外形证明其为可用镜头。,实际看过九帧目标裁剪图target_crops/055.jpg，零基源帧[0 | 236 | 579 | 805 | 1027 | 1265 | 1550 | 1773 | 1995]；初始化主图下方上下文零基[0 | 0 | 5 | 20]（含重复首帧）。236、1027、1995帧呈上端口沿和多层环纹；尚未看清真实镜片或容器内部，保留功能不确定。 补充视频：补充抽帧显示黑色环纹圆柱、红细带与上端开口样结构，但光学镜片和容器内壁均未清楚确认；继续保留镜头与镜头造型容器的功能不确定。,GPT-6 Astra Pro,2026-10-06,depthtrack,cup05_indoor,00000001,0,1996,images/055.jpg,target_crops/055.jpg,videos/055.mp4,0 | 0 | 5 | 20,yes,images/055.jpg | target_crops/055.jpg,yes,MP4解码帧（零基）/视频秒：0@0.000s | 80@10.000s | 160@20.000s | 239@29.875s | 319@39.875s | 399@49.875s | 478@59.750s | 558@69.750s | 638@79.750s；9次抽样，非全片逐帧观看，不能当作原始源帧号,,pending,false,,,,
initial,056,cup,red | textured surface,0 | 285 | 647 | 933 | 1218 | 1503 | 1821 | 2106 | 2506,supported,cup,red exterior | tapered cylindrical form | circular base | ring-like surface lines,无明确冲突,textured surface：可见环线但具体材料未知；首帧倒置看不到内壁,yes,clear,白/浅灰内壁及末帧杯内橙色球仅后续可见,红框是桌面倒扣的红杯，旁边两只浅色带把杯为同类杯具；橙色小球在框外。,实际看过九帧目标裁剪图target_crops/056.jpg，零基源帧[0 | 285 | 647 | 933 | 1218 | 1503 | 1821 | 2106 | 2506]；初始化主图下方上下文零基[0 | 0 | 5 | 20]（含重复首帧）。647起杯口朝上可见白/浅灰内壁，2506帧出现橙色小球置于杯内；均为后续信息，不属于首帧内容物。,GPT-6 Astra Pro,2026-10-06,depthtrack,cup06_indoor,00000001,0,2507,images/056.jpg,target_crops/056.jpg,videos/056.mp4,0 | 0 | 5 | 20,yes,images/056.jpg | target_crops/056.jpg,no,,,pending,false,,,,
initial,057,cup,white | textured,0 | 336 | 574 | 813 | 1079 | 1318 | 1563 | 1801 | 2042,supported,mug / cup,white/light body | round open rim | tall cylindrical form,无明确冲突,textured：首帧无可可靠描述的细纹；材质与内容不明,yes,clear,后帧显示把手与杯底，不补写未见的材质,红框是靠近戴眼镜者手的白杯，左方另有白杯和带盖高杯；不能按其他杯花纹补目标。,实际看过九帧目标裁剪图target_crops/057.jpg，零基源帧[0 | 336 | 574 | 813 | 1079 | 1318 | 1563 | 1801 | 2042]；初始化主图下方上下文零基[0 | 0 | 5 | 20]（含重复首帧）。336、574帧转到底部，813帧把手出现，后帧轮流被手遮挡；相似杯需注意身份连续性。,GPT-6 Astra Pro,2026-10-06,depthtrack,cup07_indoor,00000001,0,2043,images/057.jpg,target_crops/057.jpg,videos/057.mp4,0 | 0 | 5 | 20,yes,images/057.jpg | target_crops/057.jpg,no,,,pending,false,,,,
initial,058,cup,white | textured,0 | 165 | 406 | 597 | 789 | 955 | 1120 | 1285 | 1450,supported,mug,white | round mouth | curved handle | plain visible side,无明确冲突,textured：初始化侧面较素，细纹/材质不确定,yes,clear,1450帧可见人物印花；只描述图像存在，不识别人物身份,红框为人物手边白色带把杯，左侧较远处还有一只同类白杯。,实际看过九帧目标裁剪图target_crops/058.jpg，零基源帧[0 | 165 | 406 | 597 | 789 | 955 | 1120 | 1285 | 1450]；初始化主图下方上下文零基[0 | 0 | 5 | 20]（含重复首帧）。955帧把手朝向改变，1450帧转面可见人物图像印花；印花不是初始化所见面，不能回填为首帧属性。,GPT-6 Astra Pro,2026-10-06,depthtrack,cup08_indoor,00000001,0,1451,images/058.jpg,target_crops/058.jpg,videos/058.mp4,0 | 0 | 5 | 20,yes,images/058.jpg | target_crops/058.jpg,no,,,pending,false,,,,
initial,059,mug,white | coffee inside,0 | 224 | 448 | 672 | 896 | 1121 | 1345 | 1569 | 1793,supported,mug,white body | round mouth | visible curved handle,无明确类别冲突,coffee inside：只见深色内容物/暗区，不能确定是咖啡、茶或其他液体,yes,clear,后帧可见淡色侧面图案；饮品种类仍未确认,红框是人物近手白杯，左前方还有另一只带深色内容物的白杯；目标不是液体本身。,实际看过九帧目标裁剪图target_crops/059.jpg，零基源帧[0 | 224 | 448 | 672 | 896 | 1121 | 1345 | 1569 | 1793]；初始化主图下方上下文零基[0 | 0 | 5 | 20]（含重复首帧）。672、896帧见把手和杯口，1793帧露出浅灰装饰图案；杯内深色区域随角度变化。,GPT-6 Astra Pro,2026-10-06,depthtrack,cup09_indoor,00000001,0,1794,images/059.jpg,target_crops/059.jpg,videos/059.mp4,0 | 0 | 5 | 20,yes,images/059.jpg | target_crops/059.jpg,no,,,pending,false,,,,
initial,060,cup,red | plastic,0 | 271 | 540 | 808 | 1077 | 1350 | 1618 | 1927 | 2195,supported,cup,red exterior | pale inner wall/rim | tapered form | ring-like lines,无明确冲突,plastic：外观类似一次性杯但材料未确认；杯内物品不作为杯的稳定属性,yes,clear,后帧白球更清楚可见；杯内物是临时状态，不作永久身份,红框是桌子中部、手旁装有橙色球的红杯，不是左前方另一红杯或杯内小球。,实际看过九帧目标裁剪图target_crops/060.jpg，零基源帧[0 | 271 | 540 | 808 | 1077 | 1350 | 1618 | 1927 | 2195]；初始化主图下方上下文零基[0 | 0 | 5 | 20]（含重复首帧）。540帧更清楚地显示白球和橙球同在杯内；1927、2195帧为不同持杯角度，相似杯存在需区分。,GPT-6 Astra Pro,2026-10-06,depthtrack,cup10_indoor,00000001,0,2196,images/060.jpg,target_crops/060.jpg,videos/060.mp4,0 | 0 | 5 | 20,yes,images/060.jpg | target_crops/060.jpg,no,,,pending,false,,,,
initial,061,cup,blue | textured,0 | 237 | 475 | 712 | 966 | 1203 | 1445 | 1693 | 1954,supported,mug / cup,white/light body | round rim | handle-like outline,blue：目标杯主要浅白，右侧另有明显蓝杯；不把旁杯颜色迁入,textured：目标仅约20×24像素，表面细纹与材质不清,yes,coarse_only,后帧补充把手朝向，未获得可靠新增细属性,红框是手下方杯列中的浅色杯，不是右侧蓝杯或左边有图案的杯；初始化目标很小。,实际看过九帧目标裁剪图target_crops/061.jpg，零基源帧[0 | 237 | 475 | 712 | 966 | 1203 | 1445 | 1693 | 1954]；初始化主图下方上下文零基[0 | 0 | 5 | 20]（含重复首帧）。712、1445、1693、1954帧可见把手/侧面轮廓，但仍低分辨率；不确认纹饰或容量。 补充视频：补充视频中多只浅色杯和一只明显蓝杯同时存在并被移动；初始化浅色目标与邻杯需严格区分，稀疏抽帧不足以保证遮挡后的完整物理身份链。,GPT-6 Astra Pro,2026-10-06,depthtrack,cup11_indoor,00000001,0,1955,images/061.jpg,target_crops/061.jpg,videos/061.mp4,0 | 0 | 5 | 20,yes,images/061.jpg | target_crops/061.jpg,yes,MP4解码帧（零基）/视频秒：0@0.000s | 78@9.750s | 156@19.500s | 234@29.250s | 312@39.000s | 391@48.875s | 469@58.625s | 547@68.375s | 625@78.125s；9次抽样，非全片逐帧观看，不能当作原始源帧号,,pending,false,,,,
initial,062,phone,white case | red screen,0 | 207 | 415 | 626 | 884 | 1118 | 1330 | 1538 | 1761,conflicting,mug,white/light exterior | reddish inner wall | curved handle | small dark outlined motif,phone | white case | red screen：红色为杯内壁，未见手机屏幕结构,杯面图案具体含义、材料不明；姿态是临时状态,yes,clear,后帧显示更多红内壁和把手方向,红框是人物手前的白外红内杯，椭圆杯口与把手可见；右侧桌面另有杯具。,实际看过九帧目标裁剪图target_crops/062.jpg，零基源帧[0 | 207 | 415 | 626 | 884 | 1118 | 1330 | 1538 | 1761]；初始化主图下方上下文零基[0 | 0 | 5 | 20]（含重复首帧）。207帧口朝镜头显红色内壁，1330帧杯身横向，其他帧模糊；不能把红内壁当屏幕。,GPT-6 Astra Pro,2026-10-06,depthtrack,cup13_indoor,00000001,0,1762,images/062.jpg,target_crops/062.jpg,videos/062.mp4,0 | 0 | 5 | 20,yes,images/062.jpg | target_crops/062.jpg,no,,,pending,false,,,,
initial,063,cup,white | textured,0 | 248 | 493 | 737 | 992 | 1236 | 1497 | 1740 | 1984,supported,mug / cup,white body | dark purple/brown upper band | gray-green printed patch | handle,无明确类别冲突,textured：主要是可见印花，不能确定立体纹理/材质；图样含义不可读,yes,clear,后帧可见印花更多区域，仍不确认图案名称,红框是杯列中带深色/灰绿色图案的白杯，旁边有素白杯和蓝杯；区分目标图案与邻杯。,实际看过九帧目标裁剪图target_crops/063.jpg，零基源帧[0 | 248 | 493 | 737 | 992 | 1236 | 1497 | 1740 | 1984]；初始化主图下方上下文零基[0 | 0 | 5 | 20]（含重复首帧）。992、1497、1740、1984帧仍见相似图案区域，部分帧被手遮挡；同类器皿密集时保留身份核对需求。,GPT-6 Astra Pro,2026-10-06,depthtrack,cup14_indoor,00000001,0,1985,images/063.jpg,target_crops/063.jpg,videos/063.mp4,0 | 0 | 5 | 20,yes,images/063.jpg | target_crops/063.jpg,no,,,pending,false,,,,
initial,064,duck,brown feathers | webbed feet | long neck,0 | 60 | 120 | 180 | 240 | 300 | 360 | 420 | 480,supported,duck,brown mottled feathers | darker head | flat projecting bill | low body on water,无明确类别冲突,webbed feet：初始脚在水下不可见；long neck：只见缩颈游水轮廓，不作为稳定长颈断言,yes,clear,后帧可见背部羽纹和尾部，具体性别/亚种未判断,红框为前景水面游动的褐色鸭，背景还有其他鸭；水中倒影不计额外实体。,实际看过九帧目标裁剪图target_crops/064.jpg，零基源帧[0 | 60 | 120 | 180 | 240 | 300 | 360 | 420 | 480]；初始化主图下方上下文零基[0 | 0 | 5 | 20]（含重复首帧）。120、180、360、480帧显示背羽、尾部及转向；脚始终未清楚呈现，不根据鸭类常识补蹼。,GPT-6 Astra Pro,2026-10-06,depthtrack,duck01_wild,00000001,0,481,images/064.jpg,target_crops/064.jpg,videos/064.mp4,0 | 0 | 5 | 20,yes,images/064.jpg | target_crops/064.jpg,no,,,pending,false,,,,
initial,065,duck,brown feathers | black head | webbed feet,0 | 36 | 71 | 106 | 142 | 178 | 213 | 248 | 284,supported,duck,brown mottled feathers | darker head stripe | broad bill | orange webbed feet,black head：头部深浅相间，不是均匀纯黑,精细种类/性别、年龄不判断,no,clear,后帧可见翼侧浅色/深色条带,红框为地面前景褐色鸭，旁边灰色鸟更像不同类别鸟，不因同为鸟判定同类鸭。,实际看过九帧目标裁剪图target_crops/065.jpg，零基源帧[0 | 36 | 71 | 106 | 142 | 178 | 213 | 248 | 284]；初始化主图下方上下文零基[0 | 0 | 5 | 20]（含重复首帧）。142、178、213帧显示侧身与橙色蹼足；后续翼部浅色边线更清楚，未独立核验整段身份。,GPT-6 Astra Pro,2026-10-06,depthtrack,duck02_wild,00000001,0,285,images/065.jpg,target_crops/065.jpg,videos/065.mp4,0 | 0 | 5 | 20,yes,images/065.jpg | target_crops/065.jpg,no,,,pending,false,,,,
initial,066,duck,brown feathers | white stripe on head | long tail feathers,0 | 89 | 177 | 266 | 354 | 443 | 532 | 620 | 709,supported,duck,brown patterned feathers | orange feet | darker head | pale-edged dark wing patch,white stripe on head：清楚浅色条带主要在翼部，不应直接标在头部,long tail feathers：首帧尾部不完整，长度没有可靠依据；不判定性别,no,clear,后帧鸭的侧脸、翼带更清楚,红框为靠近相机、低头的褐鸭，背景灰色鸟在框外；需把翼带与头部位置区分。,实际看过九帧目标裁剪图target_crops/066.jpg，零基源帧[0 | 89 | 177 | 266 | 354 | 443 | 532 | 620 | 709]；初始化主图下方上下文零基[0 | 0 | 5 | 20]（含重复首帧）。177、266、443、620帧显示翼斑及不同头向，后帧不能替代首帧遮住的细节。,GPT-6 Astra Pro,2026-10-06,depthtrack,duck04_wild,00000001,0,710,images/066.jpg,target_crops/066.jpg,videos/066.mp4,0 | 0 | 5 | 20,yes,images/066.jpg | target_crops/066.jpg,no,,,pending,false,,,,
initial,067,bird,brown feathers | feet webbed | head turned,0 | 56 | 112 | 168 | 224 | 280 | 336 | 392 | 448,supported,duck / bird,brown mottled feathers | orange webbed feet | broad bill | darker head markings,无明确冲突,head turned：临时姿态；不推断性别/亚种,no,clear,后帧补充翼侧黑/蓝样色块与白边,红框为水边低头的鸭形鸟，脚部可见蹼状连接；旁边有灰色小鸟但未见另一明确同类鸭。,实际看过九帧目标裁剪图target_crops/067.jpg，零基源帧[0 | 56 | 112 | 168 | 224 | 280 | 336 | 392 | 448]；初始化主图下方上下文零基[0 | 0 | 5 | 20]（含重复首帧）。112、280、336、392帧侧面可见白边深色翼斑；独特细标记不足以跨不连续帧证明物理身份。,GPT-6 Astra Pro,2026-10-06,depthtrack,duck05_wild,00000001,0,449,images/067.jpg,target_crops/067.jpg,videos/067.mp4,0 | 0 | 5 | 20,yes,images/067.jpg | target_crops/067.jpg,no,,,pending,false,,,,
initial,068,duck,brown feathers | swimming,0 | 123 | 246 | 369 | 492 | 614 | 737 | 860 | 983,supported,duck,brown mottled body | dark head | elongated bill/neck outline,无明确冲突,swimming：只作为初始场景状态；首帧小且反光，脚、种类与细纹不明,yes,coarse_only,后帧可见橙色脚、翼侧白边深色斑与更清楚羽纹,红框为近处水面的褐色鸭，背景还有多只鸭；反光区域与水中倒影不能当羽毛颜色。,实际看过九帧目标裁剪图target_crops/068.jpg，零基源帧[0 | 123 | 246 | 369 | 492 | 614 | 737 | 860 | 983]；初始化主图下方上下文零基[0 | 0 | 5 | 20]（含重复首帧）。369、614帧水上侧身更大，860、983帧出现岸边/更近视角，脚和翼斑较清楚；后帧信息另记。,GPT-6 Astra Pro,2026-10-06,depthtrack,duck06_wild,00000001,0,984,images/068.jpg,target_crops/068.jpg,videos/068.mp4,0 | 0 | 5 | 20,yes,images/068.jpg | target_crops/068.jpg,no,,,pending,false,,,,
initial,069,sandals,black straps | text on sole,0 | 168 | 336 | 516 | 693 | 861 | 1034 | 1202 | 1370,uncertain,black-and-red curved object,black main body | red curved band/edge | loop-like opening | large white lettering,无足够依据判定完整细类别,sandals | text on sole：未能确认鞋底/鞋带，字样只可确认印在黑色曲面；材料与功能未知,uncertain,uncertain,后续可见较宽弧形背面与不同手持角度，细分类保留人工核验,红框是手中黑红相间带环形开口的物体；未见足以确认拖鞋的脚底结构，形似帽/罩或弧形器物也不能硬定。,实际看过九帧目标裁剪图target_crops/069.jpg，零基源帧[0 | 168 | 336 | 516 | 693 | 861 | 1034 | 1202 | 1370]；初始化主图下方上下文零基[0 | 0 | 5 | 20]（含重复首帧）。九帧与补充视频抽帧均显示黑色曲面、红边和提持姿态，旋转/遮挡下仍未明确用途；已看抽帧不等于完整连续观看。 补充视频：补充抽帧显示黑色弧形物、红边、宽带和白色印字；仍未见足够确定的鞋底/帽冠结构，不能在拖鞋、帽罩等用途间硬判。,GPT-6 Astra Pro,2026-10-06,depthtrack,dumbbells02_indoor,00000001,0,1371,images/069.jpg,target_crops/069.jpg,videos/069.mp4,0 | 0 | 5 | 20,yes,images/069.jpg | target_crops/069.jpg,yes,MP4解码帧（零基）/视频秒：0@0.000s | 55@6.875s | 110@13.750s | 164@20.500s | 219@27.375s | 274@34.250s | 328@41.000s | 383@47.875s | 438@54.750s；9次抽样，非全片逐帧观看，不能当作原始源帧号,,pending,false,,,,
initial,070,headphones,blue | cable,0 | 177 | 353 | 530 | 706 | 889 | 1066 | 1266 | 1449,supported,headphones,dark blue | padded headband | two round earcups | curved over-head form,无明确类别冲突,cable：首帧未见一条可可靠追踪的连接线；具体功能/品牌不明,no,clear,后帧更清楚显示耳罩外侧和折转位置；不据此确认有线/无线,红框是手持蓝色头戴式耳机，环形头梁连接两个耳罩；手腕黑带不是耳机线。,实际看过九帧目标裁剪图target_crops/070.jpg，零基源帧[0 | 177 | 353 | 530 | 706 | 889 | 1066 | 1266 | 1449]；初始化主图下方上下文零基[0 | 0 | 5 | 20]（含重复首帧）。177、353帧显示两侧耳罩，706、1266等仅狭小局部，1449是1×1裁剪无可判细节。,GPT-6 Astra Pro,2026-10-06,depthtrack,earphone02_indoor,00000001,0,1451,images/070.jpg,target_crops/070.jpg,videos/070.mp4,0 | 0 | 5 | 20,yes,images/070.jpg | target_crops/070.jpg,no,,,pending,false,,,,
initial,071,egg,white | smooth,0 | 499 | 928 | 1390 | 1819 | 2249 | 2679 | 3122 | 3551,supported,egg,white | oval/egg-shaped | smooth-looking surface,无明确冲突,蛋壳真实性、内部内容、是否煮熟不可由外形确认,yes,clear,后帧提供握持与不同方向，不新增内部属性,红框为绿色蛋托中指尖下那枚白色蛋，其他多枚白蛋构成强同类混淆；不把整托当单个目标。,实际看过九帧目标裁剪图target_crops/071.jpg，零基源帧[0 | 499 | 928 | 1390 | 1819 | 2249 | 2679 | 3122 | 3551]；初始化主图下方上下文零基[0 | 0 | 5 | 20]（含重复首帧）。499、1390、1819、3122帧为手持/桌面不同视角，3551又接近蛋托；多枚外观相似，离散GT裁剪不能独立证明未换蛋。,GPT-6 Astra Pro,2026-10-06,depthtrack,egg_indoor,00000001,0,3552,images/071.jpg,target_crops/071.jpg,videos/071.mp4,0 | 0 | 5 | 20,yes,images/071.jpg | target_crops/071.jpg,no,,,pending,false,,,,
initial,072,box,white | rectangular | closed,0 | 233 | 465 | 698 | 930 | 1163 | 1396 | 1628 | 1861,conflicting,file binder / ring binder,white | broad rectangular covers | thick spine | round finger hole | metal-looking fittings,box：可见文件夹封皮和书脊结构，不是封闭储物箱；closed仅为暂时状态,材料成分、内部文件内容与品牌不明,yes,clear,后帧可见更完整内封皮和金属样固定结构,红框是手持白色文件夹，背后书架有多本近似白色文件夹；并非普通白盒。,实际看过九帧目标裁剪图target_crops/072.jpg，零基源帧[0 | 233 | 465 | 698 | 930 | 1163 | 1396 | 1628 | 1861]；初始化主图下方上下文零基[0 | 0 | 5 | 20]（含重复首帧）。233、698、930、1163帧露出封皮开合及固定件，465、1628为窄书脊视角。,GPT-6 Astra Pro,2026-10-06,depthtrack,file02_indoor,00000001,0,1862,images/072.jpg,target_crops/072.jpg,videos/072.mp4,0 | 0 | 5 | 20,yes,images/072.jpg | target_crops/072.jpg,no,,,pending,false,,,,
initial,073,flower,white petals | green stem,0 | 96 | 262 | 381 | 492 | 630 | 759 | 903 | 999,supported,flower,cream/white petals | green central area | slender green stem | radiating petals,无明确冲突,花种、真假花、材料不可确认；当前花头角度不作永久身份,yes,clear,后帧补充花背与绿色花托形态,红框是被举起花枝中靠画面中间的一朵浅色花，不是另外两朵或背景绿植。,实际看过九帧目标裁剪图target_crops/073.jpg，零基源帧[0 | 96 | 262 | 381 | 492 | 630 | 759 | 903 | 999]；初始化主图下方上下文零基[0 | 0 | 5 | 20]（含重复首帧）。262、492、759帧为侧/背面，903帧正面更清楚；花瓣受转角和光照呈浅黄，不能断言是新花。,GPT-6 Astra Pro,2026-10-06,depthtrack,flower01_indoor,00000001,0,1000,images/073.jpg,target_crops/073.jpg,videos/073.mp4,0 | 0 | 5 | 20,yes,images/073.jpg | target_crops/073.jpg,no,,,pending,false,,,,
initial,074,insect,yellow wings | small size,0 | 65 | 171 | 304 | 372 | 446 | 504 | 592 | 655,conflicting,flower cluster / inflorescence,pale cream/yellow-green | rounded cluster | many small overlapping florets,yellow wings：浅色区域为密集小花/花瓣，不是昆虫翅膀,具体花种、枯萎程度及花龄不判断,yes,clear,后帧呈现花团不同角度，花种仍用粗类别,红框为灌木中部的一簇浅色花，周围多簇相似花团；没有可见虫体支持insect类别。,实际看过九帧目标裁剪图target_crops/074.jpg，零基源帧[0 | 65 | 171 | 304 | 372 | 446 | 504 | 592 | 655]；初始化主图下方上下文零基[0 | 0 | 5 | 20]（含重复首帧）。304帧小花瓣较清楚，其他多帧运动模糊；不能将旁边花团当成同一实例的额外属性。,GPT-6 Astra Pro,2026-10-06,depthtrack,flower02_wild,00000001,0,656,images/074.jpg,target_crops/074.jpg,videos/074.mp4,0 | 0 | 5 | 20,yes,images/074.jpg | target_crops/074.jpg,no,,,pending,false,,,,
initial,075,flower,pink petals | green stem,0 | 68 | 137 | 278 | 347 | 453 | 555 | 675 | 743,supported,flower,pink/magenta petals | layered rounded flower head | thin green stem,无明确冲突,具体花种、是否人造、香味/材质不能确认,yes,clear,后帧可见绿色花托与更多花背细节,红框是上方粉红花头；画面下方还有浅色花头，虽然颜色不同仍属同类花朵。,实际看过九帧目标裁剪图target_crops/075.jpg，零基源帧[0 | 68 | 137 | 278 | 347 | 453 | 555 | 675 | 743]；初始化主图下方上下文零基[0 | 0 | 5 | 20]（含重复首帧）。278、347、675、743帧显示绿色花托和背面，555帧花心较可见；不将转面绿色算成新花瓣颜色。,GPT-6 Astra Pro,2026-10-06,depthtrack,flower03_indoor,00000001,0,744,images/075.jpg,target_crops/075.jpg,videos/075.mp4,0 | 0 | 5 | 20,yes,images/075.jpg | target_crops/075.jpg,no,,,pending,false,,,,
initial,076,basket,woven pattern | dark brown color,0 | 108 | 215 | 404 | 511 | 617 | 723 | 843 | 1000,supported,hanging basket / planter,dark brown | woven band pattern | tapered bucket-like body | suspended cords,无明确冲突,具体编织材料、是否内装植物/土壤首帧未见；不推定用途,yes,clear,后帧可见容器开口和内侧；首帧不记为空或有物,红框是前方较大棕色吊篮本体，后方镜内有相似小成像；不能据成像数确定两个实体。,实际看过九帧目标裁剪图target_crops/076.jpg，零基源帧[0 | 108 | 215 | 404 | 511 | 617 | 723 | 843 | 1000]；初始化主图下方上下文零基[0 | 0 | 5 | 20]（含重复首帧）。511、617、1000帧看到上口和深色内壁，843帧仅剩极窄局部，不能判形。,GPT-6 Astra Pro,2026-10-06,depthtrack,flowerbasket_indoor,00000001,0,1001,images/076.jpg,target_crops/076.jpg,videos/076.mp4,0 | 0 | 5 | 20,yes,images/076.jpg | target_crops/076.jpg,no,,,pending,false,,,,
initial,077,mask,white face | black eyes | scream design,0 | 128 | 304 | 432 | 560 | 689 | 897 | 1035 | 1164,supported,costume face mask,white elongated face surface | black eye openings | long black mouth opening,无明确外观冲突,scream design：只保留张口样面部造型，不识别具体影视角色；材料不确认,no,clear,后帧提供面具侧面轮廓，无新增身份断言,红框圈住人脸前的白色面具，不是佩戴者身份；黑色兜帽为相邻衣物。,实际看过九帧目标裁剪图target_crops/077.jpg，零基源帧[0 | 128 | 304 | 432 | 560 | 689 | 897 | 1035 | 1164]；初始化主图下方上下文零基[0 | 0 | 5 | 20]（含重复首帧）。128、432、560、1164帧显示不同角度面具，304、689、897帧局部截断；不根据造型给真实人物或角色姓名。,GPT-6 Astra Pro,2026-10-06,depthtrack,ghostmask_indoor,00000001,0,1165,images/077.jpg,target_crops/077.jpg,videos/077.mp4,0 | 0 | 5 | 20,yes,images/077.jpg | target_crops/077.jpg,no,,,pending,false,,,,
initial,078,glass,transparent | water droplets,0 | 216 | 431 | 647 | 862 | 1078 | 1318 | 1533 | 1749,supported,transparent mug / glass,transparent-looking | cylindrical body | thick round base | clear loop handle | fine speckled surface,无明确类别冲突,water droplets：斑点可能为表面纹理/凝结/反光，不能仅首帧确认水滴成因,uncertain,clear,后帧确认不同朝向的杯底/把手；未确认内容物,红框是桌前透明带把杯，透过杯体的红绿标签来自后方瓶罐，不当成杯本身印花。,实际看过九帧目标裁剪图target_crops/078.jpg，零基源帧[0 | 216 | 431 | 647 | 862 | 1078 | 1318 | 1533 | 1749]；初始化主图下方上下文零基[0 | 0 | 5 | 20]（含重复首帧）。862、1078、1318、1533帧露出杯口/杯底和把手转面，液体存在与否不作强结论。,GPT-6 Astra Pro,2026-10-06,depthtrack,glass02_indoor,00000001,0,1750,images/078.jpg,target_crops/078.jpg,videos/078.mp4,0 | 0 | 5 | 20,yes,images/078.jpg | target_crops/078.jpg,no,,,pending,false,,,,
initial,079,glass,transparent | round base,0 | 71 | 168 | 263 | 354 | 425 | 511 | 582 | 674,supported,transparent mug / glass,transparent/translucent-looking | cylindrical wall | thick circular base | fine surface pattern,无明确冲突,具体材料与内容物、表面细点是否水滴不确定；首帧把手被遮挡较多,no,clear,后帧更清楚显示把手、口沿与透视变化,红框为手持透明杯体，身后的细杆和白罐在框外；不把强光反射当杯子自身发光。,实际看过九帧目标裁剪图target_crops/079.jpg，零基源帧[0 | 71 | 168 | 263 | 354 | 425 | 511 | 582 | 674]；初始化主图下方上下文零基[0 | 0 | 5 | 20]（含重复首帧）。354、674帧把手和杯口较清楚，425、511帧过曝不能提供完整细纹。,GPT-6 Astra Pro,2026-10-06,depthtrack,glass03_indoor,00000001,0,675,images/079.jpg,target_crops/079.jpg,videos/079.mp4,0 | 0 | 5 | 20,yes,images/079.jpg | target_crops/079.jpg,no,,,pending,false,,,,
initial,080,mug,white | textured surface,0 | 120 | 284 | 404 | 524 | 644 | 764 | 884 | 1004,supported,transparent mug,clear/translucent body | loop handle | round thick base | fine textured-looking wall,white：多数白色来自亮光反射，杯体呈透明/半透明而非不透明白色,材料、液体和纹理形成原因不确定,uncertain,clear,后帧杯口/底面更清楚，不增加颜色或成分断言,红框是悬挂转斜的透明带把杯；高光占据杯身，但仍可见透光、底圈和把手。,实际看过九帧目标裁剪图target_crops/080.jpg，零基源帧[0 | 120 | 284 | 404 | 524 | 644 | 764 | 884 | 1004]；初始化主图下方上下文零基[0 | 0 | 5 | 20]（含重复首帧）。284、404、764、1004帧显示底部、杯口和把手位置变化；524、884强光区域不可靠。,GPT-6 Astra Pro,2026-10-06,depthtrack,glass04_indoor,00000001,0,1005,images/080.jpg,target_crops/080.jpg,videos/080.mp4,0 | 0 | 5 | 20,yes,images/080.jpg | target_crops/080.jpg,no,,,pending,false,,,,
initial,081,bottle,transparent | curved neck,0 | 123 | 245 | 368 | 490 | 613 | 799 | 921 | 1073,supported,bottle,transparent-looking | tall body | narrow neck | sloping/rounded shoulders,curved neck：可见颈部基本直，弯曲主要为瓶肩轮廓,实际玻璃/塑料材质、是否有液体与具体用途不明,yes,clear,后帧补充瓶底/另一侧轮廓，没有可靠新增品牌,红框为桌缘透明长瓶，旁边有金属/透明杯罐；不把周围强光视作自身颜色。,实际看过九帧目标裁剪图target_crops/081.jpg，零基源帧[0 | 123 | 245 | 368 | 490 | 613 | 799 | 921 | 1073]；初始化主图下方上下文零基[0 | 0 | 5 | 20]（含重复首帧）。123、245、613帧显示瓶身侧面和底部，368、490、921强光不利于标签判断。,GPT-6 Astra Pro,2026-10-06,depthtrack,glass05_indoor,00000001,0,1074,images/081.jpg,target_crops/081.jpg,videos/081.mp4,0 | 0 | 5 | 20,yes,images/081.jpg | target_crops/081.jpg,no,,,pending,false,,,,
initial,082,guitar case,newspaper pattern | black trim,0 | 168 | 349 | 603 | 771 | 939 | 1108 | 1276 | 1560,supported,guitar case / instrument bag,guitar-shaped outline | beige/tan newspaper-style print | black edging | front pocket outline,无明确冲突,报纸印字具体内容、内部是否装乐器及布料成分不可确认,no,clear,后帧显示提带/背带及包体侧面,红框是靠墙的吉他形包套，不是裸露吉他；表面印花和黑包边清楚。,实际看过九帧目标裁剪图target_crops/082.jpg，零基源帧[0 | 168 | 349 | 603 | 771 | 939 | 1108 | 1276 | 1560]；初始化主图下方上下文零基[0 | 0 | 5 | 20]（含重复首帧）。168、771、1276、1560帧拿起/转侧后出现背带与侧边，不能据外形判断内部物品。,GPT-6 Astra Pro,2026-10-06,depthtrack,guitarbag_indoor,00000001,0,1561,images/082.jpg,target_crops/082.jpg,videos/082.mp4,0 | 0 | 5 | 20,yes,images/082.jpg | target_crops/082.jpg,no,,,pending,false,,,,
initial,083,ring,green | textured | round,0 | 155 | 311 | 466 | 622 | 777 | 932 | 1088 | 1243,supported,hanging ring,green/yellow-green | circular ring | upper crosspiece with lettering | dark suspension strap,无明确类别冲突,textured：细表面不够清楚；材料与承重用途未确认,no,clear,后帧显示背面及侧厚度；不推断额定功能,红框是户外吊挂圆环本体及上部横片，背景建筑/树不属于目标，文字仅作为可见标记。,实际看过九帧目标裁剪图target_crops/083.jpg，零基源帧[0 | 155 | 311 | 466 | 622 | 777 | 932 | 1088 | 1243]；初始化主图下方上下文零基[0 | 0 | 5 | 20]（含重复首帧）。466、622帧字样较清楚，777侧面变窄，932后文字反向来自背面；不当成不同物体。,GPT-6 Astra Pro,2026-10-06,depthtrack,gymring_wild,00000001,0,1244,images/083.jpg,target_crops/083.jpg,videos/083.mp4,0 | 0 | 5 | 20,yes,images/083.jpg | target_crops/083.jpg,no,,,pending,false,,,,
initial,084,guitar case,newspaper pattern | wooden back,0 | 105 | 211 | 317 | 421 | 526 | 666 | 770 | 900,conflicting,hand (mirror image),visible palm | spread fingers | wrist/forearm segment,guitar case | newspaper pattern | wooden back：这些对应框外吉他包/背景，不是红框手部,首帧小而模糊，精细皮纹、左右手、人物身份不判断,yes,clear,后帧补充手指张合/手腕方向，非稳定身份属性,红框圈住镜中向外伸出的手掌，不是左上近处实体手或右侧吉他包；镜像不代表额外物理手。,实际看过九帧目标裁剪图target_crops/084.jpg，零基源帧[0 | 105 | 211 | 317 | 421 | 526 | 666 | 770 | 900]；初始化主图下方上下文零基[0 | 0 | 5 | 20]（含重复首帧）。317、666帧掌与指更清楚，105、421、526模糊；仅描述手部动作/姿态，不判断个人身份。,GPT-6 Astra Pro,2026-10-06,depthtrack,hand02_indoor,00000001,0,901,images/084.jpg,target_crops/084.jpg,videos/084.mp4,0 | 0 | 5 | 20,yes,images/084.jpg | target_crops/084.jpg,no,,,pending,false,,,,
initial,085,hat,gray brim | black band,0 | 169 | 339 | 508 | 678 | 851 | 1021 | 1191 | 1360,supported,hat,gray | brim around crown | black band | pinched/creased crown,无明确冲突,具体纤维、是否草编/毡制及品牌不确定,no,clear,后帧内侧、标签和帽冠凹陷更可见,红框是手中灰色带檐帽，黑带围绕帽冠；人物衣着和墙饰不是帽的属性。,实际看过九帧目标裁剪图target_crops/085.jpg，零基源帧[0 | 169 | 339 | 508 | 678 | 851 | 1021 | 1191 | 1360]；初始化主图下方上下文零基[0 | 0 | 5 | 20]（含重复首帧）。508、678帧帽子被戴到头上，851、1360帧显出内侧与标签；不识别佩戴者。,GPT-6 Astra Pro,2026-10-06,depthtrack,hat01_indoor,00000001,0,1361,images/085.jpg,target_crops/085.jpg,videos/085.mp4,0 | 0 | 5 | 20,yes,images/085.jpg | target_crops/085.jpg,no,,,pending,false,,,,
initial,086,helmet,red and black design | text on helmet,0 | 135 | 271 | 517 | 653 | 788 | 923 | 1059 | 1202,supported,bicycle-style helmet,red and black shell regions | pale accents | multiple vents | dark straps,无明确冲突,text on helmet：首帧未能可靠读到具体文字；安全等级/材料不可确认,no,clear,后帧可见内部衬垫/绑带外观，不确认性能,红框为悬挂在手下方的通风头盔，手握的是带子；不把背景门牌文字归到头盔。,实际看过九帧目标裁剪图target_crops/086.jpg，零基源帧[0 | 135 | 271 | 517 | 653 | 788 | 923 | 1059 | 1202]；初始化主图下方上下文零基[0 | 0 | 5 | 20]（含重复首帧）。135、271帧不同角度见通风槽，923、1202帧显示黑色内侧和带子；局部模糊帧不补品牌。,GPT-6 Astra Pro,2026-10-06,depthtrack,hat02_indoor_320,00000001,0,1203,images/086.jpg,target_crops/086.jpg,videos/086.mp4,0 | 0 | 5 | 20,yes,images/086.jpg | target_crops/086.jpg,no,,,pending,false,,,,
initial,087,remote control,black | round | button,0 | 152 | 304 | 457 | 609 | 761 | 914 | 1066 | 1218,conflicting,hat / peaked cap,black curved band/visor | pale upper crown | small round light badge,remote control | button：黑色部位属于帽沿/帽带，未见遥控器按键布局,round：只是局部外轮廓；首帧远小，徽记、材料和用途不明,no,coarse_only,后帧确认完整帽形和内侧颜色；首帧只用粗类别；补充视频另见黑色穗饰，仍属后帧信息,红框在桌上帽子的黑色前沿，浅色帽冠在其上后方；旁边另有小电子设备，不能把设备类别套到帽。,实际看过九帧目标裁剪图target_crops/087.jpg，零基源帧[0 | 152 | 304 | 457 | 609 | 761 | 914 | 1066 | 1218]；初始化主图下方上下文零基[0 | 0 | 5 | 20]（含重复首帧）。152、304、609、914帧拿起或戴上后清楚见白色帽冠、黑带与帽檐，1066帧出现深红内侧。 补充视频：补充视频解码帧49见浅色帽内侧，97有黑色穗状部件，194显示被戴上的帽形，340附近可见深红内侧；这些是后帧证据，不将内衬和穗饰回填为首帧已知。,GPT-6 Astra Pro,2026-10-06,depthtrack,hat03_indoor,00000001,0,1219,images/087.jpg,target_crops/087.jpg,videos/087.mp4,0 | 0 | 5 | 20,yes,images/087.jpg | target_crops/087.jpg,yes,MP4解码帧（零基）/视频秒：0@0.000s | 49@6.125s | 97@12.125s | 146@18.250s | 194@24.250s | 243@30.375s | 292@36.500s | 340@42.500s | 389@48.625s；9次抽样，非全片逐帧观看，不能当作原始源帧号,,pending,false,,,,
initial,088,hat,black fabric | yellow pattern,0 | 346 | 693 | 1039 | 1386 | 1732 | 2078 | 2425 | 2771,supported,hat,black | brimmed shape | repeated small yellow motifs | seams,无明确冲突,black fabric：织物样表面可见但纤维成分未知；黄色图样具体对象不硬认,no,clear,后帧显示纯黑内侧与帽檐形状,红框是桌面黑底黄纹帽子，不是旁边红杯或持帽人的衣服。,实际看过九帧目标裁剪图target_crops/088.jpg，零基源帧[0 | 346 | 693 | 1039 | 1386 | 1732 | 2078 | 2425 | 2771]；初始化主图下方上下文零基[0 | 0 | 5 | 20]（含重复首帧）。346、1386、1732帧翻开见深色内侧，2078帧外表重复图纹清楚；不把转面/倒置当作新属性。,GPT-6 Astra Pro,2026-10-06,depthtrack,hat04_indoor,00000001,0,2772,images/088.jpg,target_crops/088.jpg,videos/088.mp4,0 | 0 | 5 | 20,yes,images/088.jpg | target_crops/088.jpg,no,,,pending,false,,,,
initial,089,person,wearing black coat | back facing camera,0 | 185 | 369 | 554 | 738 | 948 | 1133 | 1317 | 1504,supported,person,black hooded jacket | dark lower clothing | visible hair,无明确首帧类别冲突,衣服纤维、品牌和个人身份不确认；back facing camera是初始姿态而非永久属性,no,clear,后帧可见白色短袖内层及外套穿脱，不能回填为首帧确定属性,红框是人物整体，不是黑外套单独目标；只依据首帧记录可见穿着，不补面部细节。,实际看过九帧目标裁剪图target_crops/089.jpg，零基源帧[0 | 185 | 369 | 554 | 738 | 948 | 1133 | 1317 | 1504]；初始化主图下方上下文零基[0 | 0 | 5 | 20]（含重复首帧）。185、369帧帽兜与内层浅色上衣更清楚，554后部分帧脱去外套，1133、1317又出现外套；不能将黑外套写为全序列不变身份。,GPT-6 Astra Pro,2026-10-06,depthtrack,human01_indoor,00000001,0,1506,images/089.jpg,target_crops/089.jpg,videos/089.mp4,0 | 0 | 5 | 20,yes,images/089.jpg | target_crops/089.jpg,no,,,pending,false,,,,
initial,090,person,dark jacket | black pants,0 | 382 | 764 | 1146 | 1771 | 2153 | 2537 | 2919 | 3323,supported,person,dark blue-gray hooded jacket | dark trousers | short dark hair,无明确首帧类别冲突,外套防水性、材质、品牌和个人身份不可确认,no,clear,白色内层短袖及外套穿脱仅从后帧确认,红框为林间近处背对镜头的人物；裤子和外套是可见穿着，不识别人物身份。,实际看过九帧目标裁剪图target_crops/090.jpg，零基源帧[0 | 382 | 764 | 1146 | 1771 | 2153 | 2537 | 2919 | 3323]；初始化主图下方上下文零基[0 | 0 | 5 | 20]（含重复首帧）。1771、2153帧改为白色短袖，2537、2919帧又有蓝灰外套，末帧仅局部身体；多帧说明衣着可变。,GPT-6 Astra Pro,2026-10-06,depthtrack,human03_wild,00000001,0,3324,images/090.jpg,target_crops/090.jpg,videos/090.mp4,0 | 0 | 5 | 20,yes,images/090.jpg | target_crops/090.jpg,no,,,pending,false,,,,
initial,091,pants,black | long | reflective strip,0 | 202 | 404 | 607 | 809 | 1011 | 1214 | 1416 | 1618,conflicting,person,white short-sleeved top | black trousers | pale band on one trouser leg | gray shoes,pants：红框包含上身、手臂和双腿，不只裤子,reflective strip：能见浅色带但反光功能未知；首帧头部在画面外，脸部与眼镜不作初始属性,no,clear,后帧头部、眼镜和外套状态初始不可见，不并入首帧属性,目标范围是人物可见身体，不能以裤子的局部类别替代整个人；首帧仅记录衣着范围。,实际看过九帧目标裁剪图target_crops/091.jpg，零基源帧[0 | 202 | 404 | 607 | 809 | 1011 | 1214 | 1416 | 1618]；初始化主图下方上下文零基[0 | 0 | 5 | 20]（含重复首帧）。202帧头面可见，404帧出现俯身/支撑姿态，809后拿起或穿上深色外套，1618帧目标裁剪极窄；不据局部裁剪推断消失原因。,GPT-6 Astra Pro,2026-10-06,depthtrack,human04_wild,00000001,0,1621,images/091.jpg,target_crops/091.jpg,videos/091.mp4,0 | 0 | 5 | 20,yes,images/091.jpg | target_crops/091.jpg,no,,,pending,false,,,,
initial,092,shorts,black | cargo pockets,0 | 281 | 562 | 843 | 1124 | 1407 | 1688 | 2026 | 2327,conflicting,person,dark top | dark knee-length shorts | side pocket shapes | dark socks and shoes,shorts：红框覆盖上身、手臂与腿部，目标不是短裤单件,精确衣料、口袋结构、手持物种类和人物身份未确认；首帧头部未完整出现,no,clear,后帧面部及所持平板状物体可见，均非首帧确认属性,首帧红框是人物身体整体，裤装样式只作穿着特征；框边物品及线缆不用于认定类别。,实际看过九帧目标裁剪图target_crops/092.jpg，零基源帧[0 | 281 | 562 | 843 | 1124 | 1407 | 1688 | 2026 | 2327]；初始化主图下方上下文零基[0 | 0 | 5 | 20]（含重复首帧）。1688帧头面较清楚，2026帧转背，2327帧抱持大平板状物体；这些不替代首帧观察。,GPT-6 Astra Pro,2026-10-06,depthtrack,human05_wild,00000001,0,2328,images/092.jpg,target_crops/092.jpg,videos/092.mp4,0 | 0 | 5 | 20,yes,images/092.jpg | target_crops/092.jpg,no,,,pending,false,,,,
initial,093,shirt,white | round neck,0 | 58 | 117 | 176 | 310 | 368 | 427 | 486 | 544,conflicting,person,white short-sleeved T-shirt | dark trousers | short dark hair,shirt：红框覆盖人物头部、身体与腿部，不只是上衣,round neck：首帧主要为背面且较小，领型细分不确定；所携器材精确型号及身份未知,no,clear,后帧眼镜与器材角度更明显，不据此添加初始面部属性,红框跟踪楼梯间人物整体，肩旁黑色长架状器材是附带物，不把衣服单件当作协议目标。,实际看过九帧目标裁剪图target_crops/093.jpg，零基源帧[0 | 58 | 117 | 176 | 310 | 368 | 427 | 486 | 544]；初始化主图下方上下文零基[0 | 0 | 5 | 20]（含重复首帧）。117帧侧脸和眼镜更可见，310帧模糊，427、486帧有栏杆遮挡；目标衣着和姿态随观察变化。,GPT-6 Astra Pro,2026-10-06,depthtrack,human06_indoor,00000001,0,545,images/093.jpg,target_crops/093.jpg,videos/093.mp4,0 | 0 | 5 | 20,yes,images/093.jpg | target_crops/093.jpg,no,,,pending,false,,,,
initial,094,leaf,yellowish | textured,0 | 12 | 39 | 51 | 63 | 75 | 86 | 123 | 135,supported,leaf,yellow to orange-brown | lobed outline | visible vein pattern | irregular/damaged edge,无明确类别冲突,具体植物种、干燥程度和叶面材质性能不能确定,yes,clear,后帧补充不同朝向和局部叶形，不新增植物种判断,红框选中叶堆中的一片叶子，周围存在多片相似落叶；不把整个叶堆算作目标。,实际看过九帧目标裁剪图target_crops/094.jpg，零基源帧[0 | 12 | 39 | 51 | 63 | 75 | 86 | 123 | 135]；初始化主图下方上下文零基[0 | 0 | 5 | 20]（含重复首帧）。39、63、86等帧有模糊或局部裁剪，75帧叶形更清晰；光照与背景变化不视为新的稳定颜色。,GPT-6 Astra Pro,2026-10-06,depthtrack,leaves01_wild,00000001,0,156,images/094.jpg,target_crops/094.jpg,videos/094.mp4,0 | 0 | 5 | 20,yes,images/094.jpg | target_crops/094.jpg,no,,,pending,false,,,,
initial,095,plant,green leaves | tall plant,0 | 114 | 285 | 400 | 549 | 673 | 829 | 1033 | 1199,supported,plant / leafy crown,green leaves | dense rounded foliage | visible slender stem below,无明确类别冲突,tall plant：首帧能见细杆，但红框只覆盖上方叶冠，整株高度不可量化；真植物或人工装饰未确认,no,clear,后帧只有位置/清晰度变化，没有可靠新增稳定属性,红框集中在绿色叶冠，不包括下方花盆；whiteboard字迹、屏幕图像不属于目标。,实际看过九帧目标裁剪图target_crops/095.jpg，零基源帧[0 | 114 | 285 | 400 | 549 | 673 | 829 | 1033 | 1199]；初始化主图下方上下文零基[0 | 0 | 5 | 20]（含重复首帧）。114至829帧同一叶冠保持可见，1033、1199帧变小且运动模糊；未看到可确认材质或品种的细节。,GPT-6 Astra Pro,2026-10-06,depthtrack,leaves02_indoor,00000001,0,1200,images/095.jpg,target_crops/095.jpg,videos/095.mp4,0 | 0 | 5 | 20,yes,images/095.jpg | target_crops/095.jpg,no,,,pending,false,,,,
initial,096,leaf,yellow | shiny | oval-shaped | attached to tree,0 | 56 | 140 | 244 | 301 | 357 | 516 | 671 | 727,supported,leaf,yellow | pointed lobes | visible veins | attached by a thin stem,oval-shaped：目标外缘有明显尖裂瓣，不是简单椭圆,shiny：首帧不足以确认光泽性质；具体树种及是否直接连接树干不可确认,yes,clear,后帧进一步显示叶瓣和姿态，未增加树种推断,红框只圈定枝间一片黄叶，周围有多片近似叶片；背景两根树干不是叶的属性。,实际看过九帧目标裁剪图target_crops/096.jpg，零基源帧[0 | 56 | 140 | 244 | 301 | 357 | 516 | 671 | 727]；初始化主图下方上下文零基[0 | 0 | 5 | 20]（含重复首帧）。56、244、516帧运动模糊，301、357、671、727帧裂瓣与叶脉更清楚；不能由相似叶片断言全序列严格身份链。,GPT-6 Astra Pro,2026-10-06,depthtrack,leaves03_wild,00000001,0,728,images/096.jpg,target_crops/096.jpg,videos/096.mp4,0 | 0 | 5 | 20,yes,images/096.jpg | target_crops/096.jpg,no,,,pending,false,,,,
initial,097,fruit,orange | round | waxy,0 | 189 | 378 | 643 | 850 | 1096 | 1326 | 1673 | 1900,conflicting,leaf,yellow-brown | thin blade | pointed lower tip | visible central vein and speckles,fruit | orange | round：红框内为叶片，非圆形果实,waxy：表面蜡质不能由图片确认；具体植物种不明,yes,clear,后帧显出浅色背面与转向；不把桌上果实属性加入首帧叶片,红框是人物胸前悬挂的单片黄色叶子；桌上果实和其他叶片不是该目标。,实际看过九帧目标裁剪图target_crops/097.jpg，零基源帧[0 | 189 | 378 | 643 | 850 | 1096 | 1326 | 1673 | 1900]；初始化主图下方上下文零基[0 | 0 | 5 | 20]（含重复首帧）。189、1096、1326帧可见叶脉和斑点，850帧翻面较浅，1673帧有细杆遮过，1900帧邻近红色果实不属于叶子。,GPT-6 Astra Pro,2026-10-06,depthtrack,leaves04_indoor,00000001,0,1940,images/097.jpg,target_crops/097.jpg,videos/097.mp4,0 | 0 | 5 | 20,yes,images/097.jpg | target_crops/097.jpg,no,,,pending,false,,,,
initial,098,leaf,yellow | wet | shiny | crinkled,0 | 317 | 710 | 1032 | 1499 | 1886 | 2214 | 2580 | 2897,supported,leaf,yellow-brown | several pointed lobes | branching veins | curled/irregular edge,无明确类别冲突,wet | shiny：不能区分自然干湿、反射和照明；具体植物种不确定,yes,clear,后帧的背面颜色与边缘卷曲更清楚，不确认湿度,红框圈住手中单片大裂叶，桌面另有很多近似叶片；crinkled有卷曲边缘依据。,实际看过九帧目标裁剪图target_crops/098.jpg，零基源帧[0 | 317 | 710 | 1032 | 1499 | 1886 | 2214 | 2580 | 2897]；初始化主图下方上下文零基[0 | 0 | 5 | 20]（含重复首帧）。710、1032、2580帧浅色背面更可见，1499帧模糊，1886帧侧面很薄；2897帧裁剪变大包含人物，不把人作为目标。,GPT-6 Astra Pro,2026-10-06,depthtrack,leaves05_indoor,00000001,0,2898,images/098.jpg,target_crops/098.jpg,videos/098.mp4,0 | 0 | 5 | 20,yes,images/098.jpg | target_crops/098.jpg,no,,,pending,false,,,,
initial,099,leaf,yellow | wet | shiny | crinkled,0 | 70 | 140 | 209 | 320 | 428 | 498 | 568 | 683,supported,leaf,orange-brown/yellow | lobed outline | raised-looking vein pattern | crinkled edge,无明确类别冲突,wet | shiny：现有画面不足以判断湿润或光泽性质；具体树种不明,yes,clear,后帧观察到翻转及较深的背光外观，不增补湿润属性,红框是前景悬着的叶片，不是后方树上全部黄叶；背景有多片同类叶片造成视觉干扰。,实际看过九帧目标裁剪图target_crops/099.jpg，零基源帧[0 | 70 | 140 | 209 | 320 | 428 | 498 | 568 | 683]；初始化主图下方上下文零基[0 | 0 | 5 | 20]（含重复首帧）。70、140、498帧更清楚见叶脉，428、568、683帧有模糊或侧转；仅支持同类型叶片外观，不确认品种。,GPT-6 Astra Pro,2026-10-06,depthtrack,leaves06_wild,00000001,0,721,images/099.jpg,target_crops/099.jpg,videos/099.mp4,0 | 0 | 5 | 20,yes,images/099.jpg | target_crops/099.jpg,no,,,pending,false,,,,
initial,100,lock,pink | wooden handle,0 | 52 | 104 | 157 | 209 | 266 | 330 | 397 | 495,supported,padlock,pink/magenta rectangular body | silver-colored curved shackle | light markings,wooden handle：目标是弯曲锁梁，未见木柄,锁体和锁梁的精确材料、刻字内容及是否上锁不可确认,yes,clear,后帧补充锁体另一侧和局部字迹，但字迹未可靠辨读,红框圈中右上靠近绿色锁的一把粉色挂锁；周围大量不同形状挂锁为同类竞争物。,实际看过九帧目标裁剪图target_crops/100.jpg，零基源帧[0 | 52 | 104 | 157 | 209 | 266 | 330 | 397 | 495]；初始化主图下方上下文零基[0 | 0 | 5 | 20]（含重复首帧）。52、266、330帧粉色锁体更大，209、495帧只剩窄局部，不能用这些裁剪确认刻字或锁芯型号。,GPT-6 Astra Pro,2026-10-06,depthtrack,lock01_wild,00000001,0,511,images/100.jpg,target_crops/100.jpg,videos/100.mp4,0 | 0 | 5 | 20,yes,images/100.jpg | target_crops/100.jpg,no,,,pending,false,,,,
initial,101,laptop,silver body | open lid,0 | 193 | 386 | 579 | 772 | 966 | 1159 | 1352 | 1545,supported,laptop,silver/light metallic-looking body | open lid | dark keyboard | small central lid emblem,无明确冲突,金属成分、具体品牌型号、屏幕内容和性能不可确认,no,clear,后帧显示屏开启及触控板等，首帧不录入具体屏幕内容,首帧红框覆盖桌上打开的笔记本电脑，后盖朝向镜头；旁边饮料罐和杯子不属于目标。,实际看过九帧目标裁剪图target_crops/101.jpg，零基源帧[0 | 193 | 386 | 579 | 772 | 966 | 1159 | 1352 | 1545]；初始化主图下方上下文零基[0 | 0 | 5 | 20]（含重复首帧）。772、1159帧正面显示屏及键盘可见，193侧转、966边缘视角、1545被杯子和手遮挡；均不能把邻物当电脑部件。,GPT-6 Astra Pro,2026-10-06,depthtrack,mac_indoor,00000001,0,1546,images/101.jpg,target_crops/101.jpg,videos/101.mp4,0 | 0 | 5 | 20,yes,images/101.jpg | target_crops/101.jpg,no,,,pending,false,,,,
initial,102,cup,white | textured,0 | 333 | 666 | 999 | 1332 | 1664 | 2004 | 2337 | 2720,conflicting,carton / rectangular package,white front panel | blue side panel | tall rectangular shape | printed text,cup：红框物体为有棱角的封闭纸盒样包装，未见杯口或把手,textured：所见主要为印刷图案；包装材质、内装物、品牌读法不确定,no,clear,后帧可见多面印刷和顶面形状，仅支持包装类别,红框是悬挂在人物胸前的蓝白长方包装，人物白T恤和桌面罐不是目标属性。,实际看过九帧目标裁剪图target_crops/102.jpg，零基源帧[0 | 333 | 666 | 999 | 1332 | 1664 | 2004 | 2337 | 2720]；初始化主图下方上下文零基[0 | 0 | 5 | 20]（含重复首帧）。333、999帧显示蓝色侧面，2337、2720帧翻到其他浅色面，666、1332、2004部分区域模糊；不能凭包装字样确认内容物。,GPT-6 Astra Pro,2026-10-06,depthtrack,milkbottle_indoor,00000001,0,2721,images/102.jpg,target_crops/102.jpg,videos/102.mp4,0 | 0 | 5 | 20,yes,images/102.jpg | target_crops/102.jpg,no,,,pending,false,,,,
initial,103,pan,black surface | round bottom,0 | 157 | 314 | 471 | 628 | 784 | 941 | 1098 | 1255,conflicting,round mirror on a stand,circular face | thin rim | narrow supporting stem | reflective-looking gray surface,pan | round bottom：补充视频显示圆形镜面、连接支杆及圆形底座，红框盘面并非锅底；不能把暗反射当成固有黑色,首帧只清楚显示圆形面与细杆，完整支座在后续才可辨；镜面材料、是否带放大功能、品牌和用途细分未知,no,coarse_only,后续更完整视野显示连接支杆和圆形底座；镜面朝向改变时出现蓝白反射，未确认放大功能,初始化红框主要覆盖手持器物的圆形面，细杆延至左侧；仅初始化支持圆面及反射外观。类别修正为支架圆镜依赖后续完整结构，未把底座写成首帧已见。,实际看过九帧目标裁剪图target_crops/103.jpg，零基源帧[0 | 157 | 314 | 471 | 628 | 784 | 941 | 1098 | 1255]；初始化主图下方上下文零基[0 | 0 | 5 | 20]（含重复首帧）。314、471、628、1098等九帧裁剪见蓝白反射和边缘，其他转面变暗；补充视频的较大视野显示圆镜面与支杆、底座共同转动，支持圆镜而非平底锅。 补充视频：补充视频解码帧50/100/150/200显示圆形反射面通过细杆连接圆底座，持有者握住支座，镜面随转动由暗转蓝白；401显示另一较暗转面。镜面而非锅底是更有支持的类别。,GPT-6 Astra Pro,2026-10-06,depthtrack,mirror_indoor,00000001,0,1256,images/103.jpg,target_crops/103.jpg,videos/103.mp4,0 | 0 | 5 | 20,yes,images/103.jpg | target_crops/103.jpg,yes,MP4解码帧（零基）/视频秒：0@0.000s | 50@6.250s | 100@12.500s | 150@18.750s | 200@25.000s | 251@31.375s | 301@37.625s | 351@43.875s | 401@50.125s；9次抽样，非全片逐帧观看，不能当作原始源帧号,,pending,false,,,,
initial,104,smartphone,blue | smooth surface,0 | 152 | 304 | 456 | 621 | 831 | 1060 | 1237 | 1417,supported,smartphone,light blue/turquoise rear or case | slim rectangular body | rounded corners | dark edge,无明确冲突,smooth surface：可作外观描述但精确材质未知；品牌/型号不可确认,no,clear,后帧确认正面屏幕与背面摄像区域，首帧不可补精细布局,红框是手持蓝色手机，首帧主要侧背面；衣服和手表不是目标属性。,实际看过九帧目标裁剪图target_crops/104.jpg，零基源帧[0 | 152 | 304 | 456 | 621 | 831 | 1060 | 1237 | 1417]；初始化主图下方上下文零基[0 | 0 | 5 | 20]（含重复首帧）。152、304、456帧看到黑色正面，831、1060、1237帧显示屏点亮，1417帧背面黑色摄像区域更清楚；不读私人屏幕内容。,GPT-6 Astra Pro,2026-10-06,depthtrack,mobilephone01_indoor,00000001,0,1418,images/104.jpg,target_crops/104.jpg,videos/104.mp4,0 | 0 | 5 | 20,yes,images/104.jpg | target_crops/104.jpg,no,,,pending,false,,,,
initial,105,shorts,black fabric | cargo pockets,0 | 76 | 152 | 229 | 305 | 381 | 548 | 624 | 700,conflicting,smartphone,black/dark | slim rectangular slab | narrow edge | held between fingers,shorts | cargo pockets：红框圈的是手中细长电子设备，不是身后短裤,首帧主要侧缘，小且暗；屏幕、按钮、品牌及材质不能仅据首帧确认,no,coarse_only,手机屏幕和背面需后帧才确认；首帧不添加屏幕具体内容,手指下方红框内是窄黑色手持长方物体，背景黑短裤只造成颜色混淆。,实际看过九帧目标裁剪图target_crops/105.jpg，零基源帧[0 | 76 | 152 | 229 | 305 | 381 | 548 | 624 | 700]；初始化主图下方上下文零基[0 | 0 | 5 | 20]（含重复首帧）。152、229、305帧正面显示带边框的手机屏幕，381反光，548、700可见正背面；后帧明确支持手机类别。,GPT-6 Astra Pro,2026-10-06,depthtrack,mobilephone02_indoor,00000001,0,701,images/105.jpg,target_crops/105.jpg,videos/105.mp4,0 | 0 | 5 | 20,yes,images/105.jpg | target_crops/105.jpg,no,,,pending,false,,,,
initial,106,cell phone,black | smooth surface,0 | 247 | 494 | 741 | 1097 | 1358 | 1629 | 1876 | 2123,supported,smartphone,black | thin rectangular body | rounded corners | dark front surface,无明确冲突,smooth surface：表观光滑但材质未知；具体型号和功能不作推断,no,clear,后帧补充正背面、手指遮挡和反光，无可靠品牌信息,红框是人物右手中的黑色手机，不是左侧笔记本电脑或衣服。,实际看过九帧目标裁剪图target_crops/106.jpg，零基源帧[0 | 247 | 494 | 741 | 1097 | 1358 | 1629 | 1876 | 2123]；初始化主图下方上下文零基[0 | 0 | 5 | 20]（含重复首帧）。247、1629显示侧缘，741、1097、1358、2123显示正面和反光，1876出现背面；不把屏幕反光当永久纹理。,GPT-6 Astra Pro,2026-10-06,depthtrack,mobilephone04_indoor,00000001,0,2124,images/106.jpg,target_crops/106.jpg,videos/106.mp4,0 | 0 | 5 | 20,yes,images/106.jpg | target_crops/106.jpg,no,,,pending,false,,,,
initial,107,light bulb,blue and white | cylindrical | glowing,0 | 119 | 287 | 517 | 677 | 797 | 931 | 1050 | 1191,conflicting,smartphone,light blue/silver edge | very thin elongated side view | flat slab profile,light bulb | cylindrical | glowing：后帧为带屏幕及摄像区域的平板手机，初始亮条是侧缘/反射而非灯发光,首帧只见窄侧面，型号、屏幕状态和悬挂方式细节不确定,no,coarse_only,后帧确认手机屏幕、背面和摄像区域，不能当作首帧已清晰可见,红框为悬着的细长蓝色薄物体，初始侧缘很亮；不依据亮度认定灯泡。,实际看过九帧目标裁剪图target_crops/107.jpg，零基源帧[0 | 119 | 287 | 517 | 677 | 797 | 931 | 1050 | 1191]；初始化主图下方上下文零基[0 | 0 | 5 | 20]（含重复首帧）。119帧蓝色背面可见摄像区域，287、931、1050帧显示黑色屏幕；517、797横纹随反光变化，不当稳定外壳花纹。,GPT-6 Astra Pro,2026-10-06,depthtrack,mobilephone05_indoor,00000001,0,1201,images/107.jpg,target_crops/107.jpg,videos/107.mp4,0 | 0 | 5 | 20,yes,images/107.jpg | target_crops/107.jpg,no,,,pending,false,,,,
initial,108,phone,black screen | scratched surface,0 | 162 | 328 | 468 | 609 | 794 | 944 | 1097 | 1266,supported,smartphone,white/light bezel | dark rectangular screen | rounded corners | visible light marks on screen,无明确类别冲突,scratched surface：可见划痕/污痕样线条，但无法区分裂痕、污渍与反光；品牌和材质不明,no,clear,后帧见背面和正面痕迹，不确认损坏成因,红框圈住桌上竖直手机，杯把位于手机左后方，不是手机附属结构。,实际看过九帧目标裁剪图target_crops/108.jpg，零基源帧[0 | 162 | 328 | 468 | 609 | 794 | 944 | 1097 | 1266]；初始化主图下方上下文零基[0 | 0 | 5 | 20]（含重复首帧）。162、794、944、1097帧正面较清楚，468显示浅色背面，328、609、1266帧偏暗/模糊；不把背后杯子当目标。,GPT-6 Astra Pro,2026-10-06,depthtrack,mobilephone06_indoor,00000001,0,1273,images/108.jpg,target_crops/108.jpg,videos/108.mp4,0 | 0 | 5 | 20,yes,images/108.jpg | target_crops/108.jpg,no,,,pending,false,,,,
initial,109,strawberry,red | textured | round | ripened,0 | 195 | 464 | 659 | 924 | 1124 | 1328 | 1554 | 1749,conflicting,mushroom cap,red/orange rounded cap | scattered pale raised spots | irregular pale edge patch,strawberry：所见是有菌盖外形的蘑菇，不是草莓；ripened不能据此成立,是否可食、具体菌种、成熟度及安全性均不可从图板判断,yes,clear,后帧补充下表面和侧缘，不作食用性判断,首帧红框是桌上前景实物红色菌盖，屏幕里的森林图像是背景；旁边还有相似菌盖。,实际看过九帧目标裁剪图target_crops/109.jpg，零基源帧[0 | 195 | 464 | 659 | 924 | 1124 | 1328 | 1554 | 1749]；初始化主图下方上下文零基[0 | 0 | 5 | 20]（含重复首帧）。195帧显示浅色下表面，464、659、1554帧是薄侧边，924、1749白色斑点更清楚；1328只见局部柄状结构。,GPT-6 Astra Pro,2026-10-06,depthtrack,mushroom01_indoor,00000001,0,1750,images/109.jpg,target_crops/109.jpg,videos/109.mp4,0 | 0 | 5 | 20,yes,images/109.jpg | target_crops/109.jpg,no,,,pending,false,,,,
initial,110,mushroom,brown cap | smooth surface | spotted pattern,0 | 41 | 81 | 122 | 162 | 213 | 277 | 317 | 358,supported,mushroom,orange-brown cap | irregular rounded outline | shallow central depression | numerous pale speckles,无明确类别冲突,smooth surface：同时有斑点和起伏，不能概括为完全光滑；菌种、湿度、食用性不可判,yes,clear,后帧见不同视角下的凹面和边缘，未增加安全性或菌种结论,红框为树旁最前方的一朵大菌盖，后面还有相似蘑菇；草叶横过目标不是菌盖花纹。,实际看过九帧目标裁剪图target_crops/110.jpg，零基源帧[0 | 41 | 81 | 122 | 162 | 213 | 277 | 317 | 358]；初始化主图下方上下文零基[0 | 0 | 5 | 20]（含重复首帧）。41、122、162、317显示菌盖形态，81、213、277、358有运动模糊；这些足够支持粗类别，不支持物种或用途。,GPT-6 Astra Pro,2026-10-06,depthtrack,mushroom02_wild,00000001,0,359,images/110.jpg,target_crops/110.jpg,videos/110.mp4,0 | 0 | 5 | 20,yes,images/110.jpg | target_crops/110.jpg,no,,,pending,false,,,,
initial,111,mushroom,brown cap | wet surface | shaped like a leaf,0 | 49 | 98 | 147 | 196 | 244 | 293 | 352 | 401,supported,mushroom,brown/pinkish cap | irregular wavy rim | central depression | bright surface reflections,shaped like a leaf：能见菌盖及边缘纹理，不能当叶片或叶脉结构描述,wet surface：反光可见但不能单凭反射确认湿润；物种、可食性不确定,yes,clear,401帧可见下侧放射状结构，首帧不记录为清晰可见,红框为草地中前方的一朵蘑菇，周围很多类似菌盖；只描述选中菌盖。,实际看过九帧目标裁剪图target_crops/111.jpg，零基源帧[0 | 49 | 98 | 147 | 196 | 244 | 293 | 352 | 401]；初始化主图下方上下文零基[0 | 0 | 5 | 20]（含重复首帧）。98帧凹面较清晰，147、196、352反光，401帧下侧显示密集放射条纹；后帧补充菌盖结构，不确认种类。,GPT-6 Astra Pro,2026-10-06,depthtrack,mushroom03_wild,00000001,0,402,images/111.jpg,target_crops/111.jpg,videos/111.mp4,0 | 0 | 5 | 20,yes,images/111.jpg | target_crops/111.jpg,no,,,pending,false,,,,
initial,112,food,orange and pink | spotted pattern | round shape | crispy texture,0 | 208 | 417 | 700 | 915 | 1123 | 1336 | 1545 | 1757,uncertain,mushroom cap / mushroom-like object,red to orange cap | many white raised spots | rounded cap with uneven edge,无可由图片确认的食用性结论；原food与crispy不是已经证实的目标属性,food | crispy texture：是否可作为食品、口感、菌种、可食性、成熟度和pink细色不能由初始化图确认,yes,clear,后帧显出局部破损与不同面，不能反推首帧全部细节,红框只包含手持蘑菇菌盖，浅色柄和手主要在框下；桌上另有多朵相似菌体。；只记录蘑菇样菌盖外观，不据此声称可食或不可食。,实际看过九帧目标裁剪图target_crops/112.jpg，零基源帧[0 | 208 | 417 | 700 | 915 | 1123 | 1336 | 1545 | 1757]；初始化主图下方上下文零基[0 | 0 | 5 | 20]（含重复首帧）。417显示侧缘，700、915、1545、1757可见白斑和不规则破口，208、1123、1336模糊；不凭颜色推断可食。,GPT-6 Astra Pro,2026-10-06,depthtrack,mushroom04_indoor,00000001,0,1758,images/112.jpg,target_crops/112.jpg,videos/112.mp4,0 | 0 | 5 | 20,yes,images/112.jpg | target_crops/112.jpg,no,,,pending,false,,,,
initial,113,fruit,orange skin | smooth surface,0 | 118 | 236 | 385 | 503 | 622 | 740 | 888 | 1006,conflicting,mushroom cap,red/orange cap | pale raised speckles | rounded outline | darker central patch,fruit | orange skin | smooth surface：目标呈菌盖和白色斑点，不是光滑果皮,是否可食、具体菌种、天然/道具材质及口感不作确定判断,yes,clear,后帧展示侧边及翻转；不把背景屏幕的柄部细节视为目标,另看原分辨率初始化图：红框是手持的前景菌盖，不是笔记本屏幕中另一朵蘑菇图片；桌上也有相似菌盖。,实际看过九帧目标裁剪图target_crops/113.jpg，零基源帧[0 | 118 | 236 | 385 | 503 | 622 | 740 | 888 | 1006]；初始化主图下方上下文零基[0 | 0 | 5 | 20]（含重复首帧）。118、622、740帧显示侧缘，236、385、888、1006显示斑点盖面，503有细杆交叠；不能把屏内蘑菇并入目标。,GPT-6 Astra Pro,2026-10-06,depthtrack,mushroom05_indoor,00000001,0,1007,images/113.jpg,target_crops/113.jpg,videos/113.mp4,0 | 0 | 5 | 20,yes,images/113.jpg | target_crops/113.jpg,no,,,pending,false,,,,
initial,114,notebook,black cover | white pages,0 | 312 | 624 | 986 | 1298 | 1692 | 2011 | 2333 | 2645,supported,spiral notebook,black/dark cover | rectangular shape | pale rectangular printed label | spiral binding edge | light page block,无明确冲突,具体品牌、标签细字、页数及封面材质不可确认,no,clear,后帧页厚和反侧标签更可见，不断言另一册本子,红框为桌上竖立的线圈本，白色标签在黑色封面上；左侧瓶子和装置不属于目标。,实际看过九帧目标裁剪图target_crops/114.jpg，零基源帧[0 | 312 | 624 | 986 | 1298 | 1692 | 2011 | 2333 | 2645]；初始化主图下方上下文零基[0 | 0 | 5 | 20]（含重复首帧）。312、624、986帧旋转见页块，1298强光使标签过亮，2333、2645封面呈灰色是光照/朝向变化。,GPT-6 Astra Pro,2026-10-06,depthtrack,notebook02_indoor,00000001,0,2646,images/114.jpg,target_crops/114.jpg,videos/114.mp4,0 | 0 | 5 | 20,yes,images/114.jpg | target_crops/114.jpg,no,,,pending,false,,,,
initial,115,notebook,white cover | grid pattern,0 | 109 | 219 | 328 | 438 | 612 | 721 | 831 | 940,supported,notebook / spiral notepad,light gray/white rectangular sheet area | top/side spiral binding | fine grid lines,无明确类别冲突,white cover：展示的可能是纸页而非封面，封面与纸张身份未分清；纸张规格/品牌未知,no,clear,438帧补充更清楚的格线/线圈细节，首帧已有但较细,红框圈住手持线圈本或方格记事纸本，底部高亮区域为照明，不是另一个白色对象。,实际看过九帧目标裁剪图target_crops/115.jpg，零基源帧[0 | 109 | 219 | 328 | 438 | 612 | 721 | 831 | 940]；初始化主图下方上下文零基[0 | 0 | 5 | 20]（含重复首帧）。438帧方格与上侧线圈更清楚，109、219、328、721、831有大片过曝，不据白光添加纹理。,GPT-6 Astra Pro,2026-10-06,depthtrack,notebook03_indoor,00000001,0,941,images/115.jpg,target_crops/115.jpg,videos/115.mp4,0 | 0 | 5 | 20,yes,images/115.jpg | target_crops/115.jpg,no,,,pending,false,,,,
initial,116,cylinder,gray | smooth surface,0 | 63 | 138 | 201 | 263 | 326 | 389 | 451 | 514,supported,cylinder / spray-can-shaped container,gray/silver cylindrical body | rounded shoulder | small top protrusion | dark lower rim,无明确粗类别冲突,smooth surface：局部印刷与磨损较小，无法确认材质和表面细节；喷罐功能、内容物、品牌未确认,no,clear,后帧可见顶部喷头样突起与部分印字，精确用途仍不确定,红框是悬挂的细长灰色圆柱容器，右侧圆盘和背景吉他包不是目标。,实际看过九帧目标裁剪图target_crops/116.jpg，零基源帧[0 | 63 | 138 | 201 | 263 | 326 | 389 | 451 | 514]；初始化主图下方上下文零基[0 | 0 | 5 | 20]（含重复首帧）。138、263、326帧顶端及大号字样较清楚，201、389过亮，514变暗；可以记录喷罐样外形，但不凭数字判断内容物。,GPT-6 Astra Pro,2026-10-06,depthtrack,paintbottle_indoor,00000001,0,515,images/116.jpg,target_crops/116.jpg,videos/116.mp4,0 | 0 | 5 | 20,yes,images/116.jpg | target_crops/116.jpg,no,,,pending,false,,,,
initial,117,photo,black and white | portrait | turtleneck,0 | 110 | 220 | 329 | 439 | 549 | 718 | 828 | 999,supported,printed portrait / framed photograph,black-and-white portrait image | light rectangular border | dark high-neck clothing depicted | glossy-looking protective face,无明确类别冲突,照片人物姓名、是否名人、拍摄背景和装框材料不可确认,yes,clear,后帧补充边框厚度/表面反射，不识别肖像人物,红框为被手拿起的白边肖像图件，不是画中真人；左后方另有近似肖像印刷件，需区分大小与位置。,实际看过九帧目标裁剪图target_crops/117.jpg，零基源帧[0 | 110 | 220 | 329 | 439 | 549 | 718 | 828 | 999]；初始化主图下方上下文零基[0 | 0 | 5 | 20]（含重复首帧）。110、220、549较清楚，439、828、999模糊或斜转；718反光来自表面覆盖，不能推断玻璃或塑料。,GPT-6 Astra Pro,2026-10-06,depthtrack,painting_indoor_320,00000001,0,1000,images/117.jpg,target_crops/117.jpg,videos/117.mp4,0 | 0 | 5 | 20,yes,images/117.jpg | target_crops/117.jpg,no,,,pending,false,,,,
initial,118,sign,blue background | white lettering | P symbol,0 | 53 | 106 | 160 | 225 | 278 | 332 | 385 | 438,supported,parking sign,blue rectangular panel | large white P | pale border,无明确冲突,材质、安装高度、地理位置和下方细则不作为目标身份确定信息,no,clear,后帧进一步显示边框/固定件，未增加地点推断,红框主要圈定最上方蓝底白P牌，不包括下面所有附牌；下方同色牌为相连上下文。,实际看过九帧目标裁剪图target_crops/118.jpg，零基源帧[0 | 53 | 106 | 160 | 225 | 278 | 332 | 385 | 438]；初始化主图下方上下文零基[0 | 0 | 5 | 20]（含重复首帧）。53至438帧保持大P与边框，倾斜和强光改变观感；不必辨读下方文字来认定目标。,GPT-6 Astra Pro,2026-10-06,depthtrack,parkingsign_wild,00000001,0,439,images/118.jpg,target_crops/118.jpg,videos/118.mp4,0 | 0 | 5 | 20,yes,images/118.jpg | target_crops/118.jpg,no,,,pending,false,,,,
initial,119,bird,black feathers | long beak,0 | 86 | 171 | 315 | 400 | 486 | 572 | 657 | 743,supported,bird (pigeon-like),dark gray/black-looking plumage | compact body | small head | slender legs,long beak：可见嘴较短，不支持长嘴描述,鸟种细分、羽毛固有纯黑色和个体身份不可由图板保证,yes,clear,后帧显出灰翼纹理和不同朝向，首帧不添加完整羽色花纹,红框选择左侧一只地面鸟，旁边有多只相似鸟；不把近处褐色鸟的嘴和羽色给目标。,实际看过九帧目标裁剪图target_crops/119.jpg，零基源帧[0 | 86 | 171 | 315 | 400 | 486 | 572 | 657 | 743]；初始化主图下方上下文零基[0 | 0 | 5 | 20]（含重复首帧）。86、315帧有灰色翼部和细纹，486有相似个体靠近，657、743目标变小；九张稀疏裁剪不能证明所有遮挡中的身份连续。,GPT-6 Astra Pro,2026-10-06,depthtrack,pigeon03_wild,00000001,0,744,images/119.jpg,target_crops/119.jpg,videos/119.mp4,0 | 0 | 5 | 20,yes,images/119.jpg | target_crops/119.jpg,no,,,pending,false,,,,
initial,120,bird,black feathers | duck-like beak,0 | 134 | 267 | 401 | 534 | 698 | 832 | 965 | 1099,supported,bird (pigeon-like),small dark-gray bird-shaped region | wing/body silhouette among foliage,无明确首帧属性冲突；嘴部过小，不能据未见细节判定其嘴形,black feathers：只能见深色小轮廓，细羽和固有颜色不明；首帧26×24极小，物种/个体特征不确定；duck-like beak：首帧嘴形不可辨，后帧也未提供可靠扁嘴证据,yes,coarse_only,534、698帧的浅色翼块和纹理仅从后帧确认，不写入首帧稳定属性,红框在右上树枝间极小的深色飞鸟样区域，地面其他鸟是竞争背景，不能从它们借目标属性。,实际看过九帧目标裁剪图target_crops/120.jpg，零基源帧[0 | 134 | 267 | 401 | 534 | 698 | 832 | 965 | 1099]；初始化主图下方上下文零基[0 | 0 | 5 | 20]（含重复首帧）。134、267、401帧仍较小，534、698帧更清楚见灰色斑驳翅膀及浅色块；832、965、1099模糊/局部。后帧仅用于支持鸟的粗类别。 补充视频：补充视频中有多只地面鸟和树间小鸟；初始化目标极小，九次稀疏抽样不足以单凭外观追踪同一只飞鸟，不能借用邻鸟的羽色或嘴形。,GPT-6 Astra Pro,2026-10-06,depthtrack,pigeon05_wild,00000001,0,1250,images/120.jpg,target_crops/120.jpg,videos/120.mp4,0 | 0 | 5 | 20,yes,images/120.jpg | target_crops/120.jpg,yes,MP4解码帧（零基）/视频秒：0@0.000s | 50@6.250s | 100@12.500s | 150@18.750s | 200@25.000s | 249@31.125s | 299@37.375s | 349@43.625s | 399@49.875s；9次抽样，非全片逐帧观看，不能当作原始源帧号,,pending,false,,,,
initial,121,bird,gray feathers | standing on ground,0 | 154 | 308 | 462 | 616 | 769 | 923 | 1077 | 1231,supported,bird (pigeon-like),gray/dark plumage | compact body | small head | pale/pinkish legs,无明确粗类别冲突,standing on ground是初始状态而非身份属性；个体唯一性、品种细分、远小羽色细节不确认,yes,clear,后帧可见灰胸和翼纹，初始小尺寸仅支持粗外观,红框是靠近水边、身后另有一只鸟的前方小鸟，不是右侧更大鸟；近邻同类造成辨认风险。,实际看过九帧目标裁剪图target_crops/121.jpg，零基源帧[0 | 154 | 308 | 462 | 616 | 769 | 923 | 1077 | 1231]；初始化主图下方上下文零基[0 | 0 | 5 | 20]（含重复首帧）。462、616、769、1077帧灰色胸腹和较暗翼面更可见，308、1231有模糊；九帧不能排除中间所有同类交叉。,GPT-6 Astra Pro,2026-10-06,depthtrack,pigeon06_wild,00000001,0,1232,images/121.jpg,target_crops/121.jpg,videos/121.mp4,0 | 0 | 5 | 20,yes,images/121.jpg | target_crops/121.jpg,no,,,pending,false,,,,
initial,122,bird,gray feathers | feet visible | standing on ground,0 | 84 | 169 | 253 | 338 | 456 | 540 | 625 | 709,supported,bird (pigeon-like),gray body | dark wing pattern | small head | pinkish feet | pointed tail,无明确冲突,具体品种、个体身份和羽毛固有光泽未知；standing是临时姿态,yes,clear,后帧颈部绿蓝反光和翼边细纹更清楚，首帧不硬判,红框为画面中部地上的一只灰鸟，周边同时有多只相似鸟；近处褐色鸭样鸟不是目标。,实际看过九帧目标裁剪图target_crops/122.jpg，零基源帧[0 | 84 | 169 | 253 | 338 | 456 | 540 | 625 | 709]；初始化主图下方上下文零基[0 | 0 | 5 | 20]（含重复首帧）。169、253、540、625帧脚和翼纹更明显，456、709模糊；只记录所给目标裁剪，不把相邻个体花纹移植过来。,GPT-6 Astra Pro,2026-10-06,depthtrack,pigeon07_wild,00000001,0,710,images/122.jpg,target_crops/122.jpg,videos/122.mp4,0 | 0 | 5 | 20,yes,images/122.jpg | target_crops/122.jpg,no,,,pending,false,,,,
initial,123,leaf,green | waxy,0 | 188 | 376 | 563 | 782 | 970 | 1161 | 1360 | 1548,conflicting,needle-leaved twig,green needle-like leaves | narrow brown central stem | elongated tapered sprig,leaf：红框整体是带多枚针叶的短枝条，不是一片宽叶,waxy：针叶表面蜡质不可由图板判断；植物种类和是否人工枝条未确认,yes,clear,后帧补充枝轴及针叶排列，不能据此确认具体树种,红框包含人物手边悬下的针叶枝，桌面另有多束近似针叶材料；不把桌上蘑菇或落叶算入目标。,实际看过九帧目标裁剪图target_crops/123.jpg，零基源帧[0 | 188 | 376 | 563 | 782 | 970 | 1161 | 1360 | 1548]；初始化主图下方上下文零基[0 | 0 | 5 | 20]（含重复首帧）。188、376、970较清楚显示针叶从轴上伸出，563、782、1161、1360有模糊；未出现支持单片叶的结构。,GPT-6 Astra Pro,2026-10-06,depthtrack,pine01_indoor,00000001,0,1549,images/123.jpg,target_crops/123.jpg,videos/123.mp4,0 | 0 | 5 | 20,yes,images/123.jpg | target_crops/123.jpg,no,,,pending,false,,,,
initial,124,target,green | round,0 | 33 | 95 | 153 | 204 | 259 | 306 | 338 | 381,uncertain,object,very dark small region | faint elongated silhouette against foliage,无明确冲突：目标过暗、过小，不能由轮廓不清推定原属性错误,green | round：颜色与形状均缺少足够清晰依据；具体类别、纹理和边界受极暗、极小目标限制,uncertain,uncertain,补充视频仍未提供可可靠新增的稳定属性；仅有模糊、极暗的局部轮廓,红框在伸出的手前方，初始42×17目标区域与灌木背景近乎混在一起，不能依据文件名或相邻序列推断。,实际看过九帧目标裁剪图target_crops/124.jpg，零基源帧[0 | 33 | 95 | 153 | 204 | 259 | 306 | 338 | 381]；初始化主图下方上下文零基[0 | 0 | 5 | 20]（含重复首帧）。33、95、153、259、306、338、381仍极暗，204在地面背景上也模糊；当前稀疏图板不足以确定类别，需要视频和人工复核。 补充视频：补充视频九次抽样仍然很暗，手前方仅见模糊小物/枝条样轮廓；未获得足以确认物类、圆形或固有绿色的新证据。,GPT-6 Astra Pro,2026-10-06,depthtrack,pine02_wild_320,00000001,0,382,images/124.jpg,target_crops/124.jpg,videos/124.mp4,0 | 0 | 5 | 20,yes,images/124.jpg | target_crops/124.jpg,yes,MP4解码帧（零基）/视频秒：0@0.000s | 15@1.875s | 30@3.750s | 45@5.625s | 60@7.500s | 76@9.500s | 91@11.375s | 106@13.250s | 121@15.125s；9次抽样，非全片逐帧观看，不能当作原始源帧号,,pending,false,,,,
initial,125,shoe,black | suede,0 | 195 | 391 | 586 | 789 | 1119 | 1314 | 1516 | 1711,supported,shoe,black/dark | low-top laced shoe | rounded toe | pale scuff-like marks,无明确类别冲突,suede：不能从远小图像确认绒面皮；鞋材、品牌、左右脚未知,yes,clear,后帧侧面、鞋带与浅斑更清楚，材质仍未知,首帧红框选择穿短裤人物靠右的一只黑鞋，其他人物和同一人的另一只鞋都可见；不借其他鞋的白边属性。,实际看过九帧目标裁剪图target_crops/125.jpg，零基源帧[0 | 195 | 391 | 586 | 789 | 1119 | 1314 | 1516 | 1711]；初始化主图下方上下文零基[0 | 0 | 5 | 20]（含重复首帧）。195、586帧鞋带更可见，789被蓝裤腿遮挡，1119侧面有浅斑，1711侧形较清楚；不能由颜色变化推断换鞋。,GPT-6 Astra Pro,2026-10-06,depthtrack,shoes01_indoor,00000001,0,1712,images/125.jpg,target_crops/125.jpg,videos/125.mp4,0 | 0 | 5 | 20,yes,images/125.jpg | target_crops/125.jpg,no,,,pending,false,,,,
initial,126,shoe,blue | rubber sole | black sock,0 | 184 | 368 | 557 | 741 | 924 | 1108 | 1292 | 1477,supported,shoe,dark blue/black-looking laced upper | low-top shape | rounded toe | thick sole | small pale marks,black sock：袜子是足踝穿着上下文，不是鞋本体属性,rubber sole：鞋底可见但具体材质不可仅凭画面确认；蓝色受光照影响，品牌未知,yes,clear,后帧补充侧缝和鞋底轮廓，不确认橡胶成分,红框是画面右边的一只鞋，左边另有同款鞋；黑袜位于鞋上方。,实际看过九帧目标裁剪图target_crops/126.jpg，零基源帧[0 | 184 | 368 | 557 | 741 | 924 | 1108 | 1292 | 1477]；初始化主图下方上下文零基[0 | 0 | 5 | 20]（含重复首帧）。184、741、924侧面可见接缝，1108、1292移动模糊，1477前视有浅斑；不将临时动作或污点成因当身份。,GPT-6 Astra Pro,2026-10-06,depthtrack,shoes03_indoor,00000001,0,1478,images/126.jpg,target_crops/126.jpg,videos/126.mp4,0 | 0 | 5 | 20,yes,images/126.jpg | target_crops/126.jpg,no,,,pending,false,,,,
initial,127,skateboard,black deck | red wheels,0 | 276 | 558 | 834 | 1160 | 1475 | 1808 | 2083 | 2359,supported,skateboard,dark elongated deck | red/orange wheels | raised rounded ends | small red fastener details,无明确冲突,板材、轮子材料、品牌型号和承重未知,no,clear,后帧补充表面细纹和轮架外形，首帧细节不全,红框为地上单个四轮滑板，凳子和桌边线缆均为背景。,实际看过九帧目标裁剪图target_crops/127.jpg，零基源帧[0 | 276 | 558 | 834 | 1160 | 1475 | 1808 | 2083 | 2359]；初始化主图下方上下文零基[0 | 0 | 5 | 20]（含重复首帧）。276、558、1808不同倾斜角度，834、1160、1475被鞋踩住部分，2359重新见整体；鞋不是滑板组件。,GPT-6 Astra Pro,2026-10-06,depthtrack,skateboard01_indoor,00000001,0,2360,images/127.jpg,target_crops/127.jpg,videos/127.mp4,0 | 0 | 5 | 20,yes,images/127.jpg | target_crops/127.jpg,no,,,pending,false,,,,
initial,128,skateboard,black deck | red wheels,0 | 245 | 490 | 736 | 981 | 1233 | 1484 | 1730 | 1975,supported,skateboard,dark textured deck | red/orange wheels | rounded upturned end | small red fasteners,无明确冲突,滑板具体材料、型号和载重不可确认；旁边纸盒不作为滑板配件,no,clear,245帧显示底部轮轴与结构，这些在首帧不完整可见,红框以滑板为目标，同时边缘包含浅棕纸盒的一部分；纸盒、鞋和人物不并入描述。,实际看过九帧目标裁剪图target_crops/128.jpg，零基源帧[0 | 245 | 490 | 736 | 981 | 1233 | 1484 | 1730 | 1975]；初始化主图下方上下文零基[0 | 0 | 5 | 20]（含重复首帧）。245帧翻转见黑色底面和轮轴，981竖拿，1484轮子运动模糊，1730、1975被鞋踩住；目标仍是滑板本身。,GPT-6 Astra Pro,2026-10-06,depthtrack,skateboard02_indoor,00000001,0,1976,images/128.jpg,target_crops/128.jpg,videos/128.mp4,0 | 0 | 5 | 20,yes,images/128.jpg | target_crops/128.jpg,no,,,pending,false,,,,
initial,129,speaker,gray | rectangular | textured,0 | 410 | 803 | 1226 | 1707 | 2138 | 2540 | 3013 | 3400,supported,portable speaker,gray rectangular body | large white JBL lettering | textured grille-like face,无明确类别冲突,品牌真伪、音频性能、材质与防水性不可确认；文字作为可见图案不代表身份鉴定,no,clear,后帧补充侧面与格栅细节，不确认接口和功能性能,红框为桌上直立灰色小音箱，黑白猫和窗边书物不是目标；JBL仅记录可见字样。,实际看过九帧目标裁剪图target_crops/129.jpg，零基源帧[0 | 410 | 803 | 1226 | 1707 | 2138 | 2540 | 3013 | 3400]；初始化主图下方上下文零基[0 | 0 | 5 | 20]（含重复首帧）。410、2138、2540显示条纹/格栅样表面，803、3013侧转，3400字样重新清楚；不将不同反光面当不同器物。,GPT-6 Astra Pro,2026-10-06,depthtrack,speaker_indoor,00000001,0,3401,images/129.jpg,target_crops/129.jpg,videos/129.mp4,0 | 0 | 5 | 20,yes,images/129.jpg | target_crops/129.jpg,no,,,pending,false,,,,
initial,130,camera,black body | silver lens,0 | 100 | 200 | 300 | 400 | 500 | 600 | 700 | 800,conflicting,adjustable mounting bracket,black jointed frame | circular silver-colored center plate | several knobs/clamps,camera | silver lens：银色圆盘有多个孔洞及结构件，未见镜头光学表面；整体更像夹持/支撑装置,具体夹具用途、品牌、连接规格、材料不确定,no,clear,后帧显示夹口和关节布局，初始圆盘功能仍不明确,红框是手持黑色关节夹架及银色圆盘，不是人物面部或相机机身；保持宽泛器件名称。,实际看过九帧目标裁剪图target_crops/130.jpg，零基源帧[0 | 100 | 200 | 300 | 400 | 500 | 600 | 700 | 800]；初始化主图下方上下文零基[0 | 0 | 5 | 20]（含重复首帧）。100、300见圆盘与旋钮，400、600见长方夹口，700、800见多段关节；200主要被手遮挡，不能据手掌补构造。 补充视频：补充视频转面可见关节、夹口、旋钮与带孔银色圆盘，未见可确认的光学镜头；支持可调夹持/支撑器件，具体用途仍未知。,GPT-6 Astra Pro,2026-10-06,depthtrack,stand_indoor,00000001,0,801,images/130.jpg,target_crops/130.jpg,videos/130.mp4,0 | 0 | 5 | 20,yes,images/130.jpg | target_crops/130.jpg,yes,MP4解码帧（零基）/视频秒：0@0.000s | 32@4.000s | 64@8.000s | 96@12.000s | 128@16.000s | 159@19.875s | 191@23.875s | 223@27.875s | 255@31.875s；9次抽样，非全片逐帧观看，不能当作原始源帧号,,pending,false,,,,
initial,131,laptop,black | closed,0 | 157 | 314 | 470 | 627 | 873 | 1029 | 1225 | 1400,conflicting,suitcase,black | upright rectangular body | rounded upper corners | front panel seams/zipper | small light label,laptop | closed：红框是竖立行李箱，不是合盖电脑,外壳软硬/纤维、品牌、内部容量与轮子数量不可从首帧确定,yes,clear,后帧侧面厚度和拉链结构更清楚，首帧未见完整底部,红框选中前景靠右的黑色行李箱，左后有另一只更大行李箱；墙边吉他包不能并入。,实际看过九帧目标裁剪图target_crops/131.jpg，零基源帧[0 | 157 | 314 | 470 | 627 | 873 | 1029 | 1225 | 1400]；初始化主图下方上下文零基[0 | 0 | 5 | 20]（含重复首帧）。157可见网格样前袋，314、470、627、873翻到侧背面，1029、1225、1400回到前面；后续开合状态不作为首帧属性。,GPT-6 Astra Pro,2026-10-06,depthtrack,suitcase_indoor,00000001,0,1401,images/131.jpg,target_crops/131.jpg,videos/131.mp4,0 | 0 | 5 | 20,yes,images/131.jpg | target_crops/131.jpg,no,,,pending,false,,,,
initial,132,swinging seat,black seat | metal frame,0 | 70 | 140 | 210 | 280 | 351 | 421 | 491 | 561,supported,bucket swing seat,black bucket-shaped seat | protective vertical bars | suspension chains | rounded top rail,metal frame：若指整个红色支架，其在红框外，不能归入目标本体属性,座桶/栏杆的具体材质、儿童适用年龄和承重不确定,yes,clear,球体是后续加入的物体，不写入首帧座椅稳定属性,红框为较近的空座桶秋千，右后方还有另一座秋千；红色支撑架属于场景。,实际看过九帧目标裁剪图target_crops/132.jpg，零基源帧[0 | 70 | 140 | 210 | 280 | 351 | 421 | 491 | 561]；初始化主图下方上下文零基[0 | 0 | 5 | 20]（含重复首帧）。140、210帧座内出现彩色球体，首帧为空；280、351、421、491、561不同摆角显示座桶和链条。,GPT-6 Astra Pro,2026-10-06,depthtrack,swing01_wild,00000001,0,562,images/132.jpg,target_crops/132.jpg,videos/132.mp4,0 | 0 | 5 | 20,yes,images/132.jpg | target_crops/132.jpg,no,,,pending,false,,,,
initial,133,swings,black seat | metal frame,0 | 97 | 194 | 294 | 391 | 488 | 585 | 682 | 779,supported,bucket swing seat,black/dark bucket seat | pale vertical rails | suspension chains | small distant view,metal frame：外侧红色A形支架不属于所选座椅；具体材料不能直接确认,座内彩色物体的类别与是否固定配件、品牌和用途细节不确定,yes,clear,后帧更清楚显示座内球状物与栏杆，但其不是座椅本体,红框选中较远、较小的右侧座桶秋千，左侧大秋千是同类竞争物；内部彩色区域与座椅区分。,实际看过九帧目标裁剪图target_crops/133.jpg，零基源帧[0 | 97 | 194 | 294 | 391 | 488 | 585 | 682 | 779]；初始化主图下方上下文零基[0 | 0 | 5 | 20]（含重复首帧）。194至779帧可见座内圆形彩色球状物，97只有座底窄裁剪；不把球的颜色当成座椅表面花纹。,GPT-6 Astra Pro,2026-10-06,depthtrack,swing02_wild,00000001,0,780,images/133.jpg,target_crops/133.jpg,videos/133.mp4,0 | 0 | 5 | 20,yes,images/133.jpg | target_crops/133.jpg,no,,,pending,false,,,,
initial,134,shirt,light blue | short-sleeved,0 | 90 | 180 | 269 | 359 | 449 | 538 | 661 | 786,conflicting,cup / mug,white/light body | large black-and-white floral pattern | rounded rim,shirt | light blue | short-sleeved：这些描述了持物人的上衣，非红框杯子,杯体具体材质、品牌和容量不确定；初始把手未完整显出,no,clear,后帧露出另一面花纹和杯底边缘，首帧不确认完整图案数,红框为手中黑白图纹杯状容器，人物衣服是框外背景；大白色瓣形图案与黑底共同可见。,实际看过九帧目标裁剪图target_crops/134.jpg，零基源帧[0 | 90 | 180 | 269 | 359 | 449 | 538 | 661 | 786]；初始化主图下方上下文零基[0 | 0 | 5 | 20]（含重复首帧）。90、180、449、538、786翻转见图案，269、359、661过曝；不据强光补材质或未见文字。,GPT-6 Astra Pro,2026-10-06,depthtrack,teacup_indoor,00000001,0,787,images/134.jpg,target_crops/134.jpg,videos/134.mp4,0 | 0 | 5 | 20,yes,images/134.jpg | target_crops/134.jpg,no,,,pending,false,,,,
initial,135,clock,wooden frame | blue face | numbered hands,0 | 223 | 450 | 673 | 896 | 1118 | 1349 | 1572 | 1795,conflicting,cylindrical bottle / thermos-like container,blue/turquoise | tall cylindrical body | dark lid seam | vertical white lettering,clock | wooden frame | blue face | numbered hands：描述来自右后方装饰时钟，不是红框目标,保温功能、容器材质、字样全文和品牌不作确定判断,no,clear,后帧显示圆底和另一侧，不确认保温能力,红框是桌前细长蓝色容器，旁边有彩绘时钟；二者不能因相邻而交换类别。,实际看过九帧目标裁剪图target_crops/135.jpg，零基源帧[0 | 223 | 450 | 673 | 896 | 1118 | 1349 | 1572 | 1795]；初始化主图下方上下文零基[0 | 0 | 5 | 20]（含重复首帧）。223、673、896模糊和侧倒，1349、1572可见圆形底面，1795白字更清楚；1118包含背景时钟边缘而非容器装饰。,GPT-6 Astra Pro,2026-10-06,depthtrack,thermos01_indoor,00000001,0,1796,images/135.jpg,target_crops/135.jpg,videos/135.mp4,0 | 0 | 5 | 20,yes,images/135.jpg | target_crops/135.jpg,no,,,pending,false,,,,
initial,136,coffee maker,black body | green accents | digital display,0 | 191 | 383 | 574 | 771 | 962 | 1153 | 1390 | 1590,conflicting,electric kettle,black/dark cylindrical body | side loop handle | narrow water-level window | top lid | small front emblem,coffee maker | digital display：可见的是水位观察窗，不是数字屏，整体为壶形结构,green accents：主要受环境反射影响，未确认固有绿色装饰；容量、品牌、功能状态不可确认,no,clear,后帧更清楚显示把手、水位窗与倾倒角度，不推测是否装水,红框是人物手握的电热水壶样容器，右侧蓝杯和其他杯子不是壶的组成部分。,实际看过九帧目标裁剪图target_crops/136.jpg，零基源帧[0 | 191 | 383 | 574 | 771 | 962 | 1153 | 1390 | 1590]；初始化主图下方上下文零基[0 | 0 | 5 | 20]（含重复首帧）。574、771见侧面反射，962倾斜，1153、1390、1590见把手和水位窗；未见数码读数或咖啡冲煮组件。,GPT-6 Astra Pro,2026-10-06,depthtrack,thermos02_indoor,00000001,0,1591,images/136.jpg,target_crops/136.jpg,videos/136.mp4,0 | 0 | 5 | 20,yes,images/136.jpg | target_crops/136.jpg,no,,,pending,false,,,,
initial,137,toilet paper,white | textured,0 | 384 | 776 | 1160 | 1546 | 1930 | 2317 | 2700 | 3085,supported,toilet paper roll,white | cylindrical roll | embossed/wrinkled surface | layered edge,无明确冲突,纸浆种类、柔软度、层数、品牌及卫生用途性能不可由图板确认,yes,clear,后帧清楚显示纸芯和截面，首帧未完整展示,红框选中纸堆前下方单个纸卷，不是整个堆叠；周围多只相似纸卷，需保留协议范围。,实际看过九帧目标裁剪图target_crops/137.jpg，零基源帧[0 | 384 | 776 | 1160 | 1546 | 1930 | 2317 | 2700 | 3085]；初始化主图下方上下文零基[0 | 0 | 5 | 20]（含重复首帧）。776、1546、1930、2317、3085可见中心孔和卷绕截面，1160模糊，2700侧表面压纹较清楚；不能证明所有中间遮挡身份链。,GPT-6 Astra Pro,2026-10-06,depthtrack,toiletpaper02_indoor,00000001,0,3086,images/137.jpg,target_crops/137.jpg,videos/137.mp4,0 | 0 | 5 | 20,yes,images/137.jpg | target_crops/137.jpg,no,,,pending,false,,,,
initial,138,wii remote,white | rectangular | smooth,0 | 204 | 408 | 693 | 912 | 1161 | 1436 | 1640 | 1844,conflicting,paper roll,white/light surface | compact cylindrical/slab-like side silhouette | slightly rounded edges,wii remote | rectangular：未见遥控器按钮排列；后帧清楚为中空纸卷,首帧过亮且侧对镜头，纸芯、压纹、纸张种类和柔软度不可确认,no,coarse_only,后帧的中空纸芯和卷绕结构不能作为首帧已清晰观察的细节,红框是人物身旁悬挂的白色小物体，首帧投影近方形但不是遥控器证据。,实际看过九帧目标裁剪图target_crops/138.jpg，零基源帧[0 | 204 | 408 | 693 | 912 | 1161 | 1436 | 1640 | 1844]；初始化主图下方上下文零基[0 | 0 | 5 | 20]（含重复首帧）。408、693、1436、1640帧可见圆孔和纸卷端面，204、912模糊/过亮；这些后帧支持纸卷类别。,GPT-6 Astra Pro,2026-10-06,depthtrack,toiletpaper03_indoor,00000001,0,1845,images/138.jpg,target_crops/138.jpg,videos/138.mp4,0 | 0 | 5 | 20,yes,images/138.jpg | target_crops/138.jpg,no,,,pending,false,,,,
initial,139,cup,white | round bottom,0 | 141 | 282 | 424 | 565 | 707 | 849 | 1015 | 1156,conflicting,paper roll,white cylindrical body | straight side profile | faint fine surface texture,cup：后帧显示卷纸中心孔及卷绕截面，未见容器杯腔；round bottom并非杯底证据,首帧只見侧面，纸芯及材质种类不清；用途、品牌和层数未知,no,coarse_only,后帧纸芯孔支持纸卷类别，首帧不加入端面结构,红框是桌沿白色圆柱物，旁边饮料罐不属于目标；首帧缺少端面，需要后帧辨别。,实际看过九帧目标裁剪图target_crops/139.jpg，零基源帧[0 | 141 | 282 | 424 | 565 | 707 | 849 | 1015 | 1156]；初始化主图下方上下文零基[0 | 0 | 5 | 20]（含重复首帧）。707、1156帧可见纸芯孔，282、565侧面对光，141、424、849、1015强过曝；不将白亮块解释成杯子。,GPT-6 Astra Pro,2026-10-06,depthtrack,toiletpaper04_indoor,00000001,0,1157,images/139.jpg,target_crops/139.jpg,videos/139.mp4,0 | 0 | 5 | 20,yes,images/139.jpg | target_crops/139.jpg,no,,,pending,false,,,,
initial,140,remote control,white body | yellow accents | button on top,0 | 157 | 314 | 471 | 628 | 784 | 941 | 1098 | 1263,conflicting,penguin-shaped toy / ornament,white front | black/dark back edge | yellow beak and feet | small dark text on torso,remote control | button on top：黄色顶端是企鹅嘴形部位，未見按键布局,具体材料、玩具是否兼有电子功能、品牌文字和内部结构不确定,no,clear,后帧补充黑色背面和侧形，不能确定电子用途,红框为手持企鹅形小摆件，不是白黄遥控器；手、腕表及床被不属于目标。,实际看过九帧目标裁剪图target_crops/140.jpg，零基源帧[0 | 157 | 314 | 471 | 628 | 784 | 941 | 1098 | 1263]；初始化主图下方上下文零基[0 | 0 | 5 | 20]（含重复首帧）。314、471、784、1098显示深色背面，628倒转见嘴脚形状，1263侧面更清楚；不据圆润外形断言塑料或软胶。,GPT-6 Astra Pro,2026-10-06,depthtrack,toy01_indoor,00000001,0,1264,images/140.jpg,target_crops/140.jpg,videos/140.mp4,0 | 0 | 5 | 20,yes,images/140.jpg | target_crops/140.jpg,no,,,pending,false,,,,
initial,141,action figure,red and purple outfit | holding a basketball | wearing a hat,0 | 158 | 315 | 472 | 630 | 788 | 945 | 1102 | 1277,supported,figurine,cartoon-like humanoid shape | orange/brown and reddish tones | dark body/clothing areas | bulky head and feet,无明确冲突；原细节缺乏足够可辨证据，未见不等于不具备,wearing a hat、具体服装颜色、手持球形物是否篮球、材料及角色名均不确定,uncertain,coarse_only,后帧显出复杂雕塑细节与圆形附件，不能回填成首帧确定篮球/帽子；补充视频后段另出现尖帽胡须摆件，不能将其属性迁到本目标,红框是柜顶小型人形摆件；首帧40×52较小偏暗，不能识别人物或虚构角色身份，旁边黑色物体类别也不明。,实际看过九帧目标裁剪图target_crops/141.jpg，零基源帧[0 | 158 | 315 | 472 | 630 | 788 | 945 | 1102 | 1277]；初始化主图下方上下文零基[0 | 0 | 5 | 20]（含重复首帧）。158、630、945帧举近后面部造型和圆形附件更清楚，但未清晰见篮球缝线；315、472、788、1102模糊。 补充视频：补充视频中人物先拿取小型人形摆件，随后又拿出另一件尖帽胡须摆件；后者不能当作初始化目标的新视角。圆形附件仍未清楚显现篮球缝线，不确认篮球或帽子细节。,GPT-6 Astra Pro,2026-10-06,depthtrack,toy03_indoor,00000001,0,1278,images/141.jpg,target_crops/141.jpg,videos/141.mp4,0 | 0 | 5 | 20,yes,images/141.jpg | target_crops/141.jpg,yes,MP4解码帧（零基）/视频秒：0@0.000s | 51@6.375s | 102@12.750s | 153@19.125s | 204@25.500s | 255@31.875s | 306@38.250s | 357@44.625s | 408@51.000s；9次抽样，非全片逐帧观看，不能当作原始源帧号,,pending,false,,,,
initial,142,vegetable,pumpkin | carved face | orange skin,0 | 140 | 279 | 418 | 558 | 698 | 837 | 976 | 1116,uncertain,decorated gourd-like object,elongated tan/orange body | bulbous lower end | small top stalk | dark triangular-eye and mouth pattern,无明确属性冲突；只见深色脸形图案，是否挖空雕刻尚不确定,pumpkin | carved face：具体植物种类、是否真实植物/仿制品、雕刻或平面绘制均未完全确认；可食性与材料未知,no,coarse_only,后帧补充底部斑点与另一面，不补品种和材料真值,红框是细长瓜形装饰物，形状不像常见扁圆南瓜；仅凭外形保留gourd-like而不确定植物分类或用途。,实际看过九帧目标裁剪图target_crops/142.jpg，零基源帧[0 | 140 | 279 | 418 | 558 | 698 | 837 | 976 | 1116]；初始化主图下方上下文零基[0 | 0 | 5 | 20]（含重复首帧）。279、976帧圆底可见，418、558、1116脸形图案较清楚，698转倒；仍无法由图片确认是真瓜还是道具。 补充视频：补充视频显示细长瓜形装饰物及黑色脸形图案，转面可见圆底；仍无法从这些采样确认是真实植物还是仿制品，也未清楚证明脸部为挖空雕刻。,GPT-6 Astra Pro,2026-10-06,depthtrack,toy04_indoor,00000001,0,1117,images/142.jpg,target_crops/142.jpg,videos/142.mp4,0 | 0 | 5 | 20,yes,images/142.jpg | target_crops/142.jpg,yes,MP4解码帧（零基）/视频秒：0@0.000s | 44@5.500s | 89@11.125s | 134@16.750s | 178@22.250s | 222@27.750s | 267@33.375s | 312@39.000s | 356@44.500s；9次抽样，非全片逐帧观看，不能当作原始源帧号,,pending,false,,,,
initial,143,phone,white case | camera on back,0 | 168 | 336 | 504 | 672 | 839 | 1007 | 1175 | 1343,conflicting,gnome-like decorative figurine,tall dark conical hat | light chevron-like marks | round beige nose | gray fibrous beard,phone | white case | camera on back：这些不属于红框中的尖帽胡须摆件,精确材料、品牌、角色名以及纤维成分不确认,no,clear,后帧显示帽子另一侧和胡须长度；首帧不确认全部图案,红框是人物手中尖帽长须小摆件，另一只手拿的白色企鹅形物为另一目标，不混合两者属性。,实际看过九帧目标裁剪图target_crops/143.jpg，零基源帧[0 | 168 | 336 | 504 | 672 | 839 | 1007 | 1175 | 1343]；初始化主图下方上下文零基[0 | 0 | 5 | 20]（含重复首帧）。504、672、839、1343帧帽标和圆鼻清晰，336、1175见暗色另一侧及胡须；不将装饰摆件当真人。,GPT-6 Astra Pro,2026-10-06,depthtrack,toy05_indoor,00000001,0,1344,images/143.jpg,target_crops/143.jpg,videos/143.mp4,0 | 0 | 5 | 20,yes,images/143.jpg | target_crops/143.jpg,no,,,pending,false,,,,
initial,144,book,blue cover | text on spine,0 | 157 | 313 | 470 | 626 | 783 | 940 | 1111 | 1272,conflicting,gnome-like decorative figurine,dark green/gray tall pointed hat | gray wavy beard-like fibers | small squat base,book | blue cover | text on spine：目标是立体尖帽长须摆件，没有书页/书脊证据,初始背侧朝向镜头，鼻子和正面标志不可确认；材质、品牌未知,no,clear,后帧首次清晰显示圆鼻及帽正面标记，不作为首帧已见属性,红框选中桌面尖帽摆件，右侧白企鹅摆件和屏幕不属于该目标。,实际看过九帧目标裁剪图target_crops/144.jpg，零基源帧[0 | 157 | 313 | 470 | 626 | 783 | 940 | 1111 | 1272]；初始化主图下方上下文零基[0 | 0 | 5 | 20]（含重复首帧）。157、313、783转到正面见圆鼻与浅色双折线标记，1111横放，1272局部模糊；正面信息与首帧背侧区分。,GPT-6 Astra Pro,2026-10-06,depthtrack,toy06_indoor,00000001,0,1281,images/144.jpg,target_crops/144.jpg,videos/144.mp4,0 | 0 | 5 | 20,yes,images/144.jpg | target_crops/144.jpg,no,,,pending,false,,,,
initial,145,doll,brown hair | striped shirt,0 | 122 | 292 | 455 | 673 | 834 | 1041 | 1244 | 1366,supported,plush animal doll,brown/tan head and limbs | dark branching antlers | blue-and-white striped top | dark shorts,brown hair：棕色部位主要是毛绒头部/鹿角造型，不能当真人头发,填充物、纤维、品牌及具体动物物种不确认；首帧36×45细小，衣上图案未可靠读出,no,clear,1366帧可见胸口徽样图案，首帧不能当成已可辨的旗帜或品牌,红框是手中悬挂的小毛绒动物玩偶，不是持物人；类别doll粗层面有支持。,实际看过九帧目标裁剪图target_crops/145.jpg，零基源帧[0 | 122 | 292 | 455 | 673 | 834 | 1041 | 1244 | 1366]；初始化主图下方上下文零基[0 | 0 | 5 | 20]（含重复首帧）。122、673、1366较清楚见鹿角、鼻子和条纹衣，1366胸口有红白蓝图案；其他帧有侧转、模糊或局部裁剪。,GPT-6 Astra Pro,2026-10-06,depthtrack,toy07_indoor_320,00000001,0,1367,images/145.jpg,target_crops/145.jpg,videos/145.mp4,0 | 0 | 5 | 20,yes,images/145.jpg | target_crops/145.jpg,no,,,pending,false,,,,
initial,146,toy,brown body | striped shirt | sitting posture,0 | 253 | 509 | 762 | 1014 | 1271 | 1531 | 1789 | 2047,supported,plush animal toy,tan/brown muzzle and limbs | dark antlers | blue-and-white striped shirt | dark shorts,sitting posture：首帧玩偶由头顶链环悬挂，双腿下垂，不是坐姿,毛绒纤维与填充物、品牌、确切动物分类不确定,no,clear,后帧胸口红白蓝小图案和背面衣纹更明显,红框为被链环悬起的鹿形毛绒小玩具，旁边时钟与笔记本不是目标属性。,实际看过九帧目标裁剪图target_crops/146.jpg，零基源帧[0 | 253 | 509 | 762 | 1014 | 1271 | 1531 | 1789 | 2047]；初始化主图下方上下文零基[0 | 0 | 5 | 20]（含重复首帧）。253、509帧正面更清楚，762侧面，1014背部，1789有手遮挡，2047局部离框；不把短时弯折描述为固定坐姿。,GPT-6 Astra Pro,2026-10-06,depthtrack,toy08_indoor,00000001,0,2048,images/146.jpg,target_crops/146.jpg,videos/146.mp4,0 | 0 | 5 | 20,yes,images/146.jpg | target_crops/146.jpg,no,,,pending,false,,,,
initial,147,construction vehicle,orange and black | crane arm extended | tires visible,0 | 168 | 265 | 362 | 458 | 554 | 732 | 849 | 995,supported,construction-vehicle toy,orange and black body | small dark wheels | raised pale lattice arm | dark end attachment,construction vehicle若指真实工程车则不符比例；应明确是小型模型/玩具,品牌、动力方式、材质和机械用途不确认；细线是悬挂背景，不属于车辆功能,no,clear,后帧补充格构臂与底盘角度，首帧只记录可见粗结构,红框是悬起的小工程车模型，图中轮子及臂架有支持；不把墙边黑色长杆认成车臂。,实际看过九帧目标裁剪图target_crops/147.jpg，零基源帧[0 | 168 | 265 | 362 | 458 | 554 | 732 | 849 | 995]；初始化主图下方上下文零基[0 | 0 | 5 | 20]（含重复首帧）。362和995帧轮轴及格构臂更清楚，168、458、732模糊，554、849过曝；不在模糊帧补机械结构。,GPT-6 Astra Pro,2026-10-06,depthtrack,toy10_indoor,00000001,0,996,images/147.jpg,target_crops/147.jpg,videos/147.mp4,0 | 0 | 5 | 20,yes,images/147.jpg | target_crops/147.jpg,no,,,pending,false,,,,
initial,148,stuffed animal,beige color | dog-like shape | open mouth,0 | 111 | 222 | 333 | 444 | 555 | 666 | 777 | 1000,supported,stuffed dog,beige plush-like surface | floppy ears | dangling legs | open mouth with pink tongue | dark nose,无明确类别冲突,填充物、材料、品牌以及是否存在两个独立玩具不能仅凭镜像认定,yes,clear,后帧正脸及腹部更清楚，反射不属于另一实体身份,红框主要对应前景实体毛绒狗，下后方相似狗影来自镜面反射；同类视觉干扰为是，但不声称有两个物理玩具。,实际看过九帧目标裁剪图target_crops/148.jpg，零基源帧[0 | 111 | 222 | 333 | 444 | 555 | 666 | 777 | 1000]；初始化主图下方上下文零基[0 | 0 | 5 | 20]（含重复首帧）。111、333、444、777、1000显示实体与镜像不同投影，222见正脸，666侧转；应保持实体/成像关系，不能按影像数量计物体。,GPT-6 Astra Pro,2026-10-06,depthtrack,toydog_indoor,00000001,0,1001,images/148.jpg,target_crops/148.jpg,videos/148.mp4,0 | 0 | 5 | 20,yes,images/148.jpg | target_crops/148.jpg,no,,,pending,false,,,,
initial,149,metal can,silver | round | metallic,0 | 117 | 234 | 351 | 468 | 585 | 747 | 864 | 981,supported,cylindrical metal-looking bin,shiny silver-colored side | circular open top | tall cylindrical body | dark interior,无明确粗类别冲突,metallic是外观而非成分检测；具体合金、是否垃圾桶、容量未知,yes,clear,后帧可见底面与内壁，不新增材料成分结论,红框选中较高、未套黑袋的圆柱桶，左侧套袋桶为另一近似物体；不把袋子移作目标属性。,实际看过九帧目标裁剪图target_crops/149.jpg，零基源帧[0 | 117 | 234 | 351 | 468 | 585 | 747 | 864 | 981]；初始化主图下方上下文零基[0 | 0 | 5 | 20]（含重复首帧）。117、468、747显示开口及内壁，234、351、864显示圆底，585横放；侧面偏蓝或偏橙主要反射环境。,GPT-6 Astra Pro,2026-10-06,depthtrack,trashbin_indoor,00000001,0,982,images/149.jpg,target_crops/149.jpg,videos/149.mp4,0 | 0 | 5 | 20,yes,images/149.jpg | target_crops/149.jpg,no,,,pending,false,,,,
initial,150,bush,green leaves | shrub-like,0 | 193 | 385 | 583 | 799 | 1035 | 1228 | 1420 | 1636,supported,bush / shrub,green dense foliage | low rounded mound shape | many short narrow needle-like leaves | small reddish-brown patches,无明确类别冲突,具体植物种、常绿属性及修剪方式不能由这些图像确定；首帧不细判针叶长度,no,clear,后帧可见细枝和针叶簇，物种仍不确定,红框覆盖草地上的一整株低矮灌木，草、道路和远处树木不属于目标。,实际看过九帧目标裁剪图target_crops/150.jpg，零基源帧[0 | 193 | 385 | 583 | 799 | 1035 | 1228 | 1420 | 1636]；初始化主图下方上下文零基[0 | 0 | 5 | 20]（含重复首帧）。193、385、583、1035、1228、1420针叶簇和枝条更清楚，799有模糊；角度变化不视为另一株植物。,GPT-6 Astra Pro,2026-10-06,depthtrack,tree_wild,00000001,0,1637,images/150.jpg,target_crops/150.jpg,videos/150.mp4,0 | 0 | 5 | 20,yes,images/150.jpg | target_crops/150.jpg,no,,,pending,false,,,,
initial,151,trophy,gold | feathered wings | cylindrical base,0 | 68 | 136 | 204 | 272 | 372 | 452 | 535 | 615,supported,trophy,gold-colored cup | wing/feather-like curved stem | narrow pedestal | rectangular block base,cylindrical base：最下方底座明显为长方体块状，非圆柱,是否金属/镀金、奖项内容和铭牌文字未知；翼形装饰不代表真实羽毛,no,clear,后帧显示另一侧装饰和底面，不确认铭文,红框为悬挂奖杯整体，杯口与弯曲装饰杆清楚；不从奖杯外形推断获奖者或赛事。,实际看过九帧目标裁剪图target_crops/151.jpg，零基源帧[0 | 68 | 136 | 204 | 272 | 372 | 452 | 535 | 615]；初始化主图下方上下文零基[0 | 0 | 5 | 20]（含重复首帧）。68、136、272、535强光或模糊，372、615较清楚见方底和杯体，452侧面变窄；首帧金色不能解释为纯金。,GPT-6 Astra Pro,2026-10-06,depthtrack,trophy_indoor,00000001,0,616,images/151.jpg,target_crops/151.jpg,videos/151.mp4,0 | 0 | 5 | 20,yes,images/151.jpg | target_crops/151.jpg,no,,,pending,false,,,,
initial,152,guitar,wooden body | curved neck | straps,0 | 199 | 399 | 598 | 798 | 997 | 1196 | 1396 | 1595,uncertain,small acoustic string instrument,brown wood-like body | waisted sound box | slender neck | headstock with tuning pegs,curved neck：所见琴颈主要为直线结构，斜置不代表弯曲,guitar与ukulele等细分类、弦数、木材种类、品牌及是否带背带需更清楚正面证据；straps：未能确认背带，不能据未见断言没有,no,coarse_only,后帧声孔和弦列较清楚，仅用于线下类别补证，不回填成首帧精确弦数,红框为人物手持的小型拨弦乐器，首帧以侧面为主，人物头脸及衣服不能并入目标属性。,实际看过九帧目标裁剪图target_crops/152.jpg，零基源帧[0 | 199 | 399 | 598 | 798 | 997 | 1196 | 1396 | 1595]；初始化主图下方上下文零基[0 | 0 | 5 | 20]（含重复首帧）。199、399、1396帧正面声孔和弦更清楚，598竖置，798侧面，1595放平；可支持小型箱式弦乐器，细分类暂保留。 补充视频：补充视频显示小型共鸣箱、声孔、琴颈及调音钮，不同角度更支持小型原声弦乐器；弦数、具体乐器细类及背带没有足够可辨证据，保留粗标签。,GPT-6 Astra Pro,2026-10-06,depthtrack,ukulele02_indoor,00000001,0,1596,images/152.jpg,target_crops/152.jpg,videos/152.mp4,0 | 0 | 5 | 20,yes,images/152.jpg | target_crops/152.jpg,yes,MP4解码帧（零基）/视频秒：0@0.000s | 64@8.000s | 128@16.000s | 191@23.875s | 255@31.875s | 319@39.875s | 382@47.750s | 446@55.750s | 510@63.750s；9次抽样，非全片逐帧观看，不能当作原始源帧号,,pending,false,,,,
