"reviewer_id","dataset","anchor_number","key","sequence","init_frame","status","confirmed_category","stable_attributes","uncertain_attributes","note","provisional_category","provisional_attributes","updated_at","human_confirmed","model_status","model_category","model_stable_attributes","model_uncertain_attributes","model_context_only_notes","model_evidence","model_reviewer"
"gb","vot","1","f2928564b3820da07b6fa178117c83400ad965fa3a50ffc8a7d409f95316d610","XMG_outside_2","00000001","conflicting","box","dark rectangular box; yellow-green XMG lettering","contents; material; physical surface texture","","box","purple; textured surface; rectangular shape","2026-10-05T15:26:52.867Z","true","corrected","box","dark rectangular box; yellow-green XMG lettering","contents; material; physical surface texture","","初始化索引 0：红框覆盖整件深色长方形盒，不是人物、文字本身或展开的电脑。","GPT-6 Astra Pro"
"gb","vot","2","d2eda87cb5433526666fb30bbabbd7dd9aa7ef5c8c830513180136ad7aef7829","XMG_outside_2","00000051","conflicting","box","dark rectangular box; yellow-green XMG lettering","contents; material; physical surface texture","","book","purple cover; text on cover","2026-10-05T15:26:56.539Z","true","corrected","box","dark rectangular box; yellow-green XMG lettering","contents; material; physical surface texture","","初始化索引 50：红框覆盖整件深色长方形盒，不是人物、文字本身或展开的电脑。","GPT-6 Astra Pro"
"gb","vot","3","524edeb9ca95e6c04933b6cfec1a22d1e9c580c6bcc8091e287a4f546b1d7ba3","XMG_outside_2","00000101","conflicting","box","dark rectangular box; green printed graphics","contents; material; physical surface texture","","package","green label; text on label","2026-10-05T15:27:00.628Z","true","corrected","box","dark rectangular box; green printed graphics","contents; material; physical surface texture","","初始化索引 100：红框覆盖整件深色长方形盒，不是人物、文字本身或展开的电脑。","GPT-6 Astra Pro"
"gb","vot","4","d0d53b991496d93fed825c91c15a9e9c63d4f3f5a6aadafa3805eaf93a47cc24","XMG_outside_2","00000151","conflicting","box","dark rectangular box; yellow-green XMG lettering","contents; material; physical surface texture","","laptop","black case; green text; closed","2026-10-05T14:42:28.507Z","true","corrected","box","dark rectangular box; yellow-green XMG lettering","contents; material; physical surface texture","","初始化索引 150：红框覆盖整件深色长方形盒，不是人物、文字本身或展开的电脑。","GPT-6 Astra Pro"
"gb","vot","5","e587196dc1a68a17e5985c82421d6eed68a947f6a25504a18dbabef9161e590f","XMG_outside_2","00000201","conflicting","box","dark rectangular box; yellow-green XMG lettering","contents; material; physical surface texture","","box","gray; textured; rectangular","2026-10-05T14:42:30.402Z","true","corrected","box","dark rectangular box; yellow-green XMG lettering","contents; material; physical surface texture","","初始化索引 200：红框覆盖整件深色长方形盒，不是人物、文字本身或展开的电脑。","GPT-6 Astra Pro"
"gb","vot","6","60ad8c72ad56b14e3d3154e24a8c4c607086e2ad46ea88d1cd6daf0417a31204","XMG_outside_2","00000251","conflicting","box","dark rectangular box; yellow-green XMG lettering","contents; material; physical surface texture","","laptop","black; XMG logo","2026-10-05T14:42:32.339Z","true","corrected","box","dark rectangular box; yellow-green XMG lettering","contents; material; physical surface texture","","初始化索引 250：红框覆盖整件深色长方形盒，不是人物、文字本身或展开的电脑。","GPT-6 Astra Pro"
"gb","vot","7","d7a077a4970493231a9c0962a2add7a732071e832b7f557f0e84137033d07369","XMG_outside_2","00000301","conflicting","box","dark rectangular box; yellow-green XMG lettering","contents; material; physical surface texture","","laptop","black; open; textured","2026-10-05T14:42:34.051Z","true","corrected","box","dark rectangular box; yellow-green XMG lettering","contents; material; physical surface texture","","初始化索引 300：红框覆盖整件深色长方形盒，不是人物、文字本身或展开的电脑。","GPT-6 Astra Pro"
"gb","vot","8","a17726cd9f6ffb6bcfb75a32894292c980aa804e852056a8327549ae2faa061b","XMG_outside_2","00000351","conflicting","box","dark rectangular box; yellow-green XMG lettering","contents; material; physical surface texture","","laptop","black; brand logo","2026-10-05T14:42:35.987Z","true","corrected","box","dark rectangular box; yellow-green XMG lettering","contents; material; physical surface texture","","初始化索引 350：红框覆盖整件深色长方形盒，不是人物、文字本身或展开的电脑。","GPT-6 Astra Pro"
"gb","vot","9","065a7080f4d69f8007ddbad162ccb1f5a5d5cd26e8fe09afb836e30d93dd681e","XMG_outside_2","00000401","conflicting","box","dark rectangular box; yellow-green XMG lettering","contents; material; physical surface texture","","book","purple cover; yellow text","2026-10-05T14:42:39.227Z","true","corrected","box","dark rectangular box; yellow-green XMG lettering","contents; material; physical surface texture","","初始化索引 400：红框覆盖整件深色长方形盒，不是人物、文字本身或展开的电脑。","GPT-6 Astra Pro"
"gb","vot","10","e0110c5fb0cfe27a1d5650cd4007847181809448f0f2c7892bd6e5098671d01e","XMG_outside_2","00000451","conflicting","box","dark rectangular box; yellow-green XMG lettering","contents; material; physical surface texture","","box","green and black; rectangular; text 'xmg'","2026-10-05T14:42:41.619Z","true","supported","box","dark rectangular box; yellow-green XMG lettering","contents; material; physical surface texture","","初始化索引 450：红框覆盖整件深色长方形盒，不是人物、文字本身或展开的电脑。","GPT-6 Astra Pro"
"gb","vot","11","405c910c8cf84f46daf1e29918aacd1cbe24d4a4c7db7e3837c3c0cb85ba72ad","XMG_outside_2","00000501","conflicting","box","dark rectangular box; yellow-green XMG lettering","contents; material; physical surface texture","","box","black; textured surface; rectangular shape","2026-10-05T14:42:45.075Z","true","corrected","box","dark rectangular box; yellow-green XMG lettering","contents; material; physical surface texture","","初始化索引 500：红框覆盖整件深色长方形盒，不是人物、文字本身或展开的电脑。","GPT-6 Astra Pro"
"gb","vot","12","b7c1df9375a588dd9f5c4d56f6b5f27ff9caca1f774ea640a20c9854f8b8c82c","XMG_outside_2","00000551","conflicting","box","dark rectangular box; yellow-green XMG lettering","contents; material; physical surface texture","","box","purple; textured surface; green text","2026-10-05T14:42:54.515Z","true","corrected","box","dark rectangular box; yellow-green XMG lettering","contents; material; physical surface texture","","初始化索引 550：红框覆盖整件深色长方形盒，不是人物、文字本身或展开的电脑。","GPT-6 Astra Pro"
"gb","vot","13","596170c886acad02d34f03817fc7694d787fcc2b0c81e4baf02fae613ccaeff0","XMG_outside_2","00000601","conflicting","box","dark rectangular box; yellow-green XMG lettering","contents; material; physical surface texture","","laptop","black; open; text 'xmg'; smooth surface","2026-10-05T14:43:43.891Z","true","corrected","box","dark rectangular box; yellow-green XMG lettering","contents; material; physical surface texture","","初始化索引 600：红框覆盖整件深色长方形盒，不是人物、文字本身或展开的电脑。","GPT-6 Astra Pro"
"gb","vot","14","acbb6a8ce15c6164f91c4a0a92ce3aec497934dbc92d7d8e4dbd0d63703c5c26","XMG_outside_2","00000651","conflicting","box","dark rectangular box; yellow-green XMG lettering","contents; material; physical surface texture","","person","wearing black jacket; wearing blue jeans; black shoes","2026-10-05T14:43:46.411Z","true","corrected","box","dark rectangular box; yellow-green XMG lettering","contents; material; physical surface texture","","初始化索引 650：红框覆盖整件深色长方形盒，不是人物、文字本身或展开的电脑。","GPT-6 Astra Pro"
"gb","vot","15","0c559432c5e51db6e42691e502079caeb408e78b96280703eb6c523bee5a259a","XMG_outside_2","00000701","conflicting","box","dark rectangular box; yellow-green XMG lettering","contents; material; physical surface texture","","text","xmg; green","2026-10-05T14:43:48.618Z","true","corrected","box","dark rectangular box; yellow-green XMG lettering","contents; material; physical surface texture","","初始化索引 700：红框覆盖整件深色长方形盒，不是人物、文字本身或展开的电脑。","GPT-6 Astra Pro"
"gb","vot","16","3e39c7a7d41307c8539e22d0dfadf4a8dc41a901856989428af1614104c652a1","XMG_outside_2","00000751","conflicting","box","dark rectangular box; yellow-green XMG lettering","contents; material; physical surface texture","","box","black; textured surface; rectangular shape","2026-10-05T14:43:51.083Z","true","corrected","box","dark rectangular box; yellow-green XMG lettering","contents; material; physical surface texture","","初始化索引 750：红框覆盖整件深色长方形盒，不是人物、文字本身或展开的电脑。","GPT-6 Astra Pro"
"gb","vot","17","15f5327b353226d02485481b93226829d373638cc28642852a0f0027112b9b4a","XMG_outside_2","00000801","conflicting","box","dark rectangular box; yellow-green XMG lettering","contents; material; physical surface texture","","box","green and black; rectangular; text 'xmg'","2026-10-05T14:43:52.955Z","true","supported","box","dark rectangular box; yellow-green XMG lettering","contents; material; physical surface texture","","初始化索引 800：红框覆盖整件深色长方形盒，不是人物、文字本身或展开的电脑。","GPT-6 Astra Pro"
"gb","vot","18","da7078cd6d3ed7ca99a71d33e0d4c5ee62ed8a974a08d87cbcd967b34513c58f","XMG_outside_2","00000840","conflicting","box","dark rectangular box; green printed graphics","contents; material; physical surface texture","","handbag","green and gray pattern; text on bag","2026-10-05T14:43:54.347Z","true","corrected","box","dark rectangular box; green printed graphics","contents; material; physical surface texture","","初始化索引 839：红框覆盖整件深色长方形盒，不是人物、文字本身或展开的电脑。","GPT-6 Astra Pro"
"gb","vot","19","3ba99cff2e0f538710b19a4c4138f0e2a25e5acd44e544ee876a8a59d44d6f34","XMG_outside_2","00000882","conflicting","box","dark rectangular box; green printed graphics","contents; material; physical surface texture","","box","green and purple; rectangular shape; text on front","2026-10-05T14:43:59.443Z","true","corrected","box","dark rectangular box; green printed graphics","contents; material; physical surface texture","","初始化索引 881：红框覆盖整件深色长方形盒，不是人物、文字本身或展开的电脑。","GPT-6 Astra Pro"
"gb","vot","20","079b054084e843a4e5133c08e35e094b5e3237b7aa424e14d9aa4003be04db39","adapter01_indoor_1","00000001","conflicting","power adapter","white rectangular body; pale prongs; red cable","connector type; rating; material","","power adapter","white; rectangular; plastic","2026-10-05T14:44:06.578Z","true","corrected","power adapter","white rectangular body; pale prongs; red cable","connector type; rating; material","邻近和概览辅助白块类别；后帧才清楚的插脚不补入本帧属性。","初始化索引 0：红框为红线末端白色小块，不是白衬衫；近邻可见插脚结构，采用粗类，不确认功率和接口。","GPT-6 Astra Pro"
"gb","vot","21","d84b3b4a95a039ca3ef4861d5700517fd206004e1a99ffa31d26129844305168","adapter01_indoor_1","00000051","conflicting","power adapter","white rectangular body; pale prongs; red cable","connector type; rating; material","","plug","white; rectangular; plastic","2026-10-05T14:44:09.731Z","true","corrected","power adapter","white rectangular body; pale prongs; red cable","connector type; rating; material","邻近和概览辅助白块类别；后帧才清楚的插脚不补入本帧属性。","初始化索引 50：红框为红线末端白色小块，不是白衬衫；近邻可见插脚结构，采用粗类，不确认功率和接口。","GPT-6 Astra Pro"
"gb","vot","22","edfc080c64833972c4dc33c17300ab16c4cb778f996fb22002d0a7bf43aa051b","adapter01_indoor_1","00000101","conflicting","power adapter","white blurred patch","precise outline; prong details; exact category","","shirt","white; long-sleeved","2026-10-05T14:44:14.715Z","true","uncertain","power adapter","white blurred patch","precise outline; prong details; exact category","邻近和概览辅助白块类别；后帧才清楚的插脚不补入本帧属性。","初始化索引 100：白色小目标与衣服重叠或模糊，无法读取插脚/边界；适配器粗类依近邻辅助。","GPT-6 Astra Pro"
"gb","vot","23","4610901e1ab6aa277c63a70675e1f9cf38fa4335b2ed1885ee9424ef7e60c33f","adapter01_indoor_1","00000151","conflicting","power adapter","white rectangular body; pale prongs; red cable","connector type; rating; material","","shirt","white; long-sleeved","2026-10-05T14:44:17.147Z","true","corrected","power adapter","white rectangular body; pale prongs; red cable","connector type; rating; material","邻近和概览辅助白块类别；后帧才清楚的插脚不补入本帧属性。","初始化索引 150：红框为红线末端白色小块，不是白衬衫；近邻可见插脚结构，采用粗类，不确认功率和接口。","GPT-6 Astra Pro"
"gb","vot","24","88ad8be87ac2eaebcb5e2834ff5e341975bede978fc49ab99c5e0d25dc4439ce","adapter01_indoor_1","00000201","conflicting","power adapter","white blurred patch","precise outline; prong details; exact category","","shirt","white; folded","2026-10-05T14:44:18.514Z","true","uncertain","power adapter","white blurred patch","precise outline; prong details; exact category","邻近和概览辅助白块类别；后帧才清楚的插脚不补入本帧属性。","初始化索引 200：白色小目标与衣服重叠或模糊，无法读取插脚/边界；适配器粗类依近邻辅助。","GPT-6 Astra Pro"
"gb","vot","25","577158d79f74fb836f56ad242d54c00ab255c93e77e1ce1cac9138aae18fff23","adapter01_indoor_1","00000251","conflicting","power adapter","white rectangular body; pale prongs; red cable","connector type; rating; material","","shirt","white; buttoned","2026-10-05T14:44:19.852Z","true","corrected","power adapter","white rectangular body; pale prongs; red cable","connector type; rating; material","邻近和概览辅助白块类别；后帧才清楚的插脚不补入本帧属性。","初始化索引 250：红框为红线末端白色小块，不是白衬衫；近邻可见插脚结构，采用粗类，不确认功率和接口。","GPT-6 Astra Pro"
"gb","vot","26","49ebaca307f559dc94b02547661fcd732ce5f5462cda53c19ee06ca6c6c78e5e","adapter01_indoor_1","00000301","conflicting","power adapter","white compact block; red attached cable","connector type; rating; material","","shirt","white; buttoned","2026-10-05T14:44:22.595Z","true","corrected","power adapter","white compact block; red attached cable","connector type; rating; material","邻近和概览辅助白块类别；后帧才清楚的插脚不补入本帧属性。","初始化索引 300：红框为红线末端白色小块，不是白衬衫；近邻可见插脚结构，采用粗类，不确认功率和接口。","GPT-6 Astra Pro"
"gb","vot","27","7da8a8443d50ec1c89375c5af5661fea7617389a4c61954c45a01571373c55dd","adapter01_indoor_1","00000351","conflicting","power adapter","white rectangular body; pale prongs; red cable","connector type; rating; material","","shirt","white; long-sleeved","2026-10-05T14:44:26.731Z","true","corrected","power adapter","white rectangular body; pale prongs; red cable","connector type; rating; material","邻近和概览辅助白块类别；后帧才清楚的插脚不补入本帧属性。","初始化索引 350：红框为红线末端白色小块，不是白衬衫；近邻可见插脚结构，采用粗类，不确认功率和接口。","GPT-6 Astra Pro"
"gb","vot","28","6ce1a08f47eb28d16681fc48c8b55152e0efdc758e0d6d5dd76d8376675ff386","adapter01_indoor_1","00000401","conflicting","power adapter","white blurred patch","precise outline; prong details; exact category","","shirt","white; plain","2026-10-05T14:44:32.379Z","true","uncertain","power adapter","white blurred patch","precise outline; prong details; exact category","邻近和概览辅助白块类别；后帧才清楚的插脚不补入本帧属性。","初始化索引 400：白色小目标与衣服重叠或模糊，无法读取插脚/边界；适配器粗类依近邻辅助。","GPT-6 Astra Pro"
"gb","vot","29","b59c64fe198f3605371ddca2092e45c1d5f3ee9458a4cfb22b57a7794b471660","adapter01_indoor_1","00000451","conflicting","power adapter","white blurred patch","precise outline; prong details; exact category","","shirt","white; collar","2026-10-05T14:44:35.915Z","true","uncertain","power adapter","white blurred patch","precise outline; prong details; exact category","邻近和概览辅助白块类别；后帧才清楚的插脚不补入本帧属性。","初始化索引 450：白色小目标与衣服重叠或模糊，无法读取插脚/边界；适配器粗类依近邻辅助。","GPT-6 Astra Pro"
"gb","vot","30","24028be43cef0c2df36cc4167342b69239c1aab7d46483331b2127a1dfc35b7a","adapter01_indoor_1","00000507","conflicting","power adapter","white compact block; red attached cable","connector type; rating; material","","light bulb","white; cylindrical","2026-10-05T14:44:38.779Z","true","corrected","power adapter","white compact block; red attached cable","connector type; rating; material","邻近和概览辅助白块类别；后帧才清楚的插脚不补入本帧属性。","初始化索引 506：红框为红线末端白色小块，不是白衬衫；近邻可见插脚结构，采用粗类，不确认功率和接口。","GPT-6 Astra Pro"
"gb","vot","31","e43edad6c5f62e700a2ef944f837ae5ddd573268644bb0745573cf7691c25259","adapter01_indoor_1","00000551","conflicting","power adapter","white blurred patch","precise outline; prong details; exact category","","shirt","white; buttoned","2026-10-05T14:44:41.339Z","true","uncertain","power adapter","white blurred patch","precise outline; prong details; exact category","邻近和概览辅助白块类别；后帧才清楚的插脚不补入本帧属性。","初始化索引 550：白色小目标与衣服重叠或模糊，无法读取插脚/边界；适配器粗类依近邻辅助。","GPT-6 Astra Pro"
"gb","vot","32","b1169c5d9b92e2977008689db5be0d0341a053860d4cd52fede32d328b46ecb7","adapter01_indoor_1","00000608","conflicting","power adapter","white rectangular body; pale prongs; red cable","connector type; rating; material","","shirt","white; crumpled","2026-10-05T14:44:44.059Z","true","corrected","power adapter","white rectangular body; pale prongs; red cable","connector type; rating; material","邻近和概览辅助白块类别；后帧才清楚的插脚不补入本帧属性。","初始化索引 607：红框为红线末端白色小块，不是白衬衫；近邻可见插脚结构，采用粗类，不确认功率和接口。","GPT-6 Astra Pro"
"gb","vot","33","f68e37f90acd6cbac970478235cf1a689c293ecfa5122bfc95c7c84f90b8b561","adapter01_indoor_1","00000648","conflicting","power adapter","white rectangular body; pale prongs; red cable","connector type; rating; material","","wii remote","white; cylindrical","2026-10-05T14:44:46.723Z","true","corrected","power adapter","white rectangular body; pale prongs; red cable","connector type; rating; material","邻近和概览辅助白块类别；后帧才清楚的插脚不补入本帧属性。","初始化索引 647：红框为红线末端白色小块，不是白衬衫；近邻可见插脚结构，采用粗类，不确认功率和接口。","GPT-6 Astra Pro"
"gb","vot","34","5a7db0b60d4596fd1f3a5f2225172d036b779cf708292de2443c30ce4bb619a4","adapter01_indoor_1","00000701","conflicting","power adapter","white blurred patch","precise outline; prong details; exact category","","shirt","white; plain","2026-10-05T14:44:49.309Z","true","uncertain","power adapter","white blurred patch","precise outline; prong details; exact category","邻近和概览辅助白块类别；后帧才清楚的插脚不补入本帧属性。","初始化索引 700：白色小目标与衣服重叠或模糊，无法读取插脚/边界；适配器粗类依近邻辅助。","GPT-6 Astra Pro"
"gb","vot","35","33c8dc861cb2bc626971dbceca603af173551d32e66244aa98740eaf0f0b5f37","adapter01_indoor_1","00000751","conflicting","power adapter","white rectangular body; pale prongs; red cable","connector type; rating; material","","wii remote","white; rectangular","2026-10-05T14:44:51.987Z","true","corrected","power adapter","white rectangular body; pale prongs; red cable","connector type; rating; material","邻近和概览辅助白块类别；后帧才清楚的插脚不补入本帧属性。","初始化索引 750：红框为红线末端白色小块，不是白衬衫；近邻可见插脚结构，采用粗类，不确认功率和接口。","GPT-6 Astra Pro"
"gb","vot","36","c15a49b1e3b6a94074f936ab55a083fde74f3653f4d14e816dca1b45f874f1bc","adapter01_indoor_1","00000801","conflicting","power adapter","white blurred patch","precise outline; prong details; exact category","","shirt","white; short-sleeved","2026-10-05T14:44:55.236Z","true","uncertain","power adapter","white blurred patch","precise outline; prong details; exact category","邻近和概览辅助白块类别；后帧才清楚的插脚不补入本帧属性。","初始化索引 800：白色小目标与衣服重叠或模糊，无法读取插脚/边界；适配器粗类依近邻辅助。","GPT-6 Astra Pro"
"gb","vot","37","582de33ace8b2a4c19cb633b70d6bf4db9037a545da15a885e9a0522857d5ace","adapter01_indoor_1","00000851","conflicting","power adapter","white rectangular body; pale prongs; red cable","connector type; rating; material","","cushion","gray fabric; fluffy texture","2026-10-05T14:44:57.395Z","true","corrected","power adapter","white rectangular body; pale prongs; red cable","connector type; rating; material","邻近和概览辅助白块类别；后帧才清楚的插脚不补入本帧属性。","初始化索引 850：红框为红线末端白色小块，不是白衬衫；近邻可见插脚结构，采用粗类，不确认功率和接口。","GPT-6 Astra Pro"
"gb","vot","38","fef163d2b043e1c5a5becfde3c4bc9a31b8b8526acdcde7b7b036750eef4556e","adapter01_indoor_1","00000893","conflicting","power adapter","white blurred patch","precise outline; prong details; exact category","","object","white surface; smooth texture","2026-10-05T14:44:59.155Z","true","uncertain","power adapter","white blurred patch","precise outline; prong details; exact category","邻近和概览辅助白块类别；后帧才清楚的插脚不补入本帧属性。","初始化索引 892：白色小目标与衣服重叠或模糊，无法读取插脚/边界；适配器粗类依近邻辅助。","GPT-6 Astra Pro"
"gb","vot","39","dc7f773a764a74db80ff60843a11f00f0d4579d2749ea644e9b9445f23cae4fc","backpack_blue_1","00000001","conflicting","backpack","dark bag body; curved seams; zipper outlines","fabric; water resistance; contents","","backpack","black fabric; multiple zippers; shoulder straps","2026-10-05T14:45:03.043Z","true","supported","backpack","dark bag body; curved seams; zipper outlines","fabric; water resistance; contents","","初始化索引 0：红框为手持或椅上背包，不是上衣、鞋或背景椅子。","GPT-6 Astra Pro"
"gb","vot","40","cbe4c2d7aeffc46958cb46f9a8164e21c1a5e709f2337000960e2002b7b7fd37","backpack_blue_1","00000051","conflicting","backpack","dark bag body; curved seams; zipper outlines","fabric; water resistance; contents","","backpack","black; zipped; textured fabric","2026-10-05T14:45:06.827Z","true","supported","backpack","dark bag body; curved seams; zipper outlines","fabric; water resistance; contents","","初始化索引 50：红框为手持或椅上背包，不是上衣、鞋或背景椅子。","GPT-6 Astra Pro"
"gb","vot","41","a8bc710c2f9b5ce8e8a52a04b14b5f9536b1f2dbedccd3d83f5d871ced0e3ed1","backpack_blue_1","00000101","conflicting","backpack","dark outer body; pale gray padded back; dark shoulder straps","fabric; water resistance; contents","","backpack","black straps; white accents; zipper closure","2026-10-05T14:45:08.491Z","true","corrected","backpack","dark outer body; pale gray padded back; dark shoulder straps","fabric; water resistance; contents","","初始化索引 100：红框为手持或椅上背包，不是上衣、鞋或背景椅子。","GPT-6 Astra Pro"
"gb","vot","42","1b1a745f5cf72130891ac720e93bfa3c007dd07249a0edb7ebfb7d26ede408de","backpack_blue_1","00000151","conflicting","backpack","dark bag body; curved seams; zipper outlines","fabric; water resistance; contents","","backpack","black fabric; multiple zippers; water-resistant material","2026-10-05T14:45:10.019Z","true","corrected","backpack","dark bag body; curved seams; zipper outlines","fabric; water resistance; contents","","初始化索引 150：红框为手持或椅上背包，不是上衣、鞋或背景椅子。","GPT-6 Astra Pro"
"gb","vot","43","f9dda3ab9af1649c647da3a9ba02e9ccd45b9681a1206dd2d919f4ddadb9a6a4","backpack_blue_1","00000201","conflicting","backpack","dark bag body; curved seams; zipper outlines","fabric; water resistance; contents","","backpack","black fabric; zipper closure","2026-10-05T14:45:14.107Z","true","supported","backpack","dark bag body; curved seams; zipper outlines","fabric; water resistance; contents","","初始化索引 200：红框为手持或椅上背包，不是上衣、鞋或背景椅子。","GPT-6 Astra Pro"
"gb","vot","44","7044bcfe461c105b0ce0e9f3b0f84064b5e7e7cc5c063e2919b0ec4ed77acea6","backpack_blue_1","00000251","conflicting","backpack","dark bag body; curved seams; zipper outlines","fabric; water resistance; contents","","jacket","gray; knitted; open front","2026-10-05T14:45:17.699Z","true","corrected","backpack","dark bag body; curved seams; zipper outlines","fabric; water resistance; contents","","初始化索引 250：红框为手持或椅上背包，不是上衣、鞋或背景椅子。","GPT-6 Astra Pro"
"gb","vot","45","ccde3e321cb88c4732a29bffa75c0bc3e5832ba9071d7c5ad3e9f23e300f08b6","backpack_blue_1","00000301","conflicting","backpack","dark rim; pale gray-blue inner lining","fabric; water resistance; contents","","backpack","gray fabric; red zipper","2026-10-05T14:45:19.339Z","true","corrected","backpack","dark rim; pale gray-blue inner lining","fabric; water resistance; contents","","初始化索引 300：红框是打开袋体与内衬，非椅背靠垫；开合只是当前状态。","GPT-6 Astra Pro"
"gb","vot","46","ab703d7a95e1520ea22997d714c05f8bcfd6d95ad690cfcb22716ae8821b078f","backpack_blue_1","00000351","conflicting","backpack","dark bag body; curved seams; zipper outlines","fabric; water resistance; contents","","camera","black body; lanyard attached","2026-10-05T14:45:20.955Z","true","corrected","backpack","dark bag body; curved seams; zipper outlines","fabric; water resistance; contents","","初始化索引 350：红框为手持或椅上背包，不是上衣、鞋或背景椅子。","GPT-6 Astra Pro"
"gb","vot","47","7b30f1658765e4fb23230b4a5b3b89f0e01ffe75543d37bed09cfab6ce4fa49e","backpack_blue_1","00000401","conflicting","backpack","dark bag body; curved seams; zipper outlines","fabric; water resistance; contents","","sweater","knitted pattern; gray color","2026-10-05T14:45:22.571Z","true","corrected","backpack","dark bag body; curved seams; zipper outlines","fabric; water resistance; contents","","初始化索引 400：红框为手持或椅上背包，不是上衣、鞋或背景椅子。","GPT-6 Astra Pro"
"gb","vot","48","a3185aef1c1972fd4a0bb4b26edbad33f06e1d41bf5b726ae1a8815c336025e5","backpack_blue_1","00000451","conflicting","backpack","dark bag body; curved seams; zipper outlines","fabric; water resistance; contents","","camera bag","black fabric; zipper closure","2026-10-05T14:45:27.163Z","true","corrected","backpack","dark bag body; curved seams; zipper outlines","fabric; water resistance; contents","","初始化索引 450：红框为手持或椅上背包，不是上衣、鞋或背景椅子。","GPT-6 Astra Pro"
"gb","vot","49","f15385fb120bc0ffbef3b57af85e2ee41f518b32991ce9da48cfdeb32c23a353","backpack_blue_1","00000501","conflicting","backpack","dark outer body; pale gray padded back; dark shoulder straps","fabric; water resistance; contents","","backpack","gray fabric; black straps; white logo","2026-10-05T14:45:39.971Z","true","corrected","backpack","dark outer body; pale gray padded back; dark shoulder straps","fabric; water resistance; contents","","初始化索引 500：红框为手持或椅上背包，不是上衣、鞋或背景椅子。","GPT-6 Astra Pro"
"gb","vot","50","680fafad2020ebfc056380989042c2c4d21248cc49e9e192c2119178d4ed3341","backpack_blue_1","00000551","conflicting","backpack","dark outer body; pale gray padded back; dark shoulder straps","fabric; water resistance; contents","","sneaker","black and white; textured sole","2026-10-05T14:45:42.924Z","true","corrected","backpack","dark outer body; pale gray padded back; dark shoulder straps","fabric; water resistance; contents","","初始化索引 550：红框为手持或椅上背包，不是上衣、鞋或背景椅子。","GPT-6 Astra Pro"
"gb","vot","51","01b25626c66bc254e7bd25da50207c07a52dcd0c1796edf5a9422964af6b2b82","backpack_blue_1","00000601","conflicting","backpack","dark outer body; pale gray padded back; dark shoulder straps","fabric; water resistance; contents","","sneaker","black and white; textured sole","2026-10-05T14:45:46.043Z","true","corrected","backpack","dark outer body; pale gray padded back; dark shoulder straps","fabric; water resistance; contents","","初始化索引 600：红框为手持或椅上背包，不是上衣、鞋或背景椅子。","GPT-6 Astra Pro"
"gb","vot","52","3aeb462436daa02840adf76e38c2f0af9095bff08dc4f47213f895a5a0409320","backpack_blue_1","00000651","conflicting","backpack","dark bag body; curved seams; zipper outlines","fabric; water resistance; contents","","backpack","black and blue; zippered pockets; shoulder straps","2026-10-05T14:45:49.875Z","true","corrected","backpack","dark bag body; curved seams; zipper outlines","fabric; water resistance; contents","","初始化索引 650：红框为手持或椅上背包，不是上衣、鞋或背景椅子。","GPT-6 Astra Pro"
"gb","vot","53","1e3e0277acbdd3ccb81693faa4b382dcad17cd5fda32e586fd84cb2df11c06e0","backpack_blue_1","00000701","conflicting","backpack","dark bag body; curved seams; zipper outlines","fabric; water resistance; contents","","backpack","black and gray; zippered pockets; laptop sleeve","2026-10-05T14:45:52.563Z","true","corrected","backpack","dark bag body; curved seams; zipper outlines","fabric; water resistance; contents","","初始化索引 700：红框为手持或椅上背包，不是上衣、鞋或背景椅子。","GPT-6 Astra Pro"
"gb","vot","54","1f38a544d75d2106d89686156bbeac10287568e1449da9bb1e5fd7f554d5f358","backpack_blue_1","00000751","conflicting","backpack","dark bag edge; pale gray-blue lining","fabric; water resistance; contents","","toy","yellow face; red hair; sitting posture","2026-10-05T14:46:19.931Z","true","uncertain","bag","dark bag edge; pale gray-blue lining","fabric; water resistance; contents","红框含袋体和探出布偶，近邻显示取放；布偶色不作为袋体属性。","初始化索引 750：本帧袋体与布偶互相遮挡，目标范围有歧义，不能用toy替代袋体范围核验。","GPT-6 Astra Pro"
"gb","vot","55","42ae233ebbf8dcc9c3c5cd38d3d4ba3fcd77edabab93c5751d0ddbac953fbc6b","backpack_blue_1","00000801","conflicting","backpack","dark rim; pale gray-blue inner lining","fabric; water resistance; contents","","chair","black backrest; gray cushion","2026-10-05T14:46:22.971Z","true","corrected","backpack","dark rim; pale gray-blue inner lining","fabric; water resistance; contents","","初始化索引 800：红框是打开袋体与内衬，非椅背靠垫；开合只是当前状态。","GPT-6 Astra Pro"
"gb","vot","56","6f7f7ef5ed457d81b321623d2e654bd1056112644fc48c5a068de79b60274673","backpack_blue_1","00000851","conflicting","backpack","dark bag body; curved seams; zipper outlines","fabric; water resistance; contents","","backpack","blue fabric; black straps; zipper closure","2026-10-05T14:46:25.027Z","true","corrected","backpack","dark bag body; curved seams; zipper outlines","fabric; water resistance; contents","","初始化索引 850：红框为手持或椅上背包，不是上衣、鞋或背景椅子。","GPT-6 Astra Pro"
"gb","vot","57","57b841ae8486dd86ff9230c4da12269c20fbcaaeff986edbc4cacd06e7d2a338","backpack_blue_1","00000901","conflicting","backpack","dark bag body; curved seams; zipper outlines","fabric; water resistance; contents","","backpack","black fabric; zipper closure; shoulder straps","2026-10-05T14:46:30.491Z","true","supported","backpack","dark bag body; curved seams; zipper outlines","fabric; water resistance; contents","","初始化索引 900：红框为手持或椅上背包，不是上衣、鞋或背景椅子。","GPT-6 Astra Pro"
"gb","vot","58","9d9f8926e5db751ba7bba29b96cf02f6e3e2f757e1bf54f75f20df6e0383a2c1","backpack_blue_1","00000912","conflicting","backpack","dark bag body; curved seams; zipper outlines","fabric; water resistance; contents","","backpack","black fabric; zipper closure; shoulder straps","2026-10-05T14:46:35.339Z","true","supported","backpack","dark bag body; curved seams; zipper outlines","fabric; water resistance; contents","","初始化索引 911：红框为手持或椅上背包，不是上衣、鞋或背景椅子。","GPT-6 Astra Pro"
"gb","vot","59","e8e2f8027baf2f0f704eded34901e7bde6961560f74184bc610cf3822b520388","backpack_indoor_1","00000001","conflicting","backpack","black backpack; small pale-brown dangling figure; front seams","fabric; closure detail; small logo","","backpack","black fabric; chain strap; stuffed toy attached","2026-10-05T14:46:38.491Z","true","corrected","backpack","black backpack; small pale-brown dangling figure; front seams","fabric; closure detail; small logo","","初始化索引 0：红框指定黑色背包，和相邻红罐或其他黑物分开。","GPT-6 Astra Pro"
"gb","vot","60","5d51e16488c99a5468ebb66b7ac961e380cd3651ee1b400a57f001180891ffcd","backpack_indoor_1","00000051","conflicting","backpack","black backpack; small pale-brown dangling figure; front seams","fabric; closure detail; small logo","","backpack","black fabric; keychain with toy; zipper","2026-10-05T14:46:41.307Z","true","supported","backpack","black backpack; small pale-brown dangling figure; front seams","fabric; closure detail; small logo","","初始化索引 50：红框指定黑色背包，和相邻红罐或其他黑物分开。","GPT-6 Astra Pro"
"gb","vot","61","9d1109023ea38693aa2da1746babf4c1a83c98776236620b445f6fa94ae2e16d","backpack_indoor_1","00000101","conflicting","backpack","black backpack; small pale-brown dangling figure; front seams","fabric; closure detail; small logo","","backpack","black fabric; keychain with small figure","2026-10-05T14:46:43.475Z","true","supported","backpack","black backpack; small pale-brown dangling figure; front seams","fabric; closure detail; small logo","","初始化索引 100：红框指定黑色背包，和相邻红罐或其他黑物分开。","GPT-6 Astra Pro"
"gb","vot","62","efc39ace0495e3f34a5157825c7e62adbb1c54c8587f51eb76abe34c4ca6dd53","backpack_indoor_1","00000151","conflicting","backpack","black bag body; rounded top; front seams","fabric; closure detail; small logo","","backpack","black fabric; multiple pockets","2026-10-05T14:46:47.011Z","true","corrected","backpack","black bag body; rounded top; front seams","fabric; closure detail; small logo","","初始化索引 150：红框指定黑色背包，和相邻红罐或其他黑物分开。","GPT-6 Astra Pro"
"gb","vot","63","e0234aa62b2f7affdee92714f548470bd30103d2a2e75b884e3b30bd76b58c2b","backpack_indoor_1","00000201","conflicting","backpack","black bag body; rounded top; front seams","fabric; closure detail; small logo","","backpack","black fabric; zipper closure","2026-10-05T14:46:48.979Z","true","corrected","backpack","black bag body; rounded top; front seams","fabric; closure detail; small logo","","初始化索引 200：红框指定黑色背包，和相邻红罐或其他黑物分开。","GPT-6 Astra Pro"
"gb","vot","64","e602b92e2ddb4d9f9b388a5d4ff4e8aa1f7b0abafba563ba074b53373bdb7833","backpack_indoor_1","00000251","conflicting","backpack","black backpack; small pale-brown dangling figure; front seams","fabric; closure detail; small logo","","backpack","black fabric; keychain with small figure","2026-10-05T14:46:51.251Z","true","supported","backpack","black backpack; small pale-brown dangling figure; front seams","fabric; closure detail; small logo","","初始化索引 250：红框指定黑色背包，和相邻红罐或其他黑物分开。","GPT-6 Astra Pro"
"gb","vot","65","700de4acb2e45c2f04cfff7f15c2334d260f8baa74de5ca42cf8bbceb790a794","backpack_indoor_1","00000301","conflicting","backpack","black backpack; small pale-brown dangling figure; front seams","fabric; closure detail; small logo","","backpack","black; leather-like; zipper closure","2026-10-05T14:46:55.820Z","true","corrected","backpack","black backpack; small pale-brown dangling figure; front seams","fabric; closure detail; small logo","","初始化索引 300：红框指定黑色背包，和相邻红罐或其他黑物分开。","GPT-6 Astra Pro"
"gb","vot","66","7aca48209bc2bc8244c401116f0c35ec27e57a2d00edf3022ce150a9f9b6398d","backpack_indoor_1","00000351","conflicting","backpack","black backpack; small pale-brown dangling figure; front seams","fabric; closure detail; small logo","","bag","black fabric; handle on top","2026-10-05T14:46:59.611Z","true","corrected","backpack","black backpack; small pale-brown dangling figure; front seams","fabric; closure detail; small logo","","初始化索引 350：红框指定黑色背包，和相邻红罐或其他黑物分开。","GPT-6 Astra Pro"
"gb","vot","67","791ecd6aeccd763181c0bb311f5709d9cfe4521f711e8f7f18b47732b4638b0f","backpack_indoor_1","00000401","conflicting","backpack","black backpack; small pale-brown dangling figure; front seams","fabric; closure detail; small logo","","backpack","black fabric; red logo","2026-10-05T14:47:02.843Z","true","corrected","backpack","black backpack; small pale-brown dangling figure; front seams","fabric; closure detail; small logo","","初始化索引 400：红框指定黑色背包，和相邻红罐或其他黑物分开。","GPT-6 Astra Pro"
"gb","vot","68","a8ca27f8ba442d6a39b80931e18e5274132dd7a3efecbc4b82a7818c2399a73d","backpack_indoor_1","00000442","conflicting","backpack","black backpack; small pale-brown dangling figure; front seams","fabric; closure detail; small logo","","backpack","black fabric; chain strap","2026-10-05T14:47:05.972Z","true","corrected","backpack","black backpack; small pale-brown dangling figure; front seams","fabric; closure detail; small logo","","初始化索引 441：红框指定黑色背包，和相邻红罐或其他黑物分开。","GPT-6 Astra Pro"
"gb","vot","69","91c49b9c5d68515f7b547ac3cc98265f70b09f8e9839bff9d57db40fbe862218","backpack_robotarm_lab_occ_1","00000001","conflicting","backpack","dark blue-black body; curved front panels; pale marks","embroidery; brand; material","","backpack","dark blue fabric; zipper closure; embroidered logo","2026-10-05T14:47:09.643Z","true","corrected","backpack","dark blue-black body; curved front panels; pale marks","embroidery; brand; material","","初始化索引 0：暗室红框小物呈背包外形，非机器、镜头或手臂；微小标记工艺不确认。","GPT-6 Astra Pro"
"gb","vot","70","416de75f0562e7b916ebd43930198e9bb472e5f2fbc269819e2bbfa0ffcd50e2","backpack_robotarm_lab_occ_1","00000051","conflicting","backpack","dark blue-black body; curved front panels; pale marks","embroidery; brand; material","","backpack","dark blue fabric; zipper closure; shoulder straps","2026-10-05T14:47:12.179Z","true","corrected","backpack","dark blue-black body; curved front panels; pale marks","embroidery; brand; material","","初始化索引 50：暗室红框小物呈背包外形，非机器、镜头或手臂；微小标记工艺不确认。","GPT-6 Astra Pro"
"gb","vot","71","0e19d46f55ac820b1dbe5280f76acc8cc30ac3cbf582b086d2b2997749affd45","backpack_robotarm_lab_occ_1","00000101","conflicting","bag","partial dark curved bag body","embroidery; brand; material","","camera lens","black; round; smooth","2026-10-05T14:47:15.347Z","true","uncertain","bag","partial dark curved bag body","embroidery; brand; material","","初始化索引 100：初始化靠底边且包体截断，只能借近邻完整包体作粗类判断。","GPT-6 Astra Pro"
"gb","vot","72","54bdb31074a41852cc5db9b01f3f2ba302d94245001722b7fc24cd3f32c540d6","backpack_robotarm_lab_occ_1","00000151","conflicting","backpack","dark blue-black body; curved front panels; pale marks","embroidery; brand; material","","backpack","black fabric; zipper closure; embroidered logo","2026-10-05T14:47:18.011Z","true","corrected","backpack","dark blue-black body; curved front panels; pale marks","embroidery; brand; material","","初始化索引 150：暗室红框小物呈背包外形，非机器、镜头或手臂；微小标记工艺不确认。","GPT-6 Astra Pro"
"gb","vot","73","8582cee0d8214d7ea7ced06696124c1031836b0eebfd4289f2ac026ef3dbc2cb","backpack_robotarm_lab_occ_1","00000201","conflicting","backpack","dark blue-black body; curved front panels; pale marks","embroidery; brand; material","","backpack","dark blue fabric; zipper pockets; embroidered logo","2026-10-05T14:47:21.939Z","true","corrected","backpack","dark blue-black body; curved front panels; pale marks","embroidery; brand; material","","初始化索引 200：暗室红框小物呈背包外形，非机器、镜头或手臂；微小标记工艺不确认。","GPT-6 Astra Pro"
"gb","vot","74","404af11947b3827365169406835eed2b145f605c11f5d5d59daf4fdfe257b736","backpack_robotarm_lab_occ_1","00000251","conflicting","backpack","dark blue-black body; curved front panels; pale marks","embroidery; brand; material","","camera bag","dark blue; textured fabric; zipped closure; metal clips","2026-10-05T14:47:25.619Z","true","corrected","backpack","dark blue-black body; curved front panels; pale marks","embroidery; brand; material","","初始化索引 250：暗室红框小物呈背包外形，非机器、镜头或手臂；微小标记工艺不确认。","GPT-6 Astra Pro"
"gb","vot","75","7e43afff90e7da3463ef4666f8fcf94447d9434891e17ab77c71c38e0d85b497","backpack_robotarm_lab_occ_1","00000301","conflicting","backpack","dark blue-black body; curved front panels; pale marks","embroidery; brand; material","","backpack","dark blue; zippered pockets; embroidered logo","2026-10-05T14:47:28.123Z","true","corrected","backpack","dark blue-black body; curved front panels; pale marks","embroidery; brand; material","","初始化索引 300：暗室红框小物呈背包外形，非机器、镜头或手臂；微小标记工艺不确认。","GPT-6 Astra Pro"
"gb","vot","76","e87c1b1f3022625ae97292788c1d77d7e080708c1eca8a19d37971b427995912","backpack_robotarm_lab_occ_1","00000351","conflicting","backpack","dark blue-black body; curved front panels; pale marks","embroidery; brand; material","","backpack","dark blue fabric; zipper closure; purple strap","2026-10-05T14:47:32.163Z","true","corrected","backpack","dark blue-black body; curved front panels; pale marks","embroidery; brand; material","","初始化索引 350：暗室红框小物呈背包外形，非机器、镜头或手臂；微小标记工艺不确认。","GPT-6 Astra Pro"
"gb","vot","77","4e113a0b41566fa1e9ec25ab7e5c751d3f1cac61897c4801546e3f25cdbeb7a7","backpack_robotarm_lab_occ_1","00000401","conflicting","backpack","dark blue-black body; curved front panels; pale marks","embroidery; brand; material","","backpack","black fabric; multiple zippers; hanging strap","2026-10-05T14:47:34.755Z","true","corrected","backpack","dark blue-black body; curved front panels; pale marks","embroidery; brand; material","","初始化索引 400：暗室红框小物呈背包外形，非机器、镜头或手臂；微小标记工艺不确认。","GPT-6 Astra Pro"
"gb","vot","78","69cbdb2a3e40c57ff7c0c1e330d5cd61d22305440eef22b771b1326b20137b08","backpack_robotarm_lab_occ_1","00000451","conflicting","backpack","dark blue-black body; curved front panels; pale marks","embroidery; brand; material","","backpack","dark blue fabric; multiple zippers; embroidered design","2026-10-05T14:47:36.707Z","true","corrected","backpack","dark blue-black body; curved front panels; pale marks","embroidery; brand; material","","初始化索引 450：暗室红框小物呈背包外形，非机器、镜头或手臂；微小标记工艺不确认。","GPT-6 Astra Pro"
"gb","vot","79","8c17808b1f09da05ace4b5f0efbeb5a46f6b88de02cf1f791ed856369436e01e","backpack_robotarm_lab_occ_1","00000501","conflicting","backpack","dark blue-black body; curved front panels; pale marks","embroidery; brand; material","","backpack","dark blue; zippered pockets; embroidered logo","2026-10-05T14:47:38.340Z","true","corrected","backpack","dark blue-black body; curved front panels; pale marks","embroidery; brand; material","","初始化索引 500：暗室红框小物呈背包外形，非机器、镜头或手臂；微小标记工艺不确认。","GPT-6 Astra Pro"
"gb","vot","80","7b134a9c9ac6d95d674e224e2da8af2e43bb5ae7e56fcfd0bc1ad53442c5beea","backpack_robotarm_lab_occ_1","00000566","conflicting","backpack","dark blue-black body; curved front panels; pale marks","embroidery; brand; material","","backpack","dark blue; zipped pockets; drawstring closure","2026-10-05T14:47:40.171Z","true","corrected","backpack","dark blue-black body; curved front panels; pale marks","embroidery; brand; material","","初始化索引 565：暗室红框小物呈背包外形，非机器、镜头或手臂；微小标记工艺不确认。","GPT-6 Astra Pro"
"gb","vot","81","f8b3ac0cd0ecaf4485d7c4c6ddfe66a9648ef0296d0ea5cbe14643d44a77c7f1","backpack_room_noocc_1_1","00000001","conflicting","backpack","olive green body; dark straps; stitched panels","military or hiking function; camouflage; exact fabric","","backpack","green fabric; multiple pockets; straps","2026-10-05T14:47:42.395Z","true","supported","backpack","olive green body; dark straps; stitched panels","military or hiking function; camouflage; exact fabric","","初始化索引 0：逐条初始化均核对到绿黑背包及其朝向，不推定军用用途或迷彩。","GPT-6 Astra Pro"
"gb","vot","82","0c2e9e34bc241a67a27a771815adcab77bc8242c00c5aae7cb4228ba780a13b2","backpack_room_noocc_1_1","00000051","conflicting","backpack","olive green body; dark straps; stitched panels","military or hiking function; camouflage; exact fabric","","backpack","green fabric; multiple pockets; zipper closure","2026-10-05T14:47:43.875Z","true","supported","backpack","olive green body; dark straps; stitched panels","military or hiking function; camouflage; exact fabric","","初始化索引 50：逐条初始化均核对到绿黑背包及其朝向，不推定军用用途或迷彩。","GPT-6 Astra Pro"
"gb","vot","83","88234fc18b9630dde0e843deaabd9eb55fe0bcc62b0adda8cd8aeff9751d79ac","backpack_room_noocc_1_1","00000101","conflicting","backpack","olive green body; dark straps; stitched panels","military or hiking function; camouflage; exact fabric","","backpack","green and black; large size; multiple straps","2026-10-05T14:47:47.107Z","true","supported","backpack","olive green body; dark straps; stitched panels","military or hiking function; camouflage; exact fabric","","初始化索引 100：逐条初始化均核对到绿黑背包及其朝向，不推定军用用途或迷彩。","GPT-6 Astra Pro"
"gb","vot","84","e5078327ef2330b44d2a96860813f34ae7f4b5b3ab94e0bd96f3f92a4474da79","backpack_room_noocc_1_1","00000151","conflicting","backpack","olive green body; dark straps; stitched panels","military or hiking function; camouflage; exact fabric","","backpack","green and black pattern; zipped closure","2026-10-05T14:47:49.420Z","true","corrected","backpack","olive green body; dark straps; stitched panels","military or hiking function; camouflage; exact fabric","","初始化索引 150：逐条初始化均核对到绿黑背包及其朝向，不推定军用用途或迷彩。","GPT-6 Astra Pro"
"gb","vot","85","b1a01fc6067db0d72aab9dd0262b379e1fc6f539797bfe820b0031df6021366e","backpack_room_noocc_1_1","00000201","conflicting","backpack","olive and dark gray back or side panels; shoulder straps; stitched contours","military or hiking function; camouflage; exact fabric","","backpack","green and black; military style; hiking backpack","2026-10-05T14:47:52.299Z","true","corrected","backpack","olive and dark gray back or side panels; shoulder straps; stitched contours","military or hiking function; camouflage; exact fabric","","初始化索引 200：逐条初始化均核对到绿黑背包及其朝向，不推定军用用途或迷彩。","GPT-6 Astra Pro"
"gb","vot","86","282febc4afb2455ba5635a05c268313f3677447b82f77df3ca199dfd07793bdb","backpack_room_noocc_1_1","00000251","conflicting","backpack","olive and dark gray back or side panels; shoulder straps; stitched contours","military or hiking function; camouflage; exact fabric","","backpack","green and gray; textured fabric; multiple straps","2026-10-05T14:47:54.411Z","true","corrected","backpack","olive and dark gray back or side panels; shoulder straps; stitched contours","military or hiking function; camouflage; exact fabric","","初始化索引 250：逐条初始化均核对到绿黑背包及其朝向，不推定军用用途或迷彩。","GPT-6 Astra Pro"
"gb","vot","87","cf2a3f91264a3f845e5d71eae51674881426ecad895b2275ff51c0b073a51ffa","backpack_room_noocc_1_1","00000301","conflicting","backpack","olive and dark gray back or side panels; shoulder straps; stitched contours","military or hiking function; camouflage; exact fabric","","backpack","green fabric; multiple straps; hiking design","2026-10-05T14:47:55.899Z","true","corrected","backpack","olive and dark gray back or side panels; shoulder straps; stitched contours","military or hiking function; camouflage; exact fabric","","初始化索引 300：逐条初始化均核对到绿黑背包及其朝向，不推定军用用途或迷彩。","GPT-6 Astra Pro"
"gb","vot","88","4779009646a417accf17ad607282f29ba1db9d60035ff0fa24e95b55ff542807","backpack_room_noocc_1_1","00000351","conflicting","","","","","backpack","green and black; textured fabric; zipper closure","2026-10-05T14:47:58.500Z","true","corrected","backpack","olive and dark gray back or side panels; shoulder straps; stitched contours","military or hiking function; camouflage; exact fabric","","初始化索引 350：逐条初始化均核对到绿黑背包及其朝向，不推定军用用途或迷彩。","GPT-6 Astra Pro"
"gb","vot","89","97ff8bc0788eaf940e87cf838b83d313916d6a233559a5ea775b422551057468","backpack_room_noocc_1_1","00000401","conflicting","backpack","olive and dark gray back or side panels; shoulder straps; stitched contours","military or hiking function; camouflage; exact fabric","","backpack","green fabric; multiple straps; cargo pocket","2026-10-05T14:48:00.107Z","true","corrected","backpack","olive and dark gray back or side panels; shoulder straps; stitched contours","military or hiking function; camouflage; exact fabric","","初始化索引 400：逐条初始化均核对到绿黑背包及其朝向，不推定军用用途或迷彩。","GPT-6 Astra Pro"
"gb","vot","90","4c1ded904593d86257d7b4c501bad60904da18a7fb8431215db01bf4ed13ed6d","backpack_room_noocc_1_1","00000451","conflicting","backpack","olive and dark gray back or side panels; shoulder straps; stitched contours","military or hiking function; camouflage; exact fabric","","backpack","green and gray; worn; attached to person","2026-10-05T14:48:01.971Z","true","corrected","backpack","olive and dark gray back or side panels; shoulder straps; stitched contours","military or hiking function; camouflage; exact fabric","","初始化索引 450：逐条初始化均核对到绿黑背包及其朝向，不推定军用用途或迷彩。","GPT-6 Astra Pro"
"gb","vot","91","21a4b0b545a5abea9c3bc4ce802cdcd2933466c2b654716a84c763ecf993e23d","backpack_room_noocc_1_1","00000501","conflicting","backpack","olive and dark gray back or side panels; shoulder straps; stitched contours","military or hiking function; camouflage; exact fabric","","backpack","green fabric; zipper closure; shoulder straps","2026-10-05T14:48:03.947Z","true","corrected","backpack","olive and dark gray back or side panels; shoulder straps; stitched contours","military or hiking function; camouflage; exact fabric","","初始化索引 500：逐条初始化均核对到绿黑背包及其朝向，不推定军用用途或迷彩。","GPT-6 Astra Pro"
"gb","vot","92","3b3470a4c077d6ab4e3f61aa766b5f2696a61bda407b589ea3b361e412cedee6","backpack_room_noocc_1_1","00000551","conflicting","backpack","olive and dark gray back or side panels; shoulder straps; stitched contours","military or hiking function; camouflage; exact fabric","","backpack","green and black; textured fabric; hiking style","2026-10-05T14:48:06.300Z","true","corrected","backpack","olive and dark gray back or side panels; shoulder straps; stitched contours","military or hiking function; camouflage; exact fabric","","初始化索引 550：逐条初始化均核对到绿黑背包及其朝向，不推定军用用途或迷彩。","GPT-6 Astra Pro"
"gb","vot","93","367224ba8033b165e758b7882ab395b4cbc960ea065e9d344f8679f88d9e5a37","backpack_room_noocc_1_1","00000601","conflicting","backpack","olive and dark gray back or side panels; shoulder straps; stitched contours","military or hiking function; camouflage; exact fabric","","backpack","green and gray; zipper pockets; shoulder straps","2026-10-05T14:48:08.067Z","true","corrected","backpack","olive and dark gray back or side panels; shoulder straps; stitched contours","military or hiking function; camouflage; exact fabric","","初始化索引 600：逐条初始化均核对到绿黑背包及其朝向，不推定军用用途或迷彩。","GPT-6 Astra Pro"
"gb","vot","94","602112ce5cfaa2ce169d2c8b5a78fc39ca6058c2e64127683a182513833eb88d","backpack_room_noocc_1_1","00000651","conflicting","backpack","olive and dark gray back or side panels; shoulder straps; stitched contours","military or hiking function; camouflage; exact fabric","","backpack","gray fabric; zipper pockets; shoulder straps","2026-10-05T14:48:09.731Z","true","corrected","backpack","olive and dark gray back or side panels; shoulder straps; stitched contours","military or hiking function; camouflage; exact fabric","","初始化索引 650：逐条初始化均核对到绿黑背包及其朝向，不推定军用用途或迷彩。","GPT-6 Astra Pro"
"gb","vot","95","1e760780b45cf83675212f947c47266a1f7ffb52d5a7e3a67e26b6546d48630e","backpack_room_noocc_1_1","00000701","conflicting","backpack","olive green body; dark straps; stitched panels","military or hiking function; camouflage; exact fabric","","backpack","green fabric; harness straps","2026-10-05T14:48:11.315Z","true","supported","backpack","olive green body; dark straps; stitched panels","military or hiking function; camouflage; exact fabric","","初始化索引 700：逐条初始化均核对到绿黑背包及其朝向，不推定军用用途或迷彩。","GPT-6 Astra Pro"
"gb","vot","96","6e0937e7c69c26906afef7459df47bf89ff653fddacb09cbb40b25daa9cb9902","backpack_room_noocc_1_1","00000751","conflicting","backpack","olive green body; dark straps; stitched panels","military or hiking function; camouflage; exact fabric","","backpack","green and black; hiking style","2026-10-05T14:48:12.891Z","true","corrected","backpack","olive green body; dark straps; stitched panels","military or hiking function; camouflage; exact fabric","","初始化索引 750：逐条初始化均核对到绿黑背包及其朝向，不推定军用用途或迷彩。","GPT-6 Astra Pro"
"gb","vot","97","88bc9f3722d9b909106c267e9dafa97759a9b2a1b29ed65eaf2b6e2d75ab93f0","backpack_room_noocc_1_1","00000801","conflicting","backpack","olive green body; dark straps; stitched panels","military or hiking function; camouflage; exact fabric","","backpack","green fabric; zipper pockets","2026-10-05T14:48:14.491Z","true","supported","backpack","olive green body; dark straps; stitched panels","military or hiking function; camouflage; exact fabric","","初始化索引 800：逐条初始化均核对到绿黑背包及其朝向，不推定军用用途或迷彩。","GPT-6 Astra Pro"
"gb","vot","98","347679a472939a8a69bc763de1c2490ba71ecd14d7600793f8e09004b86bff85","backpack_room_noocc_1_1","00000851","conflicting","backpack","olive green body; dark straps; stitched panels","military or hiking function; camouflage; exact fabric","","backpack","green; textured fabric; hiking style; multiple pockets","2026-10-05T14:48:16.603Z","true","corrected","backpack","olive green body; dark straps; stitched panels","military or hiking function; camouflage; exact fabric","","初始化索引 850：逐条初始化均核对到绿黑背包及其朝向，不推定军用用途或迷彩。","GPT-6 Astra Pro"
"gb","vot","99","c223a4656b56df812709e9238e9da075903be4e3f9c83fab554a5943dd8de0a4","backpack_room_noocc_1_1","00000901","conflicting","backpack","olive green body; dark straps; stitched panels","military or hiking function; camouflage; exact fabric","","backpack","green and black; hiking style; multiple pockets","2026-10-05T14:48:20.035Z","true","corrected","backpack","olive green body; dark straps; stitched panels","military or hiking function; camouflage; exact fabric","","初始化索引 900：逐条初始化均核对到绿黑背包及其朝向，不推定军用用途或迷彩。","GPT-6 Astra Pro"
"gb","vot","100","939bfff2780a76543a023194c084267cd0cb617b9d7b8adaf7f3d7aefa685a1e","backpack_room_noocc_1_1","00000951","conflicting","backpack","olive green body; dark straps; stitched panels","military or hiking function; camouflage; exact fabric","","backpack","green fabric; multiple pockets; straps","2026-10-05T14:48:23.643Z","true","supported","backpack","olive green body; dark straps; stitched panels","military or hiking function; camouflage; exact fabric","","初始化索引 950：逐条初始化均核对到绿黑背包及其朝向，不推定军用用途或迷彩。","GPT-6 Astra Pro"
"gb","vot","101","3c3d896092fca9a4839c87f0c256597dda856f619160ef3d8484ebaa0cd5beb7","backpack_room_noocc_1_1","00001001","conflicting","backpack","olive green body; dark straps; stitched panels","military or hiking function; camouflage; exact fabric","","backpack","green fabric; multiple pockets; straps","2026-10-05T14:48:38.587Z","true","supported","backpack","olive green body; dark straps; stitched panels","military or hiking function; camouflage; exact fabric","","初始化索引 1000：逐条初始化均核对到绿黑背包及其朝向，不推定军用用途或迷彩。","GPT-6 Astra Pro"
"gb","vot","102","b6377db06e6075e31916fcc1e11a8155192260bd54aec41979c8fbda309b2f24","backpack_room_noocc_1_1","00001051","conflicting","backpack","olive green body; dark straps; stitched panels","military or hiking function; camouflage; exact fabric","","backpack","green fabric; zipper closure","2026-10-05T14:48:40.755Z","true","supported","backpack","olive green body; dark straps; stitched panels","military or hiking function; camouflage; exact fabric","","初始化索引 1050：逐条初始化均核对到绿黑背包及其朝向，不推定军用用途或迷彩。","GPT-6 Astra Pro"
"gb","vot","103","a8c0850c86ddeea9d18184a515ba40ab7fe1b3c82f40e05424fd78ce9e9b1c2d","backpack_room_noocc_1_1","00001101","conflicting","backpack","olive green body; dark straps; stitched panels","military or hiking function; camouflage; exact fabric","","backpack","green fabric; multiple pockets; straps","2026-10-05T14:48:42.435Z","true","supported","backpack","olive green body; dark straps; stitched panels","military or hiking function; camouflage; exact fabric","","初始化索引 1100：逐条初始化均核对到绿黑背包及其朝向，不推定军用用途或迷彩。","GPT-6 Astra Pro"
"gb","vot","104","b68b92481f296dc64562ca5534ce9d5e62c63d2a9799cebc0be456e25a4e3bd8","backpack_room_noocc_1_1","00001151","conflicting","backpack","olive green body; dark straps; stitched panels","military or hiking function; camouflage; exact fabric","","clothing","camouflage pattern; green and brown colors","2026-10-05T14:49:39.083Z","true","corrected","backpack","olive green body; dark straps; stitched panels","military or hiking function; camouflage; exact fabric","","初始化索引 1150：逐条初始化均核对到绿黑背包及其朝向，不推定军用用途或迷彩。","GPT-6 Astra Pro"
"gb","vot","105","9834dc39fd9b25b708b53b4e05f31c0dd1cb258c6791f111a8c2ec556ade5211","backpack_room_noocc_1_1","00001201","conflicting","backpack","olive green body; dark straps; stitched panels","military or hiking function; camouflage; exact fabric","","backpack","camouflage pattern; hanging straps","2026-10-05T14:49:41.659Z","true","corrected","backpack","olive green body; dark straps; stitched panels","military or hiking function; camouflage; exact fabric","","初始化索引 1200：逐条初始化均核对到绿黑背包及其朝向，不推定军用用途或迷彩。","GPT-6 Astra Pro"
"gb","vot","106","fc28bf9845e6a7f3da66f105cb4d074607ec68012759c23fdc9d739a2cbdc87d","backpack_room_noocc_1_1","00001251","conflicting","backpack","olive and dark gray back or side panels; shoulder straps; stitched contours","military or hiking function; camouflage; exact fabric","","backpack","green and black; textured fabric; hiking style; attached straps","2026-10-05T14:49:43.763Z","true","corrected","backpack","olive and dark gray back or side panels; shoulder straps; stitched contours","military or hiking function; camouflage; exact fabric","","初始化索引 1250：逐条初始化均核对到绿黑背包及其朝向，不推定军用用途或迷彩。","GPT-6 Astra Pro"
"gb","vot","107","af2033bb199d665bc10470fe05a063ed6108750f4bbbf18f707eb20df21aa2de","backpack_room_noocc_1_1","00001301","conflicting","backpack","olive and dark gray back or side panels; shoulder straps; stitched contours","military or hiking function; camouflage; exact fabric","","backpack","camouflage pattern; hanging","2026-10-05T14:49:45.836Z","true","corrected","backpack","olive and dark gray back or side panels; shoulder straps; stitched contours","military or hiking function; camouflage; exact fabric","","初始化索引 1300：逐条初始化均核对到绿黑背包及其朝向，不推定军用用途或迷彩。","GPT-6 Astra Pro"
"gb","vot","108","05f8b28e6d26f1a0f5f78b369a7fdad11c91ff3c1a1e349dd9635f2cc09cc060","backpack_room_noocc_1_1","00001351","conflicting","backpack","olive and dark gray back or side panels; shoulder straps; stitched contours","military or hiking function; camouflage; exact fabric","","backpack","green fabric; zipper pockets; handle","2026-10-05T14:49:48.443Z","true","corrected","backpack","olive and dark gray back or side panels; shoulder straps; stitched contours","military or hiking function; camouflage; exact fabric","","初始化索引 1350：逐条初始化均核对到绿黑背包及其朝向，不推定军用用途或迷彩。","GPT-6 Astra Pro"
"gb","vot","109","35ae58126a70297b415e83d0ea3847ed8b825cb01a31fd5bb3e0d798ee2a50f3","backpack_room_noocc_1_1","00001367","conflicting","backpack","olive green body; dark straps; stitched panels","military or hiking function; camouflage; exact fabric","","backpack","green and black; textured fabric; handle","2026-10-05T14:49:51.476Z","true","supported","backpack","olive green body; dark straps; stitched panels","military or hiking function; camouflage; exact fabric","","初始化索引 1366：逐条初始化均核对到绿黑背包及其朝向，不推定军用用途或迷彩。","GPT-6 Astra Pro"
"gb","vot","110","d45bfa2f452e3a71a909774676a96dd2b0c895a4030a09fb93f4a1e3519771a5","bag01_indoor_1","00000001","conflicting","bag","red flexible pouch; white curved stripes; dark edge","material; wording; closure","","package","red and white; text; circular shape","2026-10-05T14:50:31.323Z","true","corrected","pouch","red flexible pouch; white curved stripes; dark edge","material; wording; closure","邻近/概览辅助袋状物转向；未见的面不回填。","初始化索引 0：红框为悬挂小红袋状物，不是背景画板、另一只杯或人物衣物。","GPT-6 Astra Pro"
"gb","vot","111","b02f50a8d20b7355b19693c1e9348cca847ace64b9fec36afdbdac2441d3cd5a","bag01_indoor_1","00000051","conflicting","bag","red flexible pouch; white curved stripes; dark edge","material; wording; closure","","package","red and white; swirl design","2026-10-05T14:50:44.355Z","true","corrected","pouch","red flexible pouch; white curved stripes; dark edge","material; wording; closure","邻近/概览辅助袋状物转向；未见的面不回填。","初始化索引 50：红框为悬挂小红袋状物，不是背景画板、另一只杯或人物衣物。","GPT-6 Astra Pro"
"gb","vot","112","29e530f061f52f73c6fff861d5161e3fbce53659c79e064f0f696b7a4909aa7c","bag01_indoor_1","00000101","conflicting","bag","red flexible body; white curved printed stripes","material; wording; closure","","shoe","red and white; textured surface; sneaker design","2026-10-05T14:51:04.179Z","true","corrected","pouch","red flexible body; white curved printed stripes","material; wording; closure","邻近/概览辅助袋状物转向；未见的面不回填。","初始化索引 100：红框为悬挂小红袋状物，不是背景画板、另一只杯或人物衣物。","GPT-6 Astra Pro"
"gb","vot","113","78a1dd7f8cab968aea94be247b6f56ccbf50ac1e7fb2ae812c72c6e84d583792","bag01_indoor_1","00000151","conflicting","bag","red flexible body; white curved printed stripes","material; wording; closure","","painting","blue and white bird; abstract design","2026-10-05T14:51:07.827Z","true","corrected","pouch","red flexible body; white curved printed stripes","material; wording; closure","邻近/概览辅助袋状物转向；未见的面不回填。","初始化索引 150：红框为悬挂小红袋状物，不是背景画板、另一只杯或人物衣物。","GPT-6 Astra Pro"
"gb","vot","114","1341bb756b8b25ff234287650e758cf6022b09aa209e3e242d4e83b5d4288695","bag01_indoor_1","00000201","conflicting","bag","red flexible pouch; white curved stripes; dark edge","material; wording; closure","","package","red and white; text on package","2026-10-05T14:51:12.155Z","true","corrected","pouch","red flexible pouch; white curved stripes; dark edge","material; wording; closure","邻近/概览辅助袋状物转向；未见的面不回填。","初始化索引 200：红框为悬挂小红袋状物，不是背景画板、另一只杯或人物衣物。","GPT-6 Astra Pro"
"gb","vot","115","cf6c2713ef57cc73ac2e8c8af9687e920058fbc7b43928092ddc5f4d5f4df408","bag01_indoor_1","00000251","conflicting","bag","red flexible body; white curved printed stripes","material; wording; closure","","painting","red background; blue and black figure; feather-like wings","2026-10-05T14:51:14.868Z","true","corrected","pouch","red flexible body; white curved printed stripes","material; wording; closure","邻近/概览辅助袋状物转向；未见的面不回填。","初始化索引 250：红框为悬挂小红袋状物，不是背景画板、另一只杯或人物衣物。","GPT-6 Astra Pro"
"gb","vot","116","fe8b351c09eff6ec51edb745d740f34cefd36f968c1cbf8b506863d1e66c5979","bag01_indoor_1","00000301","conflicting","bag","red flexible pouch; white curved stripes; dark edge","material; wording; closure","","shirt","white; red logo","2026-10-05T14:51:17.003Z","true","corrected","pouch","red flexible pouch; white curved stripes; dark edge","material; wording; closure","邻近/概览辅助袋状物转向；未见的面不回填。","初始化索引 300：红框为悬挂小红袋状物，不是背景画板、另一只杯或人物衣物。","GPT-6 Astra Pro"
"gb","vot","117","f4283aaafca848d6649cf8f3d1fe0206333785741525db043e9000618f1914b5","bag01_indoor_1","00000334","conflicting","bag","small red blurred body; pale mark","material; wording; closure","","painting","red background; blue and white figure; abstract design","2026-10-05T14:51:19.427Z","true","uncertain","pouch","small red blurred body; pale mark","material; wording; closure","邻近/概览辅助袋状物转向；未见的面不回填。","初始化索引 333：红框处为红色运动小物，形状/纹理不足；pouch只作近邻辅助粗判断。","GPT-6 Astra Pro"
"gb","vot","118","36ca8f97fe92861d71d7352a6af93fb3b79644ad9be5abbba919be2777c4d377","bag01_indoor_2","00000001","conflicting","bag","red flexible pouch; white curved stripes; dark edge","material; wording; closure","","cup","red; textured","2026-10-05T14:51:22.139Z","true","corrected","pouch","red flexible pouch; white curved stripes; dark edge","material; wording; closure","邻近/概览辅助袋状物转向；未见的面不回填。","初始化索引 0：红框为悬挂小红袋状物，不是背景画板、另一只杯或人物衣物。","GPT-6 Astra Pro"
"gb","vot","119","74351920539559bd9ce8d758135792d7e7c26b70a1a3237b8cdec44917edc7ae","bag01_indoor_2","00000051","conflicting","bag","small red blurred body; pale mark","material; wording; closure","","cup","red handle; blue base","2026-10-05T14:51:26.867Z","true","uncertain","pouch","small red blurred body; pale mark","material; wording; closure","邻近/概览辅助袋状物转向；未见的面不回填。","初始化索引 50：红框处为红色运动小物，形状/纹理不足；pouch只作近邻辅助粗判断。","GPT-6 Astra Pro"
"gb","vot","120","62ad9dcb00891324cc60c9ddeb0cc660125fbde364bea464db0898b0440c5987","bag01_indoor_2","00000101","conflicting","bag","red flexible pouch; white curved stripes; dark edge","material; wording; closure","","sock","red; textured","2026-10-05T14:51:29.819Z","true","corrected","pouch","red flexible pouch; white curved stripes; dark edge","material; wording; closure","邻近/概览辅助袋状物转向；未见的面不回填。","初始化索引 100：红框为悬挂小红袋状物，不是背景画板、另一只杯或人物衣物。","GPT-6 Astra Pro"
"gb","vot","121","f42a979874207a2495ad9171f2bc9a1b82bfbb7e8196e83f7b3967011136b8bd","bag01_indoor_2","00000151","conflicting","bag","red flexible body; white curved printed stripes","material; wording; closure","","plastic bag","red; zipper","2026-10-05T14:51:32.803Z","true","corrected","pouch","red flexible body; white curved printed stripes","material; wording; closure","邻近/概览辅助袋状物转向；未见的面不回填。","初始化索引 150：红框为悬挂小红袋状物，不是背景画板、另一只杯或人物衣物。","GPT-6 Astra Pro"
"gb","vot","122","f7b635ee155add40c2cac0adcbb1d0300adc722221901f7cebf450b197790162","bag01_indoor_2","00000214","conflicting","bag","red flexible pouch; white curved stripes; dark edge","material; wording; closure","","shirt","red and white; text on back","2026-10-05T14:51:36.371Z","true","corrected","pouch","red flexible pouch; white curved stripes; dark edge","material; wording; closure","邻近/概览辅助袋状物转向；未见的面不回填。","初始化索引 213：红框为悬挂小红袋状物，不是背景画板、另一只杯或人物衣物。","GPT-6 Astra Pro"
"gb","vot","123","21f1a8562cece64b37a3b1e005dd7bc0e0792f8a9e09e80670c8375c78185d58","bag01_indoor_2","00000251","conflicting","bag","small red blurred body; pale mark","material; wording; closure","","target","red and blue; round shape; text on surface","2026-10-05T14:52:06.235Z","true","uncertain","pouch","small red blurred body; pale mark","material; wording; closure","邻近/概览辅助袋状物转向；未见的面不回填。","初始化索引 250：红框处为红色运动小物，形状/纹理不足；pouch只作近邻辅助粗判断。","GPT-6 Astra Pro"
"gb","vot","124","5697485119d746191d5b80abd436469ab824c3dd6151c204510317243f48a622","bag01_indoor_2","00000301","conflicting","bag","small red blurred body; pale mark","material; wording; closure","","target","red; textured","2026-10-05T14:52:08.923Z","true","uncertain","pouch","small red blurred body; pale mark","material; wording; closure","邻近/概览辅助袋状物转向；未见的面不回填。","初始化索引 300：红框处为红色运动小物，形状/纹理不足；pouch只作近邻辅助粗判断。","GPT-6 Astra Pro"
"gb","vot","125","4403b2c9e25fc60f3075e0d2b12427a89fb65d07d73acc9574203d2ecf2104d9","bag01_indoor_2","00000351","conflicting","bag","small red blurred body; pale mark","material; wording; closure","","painting","blue dragon; red background","2026-10-05T14:52:11.907Z","true","uncertain","pouch","small red blurred body; pale mark","material; wording; closure","邻近/概览辅助袋状物转向；未见的面不回填。","初始化索引 350：红框处为红色运动小物，形状/纹理不足；pouch只作近邻辅助粗判断。","GPT-6 Astra Pro"
"gb","vot","126","7d31636f0682ff59ec9106daeaee004e8f6677073200e79260c85f148a630b44","bag01_indoor_2","00000401","conflicting","bag","red flexible body; white curved printed stripes","material; wording; closure","","painting","blue and red; female figure; feathered headdress","2026-10-05T14:52:14.571Z","true","corrected","pouch","red flexible body; white curved printed stripes","material; wording; closure","邻近/概览辅助袋状物转向；未见的面不回填。","初始化索引 400：红框为悬挂小红袋状物，不是背景画板、另一只杯或人物衣物。","GPT-6 Astra Pro"
"gb","vot","127","d48c84c2b6421dab4e0faf8c358494692ca1a6db7f2ab2f35db4f1403cbdc5fe","bag01_indoor_2","00000451","conflicting","bag","red flexible pouch; white curved stripes; dark edge","material; wording; closure","","can","red label; white logo; blue design","2026-10-05T14:52:18.363Z","true","corrected","pouch","red flexible pouch; white curved stripes; dark edge","material; wording; closure","邻近/概览辅助袋状物转向；未见的面不回填。","初始化索引 450：红框为悬挂小红袋状物，不是背景画板、另一只杯或人物衣物。","GPT-6 Astra Pro"
"gb","vot","128","d87e6f832f47217b279e9a78f6868ca0027cef5bb244a1b4123204be07a9e2ba","bag01_indoor_2","00000501","conflicting","bag","small red blurred body; pale mark","material; wording; closure","","painting","red background; blue and white figure; abstract design","2026-10-05T14:52:22.411Z","true","uncertain","pouch","small red blurred body; pale mark","material; wording; closure","邻近/概览辅助袋状物转向；未见的面不回填。","初始化索引 500：红框处为红色运动小物，形状/纹理不足；pouch只作近邻辅助粗判断。","GPT-6 Astra Pro"
"gb","vot","129","95e0c65123f2d5a82b5e957c25a102631981281ec67ef03974c3531b57d91105","bag01_indoor_2","00000551","conflicting","bag","red flexible pouch; white curved stripes; dark edge","material; wording; closure","","sneaker","red and white; text on side","2026-10-05T14:52:28.459Z","true","corrected","pouch","red flexible pouch; white curved stripes; dark edge","material; wording; closure","邻近/概览辅助袋状物转向；未见的面不回填。","初始化索引 550：红框为悬挂小红袋状物，不是背景画板、另一只杯或人物衣物。","GPT-6 Astra Pro"
"gb","vot","130","81087ec90e8b12d723cdcd7296fe59bc81886f58c08649eafce9487247ab62c2","bag01_indoor_2","00000601","conflicting","bag","red flexible pouch; white curved stripes; dark edge","material; wording; closure","","painting","red background; blue and white figure; abstract design","2026-10-05T15:27:57.899Z","true","corrected","pouch","red flexible pouch; white curved stripes; dark edge","material; wording; closure","邻近/概览辅助袋状物转向；未见的面不回填。","初始化索引 600：红框为悬挂小红袋状物，不是背景画板、另一只杯或人物衣物。","GPT-6 Astra Pro"
"gb","vot","131","6c047da053b21f66f9056cbe4b9019bc0788b313f966ea77e84b6b9bed34c2aa","bag01_indoor_2","00000651","conflicting","bag","small red blurred body; pale mark","material; wording; closure","","sock","red and white; textured fabric","2026-10-05T15:28:05.995Z","true","uncertain","pouch","small red blurred body; pale mark","material; wording; closure","邻近/概览辅助袋状物转向；未见的面不回填。","初始化索引 650：红框处为红色运动小物，形状/纹理不足；pouch只作近邻辅助粗判断。","GPT-6 Astra Pro"
"gb","vot","132","800c14fe8cb2ec6c1f4506380c1fb1e5d86af0c255574a2bfe2fe07e478526ba","bag01_indoor_2","00000701","conflicting","bag","red flexible pouch; white curved stripes; dark edge","material; wording; closure","","shirt","red and white; textured fabric","2026-10-05T15:28:14.484Z","true","corrected","pouch","red flexible pouch; white curved stripes; dark edge","material; wording; closure","邻近/概览辅助袋状物转向；未见的面不回填。","初始化索引 700：红框为悬挂小红袋状物，不是背景画板、另一只杯或人物衣物。","GPT-6 Astra Pro"
"gb","vot","133","dced38f2568013db8da00ae3494813c67cc69a6e81bbce4cc4fdd87853eef24d","bag01_indoor_2","00000751","conflicting","bag","small red blurred body; pale mark","material; wording; closure","","mask","red and white; textured","2026-10-05T15:28:22.763Z","true","uncertain","pouch","small red blurred body; pale mark","material; wording; closure","邻近/概览辅助袋状物转向；未见的面不回填。","初始化索引 750：红框处为红色运动小物，形状/纹理不足；pouch只作近邻辅助粗判断。","GPT-6 Astra Pro"
"gb","vot","134","591fb7dac058bf1ff602a9b8e3de5cba00a306f68c7525500ac5315dd655c7d4","bag01_indoor_2","00000801","conflicting","bag","small red blurred body; pale mark","material; wording; closure","","painting","blue wings; red background","2026-10-05T15:28:43.580Z","true","uncertain","pouch","small red blurred body; pale mark","material; wording; closure","邻近/概览辅助袋状物转向；未见的面不回填。","初始化索引 800：红框处为红色运动小物，形状/纹理不足；pouch只作近邻辅助粗判断。","GPT-6 Astra Pro"
"gb","vot","135","fe81d256fd969c212d2c96002438d11100cb280829a1012d251679bab43611b5","bag01_indoor_2","00000851","conflicting","bag","small red blurred body; pale mark","material; wording; closure","","painting","blue wings; red background","2026-10-05T15:28:47.941Z","true","uncertain","pouch","small red blurred body; pale mark","material; wording; closure","邻近/概览辅助袋状物转向；未见的面不回填。","初始化索引 850：红框处为红色运动小物，形状/纹理不足；pouch只作近邻辅助粗判断。","GPT-6 Astra Pro"
"gb","vot","136","2abc4befad4a2050d9faa861cf8d0345e7250765fcedb2f16f0fe2e2af71b79a","bag01_indoor_2","00000901","conflicting","bag","small red blurred body; pale mark","material; wording; closure","","painting","red background; blue and black figure; feather-like wings","2026-10-05T15:28:51.516Z","true","uncertain","pouch","small red blurred body; pale mark","material; wording; closure","邻近/概览辅助袋状物转向；未见的面不回填。","初始化索引 900：红框处为红色运动小物，形状/纹理不足；pouch只作近邻辅助粗判断。","GPT-6 Astra Pro"
"gb","vot","137","e2fb347d6d56f9d199743e2f08f262c3b2f81ea261719ce8dfd2896aecc3bdc8","bag01_indoor_2","00000955","conflicting","bag","small red blurred body; pale mark","material; wording; closure","","painting","abstract; blue and white; female figure; feathered wings","2026-10-05T15:28:55.083Z","true","uncertain","pouch","small red blurred body; pale mark","material; wording; closure","邻近/概览辅助袋状物转向；未见的面不回填。","初始化索引 954：红框处为红色运动小物，形状/纹理不足；pouch只作近邻辅助粗判断。","GPT-6 Astra Pro"
"gb","vot","138","34c6dece5d1ed7458b097f904af784a83bf4b786f148d2b7621b6e9a8151e737","bag01_indoor_2","00000972","conflicting","bag","small red blurred body; pale mark","material; wording; closure","","candle","red wax; flame visible","2026-10-05T15:28:57.995Z","true","uncertain","pouch","small red blurred body; pale mark","material; wording; closure","邻近/概览辅助袋状物转向；未见的面不回填。","初始化索引 971：红框处为红色运动小物，形状/纹理不足；pouch只作近邻辅助粗判断。","GPT-6 Astra Pro"
"gb","vot","139","6a507dd96f656857a4b65691f610981c6c81bc696ceade73deee94facbd7a443","bag01_indoor_4","00000001","conflicting","bag","small red blurred body; pale mark","material; wording; closure","","can","red label; text on label","2026-10-05T15:29:33.572Z","true","uncertain","pouch","small red blurred body; pale mark","material; wording; closure","邻近/概览辅助袋状物转向；未见的面不回填。","初始化索引 0：红框处为红色运动小物，形状/纹理不足；pouch只作近邻辅助粗判断。","GPT-6 Astra Pro"
"gb","vot","140","5fb5825f1aca9a6df0b4c1e0af68dc9811d08bf12df6e0099e9b25a3502582fb","bag01_indoor_4","00000051","conflicting","bag","small red blurred body; pale mark","material; wording; closure","","painting","red background; blue figure; feather-like wings","2026-10-05T15:44:47.604Z","true","uncertain","pouch","small red blurred body; pale mark","material; wording; closure","邻近/概览辅助袋状物转向；未见的面不回填。","初始化索引 50：红框处为红色运动小物，形状/纹理不足；pouch只作近邻辅助粗判断。","GPT-6 Astra Pro"
"gb","vot","141","a61716e110e7029c3bd56b227a838ab897df35a5f992e3a1af94c3152418f8d3","bag01_indoor_4","00000111","conflicting","bag","small red blurred body; pale mark","material; wording; closure","","mask","red; textured","2026-10-05T15:44:53.916Z","true","uncertain","pouch","small red blurred body; pale mark","material; wording; closure","邻近/概览辅助袋状物转向；未见的面不回填。","初始化索引 110：红框处为红色运动小物，形状/纹理不足；pouch只作近邻辅助粗判断。","GPT-6 Astra Pro"
"gb","vot","142","d559170e1915b28ef61370d546c4919cf7aec9559a1b79eaac5c14e08ecbbec8","bag01_indoor_4","00000154","conflicting","bag","small red blurred body; pale mark","material; wording; closure","","painting","blue dragon; red background","2026-10-05T15:44:57.332Z","true","uncertain","pouch","small red blurred body; pale mark","material; wording; closure","邻近/概览辅助袋状物转向；未见的面不回填。","初始化索引 153：红框处为红色运动小物，形状/纹理不足；pouch只作近邻辅助粗判断。","GPT-6 Astra Pro"
"gb","vot","143","4e5a1c4f02c08bb7c772125fea1e87c42a3f2373419a6a8bdd900e9af3d29571","bag01_indoor_4","00000201","conflicting","bag","small red blurred body; pale mark","material; wording; closure","","painting","red background; blue and black figure; abstract design","2026-10-05T15:45:00.836Z","true","uncertain","pouch","small red blurred body; pale mark","material; wording; closure","邻近/概览辅助袋状物转向；未见的面不回填。","初始化索引 200：红框处为红色运动小物，形状/纹理不足；pouch只作近邻辅助粗判断。","GPT-6 Astra Pro"
"gb","vot","144","0d4074197f30b79ad3f83f406f8e0000d89dfc56bd94b7b5594c68383735f265","bag01_indoor_4","00000251","conflicting","bag","red flexible pouch; white curved stripes; dark edge","material; wording; closure","","sock","red and white stripes; textured fabric","2026-10-05T15:45:04.580Z","true","corrected","pouch","red flexible pouch; white curved stripes; dark edge","material; wording; closure","邻近/概览辅助袋状物转向；未见的面不回填。","初始化索引 250：红框为悬挂小红袋状物，不是背景画板、另一只杯或人物衣物。","GPT-6 Astra Pro"
"gb","vot","145","132869f48d09898278f0b39174438d3662f38033f60735f3b243301981ec48d6","bag01_indoor_4","00000301","conflicting","bag","red flexible pouch; white curved stripes; dark edge","material; wording; closure","","cloth","red; floral pattern","2026-10-05T15:45:08.221Z","true","corrected","pouch","red flexible pouch; white curved stripes; dark edge","material; wording; closure","邻近/概览辅助袋状物转向；未见的面不回填。","初始化索引 300：红框为悬挂小红袋状物，不是背景画板、另一只杯或人物衣物。","GPT-6 Astra Pro"
"gb","vot","146","0d4edceb5b00ee13479726b487b26ac2024974f2072cdf47ba274960b97d6d99","bag01_indoor_4","00000351","conflicting","bag","red flexible pouch; white curved stripes; dark edge","material; wording; closure","","package","red and white; text; swirl design","2026-10-05T15:45:10.876Z","true","corrected","pouch","red flexible pouch; white curved stripes; dark edge","material; wording; closure","邻近/概览辅助袋状物转向；未见的面不回填。","初始化索引 350：红框为悬挂小红袋状物，不是背景画板、另一只杯或人物衣物。","GPT-6 Astra Pro"
"gb","vot","147","69e4ea18dbf0252d58e9f49fb6a700929185ff6621adabb3f79574b32df8dc27","bag01_indoor_4","00000397","conflicting","bag","red flexible pouch; white curved stripes; dark edge","material; wording; closure","","flag","red and blue; wavy design; cloud-like pattern","2026-10-05T15:45:17.012Z","true","corrected","pouch","red flexible pouch; white curved stripes; dark edge","material; wording; closure","邻近/概览辅助袋状物转向；未见的面不回填。","初始化索引 396：红框为悬挂小红袋状物，不是背景画板、另一只杯或人物衣物。","GPT-6 Astra Pro"
"gb","vot","148","b3e2d28a0133312c72aee8910d06f0fdecff20a72c1f322bb3c52174ea9c3fb3","bag02_indoor_1","00000001","conflicting","bag","dark rounded rectangular or narrow-side silhouette","category; texture; material; function","","microphone","black; rectangular","2026-10-05T15:47:26.828Z","true","uncertain","object","dark rounded rectangular or narrow-side silhouette","category; texture; material; function","多帧能见小物摆动，但用途部件不清，不以文件名定类。","初始化索引 0：红框为空中或椅前黑色小物，不是桌上红罐；红色框线也不是物体红边。","GPT-6 Astra Pro"
"gb","vot","149","1a149b3b15fafc12e77c5078826c4188774b5baa7b6cd92f9f54d7aae66a8335","bag02_indoor_1","00000051","conflicting","bag","very dark partly merged patch","category; texture; material; function","","can","red label; cylindrical shape","2026-10-05T15:47:40.228Z","true","uncertain","object","very dark partly merged patch","category; texture; material; function","多帧能见小物摆动，但用途部件不清，不以文件名定类。","初始化索引 50：小物与黑椅/暗背景重叠，不能硬读边界；原红罐等建议未获支持。","GPT-6 Astra Pro"
"gb","vot","150","e1b0c7635e7fb6b8ae59964f571598877ca2fbc3f6ac1593ca65e5dcaaa2ac0d","bag02_indoor_1","00000096","conflicting","bag","dark rounded rectangular or narrow-side silhouette","category; texture; material; function","","coca-cola can","red body; white label","2026-10-05T15:47:43.716Z","true","uncertain","object","dark rounded rectangular or narrow-side silhouette","category; texture; material; function","多帧能见小物摆动，但用途部件不清，不以文件名定类。","初始化索引 95：红框为空中或椅前黑色小物，不是桌上红罐；红色框线也不是物体红边。","GPT-6 Astra Pro"
"gb","vot","151","635a5f6e513f51f2ab5bac45926430bc898d879eb184fb1cb73afe5c04b2d4d3","bag02_indoor_1","00000140","conflicting","bag","dark rounded rectangular or narrow-side silhouette","category; texture; material; function","","canned drink","red label; metallic can","2026-10-05T15:47:47.804Z","true","uncertain","object","dark rounded rectangular or narrow-side silhouette","category; texture; material; function","多帧能见小物摆动，但用途部件不清，不以文件名定类。","初始化索引 139：红框为空中或椅前黑色小物，不是桌上红罐；红色框线也不是物体红边。","GPT-6 Astra Pro"
"gb","vot","152","278e474a261a14cf002b8ac384ffb952e7c10e6c64ddf76987659228231cfeba","bag02_indoor_1","00000201","conflicting","bag","dark rounded rectangular or narrow-side silhouette","category; texture; material; function","","cans","red and white labels; stacked","2026-10-05T15:47:50.676Z","true","uncertain","object","dark rounded rectangular or narrow-side silhouette","category; texture; material; function","多帧能见小物摆动，但用途部件不清，不以文件名定类。","初始化索引 200：红框为空中或椅前黑色小物，不是桌上红罐；红色框线也不是物体红边。","GPT-6 Astra Pro"
"gb","vot","153","fa1474dc8897722ba19a892de00a705402c1ae3384ce33ea82b0ef28db70c88b","bag02_indoor_1","00000251","conflicting","bag","very dark partly merged patch","category; texture; material; function","","can","red label; metallic body","2026-10-05T15:47:56.660Z","true","uncertain","object","very dark partly merged patch","category; texture; material; function","多帧能见小物摆动，但用途部件不清，不以文件名定类。","初始化索引 250：小物与黑椅/暗背景重叠，不能硬读边界；原红罐等建议未获支持。","GPT-6 Astra Pro"
"gb","vot","154","d50256d47804ccff9ec79a6c4115f086355d3e31c579fb240acd6d31f97406a9","bag02_indoor_1","00000301","conflicting","bag","very dark partly merged patch","category; texture; material; function","","coca-cola can","red label; metallic body","2026-10-05T15:48:00.124Z","true","uncertain","object","very dark partly merged patch","category; texture; material; function","多帧能见小物摆动，但用途部件不清，不以文件名定类。","初始化索引 300：小物与黑椅/暗背景重叠，不能硬读边界；原红罐等建议未获支持。","GPT-6 Astra Pro"
"gb","vot","155","8445d8583d75893eb17464acc28b0305a28e3b8d9ff931177947e82aa0f6cf3a","bag02_indoor_1","00000351","conflicting","bag","very dark partly merged patch","category; texture; material; function","","canned drink","red label; metallic can","2026-10-05T15:48:02.764Z","true","uncertain","object","very dark partly merged patch","category; texture; material; function","多帧能见小物摆动，但用途部件不清，不以文件名定类。","初始化索引 350：小物与黑椅/暗背景重叠，不能硬读边界；原红罐等建议未获支持。","GPT-6 Astra Pro"
"gb","vot","156","bc17904bb1d8f05a5efe1e7e7040470a76f49af3dbe6dba9728fb1dfef25d432","bag02_indoor_1","00000401","conflicting","bag","dark rounded rectangular or narrow-side silhouette","category; texture; material; function","","target","black; square","2026-10-05T15:48:05.332Z","true","uncertain","object","dark rounded rectangular or narrow-side silhouette","category; texture; material; function","多帧能见小物摆动，但用途部件不清，不以文件名定类。","初始化索引 400：红框为空中或椅前黑色小物，不是桌上红罐；红色框线也不是物体红边。","GPT-6 Astra Pro"
"gb","vot","157","e6d6711a6009fcb62011862edcd62c56c253b275ccd40d7b1884fcd53823a119","bag02_indoor_1","00000451","conflicting","bag","very dark partly merged patch","category; texture; material; function","","can","red label; metallic body","2026-10-05T15:48:08.460Z","true","uncertain","object","very dark partly merged patch","category; texture; material; function","多帧能见小物摆动，但用途部件不清，不以文件名定类。","初始化索引 450：小物与黑椅/暗背景重叠，不能硬读边界；原红罐等建议未获支持。","GPT-6 Astra Pro"
"gb","vot","158","fe9d66e6c6176bed307ae17cd6e810f68b9e512c9bbfb0ed27ec0616e36e78d6","bag02_indoor_1","00000485","conflicting","bag","dark rounded rectangular or narrow-side silhouette","category; texture; material; function","","can","red; cylindrical","2026-10-05T15:48:11.204Z","true","uncertain","object","dark rounded rectangular or narrow-side silhouette","category; texture; material; function","多帧能见小物摆动，但用途部件不清，不以文件名定类。","初始化索引 484：红框为空中或椅前黑色小物，不是桌上红罐；红色框线也不是物体红边。","GPT-6 Astra Pro"
"gb","vot","159","bd7acd5a0dd79ce18d18eab7b751763000c30997e2421eb9b7a6f1d02eb20428","bag02_indoor_2","00000001","conflicting","bag","dark rounded rectangular or narrow-side silhouette","category; texture; material; function","","target","black; blank","2026-10-05T15:48:14.390Z","true","uncertain","object","dark rounded rectangular or narrow-side silhouette","category; texture; material; function","多帧能见小物摆动，但用途部件不清，不以文件名定类。","初始化索引 0：红框为空中或椅前黑色小物，不是桌上红罐；红色框线也不是物体红边。","GPT-6 Astra Pro"
"gb","vot","160","d5be70a8f4a66ca647cf0b19619a8d95c6e1d3b3c1784722bd92ecc2bb9b5302","bag02_indoor_2","00000051","conflicting","bag","dark rounded rectangular or narrow-side silhouette","category; texture; material; function","","object","black; smooth","2026-10-05T15:48:17.348Z","true","uncertain","object","dark rounded rectangular or narrow-side silhouette","category; texture; material; function","多帧能见小物摆动，但用途部件不清，不以文件名定类。","初始化索引 50：红框为空中或椅前黑色小物，不是桌上红罐；红色框线也不是物体红边。","GPT-6 Astra Pro"
"gb","vot","161","70a0578014d1abf6157590a9ec65a3afcea96e86ec39f12ef689c0afc856ca30","bag02_indoor_2","00000101","conflicting","bag","dark rounded rectangular or narrow-side silhouette","category; texture; material; function","","remote control","black surface; rectangular shape","2026-10-05T15:48:20.036Z","true","uncertain","object","dark rounded rectangular or narrow-side silhouette","category; texture; material; function","多帧能见小物摆动，但用途部件不清，不以文件名定类。","初始化索引 100：红框为空中或椅前黑色小物，不是桌上红罐；红色框线也不是物体红边。","GPT-6 Astra Pro"
"gb","vot","162","3629ee90310a28e7ce492839b8572c196835db754c58751b977b57ef63fcdbc6","bag02_indoor_2","00000151","conflicting","bag","dark rounded rectangular or narrow-side silhouette","category; texture; material; function","","target","black; round","2026-10-05T15:48:24.060Z","true","uncertain","object","dark rounded rectangular or narrow-side silhouette","category; texture; material; function","多帧能见小物摆动，但用途部件不清，不以文件名定类。","初始化索引 150：红框为空中或椅前黑色小物，不是桌上红罐；红色框线也不是物体红边。","GPT-6 Astra Pro"
"gb","vot","163","bdd9a2f795a0fb02e32d8f62d3a44ccfc042387f7a6f2d96e7ba45fc16648142","bag02_indoor_2","00000201","conflicting","bag","dark rounded rectangular or narrow-side silhouette","category; texture; material; function","","coca-cola can","red label; metallic body","2026-10-05T15:48:29.140Z","true","uncertain","object","dark rounded rectangular or narrow-side silhouette","category; texture; material; function","多帧能见小物摆动，但用途部件不清，不以文件名定类。","初始化索引 200：红框为空中或椅前黑色小物，不是桌上红罐；红色框线也不是物体红边。","GPT-6 Astra Pro"
"gb","vot","164","f8ef2ceab9cb2caaaefb9b4d97c3866283dff02e9797557cef492391025c244c","bag02_indoor_2","00000251","conflicting","bag","dark rounded rectangular or narrow-side silhouette","category; texture; material; function","","target","black fabric; round shape","2026-10-05T15:48:31.804Z","true","uncertain","object","dark rounded rectangular or narrow-side silhouette","category; texture; material; function","多帧能见小物摆动，但用途部件不清，不以文件名定类。","初始化索引 250：红框为空中或椅前黑色小物，不是桌上红罐；红色框线也不是物体红边。","GPT-6 Astra Pro"
"gb","vot","165","a11d957bd2c8f33f69b227ec3ef410b6811ee10ef7cb6f04cda49c975907fd17","bag02_indoor_2","00000290","conflicting","bag","very dark partly merged patch","category; texture; material; function","","can","red label; cylindrical shape","2026-10-05T15:48:38.460Z","true","uncertain","object","very dark partly merged patch","category; texture; material; function","多帧能见小物摆动，但用途部件不清，不以文件名定类。","初始化索引 289：小物与黑椅/暗背景重叠，不能硬读边界；原红罐等建议未获支持。","GPT-6 Astra Pro"
"gb","vot","166","068377a9c221c7c957c75513f611385d88c7f6d9ed6b813de348c081eaba432c","bag02_indoor_2","00000351","conflicting","bag","very dark partly merged patch","category; texture; material; function","","canned drink","red label; metallic can","2026-10-05T15:48:41.140Z","true","uncertain","object","very dark partly merged patch","category; texture; material; function","多帧能见小物摆动，但用途部件不清，不以文件名定类。","初始化索引 350：小物与黑椅/暗背景重叠，不能硬读边界；原红罐等建议未获支持。","GPT-6 Astra Pro"
"gb","vot","167","15bfc1839e2e7d5302c83b21a95eb553b1b579c6e58c5abf95f7ea596a089947","bag02_indoor_2","00000401","conflicting","bag","very dark partly merged patch","category; texture; material; function","","coca-cola can","red label; metallic body","2026-10-05T15:48:43.885Z","true","uncertain","object","very dark partly merged patch","category; texture; material; function","多帧能见小物摆动，但用途部件不清，不以文件名定类。","初始化索引 400：小物与黑椅/暗背景重叠，不能硬读边界；原红罐等建议未获支持。","GPT-6 Astra Pro"
"gb","vot","168","e1d3b4e173b804c83d3dc5ce747808f53ea504ffe1254a5019039057df2dc4bf","bag02_indoor_2","00000451","conflicting","bag","dark rounded rectangular or narrow-side silhouette","category; texture; material; function","","object","dark blue; shiny surface","2026-10-05T15:48:46.309Z","true","uncertain","object","dark rounded rectangular or narrow-side silhouette","category; texture; material; function","多帧能见小物摆动，但用途部件不清，不以文件名定类。","初始化索引 450：红框为空中或椅前黑色小物，不是桌上红罐；红色框线也不是物体红边。","GPT-6 Astra Pro"
"gb","vot","169","b88e5e9368cdc21e694ec3ca21b6009a3dca2af68baddce303f4c00e0491001a","bag02_indoor_2","00000501","conflicting","bag","very dark partly merged patch","category; texture; material; function","","can","green label; coca-cola branding","2026-10-05T15:48:48.748Z","true","uncertain","object","very dark partly merged patch","category; texture; material; function","多帧能见小物摆动，但用途部件不清，不以文件名定类。","初始化索引 500：小物与黑椅/暗背景重叠，不能硬读边界；原红罐等建议未获支持。","GPT-6 Astra Pro"
"gb","vot","170","86cea4c3b8d6190a09fb9001e93fb96e9f583eb87064ca0dfcbf4a18441548e3","bag02_indoor_2","00000556","conflicting","bag","dark rounded rectangular or narrow-side silhouette","category; texture; material; function","","target","black; shiny","2026-10-05T15:48:51.428Z","true","uncertain","object","dark rounded rectangular or narrow-side silhouette","category; texture; material; function","多帧能见小物摆动，但用途部件不清，不以文件名定类。","初始化索引 555：红框为空中或椅前黑色小物，不是桌上红罐；红色框线也不是物体红边。","GPT-6 Astra Pro"
"gb","vot","171","279c0940ec33487d3ec6fb01752e54be2232b1b61c1c385d1d287ceb92ac9241","bag02_indoor_2","00000601","conflicting","bag","dark rounded rectangular or narrow-side silhouette","category; texture; material; function","","target","red square; reflective surface","2026-10-05T15:49:05.341Z","true","uncertain","object","dark rounded rectangular or narrow-side silhouette","category; texture; material; function","多帧能见小物摆动，但用途部件不清，不以文件名定类。","初始化索引 600：红框为空中或椅前黑色小物，不是桌上红罐；红色框线也不是物体红边。","GPT-6 Astra Pro"
"gb","vot","172","ef64445a0b45244637b5c93dadc0eecfb3674ca859077ea8b264ee8bdc1064e5","bag02_indoor_2","00000651","conflicting","bag","very dark partly merged patch","category; texture; material; function","","target","black surface; red border","2026-10-05T15:49:34.964Z","true","uncertain","object","very dark partly merged patch","category; texture; material; function","多帧能见小物摆动，但用途部件不清，不以文件名定类。","初始化索引 650：小物与黑椅/暗背景重叠，不能硬读边界；原红罐等建议未获支持。","GPT-6 Astra Pro"
"gb","vot","173","4cf619f644c340ebb03909f88dd279b4669fd44be46ac3023c5f777ce78262bd","bag02_indoor_2","00000701","conflicting","bag","dark rounded rectangular or narrow-side silhouette","category; texture; material; function","","remote control","black surface; rectangular shape","2026-10-05T15:49:38.452Z","true","uncertain","object","dark rounded rectangular or narrow-side silhouette","category; texture; material; function","多帧能见小物摆动，但用途部件不清，不以文件名定类。","初始化索引 700：红框为空中或椅前黑色小物，不是桌上红罐；红色框线也不是物体红边。","GPT-6 Astra Pro"
"gb","vot","174","cb2af67751f541622c6d4cc066955ece753c26047eb2db5b717f115107ffc3ed","bag02_indoor_2","00000745","conflicting","bag","dark rounded rectangular or narrow-side silhouette","category; texture; material; function","","object","black; round","2026-10-05T15:49:41.244Z","true","uncertain","object","dark rounded rectangular or narrow-side silhouette","category; texture; material; function","多帧能见小物摆动，但用途部件不清，不以文件名定类。","初始化索引 744：红框为空中或椅前黑色小物，不是桌上红罐；红色框线也不是物体红边。","GPT-6 Astra Pro"
"gb","vot","175","8f9f558977b2b158700bcfa5c6f5f9e56ca0f66938c1d55717cd1a3a18634f2b","bag02_indoor_2","00000801","conflicting","bag","dark rounded rectangular or narrow-side silhouette","category; texture; material; function","","remote control","black; rectangular","2026-10-05T15:49:45.572Z","true","uncertain","object","dark rounded rectangular or narrow-side silhouette","category; texture; material; function","多帧能见小物摆动，但用途部件不清，不以文件名定类。","初始化索引 800：红框为空中或椅前黑色小物，不是桌上红罐；红色框线也不是物体红边。","GPT-6 Astra Pro"
"gb","vot","176","7937e939ae9d0c587b3f7ad43b0352d9ce4a993749cfc3e8a2928a5699c033b8","bag02_indoor_2","00000851","conflicting","bag","dark rounded rectangular or narrow-side silhouette","category; texture; material; function","","canned drink","red label; metallic can","2026-10-05T15:49:49.228Z","true","uncertain","object","dark rounded rectangular or narrow-side silhouette","category; texture; material; function","多帧能见小物摆动，但用途部件不清，不以文件名定类。","初始化索引 850：红框为空中或椅前黑色小物，不是桌上红罐；红色框线也不是物体红边。","GPT-6 Astra Pro"
"gb","vot","177","71989281f1738f07f9bd6f0b96f9ef45d3119b72dc709d9a783116bc5fc9da26","bag02_indoor_2","00000901","conflicting","bag","dark rounded rectangular or narrow-side silhouette","category; texture; material; function","","mirror","reflective surface; frame around mirror","2026-10-05T15:49:54.108Z","true","uncertain","object","dark rounded rectangular or narrow-side silhouette","category; texture; material; function","多帧能见小物摆动，但用途部件不清，不以文件名定类。","初始化索引 900：红框为空中或椅前黑色小物，不是桌上红罐；红色框线也不是物体红边。","GPT-6 Astra Pro"
"gb","vot","178","26f371567c108c30fc9480b983dcf6c790d039c33f8b3f6dec6a8c7f0b395f60","bag02_indoor_2","00000951","conflicting","bag","dark rounded rectangular or narrow-side silhouette","category; texture; material; function","","can","red label; metallic body","2026-10-05T15:49:57.420Z","true","uncertain","object","dark rounded rectangular or narrow-side silhouette","category; texture; material; function","多帧能见小物摆动，但用途部件不清，不以文件名定类。","初始化索引 950：红框为空中或椅前黑色小物，不是桌上红罐；红色框线也不是物体红边。","GPT-6 Astra Pro"
"gb","vot","179","53dabbd8e1877794473d3a4fc7c20e002f714cc41dc6d6cd5a7b519bf7f4d264","bag02_indoor_2","00001001","conflicting","bag","dark rounded rectangular or narrow-side silhouette","category; texture; material; function","","can","green label; metallic body","2026-10-05T15:50:00.932Z","true","uncertain","object","dark rounded rectangular or narrow-side silhouette","category; texture; material; function","多帧能见小物摆动，但用途部件不清，不以文件名定类。","初始化索引 1000：红框为空中或椅前黑色小物，不是桌上红罐；红色框线也不是物体红边。","GPT-6 Astra Pro"
"gb","vot","180","c2ce595f3faef6f0134f240caeb77c6554f3d9f8e3c8f6d06b1b7f63f13dd547","bag02_indoor_2","00001051","conflicting","bag","dark rounded rectangular or narrow-side silhouette","category; texture; material; function","","coca-cola can","red label; metallic body","2026-10-05T15:50:05.173Z","true","uncertain","object","dark rounded rectangular or narrow-side silhouette","category; texture; material; function","多帧能见小物摆动，但用途部件不清，不以文件名定类。","初始化索引 1050：红框为空中或椅前黑色小物，不是桌上红罐；红色框线也不是物体红边。","GPT-6 Astra Pro"
"gb","vot","181","4471d5cfaf17b57f58c20430e1e3a1fa4cf2f8a5d0ff343e87fb29c12a1f2f04","bag02_indoor_2","00001115","conflicting","bag","dark rounded rectangular or narrow-side silhouette","category; texture; material; function","","target","red and black; rectangular","2026-10-05T15:50:08.740Z","true","uncertain","object","dark rounded rectangular or narrow-side silhouette","category; texture; material; function","多帧能见小物摆动，但用途部件不清，不以文件名定类。","初始化索引 1114：红框为空中或椅前黑色小物，不是桌上红罐；红色框线也不是物体红边。","GPT-6 Astra Pro"
"gb","vot","182","fee7bbc46b1caac6c27346f13415fbad2a80558b209bdbbe1c3811ee37989f74","bag02_indoor_2","00001166","conflicting","bag","dark rounded rectangular or narrow-side silhouette","category; texture; material; function","","target","black; smooth","2026-10-05T15:50:14.908Z","true","uncertain","object","dark rounded rectangular or narrow-side silhouette","category; texture; material; function","多帧能见小物摆动，但用途部件不清，不以文件名定类。","初始化索引 1165：红框为空中或椅前黑色小物，不是桌上红罐；红色框线也不是物体红边。","GPT-6 Astra Pro"
"gb","vot","183","d438502a6aac789ee3075c31eace36fedc5b8d90bbeb404ece46a2e4ad858760","bag02_indoor_2","00001204","conflicting","bag","dark rounded rectangular or narrow-side silhouette","category; texture; material; function","","canned drink","red label; metallic can","2026-10-05T15:50:19.556Z","true","uncertain","object","dark rounded rectangular or narrow-side silhouette","category; texture; material; function","多帧能见小物摆动，但用途部件不清，不以文件名定类。","初始化索引 1203：红框为空中或椅前黑色小物，不是桌上红罐；红色框线也不是物体红边。","GPT-6 Astra Pro"
"gb","vot","184","4f6646aabf3120736be5ed3e49b3c8c6bbeae385de78462da2d525992a5165e0","bag02_indoor_2","00001251","conflicting","bag","dark rounded rectangular or narrow-side silhouette","category; texture; material; function","","shirt","white; textured","2026-10-05T15:50:22.636Z","true","uncertain","object","dark rounded rectangular or narrow-side silhouette","category; texture; material; function","多帧能见小物摆动，但用途部件不清，不以文件名定类。","初始化索引 1250：红框为空中或椅前黑色小物，不是桌上红罐；红色框线也不是物体红边。","GPT-6 Astra Pro"
"gb","vot","185","88de7e3d5259df57b2eb878ff033f564091b9afed9319088f7825a0f960cad72","bag02_indoor_2","00001271","conflicting","bag","dark rounded rectangular or narrow-side silhouette","category; texture; material; function","","cup","black rim; white interior","2026-10-05T15:50:25.677Z","true","uncertain","object","dark rounded rectangular or narrow-side silhouette","category; texture; material; function","多帧能见小物摆动，但用途部件不清，不以文件名定类。","初始化索引 1270：红框为空中或椅前黑色小物，不是桌上红罐；红色框线也不是物体红边。","GPT-6 Astra Pro"
"gb","vot","186","a903e36ff268c34f270ee1d1beda9f8c65021c4f925ec13cc5c88564324ad394","bag_outside_2","00000001","conflicting","backpack","dark blue-purple bag; curved seams; straps","fabric; brand; durability; closure detail","","jacket","dark blue; hooded","2026-10-05T15:52:15.988Z","true","corrected","backpack","dark blue-purple bag; curved seams; straps","fabric; brand; durability; closure detail","","初始化索引 0：红框为背包本体，不把人物衣物、身体或背景当目标。","GPT-6 Astra Pro"
"gb","vot","187","93bf12f9f2e5c7e87ba571153f171427485a9db29364485c55e2a01800834387","bag_outside_2","00000051","conflicting","backpack","dark blue-purple bag; curved seams; straps","fabric; brand; durability; closure detail","","backpack","blue fabric; text on back; zipper closure","2026-10-05T15:52:19.796Z","true","supported","backpack","dark blue-purple bag; curved seams; straps","fabric; brand; durability; closure detail","","初始化索引 50：红框为背包本体，不把人物衣物、身体或背景当目标。","GPT-6 Astra Pro"
"gb","vot","188","b2182bb9340f878ba233e331f8c4b0be421ef57ef7811968e2641e2393788d5b","bag_outside_2","00000101","conflicting","backpack","dark blue-purple bag; curved seams; straps","fabric; brand; durability; closure detail","","backpack","blue fabric; zipper closure","2026-10-05T15:52:22.564Z","true","supported","backpack","dark blue-purple bag; curved seams; straps","fabric; brand; durability; closure detail","","初始化索引 100：红框为背包本体，不把人物衣物、身体或背景当目标。","GPT-6 Astra Pro"
"gb","vot","189","839e30935a02d6f3f56518cce931ab17ea5b2c10d2050e85fdb4c1ad369d2d75","bag_outside_2","00000151","conflicting","backpack","dark blue-purple bag; curved seams; straps","fabric; brand; durability; closure detail","","backpack","black fabric; flap closure","2026-10-05T15:52:25.468Z","true","corrected","backpack","dark blue-purple bag; curved seams; straps","fabric; brand; durability; closure detail","","初始化索引 150：红框为背包本体，不把人物衣物、身体或背景当目标。","GPT-6 Astra Pro"
"gb","vot","190","64ddbe4a52507063e26f7f12c6357dbe878e216e74238925088abacaa3cd099d","bag_outside_2","00000201","conflicting","backpack","dark blue-purple bag; curved seams; straps","fabric; brand; durability; closure detail","","backpack","black fabric; flap closure","2026-10-05T15:52:30.284Z","true","corrected","backpack","dark blue-purple bag; curved seams; straps","fabric; brand; durability; closure detail","","初始化索引 200：红框为背包本体，不把人物衣物、身体或背景当目标。","GPT-6 Astra Pro"
"gb","vot","191","b650217c48596518ff8f15f14e73cc8fe08e04c9a5a8353a2a28bd9e23a5a05e","bag_outside_2","00000251","conflicting","backpack","dark blue-purple bag; curved seams; straps","fabric; brand; durability; closure detail","","backpack","black; textured","2026-10-05T15:52:33.796Z","true","corrected","backpack","dark blue-purple bag; curved seams; straps","fabric; brand; durability; closure detail","","初始化索引 250：红框为背包本体，不把人物衣物、身体或背景当目标。","GPT-6 Astra Pro"
"gb","vot","192","9785b336f21a13361c26e7fb05c43917052998f1176834b385db3c28dd145262","bag_outside_2","00000301","conflicting","backpack","dark blue-purple bag; curved seams; straps","fabric; brand; durability; closure detail","","backpack","purple; textured; attached to back","2026-10-05T15:52:38.148Z","true","corrected","backpack","dark blue-purple bag; curved seams; straps","fabric; brand; durability; closure detail","","初始化索引 300：红框为背包本体，不把人物衣物、身体或背景当目标。","GPT-6 Astra Pro"
"gb","vot","193","ab37f4e7a73f419d10a9f4d59f037c5b74c005e50cbc280b1b597f9aca88d3fe","bag_outside_2","00000351","conflicting","backpack","dark blue-purple bag; curved seams; straps","fabric; brand; durability; closure detail","","person","dark jacket; blue jeans; black shoes","2026-10-05T15:52:42.604Z","true","corrected","backpack","dark blue-purple bag; curved seams; straps","fabric; brand; durability; closure detail","","初始化索引 350：红框为背包本体，不把人物衣物、身体或背景当目标。","GPT-6 Astra Pro"
"gb","vot","194","1826794dba2a582bea2a00f69e4524fd579c62e6254b80fd14d9d4031aa3c91e","bag_outside_2","00000401","conflicting","backpack","dark blue-purple bag; curved seams; straps","fabric; brand; durability; closure detail","","backpack","purple; textured; rectangular","2026-10-05T15:52:48.548Z","true","corrected","backpack","dark blue-purple bag; curved seams; straps","fabric; brand; durability; closure detail","","初始化索引 400：红框为背包本体，不把人物衣物、身体或背景当目标。","GPT-6 Astra Pro"
"gb","vot","195","8fe3a318ae4bd706e40605c1b52fe9ad3f4181638c568427f11b3d9899d8b8a8","bag_outside_2","00000451","conflicting","backpack","small dark backpack silhouette","fine seams; wording; exact shade","","person","dark jacket; blue jeans","2026-10-05T15:52:52.069Z","true","corrected","backpack","small dark backpack silhouette","fine seams; wording; exact shade","","初始化索引 450：红框为远处人物背后的包体，只能读粗色块轮廓。","GPT-6 Astra Pro"
"gb","vot","196","41a6a27f836c13392867c05946cc2d6185ba2ff2d8ccefbce452de86e6174ade","bag_outside_2","00000501","conflicting","backpack","small dark backpack silhouette","fine seams; wording; exact shade","","person","dark jacket; blue jeans; black shoes","2026-10-05T15:52:55.476Z","true","corrected","backpack","small dark backpack silhouette","fine seams; wording; exact shade","","初始化索引 500：红框为远处人物背后的包体，只能读粗色块轮廓。","GPT-6 Astra Pro"
"gb","vot","197","37da821a2773de3360158285469531e97aa33f241029db4ffd042011e4f5686f","bag_outside_2","00000551","conflicting","backpack","small dark backpack silhouette","fine seams; wording; exact shade","","person","dark jacket; blue jeans; black shoes","2026-10-05T15:52:58.300Z","true","corrected","backpack","small dark backpack silhouette","fine seams; wording; exact shade","","初始化索引 550：红框为远处人物背后的包体，只能读粗色块轮廓。","GPT-6 Astra Pro"
"gb","vot","198","c083af84914ead75d9da6f60d0488371317c336d974f88fd4ac16f091f460def","bag_outside_2","00000565","conflicting","backpack","small dark backpack silhouette","fine seams; wording; exact shade","","person","dark jacket; blue jeans","2026-10-05T15:53:02.100Z","true","corrected","backpack","small dark backpack silhouette","fine seams; wording; exact shade","","初始化索引 564：红框为远处人物背后的包体，只能读粗色块轮廓。","GPT-6 Astra Pro"
"gb","vot","199","7471c15e43c26ee74318d9707fc6a8f92efdc95bcbcdd3eb7b8f4b4d0db7ae14","bag_outside_3","00000001","conflicting","backpack","dark blue-purple bag; curved seams; straps","fabric; brand; durability; closure detail","","backpack","blue fabric; black straps; flap closure","2026-10-05T15:53:05.911Z","true","corrected","backpack","dark blue-purple bag; curved seams; straps","fabric; brand; durability; closure detail","","初始化索引 0：红框为背包本体，不把人物衣物、身体或背景当目标。","GPT-6 Astra Pro"
"gb","vot","200","1d4f0dfe39c3fd6e98201d4b0479df632856c2924b9ccaa43a0fd1f916bb71c3","bag_outside_3","00000051","conflicting","backpack","dark blue-purple bag; curved seams; straps","fabric; brand; durability; closure detail","","backpack","blue; textured fabric; durable","2026-10-05T15:53:09.277Z","true","corrected","backpack","dark blue-purple bag; curved seams; straps","fabric; brand; durability; closure detail","","初始化索引 50：红框为背包本体，不把人物衣物、身体或背景当目标。","GPT-6 Astra Pro"
"gb","vot","201","7d5155e4d6811878676e4779ec3e177ad3786c844f1041c1ebc913f43106db45","bag_outside_3","00000101","conflicting","backpack","dark blue-purple bag; curved seams; straps","fabric; brand; durability; closure detail","","backpack","black fabric; shoulder straps","2026-10-05T15:53:12.551Z","true","supported","backpack","dark blue-purple bag; curved seams; straps","fabric; brand; durability; closure detail","","初始化索引 100：红框为背包本体，不把人物衣物、身体或背景当目标。","GPT-6 Astra Pro"
"gb","vot","202","cd84cdc8a7dc737f159015d466c7d2f12b327228ecf01eaa84ee3b1113382ada","bag_outside_3","00000151","conflicting","backpack","dark blue-purple bag; curved seams; straps","fabric; brand; durability; closure detail","","backpack","blue fabric; black straps; textured surface","2026-10-05T15:53:33.884Z","true","supported","backpack","dark blue-purple bag; curved seams; straps","fabric; brand; durability; closure detail","","初始化索引 150：红框为背包本体，不把人物衣物、身体或背景当目标。","GPT-6 Astra Pro"
"gb","vot","203","abd2969d2858cf65f7b7340abaa23be796f9e76952976d225a28a30393cde93d","bag_outside_3","00000201","conflicting","backpack","dark blue-purple bag; curved seams; straps","fabric; brand; durability; closure detail","","backpack","blue and black; textured fabric; hanging straps","2026-10-05T15:53:38.021Z","true","supported","backpack","dark blue-purple bag; curved seams; straps","fabric; brand; durability; closure detail","","初始化索引 200：红框为背包本体，不把人物衣物、身体或背景当目标。","GPT-6 Astra Pro"
"gb","vot","204","c40095149ce0e806ae8d12a11b52f8db67fc5b0094f75a4e08aab23b45139f08","bag_outside_3","00000251","conflicting","backpack","dark blue-purple bag; curved seams; straps","fabric; brand; durability; closure detail","","jacket","dark blue; hooded","2026-10-05T15:53:41.884Z","true","corrected","backpack","dark blue-purple bag; curved seams; straps","fabric; brand; durability; closure detail","","初始化索引 250：红框为背包本体，不把人物衣物、身体或背景当目标。","GPT-6 Astra Pro"
"gb","vot","205","bc2d9e694d8ebb11d0618b91e087184613027179af74bca4fba3e1b1174854f2","bag_outside_3","00000301","conflicting","backpack","dark blue-purple bag; curved seams; straps","fabric; brand; durability; closure detail","","backpack","blue fabric; zipper closure","2026-10-05T15:53:48.837Z","true","supported","backpack","dark blue-purple bag; curved seams; straps","fabric; brand; durability; closure detail","","初始化索引 300：红框为背包本体，不把人物衣物、身体或背景当目标。","GPT-6 Astra Pro"
"gb","vot","206","bc2d2f88369476160c6a04cbff7c3eedc578492153efcf7c38f067de4d94c5bd","bag_outside_3","00000351","conflicting","backpack","dark blue-purple bag; curved seams; straps","fabric; brand; durability; closure detail","","backpack","blue fabric; zipper closure","2026-10-05T15:53:53.005Z","true","supported","backpack","dark blue-purple bag; curved seams; straps","fabric; brand; durability; closure detail","","初始化索引 350：红框为背包本体，不把人物衣物、身体或背景当目标。","GPT-6 Astra Pro"
"gb","vot","207","8455009bf608baa52c5892d34a1d60224f7d2ec4140b9659b7d2d5abdbbae597","bag_outside_3","00000401","conflicting","backpack","dark blue-purple bag; curved seams; straps","fabric; brand; durability; closure detail","","jacket","dark blue; hooded","2026-10-05T15:54:01.189Z","true","corrected","backpack","dark blue-purple bag; curved seams; straps","fabric; brand; durability; closure detail","","初始化索引 400：红框为背包本体，不把人物衣物、身体或背景当目标。","GPT-6 Astra Pro"
"gb","vot","208","770f697fffff17e39f5c21f27ff47dde113f6cf3a0ed079a4140dff807c1786f","bag_outside_3","00000451","conflicting","backpack","dark blue-purple bag; curved seams; straps","fabric; brand; durability; closure detail","","jacket","black; hooded","2026-10-05T15:54:04.216Z","true","corrected","backpack","dark blue-purple bag; curved seams; straps","fabric; brand; durability; closure detail","","初始化索引 450：红框为背包本体，不把人物衣物、身体或背景当目标。","GPT-6 Astra Pro"
"gb","vot","209","28da8c35ceb624c94001ecec69735455d66be3a6619ba5c7afbc6d88ee17042b","bag_outside_3","00000501","conflicting","backpack","dark blue-purple bag; curved seams; straps","fabric; brand; durability; closure detail","","backpack","blue; textured fabric","2026-10-05T15:54:06.660Z","true","supported","backpack","dark blue-purple bag; curved seams; straps","fabric; brand; durability; closure detail","","初始化索引 500：红框为背包本体，不把人物衣物、身体或背景当目标。","GPT-6 Astra Pro"
"gb","vot","210","64ee06f035b584fae0db48fedd64a1fbe5b6a6550d00b877ab23234053abc19f","bag_outside_3","00000551","conflicting","backpack","dark blue-purple bag; curved seams; straps","fabric; brand; durability; closure detail","","jacket","dark blue; hooded","2026-10-05T15:54:09.221Z","true","corrected","backpack","dark blue-purple bag; curved seams; straps","fabric; brand; durability; closure detail","","初始化索引 550：红框为背包本体，不把人物衣物、身体或背景当目标。","GPT-6 Astra Pro"
"gb","vot","211","0d46d04ebfca464d5d588d55229216ac5811ef48dd34778982d0fb75a6b3e26d","bag_outside_3","00000601","conflicting","backpack","dark blue-purple bag; curved seams; straps","fabric; brand; durability; closure detail","","backpack","blue fabric; zipped closure","2026-10-05T15:54:11.181Z","true","supported","backpack","dark blue-purple bag; curved seams; straps","fabric; brand; durability; closure detail","","初始化索引 600：红框为背包本体，不把人物衣物、身体或背景当目标。","GPT-6 Astra Pro"
"gb","vot","212","5df990a853b769773789a17f69c44a8d107847445cfbc6a22b5dd932ff30343d","bag_outside_3","00000651","conflicting","backpack","dark blue-purple bag; curved seams; straps","fabric; brand; durability; closure detail","","backpack","purple; textured fabric; hanging straps","2026-10-05T15:54:13.396Z","true","corrected","backpack","dark blue-purple bag; curved seams; straps","fabric; brand; durability; closure detail","","初始化索引 650：红框为背包本体，不把人物衣物、身体或背景当目标。","GPT-6 Astra Pro"
"gb","vot","213","5cc979c0424ace73ce8f83a75ee967bad643e4086f14b5aef0542fc065010e7f","bag_outside_3","00000684","conflicting","backpack","dark blue-purple bag; curved seams; straps","fabric; brand; durability; closure detail","","backpack","blue; textured fabric; zipper closure","2026-10-05T15:54:16.388Z","true","supported","backpack","dark blue-purple bag; curved seams; straps","fabric; brand; durability; closure detail","","初始化索引 683：红框为背包本体，不把人物衣物、身体或背景当目标。","GPT-6 Astra Pro"
"gb","vot","214","79239b824ec03680df94dcf5206cc39d27ef4623ffc09aef309aaa2ccbb45792","ball06_indoor_1","00000001","conflicting","tennis ball","yellow-green sphere; pale curved seam","material; fine markings; identity among similar balls","","clock","wooden; tall; square","2026-10-05T15:54:23.636Z","true","corrected","tennis ball","yellow-green sphere; pale curved seam","material; fine markings; identity among similar balls","多帧有抛接，不以相似颜色推断完整物理身份链。","初始化索引 0：红框为手边或空中球，非桌上钟；多球相似，只核对本初始化对象。","GPT-6 Astra Pro"
"gb","vot","215","658197a71edca0e6dee45ccf441af0faf4541bb9d6dbe56d6e5af01348f80be4","ball06_indoor_1","00000051","conflicting","tennis ball","yellow-green sphere; pale curved seam","material; fine markings; identity among similar balls","","clock","wooden; tall; square","2026-10-05T15:54:28.757Z","true","corrected","tennis ball","yellow-green sphere; pale curved seam","material; fine markings; identity among similar balls","多帧有抛接，不以相似颜色推断完整物理身份链。","初始化索引 50：红框为手边或空中球，非桌上钟；多球相似，只核对本初始化对象。","GPT-6 Astra Pro"
"gb","vot","216","9d72420724490682db5244d0b183c70f47d0482987fa88e795d62f53dab396ff","ball06_indoor_1","00000101","conflicting","tennis ball","yellow-green sphere; pale curved seam","material; fine markings; identity among similar balls","","tennis ball","yellow; smooth surface","2026-10-05T15:54:32.461Z","true","corrected","tennis ball","yellow-green sphere; pale curved seam","material; fine markings; identity among similar balls","多帧有抛接，不以相似颜色推断完整物理身份链。","初始化索引 100：红框为手边或空中球，非桌上钟；多球相似，只核对本初始化对象。","GPT-6 Astra Pro"
"gb","vot","217","d11b2779526d095024a3aebca6efcf9b1a0a182eae50de57cd615d0492711f01","ball06_indoor_1","00000151","conflicting","tennis ball","yellow-green ball; pale seam; small dark mark","material; fine markings; identity among similar balls","","fruit","green skin; round shape","2026-10-05T15:54:36.688Z","true","corrected","tennis ball","yellow-green ball; pale seam; small dark mark","material; fine markings; identity among similar balls","多帧有抛接，不以相似颜色推断完整物理身份链。","初始化索引 150：红框为手边或空中球，非桌上钟；多球相似，只核对本初始化对象。","GPT-6 Astra Pro"
"gb","vot","218","437fd59c4b7b4670ccc6f009e7e9327927587d45dfcc55377afecc472604baa6","ball06_indoor_1","00000201","conflicting","tennis ball","yellow-green ball; pale seam; small dark mark","material; fine markings; identity among similar balls","","tennis ball","yellow; textured surface","2026-10-05T15:54:44.924Z","true","supported","tennis ball","yellow-green ball; pale seam; small dark mark","material; fine markings; identity among similar balls","多帧有抛接，不以相似颜色推断完整物理身份链。","初始化索引 200：红框为手边或空中球，非桌上钟；多球相似，只核对本初始化对象。","GPT-6 Astra Pro"
"gb","vot","219","394195d69868ad1dacf319ea6691d968e028d4bbf7cdd5308f016dd94481753c","ball06_indoor_1","00000251","conflicting","tennis ball","yellow-green ball; pale seam; small dark mark","material; fine markings; identity among similar balls","","apple","yellow; smooth surface","2026-10-05T15:54:47.396Z","true","corrected","tennis ball","yellow-green ball; pale seam; small dark mark","material; fine markings; identity among similar balls","多帧有抛接，不以相似颜色推断完整物理身份链。","初始化索引 250：红框为手边或空中球，非桌上钟；多球相似，只核对本初始化对象。","GPT-6 Astra Pro"
"gb","vot","220","25c55e54a4a421f261d8bed1f48aecf0193c22d76b69fc99666b9d703218f9f7","ball06_indoor_1","00000301","conflicting","tennis ball","yellow-green blurred rounded patch","material; fine markings; identity among similar balls","","clock","tall; colorful; square","2026-10-05T15:55:02.461Z","true","uncertain","ball","yellow-green blurred rounded patch","material; fine markings; identity among similar balls","多帧有抛接，不以相似颜色推断完整物理身份链。","初始化索引 300：本帧球体运动模糊，只能支持黄绿色球，细分网球需邻近较清楚证据。","GPT-6 Astra Pro"
"gb","vot","221","9c1d13d71a68ac2f2d010e154486c8d7649dd8a2b28516b9b89566ede75b81d6","ball06_indoor_1","00000336","conflicting","tennis ball","yellow-green blurred rounded patch","material; fine markings; identity among similar balls","","ball","yellow; textured","2026-10-05T15:55:05.742Z","true","uncertain","ball","yellow-green blurred rounded patch","material; fine markings; identity among similar balls","多帧有抛接，不以相似颜色推断完整物理身份链。","初始化索引 335：本帧球体运动模糊，只能支持黄绿色球，细分网球需邻近较清楚证据。","GPT-6 Astra Pro"
"gb","vot","222","90bcdeb59f652799dbddb9724e0f999af18f96aad02b619dfc3ad581d6c0f30c","ball06_indoor_2","00000001","conflicting","tennis ball","yellow-green blurred rounded patch","material; fine markings; identity among similar balls","","ball","yellow; round","2026-10-05T15:55:08.093Z","true","uncertain","ball","yellow-green blurred rounded patch","material; fine markings; identity among similar balls","多帧有抛接，不以相似颜色推断完整物理身份链。","初始化索引 0：本帧球体运动模糊，只能支持黄绿色球，细分网球需邻近较清楚证据。","GPT-6 Astra Pro"
"gb","vot","223","17072eb799a372070865a1a400beaed6d5ad11380ee939e2a802251dd73aaad0","ball06_indoor_2","00000051","conflicting","tennis ball","yellow-green blurred rounded patch","material; fine markings; identity among similar balls","","ball","yellow; rubber","2026-10-05T15:55:13.005Z","true","uncertain","ball","yellow-green blurred rounded patch","material; fine markings; identity among similar balls","多帧有抛接，不以相似颜色推断完整物理身份链。","初始化索引 50：本帧球体运动模糊，只能支持黄绿色球，细分网球需邻近较清楚证据。","GPT-6 Astra Pro"
"gb","vot","224","cde43120441453f007ef3dd76505e3c243cd539c6a0447e8a8aeb870f757b4f9","ball06_indoor_2","00000100","conflicting","tennis ball","yellow-green blurred rounded patch","material; fine markings; identity among similar balls","","ball","yellow; round","2026-10-05T15:55:16.037Z","true","uncertain","ball","yellow-green blurred rounded patch","material; fine markings; identity among similar balls","多帧有抛接，不以相似颜色推断完整物理身份链。","初始化索引 99：本帧球体运动模糊，只能支持黄绿色球，细分网球需邻近较清楚证据。","GPT-6 Astra Pro"
"gb","vot","225","d43f85c34f9245fe7601c5857dc1d2e1b9d0ec04051a9fc2c097fcba87212293","ball06_indoor_2","00000150","conflicting","tennis ball","yellow-green ball; pale seam; small dark mark","material; fine markings; identity among similar balls","","clock","tall; colorful; square base","2026-10-05T15:55:59.940Z","true","corrected","tennis ball","yellow-green ball; pale seam; small dark mark","material; fine markings; identity among similar balls","多帧有抛接，不以相似颜色推断完整物理身份链。","初始化索引 149：红框为手边或空中球，非桌上钟；多球相似，只核对本初始化对象。","GPT-6 Astra Pro"
"gb","vot","226","2e4e9e277c6d9ad90e1be40831087aca24e400a13e9bf8db85346a788fe3dd42","ball06_indoor_2","00000200","conflicting","tennis ball","yellow-green blurred rounded patch","material; fine markings; identity among similar balls","","tennis ball","yellow; round; textured","2026-10-05T15:56:03.060Z","true","uncertain","ball","yellow-green blurred rounded patch","material; fine markings; identity among similar balls","多帧有抛接，不以相似颜色推断完整物理身份链。","初始化索引 199：本帧球体运动模糊，只能支持黄绿色球，细分网球需邻近较清楚证据。","GPT-6 Astra Pro"
"gb","vot","227","457b6beb6420eb861067e660732dce8ffba9838f305d54a4853af514957fac66","ball06_indoor_2","00000249","conflicting","tennis ball","yellow-green blurred rounded patch","material; fine markings; identity among similar balls","","ball","yellow; round","2026-10-05T15:56:05.820Z","true","uncertain","ball","yellow-green blurred rounded patch","material; fine markings; identity among similar balls","多帧有抛接，不以相似颜色推断完整物理身份链。","初始化索引 248：本帧球体运动模糊，只能支持黄绿色球，细分网球需邻近较清楚证据。","GPT-6 Astra Pro"
"gb","vot","228","48d2d019c9b2dda6ba852444ece2a8a5b88c08bf52829f73ed76f880a0fb88ca","ball06_indoor_2","00000299","conflicting","tennis ball","yellow-green blurred rounded patch","material; fine markings; identity among similar balls","","tennis ball","yellow; round; textured","2026-10-05T15:56:10.837Z","true","uncertain","ball","yellow-green blurred rounded patch","material; fine markings; identity among similar balls","多帧有抛接，不以相似颜色推断完整物理身份链。","初始化索引 298：本帧球体运动模糊，只能支持黄绿色球，细分网球需邻近较清楚证据。","GPT-6 Astra Pro"
"gb","vot","229","b526c6f616cb0aa509b4c31a3a6e2791b9d66f1a431bf879e123db0be93f792d","ball06_indoor_2","00000330","conflicting","tennis ball","yellow-green blurred rounded patch","material; fine markings; identity among similar balls","","tennis ball","yellow; textured surface","2026-10-05T15:56:15.317Z","true","uncertain","ball","yellow-green blurred rounded patch","material; fine markings; identity among similar balls","多帧有抛接，不以相似颜色推断完整物理身份链。","初始化索引 329：本帧球体运动模糊，只能支持黄绿色球，细分网球需邻近较清楚证据。","GPT-6 Astra Pro"
"gb","vot","230","f05b864c14aed57f5c4fc0e48f12f9f1b3e5e13338707c6ce3491a85672da2d6","ball11_wild_1","00000001","conflicting","American ball","reddish-brown body; elongated oval with tapered ends","material; exact lettering","","fruit","red skin; smooth surface","2026-10-05T15:58:30.837Z","true","corrected","football","reddish-brown body; elongated oval with tapered ends","material; exact lettering","","初始化索引 0：红框是尖椭圆运动球，不是水果，局部投影近圆不等于篮球。","GPT-6 Astra Pro"
"gb","vot","231","572d1bd1faf41de36f85964cdf2834c4365f6c052f4a577dc5fe8a6d09a4b887","ball11_wild_1","00000051","conflicting","American ball","reddish-brown elongated ball; pale print or seam marks","material; exact lettering","","football","red; textured surface; text on the ball","2026-10-05T15:58:33.253Z","true","supported","football","reddish-brown elongated ball; pale print or seam marks","material; exact lettering","","初始化索引 50：红框是尖椭圆运动球，不是水果，局部投影近圆不等于篮球。","GPT-6 Astra Pro"
"gb","vot","232","ed633808b858f349073d7490c89b3abf4d929196da4765de504beb9a7013d50d","ball11_wild_1","00000101","conflicting","American ball","reddish-brown body; elongated oval with tapered ends","material; exact lettering","","football","red; textured surface","2026-10-05T15:58:34.596Z","true","supported","football","reddish-brown body; elongated oval with tapered ends","material; exact lettering","","初始化索引 100：红框是尖椭圆运动球，不是水果，局部投影近圆不等于篮球。","GPT-6 Astra Pro"
"gb","vot","233","f3ff1b74f1d8bed221dcdf900f2c8d72aeb1f81cac2474075b6413de0cd1b83f","ball11_wild_1","00000151","conflicting","American ball","reddish-brown body; elongated oval with tapered ends","material; exact lettering","","fruit","smooth surface; red color","2026-10-05T15:58:37.342Z","true","corrected","football","reddish-brown body; elongated oval with tapered ends","material; exact lettering","","初始化索引 150：红框是尖椭圆运动球，不是水果，局部投影近圆不等于篮球。","GPT-6 Astra Pro"
"gb","vot","234","3ff9d4331b730133a5a60a36c77286a0bdb2bbe70cd5a34e12d45f45cedd6235","ball11_wild_1","00000201","conflicting","American ball","reddish-brown elongated ball; pale print or seam marks","material; exact lettering","","apple","red skin; smooth surface","2026-10-05T15:58:41.645Z","true","corrected","football","reddish-brown elongated ball; pale print or seam marks","material; exact lettering","","初始化索引 200：红框是尖椭圆运动球，不是水果，局部投影近圆不等于篮球。","GPT-6 Astra Pro"
"gb","vot","235","68daade9cf24b13f1063675d4f96f8cbc786d21227398794b44e8cd9d5893b88","ball11_wild_1","00000238","conflicting","American ball","reddish-brown elongated ball; pale print or seam marks","material; exact lettering","","ball","red; textured","2026-10-05T15:58:43.869Z","true","supported","football","reddish-brown elongated ball; pale print or seam marks","material; exact lettering","","初始化索引 237：红框是尖椭圆运动球，不是水果，局部投影近圆不等于篮球。","GPT-6 Astra Pro"
"gb","vot","236","7c6284d7307c59796808c572c454c1fc108f61d811b2ab304f0d394ecb3397e6","ball11_wild_2","00000001","conflicting","American ball","reddish-brown body; elongated oval with tapered ends","material; exact lettering","","apple","red skin; smooth surface","2026-10-05T15:58:46.412Z","true","corrected","football","reddish-brown body; elongated oval with tapered ends","material; exact lettering","","初始化索引 0：红框是尖椭圆运动球，不是水果，局部投影近圆不等于篮球。","GPT-6 Astra Pro"
"gb","vot","237","b976d43a2d51924dfac0f8ed3fdbc00c479fb0b3cd969f21a9536d025458ea2b","ball11_wild_2","00000051","conflicting","American ball","reddish-brown elongated ball; pale print or seam marks","material; exact lettering","","basketball","red; textured surface; round shape","2026-10-05T15:58:50.076Z","true","corrected","football","reddish-brown elongated ball; pale print or seam marks","material; exact lettering","","初始化索引 50：红框是尖椭圆运动球，不是水果，局部投影近圆不等于篮球。","GPT-6 Astra Pro"
"gb","vot","238","7cc6b0bdefea17bdb6be3974cab5b82e9427b06681285005d4c069c6aac6fe0f","ball11_wild_2","00000101","conflicting","American ball","reddish-brown body; elongated oval with tapered ends","material; exact lettering","","apple","red skin; smooth surface","2026-10-05T15:59:09.192Z","true","corrected","football","reddish-brown body; elongated oval with tapered ends","material; exact lettering","","初始化索引 100：红框是尖椭圆运动球，不是水果，局部投影近圆不等于篮球。","GPT-6 Astra Pro"
"gb","vot","239","0347a1a168ba8a5f7b6501f7c29ee8ca0f776e4aa91cb9df900a2cdb23f1dcfb","ball11_wild_2","00000151","conflicting","American ball","reddish-brown body; elongated oval with tapered ends","material; exact lettering","","football","brown; textured; round","2026-10-05T15:59:19.245Z","true","corrected","football","reddish-brown body; elongated oval with tapered ends","material; exact lettering","","初始化索引 150：红框是尖椭圆运动球，不是水果，局部投影近圆不等于篮球。","GPT-6 Astra Pro"
"gb","vot","240","8fe5e36cbfedc55904ca173fa131733d3e2e274eb9ce8590a275788161933ca1","ball11_wild_2","00000170","conflicting","American ball","reddish-brown elongated ball; pale print or seam marks","material; exact lettering","","football","brown; textured; round","2026-10-05T15:59:24.868Z","true","corrected","football","reddish-brown elongated ball; pale print or seam marks","material; exact lettering","","初始化索引 169：红框是尖椭圆运动球，不是水果，局部投影近圆不等于篮球。","GPT-6 Astra Pro"
"gb","vot","241","1fc5f42b4968c5527df3b1d3d29ad6bcaf5fdbf4b3d7ec944a8f8c8d01b3d7f5","ball11_wild_5","00000001","conflicting","American ball","reddish-brown elongated ball; pale print or seam marks","material; exact lettering","","football","red; textured surface","2026-10-05T15:59:28.804Z","true","supported","football","reddish-brown elongated ball; pale print or seam marks","material; exact lettering","","初始化索引 0：红框是尖椭圆运动球，不是水果，局部投影近圆不等于篮球。","GPT-6 Astra Pro"
"gb","vot","242","2d96402a02f60243552c79e13b7f6eab38382a98779e21f32bbec7b339267cd3","ball11_wild_5","00000051","conflicting","American ball","reddish-brown body; elongated oval with tapered ends","material; exact lettering","","fruit","red skin; smooth surface","2026-10-05T15:59:31.277Z","true","corrected","football","reddish-brown body; elongated oval with tapered ends","material; exact lettering","","初始化索引 50：红框是尖椭圆运动球，不是水果，局部投影近圆不等于篮球。","GPT-6 Astra Pro"
"gb","vot","243","374f57463bd7ef997a45d4ec7b97fe7607afcc44f9ad6917ccd91e573ab656ea","ball11_wild_5","00000101","conflicting","American ball","reddish-brown body; elongated oval with tapered ends","material; exact lettering","","football","brown; textured; round","2026-10-05T15:59:33.244Z","true","corrected","football","reddish-brown body; elongated oval with tapered ends","material; exact lettering","","初始化索引 100：红框是尖椭圆运动球，不是水果，局部投影近圆不等于篮球。","GPT-6 Astra Pro"
"gb","vot","244","a758b01b3d39da54a0d5ff2a98ab98a6d837d19d9b4264d9de5bfba3472d4704","ball11_wild_5","00000151","conflicting","American ball","reddish-brown body; elongated oval with tapered ends","material; exact lettering","","football","red; textured surface","2026-10-05T15:59:35.380Z","true","supported","football","reddish-brown body; elongated oval with tapered ends","material; exact lettering","","初始化索引 150：红框是尖椭圆运动球，不是水果，局部投影近圆不等于篮球。","GPT-6 Astra Pro"
"gb","vot","245","cf29f348c73abe6be32448b3b1cb073cf723cf734394b50661370cde9c8ca61b","ball11_wild_5","00000201","conflicting","American ball","reddish-brown body; elongated oval with tapered ends","material; exact lettering","","football","red; textured surface; oval shape","2026-10-05T15:59:37.194Z","true","supported","football","reddish-brown body; elongated oval with tapered ends","material; exact lettering","","初始化索引 200：红框是尖椭圆运动球，不是水果，局部投影近圆不等于篮球。","GPT-6 Astra Pro"
"gb","vot","246","14211f969850d89ece0f3734b8edddeeecbaca5fc27abf0961dd6f7cce6e90a2","ball11_wild_5","00000251","conflicting","American ball","reddish-brown elongated ball; pale print or seam marks","material; exact lettering","","football","red; textured surface; round shape","2026-10-05T15:59:40.358Z","true","corrected","football","reddish-brown elongated ball; pale print or seam marks","material; exact lettering","","初始化索引 250：红框是尖椭圆运动球，不是水果，局部投影近圆不等于篮球。","GPT-6 Astra Pro"
"gb","vot","247","c9af81dc835cfb6f8a9bb129461d4e40db5279d80c81a11538b2e453bf2938da","ball11_wild_5","00000301","conflicting","American ball","reddish-brown body; elongated oval with tapered ends","material; exact lettering","","fruit","purple skin; smooth surface","2026-10-05T15:59:43.060Z","true","corrected","football","reddish-brown body; elongated oval with tapered ends","material; exact lettering","","初始化索引 300：红框是尖椭圆运动球，不是水果，局部投影近圆不等于篮球。","GPT-6 Astra Pro"
"gb","vot","248","f1e06fe5efa5ff1c977e0d7631246af5f304bbb9779dff59ededc2413b84cee8","ball11_wild_5","00000351","conflicting","American ball","reddish-brown elongated ball; pale print or seam marks","material; exact lettering","","ball","red; textured","2026-10-05T15:59:45.125Z","true","supported","football","reddish-brown elongated ball; pale print or seam marks","material; exact lettering","","初始化索引 350：红框是尖椭圆运动球，不是水果，局部投影近圆不等于篮球。","GPT-6 Astra Pro"
"gb","vot","249","2aa8b60c0d9b2e29080559736dcc4c59f7c54ef584b683e4fa22b2d3d4ff7185","ball11_wild_5","00000401","conflicting","American ball","reddish-brown body; elongated oval with tapered ends","material; exact lettering","","ball","red; smooth surface","2026-10-05T15:59:47.508Z","true","corrected","football","reddish-brown body; elongated oval with tapered ends","material; exact lettering","","初始化索引 400：红框是尖椭圆运动球，不是水果，局部投影近圆不等于篮球。","GPT-6 Astra Pro"
"gb","vot","250","090dddb960a66bcbf736690ebdffe28afe86419722702debbec735c2841a534e","ball11_wild_5","00000451","conflicting","American ball","reddish-brown body; elongated oval with tapered ends","material; exact lettering","","football","brown; textured; round","2026-10-05T15:59:49.212Z","true","corrected","football","reddish-brown body; elongated oval with tapered ends","material; exact lettering","","初始化索引 450：红框是尖椭圆运动球，不是水果，局部投影近圆不等于篮球。","GPT-6 Astra Pro"
"gb","vot","251","fb033f87896b5475183c61aba863df340576929307283e20661f3245f51689b9","ball11_wild_5","00000501","conflicting","American ball","reddish-brown body; elongated oval with tapered ends","material; exact lettering","","football","purple; textured surface; round shape","2026-10-05T15:59:51.093Z","true","corrected","football","reddish-brown body; elongated oval with tapered ends","material; exact lettering","","初始化索引 500：红框是尖椭圆运动球，不是水果，局部投影近圆不等于篮球。","GPT-6 Astra Pro"
"gb","vot","252","b3f1ec0f35086f06b83689c2327fb0f255833100581a5e5db1d3154c8405bdcb","ball11_wild_5","00000551","conflicting","American ball","reddish-brown body; elongated oval with tapered ends","material; exact lettering","","fruit","red skin; smooth surface","2026-10-05T15:59:53.221Z","true","corrected","football","reddish-brown body; elongated oval with tapered ends","material; exact lettering","","初始化索引 550：红框是尖椭圆运动球，不是水果，局部投影近圆不等于篮球。","GPT-6 Astra Pro"
"gb","vot","253","efde6ae9f06dc2766994e9843653b2e6952c6da7417ded141f4f393115708afc","ball11_wild_5","00000580","conflicting","American ball","reddish-brown elongated ball; pale print or seam marks","material; exact lettering","","apple","red skin; smooth surface","2026-10-05T16:00:14.973Z","true","corrected","football","reddish-brown elongated ball; pale print or seam marks","material; exact lettering","","初始化索引 579：红框是尖椭圆运动球，不是水果，局部投影近圆不等于篮球。","GPT-6 Astra Pro"
"gb","vot","254","dd86069df9db4baee66835c700e6f4b371e6c2696513ed7fefc04c32f54172a3","ball20_indoor_1","00000001","conflicting","soccer ball","yellow panels; dark polygonal or star-like borders; round shape","material; small print","","soccer ball","green and yellow; textured surface; round shape","2026-10-05T16:00:27.460Z","true","corrected","soccer ball","yellow panels; dark polygonal or star-like borders; round shape","material; small print","","初始化索引 0：红框为黄黑花纹球，非邻近绿色球、果实或飞盘。","GPT-6 Astra Pro"
"gb","vot","255","78045e9f87776691c95c923a30ccfb6269dc74744c40ed6e78c11604df6f6a69","ball20_indoor_1","00000051","conflicting","soccer ball","yellow ball; dark blurred panel marks","material; small print","","ball","green and yellow; textured surface","2026-10-05T16:00:33.636Z","true","corrected","soccer ball","yellow ball; dark blurred panel marks","material; small print","","初始化索引 50：红框为黄黑花纹球，非邻近绿色球、果实或飞盘。","GPT-6 Astra Pro"
"gb","vot","256","3fe0cc1fbfc9df0fd0a74d6cd4edcc9dece4f4dfe1e0bfeb3163d19aa4ff4650","ball20_indoor_1","00000101","conflicting","soccer ball","yellow panels; dark polygonal or star-like borders; round shape","material; small print","","ball","green and yellow; textured surface","2026-10-05T16:00:36.757Z","true","corrected","soccer ball","yellow panels; dark polygonal or star-like borders; round shape","material; small print","","初始化索引 100：红框为黄黑花纹球，非邻近绿色球、果实或飞盘。","GPT-6 Astra Pro"
"gb","vot","257","99b0e47ed8d218ba1d794f8929b2af45b812bcc085831bd9642934202e836d26","ball20_indoor_1","00000151","conflicting","soccer ball","yellow panels; dark polygonal or star-like borders; round shape","material; small print","","ball","green; textured","2026-10-05T16:00:38.796Z","true","corrected","soccer ball","yellow panels; dark polygonal or star-like borders; round shape","material; small print","","初始化索引 150：红框为黄黑花纹球，非邻近绿色球、果实或飞盘。","GPT-6 Astra Pro"
"gb","vot","258","8213c2ed0f54755b4f6c00d20c42cb48b2930fdc02997f1ba4cf0e98f3f576b9","ball20_indoor_1","00000201","conflicting","soccer ball","yellow panels; dark polygonal or star-like borders; round shape","material; small print","","fruit","yellow skin; green stem","2026-10-05T16:00:40.092Z","true","corrected","soccer ball","yellow panels; dark polygonal or star-like borders; round shape","material; small print","","初始化索引 200：红框为黄黑花纹球，非邻近绿色球、果实或飞盘。","GPT-6 Astra Pro"
"gb","vot","259","b295ccc13677458b11da086e4b61e5a71f072afa8768bc93f31fdb61d9cca012","ball20_indoor_1","00000251","conflicting","soccer ball","yellow panels; dark polygonal or star-like borders; round shape","material; small print","","sports ball","yellow; textured surface","2026-10-05T16:00:41.413Z","true","supported","soccer ball","yellow panels; dark polygonal or star-like borders; round shape","material; small print","","初始化索引 250：红框为黄黑花纹球，非邻近绿色球、果实或飞盘。","GPT-6 Astra Pro"
"gb","vot","260","9d3a35a735b1448b0a19a838e4a7d54566c0575892969240d7b76c9584f4a113","ball20_indoor_1","00000301","conflicting","soccer ball","yellow ball; dark blurred panel marks","material; small print","","ball","yellow; textured","2026-10-05T16:00:49.548Z","true","corrected","soccer ball","yellow ball; dark blurred panel marks","material; small print","","初始化索引 300：红框为黄黑花纹球，非邻近绿色球、果实或飞盘。","GPT-6 Astra Pro"
"gb","vot","261","dccbebf652a55ba6307fd652792cb8729a38f596308cf0c0d567df574c19fb3e","ball20_indoor_1","00000351","conflicting","soccer ball","yellow ball; dark blurred panel marks","material; small print","","ball","yellow; textured","2026-10-05T16:00:54.573Z","true","corrected","soccer ball","yellow ball; dark blurred panel marks","material; small print","","初始化索引 350：红框为黄黑花纹球，非邻近绿色球、果实或飞盘。","GPT-6 Astra Pro"
"gb","vot","262","426cad1a9390cde853a581bb09ee73963f6335f50859d433608b1fb062403587","ball20_indoor_1","00000360","conflicting","soccer ball","yellow panels; dark polygonal or star-like borders; round shape","material; small print","","frisbee","green and yellow; textured surface","2026-10-05T16:01:00.805Z","true","corrected","soccer ball","yellow panels; dark polygonal or star-like borders; round shape","material; small print","","初始化索引 359：红框为黄黑花纹球，非邻近绿色球、果实或飞盘。","GPT-6 Astra Pro"
"gb","vot","263","322ac31383a238873a8465bb419cf695972fd58220943e78f087636d63d5ca1c","ball20_indoor_4","00000001","conflicting","soccer ball","yellow rounded body; dark blurred patches","material; small print","","ball","green; textured","2026-10-05T16:01:02.124Z","true","uncertain","soccer ball","yellow rounded body; dark blurred patches","material; small print","","初始化索引 0：球在底边附近且模糊，足球粗类由近邻图辅助。","GPT-6 Astra Pro"
"gb","vot","264","25c46bcee5da2649626122bb38a0aaf0de97fcce7b6ac282aa6094357ebaf522","ball20_indoor_4","00000051","conflicting","soccer ball","yellow ball; dark blurred panel marks","material; small print","","ball","green and yellow; textured surface","2026-10-05T16:01:05.244Z","true","corrected","soccer ball","yellow ball; dark blurred panel marks","material; small print","","初始化索引 50：红框为黄黑花纹球，非邻近绿色球、果实或飞盘。","GPT-6 Astra Pro"
"gb","vot","265","0d710972ad5632b68783044ff6c5372b8cd833e062a074424de964987c3615bf","ball20_indoor_4","00000101","conflicting","soccer ball","yellow ball; dark blurred panel marks","material; small print","","ball","yellow; textured","2026-10-05T16:01:12.188Z","true","corrected","soccer ball","yellow ball; dark blurred panel marks","material; small print","","初始化索引 100：红框为黄黑花纹球，非邻近绿色球、果实或飞盘。","GPT-6 Astra Pro"
"gb","vot","266","134e9fbcdbed9d658128b012a98f10667364e3e2052b4e21554644d586f31920","ball20_indoor_4","00000151","conflicting","soccer ball","yellow panels; dark polygonal or star-like borders; round shape","material; small print","","ball","green; textured","2026-10-05T16:01:29.829Z","true","corrected","soccer ball","yellow panels; dark polygonal or star-like borders; round shape","material; small print","","初始化索引 150：红框为黄黑花纹球，非邻近绿色球、果实或飞盘。","GPT-6 Astra Pro"
"gb","vot","267","81da0fb44bd5fde793aaea25009791e1d134d53539614b60e35ed5e0abafefd4","ball20_indoor_4","00000201","conflicting","soccer ball","yellow ball; dark blurred panel marks","material; small print","","ball","green and yellow; textured surface","2026-10-05T16:01:34.789Z","true","corrected","soccer ball","yellow ball; dark blurred panel marks","material; small print","","初始化索引 200：红框为黄黑花纹球，非邻近绿色球、果实或飞盘。","GPT-6 Astra Pro"
"gb","vot","268","12f7cbd5bca4f3efc27f38044b1351641f20aca3cf9e5036db8dd29419b81ca6","ball20_indoor_4","00000251","conflicting","soccer ball","yellow ball; dark blurred panel marks","material; small print","","ball","yellow and black; textured surface","2026-10-05T16:01:39.236Z","true","corrected","soccer ball","yellow ball; dark blurred panel marks","material; small print","","初始化索引 250：红框为黄黑花纹球，非邻近绿色球、果实或飞盘。","GPT-6 Astra Pro"
"gb","vot","269","8bd900d222416ab1967d82d399aaafff306e02b8fee21fc50bb74c58438a856f","ball20_indoor_4","00000307","conflicting","soccer ball","yellow panels; dark polygonal or star-like borders; round shape","material; small print","","soccer ball","green and yellow pattern; text on surface","2026-10-05T16:01:41.668Z","true","corrected","soccer ball","yellow panels; dark polygonal or star-like borders; round shape","material; small print","","初始化索引 306：红框为黄黑花纹球，非邻近绿色球、果实或飞盘。","GPT-6 Astra Pro"
"gb","vot","270","11467cca58f68b8b2e09d99d04549dd02b70cfa0f6345240ae14220e39549ea2","bandlight_indoor_1","00000001","conflicting","bandlight","green and dark bundled strap-like parts","model; strap material; power source","","green vegetable","green leaves; stem","2026-10-05T16:03:39.372Z","true","uncertain","headlamp","green and dark bundled strap-like parts","model; strap material; power source","近邻展开和亮灯辅助头灯类别；亮灯是临时状态。","初始化索引 0：物体在手中卷叠或遮挡，当前只明确绿黑带状部分，灯类由近邻展开辅助。","GPT-6 Astra Pro"
"gb","vot","271","baa2861eccf4a6d429fc355a8d0ed5dffae42bed02273651342d5d060c7e3d67","bandlight_indoor_1","00000051","conflicting","bandlight","green and dark bundled strap-like parts","model; strap material; power source","","sandwich","green lettuce; brown bread","2026-10-05T16:03:41.708Z","true","uncertain","headlamp","green and dark bundled strap-like parts","model; strap material; power source","近邻展开和亮灯辅助头灯类别；亮灯是临时状态。","初始化索引 50：物体在手中卷叠或遮挡，当前只明确绿黑带状部分，灯类由近邻展开辅助。","GPT-6 Astra Pro"
"gb","vot","272","f88a6e5d04d165469ea4d06f298aca46353c2ac82879fba8ddcbf39eaa6423b6","bandlight_indoor_1","00000101","conflicting","bandlight","green and dark bundled strap-like parts","model; strap material; power source","","toy","green body; orange head","2026-10-05T16:03:43.772Z","true","uncertain","headlamp","green and dark bundled strap-like parts","model; strap material; power source","近邻展开和亮灯辅助头灯类别；亮灯是临时状态。","初始化索引 100：物体在手中卷叠或遮挡，当前只明确绿黑带状部分，灯类由近邻展开辅助。","GPT-6 Astra Pro"
"gb","vot","273","afca3bff184ec13a54315a43f2e9263590812779a6364a597f43ebaaf080da58","bandlight_indoor_1","00000151","conflicting","bandlight","green and black strap; dark lamp housing","model; strap material; power source","","camera","black body; green lens","2026-10-05T16:03:46.396Z","true","corrected","headlamp","green and black strap; dark lamp housing","model; strap material; power source","近邻展开和亮灯辅助头灯类别；亮灯是临时状态。","初始化索引 150：红框是绿黑带状照明装置，非植物、食物、项链或背景容器。","GPT-6 Astra Pro"
"gb","vot","274","9c79897a57fed2cf14101281e1940b56877157e25c1c75327e490702fe755efd","bandlight_indoor_1","00000201","conflicting","bandlight","green and black strap; dark lamp housing","model; strap material; power source","","camera","black body; green strap","2026-10-05T16:03:48.852Z","true","corrected","headlamp","green and black strap; dark lamp housing","model; strap material; power source","近邻展开和亮灯辅助头灯类别；亮灯是临时状态。","初始化索引 200：红框是绿黑带状照明装置，非植物、食物、项链或背景容器。","GPT-6 Astra Pro"
"gb","vot","275","6450ecf20fc0de4dc9597ad9daf02721797aafc003130534ee3ccde4799399a4","bandlight_indoor_1","00000251","conflicting","bandlight","green and black strap; dark lamp housing","model; strap material; power source","","watch","black strap; green band","2026-10-05T16:03:55.452Z","true","corrected","headlamp","green and black strap; dark lamp housing","model; strap material; power source","近邻展开和亮灯辅助头灯类别；亮灯是临时状态。","初始化索引 250：红框是绿黑带状照明装置，非植物、食物、项链或背景容器。","GPT-6 Astra Pro"
"gb","vot","276","829ee92386ed814c3309d374370e5f18baaa4f2f4479b5a548ab446cfff732a7","bandlight_indoor_1","00000301","conflicting","bandlight","green and black strap; dark lamp housing","model; strap material; power source","","chocolate bar","green wrapper; text on wrapper","2026-10-05T16:03:57.988Z","true","corrected","headlamp","green and black strap; dark lamp housing","model; strap material; power source","近邻展开和亮灯辅助头灯类别；亮灯是临时状态。","初始化索引 300：红框是绿黑带状照明装置，非植物、食物、项链或背景容器。","GPT-6 Astra Pro"
"gb","vot","277","d882a17270b38a73bdbb8598ad62055db5aef2cd7e42d8907c2607eb88a72b76","bandlight_indoor_1","00000351","conflicting","bandlight","green and black strap; dark lamp housing","model; strap material; power source","","necktie","green and black pattern; woven fabric","2026-10-05T16:04:00.204Z","true","corrected","headlamp","green and black strap; dark lamp housing","model; strap material; power source","近邻展开和亮灯辅助头灯类别；亮灯是临时状态。","初始化索引 350：本初始化可见白色发光点、深色灯体及绿黑带，亮灯是当前状态而非永久属性。","GPT-6 Astra Pro"
"gb","vot","278","f024f8951f815443adf8777042ff7fd9ce1ced546b9e911391f9fa945c0f8e38","bandlight_indoor_1","00000401","conflicting","bandlight","green and black strap; dark lamp housing","model; strap material; power source","","headlamp","green strap; white light","2026-10-05T16:04:05.908Z","true","supported","headlamp","green and black strap; dark lamp housing","model; strap material; power source","近邻展开和亮灯辅助头灯类别；亮灯是临时状态。","初始化索引 400：本初始化可见白色发光点、深色灯体及绿黑带，亮灯是当前状态而非永久属性。","GPT-6 Astra Pro"
"gb","vot","279","99835f45331305dac905b8157425bf0026d773645caf5ffab43a879c8e48d30e","bandlight_indoor_1","00000451","conflicting","bandlight","green and black strap; dark lamp housing","model; strap material; power source","","food","green; wavy; in hand","2026-10-05T16:04:08.388Z","true","corrected","headlamp","green and black strap; dark lamp housing","model; strap material; power source","近邻展开和亮灯辅助头灯类别；亮灯是临时状态。","初始化索引 450：本初始化可见白色发光点、深色灯体及绿黑带，亮灯是当前状态而非永久属性。","GPT-6 Astra Pro"
"gb","vot","280","a9fe996680a50e78391f0e862c06ab4f24f2f1416cb90eab110f5f954ba5c059","bandlight_indoor_1","00000501","conflicting","bandlight","green and black strap; dark lamp housing","model; strap material; power source","","bottle","green label; text on label","2026-10-05T16:04:10.325Z","true","corrected","headlamp","green and black strap; dark lamp housing","model; strap material; power source","近邻展开和亮灯辅助头灯类别；亮灯是临时状态。","初始化索引 500：本初始化可见白色发光点、深色灯体及绿黑带，亮灯是当前状态而非永久属性。","GPT-6 Astra Pro"
"gb","vot","281","fef500451fcfb803034d8b523698f9921dd9664b53d4ac42d7f8f912d354fcc4","bandlight_indoor_1","00000551","conflicting","bandlight","green and black strap; dark lamp housing","model; strap material; power source","","keychain","green and black; woven pattern","2026-10-05T16:04:12.708Z","true","corrected","headlamp","green and black strap; dark lamp housing","model; strap material; power source","近邻展开和亮灯辅助头灯类别；亮灯是临时状态。","初始化索引 550：红框是绿黑带状照明装置，非植物、食物、项链或背景容器。","GPT-6 Astra Pro"
"gb","vot","282","c55081713fdd23d58903dfa5548be2a28cc1ac5151c0aab6f0a4566c4acc704f","bandlight_indoor_1","00000601","conflicting","bandlight","green and black strap; dark lamp housing","model; strap material; power source","","plant","green leaves; stem","2026-10-05T16:04:15.572Z","true","corrected","headlamp","green and black strap; dark lamp housing","model; strap material; power source","近邻展开和亮灯辅助头灯类别；亮灯是临时状态。","初始化索引 600：红框是绿黑带状照明装置，非植物、食物、项链或背景容器。","GPT-6 Astra Pro"
"gb","vot","283","62351a9a4a98143e63cbf3e448de1be84bf2488ee34b2af5d662ceea4a970b63","bandlight_indoor_1","00000651","conflicting","bandlight","green and black strap; dark lamp housing","model; strap material; power source","","strap","green and black; curved","2026-10-05T16:04:17.541Z","true","corrected","headlamp","green and black strap; dark lamp housing","model; strap material; power source","近邻展开和亮灯辅助头灯类别；亮灯是临时状态。","初始化索引 650：红框是绿黑带状照明装置，非植物、食物、项链或背景容器。","GPT-6 Astra Pro"
"gb","vot","284","300cdaabaebb612c761cd0184648bcbf3ccd47686677c42c29a23410b58696c9","bandlight_indoor_1","00000701","conflicting","bandlight","green and black strap; dark lamp housing","model; strap material; power source","","toy","brown; round; small","2026-10-05T16:04:19.684Z","true","corrected","headlamp","green and black strap; dark lamp housing","model; strap material; power source","近邻展开和亮灯辅助头灯类别；亮灯是临时状态。","初始化索引 700：本初始化可见白色发光点、深色灯体及绿黑带，亮灯是当前状态而非永久属性。","GPT-6 Astra Pro"
"gb","vot","285","34cb83f4578d1f613ba01dae30c4c1533d9707d28e83d288d5791eddc8548315","bandlight_indoor_1","00000751","conflicting","bandlight","green and black strap; dark lamp housing","model; strap material; power source","","cup","black; textured","2026-10-05T16:04:22.301Z","true","corrected","headlamp","green and black strap; dark lamp housing","model; strap material; power source","近邻展开和亮灯辅助头灯类别；亮灯是临时状态。","初始化索引 750：本初始化可见白色发光点、深色灯体及绿黑带，亮灯是当前状态而非永久属性。","GPT-6 Astra Pro"
"gb","vot","286","ec73bd440efc5910e2d7b95709670aa074049f2eba4af5a50a9bec1e75154202","bandlight_indoor_1","00000801","conflicting","bandlight","green and black strap; dark lamp housing","model; strap material; power source","","cup","black; textured","2026-10-05T16:04:24.316Z","true","corrected","headlamp","green and black strap; dark lamp housing","model; strap material; power source","近邻展开和亮灯辅助头灯类别；亮灯是临时状态。","初始化索引 800：本初始化可见白色发光点、深色灯体及绿黑带，亮灯是当前状态而非永久属性。","GPT-6 Astra Pro"
"gb","vot","287","4b01bc8afe7dc86f1daacf49b6366c7f50fcee49275ef0863775f088cf643a04","bandlight_indoor_1","00000851","conflicting","bandlight","green and dark bundled strap-like parts","model; strap material; power source","","plant","dark green leaves; stem","2026-10-05T16:04:27.548Z","true","uncertain","headlamp","green and dark bundled strap-like parts","model; strap material; power source","近邻展开和亮灯辅助头灯类别；亮灯是临时状态。","初始化索引 850：物体在手中卷叠或遮挡，当前只明确绿黑带状部分，灯类由近邻展开辅助。","GPT-6 Astra Pro"
"gb","vot","288","12421e6a0fccb509abf86815ad78f039f7644cbd1d98040c52f5be05dc624b07","bandlight_indoor_1","00000901","conflicting","bandlight","green and dark bundled strap-like parts","model; strap material; power source","","necklace","green beads; black cord","2026-10-05T16:04:29.461Z","true","uncertain","headlamp","green and dark bundled strap-like parts","model; strap material; power source","近邻展开和亮灯辅助头灯类别；亮灯是临时状态。","初始化索引 900：物体在手中卷叠或遮挡，当前只明确绿黑带状部分，灯类由近邻展开辅助。","GPT-6 Astra Pro"
"gb","vot","289","c30b2ac7ef4b159566434bd0ebc1ed0278fc9d2dd9f3e36925843e8c8e333863","bandlight_indoor_1","00000951","conflicting","bandlight","green and dark bundled strap-like parts","model; strap material; power source","","leaf","green; wet","2026-10-05T16:04:32.300Z","true","uncertain","headlamp","green and dark bundled strap-like parts","model; strap material; power source","近邻展开和亮灯辅助头灯类别；亮灯是临时状态。","初始化索引 950：物体在手中卷叠或遮挡，当前只明确绿黑带状部分，灯类由近邻展开辅助。","GPT-6 Astra Pro"
"gb","vot","290","9b1b6bf5eae4b7a9e138c8dd14923065d3b14c15101927578d48e783294fb16c","bandlight_indoor_1","00001001","conflicting","bandlight","green and dark bundled strap-like parts","model; strap material; power source","","food","green leafy vegetable; handheld","2026-10-05T16:04:34.548Z","true","uncertain","headlamp","green and dark bundled strap-like parts","model; strap material; power source","近邻展开和亮灯辅助头灯类别；亮灯是临时状态。","初始化索引 1000：物体在手中卷叠或遮挡，当前只明确绿黑带状部分，灯类由近邻展开辅助。","GPT-6 Astra Pro"
"gb","vot","291","30f7d189124ddf9cda967104a6deb7cfefe85575e0616a5d05c934ce05221f76","bandlight_indoor_1","00001051","conflicting","bandlight","green and black strap; dark lamp housing","model; strap material; power source","","hand","holding; green object","2026-10-05T16:04:37.380Z","true","corrected","headlamp","green and black strap; dark lamp housing","model; strap material; power source","近邻展开和亮灯辅助头灯类别；亮灯是临时状态。","初始化索引 1050：红框是绿黑带状照明装置，非植物、食物、项链或背景容器。","GPT-6 Astra Pro"
"gb","vot","292","6e7ee7d693c373a07058ee958e343800f1d2234bafa68b376655241679f06919","bandlight_indoor_1","00001101","conflicting","bandlight","green and black strap; dark lamp housing","model; strap material; power source","","toy","green body; black limbs","2026-10-05T16:04:39.676Z","true","corrected","headlamp","green and black strap; dark lamp housing","model; strap material; power source","近邻展开和亮灯辅助头灯类别；亮灯是临时状态。","初始化索引 1100：红框是绿黑带状照明装置，非植物、食物、项链或背景容器。","GPT-6 Astra Pro"
"gb","vot","293","c01435c92a4be3b527c3a42c95804cd0859fe64cfdeed625d0362db2cdef2397","bandlight_indoor_1","00001151","conflicting","bandlight","green and black strap; dark lamp housing","model; strap material; power source","","scissors","blue handle; metal blades","2026-10-05T16:04:41.916Z","true","corrected","headlamp","green and black strap; dark lamp housing","model; strap material; power source","近邻展开和亮灯辅助头灯类别；亮灯是临时状态。","初始化索引 1150：红框是绿黑带状照明装置，非植物、食物、项链或背景容器。","GPT-6 Astra Pro"
"gb","vot","294","cf518c07caf69d7dae5bc2b75841ba0394e30bf8da52cde24a2d868b96f7c5f1","bandlight_indoor_1","00001185","conflicting","bandlight","green and black strap; dark lamp housing","model; strap material; power source","","toy","green body; brown head","2026-10-05T16:04:49.596Z","true","corrected","headlamp","green and black strap; dark lamp housing","model; strap material; power source","近邻展开和亮灯辅助头灯类别；亮灯是临时状态。","初始化索引 1184：红框是绿黑带状照明装置，非植物、食物、项链或背景容器。","GPT-6 Astra Pro"
"gb","vot","295","debf3487bf1235d0df3d1c0f26a9865eca667905f03f78ed91bc9f77f7683026","bicycle2_outside_1","00000001","conflicting","bicycle","blue-dark frame; dark tires; spoked wheels","drivetrain details; exact material; label","","bicycle","blue frame; black tires; chain and gears visible","2026-10-05T16:05:12.316Z","true","corrected","bicycle","blue-dark frame; dark tires; spoked wheels","drivetrain details; exact material; label","","初始化索引 0：红框覆盖自行车，不是推车人物；不硬认细小传动部件和金属成分。","GPT-6 Astra Pro"
"gb","vot","296","0bea96a036e0f26fa58f84e83b259beba4d99437d805b97f2bcb23f013e37ed0","bicycle2_outside_1","00000051","conflicting","bicycle","blue-dark frame; dark tires; spoked wheels","drivetrain details; exact material; label","","bicycle","blue frame; black tires; silver pedals; wheels","2026-10-05T16:05:22.188Z","true","corrected","bicycle","blue-dark frame; dark tires; spoked wheels","drivetrain details; exact material; label","","初始化索引 50：红框覆盖自行车，不是推车人物；不硬认细小传动部件和金属成分。","GPT-6 Astra Pro"
"gb","vot","297","89c1e0aeb90e30629bcae91250d44e88bf159ca64a1741b41b9c78f99ec24077","bicycle2_outside_1","00000101","conflicting","bicycle","blue-dark frame; dark tires; spoked wheels","drivetrain details; exact material; label","","bicycle","purple frame; black tires; metallic components; handlebar grip","2026-10-05T16:05:31.612Z","true","corrected","bicycle","blue-dark frame; dark tires; spoked wheels","drivetrain details; exact material; label","","初始化索引 100：红框覆盖自行车，不是推车人物；不硬认细小传动部件和金属成分。","GPT-6 Astra Pro"
"gb","vot","298","56c3805a5439a8118d84940c8413ea57d2e1d2e30afe0851e0ff55b6ac8d5162","bicycle2_outside_1","00000151","conflicting","bicycle","blue-dark frame; dark tires; spoked wheels","drivetrain details; exact material; label","","bicycle","metal frame; black tires; chain and gears","2026-10-05T16:05:44.485Z","true","corrected","bicycle","blue-dark frame; dark tires; spoked wheels","drivetrain details; exact material; label","","初始化索引 150：红框覆盖自行车，不是推车人物；不硬认细小传动部件和金属成分。","GPT-6 Astra Pro"
"gb","vot","299","7159afe1ec3b7ea06c1eab3c10f64c7f1db059ef75b7ba9623fa1dee9fd2c897","bicycle2_outside_1","00000201","conflicting","bicycle","blue-dark frame; dark tires; spoked wheels","drivetrain details; exact material; label","","bicycle","blue frame; black handlebars; wheels with spokes; reflectors on wheels","2026-10-05T16:05:52.876Z","true","corrected","bicycle","blue-dark frame; dark tires; spoked wheels","drivetrain details; exact material; label","","初始化索引 200：红框覆盖自行车，不是推车人物；不硬认细小传动部件和金属成分。","GPT-6 Astra Pro"
"gb","vot","300","cff24f5f082e52fe143295b0bc10669b1ff7af4f4cd21404439dea25e4139149","bicycle2_outside_1","00000251","conflicting","bicycle","blue-dark frame; dark tires; spoked wheels","drivetrain details; exact material; label","","bicycle","blue frame; black tires; metallic components; chain and gears","2026-10-05T16:05:55.421Z","true","corrected","bicycle","blue-dark frame; dark tires; spoked wheels","drivetrain details; exact material; label","","初始化索引 250：红框覆盖自行车，不是推车人物；不硬认细小传动部件和金属成分。","GPT-6 Astra Pro"
"gb","vot","301","61454879a4a8b3ccfe6add3a409ba98b5bf2af8e7333f358bac80e3c18557bce","bicycle2_outside_1","00000301","conflicting","bicycle","blue-dark frame; dark tires; spoked wheels","drivetrain details; exact material; label","","bicycle","blue frame; wheels with spokes; handlebars","2026-10-05T16:05:56.541Z","true","supported","bicycle","blue-dark frame; dark tires; spoked wheels","drivetrain details; exact material; label","","初始化索引 300：红框覆盖自行车，不是推车人物；不硬认细小传动部件和金属成分。","GPT-6 Astra Pro"
"gb","vot","302","9737cf444cd517a044a14fa82e240230cbb9fbde6ad9f9f16f4fd86d86dea091","bicycle2_outside_1","00000351","conflicting","bicycle","blue-dark narrow frame; dark tires; wheel and handlebars","drivetrain details; exact material; label","","bicycle","blue frame; black seat; wheels","2026-10-05T16:05:58.021Z","true","supported","bicycle","blue-dark narrow frame; dark tires; wheel and handlebars","drivetrain details; exact material; label","","初始化索引 350：红框覆盖自行车，不是推车人物；不硬认细小传动部件和金属成分。","GPT-6 Astra Pro"
"gb","vot","303","c44d468f16d1a065b62c27b20087aa5ebde6f9ea821052807921c2034a85f87e","bicycle2_outside_1","00000401","conflicting","bicycle","blue-dark narrow frame; dark tires; wheel and handlebars","drivetrain details; exact material; label","","bicycle","blue frame; black seat; tires","2026-10-05T16:05:59.484Z","true","supported","bicycle","blue-dark narrow frame; dark tires; wheel and handlebars","drivetrain details; exact material; label","","初始化索引 400：红框覆盖自行车，不是推车人物；不硬认细小传动部件和金属成分。","GPT-6 Astra Pro"
"gb","vot","304","78af9feede85761a1d856995450a07cbe3d520ddcfc4b729e580217d6db2515c","bicycle2_outside_1","00000451","conflicting","bicycle","blue-dark frame; dark tires; spoked wheels","drivetrain details; exact material; label","","bicycle","purple frame; wheels with spokes; front wheel with reflector","2026-10-05T16:06:00.636Z","true","corrected","bicycle","blue-dark frame; dark tires; spoked wheels","drivetrain details; exact material; label","","初始化索引 450：红框覆盖自行车，不是推车人物；不硬认细小传动部件和金属成分。","GPT-6 Astra Pro"
"gb","vot","305","1910a63c6ca2bcbf18df828c72e80c3d65eac58d3bab7a629caac642ef2494f0","bicycle2_outside_1","00000501","conflicting","bicycle","blue-dark frame; dark tires; spoked wheels","drivetrain details; exact material; label","","bicycle","blue frame; black tires; handlebars","2026-10-05T16:06:02.622Z","true","supported","bicycle","blue-dark frame; dark tires; spoked wheels","drivetrain details; exact material; label","","初始化索引 500：红框覆盖自行车，不是推车人物；不硬认细小传动部件和金属成分。","GPT-6 Astra Pro"
"gb","vot","306","15bd9c981ca94012b2374a6b77140259ef00878f40978f60addd6b048ca03375","bicycle2_outside_1","00000551","conflicting","bicycle","dark frame; narrow wheels; red rear reflector","drivetrain details; exact material; label","","bicycle","black frame; red seat; wheels","2026-10-05T16:06:03.676Z","true","corrected","bicycle","dark frame; narrow wheels; red rear reflector","drivetrain details; exact material; label","","初始化索引 550：后视车尾红点不能当成红车座，轮胎深色。","GPT-6 Astra Pro"
"gb","vot","307","3bb04b51d1d00d67ab9c66750ae26213aa294d700ee9b2896cbc5849d5a4bdab","bicycle2_outside_1","00000601","conflicting","bicycle","dark frame; narrow wheels; red rear reflector","drivetrain details; exact material; label","","bicycle","black frame; red accents","2026-10-05T16:06:04.692Z","true","corrected","bicycle","dark frame; narrow wheels; red rear reflector","drivetrain details; exact material; label","","初始化索引 600：后视车尾红点不能当成红车座，轮胎深色。","GPT-6 Astra Pro"
"gb","vot","308","22c91b5d133e609a47ae1a2e296815dbf6d40eedff1dba13e451734c38ddf84d","bicycle2_outside_1","00000640","conflicting","bicycle","dark frame; narrow wheels; red rear reflector","drivetrain details; exact material; label","","bicycle","black frame; red seat; white wheels","2026-10-05T16:06:06.260Z","true","corrected","bicycle","dark frame; narrow wheels; red rear reflector","drivetrain details; exact material; label","","初始化索引 639：后视车尾红点不能当成红车座，轮胎深色。","GPT-6 Astra Pro"
"gb","vot","309","ee19d97f60213516441ce77eda73511cce93c355834d5ea3e4530a094404cd38","bicycle2_outside_1","00000701","conflicting","bicycle","blue-dark frame; dark tires; spoked wheels","drivetrain details; exact material; label","","bicycle","purple frame; black tires; chain and gears visible","2026-10-05T16:06:07.421Z","true","corrected","bicycle","blue-dark frame; dark tires; spoked wheels","drivetrain details; exact material; label","","初始化索引 700：红框覆盖自行车，不是推车人物；不硬认细小传动部件和金属成分。","GPT-6 Astra Pro"
"gb","vot","310","44f01e243c82779d80f264f38cd9ede63f52f388bc86ff8ac92131c46e067991","bicycle2_outside_1","00000751","conflicting","bicycle","blue-dark narrow frame; dark tires; wheel and handlebars","drivetrain details; exact material; label","","bicycle","black frame; wheels; handlebars","2026-10-05T16:06:08.540Z","true","supported","bicycle","blue-dark narrow frame; dark tires; wheel and handlebars","drivetrain details; exact material; label","","初始化索引 750：红框覆盖自行车，不是推车人物；不硬认细小传动部件和金属成分。","GPT-6 Astra Pro"
"gb","vot","311","40c48bae9973b90ea2c5e9ec998739efc278d6776511fd77ada61196fd7bd36a","bicycle2_outside_1","00000801","conflicting","bicycle","blue-dark narrow frame; dark tires; wheel and handlebars","drivetrain details; exact material; label","","bicycle","purple frame; black seat; wheels visible","2026-10-05T16:06:09.596Z","true","supported","bicycle","blue-dark narrow frame; dark tires; wheel and handlebars","drivetrain details; exact material; label","","初始化索引 800：红框覆盖自行车，不是推车人物；不硬认细小传动部件和金属成分。","GPT-6 Astra Pro"
"gb","vot","312","634f6f47bd6bac37f5823f80eb06e19dcabc31544fe261e19b3bef0d50548c3b","bicycle2_outside_1","00000851","conflicting","bicycle","blue-dark frame; dark tires; spoked wheels","drivetrain details; exact material; label","","bicycle","blue frame; black seat; silver handlebars; wheels","2026-10-05T16:06:10.620Z","true","supported","bicycle","blue-dark frame; dark tires; spoked wheels","drivetrain details; exact material; label","","初始化索引 850：红框覆盖自行车，不是推车人物；不硬认细小传动部件和金属成分。","GPT-6 Astra Pro"
"gb","vot","313","075b2987367db8a4ab011b325aec87c8dcbaf40423016d5c0dc46d904ff38352","bicycle2_outside_1","00000878","conflicting","bicycle","blue-dark frame; dark tires; spoked wheels","drivetrain details; exact material; label","","bicycle","blue frame; black seat; silver handlebars","2026-10-05T16:06:11.700Z","true","supported","bicycle","blue-dark frame; dark tires; spoked wheels","drivetrain details; exact material; label","","初始化索引 877：红框覆盖自行车，不是推车人物；不硬认细小传动部件和金属成分。","GPT-6 Astra Pro"
"gb","vot","314","2949df3cbe1c4cbecb6dd2002baf1cf9bd2a287176a248991eacd5a7994ba86a","bottle_box_5","00000001","conflicting","bottle","white ridged body; green-yellow label; pale neck","contents; cap mechanism; chemical identity","","bottle","white; textured surface","2026-10-05T16:07:00.404Z","true","supported","bottle","white ridged body; green-yellow label; pale neck","contents; cap mechanism; chemical identity","","初始化索引 0：红框是白色有颈瓶，不是前方盒；绿黄属标签，不确认绿盖或喷雾用途。","GPT-6 Astra Pro"
"gb","vot","315","d5168a73e67eba0a2f7f1e0ba51ee14002c34b879238ab6d1f2957fcb265c78e","bottle_box_5","00000051","conflicting","bottle","white ridged body; green-yellow label; pale neck","contents; cap mechanism; chemical identity","","bottle","white body; yellow cap","2026-10-05T16:07:01.381Z","true","corrected","bottle","white ridged body; green-yellow label; pale neck","contents; cap mechanism; chemical identity","","初始化索引 50：红框是白色有颈瓶，不是前方盒；绿黄属标签，不确认绿盖或喷雾用途。","GPT-6 Astra Pro"
"gb","vot","316","8c6c4c1d47998053f5bf196bf2813da14dc565e435236962129ea91115852586","bottle_box_5","00000101","conflicting","bottle","white ridged body; green-yellow label; pale neck","contents; cap mechanism; chemical identity","","bottle","white label; green cap","2026-10-05T16:07:03.060Z","true","corrected","bottle","white ridged body; green-yellow label; pale neck","contents; cap mechanism; chemical identity","","初始化索引 100：红框是白色有颈瓶，不是前方盒；绿黄属标签，不确认绿盖或喷雾用途。","GPT-6 Astra Pro"
"gb","vot","317","1dec40a317f2e1e4d4276ace8450d954ea20e7a79959512758625615284bdccd","bottle_box_5","00000118","conflicting","bottle","white ridged body; pale pump-like top; green label","contents; cap mechanism; chemical identity","","spray bottle","white label; green logo","2026-10-05T16:07:05.748Z","true","corrected","bottle","white ridged body; pale pump-like top; green label","contents; cap mechanism; chemical identity","","初始化索引 117：红框是白色有颈瓶，不是前方盒；绿黄属标签，不确认绿盖或喷雾用途。","GPT-6 Astra Pro"
"gb","vot","318","be1bebfd97d425e1a1b0b97822f4c1aa23a9ef1fe0c43cf3510a4e1398bf7b43","box1_outside_1","00000001","conflicting","box","elongated rectangular package; dark printed face; orange edge","contents; material; small print","","remote control","black; rectangular; button","2026-10-05T16:07:10.308Z","true","corrected","box","elongated rectangular package; dark printed face; orange edge","contents; material; small print","概览仅辅助盒体转面，背面内容不回填。","初始化索引 0：红框为狭长刚性包装，非遥控器、书、武器或人物；产品印图不等于实体。","GPT-6 Astra Pro"
"gb","vot","319","762324bdd5f0e66deef417d9e3f4b688e85a5a26b9244581359bc4f915f5aed3","box1_outside_1","00000051","conflicting","box","elongated rectangular package; dark printed face; orange edge","contents; material; small print","","phone","black case; silver back","2026-10-05T16:08:06.140Z","true","corrected","box","elongated rectangular package; dark printed face; orange edge","contents; material; small print","概览仅辅助盒体转面，背面内容不回填。","初始化索引 50：红框为狭长刚性包装，非遥控器、书、武器或人物；产品印图不等于实体。","GPT-6 Astra Pro"
"gb","vot","320","933c6bf9bf788c0ed89f125d9eb313cab287b1541ce69f5b912ccb7c25ca291a","box1_outside_1","00000101","conflicting","box","elongated rectangular package; dark printed face; orange edge","contents; material; small print","","object","metallic; long; thin","2026-10-05T16:08:09.188Z","true","corrected","box","elongated rectangular package; dark printed face; orange edge","contents; material; small print","概览仅辅助盒体转面，背面内容不回填。","初始化索引 100：红框为狭长刚性包装，非遥控器、书、武器或人物；产品印图不等于实体。","GPT-6 Astra Pro"
"gb","vot","321","5f6c02c6c4725d7ae08fe36beed6f689e444243631aa15ea2cbcee694fd0c5c1","box1_outside_1","00000151","conflicting","box","elongated rectangular package; dark printed face; orange edge","contents; material; small print","","book","vertical orientation; text on cover","2026-10-05T16:08:10.422Z","true","corrected","box","elongated rectangular package; dark printed face; orange edge","contents; material; small print","概览仅辅助盒体转面，背面内容不回填。","初始化索引 150：红框为狭长刚性包装，非遥控器、书、武器或人物；产品印图不等于实体。","GPT-6 Astra Pro"
"gb","vot","322","9e635ea22df5ebd8e17e60494f14907daed0304ee1e20552d6f203b7fbcc45e5","box1_outside_1","00000201","conflicting","box","elongated rectangular package; dark printed face; orange edge","contents; material; small print","","cylinder","black; textured","2026-10-05T16:08:11.844Z","true","corrected","box","elongated rectangular package; dark printed face; orange edge","contents; material; small print","概览仅辅助盒体转面，背面内容不回填。","初始化索引 200：红框为狭长刚性包装，非遥控器、书、武器或人物；产品印图不等于实体。","GPT-6 Astra Pro"
"gb","vot","323","4c087180fb6147be72ebfdacfc13b10a6f9d73c5483df2c8a01b9bff8c396b5d","box1_outside_1","00000251","conflicting","box","elongated rectangular package; dark printed face; orange edge","contents; material; small print","","stick","black handle; red grip","2026-10-05T16:08:13.788Z","true","corrected","box","elongated rectangular package; dark printed face; orange edge","contents; material; small print","概览仅辅助盒体转面，背面内容不回填。","初始化索引 250：红框为狭长刚性包装，非遥控器、书、武器或人物；产品印图不等于实体。","GPT-6 Astra Pro"
"gb","vot","324","2134b8398565b922eede55427fabe8be69a71c7e24f5b982b96771674433921c","box1_outside_1","00000301","conflicting","box","elongated rectangular package; dark printed face; orange edge","contents; material; small print","","target","orange and black; rectangular; striped pattern","2026-10-05T16:08:15.428Z","true","corrected","box","elongated rectangular package; dark printed face; orange edge","contents; material; small print","概览仅辅助盒体转面，背面内容不回填。","初始化索引 300：红框为狭长刚性包装，非遥控器、书、武器或人物；产品印图不等于实体。","GPT-6 Astra Pro"
"gb","vot","325","ab4ce3ce3a2a52c71d1770e44d56de2b825c25312b475157605fe6fa9fe7df9a","box1_outside_1","00000351","conflicting","box","long orange rectangular face; pale printed marks; straight edges","contents; material; small print","","book","orange cover; text on cover","2026-10-05T16:08:16.852Z","true","corrected","box","long orange rectangular face; pale printed marks; straight edges","contents; material; small print","概览仅辅助盒体转面，背面内容不回填。","初始化索引 350：红框为狭长刚性包装，非遥控器、书、武器或人物；产品印图不等于实体。","GPT-6 Astra Pro"
"gb","vot","326","d15e44d898b48ab8d2fdc76af8d56eb44fa2b257317943b649ed0233a8011d25","box1_outside_1","00000401","conflicting","box","long orange rectangular face; pale printed marks; straight edges","contents; material; small print","","book","orange cover; text on cover","2026-10-05T16:08:18.356Z","true","corrected","box","long orange rectangular face; pale printed marks; straight edges","contents; material; small print","概览仅辅助盒体转面，背面内容不回填。","初始化索引 400：红框为狭长刚性包装，非遥控器、书、武器或人物；产品印图不等于实体。","GPT-6 Astra Pro"
"gb","vot","327","53ba89ec5601c906e30a58e6e098e36333715f9bd08d54d19a7a67b4e6ef7a23","box1_outside_1","00000451","conflicting","box","long dark rectangular face; pale printed graphics; straight edges","contents; material; small print","","shirt","black; textured","2026-10-05T16:08:19.692Z","true","corrected","box","long dark rectangular face; pale printed graphics; straight edges","contents; material; small print","概览仅辅助盒体转面，背面内容不回填。","初始化索引 450：红框为狭长刚性包装，非遥控器、书、武器或人物；产品印图不等于实体。","GPT-6 Astra Pro"
"gb","vot","328","27dcfc264508e44f3ee67a0ab319b22cb267958066d22924e33377da4c5fae82","box1_outside_1","00000501","conflicting","box","long dark rectangular face; pale printed graphics; straight edges","contents; material; small print","","sign","text; wooden","2026-10-05T16:08:20.940Z","true","corrected","box","long dark rectangular face; pale printed graphics; straight edges","contents; material; small print","概览仅辅助盒体转面，背面内容不回填。","初始化索引 500：红框为狭长刚性包装，非遥控器、书、武器或人物；产品印图不等于实体。","GPT-6 Astra Pro"
"gb","vot","329","1fd9a5be29912668c6881754095e60c484cfda087cd58e02106f20a09d95bee7","box1_outside_1","00000551","conflicting","box","long dark rectangular face; pale printed graphics; straight edges","contents; material; small print","","package","metallic surface; text on package","2026-10-05T16:08:22.140Z","true","corrected","box","long dark rectangular face; pale printed graphics; straight edges","contents; material; small print","概览仅辅助盒体转面，背面内容不回填。","初始化索引 550：红框为狭长刚性包装，非遥控器、书、武器或人物；产品印图不等于实体。","GPT-6 Astra Pro"
"gb","vot","330","d1e6bb9582808a549a6c815cd9f8d3330ce66f955675a88dd916bc67ea649f89","box1_outside_1","00000601","conflicting","box","long dark rectangular face; pale printed graphics; straight edges","contents; material; small print","","sign","text; rectangular","2026-10-05T16:08:23.172Z","true","corrected","box","long dark rectangular face; pale printed graphics; straight edges","contents; material; small print","概览仅辅助盒体转面，背面内容不回填。","初始化索引 600：红框为狭长刚性包装，非遥控器、书、武器或人物；产品印图不等于实体。","GPT-6 Astra Pro"
"gb","vot","331","9c1b21c5215df231f6f8ed3dc305ec1216149432d7a994696b06bf682c236bda","box1_outside_1","00000651","conflicting","box","long orange rectangular face; pale printed marks; straight edges","contents; material; small print","","target","orange; rectangular; striped","2026-10-05T16:08:24.772Z","true","corrected","box","long orange rectangular face; pale printed marks; straight edges","contents; material; small print","概览仅辅助盒体转面，背面内容不回填。","初始化索引 650：红框为狭长刚性包装，非遥控器、书、武器或人物；产品印图不等于实体。","GPT-6 Astra Pro"
"gb","vot","332","63527b85a96149ccb8aedadcad4b9c929d4a91ddc97f818ce4258ed8ae8b8f5e","box1_outside_1","00000701","conflicting","box","long orange rectangular face; pale printed marks; straight edges","contents; material; small print","","book","red cover; text on cover","2026-10-05T16:08:25.892Z","true","corrected","box","long orange rectangular face; pale printed marks; straight edges","contents; material; small print","概览仅辅助盒体转面，背面内容不回填。","初始化索引 700：红框为狭长刚性包装，非遥控器、书、武器或人物；产品印图不等于实体。","GPT-6 Astra Pro"
"gb","vot","333","03c7e36c6f96a78359fbed4fb2a32c8593bed6d1eda2f717c14e3376ae096165","box1_outside_1","00000751","conflicting","box","long orange rectangular face; pale printed marks; straight edges","contents; material; small print","","package","orange; rectangular; textured","2026-10-05T16:08:27.469Z","true","corrected","box","long orange rectangular face; pale printed marks; straight edges","contents; material; small print","概览仅辅助盒体转面，背面内容不回填。","初始化索引 750：红框为狭长刚性包装，非遥控器、书、武器或人物；产品印图不等于实体。","GPT-6 Astra Pro"
"gb","vot","334","449f9c56f0050476775d11b1aa9f00706b541ccb87915547754b5ebe2d803abf","box1_outside_1","00000801","conflicting","box","long orange rectangular face; pale printed marks; straight edges","contents; material; small print","","box","orange and white; rectangular; text on front","2026-10-05T16:08:28.908Z","true","supported","box","long orange rectangular face; pale printed marks; straight edges","contents; material; small print","概览仅辅助盒体转面，背面内容不回填。","初始化索引 800：红框为狭长刚性包装，非遥控器、书、武器或人物；产品印图不等于实体。","GPT-6 Astra Pro"
"gb","vot","335","3dcdb513f42a566bd3751fe080c3b7033af6f8a31eeed0d09c186b40e8019656","box1_outside_1","00000851","conflicting","box","long orange rectangular face; pale printed marks; straight edges","contents; material; small print","","box","orange; rectangular; textured","2026-10-05T16:08:30.188Z","true","corrected","box","long orange rectangular face; pale printed marks; straight edges","contents; material; small print","概览仅辅助盒体转面，背面内容不回填。","初始化索引 850：红框为狭长刚性包装，非遥控器、书、武器或人物；产品印图不等于实体。","GPT-6 Astra Pro"
"gb","vot","336","d33b580302868cab656265a041ed52eb0eb2f1faf79126a8a3930341bc4a0cf5","box1_outside_1","00000901","conflicting","box","long orange rectangular face; pale printed marks; straight edges","contents; material; small print","","box","orange; rectangular; textured","2026-10-05T16:08:31.268Z","true","corrected","box","long orange rectangular face; pale printed marks; straight edges","contents; material; small print","概览仅辅助盒体转面，背面内容不回填。","初始化索引 900：红框为狭长刚性包装，非遥控器、书、武器或人物；产品印图不等于实体。","GPT-6 Astra Pro"
"gb","vot","337","4f444f4885b17b5443a9123cf44353ed27d48c7ec92d9596c105c906ab82cf30","box1_outside_1","00000951","conflicting","box","long dark rectangular face; pale printed graphics; straight edges","contents; material; small print","","sign","text; rectangular","2026-10-05T16:08:32.452Z","true","corrected","box","long dark rectangular face; pale printed graphics; straight edges","contents; material; small print","概览仅辅助盒体转面，背面内容不回填。","初始化索引 950：红框为狭长刚性包装，非遥控器、书、武器或人物；产品印图不等于实体。","GPT-6 Astra Pro"
"gb","vot","338","aed71d2806a42a4b1e0eaf30331867823c6ae2fa4173ada018d44276741521c1","box1_outside_1","00001001","conflicting","box","long dark rectangular face; pale printed graphics; straight edges","contents; material; small print","","package","black; rectangular; textured","2026-10-05T16:08:33.524Z","true","corrected","box","long dark rectangular face; pale printed graphics; straight edges","contents; material; small print","概览仅辅助盒体转面，背面内容不回填。","初始化索引 1000：红框为狭长刚性包装，非遥控器、书、武器或人物；产品印图不等于实体。","GPT-6 Astra Pro"
"gb","vot","339","9c102112356c35414ade2f0e8a69d09468041a1d0ed6c47beda3ebf161d0049e","box1_outside_1","00001051","conflicting","box","long dark rectangular face; pale printed graphics; straight edges","contents; material; small print","","book","long; textured cover","2026-10-05T16:08:34.556Z","true","corrected","box","long dark rectangular face; pale printed graphics; straight edges","contents; material; small print","概览仅辅助盒体转面，背面内容不回填。","初始化索引 1050：红框为狭长刚性包装，非遥控器、书、武器或人物；产品印图不等于实体。","GPT-6 Astra Pro"
"gb","vot","340","12e29e1bcd93e223c59bff0cd602a811aeefd3e6b6a53f17aae8f6fe6a19318f","box1_outside_1","00001101","conflicting","box","long orange rectangular face; pale printed marks; straight edges","contents; material; small print","","book","orange cover; text on spine","2026-10-05T16:08:35.613Z","true","corrected","box","long orange rectangular face; pale printed marks; straight edges","contents; material; small print","概览仅辅助盒体转面，背面内容不回填。","初始化索引 1100：红框为狭长刚性包装，非遥控器、书、武器或人物；产品印图不等于实体。","GPT-6 Astra Pro"
"gb","vot","341","6613ab680ba2ec807f8e68ca32e96211289121abeb38ab24df913ffd04c6ab25","box1_outside_1","00001151","conflicting","box","long orange rectangular face; pale printed marks; straight edges","contents; material; small print","","book","orange cover; text on pages; rectangular shape","2026-10-05T16:08:36.860Z","true","corrected","box","long orange rectangular face; pale printed marks; straight edges","contents; material; small print","概览仅辅助盒体转面，背面内容不回填。","初始化索引 1150：红框为狭长刚性包装，非遥控器、书、武器或人物；产品印图不等于实体。","GPT-6 Astra Pro"
"gb","vot","342","847181a0c0f866262072ee92d12bfb4af7b89ae95d402766e66af6b477441d5f","box1_outside_1","00001201","conflicting","box","long dark rectangular face; pale printed graphics; straight edges","contents; material; small print","","sign","blue background; white letters; rectangular shape","2026-10-05T16:08:39.420Z","true","corrected","box","long dark rectangular face; pale printed graphics; straight edges","contents; material; small print","概览仅辅助盒体转面，背面内容不回填。","初始化索引 1200：红框为狭长刚性包装，非遥控器、书、武器或人物；产品印图不等于实体。","GPT-6 Astra Pro"
"gb","vot","343","e0eebfc614ffda373985b535eaf6045e2fd08b9a4ee34bcd18c8f3d57fb7d24b","box1_outside_1","00001251","conflicting","box","long dark rectangular face; pale printed graphics; straight edges","contents; material; small print","","sign","blue background; white text; arrow","2026-10-05T16:08:40.508Z","true","corrected","box","long dark rectangular face; pale printed graphics; straight edges","contents; material; small print","概览仅辅助盒体转面，背面内容不回填。","初始化索引 1250：红框为狭长刚性包装，非遥控器、书、武器或人物；产品印图不等于实体。","GPT-6 Astra Pro"
"gb","vot","344","95b339242262007f25bc3fe43c79ae8df53d025092a8365952e0238c6ad9bbaf","box1_outside_1","00001301","conflicting","box","long dark rectangular face; pale printed graphics; straight edges","contents; material; small print","","sign","purple; textured; vertical","2026-10-05T16:08:41.636Z","true","corrected","box","long dark rectangular face; pale printed graphics; straight edges","contents; material; small print","概览仅辅助盒体转面，背面内容不回填。","初始化索引 1300：红框为狭长刚性包装，非遥控器、书、武器或人物；产品印图不等于实体。","GPT-6 Astra Pro"
"gb","vot","345","7e7ed604412a4d4cdfa48eeb379e06b151152f93b38a53a1a8a0fd3846ce7dad","box1_outside_1","00001351","conflicting","box","long dark rectangular face; pale printed graphics; straight edges","contents; material; small print","","sign","vertical; blue and white; textured","2026-10-05T16:08:43.476Z","true","corrected","box","long dark rectangular face; pale printed graphics; straight edges","contents; material; small print","概览仅辅助盒体转面，背面内容不回填。","初始化索引 1350：红框为狭长刚性包装，非遥控器、书、武器或人物；产品印图不等于实体。","GPT-6 Astra Pro"
"gb","vot","346","218bdd60e6dfeff4d567e9011fc93329cdb3b3477b5fe5c20a5c59b815461d59","box1_outside_1","00001401","conflicting","box","elongated rectangular package; dark printed face; orange edge","contents; material; small print","","sign","orange; textured; rectangular","2026-10-05T16:08:44.604Z","true","corrected","box","elongated rectangular package; dark printed face; orange edge","contents; material; small print","概览仅辅助盒体转面，背面内容不回填。","初始化索引 1400：红框为狭长刚性包装，非遥控器、书、武器或人物；产品印图不等于实体。","GPT-6 Astra Pro"
"gb","vot","347","ca6d483fcec585013b6db5f1b75fda14e3301cb89c5fdef6288e80f9adae76e8","box1_outside_1","00001451","conflicting","box","elongated rectangular package; dark printed face; orange edge","contents; material; small print","","target","textured surface; long rectangular shape","2026-10-05T16:08:45.772Z","true","corrected","box","elongated rectangular package; dark printed face; orange edge","contents; material; small print","概览仅辅助盒体转面，背面内容不回填。","初始化索引 1450：红框为狭长刚性包装，非遥控器、书、武器或人物；产品印图不等于实体。","GPT-6 Astra Pro"
"gb","vot","348","d34c7cbf72a301f4c2980eaea6ae4b2ef3db755a209b8c5ae482c0b9acfddefc","box1_outside_1","00001501","conflicting","box","long orange rectangular face; pale printed marks; straight edges","contents; material; small print","","book","orange cover; white text; rectangular shape","2026-10-05T16:08:46.820Z","true","corrected","box","long orange rectangular face; pale printed marks; straight edges","contents; material; small print","概览仅辅助盒体转面，背面内容不回填。","初始化索引 1500：红框为狭长刚性包装，非遥控器、书、武器或人物；产品印图不等于实体。","GPT-6 Astra Pro"
"gb","vot","349","9c04e6aa10e20acd8b734cc7e7f9f8998cea51ebeeaa1f40bc7c66ecc6b1ba4e","box1_outside_1","00001551","conflicting","box","long orange rectangular face; pale printed marks; straight edges","contents; material; small print","","package","orange packaging; text on package","2026-10-05T16:08:47.894Z","true","supported","box","long orange rectangular face; pale printed marks; straight edges","contents; material; small print","概览仅辅助盒体转面，背面内容不回填。","初始化索引 1550：红框为狭长刚性包装，非遥控器、书、武器或人物；产品印图不等于实体。","GPT-6 Astra Pro"
"gb","vot","350","f183fcaa5f0218e77ab2d46dacaf3d51bd64d5a70c2e21a19024d1e01c064ba1","box1_outside_1","00001601","conflicting","box","long orange rectangular face; pale printed marks; straight edges","contents; material; small print","","package","orange; rectangular; textured","2026-10-05T16:08:48.924Z","true","corrected","box","long orange rectangular face; pale printed marks; straight edges","contents; material; small print","概览仅辅助盒体转面，背面内容不回填。","初始化索引 1600：红框为狭长刚性包装，非遥控器、书、武器或人物；产品印图不等于实体。","GPT-6 Astra Pro"
"gb","vot","351","83ff7642833b1b36c12e45ff2e4b573ffc02570ac27d0a002a626d8ff36533cc","box1_outside_1","00001651","conflicting","box","long orange rectangular face; pale printed marks; straight edges","contents; material; small print","","package","orange packaging; text on package","2026-10-05T16:08:50.172Z","true","supported","box","long orange rectangular face; pale printed marks; straight edges","contents; material; small print","概览仅辅助盒体转面，背面内容不回填。","初始化索引 1650：红框为狭长刚性包装，非遥控器、书、武器或人物；产品印图不等于实体。","GPT-6 Astra Pro"
"gb","vot","352","5c96147aca8668ad9756b83f694a208afdc9b2e4770da99ce58ad94686b512c4","box1_outside_1","00001701","conflicting","box","long orange rectangular face; pale printed marks; straight edges","contents; material; small print","","book","orange cover; text on cover","2026-10-05T16:08:51.276Z","true","corrected","box","long orange rectangular face; pale printed marks; straight edges","contents; material; small print","概览仅辅助盒体转面，背面内容不回填。","初始化索引 1700：红框为狭长刚性包装，非遥控器、书、武器或人物；产品印图不等于实体。","GPT-6 Astra Pro"
"gb","vot","353","7584ee20b4d337635d236b4ce7f0e0b138eb56773dbfc69c5236eb8586a2784a","box1_outside_1","00001751","conflicting","box","long orange rectangular face; pale printed marks; straight edges","contents; material; small print","","snowboard","orange; wooden; long; slightly worn","2026-10-05T16:08:52.820Z","true","corrected","box","long orange rectangular face; pale printed marks; straight edges","contents; material; small print","概览仅辅助盒体转面，背面内容不回填。","初始化索引 1750：红框为狭长刚性包装，非遥控器、书、武器或人物；产品印图不等于实体。","GPT-6 Astra Pro"
"gb","vot","354","6871addd0806e07033db786edfb7a1dde485c84ae4d658c283b38083b33d1e03","box1_outside_1","00001801","conflicting","box","long orange rectangular face; pale printed marks; straight edges","contents; material; small print","","box","orange; rectangular; textured","2026-10-05T16:08:54.076Z","true","corrected","box","long orange rectangular face; pale printed marks; straight edges","contents; material; small print","概览仅辅助盒体转面，背面内容不回填。","初始化索引 1800：红框为狭长刚性包装，非遥控器、书、武器或人物；产品印图不等于实体。","GPT-6 Astra Pro"
"gb","vot","355","49f3469a846370f3a848dfed1483c387caad0781b7161b2f37788f60bdc1c049","box1_outside_1","00001851","conflicting","box","long orange rectangular face; pale printed marks; straight edges","contents; material; small print","","book","orange cover; text on cover","2026-10-05T16:08:55.484Z","true","corrected","box","long orange rectangular face; pale printed marks; straight edges","contents; material; small print","概览仅辅助盒体转面，背面内容不回填。","初始化索引 1850：红框为狭长刚性包装，非遥控器、书、武器或人物；产品印图不等于实体。","GPT-6 Astra Pro"
"gb","vot","356","00ff4de3d78582e6520cf781039683cd8c456a1cc6d8314cd0824d07903e0645","box1_outside_1","00001901","conflicting","box","long orange rectangular face; pale printed marks; straight edges","contents; material; small print","","package","orange; rectangular; textured","2026-10-05T16:08:56.588Z","true","corrected","box","long orange rectangular face; pale printed marks; straight edges","contents; material; small print","概览仅辅助盒体转面，背面内容不回填。","初始化索引 1900：红框为狭长刚性包装，非遥控器、书、武器或人物；产品印图不等于实体。","GPT-6 Astra Pro"
"gb","vot","357","c9e0703bba80930a6bbb31736a10d0ce741cc788082c4d101bcf5a0c80f3d045","box1_outside_1","00001951","conflicting","box","long orange rectangular face; pale printed marks; straight edges","contents; material; small print","","box","orange; rectangular; textured","2026-10-05T16:08:57.933Z","true","corrected","box","long orange rectangular face; pale printed marks; straight edges","contents; material; small print","概览仅辅助盒体转面，背面内容不回填。","初始化索引 1950：红框为狭长刚性包装，非遥控器、书、武器或人物；产品印图不等于实体。","GPT-6 Astra Pro"
"gb","vot","358","41884ab6b86206ecc110b9feb50ae06cf65237e1057138a3d2c427bc5e198f90","box1_outside_1","00002001","conflicting","box","long orange rectangular face; pale printed marks; straight edges","contents; material; small print","","thermometer","orange casing; vertical markings","2026-10-05T16:08:59.789Z","true","corrected","box","long orange rectangular face; pale printed marks; straight edges","contents; material; small print","概览仅辅助盒体转面，背面内容不回填。","初始化索引 2000：红框为狭长刚性包装，非遥控器、书、武器或人物；产品印图不等于实体。","GPT-6 Astra Pro"
"gb","vot","359","5a928cd54949f7c6cf840a3cc226dbda70eb24ea66f44e1f5763548f81d34f3b","box1_outside_1","00002051","conflicting","box","small pale-brown rectangular end; dark edges","contents; material; small print","","hand","wearing black jacket; holding phone","2026-10-05T16:09:00.910Z","true","uncertain","box","small pale-brown rectangular end; dark edges","contents; material; small print","概览仅辅助盒体转面，背面内容不回填。","初始化索引 2050：目标端视且被手挡住，仅露小端面，盒类依近邻辅助。","GPT-6 Astra Pro"
"gb","vot","360","c801f40a8f995bdaf05a83c17d9c1371edf11eb7ff4d8031c218466166216e8f","box1_outside_1","00002101","conflicting","box","small pale-brown rectangular end; dark edges","contents; material; small print","","person","dark jacket; blue jeans; black shoes","2026-10-05T16:09:01.972Z","true","uncertain","box","small pale-brown rectangular end; dark edges","contents; material; small print","概览仅辅助盒体转面，背面内容不回填。","初始化索引 2100：目标端视且被手挡住，仅露小端面，盒类依近邻辅助。","GPT-6 Astra Pro"
"gb","vot","361","15b52b44b0c88c6980a108c5284046c2ab6b5a9d86571c6ada69ba8e9fc8ca1a","box1_outside_1","00002151","conflicting","box","elongated rectangular package; dark printed face; orange edge","contents; material; small print","","box","orange; rectangular","2026-10-05T16:09:02.924Z","true","supported","box","elongated rectangular package; dark printed face; orange edge","contents; material; small print","概览仅辅助盒体转面，背面内容不回填。","初始化索引 2150：红框为狭长刚性包装，非遥控器、书、武器或人物；产品印图不等于实体。","GPT-6 Astra Pro"
"gb","vot","362","f4fe3d8afea5f4904b915317ba410b423bdb6edf96a3bc4514707ec8b658d7c8","box1_outside_1","00002201","conflicting","box","elongated rectangular package; dark printed face; orange edge","contents; material; small print","","book","orange cover; text on cover","2026-10-05T16:09:08.404Z","true","corrected","box","elongated rectangular package; dark printed face; orange edge","contents; material; small print","概览仅辅助盒体转面，背面内容不回填。","初始化索引 2200：红框为狭长刚性包装，非遥控器、书、武器或人物；产品印图不等于实体。","GPT-6 Astra Pro"
"gb","vot","363","294f668fdd344fcadc4b0b9efee9d799aa2ddb1e796746ccf9a2a536248083e3","box1_outside_1","00002251","conflicting","box","elongated rectangular package; dark printed face; orange edge","contents; material; small print","","jacket","dark color; long sleeves","2026-10-05T16:09:09.516Z","true","corrected","box","elongated rectangular package; dark printed face; orange edge","contents; material; small print","概览仅辅助盒体转面，背面内容不回填。","初始化索引 2250：红框为狭长刚性包装，非遥控器、书、武器或人物；产品印图不等于实体。","GPT-6 Astra Pro"
"gb","vot","364","990a8ba8f0bd8143db0c0071d9a2cf8ad470c6ebb5d22be820279b4f49f738f7","box1_outside_1","00002351","conflicting","box","elongated rectangular package; dark printed face; orange edge","contents; material; small print","","person","dark jacket; blue jeans; black shoes","2026-10-05T16:09:11.620Z","true","corrected","box","elongated rectangular package; dark printed face; orange edge","contents; material; small print","概览仅辅助盒体转面，背面内容不回填。","初始化索引 2350：红框为狭长刚性包装，非遥控器、书、武器或人物；产品印图不等于实体。","GPT-6 Astra Pro"
"gb","vot","365","38bb92a799c99cd900b67fac2152a9d9f5485e973f4dc48f8d0cbbde8d9c1cdc","box1_outside_1","00002401","conflicting","box","long orange rectangular face; pale printed marks; straight edges","contents; material; small print","","box","orange; rectangular; textured","2026-10-05T16:09:12.780Z","true","corrected","box","long orange rectangular face; pale printed marks; straight edges","contents; material; small print","概览仅辅助盒体转面，背面内容不回填。","初始化索引 2400：红框为狭长刚性包装，非遥控器、书、武器或人物；产品印图不等于实体。","GPT-6 Astra Pro"
"gb","vot","366","141f695f123243fb612aeb5dee412d1ecf4f10f44b34aca1a63b43972e108b3e","box1_outside_1","00002451","conflicting","box","long dark rectangular face; pale printed graphics; straight edges","contents; material; small print","","bottle","transparent; orange cap","2026-10-05T16:09:13.996Z","true","corrected","box","long dark rectangular face; pale printed graphics; straight edges","contents; material; small print","概览仅辅助盒体转面，背面内容不回填。","初始化索引 2450：红框为狭长刚性包装，非遥控器、书、武器或人物；产品印图不等于实体。","GPT-6 Astra Pro"
"gb","vot","367","3f3ccc06e1e4d3a802ecd3fec9775ba899310ec8d87d7c1899ca6875a8153593","box1_outside_1","00002496","conflicting","box","elongated rectangular package; dark printed face; orange edge","contents; material; small print","","target","long and thin; black and orange","2026-10-05T16:09:15.052Z","true","corrected","box","elongated rectangular package; dark printed face; orange edge","contents; material; small print","概览仅辅助盒体转面，背面内容不回填。","初始化索引 2495：红框为狭长刚性包装，非遥控器、书、武器或人物；产品印图不等于实体。","GPT-6 Astra Pro"
"gb","vot","368","7b50ece3a5fc0d0f75f02e872cca747b0f80786b4a0ee659cf0c1e4ea95933d0","box_darkroom_noocc_10_1","00000001","conflicting","box","black rectangular box; green XMG lettering","contents; electronics function; fine print","","computer monitor","black screen; green text; text reads 'xmg'; shape rectangular","2026-10-05T16:09:16.180Z","true","corrected","box","black rectangular box; green XMG lettering","contents; electronics function; fine print","","初始化索引 0：红框为盒体，绿字是印刷，不是屏或键盘灯。","GPT-6 Astra Pro"
"gb","vot","369","640574e286603fa7cd59a7725aba88ab844e033657136e2dcb446ffb8c4b04f1","box_darkroom_noocc_10_1","00000051","conflicting","box","black rectangular box; green XMG lettering","contents; electronics function; fine print","","computer keyboard","black keys; green backlit keys; numeric keypad","2026-10-05T16:09:17.292Z","true","corrected","box","black rectangular box; green XMG lettering","contents; electronics function; fine print","","初始化索引 50：红框为盒体，绿字是印刷，不是屏或键盘灯。","GPT-6 Astra Pro"
"gb","vot","370","b910a48f9c703fdc41ef744a3e0d635d9540169760ecbdd8ec4f55a55fe0e50e","box_darkroom_noocc_10_1","00000101","conflicting","box","dark rectangular box; green printed marks","contents; electronics function; fine print","","electronic device","digital display; black casing","2026-10-05T16:09:21.412Z","true","corrected","box","dark rectangular box; green printed marks","contents; electronics function; fine print","","初始化索引 100：红框为盒体，绿字是印刷，不是屏或键盘灯。","GPT-6 Astra Pro"
"gb","vot","371","c5a711ad941ab0ef8d143fc7c32acaf4563e38b2c2e20d9d485e75da62747e9e","box_darkroom_noocc_10_1","00000151","conflicting","box","black rectangular box; green XMG lettering","contents; electronics function; fine print","","box","black; text; rectangular","2026-10-05T16:09:27.500Z","true","supported","box","black rectangular box; green XMG lettering","contents; electronics function; fine print","","初始化索引 150：红框为盒体，绿字是印刷，不是屏或键盘灯。","GPT-6 Astra Pro"
"gb","vot","372","18a8661794c1905d151a67c84706b95cbbb47c98611e432f6a18d54d869e0a82","box_darkroom_noocc_10_1","00000201","conflicting","box","black rectangular box; green XMG lettering","contents; electronics function; fine print","","computer monitor","black bezel; green text; rectangular shape","2026-10-05T16:09:28.668Z","true","corrected","box","black rectangular box; green XMG lettering","contents; electronics function; fine print","","初始化索引 200：红框为盒体，绿字是印刷，不是屏或键盘灯。","GPT-6 Astra Pro"
"gb","vot","373","098ff57d19dfd496661919bae96b3807a9d02e83b137bb005fb1d9960082a20a","box_darkroom_noocc_10_1","00000251","conflicting","box","black rectangular box; green XMG lettering","contents; electronics function; fine print","","laptop","black body; green logo","2026-10-05T16:09:30.836Z","true","corrected","box","black rectangular box; green XMG lettering","contents; electronics function; fine print","","初始化索引 250：红框为盒体，绿字是印刷，不是屏或键盘灯。","GPT-6 Astra Pro"
"gb","vot","374","63a4b9b37bf929db2b27c2239ed1b60fdcc77a2a3289609f26abaea4151a81e1","box_darkroom_noocc_10_1","00000301","conflicting","box","black rectangular box; green XMG lettering","contents; electronics function; fine print","","computer monitor","black bezel; green text","2026-10-05T16:09:32.164Z","true","corrected","box","black rectangular box; green XMG lettering","contents; electronics function; fine print","","初始化索引 300：红框为盒体，绿字是印刷，不是屏或键盘灯。","GPT-6 Astra Pro"
"gb","vot","375","f806fb4ff154fad08adaef8913df59529328b81fae6f956c233e88eca9c27838","box_darkroom_noocc_10_1","00000351","conflicting","box","black rectangular box; green XMG lettering","contents; electronics function; fine print","","computer monitor","green text; rectangular shape; digital display","2026-10-05T16:09:35.412Z","true","corrected","box","black rectangular box; green XMG lettering","contents; electronics function; fine print","","初始化索引 350：红框为盒体，绿字是印刷，不是屏或键盘灯。","GPT-6 Astra Pro"
"gb","vot","376","f654df3ce721f13f858d46c975bc671e19a03c3a408b45dd659da2c707bd5032","box_darkroom_noocc_10_1","00000401","conflicting","box","thin dark side; small pale marks","contents; electronics function; fine print","","weapon","black handle; green text","2026-10-05T16:09:36.420Z","true","corrected","box","thin dark side; small pale marks","contents; electronics function; fine print","","初始化索引 400：当前仅露盒体窄侧边，未见遥控键、屏幕或武器部件。","GPT-6 Astra Pro"
"gb","vot","377","39a4c0decc6b1d76760b652be7c08ed2f8dda5418613b9eee1df7b1b3d66010b","box_darkroom_noocc_10_1","00000451","conflicting","box","thin dark side; small pale marks","contents; electronics function; fine print","","remote control","black; rectangular; buttons","2026-10-05T16:09:38.500Z","true","corrected","box","thin dark side; small pale marks","contents; electronics function; fine print","","初始化索引 450：当前仅露盒体窄侧边，未见遥控键、屏幕或武器部件。","GPT-6 Astra Pro"
"gb","vot","378","f6e7ef1a19aff6d222c03ebdbd2fb81a9c4ba12af01958c0a2e91f5eed9fcd93","box_darkroom_noocc_10_1","00000501","conflicting","box","thin dark side; small pale marks","contents; electronics function; fine print","","phone","black case; touchscreen","2026-10-05T16:09:43.077Z","true","corrected","box","thin dark side; small pale marks","contents; electronics function; fine print","","初始化索引 500：当前仅露盒体窄侧边，未见遥控键、屏幕或武器部件。","GPT-6 Astra Pro"
"gb","vot","379","1e1726d7efa2dfd45f9448d7142dcc138f17c40e46f61e547506e2651d54e11f","box_darkroom_noocc_10_1","00000551","conflicting","box","thin dark side; small pale marks","contents; electronics function; fine print","","digital scale","black body; red display; text 'xmg'; metallic surface","2026-10-05T16:09:44.748Z","true","corrected","box","thin dark side; small pale marks","contents; electronics function; fine print","","初始化索引 550：当前仅露盒体窄侧边，未见遥控键、屏幕或武器部件。","GPT-6 Astra Pro"
"gb","vot","380","9385818d5545dffe2a54b7d4fad999ff1bf5e0bb1062758d8958b6b6414b0fd3","box_darkroom_noocc_10_1","00000601","conflicting","box","black rectangular box; green XMG lettering","contents; electronics function; fine print","","computer keyboard","black keys; green backlit","2026-10-05T16:09:46.236Z","true","corrected","box","black rectangular box; green XMG lettering","contents; electronics function; fine print","","初始化索引 600：红框为盒体，绿字是印刷，不是屏或键盘灯。","GPT-6 Astra Pro"
"gb","vot","381","263abe31d7ff9db4eaa83e0527edaeba74acf7fcd90c0399a92ef9181bb6d4ae","box_darkroom_noocc_10_1","00000651","conflicting","box","thin dark side; small pale marks","contents; electronics function; fine print","","remote control","black body; green buttons","2026-10-05T16:09:47.316Z","true","corrected","box","thin dark side; small pale marks","contents; electronics function; fine print","","初始化索引 650：当前仅露盒体窄侧边，未见遥控键、屏幕或武器部件。","GPT-6 Astra Pro"
"gb","vot","382","48ea1bc14a3ecbe2b9c3da21b323ad90fd0eba63ac13c29f7ead0c99eabb465a","box_darkroom_noocc_10_1","00000701","conflicting","box","black rectangular box; green XMG lettering","contents; electronics function; fine print","","monitor","black bezel; green text","2026-10-05T16:09:48.356Z","true","corrected","box","black rectangular box; green XMG lettering","contents; electronics function; fine print","","初始化索引 700：红框为盒体，绿字是印刷，不是屏或键盘灯。","GPT-6 Astra Pro"
"gb","vot","383","40dfafddd20b3d06d423face632abd4858561d86c87e94a7029b5acfa277f6b5","box_darkroom_noocc_10_1","00000751","conflicting","box","black rectangular box; green XMG lettering","contents; electronics function; fine print","","computer monitor","green text; rectangular shape","2026-10-05T16:10:17.420Z","true","corrected","box","black rectangular box; green XMG lettering","contents; electronics function; fine print","","初始化索引 750：红框为盒体，绿字是印刷，不是屏或键盘灯。","GPT-6 Astra Pro"
"gb","vot","384","bc394fee138400a4f500539ab30e7f3333b762f6d58955a6a81153ab5eae6afb","box_darkroom_noocc_10_1","00000801","conflicting","box","thin dark side; small pale marks","contents; electronics function; fine print","","computer case","black; text on side","2026-10-05T16:10:18.628Z","true","corrected","box","thin dark side; small pale marks","contents; electronics function; fine print","","初始化索引 800：当前仅露盒体窄侧边，未见遥控键、屏幕或武器部件。","GPT-6 Astra Pro"
"gb","vot","385","4169aba99bfe1b756cbeac5250a9726dc779986c0f24993a72512ecb50abe10e","box_darkroom_noocc_10_1","00000844","conflicting","box","black rectangular box; green XMG lettering","contents; electronics function; fine print","","computer monitor","black screen; green text; rectangular shape","2026-10-05T16:10:19.749Z","true","corrected","box","black rectangular box; green XMG lettering","contents; electronics function; fine print","","初始化索引 843：红框为盒体，绿字是印刷，不是屏或键盘灯。","GPT-6 Astra Pro"
"gb","vot","386","9069af4dfb5288f2670bf4e178804d549550f9dfdf2c7a098ed743649962d230","box_darkroom_noocc_1_1","00000001","conflicting","box","blue and dark package face; printed device image","contents; material; fine print","","package","black and white packaging; text on package","2026-10-05T16:10:20.764Z","true","corrected","box","blue and dark package face; printed device image","contents; material; fine print","","初始化索引 0：红框为立体设备包装，上面设备图不是裸设备。","GPT-6 Astra Pro"
"gb","vot","387","fbc3d712192f09037847716eeb3fc4cd8d5def8b0584bdac6a530c753fba5580","box_darkroom_noocc_1_1","00000051","conflicting","box","blue and dark package face; printed device image","contents; material; fine print","","electronics","black and blue packaging; rectangular shape; text on the packaging","2026-10-05T16:10:21.829Z","true","corrected","box","blue and dark package face; printed device image","contents; material; fine print","","初始化索引 50：红框为立体设备包装，上面设备图不是裸设备。","GPT-6 Astra Pro"
"gb","vot","388","50d73bffd9bddbf640fc89eabd85d602881264163a671d90ace1005a6560e17e","box_darkroom_noocc_1_1","00000101","conflicting","box","pale rectangular rear panel; small dark print; dark side","contents; material; fine print","","box","textured surface; rectangular shape; printed design","2026-10-05T16:10:22.836Z","true","supported","box","pale rectangular rear panel; small dark print; dark side","contents; material; fine print","","初始化索引 100：红框为立体设备包装，上面设备图不是裸设备。","GPT-6 Astra Pro"
"gb","vot","389","d877ade480757638286b851c07a696478750c25af7b5a6ec3dbb7c4f6b65ea28","box_darkroom_noocc_1_1","00000151","conflicting","box","blue and dark package face; printed device image","contents; material; fine print","","remote control","black; rectangular; buttoned","2026-10-05T16:10:23.812Z","true","corrected","box","blue and dark package face; printed device image","contents; material; fine print","","初始化索引 150：红框为立体设备包装，上面设备图不是裸设备。","GPT-6 Astra Pro"
"gb","vot","390","1d53fb815eb99b980a591e22d440b95debf402dad78cc462ca6bc80d62708829","box_darkroom_noocc_1_1","00000201","conflicting","box","dark narrow package side; pale lettering","contents; material; fine print","","box","blue and black; rectangular shape; text on front","2026-10-05T16:10:24.844Z","true","supported","box","dark narrow package side; pale lettering","contents; material; fine print","","初始化索引 200：红框为立体设备包装，上面设备图不是裸设备。","GPT-6 Astra Pro"
"gb","vot","391","0da56e3bb2e7dfe1d4285d454c769225854262f1404854915dfd5a36da430945","box_darkroom_noocc_1_1","00000251","conflicting","box","dark narrow package side; pale lettering","contents; material; fine print","","box","black; text; rectangular","2026-10-05T16:10:25.942Z","true","supported","box","dark narrow package side; pale lettering","contents; material; fine print","","初始化索引 250：红框为立体设备包装，上面设备图不是裸设备。","GPT-6 Astra Pro"
"gb","vot","392","b91c6694fccb0fc97ab4dde87bf052e6b9da4b0a8845c6dd37db21152afa3b3a","box_darkroom_noocc_1_1","00000301","conflicting","box","blue and dark package face; printed device image","contents; material; fine print","","box","black; textured surface; rectangular shape","2026-10-05T16:10:26.884Z","true","corrected","box","blue and dark package face; printed device image","contents; material; fine print","","初始化索引 300：红框为立体设备包装，上面设备图不是裸设备。","GPT-6 Astra Pro"
"gb","vot","393","7354604a54c42ff8f8c5cffb71ff161d95ed44e0e5bd80fe75a107d71d260dd0","box_darkroom_noocc_1_1","00000351","conflicting","box","rectangular package; blue and dark printed panels","contents; material; fine print","","remote control","black; rectangular; smooth surface","2026-10-05T16:10:27.861Z","true","corrected","box","rectangular package; blue and dark printed panels","contents; material; fine print","","初始化索引 350：红框为立体设备包装，上面设备图不是裸设备。","GPT-6 Astra Pro"
"gb","vot","394","6f5209ebc0c639f20d49e6057fa9e72cb3cb397ebfcd8ee6e4e57c4593edd807","box_darkroom_noocc_1_1","00000401","conflicting","box","rectangular package; blue and dark printed panels","contents; material; fine print","","box","black; textured surface","2026-10-05T16:10:32.148Z","true","corrected","box","rectangular package; blue and dark printed panels","contents; material; fine print","","初始化索引 400：红框为立体设备包装，上面设备图不是裸设备。","GPT-6 Astra Pro"
"gb","vot","395","e305ec2ea7884c14a41948360c328590f07bfc56f037312a20f68170314cadb6","box_darkroom_noocc_1_1","00000451","conflicting","box","blue and dark package face; printed device image","contents; material; fine print","","box","blue and black; rectangular","2026-10-05T16:10:34.532Z","true","corrected","box","blue and dark package face; printed device image","contents; material; fine print","","初始化索引 450：红框为立体设备包装，上面设备图不是裸设备。","GPT-6 Astra Pro"
"gb","vot","396","0a3400cd133c1e6938d075c1ba43d4d565544ca9f8911927dd1462f262c1eeb6","box_darkroom_noocc_1_1","00000501","conflicting","box","pale rectangular rear panel; small dark print; dark side","contents; material; fine print","","box","white; printed; rectangular","2026-10-05T16:10:36.044Z","true","corrected","box","pale rectangular rear panel; small dark print; dark side","contents; material; fine print","","初始化索引 500：红框为立体设备包装，上面设备图不是裸设备。","GPT-6 Astra Pro"
"gb","vot","397","56b1d87d31e64eea7da8c08d8835c70803dbbb730e9788a450de0a80135c016e","box_darkroom_noocc_1_1","00000551","conflicting","box","dark narrow package side; pale lettering","contents; material; fine print","","box","black; text; rectangular","2026-10-05T16:10:45.709Z","true","supported","box","dark narrow package side; pale lettering","contents; material; fine print","","初始化索引 550：红框为立体设备包装，上面设备图不是裸设备。","GPT-6 Astra Pro"
"gb","vot","398","a845ba9ba0fb1834671dcd1e119661f84cd279f92399a03e730f014a7add9bd2","box_darkroom_noocc_1_1","00000601","conflicting","box","blue and dark package face; printed device image","contents; material; fine print","","computer keyboard","black keys; blue backlit; wired","2026-10-05T16:10:47.788Z","true","corrected","box","blue and dark package face; printed device image","contents; material; fine print","","初始化索引 600：红框为立体设备包装，上面设备图不是裸设备。","GPT-6 Astra Pro"
"gb","vot","399","139dd648a2cbc35a67b80ce31605d394101b843176eede0d718ad572aeac3d27","box_darkroom_noocc_1_1","00000651","conflicting","box","blue and dark package face; printed device image","contents; material; fine print","","electronics","black and blue; rectangular; printed text","2026-10-05T16:10:48.932Z","true","corrected","box","blue and dark package face; printed device image","contents; material; fine print","","初始化索引 650：红框为立体设备包装，上面设备图不是裸设备。","GPT-6 Astra Pro"
"gb","vot","400","fbf5b3b7403b779f823ad34b8523b6ab78700ebc3c164341a1f1c8945ec92e1d","box_darkroom_noocc_1_1","00000710","conflicting","box","blue and dark package face; printed device image","contents; material; fine print","","computer hardware","black and blue; rectangular shape; laptop keyboard","2026-10-05T16:10:49.980Z","true","corrected","box","blue and dark package face; printed device image","contents; material; fine print","","初始化索引 709：红框为立体设备包装，上面设备图不是裸设备。","GPT-6 Astra Pro"
"gb","vot","401","c775f7f12b2b85e49b674c56651843c9f240dd7c52b8f5e87bf31360dd5f0c9b","box_darkroom_noocc_1_1","00000760","conflicting","box","pale rectangular rear panel; small dark print; dark side","contents; material; fine print","","calculator","gray body; numeric keypad","2026-10-05T16:10:51.260Z","true","corrected","box","pale rectangular rear panel; small dark print; dark side","contents; material; fine print","","初始化索引 759：红框为立体设备包装，上面设备图不是裸设备。","GPT-6 Astra Pro"
"gb","vot","402","272d76aaeb3161b1417f250b36ef8cd920b445173c685f66eaaa17f087c614ef","box_darkroom_noocc_1_1","00000807","conflicting","box","blue and dark package face; printed device image","contents; material; fine print","","remote control","black; rectangular; smooth surface","2026-10-05T16:10:52.948Z","true","corrected","box","blue and dark package face; printed device image","contents; material; fine print","","初始化索引 806：红框为立体设备包装，上面设备图不是裸设备。","GPT-6 Astra Pro"
"gb","vot","403","b371d6fd9d82ded08001ff558ff2c9a49e76d56c1885866a6b5ce131926b5613","box_darkroom_noocc_1_1","00000851","conflicting","box","pale rectangular rear panel; small dark print; dark side","contents; material; fine print","","book","textured cover; black and white pages","2026-10-05T16:10:54.020Z","true","corrected","box","pale rectangular rear panel; small dark print; dark side","contents; material; fine print","","初始化索引 850：红框为立体设备包装，上面设备图不是裸设备。","GPT-6 Astra Pro"
"gb","vot","404","7d54f591bcfb7a035c30330840d98e7b34ab39d5667bbc764c80ed9d515d493a","box_darkroom_noocc_1_1","00000901","conflicting","box","blue and dark package face; printed device image","contents; material; fine print","","box","black; rectangular","2026-10-05T16:10:55.044Z","true","supported","box","blue and dark package face; printed device image","contents; material; fine print","","初始化索引 900：红框为立体设备包装，上面设备图不是裸设备。","GPT-6 Astra Pro"
"gb","vot","405","5b1364f76868f89f3b7fe5fce209123b350e60eb624845bc841582a743061822","box_darkroom_noocc_1_1","00000951","conflicting","box","blue and dark package face; printed device image","contents; material; fine print","","computer keyboard","black keys; white spacebar","2026-10-05T16:10:59.668Z","true","corrected","box","blue and dark package face; printed device image","contents; material; fine print","","初始化索引 950：红框为立体设备包装，上面设备图不是裸设备。","GPT-6 Astra Pro"
"gb","vot","406","1572252d296db7ca3474bba72f4dc0ce37ea2a9a7cd7f9e7e8ff0f1a16df170f","box_darkroom_noocc_1_1","00001001","conflicting","box","blue and dark package face; printed device image","contents; material; fine print","","electronics","black; rectangular; boxed","2026-10-05T16:11:00.758Z","true","corrected","box","blue and dark package face; printed device image","contents; material; fine print","","初始化索引 1000：红框为立体设备包装，上面设备图不是裸设备。","GPT-6 Astra Pro"
"gb","vot","407","4307663dc46506db1943936532c13950b21fbda2e6745e56e80139536f30cd4c","box_darkroom_noocc_1_1","00001051","conflicting","box","pale rectangular rear panel; small dark print; dark side","contents; material; fine print","","shirt","blue; textured fabric","2026-10-05T16:11:06.860Z","true","corrected","box","pale rectangular rear panel; small dark print; dark side","contents; material; fine print","","初始化索引 1050：红框为立体设备包装，上面设备图不是裸设备。","GPT-6 Astra Pro"
"gb","vot","408","9936f22903f0045245f548d5e06cbc966665fed097ee4d96fdcd9dd9a7ad4ab1","box_darkroom_noocc_1_1","00001094","conflicting","box","blue and dark package face; printed device image","contents; material; fine print","","glove","blue; textured","2026-10-05T16:11:08.340Z","true","corrected","box","blue and dark package face; printed device image","contents; material; fine print","","初始化索引 1093：红框为被放到椅边的蓝色包装，当前有运动模糊，非手套。","GPT-6 Astra Pro"
"gb","vot","409","d7f8022dddaea8bf132f4ceadefa75c8af25c0acbffdd685bad5ff84b9b1657b","box_darkroom_noocc_2_1","00000001","conflicting","box","long dark printed face; narrow orange edge","contents; wood material; text","","weapon","long barrel; black finish; blue accents","2026-10-05T16:11:23.780Z","true","corrected","box","long dark printed face; narrow orange edge","contents; wood material; text","","初始化索引 0：红框为长形包装而非剑、吉他、棒球棒或衣服。","GPT-6 Astra Pro"
"gb","vot","410","b00c65d9508ebbda489418a2691278608891724c7314c027742b79ba52f4fca1","box_darkroom_noocc_2_1","00000051","conflicting","box","long dark printed face; narrow orange edge","contents; wood material; text","","package","black and white; text on package","2026-10-05T16:11:25.564Z","true","supported","box","long dark printed face; narrow orange edge","contents; wood material; text","","初始化索引 50：红框为长形包装而非剑、吉他、棒球棒或衣服。","GPT-6 Astra Pro"
"gb","vot","411","92a43372ce8cb4b92999382f73d6f6c57e85dd51d534242958cca9f3d6dee333","box_darkroom_noocc_2_1","00000101","conflicting","box","long orange panel; pale small printing","contents; wood material; text","","package","orange and white; rectangular shape; text on package","2026-10-05T16:11:26.836Z","true","supported","box","long orange panel; pale small printing","contents; wood material; text","","初始化索引 100：红框为长形包装而非剑、吉他、棒球棒或衣服。","GPT-6 Astra Pro"
"gb","vot","412","44e52ac2dd00890a871d71a8b395cfe94f84ce5e5d0566e9294ce59b60d1c43d","box_darkroom_noocc_2_1","00000151","conflicting","box","long dark printed face; narrow orange edge","contents; wood material; text","","box","black; text; rectangular","2026-10-05T16:11:27.924Z","true","supported","box","long dark printed face; narrow orange edge","contents; wood material; text","","初始化索引 150：红框为长形包装而非剑、吉他、棒球棒或衣服。","GPT-6 Astra Pro"
"gb","vot","413","48ff1084c3e9423a2b1e7eb7bfad9342827daf34557058db9095cd89f7b8bfb0","box_darkroom_noocc_2_1","00000201","conflicting","box","long dark printed face; narrow orange edge","contents; wood material; text","","package","black and white packaging; text on package","2026-10-05T16:11:31.052Z","true","corrected","box","long dark printed face; narrow orange edge","contents; wood material; text","","初始化索引 200：红框为长形包装而非剑、吉他、棒球棒或衣服。","GPT-6 Astra Pro"
"gb","vot","414","101a1e6e67768e20b0f723ffc7057c3396adf7998f3446e7f8a93fa5813fa3df","box_darkroom_noocc_2_1","00000251","conflicting","box","long dark printed face; narrow orange edge","contents; wood material; text","","shirt","dark blue; short-sleeved","2026-10-05T16:11:32.284Z","true","corrected","box","long dark printed face; narrow orange edge","contents; wood material; text","","初始化索引 250：红框为长形包装而非剑、吉他、棒球棒或衣服。","GPT-6 Astra Pro"
"gb","vot","415","3c07def695a75bfbe1ad76843d916c1fcff342d15839c0260bb0521dd26037ee","box_darkroom_noocc_2_1","00000301","conflicting","box","long dark printed face; narrow orange edge","contents; wood material; text","","guitar","black body; orange and white stripes; wooden texture","2026-10-05T16:11:33.557Z","true","corrected","box","long dark printed face; narrow orange edge","contents; wood material; text","","初始化索引 300：红框为长形包装而非剑、吉他、棒球棒或衣服。","GPT-6 Astra Pro"
"gb","vot","416","96e997cd9daf4abef1a3ddc6e612873fc7b5652d01a250ebc56517b3d0417ede","box_darkroom_noocc_2_1","00000351","conflicting","box","long orange panel; pale small printing","contents; wood material; text","","guitar","electric; black and orange; curved neck","2026-10-05T16:11:34.876Z","true","corrected","box","long orange panel; pale small printing","contents; wood material; text","","初始化索引 350：红框为长形包装而非剑、吉他、棒球棒或衣服。","GPT-6 Astra Pro"
"gb","vot","417","562b27b6ccdabf75847995bde98881b85ae9113bbbe18976adfcf1dfe669b67f","box_darkroom_noocc_2_1","00000401","conflicting","box","long dark printed face; narrow orange edge","contents; wood material; text","","computer keyboard","black keys; white spacebar; orange label","2026-10-05T16:11:39.685Z","true","corrected","box","long dark printed face; narrow orange edge","contents; wood material; text","","初始化索引 400：红框为长形包装而非剑、吉他、棒球棒或衣服。","GPT-6 Astra Pro"
"gb","vot","418","78127524cde59f97dfed98892f5f2004c807fd8051697ab24ff5f68412bb8ead","box_darkroom_noocc_2_1","00000451","conflicting","box","long orange panel; pale small printing","contents; wood material; text","","box","orange and white; rectangular shape; text on front","2026-10-05T16:11:42.436Z","true","supported","box","long orange panel; pale small printing","contents; wood material; text","","初始化索引 450：红框为长形包装而非剑、吉他、棒球棒或衣服。","GPT-6 Astra Pro"
"gb","vot","419","6a4f904ad0eb49435572330956b0d3206852f9ac6f3cec614c07e6969b65b96e","box_darkroom_noocc_2_1","00000501","conflicting","box","long orange panel; pale small printing","contents; wood material; text","","box","orange; textured","2026-10-05T16:11:45.172Z","true","corrected","box","long orange panel; pale small printing","contents; wood material; text","","初始化索引 500：红框为长形包装而非剑、吉他、棒球棒或衣服。","GPT-6 Astra Pro"
"gb","vot","420","d0676be3849aa475ecabb7665a3f5ff52a6f197e43d64266100b397a78fd9b92","box_darkroom_noocc_2_1","00000551","conflicting","box","long dark printed face; narrow orange edge","contents; wood material; text","","package","black background; blue text; arrow design","2026-10-05T16:11:47.628Z","true","supported","box","long dark printed face; narrow orange edge","contents; wood material; text","","初始化索引 550：红框为长形包装而非剑、吉他、棒球棒或衣服。","GPT-6 Astra Pro"
"gb","vot","421","7fe87471675ed1a486efd885526d75d278d1699e582c9325982643ef41ad70d9","box_darkroom_noocc_2_1","00000601","conflicting","box","long dark printed face; narrow orange edge","contents; wood material; text","","box","black; textured; open","2026-10-05T16:11:53.005Z","true","corrected","box","long dark printed face; narrow orange edge","contents; wood material; text","","初始化索引 600：当前横向长包装，未充分显示已开盖，不将open作为稳定属性。","GPT-6 Astra Pro"
"gb","vot","422","7a80a3d860b614b313fd775c57ca6282b2b722ebeae031b7cbbed7f684031eee","box_darkroom_noocc_2_1","00000651","conflicting","box","long dark printed face; narrow orange edge","contents; wood material; text","","computer keyboard","black keys; wooden frame","2026-10-05T16:12:00.037Z","true","corrected","box","long dark printed face; narrow orange edge","contents; wood material; text","","初始化索引 650：红框为长形包装而非剑、吉他、棒球棒或衣服。","GPT-6 Astra Pro"
"gb","vot","423","843f039b782c4451e821f63cb0db113874d52efc9e41ffccd2a50ec5bfc63044","box_darkroom_noocc_2_1","00000701","conflicting","box","long dark printed face; narrow orange edge","contents; wood material; text","","box","orange and black; rectangular","2026-10-05T16:12:02.988Z","true","supported","box","long dark printed face; narrow orange edge","contents; wood material; text","","初始化索引 700：红框为长形包装而非剑、吉他、棒球棒或衣服。","GPT-6 Astra Pro"
"gb","vot","424","e0a67695e1991012e7859fe1ff990bcfb8b146f8287a67d38ee23583f0ceb06f","box_darkroom_noocc_2_1","00000751","conflicting","box","long dark printed face; narrow orange edge","contents; wood material; text","","box","printed design; text on box","2026-10-05T16:12:06.101Z","true","supported","box","long dark printed face; narrow orange edge","contents; wood material; text","","初始化索引 750：红框为长形包装而非剑、吉他、棒球棒或衣服。","GPT-6 Astra Pro"
"gb","vot","425","a227606784d224cebec3b4defa62727109aad8c95f6b448d07d9f7b4646d94ea","box_darkroom_noocc_2_1","00000791","conflicting","box","long dark printed face; narrow orange edge","contents; wood material; text","","baseball bat","wooden; black; curved; textured","2026-10-05T16:12:09.380Z","true","corrected","box","long dark printed face; narrow orange edge","contents; wood material; text","","初始化索引 790：红框为长形包装而非剑、吉他、棒球棒或衣服。","GPT-6 Astra Pro"
"gb","vot","426","b942a9e3ab2649c67fd0a6e548a6f5829f4e8f9042001577a22a5fef9b2c525e","box_darkroom_noocc_3_1","00000001","conflicting","box","black rectangular box; green XMG lettering","contents; electronic display; material","","computer monitor","black screen; green text; rectangular shape","2026-10-05T16:12:11.404Z","true","corrected","box","black rectangular box; green XMG lettering","contents; electronic display; material","","初始化索引 0：红框为整盒而非logo，未见实际屏、钟面或按键。","GPT-6 Astra Pro"
"gb","vot","427","e68fb109a13cc1784968b7c0671aa4371a693c6240d1e8c8c2c0665848761fe5","box_darkroom_noocc_3_1","00000057","conflicting","box","black rectangular box; green XMG lettering","contents; electronic display; material","","package","black; text; rectangular","2026-10-05T16:12:13.780Z","true","supported","box","black rectangular box; green XMG lettering","contents; electronic display; material","","初始化索引 56：红框为整盒而非logo，未见实际屏、钟面或按键。","GPT-6 Astra Pro"
"gb","vot","428","cb16b15eb3668b1531408aea531933015014ee111f4a654fbe3fa4c10d279399","box_darkroom_noocc_3_1","00000101","conflicting","box","black rectangular box; green XMG lettering","contents; electronic display; material","","laptop","black; text on screen","2026-10-05T16:12:16.948Z","true","corrected","box","black rectangular box; green XMG lettering","contents; electronic display; material","","初始化索引 100：红框为整盒而非logo，未见实际屏、钟面或按键。","GPT-6 Astra Pro"
"gb","vot","429","a28c52a7370ca306b07ee8084b605c0519eec45cedbdb66c73bd3fb19db53ab1","box_darkroom_noocc_3_1","00000151","conflicting","box","black rectangular box; green XMG lettering","contents; electronic display; material","","computer monitor","black screen; green text; rectangular shape","2026-10-05T16:12:21.260Z","true","corrected","box","black rectangular box; green XMG lettering","contents; electronic display; material","","初始化索引 150：红框为整盒而非logo，未见实际屏、钟面或按键。","GPT-6 Astra Pro"
"gb","vot","430","71a0ebbde17ec2aa0af6dbb8e4b84bc03ac487598bba96f08c7a1aadceb3cced","box_darkroom_noocc_3_1","00000201","conflicting","box","thin dark package side; pale and green marks","contents; electronic display; material","","alarm clock","digital display; green and white numbers; black casing","2026-10-05T16:12:47.156Z","true","corrected","box","thin dark package side; pale and green marks","contents; electronic display; material","","初始化索引 200：红框为整盒而非logo，未见实际屏、钟面或按键。","GPT-6 Astra Pro"
"gb","vot","431","ee4d28bafa0f167c4f187134d011dea50b462d2ee52b3310e2d09ff7123bd76e","box_darkroom_noocc_3_1","00000251","conflicting","box","black rectangular box; green XMG lettering","contents; electronic display; material","","computer monitor","black screen; green text; rectangular shape","2026-10-05T16:12:49.334Z","true","corrected","box","black rectangular box; green XMG lettering","contents; electronic display; material","","初始化索引 250：红框为整盒而非logo，未见实际屏、钟面或按键。","GPT-6 Astra Pro"
"gb","vot","432","fd07a5b08f54a154e1e3f383bf5210ee4cdfcd5d633c1a3af97ed48cd322e7cd","box_darkroom_noocc_3_1","00000301","conflicting","box","black rectangular box; green XMG lettering","contents; electronic display; material","","box","green and black; text on front; handle","2026-10-05T16:12:52.172Z","true","supported","box","black rectangular box; green XMG lettering","contents; electronic display; material","","初始化索引 300：红框为整盒而非logo，未见实际屏、钟面或按键。","GPT-6 Astra Pro"
"gb","vot","433","3e4e72c57ffabfc8cfda3280681be59c4889ce21e534cb5c8132d017880a1938","box_darkroom_noocc_3_1","00000351","conflicting","box","black rectangular box; green XMG lettering","contents; electronic display; material","","logo","green text; bold font","2026-10-05T16:12:54.252Z","true","corrected","box","black rectangular box; green XMG lettering","contents; electronic display; material","","初始化索引 350：红框为整盒而非logo，未见实际屏、钟面或按键。","GPT-6 Astra Pro"
"gb","vot","434","6abda38ba9f5e4325657ec6ca5a8f28770f11e22b9e6392cfd1ef6702d89f611","box_darkroom_noocc_3_1","00000401","conflicting","box","black rectangular box; green XMG lettering","contents; electronic display; material","","box","black; green label","2026-10-05T16:12:56.540Z","true","supported","box","black rectangular box; green XMG lettering","contents; electronic display; material","","初始化索引 400：红框为整盒而非logo，未见实际屏、钟面或按键。","GPT-6 Astra Pro"
"gb","vot","435","c995962adb75401d1c9e488642ec0869b55a7a552ed598f1b049e303d01b8ce0","box_darkroom_noocc_3_1","00000451","conflicting","box","black rectangular box; green XMG lettering","contents; electronic display; material","","laptop","black; text on screen; curved edges","2026-10-05T16:12:58.876Z","true","corrected","box","black rectangular box; green XMG lettering","contents; electronic display; material","","初始化索引 450：红框为整盒而非logo，未见实际屏、钟面或按键。","GPT-6 Astra Pro"
"gb","vot","436","6c8865076103bb5e15c11b0529d3d39b35132a3324b05fc30a356da76ede692b","box_darkroom_noocc_3_1","00000501","conflicting","box","black rectangular box; green XMG lettering","contents; electronic display; material","","box","black; textured surface; rectangular shape","2026-10-05T16:13:04.661Z","true","corrected","box","black rectangular box; green XMG lettering","contents; electronic display; material","","初始化索引 500：红框为整盒而非logo，未见实际屏、钟面或按键。","GPT-6 Astra Pro"
"gb","vot","437","df7b6750e35b94c8463ab7db30b80a2e08b6f3effabbfabd3103fdb84131d66a","box_darkroom_noocc_3_1","00000551","conflicting","box","thin dark package side; pale and green marks","contents; electronic display; material","","digital clock","black casing; green and yellow display; time reading '12:00'","2026-10-05T16:13:08.204Z","true","corrected","box","thin dark package side; pale and green marks","contents; electronic display; material","","初始化索引 550：红框为整盒而非logo，未见实际屏、钟面或按键。","GPT-6 Astra Pro"
"gb","vot","438","3584e117e24c495483c76fa5969ecc351abaeb0d33165833a66e1b001fd3df10","box_darkroom_noocc_3_1","00000601","conflicting","box","black rectangular box; green XMG lettering","contents; electronic display; material","","computer case","black and green text; rectangular shape","2026-10-05T16:13:11.996Z","true","corrected","box","black rectangular box; green XMG lettering","contents; electronic display; material","","初始化索引 600：红框为整盒而非logo，未见实际屏、钟面或按键。","GPT-6 Astra Pro"
"gb","vot","439","479e8a5d480078097da6629eef30dda6764539d6a545972a6b73897d9335b384","box_darkroom_noocc_3_1","00000651","conflicting","box","black rectangular box; green XMG lettering","contents; electronic display; material","","computer case","black; laptop-shaped; text on front","2026-10-05T16:13:17.036Z","true","corrected","box","black rectangular box; green XMG lettering","contents; electronic display; material","","初始化索引 650：红框为整盒而非logo，未见实际屏、钟面或按键。","GPT-6 Astra Pro"
"gb","vot","440","0b201d02d222bc1bd8592e95b18153e2574247da63369fd595dc902e0e65f6a9","box_darkroom_noocc_3_1","00000701","conflicting","box","black rectangular box; green XMG lettering","contents; electronic display; material","","electronics","black casing; green text; rectangular shape","2026-10-05T16:13:19.036Z","true","corrected","box","black rectangular box; green XMG lettering","contents; electronic display; material","","初始化索引 700：红框为整盒而非logo，未见实际屏、钟面或按键。","GPT-6 Astra Pro"
"gb","vot","441","1a351f4fd788d3701754ac9c757d252c315514f1085d79a1063f7092f3f92be6","box_darkroom_noocc_3_1","00000751","conflicting","box","thin dark package side; pale and green marks","contents; electronic display; material","","remote control","green buttons; black body","2026-10-05T16:13:20.252Z","true","corrected","box","thin dark package side; pale and green marks","contents; electronic display; material","","初始化索引 750：红框为整盒而非logo，未见实际屏、钟面或按键。","GPT-6 Astra Pro"
"gb","vot","442","0834adfce6546663bc00e93b7b01c2bc93cb0db0940d93694a1d94fb165884f8","box_darkroom_noocc_3_1","00000801","conflicting","box","black rectangular box; green XMG lettering","contents; electronic display; material","","computer case","black; textured surface; green logo","2026-10-05T16:13:21.428Z","true","corrected","box","black rectangular box; green XMG lettering","contents; electronic display; material","","初始化索引 800：红框为整盒而非logo，未见实际屏、钟面或按键。","GPT-6 Astra Pro"
"gb","vot","443","c3cc3e780cfb8981dd489d4152000f3691fbb6b6d1342d45c92bd4f4810bbfbd","box_darkroom_noocc_3_1","00000851","conflicting","box","black rectangular box; green XMG lettering","contents; electronic display; material","","box","black; green text; rectangular","2026-10-05T16:13:22.677Z","true","supported","box","black rectangular box; green XMG lettering","contents; electronic display; material","","初始化索引 850：红框为整盒而非logo，未见实际屏、钟面或按键。","GPT-6 Astra Pro"
"gb","vot","444","d2356f8a76bfd7bbe43e6ac03600b1aecb4d57fe5dd62d266d525a081888d7f2","box_darkroom_noocc_3_1","00000901","conflicting","box","black rectangular box; green XMG lettering","contents; electronic display; material","","box","black; textured surface; rectangular shape","2026-10-05T16:13:24.844Z","true","corrected","box","black rectangular box; green XMG lettering","contents; electronic display; material","","初始化索引 900：红框为整盒而非logo，未见实际屏、钟面或按键。","GPT-6 Astra Pro"
"gb","vot","445","0057621d8651fcbbec483aecca131313e457a0e86d165dbd31d135836162938a","box_darkroom_noocc_3_1","00000951","conflicting","box","black rectangular box; green XMG lettering","contents; electronic display; material","","laptop","black body; green logo","2026-10-05T16:13:25.972Z","true","corrected","box","black rectangular box; green XMG lettering","contents; electronic display; material","","初始化索引 950：红框为整盒而非logo，未见实际屏、钟面或按键。","GPT-6 Astra Pro"
"gb","vot","446","2e536601150c10c24f08e89c69fbc9e268b1b02f7ec3e6a303e5805b9eca38d9","box_darkroom_noocc_3_1","00001001","conflicting","box","black rectangular box; green XMG lettering","contents; electronic display; material","","computer case","black and green; text on front; open lid","2026-10-05T16:13:59.165Z","true","corrected","box","black rectangular box; green XMG lettering","contents; electronic display; material","","初始化索引 1000：红框为整盒而非logo，未见实际屏、钟面或按键。","GPT-6 Astra Pro"
"gb","vot","447","68af5ad719596fd38556c254c2ca4e9853851751409276774a168fd9b0dbd548","box_darkroom_noocc_3_1","00001051","conflicting","box","black rectangular box; green XMG lettering","contents; electronic display; material","","box","black; green text; rectangular","2026-10-05T16:14:01.604Z","true","supported","box","black rectangular box; green XMG lettering","contents; electronic display; material","","初始化索引 1050：红框为整盒而非logo，未见实际屏、钟面或按键。","GPT-6 Astra Pro"
"gb","vot","448","4af8872d578ef0406682fe96d4e3ea3d3c00684ef5204a4a8e3bb9d75aba2146","box_darkroom_noocc_3_1","00001101","conflicting","box","thin dark package side; pale and green marks","contents; electronic display; material","","electronic device","black casing; green display; rectangular shape","2026-10-05T16:14:04.108Z","true","corrected","box","thin dark package side; pale and green marks","contents; electronic display; material","","初始化索引 1100：红框为整盒而非logo，未见实际屏、钟面或按键。","GPT-6 Astra Pro"
"gb","vot","449","d3952cfdf07872df51327550846fc45bd3515cc42852b39e74626e0d5ea173fe","box_darkroom_noocc_3_1","00001151","conflicting","box","black rectangular box; green XMG lettering","contents; electronic display; material","","box","black; text; shape; color","2026-10-05T16:14:06.381Z","true","supported","box","black rectangular box; green XMG lettering","contents; electronic display; material","","初始化索引 1150：红框为整盒而非logo，未见实际屏、钟面或按键。","GPT-6 Astra Pro"
"gb","vot","450","60d647911883d26861f3e095ec374c99a5cc305605a3f740ab9d96f17f724961","box_darkroom_noocc_3_1","00001201","conflicting","box","black rectangular box; green XMG lettering","contents; electronic display; material","","computer monitor","black bezel; green text; rectangular shape","2026-10-05T16:14:08.628Z","true","corrected","box","black rectangular box; green XMG lettering","contents; electronic display; material","","初始化索引 1200：红框为整盒而非logo，未见实际屏、钟面或按键。","GPT-6 Astra Pro"
"gb","vot","451","339de63946676fcf7cd855ad665b48a2175595e262b624409d862f2d3e8f5b07","box_darkroom_noocc_3_1","00001251","conflicting","box","black rectangular box; green XMG lettering","contents; electronic display; material","","computer monitor","black bezel; text 'xmg'; digital display","2026-10-05T16:14:20.310Z","true","corrected","box","black rectangular box; green XMG lettering","contents; electronic display; material","","初始化索引 1250：红框为整盒而非logo，未见实际屏、钟面或按键。","GPT-6 Astra Pro"
"gb","vot","452","c8f0c263db0f8660c8e864b3a6fb613e99dbab096055a4e2d24e6148ec24fc89","box_darkroom_noocc_3_1","00001301","conflicting","box","black rectangular box; green XMG lettering","contents; electronic display; material","","box","black; text; rectangular","2026-10-05T16:14:23.708Z","true","supported","box","black rectangular box; green XMG lettering","contents; electronic display; material","","初始化索引 1300：红框为整盒而非logo，未见实际屏、钟面或按键。","GPT-6 Astra Pro"
"gb","vot","453","b314878830eedf6eebb0c2f205e14c0559350d8be4ad1a97a95db9e6e419c8fc","box_darkroom_noocc_3_1","00001351","conflicting","box","thin dark package side; pale and green marks","contents; electronic display; material","","box","black; text; rectangular","2026-10-05T16:14:30.548Z","true","supported","box","thin dark package side; pale and green marks","contents; electronic display; material","","初始化索引 1350：红框为整盒而非logo，未见实际屏、钟面或按键。","GPT-6 Astra Pro"
"gb","vot","454","4ccd8bc5395f40444bc8d392ba8ec41140a0a6d15d581d26dad8f3ccfaaecf16","box_darkroom_noocc_3_1","00001401","conflicting","box","black rectangular box; green XMG lettering","contents; electronic display; material","","computer case","black; text on front; open","2026-10-05T16:14:51.884Z","true","corrected","box","black rectangular box; green XMG lettering","contents; electronic display; material","","初始化索引 1400：红框为整盒而非logo，未见实际屏、钟面或按键。","GPT-6 Astra Pro"
"gb","vot","455","90b8841d2d28cd0475552e672fad966483b7d1e61b813d498c4e5677df340fda","box_darkroom_noocc_3_1","00001451","conflicting","box","black rectangular box; green XMG lettering","contents; electronic display; material","","box","green and black; text on front; rectangular shape","2026-10-05T16:14:55.101Z","true","supported","box","black rectangular box; green XMG lettering","contents; electronic display; material","","初始化索引 1450：红框为整盒而非logo，未见实际屏、钟面或按键。","GPT-6 Astra Pro"
"gb","vot","456","418f71838b81e6765a83f74256cc8ab7ad3fca40d29334f2235b74f7f0730271","box_darkroom_noocc_3_1","00001501","conflicting","box","black rectangular box; green XMG lettering","contents; electronic display; material","","box","black; green text; rectangular","2026-10-05T16:14:58.069Z","true","supported","box","black rectangular box; green XMG lettering","contents; electronic display; material","","初始化索引 1500：红框为整盒而非logo，未见实际屏、钟面或按键。","GPT-6 Astra Pro"
"gb","vot","457","deff8d579f3cbb83245381d11ab0ac9c840927e0c81118c85ae23fdbd3c4ca73","box_darkroom_noocc_3_1","00001551","conflicting","box","black rectangular box; green XMG lettering","contents; electronic display; material","","box","green and black; text on front; rectangular shape","2026-10-05T16:15:00.892Z","true","supported","box","black rectangular box; green XMG lettering","contents; electronic display; material","","初始化索引 1550：红框为整盒而非logo，未见实际屏、钟面或按键。","GPT-6 Astra Pro"
"gb","vot","458","412e507e7329075cbcb0ad33031d574f6c310bf5eb8862af68affe5487aa236b","box_darkroom_noocc_3_1","00001601","conflicting","box","black rectangular box; green XMG lettering","contents; electronic display; material","","laptop","black; brand-name; text; closed","2026-10-05T16:15:03.700Z","true","corrected","box","black rectangular box; green XMG lettering","contents; electronic display; material","","初始化索引 1600：红框为整盒而非logo，未见实际屏、钟面或按键。","GPT-6 Astra Pro"
"gb","vot","459","367e7775e3743f5a4ee5da8685be8f8c638e0cc8f45a8e0bb150ae2c1262a2ff","box_darkroom_noocc_3_1","00001651","conflicting","box","black rectangular box; green XMG lettering","contents; electronic display; material","","computer monitor","black bezel; green text; curved screen","2026-10-05T16:15:06.821Z","true","corrected","box","black rectangular box; green XMG lettering","contents; electronic display; material","","初始化索引 1650：红框为整盒而非logo，未见实际屏、钟面或按键。","GPT-6 Astra Pro"
"gb","vot","460","df55f360edee8aa392b80a5038cdc36b32b4e06cc53814fd1bbfb978cd800b32","box_darkroom_noocc_3_1","00001701","conflicting","box","black rectangular box; green XMG lettering","contents; electronic display; material","","computer monitor","black screen; XMG logo","2026-10-05T16:15:09.372Z","true","corrected","box","black rectangular box; green XMG lettering","contents; electronic display; material","","初始化索引 1700：红框为整盒而非logo，未见实际屏、钟面或按键。","GPT-6 Astra Pro"
"gb","vot","461","70096cb5ad59c1e782b982b4afde811d2c85cfb557509bce0e6baf115e5dfaa6","box_darkroom_noocc_3_1","00001741","conflicting","box","thin dark package side; pale and green marks","contents; electronic display; material","","keyboard","black keys; numeric keypad","2026-10-05T16:15:12.663Z","true","corrected","box","thin dark package side; pale and green marks","contents; electronic display; material","","初始化索引 1740：红框为整盒而非logo，未见实际屏、钟面或按键。","GPT-6 Astra Pro"
"gb","vot","462","bb2e35b36712a1f724a363b6d8868d8b484d023d30f7c4487e1b1a8231bee154","box_darkroom_noocc_3_1","00001801","conflicting","box","black rectangular box; green XMG lettering","contents; electronic display; material","","electronic device","black casing; green text; rectangular shape","2026-10-05T16:15:16.749Z","true","corrected","box","black rectangular box; green XMG lettering","contents; electronic display; material","","初始化索引 1800：红框为整盒而非logo，未见实际屏、钟面或按键。","GPT-6 Astra Pro"
"gb","vot","463","4373611487c692c27bf8df15206986e76f8bc21afebbc6672a6b282e8a32e6dc","box_darkroom_noocc_4_1","00000001","conflicting","box","pale rectangular printed face; small mark","contents; wording; material","","card","red border; text on card","2026-10-05T16:15:20.029Z","true","uncertain","box","pale rectangular printed face; small mark","contents; wording; material","近邻转面辅助厚度确认，后帧文字不回填。","初始化索引 0：本帧偏正视，浅色矩形面的厚度不充分；浅盒判断由近邻转面辅助，不能硬判名片或手机。","GPT-6 Astra Pro"
"gb","vot","464","c38a3b14fcea8229423f60acea6c6510e38cbce78f8225b1e51ae944bb842758","box_darkroom_noocc_4_1","00000051","conflicting","box","orange-red side; pale panel; small print","contents; wording; material","","box","red label; text on label","2026-10-05T16:15:22.420Z","true","supported","box","orange-red side; pale panel; small print","contents; wording; material","近邻转面辅助厚度确认，后帧文字不回填。","初始化索引 50：红框为白橙浅包装，有盒沿/侧面，不是证书或触屏手机。","GPT-6 Astra Pro"
"gb","vot","465","51f14d56fba838a4e25dfe2642a2e2d0a4d7ee82b948efeb9e7b82c1f0e87e0d","box_darkroom_noocc_4_1","00000101","conflicting","box","pale rectangular face; orange-red side; small printed emblem","contents; wording; material","","certificate","red border; white background; text on card","2026-10-05T16:15:24.821Z","true","corrected","box","pale rectangular face; orange-red side; small printed emblem","contents; wording; material","近邻转面辅助厚度确认，后帧文字不回填。","初始化索引 100：红框为白橙浅包装，有盒沿/侧面，不是证书或触屏手机。","GPT-6 Astra Pro"
"gb","vot","466","13b926fb115c24a50d964b4f7d168471e20dd409252fc8febb85ebbd02d2628b","box_darkroom_noocc_4_1","00000151","conflicting","box","pale rectangular printed face; small mark","contents; wording; material","","phone","black case; touchscreen","2026-10-05T16:15:49.109Z","true","uncertain","box","pale rectangular printed face; small mark","contents; wording; material","近邻转面辅助厚度确认，后帧文字不回填。","初始化索引 150：本帧偏正视，浅色矩形面的厚度不充分；浅盒判断由近邻转面辅助，不能硬判名片或手机。","GPT-6 Astra Pro"
"gb","vot","467","61792bf780999d6458d5f82f533425f7b509fc11b5e69a888fbb774cff222a61","box_darkroom_noocc_4_1","00000201","conflicting","box","pale rectangular face; orange-red side; small printed emblem","contents; wording; material","","box","white surface; red label","2026-10-05T16:15:51.525Z","true","supported","box","pale rectangular face; orange-red side; small printed emblem","contents; wording; material","近邻转面辅助厚度确认，后帧文字不回填。","初始化索引 200：红框为白橙浅包装，有盒沿/侧面，不是证书或触屏手机。","GPT-6 Astra Pro"
"gb","vot","468","cc05b7fef66dc8bdcd4aefdcf7c588c57e225b41541d642745864c50d3745b4e","box_darkroom_noocc_4_1","00000251","conflicting","box","pale rectangular face; orange-red side; small printed emblem","contents; wording; material","","box","white; textured surface","2026-10-05T16:15:54.525Z","true","corrected","box","pale rectangular face; orange-red side; small printed emblem","contents; wording; material","近邻转面辅助厚度确认，后帧文字不回填。","初始化索引 250：红框为白橙浅包装，有盒沿/侧面，不是证书或触屏手机。","GPT-6 Astra Pro"
"gb","vot","469","e45a7aa539d842eec1e5520a91da876770875f42a135bc573aae083e8ad22d6e","box_darkroom_noocc_4_1","00000301","conflicting","box","orange-red side; pale panel; small print","contents; wording; material","","box","orange label; white front panel","2026-10-05T16:15:55.868Z","true","supported","box","orange-red side; pale panel; small print","contents; wording; material","近邻转面辅助厚度确认，后帧文字不回填。","初始化索引 300：红框为白橙浅包装，有盒沿/侧面，不是证书或触屏手机。","GPT-6 Astra Pro"
"gb","vot","470","2411022390d9914c9f72f05ffad05731d200c5751b072482b58e693d09923125","box_darkroom_noocc_4_1","00000351","conflicting","box","pale rectangular face; orange-red side; small printed emblem","contents; wording; material","","card","white; rectangular","2026-10-05T16:15:57.188Z","true","corrected","box","pale rectangular face; orange-red side; small printed emblem","contents; wording; material","近邻转面辅助厚度确认，后帧文字不回填。","初始化索引 350：红框为白橙浅包装，有盒沿/侧面，不是证书或触屏手机。","GPT-6 Astra Pro"
"gb","vot","471","166cf5bb7902d07df3f436c009fa1746bfe4abc2e0512836c99755a238bdf73f","box_darkroom_noocc_4_1","00000401","conflicting","box","pale rectangular face; orange-red side; small printed emblem","contents; wording; material","","book","white cover; text on pages","2026-10-05T16:15:58.260Z","true","corrected","box","pale rectangular face; orange-red side; small printed emblem","contents; wording; material","近邻转面辅助厚度确认，后帧文字不回填。","初始化索引 400：红框为白橙浅包装，有盒沿/侧面，不是证书或触屏手机。","GPT-6 Astra Pro"
"gb","vot","472","a22131719995d66ff9a2c556d9786e1b1f906cbdefa31b5369e3798a9a05049d","box_darkroom_noocc_4_1","00000451","conflicting","box","pale rectangular face; orange-red side; small printed emblem","contents; wording; material","","card","white surface; orange border","2026-10-05T16:15:59.572Z","true","corrected","box","pale rectangular face; orange-red side; small printed emblem","contents; wording; material","近邻转面辅助厚度确认，后帧文字不回填。","初始化索引 450：红框为白橙浅包装，有盒沿/侧面，不是证书或触屏手机。","GPT-6 Astra Pro"
"gb","vot","473","5a5f2e74e44715f02676e565b4da9dd9449fc6ede081090633534431c03f29f1","box_darkroom_noocc_4_1","00000501","conflicting","box","pale rectangular face; orange-red side; small printed emblem","contents; wording; material","","card","red and white; text on card","2026-10-05T16:16:00.732Z","true","corrected","box","pale rectangular face; orange-red side; small printed emblem","contents; wording; material","近邻转面辅助厚度确认，后帧文字不回填。","初始化索引 500：红框为白橙浅包装，有盒沿/侧面，不是证书或触屏手机。","GPT-6 Astra Pro"
"gb","vot","474","7b8a8dd7eef51f9b22e4bdcbb7fb4086e578be57d2762f6b78d625754c75e407","box_darkroom_noocc_4_1","00000551","conflicting","box","pale rectangular face; orange-red side; small printed emblem","contents; wording; material","","card","orange border; white background","2026-10-05T16:16:02.020Z","true","corrected","box","pale rectangular face; orange-red side; small printed emblem","contents; wording; material","近邻转面辅助厚度确认，后帧文字不回填。","初始化索引 550：红框为白橙浅包装，有盒沿/侧面，不是证书或触屏手机。","GPT-6 Astra Pro"
"gb","vot","475","95a6d24b62e05977c824e79ae176a524091e39dc1beb911fac62d51b487d9430","box_darkroom_noocc_4_1","00000601","conflicting","box","pale rectangular face; orange-red side; small printed emblem","contents; wording; material","","box","white; rectangular","2026-10-05T16:16:03.141Z","true","supported","box","pale rectangular face; orange-red side; small printed emblem","contents; wording; material","近邻转面辅助厚度确认，后帧文字不回填。","初始化索引 600：红框为白橙浅包装，有盒沿/侧面，不是证书或触屏手机。","GPT-6 Astra Pro"
"gb","vot","476","45f379dbf69a14427c7016d7d63dba6e10c4fc787790f91257a5f84d557c41ab","box_darkroom_noocc_4_1","00000651","conflicting","box","pale rectangular face; orange-red side; small printed emblem","contents; wording; material","","box","white surface; text on front","2026-10-05T16:16:04.772Z","true","supported","box","pale rectangular face; orange-red side; small printed emblem","contents; wording; material","近邻转面辅助厚度确认，后帧文字不回填。","初始化索引 650：红框为白橙浅包装，有盒沿/侧面，不是证书或触屏手机。","GPT-6 Astra Pro"
"gb","vot","477","5589a3db0dfec4062e45f40d6399ed43f3fa254c5c2c8821403cdb6f88df8173","box_darkroom_noocc_4_1","00000701","conflicting","box","pale rectangular face; orange-red side; small printed emblem","contents; wording; material","","card","textured surface; rectangular shape","2026-10-05T16:16:05.780Z","true","corrected","box","pale rectangular face; orange-red side; small printed emblem","contents; wording; material","近邻转面辅助厚度确认，后帧文字不回填。","初始化索引 700：红框为白橙浅包装，有盒沿/侧面，不是证书或触屏手机。","GPT-6 Astra Pro"
"gb","vot","478","ac8ccc9ef2393fbad2cb8ff25dc25bdb9e1c072e1decb9ee9812b70bc9c920bd","box_darkroom_noocc_4_1","00000751","conflicting","box","orange-red side; pale panel; small print","contents; wording; material","","book","orange cover; text on cover","2026-10-05T16:16:07.004Z","true","corrected","box","orange-red side; pale panel; small print","contents; wording; material","近邻转面辅助厚度确认，后帧文字不回填。","初始化索引 750：红框为白橙浅包装，有盒沿/侧面，不是证书或触屏手机。","GPT-6 Astra Pro"
"gb","vot","479","b0b43727331805f54f97f78d9ced95fe92b69f8863ce77025f2641abac6c39b7","box_darkroom_noocc_4_1","00000801","conflicting","box","orange-red side; pale panel; small print","contents; wording; material","","box","white; textured surface","2026-10-05T16:16:08.133Z","true","corrected","box","orange-red side; pale panel; small print","contents; wording; material","近邻转面辅助厚度确认，后帧文字不回填。","初始化索引 800：红框为白橙浅包装，有盒沿/侧面，不是证书或触屏手机。","GPT-6 Astra Pro"
"gb","vot","480","117e8cedd74d2da6949c293aa79d624b98a4c42d41f6764723e2efa16ca5c10b","box_darkroom_noocc_4_1","00000851","conflicting","box","pale rectangular printed face; small mark","contents; wording; material","","card","orange border; white background; text; logo","2026-10-05T16:16:09.373Z","true","corrected","box","pale rectangular printed face; small mark","contents; wording; material","近邻转面辅助厚度确认，后帧文字不回填。","初始化索引 850：红框为白橙浅包装，有盒沿/侧面，不是证书或触屏手机。","GPT-6 Astra Pro"
"gb","vot","481","128d66e21b0f470bc303c1c6b2c46cb0f2f1b9e580871c34ba8b08a7bf6a8ad3","box_darkroom_noocc_4_1","00000901","conflicting","box","orange-red side; pale panel; small print","contents; wording; material","","book","orange cover; text on spine","2026-10-05T16:16:11.062Z","true","corrected","box","orange-red side; pale panel; small print","contents; wording; material","近邻转面辅助厚度确认，后帧文字不回填。","初始化索引 900：红框为白橙浅包装，有盒沿/侧面，不是证书或触屏手机。","GPT-6 Astra Pro"
"gb","vot","482","d0796f093267e19b512ecdb60a69d67126ee1cd7db2a75bdde43dec9fd9687b6","box_darkroom_noocc_4_1","00000951","conflicting","box","pale rectangular printed face; small mark","contents; wording; material","","box","yellow label; text on label","2026-10-05T16:16:15.269Z","true","corrected","box","pale rectangular printed face; small mark","contents; wording; material","近邻转面辅助厚度确认，后帧文字不回填。","初始化索引 950：红框为白橙浅包装，有盒沿/侧面，不是证书或触屏手机。","GPT-6 Astra Pro"
"gb","vot","483","dd85212cabd3d4e0ad9c767c42fc86d4f6a8171fc3dc772bfafb59f84dfb4c2c","box_darkroom_noocc_4_1","00001001","conflicting","box","pale rectangular printed face; small mark","contents; wording; material","","card","red border; text on card","2026-10-05T16:16:16.846Z","true","corrected","box","pale rectangular printed face; small mark","contents; wording; material","近邻转面辅助厚度确认，后帧文字不回填。","初始化索引 1000：红框为白橙浅包装，有盒沿/侧面，不是证书或触屏手机。","GPT-6 Astra Pro"
"gb","vot","484","8a73cde1dcca69025979d4823cbbdfc67764268c80e8441e76175acf2138a4d8","box_darkroom_noocc_4_1","00001051","conflicting","box","pale rectangular face; orange-red side; small printed emblem","contents; wording; material","","card","red border; text on card","2026-10-05T16:16:18.220Z","true","corrected","box","pale rectangular face; orange-red side; small printed emblem","contents; wording; material","近邻转面辅助厚度确认，后帧文字不回填。","初始化索引 1050：红框为白橙浅包装，有盒沿/侧面，不是证书或触屏手机。","GPT-6 Astra Pro"
"gb","vot","485","4cd44bd9bba926b38dcf3c0d3b983c9e14aa2eaead62eeac1e5ee2729a35c941","box_darkroom_noocc_4_1","00001101","conflicting","box","orange-red side; pale panel; small print","contents; wording; material","","phone","red case; touchscreen","2026-10-05T16:16:23.325Z","true","corrected","box","orange-red side; pale panel; small print","contents; wording; material","近邻转面辅助厚度确认，后帧文字不回填。","初始化索引 1100：红框为白橙浅包装，有盒沿/侧面，不是证书或触屏手机。","GPT-6 Astra Pro"
"gb","vot","486","d86747de0ab0002daa04e29aadfb71b2c3005e4a02d29819e7af6521ace30715","box_darkroom_noocc_4_1","00001151","conflicting","box","pale rectangular face; orange-red side; small printed emblem","contents; wording; material","","card","white background; text printed","2026-10-05T16:16:27.644Z","true","corrected","box","pale rectangular face; orange-red side; small printed emblem","contents; wording; material","近邻转面辅助厚度确认，后帧文字不回填。","初始化索引 1150：红框为白橙浅包装，有盒沿/侧面，不是证书或触屏手机。","GPT-6 Astra Pro"
"gb","vot","487","e6dd2b9738b9820cabe3b768185c84be662d120ce5bbbe9d7ee2d14736da2d59","box_darkroom_noocc_4_1","00001201","conflicting","box","pale rectangular printed face; small mark","contents; wording; material","","card","white; textured","2026-10-05T16:16:35.157Z","true","corrected","box","pale rectangular printed face; small mark","contents; wording; material","近邻转面辅助厚度确认，后帧文字不回填。","初始化索引 1200：红框为白橙浅包装，有盒沿/侧面，不是证书或触屏手机。","GPT-6 Astra Pro"
"gb","vot","488","02109d681a7fb4c7276086787840fc77dfd743d706cf45b134cc3e1501dce49f","box_darkroom_noocc_4_1","00001220","conflicting","box","pale rectangular printed face; small mark","contents; wording; material","","business card","white background; text printed on card","2026-10-05T16:16:36.684Z","true","uncertain","box","pale rectangular printed face; small mark","contents; wording; material","近邻转面辅助厚度确认，后帧文字不回填。","初始化索引 1219：本帧偏正视，浅色矩形面的厚度不充分；浅盒判断由近邻转面辅助，不能硬判名片或手机。","GPT-6 Astra Pro"
"gb","vot","489","579863f56d9f12db09c89b11ed18f36a7fc088c7dd970489efb2291eed511dc7","box_darkroom_noocc_5_1","00000001","conflicting","box","dark package face; yellow-green border; pale printed graphics","contents; wireless function; material; print","","package","black and white packaging; text on package","2026-10-05T16:16:38.389Z","true","corrected","box","dark package face; yellow-green border; pale printed graphics","contents; wireless function; material; print","","初始化索引 0：紅框为包装整体而非印刷控制器；不从商品图推定无线功能。","GPT-6 Astra Pro"
"gb","vot","490","cd4458880dce7ada99e66a36cf898fafbb435b3360460a567c0cd84849ac2a17","box_darkroom_noocc_5_1","00000051","conflicting","box","yellow-green rectangular side; dark print; adjacent dark face","contents; wireless function; material; print","","book","yellow cover; text on cover; binding visible","2026-10-05T16:16:42.397Z","true","corrected","box","yellow-green rectangular side; dark print; adjacent dark face","contents; wireless function; material; print","","初始化索引 50：紅框为包装整体而非印刷控制器；不从商品图推定无线功能。","GPT-6 Astra Pro"
"gb","vot","491","e4b65c949ef2fb7a87c4d68352f740f89ac35ec49c1a49fbf958989533358a3c","box_darkroom_noocc_5_1","00000101","conflicting","box","yellow-green rectangular side; dark print; adjacent dark face","contents; wireless function; material; print","","package","yellow and black; rectangular shape; text on front","2026-10-05T16:16:44.845Z","true","supported","box","yellow-green rectangular side; dark print; adjacent dark face","contents; wireless function; material; print","","初始化索引 100：紅框为包装整体而非印刷控制器；不从商品图推定无线功能。","GPT-6 Astra Pro"
"gb","vot","492","ac52dd9bf59a773ad18897890bc97b70c4dcc9bc25981c2378df24b8f3969b96","box_darkroom_noocc_5_1","00000151","conflicting","box","dark package face; yellow-green border; pale printed graphics","contents; wireless function; material; print","","package","black and white packaging; text on package","2026-10-05T16:16:46.037Z","true","corrected","box","dark package face; yellow-green border; pale printed graphics","contents; wireless function; material; print","","初始化索引 150：紅框为包装整体而非印刷控制器；不从商品图推定无线功能。","GPT-6 Astra Pro"
"gb","vot","493","86d9d956df6b4573fb96ca2f679504aa94c4de90100144e92a0a293a46dc038d","box_darkroom_noocc_5_1","00000201","conflicting","box","dark package face; yellow-green border; pale printed graphics","contents; wireless function; material; print","","boxed electronic device","black and white packaging; text on packaging; image of controller","2026-10-05T16:16:47.109Z","true","corrected","box","dark package face; yellow-green border; pale printed graphics","contents; wireless function; material; print","","初始化索引 200：紅框为包装整体而非印刷控制器；不从商品图推定无线功能。","GPT-6 Astra Pro"
"gb","vot","494","dead5cea29ae7760dc4fb89f12a51dda94b4a851c2260493f370ae1c2ba75f01","box_darkroom_noocc_5_1","00000251","conflicting","box","dark package face; yellow-green border; pale printed graphics","contents; wireless function; material; print","","video game controller","black and green; rectangular shape; text on surface","2026-10-05T16:16:48.428Z","true","corrected","box","dark package face; yellow-green border; pale printed graphics","contents; wireless function; material; print","","初始化索引 250：紅框为包装整体而非印刷控制器；不从商品图推定无线功能。","GPT-6 Astra Pro"
"gb","vot","495","d5c6824acf6ad8e668db086af2579b3f0d9a280a5f12d3460743c6bbf46bb233","box_darkroom_noocc_5_1","00000301","conflicting","box","yellow-green rectangular side; dark print; adjacent dark face","contents; wireless function; material; print","","book","yellow cover; text on cover","2026-10-05T16:16:49.620Z","true","corrected","box","yellow-green rectangular side; dark print; adjacent dark face","contents; wireless function; material; print","","初始化索引 300：紅框为包装整体而非印刷控制器；不从商品图推定无线功能。","GPT-6 Astra Pro"
"gb","vot","496","72176d9ff56932c50f53985ccb8cc2d2e8bafb74e96dab11430048740a99069e","box_darkroom_noocc_5_1","00000351","conflicting","box","yellow-green rectangular side; dark print; adjacent dark face","contents; wireless function; material; print","","box","yellow and black; rectangular shape; text on front","2026-10-05T16:21:19.541Z","true","supported","box","yellow-green rectangular side; dark print; adjacent dark face","contents; wireless function; material; print","","初始化索引 350：紅框为包装整体而非印刷控制器；不从商品图推定无线功能。","GPT-6 Astra Pro"
"gb","vot","497","af8dc98b21d93c304ceb43e4dad8ee20f079740f39f462bf9a4183de870a1a17","box_darkroom_noocc_5_1","00000401","conflicting","box","dark package face; yellow-green border; pale printed graphics","contents; wireless function; material; print","","package","black and yellow packaging; text on package","2026-10-05T16:21:21.846Z","true","supported","box","dark package face; yellow-green border; pale printed graphics","contents; wireless function; material; print","","初始化索引 400：紅框为包装整体而非印刷控制器；不从商品图推定无线功能。","GPT-6 Astra Pro"
"gb","vot","498","125e06b6df3dbc3b333f45f7f7ce4327f32fe32f6a727cf861e93f7cd0e52772","box_darkroom_noocc_5_1","00000451","conflicting","box","dark package face; yellow-green border; pale printed graphics","contents; wireless function; material; print","","package","green and black; text on front","2026-10-05T16:21:23.212Z","true","supported","box","dark package face; yellow-green border; pale printed graphics","contents; wireless function; material; print","","初始化索引 450：紅框为包装整体而非印刷控制器；不从商品图推定无线功能。","GPT-6 Astra Pro"
"gb","vot","499","2cdc2cb170d6da0b3fbdee9b4c50ab443dfc80a942963083c1b18fa1fad3cb22","box_darkroom_noocc_5_1","00000501","conflicting","box","dark package face; yellow-green border; pale printed graphics","contents; wireless function; material; print","","package","smart controller; black and yellow packaging","2026-10-05T16:21:24.589Z","true","supported","box","dark package face; yellow-green border; pale printed graphics","contents; wireless function; material; print","","初始化索引 500：紅框为包装整体而非印刷控制器；不从商品图推定无线功能。","GPT-6 Astra Pro"
"gb","vot","500","0f62a4538abd4bf9b675278d2fced96632915bc8c590bcbff2ad112c56b03daf","box_darkroom_noocc_5_1","00000551","conflicting","box","dark package face; yellow-green border; pale printed graphics","contents; wireless function; material; print","","package","black and white packaging; text on package","2026-10-05T16:21:28.508Z","true","corrected","box","dark package face; yellow-green border; pale printed graphics","contents; wireless function; material; print","","初始化索引 550：紅框为包装整体而非印刷控制器；不从商品图推定无线功能。","GPT-6 Astra Pro"
"gb","vot","501","eafb400cd23dab74e24876ad09c04fc3e0cbef12fc81883652ebeec8cd366090","box_darkroom_noocc_5_1","00000601","conflicting","box","dark package face; yellow-green border; pale printed graphics","contents; wireless function; material; print","","package","green and black; text on front","2026-10-05T16:21:33.413Z","true","supported","box","dark package face; yellow-green border; pale printed graphics","contents; wireless function; material; print","","初始化索引 600：紅框为包装整体而非印刷控制器；不从商品图推定无线功能。","GPT-6 Astra Pro"
"gb","vot","502","b3bb7210cdd17417679a1f1b39368677a382e8992da48a50239002e0d28976f0","box_darkroom_noocc_5_1","00000651","conflicting","box","dark package face; yellow-green border; pale printed graphics","contents; wireless function; material; print","","book","yellow cover; black text; image on cover","2026-10-05T16:21:36.365Z","true","corrected","box","dark package face; yellow-green border; pale printed graphics","contents; wireless function; material; print","","初始化索引 650：紅框为包装整体而非印刷控制器；不从商品图推定无线功能。","GPT-6 Astra Pro"
"gb","vot","503","a98c3f18b33c255a740a71efb7a786a90a13a1a122a00682eb1c6a6b31dc8b75","box_darkroom_noocc_5_1","00000701","conflicting","box","yellow-green rectangular side; dark print; adjacent dark face","contents; wireless function; material; print","","box","yellow; textured; rectangular","2026-10-05T16:21:38.062Z","true","corrected","box","yellow-green rectangular side; dark print; adjacent dark face","contents; wireless function; material; print","","初始化索引 700：紅框为包装整体而非印刷控制器；不从商品图推定无线功能。","GPT-6 Astra Pro"
"gb","vot","504","ae0e700afad0788cf8a10d840b865b5bf1c1a6106529290f1d9813698ab0a83a","box_darkroom_noocc_5_1","00000751","conflicting","box","yellow-green rectangular side; dark print; adjacent dark face","contents; wireless function; material; print","","book","yellow cover; text on cover","2026-10-05T16:21:39.221Z","true","corrected","box","yellow-green rectangular side; dark print; adjacent dark face","contents; wireless function; material; print","","初始化索引 750：紅框为包装整体而非印刷控制器；不从商品图推定无线功能。","GPT-6 Astra Pro"
"gb","vot","505","f70c9c0529beee8601889fb775cbb9156ecbe48a25b4954dc6e100adfa1d5381","box_darkroom_noocc_5_1","00000801","conflicting","box","dark package face; yellow-green border; pale printed graphics","contents; wireless function; material; print","","package","yellow and black label; text on label","2026-10-05T16:21:40.253Z","true","supported","box","dark package face; yellow-green border; pale printed graphics","contents; wireless function; material; print","","初始化索引 800：紅框为包装整体而非印刷控制器；不从商品图推定无线功能。","GPT-6 Astra Pro"
"gb","vot","506","f64eaf6c69d350a0334a8ac500a0176fcd1a083a6b0a4267315b9c5fda21463c","box_darkroom_noocc_5_1","00000851","conflicting","box","dark package face; yellow-green border; pale printed graphics","contents; wireless function; material; print","","book","text on cover; colorful design","2026-10-05T16:21:41.205Z","true","corrected","box","dark package face; yellow-green border; pale printed graphics","contents; wireless function; material; print","","初始化索引 850：紅框为包装整体而非印刷控制器；不从商品图推定无线功能。","GPT-6 Astra Pro"
"gb","vot","507","8a864dfcd907694dd8c12602b2804e6c92bb37d515cc3540cbd101b13d724b03","box_darkroom_noocc_5_1","00000901","conflicting","box","dark package face; yellow-green border; pale printed graphics","contents; wireless function; material; print","","package","yellow and black packaging; text on package","2026-10-05T16:21:42.644Z","true","supported","box","dark package face; yellow-green border; pale printed graphics","contents; wireless function; material; print","","初始化索引 900：紅框为包装整体而非印刷控制器；不从商品图推定无线功能。","GPT-6 Astra Pro"
"gb","vot","508","87d9c4be8e94d1197f01743cc2a715db628eb367dce7178059a1c7526a0309d4","box_darkroom_noocc_5_1","00000951","conflicting","box","dark package face; yellow-green border; pale printed graphics","contents; wireless function; material; print","","package","green and black; text on front","2026-10-06T04:16:34.618Z","true","supported","box","dark package face; yellow-green border; pale printed graphics","contents; wireless function; material; print","","初始化索引 950：紅框为包装整体而非印刷控制器；不从商品图推定无线功能。","GPT-6 Astra Pro"
"gb","vot","509","51d674bc270c34e726878ab9bbb12c8c167c59de75b691622f46e47602342168","box_darkroom_noocc_5_1","00001001","conflicting","box","dark package face; yellow-green border; pale printed graphics","contents; wireless function; material; print","","boxed electronic device","green and white box; text on box; image of controller","2026-10-06T04:16:39.001Z","true","corrected","box","dark package face; yellow-green border; pale printed graphics","contents; wireless function; material; print","","初始化索引 1000：紅框为包装整体而非印刷控制器；不从商品图推定无线功能。","GPT-6 Astra Pro"
"gb","vot","510","83e3ffd1fc23be1408389b2b9818265689b51d5139c0d809671c501a0fe007af","box_darkroom_noocc_5_1","00001051","conflicting","box","dark package face; yellow-green border; pale printed graphics","contents; wireless function; material; print","","electronic device","black casing; yellow label","2026-10-06T04:16:42.289Z","true","corrected","box","dark package face; yellow-green border; pale printed graphics","contents; wireless function; material; print","","初始化索引 1050：紅框为包装整体而非印刷控制器；不从商品图推定无线功能。","GPT-6 Astra Pro"
"gb","vot","511","9a636e87966f4191c32d08c0c6146b0d73736cd4da49b9fe023c4905a7fec0e0","box_darkroom_noocc_5_1","00001101","conflicting","box","yellow-green rectangular side; dark print; adjacent dark face","contents; wireless function; material; print","","package","yellow and green; rectangular shape; text on front","2026-10-06T04:16:46.729Z","true","supported","box","yellow-green rectangular side; dark print; adjacent dark face","contents; wireless function; material; print","","初始化索引 1100：紅框为包装整体而非印刷控制器；不从商品图推定无线功能。","GPT-6 Astra Pro"
"gb","vot","512","de0eda6667decc4532155ec0353d9bf4e9a9128af48ff698a0dc8a5b204858b9","box_darkroom_noocc_5_1","00001151","conflicting","box","yellow-green rectangular side; dark print; adjacent dark face","contents; wireless function; material; print","","book","yellow cover; text on cover","2026-10-06T04:16:49.265Z","true","corrected","box","yellow-green rectangular side; dark print; adjacent dark face","contents; wireless function; material; print","","初始化索引 1150：紅框为包装整体而非印刷控制器；不从商品图推定无线功能。","GPT-6 Astra Pro"
"gb","vot","513","874319794c4c78b5d56c1ef52418169d12b803ba8e6d4b5d2d50b55522cd9d3d","box_darkroom_noocc_5_1","00001201","conflicting","box","dark package face; yellow-green border; pale printed graphics","contents; wireless function; material; print","","controller","smart controller; green and yellow label","2026-10-06T04:16:53.697Z","true","corrected","box","dark package face; yellow-green border; pale printed graphics","contents; wireless function; material; print","","初始化索引 1200：紅框为包装整体而非印刷控制器；不从商品图推定无线功能。","GPT-6 Astra Pro"
"gb","vot","514","cc201107a19383e63709df88ab75559b1398ae8c6e211b49b0093365e4293cc0","box_darkroom_noocc_5_1","00001251","conflicting","box","dark package face; yellow-green border; pale printed graphics","contents; wireless function; material; print","","box","green and black; text on front; rectangular shape","2026-10-06T04:16:55.881Z","true","supported","box","dark package face; yellow-green border; pale printed graphics","contents; wireless function; material; print","","初始化索引 1250：紅框为包装整体而非印刷控制器；不从商品图推定无线功能。","GPT-6 Astra Pro"
"gb","vot","515","7a5608b26f1e102fac3f256a8c4d19c351f233af62c6af5a04e915fbf018637e","box_darkroom_noocc_5_1","00001301","conflicting","box","yellow-green rectangular side; dark print; adjacent dark face","contents; wireless function; material; print","","book","green cover; text on cover","2026-10-06T04:16:57.937Z","true","corrected","box","yellow-green rectangular side; dark print; adjacent dark face","contents; wireless function; material; print","","初始化索引 1300：紅框为包装整体而非印刷控制器；不从商品图推定无线功能。","GPT-6 Astra Pro"
"gb","vot","516","ac92461186ef84cdc4bbd05f0e31443f50317adf5b27e26dbc3601821922bcdd","box_darkroom_noocc_5_1","00001351","conflicting","box","dark package face; yellow-green border; pale printed graphics","contents; wireless function; material; print","","package","green and white packaging; text on package","2026-10-06T04:17:01.185Z","true","corrected","box","dark package face; yellow-green border; pale printed graphics","contents; wireless function; material; print","","初始化索引 1350：紅框为包装整体而非印刷控制器；不从商品图推定无线功能。","GPT-6 Astra Pro"
"gb","vot","517","eb77f1186365c135229cf86a31f3ece89a535c12e73ffd84ce8437ee2d0478ef","box_darkroom_noocc_5_1","00001401","conflicting","box","yellow-green rectangular side; dark print; adjacent dark face","contents; wireless function; material; print","","box","green label; text on label","2026-10-06T04:17:03.329Z","true","supported","box","yellow-green rectangular side; dark print; adjacent dark face","contents; wireless function; material; print","","初始化索引 1400：紅框为包装整体而非印刷控制器；不从商品图推定无线功能。","GPT-6 Astra Pro"
"gb","vot","518","70a5c9871abe67d32f26ea5dc9392ca8662382fd3159c48658676f3a3901d58c","box_darkroom_noocc_5_1","00001451","conflicting","box","dark package face; yellow-green border; pale printed graphics","contents; wireless function; material; print","","box","black and green label; text on label; image of controller","2026-10-06T04:17:06.345Z","true","supported","box","dark package face; yellow-green border; pale printed graphics","contents; wireless function; material; print","","初始化索引 1450：紅框为包装整体而非印刷控制器；不从商品图推定无线功能。","GPT-6 Astra Pro"
"gb","vot","519","68f7c1aee15b24b11ecfdcb35177280eadcb230be7e35d6612186d3927067104","box_darkroom_noocc_5_1","00001501","conflicting","box","dark package face; yellow-green border; pale printed graphics","contents; wireless function; material; print","","boxed item","green and yellow packaging; text on the box","2026-10-06T04:17:08.761Z","true","supported","box","dark package face; yellow-green border; pale printed graphics","contents; wireless function; material; print","","初始化索引 1500：紅框为包装整体而非印刷控制器；不从商品图推定无线功能。","GPT-6 Astra Pro"
"gb","vot","520","30d068fd1ec936fee8d9270809f664d6ba8bd368c41295a3d5119fa1c02fcd12","box_darkroom_noocc_5_1","00001551","conflicting","box","dark package face; yellow-green border; pale printed graphics","contents; wireless function; material; print","","book","colorful cover; text on cover; rectangular shape","2026-10-06T04:17:11.617Z","true","corrected","box","dark package face; yellow-green border; pale printed graphics","contents; wireless function; material; print","","初始化索引 1550：紅框为包装整体而非印刷控制器；不从商品图推定无线功能。","GPT-6 Astra Pro"
"gb","vot","521","022087d451d7081787b2fe088038b0c7916994993fcdb8637b9662a2233f5ab2","box_darkroom_noocc_5_1","00001601","conflicting","box","dark package face; yellow-green border; pale printed graphics","contents; wireless function; material; print","","box","black and yellow packaging; text on box","2026-10-06T04:17:14.489Z","true","supported","box","dark package face; yellow-green border; pale printed graphics","contents; wireless function; material; print","","初始化索引 1600：紅框为包装整体而非印刷控制器；不从商品图推定无线功能。","GPT-6 Astra Pro"
"gb","vot","522","282b256302897f8c7573533ab02a3358b3f8be71841495d95ad39abcebc0a4aa","box_darkroom_noocc_5_1","00001651","conflicting","box","dark package face; yellow-green border; pale printed graphics","contents; wireless function; material; print","","package","green and white; text on package","2026-10-06T04:17:19.066Z","true","corrected","box","dark package face; yellow-green border; pale printed graphics","contents; wireless function; material; print","","初始化索引 1650：紅框为包装整体而非印刷控制器；不从商品图推定无线功能。","GPT-6 Astra Pro"
"gb","vot","523","f069b0a60dcd62a9e68b5a934aa0b7ab9524f6bc1f5f1cf691bad09550787cec","box_darkroom_noocc_5_1","00001701","conflicting","box","dark package face; yellow-green border; pale printed graphics","contents; wireless function; material; print","","book","boxed; green cover; text on cover","2026-10-06T04:17:23.442Z","true","corrected","box","dark package face; yellow-green border; pale printed graphics","contents; wireless function; material; print","","初始化索引 1700：紅框为包装整体而非印刷控制器；不从商品图推定无线功能。","GPT-6 Astra Pro"
"gb","vot","524","0c87e2b7587e98ca065611eb3b20b0d687b1326a652f452e1c3d34cc37cf4b03","box_darkroom_noocc_5_1","00001751","conflicting","box","yellow-green rectangular side; dark print; adjacent dark face","contents; wireless function; material; print","","phone","green case; touchscreen","2026-10-06T04:18:05.449Z","true","corrected","box","yellow-green rectangular side; dark print; adjacent dark face","contents; wireless function; material; print","","初始化索引 1750：紅框为包装整体而非印刷控制器；不从商品图推定无线功能。","GPT-6 Astra Pro"
"gb","vot","525","76aabf2db1a8bcd4ca73616b3c5b9c08411a05ba2ff9302a7c0228212c56a8f0","box_darkroom_noocc_5_1","00001801","conflicting","box","dark package face; yellow-green border; pale printed graphics","contents; wireless function; material; print","","book","black cover; text on cover","2026-10-06T04:18:10.002Z","true","corrected","box","dark package face; yellow-green border; pale printed graphics","contents; wireless function; material; print","","初始化索引 1800：紅框为包装整体而非印刷控制器；不从商品图推定无线功能。","GPT-6 Astra Pro"
"gb","vot","526","8981e3f501fa7cb76bf6376e944f3de2d4663bbaf7f9220e99e0b01abbfa098d","box_darkroom_noocc_5_1","00001851","conflicting","box","dark package face; yellow-green border; pale printed graphics","contents; wireless function; material; print","","package","black and white packaging; text on package","2026-10-06T04:18:13.785Z","true","corrected","box","dark package face; yellow-green border; pale printed graphics","contents; wireless function; material; print","","初始化索引 1850：紅框为包装整体而非印刷控制器；不从商品图推定无线功能。","GPT-6 Astra Pro"
"gb","vot","527","3d07373827165c00063ef6200437d5b871a4545cb892e6cfa96c3b366fb0d32e","box_darkroom_noocc_5_1","00001901","conflicting","box","dark package face; yellow-green border; pale printed graphics","contents; wireless function; material; print","","remote control","black buttons; gray surface","2026-10-06T04:18:18.745Z","true","corrected","box","dark package face; yellow-green border; pale printed graphics","contents; wireless function; material; print","","初始化索引 1900：紅框为包装整体而非印刷控制器；不从商品图推定无线功能。","GPT-6 Astra Pro"
"gb","vot","528","f41c48a49ba3b870b8c8f5827a3aeaf9187eeaaea7a2bf6b305f80e961741766","box_darkroom_noocc_5_1","00001951","conflicting","box","dark package face; yellow-green border; pale printed graphics","contents; wireless function; material; print","","book","yellow cover; text on cover","2026-10-06T04:19:15.938Z","true","corrected","box","dark package face; yellow-green border; pale printed graphics","contents; wireless function; material; print","","初始化索引 1950：紅框为包装整体而非印刷控制器；不从商品图推定无线功能。","GPT-6 Astra Pro"
"gb","vot","529","1a8a69804957cbd63db73813d75de185ec9fc7566801ddf8eed11c69fba778be","box_darkroom_noocc_5_1","00002001","conflicting","box","dark package face; yellow-green border; pale printed graphics","contents; wireless function; material; print","","book","green cover; text on cover; image of person","2026-10-06T04:19:19.969Z","true","corrected","box","dark package face; yellow-green border; pale printed graphics","contents; wireless function; material; print","","初始化索引 2000：紅框为包装整体而非印刷控制器；不从商品图推定无线功能。","GPT-6 Astra Pro"
"gb","vot","530","e52cc2bb9d68acdc46a231b8dfb8f22087b7224abbd43db37346f1330982df99","box_darkroom_noocc_5_1","00002051","conflicting","box","dark package face; yellow-green border; pale printed graphics","contents; wireless function; material; print","","remote control","black buttons; gray surface","2026-10-06T04:19:23.570Z","true","corrected","box","dark package face; yellow-green border; pale printed graphics","contents; wireless function; material; print","","初始化索引 2050：紅框为包装整体而非印刷控制器；不从商品图推定无线功能。","GPT-6 Astra Pro"
"gb","vot","531","aa7f2cfea4caff2f70467e4c2195832fc8a27d56e159d28c2fdc31b7d98cc036","box_darkroom_noocc_5_1","00002101","conflicting","box","dark package face; yellow-green border; pale printed graphics","contents; wireless function; material; print","","book","colorful cover; text on cover","2026-10-06T04:19:30.625Z","true","corrected","box","dark package face; yellow-green border; pale printed graphics","contents; wireless function; material; print","","初始化索引 2100：紅框为包装整体而非印刷控制器；不从商品图推定无线功能。","GPT-6 Astra Pro"
"gb","vot","532","3272782dfb3fce91bc363d3c672f369940002a17798cb49a907c31adc2e9e43e","box_darkroom_noocc_5_1","00002151","conflicting","box","yellow-green rectangular side; dark print; adjacent dark face","contents; wireless function; material; print","","box","green label; text on label","2026-10-06T04:19:33.450Z","true","supported","box","yellow-green rectangular side; dark print; adjacent dark face","contents; wireless function; material; print","","初始化索引 2150：紅框为包装整体而非印刷控制器；不从商品图推定无线功能。","GPT-6 Astra Pro"
"gb","vot","533","e9756892e044ffed3ec4e0fe989ecf18c6c0107d09faac0aca422c91af4d5979","box_darkroom_noocc_5_1","00002166","conflicting","box","dark package face; yellow-green border; pale printed graphics","contents; wireless function; material; print","","box","green and black; text on front","2026-10-06T04:19:35.177Z","true","supported","box","dark package face; yellow-green border; pale printed graphics","contents; wireless function; material; print","","初始化索引 2165：紅框为包装整体而非印刷控制器；不从商品图推定无线功能。","GPT-6 Astra Pro"
"gb","vot","534","44660ddd69c905af73e8d3fef0fa6f0687117a9d93ce0b62a4234090929db5b4","box_darkroom_noocc_6_1","00000001","conflicting","box","dark package face; yellow-green border; pale printed graphics","contents; wireless function; material; print","","computer monitor","black bezel; text overlay","2026-10-06T04:19:39.650Z","true","corrected","box","dark package face; yellow-green border; pale printed graphics","contents; wireless function; material; print","","初始化索引 0：暗处小包装只可见绿边和暗印刷面，不确认数字屏。","GPT-6 Astra Pro"
"gb","vot","535","76a746ec2ce64ce97e05adcad5a2853e2f37f0429ad81ad196316128c5246797","box_darkroom_noocc_6_1","00000051","conflicting","box","dark package face; yellow-green border; pale printed graphics","contents; wireless function; material; print","","book","green cover; text on cover","2026-10-06T04:19:43.170Z","true","corrected","box","dark package face; yellow-green border; pale printed graphics","contents; wireless function; material; print","","初始化索引 50：紅框为包装整体而非印刷控制器；不从商品图推定无线功能。","GPT-6 Astra Pro"
"gb","vot","536","6ed11be12ff29e0270e54726076d3883f56e232b3fc23917ddc6e5c4ef39bcb7","box_darkroom_noocc_6_1","00000101","conflicting","box","yellow-green rectangular side; dark print; adjacent dark face","contents; wireless function; material; print","","book","yellow cover; text on cover","2026-10-06T04:19:45.145Z","true","corrected","box","yellow-green rectangular side; dark print; adjacent dark face","contents; wireless function; material; print","","初始化索引 100：紅框为包装整体而非印刷控制器；不从商品图推定无线功能。","GPT-6 Astra Pro"
"gb","vot","537","ad73f2a499cd691b455c7a393a7b275030ce59af2a5f3a05a9fd93f4fe7ad4df","box_darkroom_noocc_6_1","00000151","conflicting","box","dark package face; yellow-green border; pale printed graphics","contents; wireless function; material; print","","book","green cover; text on cover; rectangular shape","2026-10-06T04:19:46.682Z","true","corrected","box","dark package face; yellow-green border; pale printed graphics","contents; wireless function; material; print","","初始化索引 150：紅框为包装整体而非印刷控制器；不从商品图推定无线功能。","GPT-6 Astra Pro"
"gb","vot","538","6a000ef963f39ded89f25bab1c9fc70096da111fc44667a20431efbf3bd3f686","box_darkroom_noocc_6_1","00000201","conflicting","box","yellow-green rectangular side; dark print; adjacent dark face","contents; wireless function; material; print","","box","green; textured","2026-10-06T04:19:48.138Z","true","corrected","box","yellow-green rectangular side; dark print; adjacent dark face","contents; wireless function; material; print","","初始化索引 200：紅框为包装整体而非印刷控制器；不从商品图推定无线功能。","GPT-6 Astra Pro"
"gb","vot","539","1fceac890aac2a49e1d2915e323d7be8b8ef49eb9d44b3467da8200229f51e75","box_darkroom_noocc_6_1","00000251","conflicting","box","dark package face; yellow-green border; pale printed graphics","contents; wireless function; material; print","","book","textured cover; dark color","2026-10-06T04:19:49.577Z","true","corrected","box","dark package face; yellow-green border; pale printed graphics","contents; wireless function; material; print","","初始化索引 250：紅框为包装整体而非印刷控制器；不从商品图推定无线功能。","GPT-6 Astra Pro"
"gb","vot","540","9c088c4e44a2c2a6d82b1511fb37aedfeeba639b407764a85bc68c7ee0be0b67","box_darkroom_noocc_6_1","00000301","conflicting","box","dark package face; yellow-green border; pale printed graphics","contents; wireless function; material; print","","boxed item","black box; text on box","2026-10-06T04:19:52.082Z","true","supported","box","dark package face; yellow-green border; pale printed graphics","contents; wireless function; material; print","","初始化索引 300：紅框为包装整体而非印刷控制器；不从商品图推定无线功能。","GPT-6 Astra Pro"
"gb","vot","541","e3e8246a4c58474a724bd0c6bf62b04257d0cf1da08e6a942a4ad6c8609fe433","box_darkroom_noocc_6_1","00000351","conflicting","box","yellow-green rectangular side; dark print; adjacent dark face","contents; wireless function; material; print","","box","green label; text on label; rectangular shape","2026-10-06T04:19:55.193Z","true","supported","box","yellow-green rectangular side; dark print; adjacent dark face","contents; wireless function; material; print","","初始化索引 350：紅框为包装整体而非印刷控制器；不从商品图推定无线功能。","GPT-6 Astra Pro"
"gb","vot","542","7797d1ad4c8fa05e459e77c2708012cf64c864d40fe4e9e0f1aa9bd2071d9264","box_darkroom_noocc_6_1","00000401","conflicting","box","dark package face; yellow-green border; pale printed graphics","contents; wireless function; material; print","","box","brown; rectangular; textured","2026-10-06T04:19:57.738Z","true","corrected","box","dark package face; yellow-green border; pale printed graphics","contents; wireless function; material; print","","初始化索引 400：紅框为包装整体而非印刷控制器；不从商品图推定无线功能。","GPT-6 Astra Pro"
"gb","vot","543","2fe4673521677f9e2f5029a2b74b72d778320335761a54cebbe70cd6ed3f2c57","box_darkroom_noocc_6_1","00000451","conflicting","box","dark package face; yellow-green border; pale printed graphics","contents; wireless function; material; print","","calculator","gray case; green buttons; black keyboard","2026-10-06T04:21:41.169Z","true","corrected","box","dark package face; yellow-green border; pale printed graphics","contents; wireless function; material; print","","初始化索引 450：紅框为包装整体而非印刷控制器；不从商品图推定无线功能。","GPT-6 Astra Pro"
"gb","vot","544","e22ba27ba8e0bac1697719e204aebb2866187a6cd8d33f8b3446802ee2614c91","box_darkroom_noocc_6_1","00000501","conflicting","box","dark package face; yellow-green border; pale printed graphics","contents; wireless function; material; print","","box","green and black; rectangular","2026-10-06T04:21:43.802Z","true","supported","box","dark package face; yellow-green border; pale printed graphics","contents; wireless function; material; print","","初始化索引 500：紅框为包装整体而非印刷控制器；不从商品图推定无线功能。","GPT-6 Astra Pro"
"gb","vot","545","d77d815f98f949d5e1592cb76d464953d1d8af35cad901452c4075217dd8a7cd","box_darkroom_noocc_6_1","00000551","conflicting","box","yellow-green rectangular side; dark print; adjacent dark face","contents; wireless function; material; print","","package","yellow and green; rectangular shape; text on front","2026-10-06T04:21:46.178Z","true","supported","box","yellow-green rectangular side; dark print; adjacent dark face","contents; wireless function; material; print","","初始化索引 550：紅框为包装整体而非印刷控制器；不从商品图推定无线功能。","GPT-6 Astra Pro"
"gb","vot","546","a9645886cf1ec5faa230f335db5426d190a7262eca16605421d52d08ab7570b8","box_darkroom_noocc_6_1","00000601","conflicting","box","yellow-green rectangular side; dark print; adjacent dark face","contents; wireless function; material; print","","box","yellow; textured; rectangular","2026-10-06T04:21:48.474Z","true","corrected","box","yellow-green rectangular side; dark print; adjacent dark face","contents; wireless function; material; print","","初始化索引 600：紅框为包装整体而非印刷控制器；不从商品图推定无线功能。","GPT-6 Astra Pro"
"gb","vot","547","4792df850f645a8d32f584cdb6015843f0f1ceef5306f6d1367ac0dca3c8b583","box_darkroom_noocc_6_1","00000651","conflicting","box","dark package face; yellow-green border; pale printed graphics","contents; wireless function; material; print","","package","green and yellow; rectangular shape; text on front","2026-10-06T04:21:50.617Z","true","supported","box","dark package face; yellow-green border; pale printed graphics","contents; wireless function; material; print","","初始化索引 650：紅框为包装整体而非印刷控制器；不从商品图推定无线功能。","GPT-6 Astra Pro"
"gb","vot","548","4297e9ee4e2c56a8da120a42c3ff4f9f020a8aea4f8e54a37ebfc61c833bdf76","box_darkroom_noocc_6_1","00000701","conflicting","box","yellow-green rectangular side; dark print; adjacent dark face","contents; wireless function; material; print","","book","green cover; text on cover","2026-10-06T04:21:52.843Z","true","corrected","box","yellow-green rectangular side; dark print; adjacent dark face","contents; wireless function; material; print","","初始化索引 700：紅框为包装整体而非印刷控制器；不从商品图推定无线功能。","GPT-6 Astra Pro"
"gb","vot","549","e37ce99e0aea9bb5d163528a357b80b7cd8a73d3297008d5657c50784b05fbd3","box_darkroom_noocc_6_1","00000751","conflicting","box","dark package face; yellow-green border; pale printed graphics","contents; wireless function; material; print","","package","yellow and black; rectangular shape; text on package","2026-10-06T04:21:55.033Z","true","supported","box","dark package face; yellow-green border; pale printed graphics","contents; wireless function; material; print","","初始化索引 750：紅框为包装整体而非印刷控制器；不从商品图推定无线功能。","GPT-6 Astra Pro"
"gb","vot","550","6fcfd6ef5998de8c37e7d9a6ad3a4cd63c890e6b4669958cf06b7e04c7c2443e","box_darkroom_noocc_6_1","00000801","conflicting","box","dark package face; yellow-green border; pale printed graphics","contents; wireless function; material; print","","book","textured cover; colorful design","2026-10-06T04:21:57.242Z","true","corrected","box","dark package face; yellow-green border; pale printed graphics","contents; wireless function; material; print","","初始化索引 800：紅框为包装整体而非印刷控制器；不从商品图推定无线功能。","GPT-6 Astra Pro"
"gb","vot","551","9962cad9f606b821bb489c7c8f6eca21ac304badab111dd3627a54f2b78bf828","box_darkroom_noocc_6_1","00000851","conflicting","box","yellow-green rectangular side; dark print; adjacent dark face","contents; wireless function; material; print","","package","yellow and green; rectangular shape; text on front","2026-10-06T04:21:59.321Z","true","supported","box","yellow-green rectangular side; dark print; adjacent dark face","contents; wireless function; material; print","","初始化索引 850：紅框为包装整体而非印刷控制器；不从商品图推定无线功能。","GPT-6 Astra Pro"
"gb","vot","552","eac0ad7a4b04c491a7f5a816ee5b1d394b7f7cb82f55c1ae1d94a14846d1b09a","box_darkroom_noocc_6_1","00000901","conflicting","box","yellow-green rectangular side; dark print; adjacent dark face","contents; wireless function; material; print","","box","green label; text on label; rectangular shape","2026-10-06T04:22:02.089Z","true","supported","box","yellow-green rectangular side; dark print; adjacent dark face","contents; wireless function; material; print","","初始化索引 900：紅框为包装整体而非印刷控制器；不从商品图推定无线功能。","GPT-6 Astra Pro"
"gb","vot","553","4ec19c2e0269f1d651a6cb393c3d12c9b06aa9a30b3efe829f73eb2bbcb75646","box_darkroom_noocc_6_1","00000951","conflicting","box","dark package face; yellow-green border; pale printed graphics","contents; wireless function; material; print","","image","textured surface; indistinct pattern","2026-10-06T04:22:06.442Z","true","corrected","box","dark package face; yellow-green border; pale printed graphics","contents; wireless function; material; print","","初始化索引 950：紅框为包装整体而非印刷控制器；不从商品图推定无线功能。","GPT-6 Astra Pro"
"gb","vot","554","00af77d93504d2f37a0099db5d432e5128ed44a1ecfd1e88e2aa7d4d87ccbc91","box_darkroom_noocc_6_1","00001001","conflicting","box","dark package face; yellow-green border; pale printed graphics","contents; wireless function; material; print","","computer keyboard","black keys; white spacebar","2026-10-06T04:22:07.826Z","true","corrected","box","dark package face; yellow-green border; pale printed graphics","contents; wireless function; material; print","","初始化索引 1000：紅框为包装整体而非印刷控制器；不从商品图推定无线功能。","GPT-6 Astra Pro"
"gb","vot","555","30df714d5787bc2cf019ffb0ef829d1f6bfcc554be2a5246fb283dac2760dfda","box_darkroom_noocc_6_1","00001051","conflicting","box","yellow-green rectangular side; dark print; adjacent dark face","contents; wireless function; material; print","","book","green cover; text on cover","2026-10-06T04:22:09.209Z","true","corrected","box","yellow-green rectangular side; dark print; adjacent dark face","contents; wireless function; material; print","","初始化索引 1050：紅框为包装整体而非印刷控制器；不从商品图推定无线功能。","GPT-6 Astra Pro"
"gb","vot","556","6db310c52d7a137dccdaecbcc185418833e870988e8ce083b197ade56dcc3ca8","box_darkroom_noocc_6_1","00001076","conflicting","box","dark package face; yellow-green border; pale printed graphics","contents; wireless function; material; print","","book","textured cover; black pages","2026-10-06T04:22:11.633Z","true","corrected","box","dark package face; yellow-green border; pale printed graphics","contents; wireless function; material; print","","初始化索引 1075：紅框为包装整体而非印刷控制器；不从商品图推定无线功能。","GPT-6 Astra Pro"
"gb","vot","557","89cfb520c50dc23ef98df69094a2e1b36c516f391940607408ef2b1aa2e7f094","box_darkroom_noocc_7_1","00000001","conflicting","box","long dark printed face; narrow orange edge","contents; material; print","","box","black; rectangular","2026-10-06T04:22:15.289Z","true","supported","box","long dark printed face; narrow orange edge","contents; material; print","","初始化索引 0：红框为长盒，非衣物、吉他、鞋或滑板。","GPT-6 Astra Pro"
"gb","vot","558","f972079795681b484c937209316a56a7206c508a00499a15bf32fa2c19f31c13","box_darkroom_noocc_7_1","00000051","conflicting","box","long dark printed face; narrow orange edge","contents; material; print","","shirt","dark blue; text on front","2026-10-06T04:22:17.706Z","true","corrected","box","long dark printed face; narrow orange edge","contents; material; print","","初始化索引 50：红框为长盒，非衣物、吉他、鞋或滑板。","GPT-6 Astra Pro"
"gb","vot","559","91ebec7ae3dfef7df090712c7a248c4253bfde65d01bc2cec2c0e7e7e233ccb1","box_darkroom_noocc_7_1","00000101","conflicting","box","long orange-brown rectangular panel; dark edge","contents; material; print","","guitar","wooden body; fretboard; strings","2026-10-06T04:23:28.497Z","true","corrected","box","long orange-brown rectangular panel; dark edge","contents; material; print","","初始化索引 100：红框为长盒，非衣物、吉他、鞋或滑板。","GPT-6 Astra Pro"
"gb","vot","560","2ad6576ca8128854095f246e4e3476107afa00481d5e05cbfe066259f3ca01cb","box_darkroom_noocc_7_1","00000151","conflicting","box","long dark printed face; narrow orange edge","contents; material; print","","box","black and white design; text on box","2026-10-06T04:23:31.465Z","true","supported","box","long dark printed face; narrow orange edge","contents; material; print","","初始化索引 150：红框为长盒，非衣物、吉他、鞋或滑板。","GPT-6 Astra Pro"
"gb","vot","561","b22f8bbb83ff7a81147f135dbb4a87037e4a3f369d74a30e9f08e30f1a59c5f3","box_darkroom_noocc_7_1","00000201","conflicting","box","long orange-brown rectangular panel; dark edge","contents; material; print","","box","wooden; open; textured","2026-10-06T04:23:34.529Z","true","corrected","box","long orange-brown rectangular panel; dark edge","contents; material; print","","初始化索引 200：红框为长盒，非衣物、吉他、鞋或滑板。","GPT-6 Astra Pro"
"gb","vot","562","c8226e4ec5ad1fc982ef041f8f90bd575be825b93650e9ab704c2d68f0af916d","box_darkroom_noocc_7_1","00000251","conflicting","box","long dark printed face; narrow orange edge","contents; material; print","","book","brown cover; text on spine","2026-10-06T04:23:37.041Z","true","corrected","box","long dark printed face; narrow orange edge","contents; material; print","","初始化索引 250：红框为长盒，非衣物、吉他、鞋或滑板。","GPT-6 Astra Pro"
"gb","vot","563","42a31eb617ce50fb947a61d82ae35381a099ea05849c314b1cbae758ddca8d26","box_darkroom_noocc_7_1","00000301","conflicting","box","long dark printed face; narrow orange edge","contents; material; print","","package","black and white design; text on package","2026-10-06T04:23:39.371Z","true","supported","box","long dark printed face; narrow orange edge","contents; material; print","","初始化索引 300：红框为长盒，非衣物、吉他、鞋或滑板。","GPT-6 Astra Pro"
"gb","vot","564","3893a68c56992ddd961ca64044ca12cc844de4755cf8b8711a0884698bf34073","box_darkroom_noocc_7_1","00000362","conflicting","box","long dark printed face; narrow orange edge","contents; material; print","","camera","black body; text on front","2026-10-06T04:23:42.034Z","true","corrected","box","long dark printed face; narrow orange edge","contents; material; print","","初始化索引 361：红框为长盒，非衣物、吉他、鞋或滑板。","GPT-6 Astra Pro"
"gb","vot","565","76b0cd00a30ed3d64a286949a503de89ba4ea6d705edcb260c420f17de8a6f40","box_darkroom_noocc_7_1","00000401","conflicting","box","long dark printed face; narrow orange edge","contents; material; print","","book","black cover; text on spine","2026-10-06T04:23:44.761Z","true","corrected","box","long dark printed face; narrow orange edge","contents; material; print","","初始化索引 400：红框为长盒，非衣物、吉他、鞋或滑板。","GPT-6 Astra Pro"
"gb","vot","566","5adc52062e551626de56c4c30e70f1c1ecf9dd8b43691826f20a027f516fbbd0","box_darkroom_noocc_7_1","00000451","conflicting","box","long orange-brown rectangular panel; dark edge","contents; material; print","","box","orange; rectangular; textured","2026-10-06T04:23:47.058Z","true","corrected","box","long orange-brown rectangular panel; dark edge","contents; material; print","","初始化索引 450：红框为长盒，非衣物、吉他、鞋或滑板。","GPT-6 Astra Pro"
"gb","vot","567","ee3b712845a05a65c5405bda028f61ecb3b0bacd32420d192fd0b7204ff62d67","box_darkroom_noocc_7_1","00000501","conflicting","box","long dark printed face; narrow orange edge","contents; material; print","","box","blue and white design; text on box","2026-10-06T04:23:49.465Z","true","supported","box","long dark printed face; narrow orange edge","contents; material; print","","初始化索引 500：红框为长盒，非衣物、吉他、鞋或滑板。","GPT-6 Astra Pro"
"gb","vot","568","4ada8cc474935f53972cb3c57f9f256bbbbf388cc36973c7cc621f1eb91e6243","box_darkroom_noocc_7_1","00000551","conflicting","box","long dark printed face; narrow orange edge","contents; material; print","","sneaker","black; textured sole; worn pattern","2026-10-06T04:23:52.033Z","true","corrected","box","long dark printed face; narrow orange edge","contents; material; print","","初始化索引 550：红框为长盒，非衣物、吉他、鞋或滑板。","GPT-6 Astra Pro"
"gb","vot","569","3bf539663f833d16180bfa4c6b5f2939a1a361d829564f950d5de6e39f9a64e7","box_darkroom_noocc_7_1","00000601","conflicting","box","long dark printed face; narrow orange edge","contents; material; print","","skateboard","black deck; worn grip tape; red and white stripes","2026-10-06T04:23:54.425Z","true","corrected","box","long dark printed face; narrow orange edge","contents; material; print","","初始化索引 600：红框为长盒，非衣物、吉他、鞋或滑板。","GPT-6 Astra Pro"
"gb","vot","570","7ee0e9c2c924553d8e7ef8087336967ae4523f0f2d88aa948fdd0a44e8422352","box_darkroom_noocc_7_1","00000654","conflicting","box","long dark printed face; narrow orange edge","contents; material; print","","book","textured cover; black spine","2026-10-06T04:23:57.249Z","true","corrected","box","long dark printed face; narrow orange edge","contents; material; print","","初始化索引 653：红框为长盒，非衣物、吉他、鞋或滑板。","GPT-6 Astra Pro"
"gb","vot","571","08ac4a1629406b7d84ac39cbb6fd98a7a8d808e6e77629f53633aca02a743000","box_darkroom_noocc_7_1","00000697","conflicting","box","long dark printed face; narrow orange edge","contents; material; print","","book","red cover; text on spine","2026-10-06T04:24:00.770Z","true","corrected","box","long dark printed face; narrow orange edge","contents; material; print","","初始化索引 696：红框为长盒，非衣物、吉他、鞋或滑板。","GPT-6 Astra Pro"
"gb","vot","572","39e96c3813f7c6824b33e6d62fea9a2b93f1a22d32d24e30b1f58e9e7e6e269a","box_humans_room_occ_1_1","00000001","conflicting","box","black rectangular box; green XMG lettering; printed border","contents; material","","logo","green letters; digital appearance","2026-10-06T04:24:05.849Z","true","corrected","box","black rectangular box; green XMG lettering; printed border","contents; material","","初始化索引 0：红框为手提整盒，不是logo或电脑屏幕。","GPT-6 Astra Pro"
"gb","vot","573","c16b7eb9474e5e903b39c749797d584cd727f3ea21eefd0d894568cd5b57afe6","box_humans_room_occ_1_1","00000051","conflicting","box","black rectangular box; green XMG lettering; printed border","contents; material","","logo","green letters; digital appearance","2026-10-06T04:24:07.762Z","true","corrected","box","black rectangular box; green XMG lettering; printed border","contents; material","","初始化索引 50：红框为手提整盒，不是logo或电脑屏幕。","GPT-6 Astra Pro"
"gb","vot","574","db8a025cdd4719d6dcf4394f7f45e435fe3e5d7bf62b0479b718f2f8790d690f","box_humans_room_occ_1_1","00000101","conflicting","box","black rectangular box; green XMG lettering; printed border","contents; material","","logo","green letters; textured background","2026-10-06T04:24:09.515Z","true","corrected","box","black rectangular box; green XMG lettering; printed border","contents; material","","初始化索引 100：红框为手提整盒，不是logo或电脑屏幕。","GPT-6 Astra Pro"
"gb","vot","575","4b7b0beedebe064888fb600da7607e1ea795f7f8d10394741b034f47fc51f3e9","box_humans_room_occ_1_1","00000151","conflicting","box","black rectangular box; green XMG lettering; printed border","contents; material","","computer monitor","green text; black bezel; rectangular shape","2026-10-06T04:24:12.233Z","true","corrected","box","black rectangular box; green XMG lettering; printed border","contents; material","","初始化索引 150：红框为手提整盒，不是logo或电脑屏幕。","GPT-6 Astra Pro"
"gb","vot","576","9d75d4c1b0e0f3b5362299b809e13eba4117350fd0f86dab158279153fb69ba1","box_humans_room_occ_1_1","00000201","conflicting","box","black rectangular box; green XMG lettering; printed border","contents; material","","computer monitor","black bezel; green logo; text on screen","2026-10-06T04:24:16.387Z","true","corrected","box","black rectangular box; green XMG lettering; printed border","contents; material","","初始化索引 200：红框为手提整盒，不是logo或电脑屏幕。","GPT-6 Astra Pro"
"gb","vot","577","f5da020d850562085276f0ae44d591c6db93d90a9bd37785d3e68ed3a8bbb36b","box_humans_room_occ_1_1","00000251","conflicting","box","black rectangular box; green XMG lettering; printed border","contents; material","","electronic device","green text; rectangular shape; digital display","2026-10-06T04:24:19.609Z","true","corrected","box","black rectangular box; green XMG lettering; printed border","contents; material","","初始化索引 250：红框为手提整盒，不是logo或电脑屏幕。","GPT-6 Astra Pro"
"gb","vot","578","1cba591e0d6b30934327a91f150d4449626bba24199da44f40b5ba0e3b2e9785","box_humans_room_occ_1_1","00000301","conflicting","box","black rectangular box; green XMG lettering; printed border","contents; material","","screen","green text; digital display","2026-10-06T04:24:23.130Z","true","corrected","box","black rectangular box; green XMG lettering; printed border","contents; material","","初始化索引 300：红框为手提整盒，不是logo或电脑屏幕。","GPT-6 Astra Pro"
"gb","vot","579","de8544e21796c553c352845cd01fc1424ec4ae9909597009b453c7fa1c0ef483","box_humans_room_occ_1_1","00000351","conflicting","box","black rectangular box; green XMG lettering; printed border","contents; material","","computer monitor","black bezel; green logo; text on screen","2026-10-06T04:24:26.986Z","true","corrected","box","black rectangular box; green XMG lettering; printed border","contents; material","","初始化索引 350：红框为手提整盒，不是logo或电脑屏幕。","GPT-6 Astra Pro"
"gb","vot","580","66edeb8cdb6ca05e5eab8ef0fb1760a424cc491153f902548b30624dac2a9e0d","box_humans_room_occ_1_1","00000401","conflicting","box","black rectangular box; green XMG lettering; printed border","contents; material","","logo","green text; bold font","2026-10-06T04:25:25.082Z","true","corrected","box","black rectangular box; green XMG lettering; printed border","contents; material","","初始化索引 400：红框为手提整盒，不是logo或电脑屏幕。","GPT-6 Astra Pro"
"gb","vot","581","b7f15d6b57f5b2e6aafbdf90f5cc9ec4f074403db876af93b8bee32d33dce1f6","box_humans_room_occ_1_1","00000411","conflicting","box","black rectangular box; green XMG lettering; printed border","contents; material","","computer monitor","black screen; green text","2026-10-06T04:25:26.977Z","true","corrected","box","black rectangular box; green XMG lettering; printed border","contents; material","","初始化索引 410：红框为手提整盒，不是logo或电脑屏幕。","GPT-6 Astra Pro"
"gb","vot","582","8336dff0b470f295a98f1a6b69a02d3a1c6fc3f833e64f7fb0cbdd19a0ce8998","box_room_noocc_3_1","00000001","conflicting","box","long narrow rectangular package; dark face; orange edge","contents; material; print","","poster","vertical orientation; text on poster","2026-10-06T04:25:28.793Z","true","corrected","box","long narrow rectangular package; dark face; orange edge","contents; material; print","","初始化索引 0：红框是细长包装，印刷产品不是真实乐器、剑或键盘。","GPT-6 Astra Pro"
"gb","vot","583","8236e2b5412fd1dfcb5d2cede3acff4c872408d62d4b5c315fbf1b2f1f26ffa0","box_room_noocc_3_1","00000051","conflicting","box","long narrow rectangular package; dark face; orange edge","contents; material; print","","scroll","black; textured","2026-10-06T04:25:32.418Z","true","corrected","box","long narrow rectangular package; dark face; orange edge","contents; material; print","","初始化索引 50：红框是细长包装，印刷产品不是真实乐器、剑或键盘。","GPT-6 Astra Pro"
"gb","vot","584","eb4f1fe528382b3acaaa4c6d02a62e4e9c168dd4456fee24f0af9f324ad043c2","box_room_noocc_3_1","00000101","conflicting","box","long narrow rectangular package; dark face; orange edge","contents; material; print","","target","black and white; rectangular; metallic","2026-10-06T04:25:35.769Z","true","corrected","box","long narrow rectangular package; dark face; orange edge","contents; material; print","","初始化索引 100：红框是细长包装，印刷产品不是真实乐器、剑或键盘。","GPT-6 Astra Pro"
"gb","vot","585","63449705e338eab7fc6c3eec1e5117c9e3d2335bc0e13b965c8983db55f8b6a2","box_room_noocc_3_1","00000151","conflicting","box","long narrow rectangular package; dark face; orange edge","contents; material; print","","camera","black and silver; rectangular shape; text on the front","2026-10-06T04:25:37.706Z","true","corrected","box","long narrow rectangular package; dark face; orange edge","contents; material; print","","初始化索引 150：红框是细长包装，印刷产品不是真实乐器、剑或键盘。","GPT-6 Astra Pro"
"gb","vot","586","1b408140729441a13ed40bcb7325586c3466914fef670a189009c5547a064950","box_room_noocc_3_1","00000201","conflicting","box","long narrow rectangular package; dark face; orange edge","contents; material; print","","package","purple and yellow label; text on label","2026-10-06T04:25:39.089Z","true","corrected","box","long narrow rectangular package; dark face; orange edge","contents; material; print","","初始化索引 200：红框是细长包装，印刷产品不是真实乐器、剑或键盘。","GPT-6 Astra Pro"
"gb","vot","587","e1366d494f4712a16c9b936316208a1b53410391e418e280869938e54abd1944","box_room_noocc_3_1","00000251","conflicting","box","long narrow rectangular package; dark face; orange edge","contents; material; print","","package","black and white; rectangular; text on front","2026-10-06T04:25:41.898Z","true","corrected","box","long narrow rectangular package; dark face; orange edge","contents; material; print","","初始化索引 250：红框是细长包装，印刷产品不是真实乐器、剑或键盘。","GPT-6 Astra Pro"
"gb","vot","588","fa119dacb84975ef5376c340ca010c30e77de1fa7bad6b5f7c6c260350b3b2e0","box_room_noocc_3_1","00000301","conflicting","box","long narrow rectangular package; dark face; orange edge","contents; material; print","","guitar","black body; white neck; fretboard","2026-10-06T04:25:48.649Z","true","corrected","box","long narrow rectangular package; dark face; orange edge","contents; material; print","","初始化索引 300：红框是细长包装，印刷产品不是真实乐器、剑或键盘。","GPT-6 Astra Pro"
"gb","vot","589","cefc0c49f6dd9b971186b7396277507ec3354dfe272a650f941e75cfc105614a","box_room_noocc_3_1","00000351","conflicting","box","long narrow rectangular package; dark face; orange edge","contents; material; print","","book","black cover; white spine","2026-10-06T04:25:50.913Z","true","corrected","box","long narrow rectangular package; dark face; orange edge","contents; material; print","","初始化索引 350：红框是细长包装，印刷产品不是真实乐器、剑或键盘。","GPT-6 Astra Pro"
"gb","vot","590","b455d722ead51c764d65f767ed4bf88d80213d0c90de9be8f7b2f068118e960e","box_room_noocc_3_1","00000401","conflicting","box","long orange rectangular face; pale print","contents; material; print","","book","orange cover; text on spine","2026-10-06T04:25:53.561Z","true","corrected","box","long orange rectangular face; pale print","contents; material; print","","初始化索引 400：本帧为橙色长盒面，不是木板、棋盘或书。","GPT-6 Astra Pro"
"gb","vot","591","dd1c1831e26ece870284b36e592d2506a646b8797518f066904c82b4b10f2edf","box_room_noocc_3_1","00000451","conflicting","box","long narrow rectangular package; dark face; orange edge","contents; material; print","","package","black and orange; rectangular shape; text on package","2026-10-06T04:25:58.146Z","true","supported","box","long narrow rectangular package; dark face; orange edge","contents; material; print","","初始化索引 450：红框是细长包装，印刷产品不是真实乐器、剑或键盘。","GPT-6 Astra Pro"
"gb","vot","592","e5154c053e7fc6f153eacc1cbc159a3d59adff9139da0d2775b354104426aed8","box_room_noocc_3_1","00000501","conflicting","box","long narrow rectangular package; dark face; orange edge","contents; material; print","","package","black and orange; rectangular shape; text on front","2026-10-06T04:26:40.802Z","true","supported","box","long narrow rectangular package; dark face; orange edge","contents; material; print","","初始化索引 500：红框是细长包装，印刷产品不是真实乐器、剑或键盘。","GPT-6 Astra Pro"
"gb","vot","593","ddb6293cfec7dd6fed2a0ed7761ace98e6a7aeb6efc664c0f6081f548c6e53df","box_room_noocc_3_1","00000551","conflicting","box","long narrow rectangular package; dark face; orange edge","contents; material; print","","package","black and white design; rectangular shape","2026-10-06T04:26:42.649Z","true","supported","box","long narrow rectangular package; dark face; orange edge","contents; material; print","","初始化索引 550：红框是细长包装，印刷产品不是真实乐器、剑或键盘。","GPT-6 Astra Pro"
"gb","vot","594","c0041c396e23eaeb8ec9e8e1a2e65e742360126fbe60dca1a3d4688f7fd106a5","box_room_noocc_3_1","00000601","conflicting","box","long orange rectangular face; pale print","contents; material; print","","box","orange; rectangular; textured","2026-10-06T04:26:44.066Z","true","corrected","box","long orange rectangular face; pale print","contents; material; print","","初始化索引 600：本帧为橙色长盒面，不是木板、棋盘或书。","GPT-6 Astra Pro"
"gb","vot","595","7567f6b98d8251fdc39db9482096750ad04d5df9ae05ee6c96a9bd9ce8bd2be1","box_room_noocc_3_1","00000651","conflicting","box","long orange rectangular face; pale print","contents; material; print","","book","orange cover; text on cover","2026-10-06T04:26:45.609Z","true","corrected","box","long orange rectangular face; pale print","contents; material; print","","初始化索引 650：本帧为橙色长盒面，不是木板、棋盘或书。","GPT-6 Astra Pro"
"gb","vot","596","f3ac778d4708ceb1b09252e6da7d2fc53e7b374762e6aef96d2eb3b4b0a9204c","box_room_noocc_3_1","00000701","conflicting","box","long orange rectangular face; pale print","contents; material; print","","box","orange; rectangular; closed","2026-10-06T04:26:49.162Z","true","corrected","box","long orange rectangular face; pale print","contents; material; print","","初始化索引 700：本帧为橙色长盒面，不是木板、棋盘或书。","GPT-6 Astra Pro"
"gb","vot","597","6617fc8a9d269f17a0f1ec37b9a899382e6384f06f84497e1daf0b992a93f5f3","box_room_noocc_3_1","00000751","conflicting","box","long orange rectangular face; pale print","contents; material; print","","board game","wooden surface; squares; colorful tiles","2026-10-06T04:26:50.770Z","true","corrected","box","long orange rectangular face; pale print","contents; material; print","","初始化索引 750：本帧为橙色长盒面，不是木板、棋盘或书。","GPT-6 Astra Pro"
"gb","vot","598","aca80d5ed839853c38465b6c1f52c1563ecb05d4b9c6a69867ce98a2ea55a6e2","box_room_noocc_3_1","00000801","conflicting","box","long orange rectangular face; pale print","contents; material; print","","box","orange and black; rectangular; closed","2026-10-06T04:26:52.537Z","true","corrected","box","long orange rectangular face; pale print","contents; material; print","","初始化索引 800：本帧为橙色长盒面，不是木板、棋盘或书。","GPT-6 Astra Pro"
"gb","vot","599","bc9efecee28723f4dd7b0a7612ee3abc04a48572745beed7fc6d49f8bb2849fc","box_room_noocc_3_1","00000851","conflicting","box","long orange rectangular face; pale print","contents; material; print","","box","wooden; rectangular","2026-10-06T04:26:54.042Z","true","corrected","box","long orange rectangular face; pale print","contents; material; print","","初始化索引 850：本帧为橙色长盒面，不是木板、棋盘或书。","GPT-6 Astra Pro"
"gb","vot","600","405f911e111c1e090ff8e682dff98f76b2096dfaa498ac40aeac4179799714ad","box_room_noocc_3_1","00000901","conflicting","box","long orange rectangular face; pale print","contents; material; print","","book","orange cover; text on cover","2026-10-06T04:26:55.915Z","true","corrected","box","long orange rectangular face; pale print","contents; material; print","","初始化索引 900：本帧为橙色长盒面，不是木板、棋盘或书。","GPT-6 Astra Pro"
"gb","vot","601","c789e61a1c9c0d27c2088b950aa5b7542c9c6985f0ff19a6e734a74d6ce273ac","box_room_noocc_3_1","00000951","conflicting","box","long orange rectangular face; pale print","contents; material; print","","book","orange cover; white text","2026-10-06T04:26:57.641Z","true","corrected","box","long orange rectangular face; pale print","contents; material; print","","初始化索引 950：本帧为橙色长盒面，不是木板、棋盘或书。","GPT-6 Astra Pro"
"gb","vot","602","549177d98475bc0ff35aae2ba2a0306380f002c1bb0e227adb3e20cb792fa862","box_room_noocc_3_1","00001001","conflicting","box","long narrow rectangular package; dark face; orange edge","contents; material; print","","sword","wooden handle; metal blade","2026-10-06T04:26:59.114Z","true","corrected","box","long narrow rectangular package; dark face; orange edge","contents; material; print","","初始化索引 1000：红框是细长包装，印刷产品不是真实乐器、剑或键盘。","GPT-6 Astra Pro"
"gb","vot","603","06d1e10f94e943650d2a112781762fa5f1653d30f2faa7230dac7193d4d972d2","box_room_noocc_3_1","00001051","conflicting","box","long narrow rectangular package; dark face; orange edge","contents; material; print","","box","black; textured","2026-10-06T04:27:00.554Z","true","supported","box","long narrow rectangular package; dark face; orange edge","contents; material; print","","初始化索引 1050：红框是细长包装，印刷产品不是真实乐器、剑或键盘。","GPT-6 Astra Pro"
"gb","vot","604","634e863d28f044a4162670bc121a0390a6f211119340f03035d6cb4c6951f3fa","box_room_noocc_3_1","00001101","conflicting","box","long narrow rectangular package; dark face; orange edge","contents; material; print","","computer keyboard","black keys; white spacebar; red backlit keys","2026-10-06T04:27:02.378Z","true","corrected","box","long narrow rectangular package; dark face; orange edge","contents; material; print","","初始化索引 1100：红框是细长包装，印刷产品不是真实乐器、剑或键盘。","GPT-6 Astra Pro"
"gb","vot","605","97d64f657733bcad2f3cd016ac9ec54261ec4239be8693f3dffd18978b075679","box_room_noocc_3_1","00001132","conflicting","box","long orange rectangular face; pale print","contents; material; print","","board game","orange and white; rectangular shape; text on board","2026-10-06T04:27:04.193Z","true","corrected","box","long orange rectangular face; pale print","contents; material; print","","初始化索引 1131：本帧为橙色长盒面，不是木板、棋盘或书。","GPT-6 Astra Pro"
"gb","vot","606","2c01267e56fc14abcb1d2fb3d79c1b40422e332384e2c98d6d569dabca0b8c24","box_room_noocc_4_1","00000001","conflicting","box","dark rectangular package; yellow-green border; printed panel","contents; buttons; display","","video game controller","black and red; boxed; rectangular","2026-10-06T04:27:05.514Z","true","corrected","box","dark rectangular package; yellow-green border; printed panel","contents; buttons; display","","初始化索引 0：红框为有厚度的手柄包装，不是裸控制器、遥控器或电脑。","GPT-6 Astra Pro"
"gb","vot","607","7a849c0f1b89d63fe3867f9c9c1944a3897e5e262554073e9ab8d64e941ba63c","box_room_noocc_4_1","00000051","conflicting","box","dark rectangular package; yellow-green border; printed panel","contents; buttons; display","","package","black and white packaging; text on package","2026-10-06T04:27:06.826Z","true","corrected","box","dark rectangular package; yellow-green border; printed panel","contents; buttons; display","","初始化索引 50：红框为有厚度的手柄包装，不是裸控制器、遥控器或电脑。","GPT-6 Astra Pro"
"gb","vot","608","18baa275f6ba0817ee0fd3cedd6e0723a0db3b45b302eb78d542857f1330e111","box_room_noocc_4_1","00000101","conflicting","box","dark rectangular package; yellow-green border; printed panel","contents; buttons; display","","video game controller","black and red; rectangular shape; text on the front","2026-10-06T04:27:08.450Z","true","corrected","box","dark rectangular package; yellow-green border; printed panel","contents; buttons; display","","初始化索引 100：红框为有厚度的手柄包装，不是裸控制器、遥控器或电脑。","GPT-6 Astra Pro"
"gb","vot","609","65cdc3f0b8dcb58924a605ae7a6afcd8b3f166e8938173d99154a7451156f6c6","box_room_noocc_4_1","00000151","conflicting","box","yellow-green narrow side; dark print","contents; buttons; display","","book","green cover; white spine","2026-10-06T04:27:09.873Z","true","corrected","box","yellow-green narrow side; dark print","contents; buttons; display","","初始化索引 150：仅见窄侧标签及盒厚，不补未见控制器正面图。","GPT-6 Astra Pro"
"gb","vot","610","d7150c81462997f5b465dbdeffb2c9bb3645ad1abaa33695a02f2480d83087cc","box_room_noocc_4_1","00000201","conflicting","box","dark rectangular package; yellow-green border; printed panel","contents; buttons; display","","video game controller","black and white design; text on the front","2026-10-06T04:27:11.482Z","true","corrected","box","dark rectangular package; yellow-green border; printed panel","contents; buttons; display","","初始化索引 200：红框为有厚度的手柄包装，不是裸控制器、遥控器或电脑。","GPT-6 Astra Pro"
"gb","vot","611","1374761a0de76721480ab794e3356cf2f71d88d5cc3188e727525a8867e3aff5","box_room_noocc_4_1","00000251","conflicting","box","dark rectangular package; yellow-green border; printed panel","contents; buttons; display","","video game controller","black and red; rectangular shape; text on surface","2026-10-06T04:27:12.906Z","true","corrected","box","dark rectangular package; yellow-green border; printed panel","contents; buttons; display","","初始化索引 250：红框为有厚度的手柄包装，不是裸控制器、遥控器或电脑。","GPT-6 Astra Pro"
"gb","vot","612","9d7439a50fe9f8c25e331b9f23b6e3eaa3a74f211efa690dfd47d54ef7f622a5","box_room_noocc_4_1","00000301","conflicting","box","dark rectangular package; yellow-green border; printed panel","contents; buttons; display","","remote control","black buttons; white surface","2026-10-06T04:33:27.841Z","true","corrected","box","dark rectangular package; yellow-green border; printed panel","contents; buttons; display","","初始化索引 300：红框为有厚度的手柄包装，不是裸控制器、遥控器或电脑。","GPT-6 Astra Pro"
"gb","vot","613","fa79484f0c596cfc67c5a87571a91928a2df75c394848a636a5cafbf89035122","box_room_noocc_4_1","00000351","conflicting","box","yellow-green narrow side; dark print","contents; buttons; display","","book","green cover; animal illustration","2026-10-06T04:33:38.865Z","true","corrected","box","yellow-green narrow side; dark print","contents; buttons; display","","初始化索引 350：仅见窄侧标签及盒厚，不补未见控制器正面图。","GPT-6 Astra Pro"
"gb","vot","614","000d261e2f5a494035c169ca19bac7ab982fcefdf3f14051430d95329e0364fb","box_room_noocc_4_1","00000401","conflicting","box","dark rectangular package; yellow-green border; printed panel","contents; buttons; display","","video game case","white cover; green label","2026-10-06T04:34:25.946Z","true","corrected","box","dark rectangular package; yellow-green border; printed panel","contents; buttons; display","","初始化索引 400：红框为有厚度的手柄包装，不是裸控制器、遥控器或电脑。","GPT-6 Astra Pro"
"gb","vot","615","deab263f5def84e66e950a7910eebc6355efd210f34598c0093d7e5bec9a1ba5","box_room_noocc_4_1","00000451","conflicting","box","dark rectangular package; yellow-green border; printed panel","contents; buttons; display","","book","boxed; dark cover","2026-10-06T04:34:28.010Z","true","corrected","box","dark rectangular package; yellow-green border; printed panel","contents; buttons; display","","初始化索引 450：红框为有厚度的手柄包装，不是裸控制器、遥控器或电脑。","GPT-6 Astra Pro"
"gb","vot","616","cb73de33d0be11d77c74ed4e6e3079b108bfe907c4e0da09a5fc35245c618a46","box_room_noocc_4_1","00000501","conflicting","box","dark rectangular package; yellow-green border; printed panel","contents; buttons; display","","book","black cover; white text; image on cover","2026-10-06T04:34:30.553Z","true","corrected","box","dark rectangular package; yellow-green border; printed panel","contents; buttons; display","","初始化索引 500：红框为有厚度的手柄包装，不是裸控制器、遥控器或电脑。","GPT-6 Astra Pro"
"gb","vot","617","52ce79ecd88a9c3448414e27323849490288743e6c8d2f7a7305137a9245c76d","box_room_noocc_4_1","00000551","conflicting","box","dark rectangular package; yellow-green border; printed panel","contents; buttons; display","","book","black cover; white text","2026-10-06T04:34:31.978Z","true","corrected","box","dark rectangular package; yellow-green border; printed panel","contents; buttons; display","","初始化索引 550：红框为有厚度的手柄包装，不是裸控制器、遥控器或电脑。","GPT-6 Astra Pro"
"gb","vot","618","954dc226b9219f5e8844b85a6d69feac7cc539c0ffb20ec6cd429a6efa595032","box_room_noocc_4_1","00000601","conflicting","box","dark rectangular package; yellow-green border; printed panel","contents; buttons; display","","computer case","black and green; open side panel; text on side","2026-10-06T04:34:33.626Z","true","corrected","box","dark rectangular package; yellow-green border; printed panel","contents; buttons; display","","初始化索引 600：红框为有厚度的手柄包装，不是裸控制器、遥控器或电脑。","GPT-6 Astra Pro"
"gb","vot","619","31bfab1ac0cc779ad0605d38bc163c7ae3ecf441d279c5d95ef95d185529d845","box_room_noocc_4_1","00000651","conflicting","box","yellow-green narrow side; dark print","contents; buttons; display","","video game case","green spine; white label","2026-10-06T04:34:35.282Z","true","corrected","box","yellow-green narrow side; dark print","contents; buttons; display","","初始化索引 650：仅见窄侧标签及盒厚，不补未见控制器正面图。","GPT-6 Astra Pro"
"gb","vot","620","9ffda0ba50c05ef4603c756c248a4257f942b38129d74449c3b803f5c461d1f3","box_room_noocc_4_1","00000701","conflicting","box","dark rectangular package; yellow-green border; printed panel","contents; buttons; display","","card","red and black; text on card","2026-10-06T04:34:36.594Z","true","corrected","box","dark rectangular package; yellow-green border; printed panel","contents; buttons; display","","初始化索引 700：红框为有厚度的手柄包装，不是裸控制器、遥控器或电脑。","GPT-6 Astra Pro"
"gb","vot","621","fa925cc8ffb78e27cf063de7425b0fd9b40027776aac066e481b675f19dadf67","box_room_noocc_4_1","00000751","conflicting","box","dark rectangular package; yellow-green border; printed panel","contents; buttons; display","","book","red cover; text on cover","2026-10-06T04:34:37.817Z","true","corrected","box","dark rectangular package; yellow-green border; printed panel","contents; buttons; display","","初始化索引 750：红框为有厚度的手柄包装，不是裸控制器、遥控器或电脑。","GPT-6 Astra Pro"
"gb","vot","622","b4a3dbf019a0f786a4b60ebaeebf69e9aa68976084acef829e015cf4c77ea359","box_room_noocc_4_1","00000801","conflicting","box","dark rectangular package; yellow-green border; printed panel","contents; buttons; display","","remote control","black buttons; green label","2026-10-06T04:34:39.162Z","true","corrected","box","dark rectangular package; yellow-green border; printed panel","contents; buttons; display","","初始化索引 800：红框为有厚度的手柄包装，不是裸控制器、遥控器或电脑。","GPT-6 Astra Pro"
"gb","vot","623","940a5ee7aa8045cd345cc88c8308537bf3f0e7829178dcb9d0b4576850be14e9","box_room_noocc_4_1","00000851","conflicting","box","yellow-green narrow side; dark print","contents; buttons; display","","book","green cover; text on cover","2026-10-06T04:34:40.620Z","true","corrected","box","yellow-green narrow side; dark print","contents; buttons; display","","初始化索引 850：仅见窄侧标签及盒厚，不补未见控制器正面图。","GPT-6 Astra Pro"
"gb","vot","624","443b2b10d2df16256bbc9d268525d20e2d63f04c88d782a6b72c4dd520d7d488","box_room_noocc_4_1","00000901","conflicting","box","yellow-green narrow side; dark print","contents; buttons; display","","box","yellow; text; rectangular","2026-10-06T04:34:42.314Z","true","corrected","box","yellow-green narrow side; dark print","contents; buttons; display","","初始化索引 900：仅见窄侧标签及盒厚，不补未见控制器正面图。","GPT-6 Astra Pro"
"gb","vot","625","6e3a79899d69d38d33d5da9fcdd6908cc78f6422df09770530fe02cac9a770ad","box_room_noocc_4_1","00000951","conflicting","box","dark rectangular package; yellow-green border; printed panel","contents; buttons; display","","video game controller","black and white; rectangular shape; button layout","2026-10-06T04:34:43.538Z","true","corrected","box","dark rectangular package; yellow-green border; printed panel","contents; buttons; display","","初始化索引 950：红框为有厚度的手柄包装，不是裸控制器、遥控器或电脑。","GPT-6 Astra Pro"
"gb","vot","626","a89279176b45a63f462cd1d9bedcc8654ceb42979fc7a82914966ad4b7026673","box_room_noocc_4_1","00001001","conflicting","box","dark narrow rectangular side; straight edges","contents; buttons; display","","box","black; rectangular","2026-10-06T04:34:45.547Z","true","supported","box","dark narrow rectangular side; straight edges","contents; buttons; display","","初始化索引 1000：当前深色窄侧面，无可确认按钮或屏幕。","GPT-6 Astra Pro"
"gb","vot","627","5c3a40b87d52ca1b48e44b76cafb935211a3e99b61c084be9189421996f14425","box_room_noocc_4_1","00001051","conflicting","box","dark narrow rectangular side; straight edges","contents; buttons; display","","box","black; textured surface","2026-10-06T04:34:47.570Z","true","corrected","box","dark narrow rectangular side; straight edges","contents; buttons; display","","初始化索引 1050：当前深色窄侧面，无可确认按钮或屏幕。","GPT-6 Astra Pro"
"gb","vot","628","a59e51da3580c6bea9f508507e41f75bcabf15ec911c6f82db95c553af1b69be","box_room_noocc_4_1","00001101","conflicting","box","dark rectangular package; yellow-green border; printed panel","contents; buttons; display","","video game case","black and white; text on cover","2026-10-06T04:34:48.842Z","true","corrected","box","dark rectangular package; yellow-green border; printed panel","contents; buttons; display","","初始化索引 1100：红框为有厚度的手柄包装，不是裸控制器、遥控器或电脑。","GPT-6 Astra Pro"
"gb","vot","629","aa438706260d8fcc31b771d6ff9eaf96b18eccbcf75c27be85f2b377b52ff049","box_room_noocc_4_1","00001151","conflicting","box","dark rectangular package; yellow-green border; printed panel","contents; buttons; display","","card","green and black; text on card","2026-10-06T04:34:55.977Z","true","corrected","box","dark rectangular package; yellow-green border; printed panel","contents; buttons; display","","初始化索引 1150：红框为有厚度的手柄包装，不是裸控制器、遥控器或电脑。","GPT-6 Astra Pro"
"gb","vot","630","fcf1c8aae20f09aea42a0b0e0d54c6e3775780138508fcc5900d875bbc47ec59","box_room_noocc_4_1","00001201","conflicting","box","dark rectangular package; yellow-green border; printed panel","contents; buttons; display","","video game controller","green and black; rectangular","2026-10-06T04:34:57.481Z","true","corrected","box","dark rectangular package; yellow-green border; printed panel","contents; buttons; display","","初始化索引 1200：红框为有厚度的手柄包装，不是裸控制器、遥控器或电脑。","GPT-6 Astra Pro"
"gb","vot","631","61f8049b35f9030b2039f0aaaa8cc85532b0acd182cda8754765855206bd7c13","box_room_noocc_4_1","00001251","conflicting","box","yellow-green narrow side; dark print","contents; buttons; display","","box","green and yellow; rectangular; text on front","2026-10-06T04:35:17.330Z","true","corrected","box","yellow-green narrow side; dark print","contents; buttons; display","","初始化索引 1250：仅见窄侧标签及盒厚，不补未见控制器正面图。","GPT-6 Astra Pro"
"gb","vot","632","b1b4dd5efb333dfe324e8e3abcf41e449b2b98ab8bf211227bdfa4c70b78765f","box_room_noocc_7_1","00000001","conflicting","box","black rectangular box; green XMG lettering; printed border","contents; electronic function; material","","logo","green letters; bold font","2026-10-06T04:35:19.490Z","true","corrected","box","black rectangular box; green XMG lettering; printed border","contents; electronic function; material","","初始化索引 0：红框为包装整体，不是logo、显示器或微波炉。","GPT-6 Astra Pro"
"gb","vot","633","33ef987de1358f99f6f6724e956abbe53ab6d4a0a832d29df09432c89f2eff1e","box_room_noocc_7_1","00000051","conflicting","box","black rectangular box; green XMG lettering; printed border","contents; electronic function; material","","logo","green letters; black background","2026-10-06T04:35:20.969Z","true","corrected","box","black rectangular box; green XMG lettering; printed border","contents; electronic function; material","","初始化索引 50：红框为包装整体，不是logo、显示器或微波炉。","GPT-6 Astra Pro"
"gb","vot","634","eefe33e3beb5622e0f9f512008982e67c189c3294e04572df684a9eda45bd4aa","box_room_noocc_7_1","00000101","conflicting","box","black narrow box side; green printed panel","contents; electronic function; material","","electronic device","black; rectangular; digital display","2026-10-06T04:35:22.586Z","true","corrected","box","black narrow box side; green printed panel","contents; electronic function; material","","初始化索引 100：红框为包装整体，不是logo、显示器或微波炉。","GPT-6 Astra Pro"
"gb","vot","635","2dae6065234f98ea5cb411541b6128b916efcad7c31f74a27b26002274e96919","box_room_noocc_7_1","00000151","conflicting","box","black rectangular box; green XMG lettering; printed border","contents; electronic function; material","","microwave","black exterior; green digital display; XMG branding","2026-10-06T04:35:24.028Z","true","corrected","box","black rectangular box; green XMG lettering; printed border","contents; electronic function; material","","初始化索引 150：红框为包装整体，不是logo、显示器或微波炉。","GPT-6 Astra Pro"
"gb","vot","636","b3ee99d0e36224199e79ed023d5d5d28bfce5ffd4cf42c37571213fe21313f54","box_room_noocc_7_1","00000201","conflicting","box","black rectangular box; green XMG lettering; printed border","contents; electronic function; material","","laptop","black body; green logo; open lid","2026-10-06T04:35:25.491Z","true","corrected","box","black rectangular box; green XMG lettering; printed border","contents; electronic function; material","","初始化索引 200：红框为包装整体，不是logo、显示器或微波炉。","GPT-6 Astra Pro"
"gb","vot","637","fb7304cc8a16b7e2996e267f3239a7dc5b8cc018f7fb5b30e16a8dd65f62cefd","box_room_noocc_7_1","00000251","conflicting","box","black rectangular box; green XMG lettering; printed border","contents; electronic function; material","","laptop","black keyboard; green logo; open lid","2026-10-06T04:35:26.866Z","true","corrected","box","black rectangular box; green XMG lettering; printed border","contents; electronic function; material","","初始化索引 250：红框为包装整体，不是logo、显示器或微波炉。","GPT-6 Astra Pro"
"gb","vot","638","f1ab5474d339854b4f1b73e03360b68a1d87eb36f46f58ebea81e6ff602dd2b5","box_room_noocc_7_1","00000301","conflicting","box","black rectangular box; green XMG lettering; printed border","contents; electronic function; material","","box","green and black; text on front","2026-10-06T04:35:28.138Z","true","supported","box","black rectangular box; green XMG lettering; printed border","contents; electronic function; material","","初始化索引 300：红框为包装整体，不是logo、显示器或微波炉。","GPT-6 Astra Pro"
"gb","vot","639","75c3909078b1c5a8d036b5e9c90c1e543d68e2b0e0d297decb3137f50c1dd4ce","box_room_noocc_7_1","00000351","conflicting","box","black rectangular box; green XMG lettering; printed border","contents; electronic function; material","","box","green and black; rectangular; text on front","2026-10-06T04:35:30.106Z","true","supported","box","black rectangular box; green XMG lettering; printed border","contents; electronic function; material","","初始化索引 350：红框为包装整体，不是logo、显示器或微波炉。","GPT-6 Astra Pro"
"gb","vot","640","a5d23b9e287db77d4c2f9bd95d4181ccd58a272a062663dc23f67ecf92b4c10a","box_room_noocc_7_1","00000401","conflicting","box","black rectangular box; green XMG lettering; printed border","contents; electronic function; material","","book","green text; black spine","2026-10-06T04:35:32.066Z","true","corrected","box","black rectangular box; green XMG lettering; printed border","contents; electronic function; material","","初始化索引 400：红框为包装整体，不是logo、显示器或微波炉。","GPT-6 Astra Pro"
"gb","vot","641","5154fb35cea26e6bef3ec089813e144e7bac0e686b15aa303bcdb60f8954d65b","box_room_noocc_7_1","00000451","conflicting","box","black rectangular box; green XMG lettering; printed border","contents; electronic function; material","","computer component","green text; black casing","2026-10-06T04:35:33.402Z","true","corrected","box","black rectangular box; green XMG lettering; printed border","contents; electronic function; material","","初始化索引 450：红框为包装整体，不是logo、显示器或微波炉。","GPT-6 Astra Pro"
"gb","vot","642","b9842e0432eb60f58053469d5692e1a643ce2a9faa28dec986283dc3986cedf6","box_room_noocc_7_1","00000501","conflicting","box","black rectangular box; green XMG lettering; printed border","contents; electronic function; material","","box","green and black; rectangular","2026-10-06T04:35:34.850Z","true","supported","box","black rectangular box; green XMG lettering; printed border","contents; electronic function; material","","初始化索引 500：红框为包装整体，不是logo、显示器或微波炉。","GPT-6 Astra Pro"
"gb","vot","643","c6f0cbb47e4cdc1d4d090c50170fea58a8f8b2b0fa91bc0fdf5620c551a7f541","box_room_noocc_7_1","00000551","conflicting","box","black rectangular box; green XMG lettering; printed border","contents; electronic function; material","","laptop","green screen; black keyboard","2026-10-06T04:35:36.226Z","true","corrected","box","black rectangular box; green XMG lettering; printed border","contents; electronic function; material","","初始化索引 550：红框为包装整体，不是logo、显示器或微波炉。","GPT-6 Astra Pro"
"gb","vot","644","73e93ee29f70dfdbefc12f5b91a06b170836d43217f44dfbdd24de84388fec2d","box_room_noocc_7_1","00000601","conflicting","box","black rectangular box; green XMG lettering; printed border","contents; electronic function; material","","computer component","black; rectangular; textured","2026-10-06T04:35:37.417Z","true","corrected","box","black rectangular box; green XMG lettering; printed border","contents; electronic function; material","","初始化索引 600：红框为包装整体，不是logo、显示器或微波炉。","GPT-6 Astra Pro"
"gb","vot","645","cecaa36bafa47a508919519b76b1eac53f4cceef2e5ce4a9757423884a54ab42","box_room_noocc_7_1","00000651","conflicting","box","black rectangular box; green XMG lettering; printed border","contents; electronic function; material","","computer component","black case; green text; rectangular shape","2026-10-06T04:35:38.617Z","true","corrected","box","black rectangular box; green XMG lettering; printed border","contents; electronic function; material","","初始化索引 650：红框为包装整体，不是logo、显示器或微波炉。","GPT-6 Astra Pro"
"gb","vot","646","5f9bccd02f148e95fa164b67957db7bfcd1cb62e2637ed49b2921c3b9a0d1ec4","box_room_noocc_7_1","00000701","conflicting","box","black rectangular box; green XMG lettering; printed border","contents; electronic function; material","","monitor","green text; black bezel","2026-10-06T04:35:40.290Z","true","corrected","box","black rectangular box; green XMG lettering; printed border","contents; electronic function; material","","初始化索引 700：红框为包装整体，不是logo、显示器或微波炉。","GPT-6 Astra Pro"
"gb","vot","647","9ac87ba0dc6220066bb5805add08bfa77dd8d46c40d19a838b8267d74439d4ae","box_room_noocc_7_1","00000751","conflicting","box","black rectangular box; green XMG lettering; printed border","contents; electronic function; material","","box","black; green text; rectangular","2026-10-06T04:35:41.507Z","true","supported","box","black rectangular box; green XMG lettering; printed border","contents; electronic function; material","","初始化索引 750：红框为包装整体，不是logo、显示器或微波炉。","GPT-6 Astra Pro"
"gb","vot","648","6e19ab11156c6731b6f755ba31e46f576b6ebccf5571227b80079efef4bc24c5","box_room_noocc_7_1","00000801","conflicting","box","black rectangular box; green XMG lettering; printed border","contents; electronic function; material","","box","black; green logo; text on front","2026-10-06T04:35:42.897Z","true","supported","box","black rectangular box; green XMG lettering; printed border","contents; electronic function; material","","初始化索引 800：红框为包装整体，不是logo、显示器或微波炉。","GPT-6 Astra Pro"
"gb","vot","649","df5d332b55097ad9e7700aa2c185a60ae5d23d2df92b912a61c2c90593c87e22","box_room_noocc_7_1","00000851","conflicting","box","long dark narrow edge; rectangular thickness; pale marks","contents; electronic function; material","","computer monitor","black bezel; green power indicator; white screen","2026-10-06T04:35:44.425Z","true","corrected","box","long dark narrow edge; rectangular thickness; pale marks","contents; electronic function; material","","初始化索引 850：当前为黑盒窄边，不是白色电子屏。","GPT-6 Astra Pro"
"gb","vot","650","05a150c4ef1d83ff281fb3f6ca462a522d29c7b94ce125e02fcf7566c691ba50","box_room_noocc_7_1","00000901","conflicting","box","black rectangular box; green XMG lettering; printed border","contents; electronic function; material","","screen","green text; rectangular shape","2026-10-06T04:35:47.626Z","true","corrected","box","black rectangular box; green XMG lettering; printed border","contents; electronic function; material","","初始化索引 900：红框为包装整体，不是logo、显示器或微波炉。","GPT-6 Astra Pro"
"gb","vot","651","1093f07505053d35e3e95d3e397b4f721f0ddd0540dc200ffbf0542032275579","box_room_noocc_7_1","00000951","conflicting","box","black rectangular box; green XMG lettering; printed border","contents; electronic function; material","","computer hardware","black and green; rectangular; text 'xmg'","2026-10-06T04:35:49.266Z","true","corrected","box","black rectangular box; green XMG lettering; printed border","contents; electronic function; material","","初始化索引 950：红框为包装整体，不是logo、显示器或微波炉。","GPT-6 Astra Pro"
"gb","vot","652","985a7c6b3379c28e4c480d9b621025e27b8007423ec306a152a8b113eccc0b08","box_room_noocc_7_1","00001001","conflicting","box","black rectangular box; green XMG lettering; printed border","contents; electronic function; material","","laptop","black keyboard; green text; rectangular shape","2026-10-06T04:35:50.569Z","true","corrected","box","black rectangular box; green XMG lettering; printed border","contents; electronic function; material","","初始化索引 1000：红框为包装整体，不是logo、显示器或微波炉。","GPT-6 Astra Pro"
"gb","vot","653","50a3743c2f417aaf13690b8cfac162cbd3fc7521fe88920ed1b87cab07c663a5","box_room_noocc_7_1","00001051","conflicting","box","black narrow box side; green printed panel","contents; electronic function; material","","screen","rectangular; black; textured","2026-10-06T04:35:57.458Z","true","corrected","box","black narrow box side; green printed panel","contents; electronic function; material","","初始化索引 1050：红框为包装整体，不是logo、显示器或微波炉。","GPT-6 Astra Pro"
"gb","vot","654","4fa1076bb52812587b21f6a8aea9db5ffc744979d36cc8a83862e2d9b28278c3","box_room_noocc_7_1","00001101","conflicting","box","black rectangular box; green XMG lettering; printed border","contents; electronic function; material","","computer monitor","green logo; black bezel","2026-10-06T04:35:59.994Z","true","corrected","box","black rectangular box; green XMG lettering; printed border","contents; electronic function; material","","初始化索引 1100：红框为包装整体，不是logo、显示器或微波炉。","GPT-6 Astra Pro"
"gb","vot","655","48a7cae3fb32237f91799b15d0f39131569876e72202fa59e1acd3491dba13ce","box_room_noocc_7_1","00001151","conflicting","box","black rectangular box; green XMG lettering; printed border","contents; electronic function; material","","package","green and black; text on package","2026-10-06T04:36:01.265Z","true","supported","box","black rectangular box; green XMG lettering; printed border","contents; electronic function; material","","初始化索引 1150：红框为包装整体，不是logo、显示器或微波炉。","GPT-6 Astra Pro"
"gb","vot","656","2d24679c6cee0bb92e5f7649b021ba3077470462dfa16ece49ba80843c6fa55e","box_room_noocc_7_1","00001201","conflicting","box","black rectangular box; green XMG lettering; printed border","contents; electronic function; material","","computer component","black; rectangular; text on front","2026-10-06T04:36:03.586Z","true","corrected","box","black rectangular box; green XMG lettering; printed border","contents; electronic function; material","","初始化索引 1200：红框为包装整体，不是logo、显示器或微波炉。","GPT-6 Astra Pro"
"gb","vot","657","b99cf090db88438277727c94b298c16c19fa6c428268d8e1cca49908c8c862b5","box_room_noocc_7_1","00001251","conflicting","box","black rectangular box; green XMG lettering; printed border","contents; electronic function; material","","computer monitor","green text; black bezel","2026-10-06T04:36:06.185Z","true","corrected","box","black rectangular box; green XMG lettering; printed border","contents; electronic function; material","","初始化索引 1250：红框为包装整体，不是logo、显示器或微波炉。","GPT-6 Astra Pro"
"gb","vot","658","f80e494ac79fa59a6f58cde9bffcc80221688fc0ddd054de98112b03ecc33cee","box_room_noocc_7_1","00001301","conflicting","box","black rectangular box; green XMG lettering; printed border","contents; electronic function; material","","box","green and black; text 'xmg'; rectangular","2026-10-06T04:36:07.521Z","true","supported","box","black rectangular box; green XMG lettering; printed border","contents; electronic function; material","","初始化索引 1300：红框为包装整体，不是logo、显示器或微波炉。","GPT-6 Astra Pro"
"gb","vot","659","68c66f7947578262e54ee06f843655eeb969860696d50f569ff262e27fdf6e8c","box_room_noocc_7_1","00001348","conflicting","box","black rectangular box; green XMG lettering; printed border","contents; electronic function; material","","computer component","black and green; rectangular shape; text 'xmg'","2026-10-06T04:36:09.555Z","true","corrected","box","black rectangular box; green XMG lettering; printed border","contents; electronic function; material","","初始化索引 1347：红框为包装整体，不是logo、显示器或微波炉。","GPT-6 Astra Pro"
"gb","vot","660","45d2828b88dfbea6f5e29ed4666b586c06a81c9d6627414edc25a02d89c67dd4","box_room_occ_2_1","00000001","conflicting","box","dark rectangular package; yellow-green trim; printed controller image","contents; wireless function; button count","","video game controller","black and purple; wireless; digital display","2026-10-06T04:36:11.017Z","true","corrected","box","dark rectangular package; yellow-green trim; printed controller image","contents; wireless function; button count","","初始化索引 0：红框为小包装，非背后大盒或印刷手柄本体。","GPT-6 Astra Pro"
"gb","vot","661","a41dd121f9281cdfaecceaabd2d8d939a8d35097f0f18fef15b729595b1eff3d","box_room_occ_2_1","00000051","conflicting","box","dark rectangular package; yellow-green trim; printed controller image","contents; wireless function; button count","","controller","black; wireless; rectangular","2026-10-06T04:36:12.361Z","true","corrected","box","dark rectangular package; yellow-green trim; printed controller image","contents; wireless function; button count","","初始化索引 50：红框为小包装，非背后大盒或印刷手柄本体。","GPT-6 Astra Pro"
"gb","vot","662","9f3942efca97e44e1f16e0c5672cedd93a6a98740d5b440d71c6dec79a5248d2","box_room_occ_2_1","00000101","conflicting","box","dark rectangular package; yellow-green trim; printed controller image","contents; wireless function; button count","","box","green and black; text on front","2026-10-06T04:36:13.906Z","true","supported","box","dark rectangular package; yellow-green trim; printed controller image","contents; wireless function; button count","","初始化索引 100：红框为小包装，非背后大盒或印刷手柄本体。","GPT-6 Astra Pro"
"gb","vot","663","e940b3cd963085a05da0e77ae203004525b6da098ae64ae835d1362883aa4223","box_room_occ_2_1","00000151","conflicting","box","dark rectangular package; yellow-green trim; printed controller image","contents; wireless function; button count","","box","green and black; rectangular","2026-10-06T04:36:15.219Z","true","supported","box","dark rectangular package; yellow-green trim; printed controller image","contents; wireless function; button count","","初始化索引 150：红框为小包装，非背后大盒或印刷手柄本体。","GPT-6 Astra Pro"
"gb","vot","664","88f860aa1402811eb2fb5c28b872a00999839d0240e2ecb2b37967391ce1a5ba","box_room_occ_2_1","00000201","conflicting","box","dark narrow side; yellow-green end label","contents; wireless function; button count","","box","black; text","2026-10-06T04:36:16.657Z","true","supported","box","dark narrow side; yellow-green end label","contents; wireless function; button count","","初始化索引 200：红框为小包装，非背后大盒或印刷手柄本体。","GPT-6 Astra Pro"
"gb","vot","665","0fd27ff24c37b8125c89c9e136cea9bf1c741cb82913f5566f2c61ae47dac67a","box_room_occ_2_1","00000251","conflicting","box","yellow-green end; dark adjacent side; folded edges","contents; wireless function; button count","","box","green label; black and blue design","2026-10-06T04:36:17.889Z","true","corrected","box","yellow-green end; dark adjacent side; folded edges","contents; wireless function; button count","","初始化索引 250：红框为小包装，非背后大盒或印刷手柄本体。","GPT-6 Astra Pro"
"gb","vot","666","407baaf382b54800ce65f7b6d28db731a8777c513086a9f01ce756eaf3315e1e","box_room_occ_2_1","00000301","conflicting","box","dark rectangular package; yellow-green trim; printed controller image","contents; wireless function; button count","","box","green and black; rectangular","2026-10-06T04:36:19.337Z","true","supported","box","dark rectangular package; yellow-green trim; printed controller image","contents; wireless function; button count","","初始化索引 300：红框为小包装，非背后大盒或印刷手柄本体。","GPT-6 Astra Pro"
"gb","vot","667","6e46189f19ee48dc0ec4c2983c1588a8d18ca555dce755ab5c1f9e5ee3472b39","box_room_occ_2_1","00000351","conflicting","box","dark rectangular package; yellow-green trim; printed controller image","contents; wireless function; button count","","gaming controller","black and purple; digital display","2026-10-06T04:36:20.578Z","true","corrected","box","dark rectangular package; yellow-green trim; printed controller image","contents; wireless function; button count","","初始化索引 350：红框为小包装，非背后大盒或印刷手柄本体。","GPT-6 Astra Pro"
"gb","vot","668","20cac1b8767e01ac1a0992c51b2baf8cb9e7b5d38785d882d3753e34ced8cac4","box_room_occ_2_1","00000401","conflicting","box","dark rectangular package; yellow-green trim; printed controller image","contents; wireless function; button count","","box","green and black; rectangular","2026-10-06T04:36:21.882Z","true","supported","box","dark rectangular package; yellow-green trim; printed controller image","contents; wireless function; button count","","初始化索引 400：红框为小包装，非背后大盒或印刷手柄本体。","GPT-6 Astra Pro"
"gb","vot","669","5b268581093a5a64112c0941ad0bd2961857edde7f5a7392bd6355bf4e53c09c","box_room_occ_2_1","00000451","conflicting","box","dark rectangular package; yellow-green trim; printed controller image","contents; wireless function; button count","","package","black and green; rectangular shape; text on front","2026-10-06T04:36:23.041Z","true","supported","box","dark rectangular package; yellow-green trim; printed controller image","contents; wireless function; button count","","初始化索引 450：红框为小包装，非背后大盒或印刷手柄本体。","GPT-6 Astra Pro"
"gb","vot","670","77c13db4a83057558fec18d8803893ab31a4a77360cad48c1f553e3610645388","box_room_occ_2_1","00000501","conflicting","box","dark rectangular package; yellow-green trim; printed controller image","contents; wireless function; button count","","computer hardware","black and silver; rectangular shape; labeled 'thermaltake'; has buttons","2026-10-06T04:36:28.171Z","true","corrected","box","dark rectangular package; yellow-green trim; printed controller image","contents; wireless function; button count","","初始化索引 500：红框为小包装，非背后大盒或印刷手柄本体。","GPT-6 Astra Pro"
"gb","vot","671","ac9998369923e0dcd21eafbf7a465929d817fbabdd75d097b43a8e3029e45377","box_room_occ_2_2","00000001","conflicting","box","dark rectangular package; yellow-green trim; printed controller image","contents; wireless function; button count","","smart controller","black and red; rectangular shape; text on display","2026-10-06T04:36:30.971Z","true","corrected","box","dark rectangular package; yellow-green trim; printed controller image","contents; wireless function; button count","","初始化索引 0：红框为小包装，非背后大盒或印刷手柄本体。","GPT-6 Astra Pro"
"gb","vot","672","921bf6d009b448fddc65ddccd8e4475be9f3198c385ce1cf768e5b0a21af6407","box_room_occ_2_2","00000051","conflicting","box","dark rectangular package; yellow-green trim; printed controller image","contents; wireless function; button count","","package","green and black; rectangular shape; text on front","2026-10-06T04:36:32.377Z","true","supported","box","dark rectangular package; yellow-green trim; printed controller image","contents; wireless function; button count","","初始化索引 50：红框为小包装，非背后大盒或印刷手柄本体。","GPT-6 Astra Pro"
"gb","vot","673","d096ed865fb0b6ae0584ceb8201852a7cbda72a88d365033f54c17961834efb8","box_room_occ_2_2","00000101","conflicting","box","dark rectangular package; yellow-green trim; printed controller image","contents; wireless function; button count","","package","black and green; rectangular; text on front","2026-10-06T04:36:33.545Z","true","supported","box","dark rectangular package; yellow-green trim; printed controller image","contents; wireless function; button count","","初始化索引 100：红框为小包装，非背后大盒或印刷手柄本体。","GPT-6 Astra Pro"
"gb","vot","674","8c240709a7e87b17da3f5f969ada33b864273db10397db479d6d402cf662b90b","box_room_occ_2_2","00000151","conflicting","box","dark rectangular package; yellow-green trim; printed controller image","contents; wireless function; button count","","box","blue and black; text on front","2026-10-06T04:36:34.898Z","true","corrected","box","dark rectangular package; yellow-green trim; printed controller image","contents; wireless function; button count","","初始化索引 150：红框为小包装，非背后大盒或印刷手柄本体。","GPT-6 Astra Pro"
"gb","vot","675","0f1bb4721cd0ae0561946511e197fd60a4f83b772f6ac131841c40ad098368cd","box_room_occ_2_2","00000201","conflicting","box","dark rectangular package; yellow-green trim; printed controller image","contents; wireless function; button count","","remote control","black; rectangular","2026-10-06T04:36:36.161Z","true","corrected","box","dark rectangular package; yellow-green trim; printed controller image","contents; wireless function; button count","","初始化索引 200：红框为小包装，非背后大盒或印刷手柄本体。","GPT-6 Astra Pro"
"gb","vot","676","7e938f7e1a796970f27c997d323cbc9364c6793180464e71f102388f987336e7","boxes_backpack_room_occ_1_2","00000001","conflicting","backpack","olive green body; stitched panels; hanging straps","camouflage; wear; material","","jacket","camouflage pattern; dark green","2026-10-06T04:36:37.387Z","true","corrected","backpack","olive green body; stitched panels; hanging straps","camouflage; wear; material","","初始化索引 0：红框为背包及带子，不是衣服或器械，不确认迷彩和磨损程度。","GPT-6 Astra Pro"
"gb","vot","677","d91c86d5a27c3c027331728c7d0a36874e3dc04d55d92d13528f113b11137539","boxes_backpack_room_occ_1_2","00000051","conflicting","backpack","olive green body; stitched panels; hanging straps","camouflage; wear; material","","backpack","camouflage pattern; multiple pockets","2026-10-06T04:36:38.425Z","true","corrected","backpack","olive green body; stitched panels; hanging straps","camouflage; wear; material","","初始化索引 50：红框为背包及带子，不是衣服或器械，不确认迷彩和磨损程度。","GPT-6 Astra Pro"
"gb","vot","678","f5cc71eec6921bbe353d747099e52800a3c515182ed8508ed04cbee34ef7df84","boxes_backpack_room_occ_1_2","00000101","conflicting","backpack","olive green body; stitched panels; hanging straps","camouflage; wear; material","","glove","black; textured","2026-10-06T04:36:39.698Z","true","corrected","backpack","olive green body; stitched panels; hanging straps","camouflage; wear; material","","初始化索引 100：红框为背包及带子，不是衣服或器械，不确认迷彩和磨损程度。","GPT-6 Astra Pro"
"gb","vot","679","f1a8e395d15057089de6e45b1ca313915fbf1c7a413195492bab8008402c1773","boxes_backpack_room_occ_1_2","00000151","conflicting","backpack","olive green body; stitched panels; hanging straps","camouflage; wear; material","","bag","greenish; textured","2026-10-06T04:36:41.753Z","true","corrected","backpack","olive green body; stitched panels; hanging straps","camouflage; wear; material","","初始化索引 150：红框为背包及带子，不是衣服或器械，不确认迷彩和磨损程度。","GPT-6 Astra Pro"
"gb","vot","680","a7463a5c1ae0cdf7d13c31b4133fb9217301c362205b28b67498c3ec3908fe1b","boxes_backpack_room_occ_1_2","00000201","conflicting","backpack","olive green body; stitched panels; hanging straps","camouflage; wear; material","","backpack","green and black; worn","2026-10-06T04:36:43.866Z","true","corrected","backpack","olive green body; stitched panels; hanging straps","camouflage; wear; material","","初始化索引 200：红框为背包及带子，不是衣服或器械，不确认迷彩和磨损程度。","GPT-6 Astra Pro"
"gb","vot","681","8828256d13c468f92bae2afd7079962d57343b6d76c46779d476c19367f22b72","boxes_backpack_room_occ_1_2","00000251","conflicting","backpack","olive green body; stitched panels; hanging straps","camouflage; wear; material","","bag","green; textured","2026-10-06T04:36:59.626Z","true","corrected","backpack","olive green body; stitched panels; hanging straps","camouflage; wear; material","","初始化索引 250：红框为背包及带子，不是衣服或器械，不确认迷彩和磨损程度。","GPT-6 Astra Pro"
"gb","vot","682","192c8ef6051fa68f54c98d36ea5d9814106dd4410df929d396e4968a1f67d045","boxes_backpack_room_occ_1_2","00000300","conflicting","backpack","olive-green side profile; dark straps; folded soft panels","camouflage; wear; material","","weapon","black handle; metallic blade","2026-10-06T04:37:33.393Z","true","corrected","backpack","olive-green side profile; dark straps; folded soft panels","camouflage; wear; material","","初始化索引 299：红框为背包侧面和带子，不是刀刃。","GPT-6 Astra Pro"
"gb","vot","683","6db940652dcae6d9f6b4fc193486bbf48e632c3c7fcf2e78a5022cb1c22a5a41","boxes_humans_room_occ_1_1","00000001","conflicting","person","dark blue long-sleeved top; blue-gray jeans","fabric; shoes","","person","dark blue sweater; blue jeans; sandals","2026-10-06T04:37:35.338Z","true","supported","person","dark blue long-sleeved top; blue-gray jeans","fabric; shoes","近邻仅帮助区分多人，服饰不是永久身份证明。","初始化索引 0：红框为整个人物，不是独立衣物或手中盒子；不混入另一人衣服。","GPT-6 Astra Pro"
"gb","vot","684","bd31b8c962a202610f08372f4ba932306829d39a3700559d358c12d92319577e","boxes_humans_room_occ_1_1","00000051","conflicting","person","dark blue long-sleeved top; blue-gray jeans","fabric; shoes","","person","wearing blue sweater; wearing blue jeans; standing in room","2026-10-06T04:37:36.826Z","true","supported","person","dark blue long-sleeved top; blue-gray jeans","fabric; shoes","近邻仅帮助区分多人，服饰不是永久身份证明。","初始化索引 50：红框为整个人物，不是独立衣物或手中盒子；不混入另一人衣服。","GPT-6 Astra Pro"
"gb","vot","685","e2601b8de24c74baf239e4473c6792c2f85488780c8cda871388137bd387c4a7","boxes_humans_room_occ_1_1","00000101","conflicting","person","dark blue long-sleeved top; blue-gray jeans","fabric; shoes","","person","dark blue sweater; blue jeans; beard","2026-10-06T04:37:38.641Z","true","corrected","person","dark blue long-sleeved top; blue-gray jeans","fabric; shoes","近邻仅帮助区分多人，服饰不是永久身份证明。","初始化索引 100：红框为整个人物，不是独立衣物或手中盒子；不混入另一人衣服。","GPT-6 Astra Pro"
"gb","vot","686","9a925ee60105d2cf5f367908c4c2c35b5e7810febad5de4647d99e3e838fef61","boxes_humans_room_occ_1_1","00000151","conflicting","person","dark blue long-sleeved top; blue-gray jeans","fabric; shoes","","sweater","dark blue; long-sleeved","2026-10-06T04:37:40.489Z","true","corrected","person","dark blue long-sleeved top; blue-gray jeans","fabric; shoes","近邻仅帮助区分多人，服饰不是永久身份证明。","初始化索引 150：红框为整个人物，不是独立衣物或手中盒子；不混入另一人衣服。","GPT-6 Astra Pro"
"gb","vot","687","39e095e6186a25146f000aa13302b8c5fa044270711ee7954fb58fcb85badc81","boxes_humans_room_occ_1_1","00000201","conflicting","person","dark blue long-sleeved top; blue-gray jeans","fabric; shoes","","sweater","dark blue; long-sleeved","2026-10-06T04:37:43.523Z","true","corrected","person","dark blue long-sleeved top; blue-gray jeans","fabric; shoes","近邻仅帮助区分多人，服饰不是永久身份证明。","初始化索引 200：红框为整个人物，不是独立衣物或手中盒子；不混入另一人衣服。","GPT-6 Astra Pro"
"gb","vot","688","4028730576c7d7902e1fe05e38aada79a70f198ef39e334de6691ed9a0d6a1d1","boxes_humans_room_occ_1_1","00000236","conflicting","person","dark blue long-sleeved top; blue-gray jeans","fabric; shoes","","jeans","dark blue; slim fit","2026-10-06T04:37:46.235Z","true","corrected","person","dark blue long-sleeved top; blue-gray jeans","fabric; shoes","近邻仅帮助区分多人，服饰不是永久身份证明。","初始化索引 235：红框为整个人物，不是独立衣物或手中盒子；不混入另一人衣服。","GPT-6 Astra Pro"
"gb","vot","689","e33b67cb4474fd3ea3f0f5ceb6a6446fa56240cc6459d08703efe5f821984d9d","boxes_humans_room_occ_1_4","00000001","conflicting","person","dark blue long-sleeved top; blue-gray jeans","fabric; shoes","","person","dark blue sweater; blue jeans; slippers","2026-10-06T04:37:50.618Z","true","supported","person","dark blue long-sleeved top; blue-gray jeans","fabric; shoes","近邻仅帮助区分多人，服饰不是永久身份证明。","初始化索引 0：红框为整个人物，不是独立衣物或手中盒子；不混入另一人衣服。","GPT-6 Astra Pro"
"gb","vot","690","bf7a9f9490e2fda086f38500a84d2c2edbb698a51a4b53ad85d9e527f3a30086","boxes_humans_room_occ_1_4","00000051","conflicting","person","dark blue long-sleeved top; blue-gray jeans","fabric; shoes","","man","wearing dark blue sweater; wearing blue jeans; wearing black shoes","2026-10-06T04:37:52.562Z","true","supported","person","dark blue long-sleeved top; blue-gray jeans","fabric; shoes","近邻仅帮助区分多人，服饰不是永久身份证明。","初始化索引 50：红框为整个人物，不是独立衣物或手中盒子；不混入另一人衣服。","GPT-6 Astra Pro"
"gb","vot","691","49269987b574a04cb685c3b7bf1f429122e4198309e9ffa7f61a63ce164f530e","boxes_humans_room_occ_1_4","00000101","conflicting","person","dark blue long-sleeved top; blue-gray jeans","fabric; shoes","","man","wearing blue sweater; wearing jeans; wearing glasses","2026-10-06T04:37:54.034Z","true","corrected","person","dark blue long-sleeved top; blue-gray jeans","fabric; shoes","近邻仅帮助区分多人，服饰不是永久身份证明。","初始化索引 100：红框为整个人物，不是独立衣物或手中盒子；不混入另一人衣服。","GPT-6 Astra Pro"
"gb","vot","692","8444fa55b462bcdd919c32a9d5ba63abd846a0c453996ec0351cd34ac63ece4c","boxes_humans_room_occ_1_4","00000151","conflicting","person","dark blue long-sleeved top; blue-gray jeans","fabric; shoes","","person","sitting; wearing glasses; wearing patterned shirt; wearing jeans","2026-10-06T04:37:55.546Z","true","corrected","person","dark blue long-sleeved top; blue-gray jeans","fabric; shoes","近邻仅帮助区分多人，服饰不是永久身份证明。","初始化索引 150：红框是坐在沙发上的深蓝素衣人物，旁边站立者的花纹衬衣不属于目标。","GPT-6 Astra Pro"
"gb","vot","693","250f686a4a1a3824a7e4d0b1509b8869f533b7701923e7e7950db86668284077","boxes_humans_room_occ_1_4","00000201","conflicting","person","dark blue long-sleeved top; blue-gray jeans","fabric; shoes","","man","sitting; wearing blue sweater; wearing jeans","2026-10-06T04:37:57.002Z","true","supported","person","dark blue long-sleeved top; blue-gray jeans","fabric; shoes","近邻仅帮助区分多人，服饰不是永久身份证明。","初始化索引 200：红框为整个人物，不是独立衣物或手中盒子；不混入另一人衣服。","GPT-6 Astra Pro"
"gb","vot","694","b04abbea1431a90e4b437da09c1f59ce4dcddc9272ad253a6067621aca8d5c26","boxes_humans_room_occ_1_4","00000251","conflicting","person","dark blue long-sleeved top; blue-gray jeans","fabric; shoes","","package","green and yellow; rectangular","2026-10-06T04:37:58.697Z","true","corrected","person","dark blue long-sleeved top; blue-gray jeans","fabric; shoes","近邻仅帮助区分多人，服饰不是永久身份证明。","初始化索引 250：红框覆盖深蓝衣人物，而非手中绿盒。","GPT-6 Astra Pro"
"gb","vot","695","0f75c723dddb5c48ff06feb51f41e2dfc625e9e20fa8ffede00dbe53f7bd7bd3","boxes_humans_room_occ_1_4","00000293","conflicting","person","dark blue long-sleeved top; blue-gray jeans","fabric; shoes","","person","wearing blue sweater; wearing jeans; wearing glasses","2026-10-06T04:38:00.468Z","true","corrected","person","dark blue long-sleeved top; blue-gray jeans","fabric; shoes","近邻仅帮助区分多人，服饰不是永久身份证明。","初始化索引 292：红框为整个人物，不是独立衣物或手中盒子；不混入另一人衣服。","GPT-6 Astra Pro"
"gb","vot","696","c0d2fc4a8cd248260af643660c17cf851c63372f6eb6d9dfefe25b7869d6eb2e","boxes_humans_room_occ_1_5","00000001","conflicting","person","dark blue long-sleeved top; blue-gray jeans","fabric; shoes","","person","wearing blue sweater; wearing jeans; standing","2026-10-06T04:38:32.083Z","true","supported","person","dark blue long-sleeved top; blue-gray jeans","fabric; shoes","近邻仅帮助区分多人，服饰不是永久身份证明。","初始化索引 0：红框为整个人物，不是独立衣物或手中盒子；不混入另一人衣服。","GPT-6 Astra Pro"
"gb","vot","697","3d0eb98670f2652c41fcb80767a81e848d16e13e4a6daa687e6829d1a2d5cca1","boxes_humans_room_occ_1_5","00000051","conflicting","person","dark blue long-sleeved top; blue-gray jeans","fabric; shoes","","person","wearing blue jeans; wearing a dark shirt","2026-10-06T04:38:34.233Z","true","supported","person","dark blue long-sleeved top; blue-gray jeans","fabric; shoes","近邻仅帮助区分多人，服饰不是永久身份证明。","初始化索引 50：红框为整个人物，不是独立衣物或手中盒子；不混入另一人衣服。","GPT-6 Astra Pro"
"gb","vot","698","638a5f25764f23793cb189347b5486c6ba75af4cac8c5a46424876ce84acdaed","boxes_humans_room_occ_1_5","00000101","conflicting","person","dark blue long-sleeved top; blue-gray jeans","fabric; shoes","","sweater","dark blue; long-sleeved","2026-10-06T04:38:35.842Z","true","corrected","person","dark blue long-sleeved top; blue-gray jeans","fabric; shoes","近邻仅帮助区分多人，服饰不是永久身份证明。","初始化索引 100：红框为整个人物，不是独立衣物或手中盒子；不混入另一人衣服。","GPT-6 Astra Pro"
"gb","vot","699","c93c87cd911a207dc2c0d9cd1553cfc9cb1d8e4d2e8b019e10a236ced1a1f536","boxes_humans_room_occ_1_5","00000155","conflicting","person","dark blue long-sleeved top; blue-gray jeans","fabric; shoes","","man","bearded; wearing blue sweater; wearing jeans","2026-10-06T04:38:37.282Z","true","corrected","person","dark blue long-sleeved top; blue-gray jeans","fabric; shoes","近邻仅帮助区分多人，服饰不是永久身份证明。","初始化索引 154：红框为整个人物，不是独立衣物或手中盒子；不混入另一人衣服。","GPT-6 Astra Pro"
"gb","vot","700","da1e5ef0c25f4b433a85e477f388812f58d2a2952e67cc3fc987d8f7b53862b9","boxes_room_occ_1_1","00000001","conflicting","box","blue and black rectangular package; printed device image","contents; working ports; port count","","box","black and blue; rectangular; text on front","2026-10-06T04:38:42.515Z","true","supported","box","blue and black rectangular package; printed device image","contents; working ports; port count","多个盒同时移动，逐初始化按红框判断。","初始化索引 0：红框为设备包装，非相邻绿盒或裸交换机。","GPT-6 Astra Pro"
"gb","vot","701","ef1d4e917485b7b0643ac84ce2625d770202002da97de0f2abfee6838b836e20","boxes_room_occ_1_1","00000051","conflicting","box","blue and black rectangular package; printed device image","contents; working ports; port count","","box","black and blue; rectangular; printed text","2026-10-06T04:38:44.074Z","true","supported","box","blue and black rectangular package; printed device image","contents; working ports; port count","多个盒同时移动，逐初始化按红框判断。","初始化索引 50：红框为设备包装，非相邻绿盒或裸交换机。","GPT-6 Astra Pro"
"gb","vot","702","08907348855a5487767f5ff66085ea29d4d9192c0eb98dcf66040bf36c36d126","boxes_room_occ_1_1","00000101","conflicting","box","blue and black rectangular package; printed device image","contents; working ports; port count","","product packaging","black and blue box; TRENDnet logo; 5-Port Gigabit PoE+ Switch","2026-10-06T04:38:48.787Z","true","corrected","box","blue and black rectangular package; printed device image","contents; working ports; port count","多个盒同时移动，逐初始化按红框判断。","初始化索引 100：红框为设备包装，非相邻绿盒或裸交换机。","GPT-6 Astra Pro"
"gb","vot","703","7116f46231c0ca3b9b18e84ec4ef8403aed81dab803d20c7d12d7483cf073b3c","boxes_room_occ_1_1","00000151","conflicting","box","blue and black rectangular package; printed device image","contents; working ports; port count","","box","blue and black; rectangular; printed text","2026-10-06T04:39:02.322Z","true","supported","box","blue and black rectangular package; printed device image","contents; working ports; port count","多个盒同时移动，逐初始化按红框判断。","初始化索引 150：红框为设备包装，非相邻绿盒或裸交换机。","GPT-6 Astra Pro"
"gb","vot","704","dc99380f3e5ecc6123004119c878b22ad22cc3063e837e9a6051ea802e0c87bf","boxes_room_occ_1_1","00000201","conflicting","box","dark narrow side; pale printed label","contents; working ports; port count","","package","green and yellow packaging; text on package","2026-10-06T04:39:05.178Z","true","corrected","box","dark narrow side; pale printed label","contents; working ports; port count","多个盒同时移动，逐初始化按红框判断。","初始化索引 200：红框为蓝黑包装窄边，旁边绿色盒不作为目标属性。","GPT-6 Astra Pro"
"gb","vot","705","76c2512b029e883e2fa0be9bd74605f7caea729283f92869567c378c2a591c19","boxes_room_occ_1_1","00000251","conflicting","box","pale blue-white package rear; printed diagrams and text","contents; working ports; port count","","package","blue and white label; text on label","2026-10-06T04:39:07.873Z","true","corrected","box","pale blue-white package rear; printed diagrams and text","contents; working ports; port count","多个盒同时移动，逐初始化按红框判断。","初始化索引 250：本帧为包装背面，印刷图不是屏幕，也不是独立文档。","GPT-6 Astra Pro"
"gb","vot","706","e4fce4067ec71b1f888e1fdf0b97bc2652f62dedd46dea5eef559b6dc3f6f7ac","boxes_room_occ_1_1","00000301","conflicting","box","pale blue-white package rear; printed diagrams and text","contents; working ports; port count","","tablet","blue case; touchscreen interface","2026-10-06T04:39:09.961Z","true","corrected","box","pale blue-white package rear; printed diagrams and text","contents; working ports; port count","多个盒同时移动，逐初始化按红框判断。","初始化索引 300：本帧为包装背面，印刷图不是屏幕，也不是独立文档。","GPT-6 Astra Pro"
"gb","vot","707","858bd730dbb4b81f3d9787d5636c164eaea84ad9dec9a93266f33c199fbbf547","boxes_room_occ_1_1","00000351","conflicting","box","pale blue-white package rear; printed diagrams and text","contents; working ports; port count","","screen","text; blue background","2026-10-06T04:39:11.234Z","true","corrected","box","pale blue-white package rear; printed diagrams and text","contents; working ports; port count","多个盒同时移动，逐初始化按红框判断。","初始化索引 350：本帧为包装背面，印刷图不是屏幕，也不是独立文档。","GPT-6 Astra Pro"
"gb","vot","708","17a19c0118b08d4cdd694ad697918d47d5269d3dabd7d04c1b3f61a8dbe635a2","boxes_room_occ_1_1","00000401","conflicting","box","pale blue-white package rear; printed diagrams and text","contents; working ports; port count","","screen","text; blue background","2026-10-06T04:39:12.578Z","true","corrected","box","pale blue-white package rear; printed diagrams and text","contents; working ports; port count","多个盒同时移动，逐初始化按红框判断。","初始化索引 400：本帧为包装背面，印刷图不是屏幕，也不是独立文档。","GPT-6 Astra Pro"
"gb","vot","709","3267e3f7c35e35a84b92be8d36176d12ff51df6b5055e2e6b88b403209ca4954","boxes_room_occ_1_1","00000451","conflicting","box","pale blue-white package rear; printed diagrams and text","contents; working ports; port count","","document","blue background; text printed on","2026-10-06T04:39:13.906Z","true","corrected","box","pale blue-white package rear; printed diagrams and text","contents; working ports; port count","多个盒同时移动，逐初始化按红框判断。","初始化索引 450：本帧为包装背面，印刷图不是屏幕，也不是独立文档。","GPT-6 Astra Pro"
"gb","vot","710","89f1f944619c501417a41a355d3556fc2e45ab6e618023e4d4ab12219ba829d6","boxes_room_occ_1_1","00000501","conflicting","box","pale blue-white package rear; printed diagrams and text","contents; working ports; port count","","computer monitor","black bezel; text on screen","2026-10-06T04:39:40.074Z","true","corrected","box","pale blue-white package rear; printed diagrams and text","contents; working ports; port count","多个盒同时移动，逐初始化按红框判断。","初始化索引 500：本帧为包装背面，印刷图不是屏幕，也不是独立文档。","GPT-6 Astra Pro"
"gb","vot","711","b9ec3cd3edfee38180e513f4ba6b1f4684d5c07d724c9ff016d29d8a58a00ced","boxes_room_occ_1_1","00000551","conflicting","box","pale blue-white package rear; printed diagrams and text","contents; working ports; port count","","screen","text; blue background","2026-10-06T04:39:42.945Z","true","corrected","box","pale blue-white package rear; printed diagrams and text","contents; working ports; port count","多个盒同时移动，逐初始化按红框判断。","初始化索引 550：本帧为包装背面，印刷图不是屏幕，也不是独立文档。","GPT-6 Astra Pro"
"gb","vot","712","16c7b418b243231b39889a765cf76c4f4c0a4fbc16e09bcd465335164f6cd57f","boxes_room_occ_1_1","00000601","conflicting","box","pale blue-white package rear; printed diagrams and text","contents; working ports; port count","","document","printed text; blue background","2026-10-06T04:39:45.834Z","true","corrected","box","pale blue-white package rear; printed diagrams and text","contents; working ports; port count","多个盒同时移动，逐初始化按红框判断。","初始化索引 600：本帧为包装背面，印刷图不是屏幕，也不是独立文档。","GPT-6 Astra Pro"
"gb","vot","713","29c0475eaf443cd885bdb3c8b9e6f33af76d7e17c72ac43db8568cbfa54ca45e","boxes_room_occ_1_1","00000651","conflicting","box","pale blue-white package rear; printed diagrams and text","contents; working ports; port count","","screen","text; blue background","2026-10-06T04:39:47.450Z","true","corrected","box","pale blue-white package rear; printed diagrams and text","contents; working ports; port count","多个盒同时移动，逐初始化按红框判断。","初始化索引 650：本帧为包装背面，印刷图不是屏幕，也不是独立文档。","GPT-6 Astra Pro"
"gb","vot","714","f9e8047331ce3e92d294d02fe938a65c2c87aac580aaf2f8164e85cac8fe2ca2","boxes_room_occ_1_1","00000670","conflicting","box","pale blue-white package rear; printed diagrams and text","contents; working ports; port count","","box","black; textured; rectangular","2026-10-06T04:39:52.787Z","true","corrected","box","pale blue-white package rear; printed diagrams and text","contents; working ports; port count","多个盒同时移动，逐初始化按红框判断。","初始化索引 669：本帧为包装背面，印刷图不是屏幕，也不是独立文档。","GPT-6 Astra Pro"
"gb","vot","715","f3625223c52e274ff5fc5e462079b0d3ca907ed813382d2e06bd3dbe79932a3d","boxes_room_occ_1_1","00000751","conflicting","box","pale blue-white package rear; printed diagrams and text","contents; working ports; port count","","screen","text; blue background","2026-10-06T04:39:57.498Z","true","corrected","box","pale blue-white package rear; printed diagrams and text","contents; working ports; port count","多个盒同时移动，逐初始化按红框判断。","初始化索引 750：本帧为包装背面，印刷图不是屏幕，也不是独立文档。","GPT-6 Astra Pro"
"gb","vot","716","76e6c5344782b14d1416db1eee12a52958a477ef26e62f8d43b2cd3a08380123","boxes_room_occ_1_1","00000801","conflicting","box","pale blue-white package rear; printed diagrams and text","contents; working ports; port count","","package","green label; text on label","2026-10-06T04:39:59.154Z","true","corrected","box","pale blue-white package rear; printed diagrams and text","contents; working ports; port count","多个盒同时移动，逐初始化按红框判断。","初始化索引 800：本帧为包装背面，印刷图不是屏幕，也不是独立文档。","GPT-6 Astra Pro"
"gb","vot","717","e282240280df7b8713ecf95a196c444ceb58092f94c579eba69f88e46b8be0ca","boxes_room_occ_1_1","00000836","conflicting","box","pale blue-white package rear; printed diagrams and text","contents; working ports; port count","","card","green; textured","2026-10-06T04:40:03.026Z","true","corrected","box","pale blue-white package rear; printed diagrams and text","contents; working ports; port count","多个盒同时移动，逐初始化按红框判断。","初始化索引 835：本帧为包装背面，印刷图不是屏幕，也不是独立文档。","GPT-6 Astra Pro"
"gb","vot","718","6d7066c6a3d5f0b72eac0ad49d153da5cff13aed7521ddd59b5ac091c759de84","boxes_room_occ_1_2","00000001","conflicting","box","dark narrow side; pale printed label","contents; working ports; port count","","box","purple and white; text on front","2026-10-06T04:40:05.026Z","true","corrected","box","dark narrow side; pale printed label","contents; working ports; port count","多个盒同时移动，逐初始化按红框判断。","初始化索引 0：红框为蓝黑包装窄边，旁边绿色盒不作为目标属性。","GPT-6 Astra Pro"
"gb","vot","719","44c78ab1ed9a6e58667e90837a60d83a09b3e7d5df4f6c021100e754f66e2da4","boxes_room_occ_1_2","00000051","conflicting","box","blue and black rectangular package; printed device image","contents; working ports; port count","","box","blue and black; rectangular; printed text","2026-10-06T04:40:21.882Z","true","supported","box","blue and black rectangular package; printed device image","contents; working ports; port count","多个盒同时移动，逐初始化按红框判断。","初始化索引 50：红框为设备包装，非相邻绿盒或裸交换机。","GPT-6 Astra Pro"
"gb","vot","720","1dff031edc90c55b869a011ffd46f97a92ded309bb41da865fef02669cd8f894","boxes_room_occ_1_2","00000101","conflicting","box","blue and black rectangular package; printed device image","contents; working ports; port count","","electronics","blue and black box; 6-port digital port switch","2026-10-06T04:42:56.699Z","true","corrected","box","blue and black rectangular package; printed device image","contents; working ports; port count","多个盒同时移动，逐初始化按红框判断。","初始化索引 100：红框为设备包装，非相邻绿盒或裸交换机。","GPT-6 Astra Pro"
"gb","vot","721","feba480947cefdebe4d851a796a6f9e74a3e4e688cdcc6ee8dac5c46fd16fd72","boxes_room_occ_1_2","00000151","conflicting","box","blue and black rectangular package; printed device image","contents; working ports; port count","","network switch","blue and black; rectangular; six ports","2026-10-06T04:42:59.466Z","true","corrected","box","blue and black rectangular package; printed device image","contents; working ports; port count","多个盒同时移动，逐初始化按红框判断。","初始化索引 150：红框为设备包装，非相邻绿盒或裸交换机。","GPT-6 Astra Pro"
"gb","vot","722","73e8aa645ce7026e04e7fdf1aebb6b442affc06188099f67be9057dd4779a5f4","boxes_room_occ_1_2","00000201","conflicting","box","blue and black rectangular package; printed device image","contents; working ports; port count","","switch","black; rectangular; six ports","2026-10-06T04:43:00.650Z","true","corrected","box","blue and black rectangular package; printed device image","contents; working ports; port count","多个盒同时移动，逐初始化按红框判断。","初始化索引 200：红框为设备包装，非相邻绿盒或裸交换机。","GPT-6 Astra Pro"
"gb","vot","723","a91f26ee0e6c86110b5f15e64277c001c52519c97c9497ee03a3271f47a11ae4","boxes_room_occ_1_2","00000230","conflicting","box","blue and black rectangular package; printed device image","contents; working ports; port count","","remote control","blue; rectangular","2026-10-06T04:43:01.938Z","true","corrected","box","blue and black rectangular package; printed device image","contents; working ports; port count","多个盒同时移动，逐初始化按红框判断。","初始化索引 229：红框为设备包装，非相邻绿盒或裸交换机。","GPT-6 Astra Pro"
"gb","vot","724","9400db1b7c03a33914fd9f6d3ee0c66671b4c8b63e91227f4831fb88d165b653","cartman_1","00000001","conflicting","plush toy","pale round face; outlined white eyes; blue-yellow cap; red top; brown lower body","character name; glasses; scarf; fabric","","stuffed toy","round head; yellow ears; red shirt","2026-10-06T04:44:44.289Z","true","corrected","plush toy","pale round face; outlined white eyes; blue-yellow cap; red top; brown lower body","character name; glasses; scarf; fabric","近邻只辅助转向，背视时不补脸部。","初始化索引 0：红框为圆脸布偶，不是持物者或机械臂；黑眼线不等于眼镜，未见独立围巾。","GPT-6 Astra Pro"
"gb","vot","725","ff38d7fba0eca41c218509c51509a1a239ef2e872c021f81795dedcf74054ac2","cartman_1","00000051","conflicting","plush toy","pale round face; outlined white eyes; blue-yellow cap; red top; brown lower body","character name; glasses; scarf; fabric","","stuffed toy","round head; sweater-like clothing; expression on face","2026-10-06T04:44:47.913Z","true","corrected","plush toy","pale round face; outlined white eyes; blue-yellow cap; red top; brown lower body","character name; glasses; scarf; fabric","近邻只辅助转向，背视时不补脸部。","初始化索引 50：红框为圆脸布偶，不是持物者或机械臂；黑眼线不等于眼镜，未见独立围巾。","GPT-6 Astra Pro"
"gb","vot","726","7528f448c85854f7b2253bcbee86572547d49fe6c6749d826703cbb596aca09b","cartman_1","00000101","conflicting","plush toy","pale round face; outlined white eyes; blue-yellow cap; red top; brown lower body","character name; glasses; scarf; fabric","","toy","plush; red hat; cartoon face","2026-10-06T04:44:52.298Z","true","corrected","plush toy","pale round face; outlined white eyes; blue-yellow cap; red top; brown lower body","character name; glasses; scarf; fabric","近邻只辅助转向，背视时不补脸部。","初始化索引 100：红框为圆脸布偶，不是持物者或机械臂；黑眼线不等于眼镜，未见独立围巾。","GPT-6 Astra Pro"
"gb","vot","727","f9ad773854031e11a7f4661a426ea020119a82419130f1e584f8cdf3f1bd67f0","cartman_1","00000151","conflicting","plush toy","blue-yellow cap; red upper body; brown lower body; soft rounded form","character name; glasses; scarf; fabric","","toy","yellow hat; white face; red scarf","2026-10-06T04:44:55.338Z","true","corrected","plush toy","blue-yellow cap; red upper body; brown lower body; soft rounded form","character name; glasses; scarf; fabric","近邻只辅助转向，背视时不补脸部。","初始化索引 150：本帧侧/背视，不补被遮住的眼睛、嘴或鸟喙。","GPT-6 Astra Pro"
"gb","vot","728","5dd938ea38042b4ff22a87f1c1f0079ebd0af46149b58e3fb91737acbd559ba6","cartman_1","00000201","conflicting","plush toy","blue-yellow cap; red upper body; brown lower body; soft rounded form","character name; glasses; scarf; fabric","","stuffed toy","blue hat; yellow beak; red shorts; black feet","2026-10-06T04:44:57.114Z","true","corrected","plush toy","blue-yellow cap; red upper body; brown lower body; soft rounded form","character name; glasses; scarf; fabric","近邻只辅助转向，背视时不补脸部。","初始化索引 200：本帧侧/背视，不补被遮住的眼睛、嘴或鸟喙。","GPT-6 Astra Pro"
"gb","vot","729","722c2acf18d405b8e9007e9e55db767f933556ffcab6597973da841854d26c7b","cartman_1","00000251","conflicting","plush toy","pale round face; outlined white eyes; blue-yellow cap; red top; brown lower body","character name; glasses; scarf; fabric","","stuffed toy","plush; round head; eyes and mouth; red scarf","2026-10-06T04:44:58.817Z","true","corrected","plush toy","pale round face; outlined white eyes; blue-yellow cap; red top; brown lower body","character name; glasses; scarf; fabric","近邻只辅助转向，背视时不补脸部。","初始化索引 250：红框为圆脸布偶，不是持物者或机械臂；黑眼线不等于眼镜，未见独立围巾。","GPT-6 Astra Pro"
"gb","vot","730","38f4a0ad8dcc50793b9d1033122fd6e001d6e659d9b74a8f414d4f5c7f3cf44c","cartman_1","00000301","conflicting","plush toy","blue-yellow cap; red upper body; brown lower body; soft rounded form","character name; glasses; scarf; fabric","","toy","blue hat; red shorts; brown legs","2026-10-06T04:45:02.690Z","true","corrected","plush toy","blue-yellow cap; red upper body; brown lower body; soft rounded form","character name; glasses; scarf; fabric","近邻只辅助转向，背视时不补脸部。","初始化索引 300：本帧侧/背视，不补被遮住的眼睛、嘴或鸟喙。","GPT-6 Astra Pro"
"gb","vot","731","3b5b27a116ce1967bdc1ce50fdc0b4d2edafe62968c99f6a112910fb88772c99","cartman_1","00000351","conflicting","plush toy","pale round face; outlined white eyes; blue-yellow cap; red top; brown lower body","character name; glasses; scarf; fabric","","stuffed toy","plush; yellow ears; red scarf; cartoon face","2026-10-06T04:45:04.202Z","true","corrected","plush toy","pale round face; outlined white eyes; blue-yellow cap; red top; brown lower body","character name; glasses; scarf; fabric","近邻只辅助转向，背视时不补脸部。","初始化索引 350：红框为圆脸布偶，不是持物者或机械臂；黑眼线不等于眼镜，未见独立围巾。","GPT-6 Astra Pro"
"gb","vot","732","3348e375f338fe1ba39ab22ccb441b8cffab4a0c29b884b1149070f4721a6450","cartman_1","00000369","conflicting","plush toy","pale round face; outlined white eyes; blue-yellow cap; red top; brown lower body","character name; glasses; scarf; fabric","","toy","round head; blue hat; yellow shirt; red scarf","2026-10-06T04:45:05.722Z","true","corrected","plush toy","pale round face; outlined white eyes; blue-yellow cap; red top; brown lower body","character name; glasses; scarf; fabric","近邻只辅助转向，背视时不补脸部。","初始化索引 368：红框为圆脸布偶，不是持物者或机械臂；黑眼线不等于眼镜，未见独立围巾。","GPT-6 Astra Pro"
"gb","vot","733","3a0f56b01a45249b6f6d57be5615c694d48adad21fb2857ba45f0209b0b370e5","cartman_robotarm_lab_noocc_1","00000001","conflicting","plush toy","pale round face; outlined white eyes; blue-yellow cap; red top; brown lower body","character name; glasses; scarf; fabric","","plush toy","blue hat; red shirt; yellow eyes","2026-10-06T04:45:07.921Z","true","corrected","plush toy","pale round face; outlined white eyes; blue-yellow cap; red top; brown lower body","character name; glasses; scarf; fabric","近邻只辅助转向，背视时不补脸部。","初始化索引 0：红框为圆脸布偶，不是持物者或机械臂；黑眼线不等于眼镜，未见独立围巾。","GPT-6 Astra Pro"
"gb","vot","734","7325508a7de340163c4b2a30d448236839c2df0acc489eb57f1f4ec53c8fff9b","cartman_robotarm_lab_noocc_1","00000051","conflicting","plush toy","pale round face; outlined white eyes; blue-yellow cap; red top; brown lower body","character name; glasses; scarf; fabric","","toy","round head; blue hat; red scarf; yellow eyes","2026-10-06T04:45:09.489Z","true","corrected","plush toy","pale round face; outlined white eyes; blue-yellow cap; red top; brown lower body","character name; glasses; scarf; fabric","近邻只辅助转向，背视时不补脸部。","初始化索引 50：红框为圆脸布偶，不是持物者或机械臂；黑眼线不等于眼镜，未见独立围巾。","GPT-6 Astra Pro"
"gb","vot","735","ef3e59d9227c307149c9490426a5c69971ad8f9e134ed9ffcb6d5092718ca6cd","cartman_robotarm_lab_noocc_1","00000101","conflicting","plush toy","pale round face; outlined white eyes; blue-yellow cap; red top; brown lower body","character name; glasses; scarf; fabric","","robotic arm","black; metallic; long; wires","2026-10-06T04:45:29.938Z","true","corrected","plush toy","pale round face; outlined white eyes; blue-yellow cap; red top; brown lower body","character name; glasses; scarf; fabric","近邻只辅助转向，背视时不补脸部。","初始化索引 100：红框为圆脸布偶，不是持物者或机械臂；黑眼线不等于眼镜，未见独立围巾。","GPT-6 Astra Pro"
"gb","vot","736","30f76bc221f7fa299e841178b98f40563940ce63bec265b6619bd246e2ea215b","cartman_robotarm_lab_noocc_1","00000151","conflicting","plush toy","pale round face; outlined white eyes; blue-yellow cap; red top; brown lower body","character name; glasses; scarf; fabric","","stuffed toy","blue hat; red bow tie; white face; yellow eyes","2026-10-06T04:45:31.498Z","true","corrected","plush toy","pale round face; outlined white eyes; blue-yellow cap; red top; brown lower body","character name; glasses; scarf; fabric","近邻只辅助转向，背视时不补脸部。","初始化索引 150：红框为圆脸布偶，不是持物者或机械臂；黑眼线不等于眼镜，未见独立围巾。","GPT-6 Astra Pro"
"gb","vot","737","0a0290dba7b279bb1d151bbdf09a3798371f6c5ad2c3e65f0698525abbd2f0d4","cartman_robotarm_lab_noocc_1","00000201","conflicting","plush toy","pale round face; outlined white eyes; blue-yellow cap; red top; brown lower body","character name; glasses; scarf; fabric","","stuffed toy","blue hat; yellow scarf; brown face; red eyes","2026-10-06T04:45:32.770Z","true","corrected","plush toy","pale round face; outlined white eyes; blue-yellow cap; red top; brown lower body","character name; glasses; scarf; fabric","近邻只辅助转向，背视时不补脸部。","初始化索引 200：红框为圆脸布偶，不是持物者或机械臂；黑眼线不等于眼镜，未见独立围巾。","GPT-6 Astra Pro"
"gb","vot","738","c281938c97e96f4533d1100c685f44d0ac2d7498b922319f8cf0cbbf7a2d8247","cartman_robotarm_lab_noocc_1","00000251","conflicting","plush toy","pale round face; outlined white eyes; blue-yellow cap; red top; brown lower body","character name; glasses; scarf; fabric","","robot","black body; yellow head; blue helmet","2026-10-06T04:45:34.106Z","true","corrected","plush toy","pale round face; outlined white eyes; blue-yellow cap; red top; brown lower body","character name; glasses; scarf; fabric","近邻只辅助转向，背视时不补脸部。","初始化索引 250：红框为圆脸布偶，不是持物者或机械臂；黑眼线不等于眼镜，未见独立围巾。","GPT-6 Astra Pro"
"gb","vot","739","b1721c65cb583122ce67df020bb78b64b17f870626eb0c4a49df0745ae7b20e8","cartman_robotarm_lab_noocc_1","00000301","conflicting","plush toy","pale round face; outlined white eyes; blue-yellow cap; red top; brown lower body","character name; glasses; scarf; fabric","","camera","black body; wires; lens","2026-10-06T04:45:36.866Z","true","corrected","plush toy","pale round face; outlined white eyes; blue-yellow cap; red top; brown lower body","character name; glasses; scarf; fabric","近邻只辅助转向，背视时不补脸部。","初始化索引 300：红框为圆脸布偶，不是持物者或机械臂；黑眼线不等于眼镜，未见独立围巾。","GPT-6 Astra Pro"
"gb","vot","740","84067a35969653851c029a50015dcd66b76b033d5ef8846eddf5891ae6c16df4","cartman_robotarm_lab_noocc_1","00000351","conflicting","plush toy","pale round face; outlined white eyes; blue-yellow cap; red top; brown lower body","character name; glasses; scarf; fabric","","toy","blue hat; red scarf; yellow pants","2026-10-06T04:45:38.618Z","true","corrected","plush toy","pale round face; outlined white eyes; blue-yellow cap; red top; brown lower body","character name; glasses; scarf; fabric","近邻只辅助转向，背视时不补脸部。","初始化索引 350：红框为圆脸布偶，不是持物者或机械臂；黑眼线不等于眼镜，未见独立围巾。","GPT-6 Astra Pro"
"gb","vot","741","ac16e39e16a740fa3ca9bae5dd1bc136bfb8c66216d1834273a066ff2ba5238f","cartman_robotarm_lab_noocc_1","00000401","conflicting","plush toy","pale round face; outlined white eyes; blue-yellow cap; red top; brown lower body","character name; glasses; scarf; fabric","","character","cartoon face; red scarf; blue hat","2026-10-06T04:45:40.394Z","true","corrected","plush toy","pale round face; outlined white eyes; blue-yellow cap; red top; brown lower body","character name; glasses; scarf; fabric","近邻只辅助转向，背视时不补脸部。","初始化索引 400：红框为圆脸布偶，不是持物者或机械臂；黑眼线不等于眼镜，未见独立围巾。","GPT-6 Astra Pro"
"gb","vot","742","fbe49ea0ecea3ddcdcc215e62e8ff3ba5525cb33972a2b06331930db0f36f0d0","cartman_robotarm_lab_noocc_1","00000451","conflicting","plush toy","pale round face; outlined white eyes; blue-yellow cap; red top; brown lower body","character name; glasses; scarf; fabric","","plush toy","blue hat; red scarf; yellow eyes; white face","2026-10-06T04:45:41.858Z","true","corrected","plush toy","pale round face; outlined white eyes; blue-yellow cap; red top; brown lower body","character name; glasses; scarf; fabric","近邻只辅助转向，背视时不补脸部。","初始化索引 450：红框为圆脸布偶，不是持物者或机械臂；黑眼线不等于眼镜，未见独立围巾。","GPT-6 Astra Pro"
"gb","vot","743","dd180c5d612128a32dabb6b6d51b4b83a72237697818685fc0dcd5c30f3a4a04","cartman_robotarm_lab_noocc_1","00000501","conflicting","plush toy","pale round face; outlined white eyes; blue-yellow cap; red top; brown lower body","character name; glasses; scarf; fabric","","robotic arm","black and silver; articulated joints; wires connected","2026-10-06T04:45:42.978Z","true","corrected","plush toy","pale round face; outlined white eyes; blue-yellow cap; red top; brown lower body","character name; glasses; scarf; fabric","近邻只辅助转向，背视时不补脸部。","初始化索引 500：红框为圆脸布偶，不是持物者或机械臂；黑眼线不等于眼镜，未见独立围巾。","GPT-6 Astra Pro"
"gb","vot","744","1ec33760b2649c51ea2aed88f5ad6e620b0b265d3153301795255677de3e9ca9","cartman_robotarm_lab_noocc_1","00000551","conflicting","plush toy","pale round face; outlined white eyes; blue-yellow cap; red top; brown lower body","character name; glasses; scarf; fabric","","stuffed toy","red and blue outfit; round head; large eyes","2026-10-06T04:45:44.137Z","true","supported","plush toy","pale round face; outlined white eyes; blue-yellow cap; red top; brown lower body","character name; glasses; scarf; fabric","近邻只辅助转向，背视时不补脸部。","初始化索引 550：红框为圆脸布偶，不是持物者或机械臂；黑眼线不等于眼镜，未见独立围巾。","GPT-6 Astra Pro"
"gb","vot","745","35f891edfbec3a03bc9354c938c4b5f6c221312e2f8a409b3cf2a0e86fa9bc56","cartman_robotarm_lab_noocc_1","00000601","conflicting","plush toy","pale round face; outlined white eyes; blue-yellow cap; red top; brown lower body","character name; glasses; scarf; fabric","","stuffed toy","blue hat; red scarf; yellow eyes; white shirt","2026-10-06T04:45:45.643Z","true","corrected","plush toy","pale round face; outlined white eyes; blue-yellow cap; red top; brown lower body","character name; glasses; scarf; fabric","近邻只辅助转向，背视时不补脸部。","初始化索引 600：红框为圆脸布偶，不是持物者或机械臂；黑眼线不等于眼镜，未见独立围巾。","GPT-6 Astra Pro"
"gb","vot","746","0a442aedca6553c41a53868b04ba0f904efebc511a6644b9888ba2015749daa0","cartman_robotarm_lab_noocc_1","00000651","conflicting","plush toy","pale round face; outlined white eyes; blue-yellow cap; red top; brown lower body","character name; glasses; scarf; fabric","","stuffed toy","blue hat; white shirt; yellow pants; red bow tie","2026-10-06T04:45:47.026Z","true","corrected","plush toy","pale round face; outlined white eyes; blue-yellow cap; red top; brown lower body","character name; glasses; scarf; fabric","近邻只辅助转向，背视时不补脸部。","初始化索引 650：红框为圆脸布偶，不是持物者或机械臂；黑眼线不等于眼镜，未见独立围巾。","GPT-6 Astra Pro"
"gb","vot","747","ccccb47cd1f3c45c4becf8e5cec89ea1dbc1a7c2ea0a8dd957462b331dbcea5f","cartman_robotarm_lab_noocc_1","00000701","conflicting","plush toy","pale round face; outlined white eyes; blue-yellow cap; red top; brown lower body","character name; glasses; scarf; fabric","","plush toy","red scarf; yellow eyes; white face; blue hat","2026-10-06T04:45:48.186Z","true","corrected","plush toy","pale round face; outlined white eyes; blue-yellow cap; red top; brown lower body","character name; glasses; scarf; fabric","近邻只辅助转向，背视时不补脸部。","初始化索引 700：红框为圆脸布偶，不是持物者或机械臂；黑眼线不等于眼镜，未见独立围巾。","GPT-6 Astra Pro"
"gb","vot","748","53d855efd7642cc1422161ca121ae33acd9678ebbd1019af6539cf3f08479af3","cartman_robotarm_lab_noocc_1","00000751","conflicting","plush toy","pale round face; outlined white eyes; blue-yellow cap; red top; brown lower body","character name; glasses; scarf; fabric","","robotic arm","black and silver; complex wiring; industrial design","2026-10-06T04:45:49.666Z","true","corrected","plush toy","pale round face; outlined white eyes; blue-yellow cap; red top; brown lower body","character name; glasses; scarf; fabric","近邻只辅助转向，背视时不补脸部。","初始化索引 750：红框为圆脸布偶，不是持物者或机械臂；黑眼线不等于眼镜，未见独立围巾。","GPT-6 Astra Pro"
"gb","vot","749","9f1bcda07974b6e6d9e295faa43a21700abe26595b16964fdc726ec264dabaf2","cartman_robotarm_lab_noocc_1","00000801","conflicting","plush toy","pale round face; outlined white eyes; blue-yellow cap; red top; brown lower body","character name; glasses; scarf; fabric","","stuffed toy","plush; yellow hat; red shirt; blue pants","2026-10-06T04:45:51.186Z","true","corrected","plush toy","pale round face; outlined white eyes; blue-yellow cap; red top; brown lower body","character name; glasses; scarf; fabric","近邻只辅助转向，背视时不补脸部。","初始化索引 800：红框为圆脸布偶，不是持物者或机械臂；黑眼线不等于眼镜，未见独立围巾。","GPT-6 Astra Pro"
"gb","vot","750","d9d7f81fe775633d355f6c8f2a630c605066e4af58b435b42ac76f525bdfd07f","cartman_robotarm_lab_noocc_1","00000851","conflicting","plush toy","pale round face; outlined white eyes; blue-yellow cap; red top; brown lower body","character name; glasses; scarf; fabric","","plush toy","blue hat; red shirt; yellow pants; stuffed","2026-10-06T04:45:52.530Z","true","corrected","plush toy","pale round face; outlined white eyes; blue-yellow cap; red top; brown lower body","character name; glasses; scarf; fabric","近邻只辅助转向，背视时不补脸部。","初始化索引 850：红框为圆脸布偶，不是持物者或机械臂；黑眼线不等于眼镜，未见独立围巾。","GPT-6 Astra Pro"
"gb","vot","751","068b7617de05540c911ca0e75e74daff93ac603dea937222415587be85c143cb","cartman_robotarm_lab_noocc_1","00000901","conflicting","plush toy","pale round face; outlined white eyes; blue-yellow cap; red top; brown lower body","character name; glasses; scarf; fabric","","toy","round head; blue hat; red shirt; yellow pants","2026-10-06T04:45:53.954Z","true","corrected","plush toy","pale round face; outlined white eyes; blue-yellow cap; red top; brown lower body","character name; glasses; scarf; fabric","近邻只辅助转向，背视时不补脸部。","初始化索引 900：红框为圆脸布偶，不是持物者或机械臂；黑眼线不等于眼镜，未见独立围巾。","GPT-6 Astra Pro"
"gb","vot","752","7d6511a0e62eae18919a9db8fbf09466bfec23b072a9dcabff95047760661704","cartman_robotarm_lab_noocc_1","00000951","conflicting","plush toy","pale round face; outlined white eyes; blue-yellow cap; red top; brown lower body","character name; glasses; scarf; fabric","","toy","blue hat; red scarf; round eyes; cartoon design","2026-10-06T04:45:55.338Z","true","corrected","plush toy","pale round face; outlined white eyes; blue-yellow cap; red top; brown lower body","character name; glasses; scarf; fabric","近邻只辅助转向，背视时不补脸部。","初始化索引 950：红框为圆脸布偶，不是持物者或机械臂；黑眼线不等于眼镜，未见独立围巾。","GPT-6 Astra Pro"
"gb","vot","753","eec6899e587409dd3eb74ba0d5447ff2769ed460ffdf2176351a4ee818645592","cartman_robotarm_lab_noocc_1","00001001","conflicting","plush toy","pale round face; outlined white eyes; blue-yellow cap; red top; brown lower body","character name; glasses; scarf; fabric","","stuffed toy","multicolored outfit; round eyes; smiling face; textured fabric","2026-10-06T04:45:56.465Z","true","corrected","plush toy","pale round face; outlined white eyes; blue-yellow cap; red top; brown lower body","character name; glasses; scarf; fabric","近邻只辅助转向，背视时不补脸部。","初始化索引 1000：红框为圆脸布偶，不是持物者或机械臂；黑眼线不等于眼镜，未见独立围巾。","GPT-6 Astra Pro"
"gb","vot","754","284db199435f046b76f47ff6365c35ff6dd3adcf7fc7de52b71aa3e1ef4db52a","cartman_robotarm_lab_noocc_1","00001051","conflicting","plush toy","pale round face; outlined white eyes; blue-yellow cap; red top; brown lower body","character name; glasses; scarf; fabric","","stuffed toy","blue hat; yellow shirt; red scarf; plush texture","2026-10-06T04:45:57.594Z","true","corrected","plush toy","pale round face; outlined white eyes; blue-yellow cap; red top; brown lower body","character name; glasses; scarf; fabric","近邻只辅助转向，背视时不补脸部。","初始化索引 1050：红框为圆脸布偶，不是持物者或机械臂；黑眼线不等于眼镜，未见独立围巾。","GPT-6 Astra Pro"
"gb","vot","755","b5012f38c68aa6c9178251531c80e7c39713132fd84701401c608a4c8292b8d0","cartman_robotarm_lab_noocc_1","00001101","conflicting","plush toy","pale round face; outlined white eyes; blue-yellow cap; red top; brown lower body","character name; glasses; scarf; fabric","","robotic arm","black and gray; wires connected; industrial design","2026-10-06T04:45:58.825Z","true","corrected","plush toy","pale round face; outlined white eyes; blue-yellow cap; red top; brown lower body","character name; glasses; scarf; fabric","近邻只辅助转向，背视时不补脸部。","初始化索引 1100：红框为圆脸布偶，不是持物者或机械臂；黑眼线不等于眼镜，未见独立围巾。","GPT-6 Astra Pro"
"gb","vot","756","0fc9b87353e485664d8c9391126fc9bf5b7870d56b6a828965cd8116c55a9d14","cartman_robotarm_lab_noocc_1","00001151","conflicting","plush toy","pale round face; outlined white eyes; blue-yellow cap; red top; brown lower body","character name; glasses; scarf; fabric","","stuffed toy","blue hat; yellow glasses; red shirt","2026-10-06T04:46:00.097Z","true","corrected","plush toy","pale round face; outlined white eyes; blue-yellow cap; red top; brown lower body","character name; glasses; scarf; fabric","近邻只辅助转向，背视时不补脸部。","初始化索引 1150：红框为圆脸布偶，不是持物者或机械臂；黑眼线不等于眼镜，未见独立围巾。","GPT-6 Astra Pro"
"gb","vot","757","215cdae1c41a383fe97a33e62b813b30dc3e0befaa9e6330f4da0e2549d54b0c","cartman_robotarm_lab_noocc_1","00001201","conflicting","plush toy","pale round face; outlined white eyes; blue-yellow cap; red top; brown lower body","character name; glasses; scarf; fabric","","stuffed toy","yellow head; red shirt; textured fabric","2026-10-06T04:46:02.049Z","true","corrected","plush toy","pale round face; outlined white eyes; blue-yellow cap; red top; brown lower body","character name; glasses; scarf; fabric","近邻只辅助转向，背视时不补脸部。","初始化索引 1200：红框为圆脸布偶，不是持物者或机械臂；黑眼线不等于眼镜，未见独立围巾。","GPT-6 Astra Pro"
"gb","vot","758","b58d5ecff3e3ce082c4bc81f7eee7d9e59e34e633716f1c355c45787220087b7","cartman_robotarm_lab_noocc_1","00001251","conflicting","plush toy","pale round face; outlined white eyes; blue-yellow cap; red top; brown lower body","character name; glasses; scarf; fabric","","toy","round head; glasses; red scarf; blue hat","2026-10-06T04:46:03.249Z","true","corrected","plush toy","pale round face; outlined white eyes; blue-yellow cap; red top; brown lower body","character name; glasses; scarf; fabric","近邻只辅助转向，背视时不补脸部。","初始化索引 1250：红框为圆脸布偶，不是持物者或机械臂；黑眼线不等于眼镜，未见独立围巾。","GPT-6 Astra Pro"
"gb","vot","759","60f1e75b6a31f403487724f50b904fd23d7b7980d89deb2406de40eb0340ceb6","cartman_robotarm_lab_noocc_1","00001301","conflicting","plush toy","pale round face; outlined white eyes; blue-yellow cap; red top; brown lower body","character name; glasses; scarf; fabric","","robotic arm","black and yellow; round head; sleek design","2026-10-06T04:46:04.465Z","true","corrected","plush toy","pale round face; outlined white eyes; blue-yellow cap; red top; brown lower body","character name; glasses; scarf; fabric","近邻只辅助转向，背视时不补脸部。","初始化索引 1300：红框为圆脸布偶，不是持物者或机械臂；黑眼线不等于眼镜，未见独立围巾。","GPT-6 Astra Pro"
"gb","vot","760","609465a3b626762a9f9fccf16e78a0b87df9872412b72ede94f833880a9b41dd","cartman_robotarm_lab_noocc_1","00001351","conflicting","plush toy","pale round face; outlined white eyes; blue-yellow cap; red top; brown lower body","character name; glasses; scarf; fabric","","stuffed toy","round head; glasses; red shirt; brown pants","2026-10-06T04:46:07.570Z","true","corrected","plush toy","pale round face; outlined white eyes; blue-yellow cap; red top; brown lower body","character name; glasses; scarf; fabric","近邻只辅助转向，背视时不补脸部。","初始化索引 1350：红框为圆脸布偶，不是持物者或机械臂；黑眼线不等于眼镜，未见独立围巾。","GPT-6 Astra Pro"
"gb","vot","761","f0af06c558636b5d197e497c31906787a0f075d70ee63bc7dc3c42be5fd5ab67","cartman_robotarm_lab_noocc_1","00001401","conflicting","plush toy","pale round face; outlined white eyes; blue-yellow cap; red top; brown lower body","character name; glasses; scarf; fabric","","robotic arm","black and green; wires; spherical head","2026-10-06T04:46:09.946Z","true","corrected","plush toy","pale round face; outlined white eyes; blue-yellow cap; red top; brown lower body","character name; glasses; scarf; fabric","近邻只辅助转向，背视时不补脸部。","初始化索引 1400：红框为圆脸布偶，不是持物者或机械臂；黑眼线不等于眼镜，未见独立围巾。","GPT-6 Astra Pro"
"gb","vot","762","a976e6c4152021af01c0ab96489b884e6dedaca936a9fa87c6d299778aa6ffc4","cartman_robotarm_lab_noocc_1","00001451","conflicting","plush toy","pale round face; outlined white eyes; blue-yellow cap; red top; brown lower body","character name; glasses; scarf; fabric","","robot","blue and yellow head; round body; wearing glasses","2026-10-06T04:46:11.481Z","true","corrected","plush toy","pale round face; outlined white eyes; blue-yellow cap; red top; brown lower body","character name; glasses; scarf; fabric","近邻只辅助转向，背视时不补脸部。","初始化索引 1450：红框为圆脸布偶，不是持物者或机械臂；黑眼线不等于眼镜，未见独立围巾。","GPT-6 Astra Pro"
"gb","vot","763","9ae972a6f4edd782abae28363aa000845c4894f9b2133b9d23a04c17a6a79e06","cartman_robotarm_lab_noocc_1","00001501","conflicting","plush toy","pale round face; outlined white eyes; blue-yellow cap; red top; brown lower body","character name; glasses; scarf; fabric","","toy","blue hat; yellow shirt; round head","2026-10-06T04:46:14.201Z","true","corrected","plush toy","pale round face; outlined white eyes; blue-yellow cap; red top; brown lower body","character name; glasses; scarf; fabric","近邻只辅助转向，背视时不补脸部。","初始化索引 1500：红框为圆脸布偶，不是持物者或机械臂；黑眼线不等于眼镜，未见独立围巾。","GPT-6 Astra Pro"
"gb","vot","764","33e46f06317a32b8341e8b0fdc99bc46eaff33ea76a2604d9aa62b6c3105622f","cartman_robotarm_lab_noocc_1","00001551","conflicting","plush toy","pale round face; outlined white eyes; blue-yellow cap; red top; brown lower body","character name; glasses; scarf; fabric","","robotic arm","black and silver; complex mechanical structure; yellow labels","2026-10-06T04:46:15.995Z","true","corrected","plush toy","pale round face; outlined white eyes; blue-yellow cap; red top; brown lower body","character name; glasses; scarf; fabric","近邻只辅助转向，背视时不补脸部。","初始化索引 1550：红框为圆脸布偶，不是持物者或机械臂；黑眼线不等于眼镜，未见独立围巾。","GPT-6 Astra Pro"
"gb","vot","765","e4f25efa2fc8f283fc446c979c2460f59d5717a91cd47615da562af8b2cf5c53","cartman_robotarm_lab_noocc_1","00001601","conflicting","plush toy","pale round face; outlined white eyes; blue-yellow cap; red top; brown lower body","character name; glasses; scarf; fabric","","toy","round shape; colorful pattern; textured surface","2026-10-06T04:46:17.298Z","true","corrected","plush toy","pale round face; outlined white eyes; blue-yellow cap; red top; brown lower body","character name; glasses; scarf; fabric","近邻只辅助转向，背视时不补脸部。","初始化索引 1600：红框为圆脸布偶，不是持物者或机械臂；黑眼线不等于眼镜，未见独立围巾。","GPT-6 Astra Pro"
"gb","vot","766","ac66f24c89bf7cab3a80e027876bceecdcf703aa327c8060773da703f70a05c7","cartman_robotarm_lab_noocc_1","00001651","conflicting","plush toy","pale round face; outlined white eyes; blue-yellow cap; red top; brown lower body","character name; glasses; scarf; fabric","","robotic arm","black and yellow; cylindrical; wires connected","2026-10-06T04:46:21.595Z","true","corrected","plush toy","pale round face; outlined white eyes; blue-yellow cap; red top; brown lower body","character name; glasses; scarf; fabric","近邻只辅助转向，背视时不补脸部。","初始化索引 1650：红框为圆脸布偶，不是持物者或机械臂；黑眼线不等于眼镜，未见独立围巾。","GPT-6 Astra Pro"
"gb","vot","767","6f0f685d36c7cb56f2811a845422b16404a155be8b4973ada88bc4a4b19f74d1","cartman_robotarm_lab_noocc_1","00001701","conflicting","plush toy","pale round face; outlined white eyes; blue-yellow cap; red top; brown lower body","character name; glasses; scarf; fabric","","robotic arm component","black and yellow; cylindrical shape; wires connected","2026-10-06T04:46:23.642Z","true","corrected","plush toy","pale round face; outlined white eyes; blue-yellow cap; red top; brown lower body","character name; glasses; scarf; fabric","近邻只辅助转向，背视时不补脸部。","初始化索引 1700：红框为圆脸布偶，不是持物者或机械臂；黑眼线不等于眼镜，未见独立围巾。","GPT-6 Astra Pro"
"gb","vot","768","790c03e0471108f512470f4fa30fea5cb6e7a0d4dbddf58ab9a30e46d70e41d7","cartman_robotarm_lab_noocc_1","00001751","conflicting","plush toy","pale round face; outlined white eyes; blue-yellow cap; red top; brown lower body","character name; glasses; scarf; fabric","","robotic arm","black and yellow; cylindrical shape; wires connected","2026-10-06T04:46:25.034Z","true","corrected","plush toy","pale round face; outlined white eyes; blue-yellow cap; red top; brown lower body","character name; glasses; scarf; fabric","近邻只辅助转向，背视时不补脸部。","初始化索引 1750：红框为圆脸布偶，不是持物者或机械臂；黑眼线不等于眼镜，未见独立围巾。","GPT-6 Astra Pro"
"gb","vot","769","0c6792d05e45c781d09ce4fafc77a66a86026fd4a0010075515f31b31fcdebda","cartman_robotarm_lab_noocc_1","00001801","conflicting","plush toy","pale round face; outlined white eyes; blue-yellow cap; red top; brown lower body","character name; glasses; scarf; fabric","","stuffed toy","plush; blue hat; red bowtie; white face","2026-10-06T04:46:26.345Z","true","corrected","plush toy","pale round face; outlined white eyes; blue-yellow cap; red top; brown lower body","character name; glasses; scarf; fabric","近邻只辅助转向，背视时不补脸部。","初始化索引 1800：红框为圆脸布偶，不是持物者或机械臂；黑眼线不等于眼镜，未见独立围巾。","GPT-6 Astra Pro"
"gb","vot","770","739e40607158625e952103d01864e7fdebbc9b9932d24832e0c9a72dc7c8cd4a","cartman_robotarm_lab_noocc_1","00001851","conflicting","plush toy","pale round face; outlined white eyes; blue-yellow cap; red top; brown lower body","character name; glasses; scarf; fabric","","plush toy","round head; glasses; red scarf; yellow hat","2026-10-06T04:46:27.554Z","true","corrected","plush toy","pale round face; outlined white eyes; blue-yellow cap; red top; brown lower body","character name; glasses; scarf; fabric","近邻只辅助转向，背视时不补脸部。","初始化索引 1850：红框为圆脸布偶，不是持物者或机械臂；黑眼线不等于眼镜，未见独立围巾。","GPT-6 Astra Pro"
"gb","vot","771","8f203752aeae3e086885d9f4a0c24caaab4a8e34216b676a0191ba68126d0f4b","cartman_robotarm_lab_noocc_1","00001901","conflicting","plush toy","pale round face; outlined white eyes; blue-yellow cap; red top; brown lower body","character name; glasses; scarf; fabric","","robotic arm","black and gray; articulated joints; wires connected","2026-10-06T04:46:30.769Z","true","corrected","plush toy","pale round face; outlined white eyes; blue-yellow cap; red top; brown lower body","character name; glasses; scarf; fabric","近邻只辅助转向，背视时不补脸部。","初始化索引 1900：红框为圆脸布偶，不是持物者或机械臂；黑眼线不等于眼镜，未见独立围巾。","GPT-6 Astra Pro"
"gb","vot","772","1ea383ac60b784994b4f0ff1d8ab80cf8342ca5e8cfbc69f38376dc90a2dd439","cartman_robotarm_lab_noocc_1","00001951","conflicting","plush toy","pale round face; outlined white eyes; blue-yellow cap; red top; brown lower body","character name; glasses; scarf; fabric","","stuffed toy","blue hat; red scarf; yellow eyes; black pants","2026-10-06T04:46:57.274Z","true","corrected","plush toy","pale round face; outlined white eyes; blue-yellow cap; red top; brown lower body","character name; glasses; scarf; fabric","近邻只辅助转向，背视时不补脸部。","初始化索引 1950：红框为圆脸布偶，不是持物者或机械臂；黑眼线不等于眼镜，未见独立围巾。","GPT-6 Astra Pro"
"gb","vot","773","81646a74eec71a690f43f8db216647cd8d0be789324dde75a7938a4242837e99","cartman_robotarm_lab_noocc_1","00002001","conflicting","plush toy","pale round face; outlined white eyes; blue-yellow cap; red top; brown lower body","character name; glasses; scarf; fabric","","stuffed toy","plush; blue hat; red scarf; yellow stripes","2026-10-06T04:47:04.011Z","true","corrected","plush toy","pale round face; outlined white eyes; blue-yellow cap; red top; brown lower body","character name; glasses; scarf; fabric","近邻只辅助转向，背视时不补脸部。","初始化索引 2000：红框为圆脸布偶，不是持物者或机械臂；黑眼线不等于眼镜，未见独立围巾。","GPT-6 Astra Pro"
"gb","vot","774","24bf0888becffdc2ea20a9cb9c1b5a583c7089cb20f7d634a858af83032efff0","cartman_robotarm_lab_noocc_1","00002053","conflicting","plush toy","pale round face; outlined white eyes; blue-yellow cap; red top; brown lower body","character name; glasses; scarf; fabric","","plush toy","blue hat; red scarf; white face; round eyes","2026-10-06T04:47:05.571Z","true","corrected","plush toy","pale round face; outlined white eyes; blue-yellow cap; red top; brown lower body","character name; glasses; scarf; fabric","近邻只辅助转向，背视时不补脸部。","初始化索引 2052：红框为圆脸布偶，不是持物者或机械臂；黑眼线不等于眼镜，未见独立围巾。","GPT-6 Astra Pro"
"gb","vot","775","92a366405fca128690048d6053627d11ab9b04d9e55fca7a81447ebc79ed903d","case_1","00000001","conflicting","case","dark rounded oblong body; curved lid; edge seam","contents; material; electronics","","glasses case","black; rectangular; textured","2026-10-06T04:47:23.243Z","true","supported","case","dark rounded oblong body; curved lid; edge seam","contents; material; electronics","近邻支持眼镜盒式外形，但保留粗类case。","初始化索引 0：红框为长椭圆壳状盒，无触屏、遥控按钮或鞋形依据。","GPT-6 Astra Pro"
"gb","vot","776","209a9552d3ca23681048f481ba47492a9dfc8a24fab4d5c67477e405b3cff6ab","case_1","00000051","conflicting","case","dark rounded oblong body; curved lid; edge seam","contents; material; electronics","","cushion","greenish; textured","2026-10-06T04:47:25.962Z","true","corrected","case","dark rounded oblong body; curved lid; edge seam","contents; material; electronics","近邻支持眼镜盒式外形，但保留粗类case。","初始化索引 50：红框为长椭圆壳状盒，无触屏、遥控按钮或鞋形依据。","GPT-6 Astra Pro"
"gb","vot","777","a3437cac063edf37d771b2d087102f05273ea39db2590f4b7b22dcee74eed24b","case_1","00000101","conflicting","case","dark rounded oblong body; curved lid; edge seam","contents; material; electronics","","remote control","black; rectangular; buttoned","2026-10-06T04:47:29.883Z","true","corrected","case","dark rounded oblong body; curved lid; edge seam","contents; material; electronics","近邻支持眼镜盒式外形，但保留粗类case。","初始化索引 100：红框为长椭圆壳状盒，无触屏、遥控按钮或鞋形依据。","GPT-6 Astra Pro"
"gb","vot","778","80121b22c113a76e2e23457e78ac0abee418b12566fe5f68b5cd58d3b9e21e8f","case_1","00000151","conflicting","case","dark rounded oblong body; curved lid; edge seam","contents; material; electronics","","phone","gray case; touchscreen","2026-10-06T04:47:31.234Z","true","corrected","case","dark rounded oblong body; curved lid; edge seam","contents; material; electronics","近邻支持眼镜盒式外形，但保留粗类case。","初始化索引 150：红框为长椭圆壳状盒，无触屏、遥控按钮或鞋形依据。","GPT-6 Astra Pro"
"gb","vot","779","7aa100e199127469276a5a653f02197fa764d8571fa7f178717cdc807da5ff85","case_1","00000201","conflicting","case","dark rounded oblong body; curved lid; edge seam","contents; material; electronics","","phone","black case; blue screen","2026-10-06T04:47:32.521Z","true","corrected","case","dark rounded oblong body; curved lid; edge seam","contents; material; electronics","近邻支持眼镜盒式外形，但保留粗类case。","初始化索引 200：红框为长椭圆壳状盒，无触屏、遥控按钮或鞋形依据。","GPT-6 Astra Pro"
"gb","vot","780","5a6a4bda698fba3c7e01835d28b71dd19d95e2121bbffaf41998d50b24d4e3af","case_1","00000251","conflicting","case","dark rounded oblong body; curved lid; edge seam","contents; material; electronics","","glove","black; textured","2026-10-06T04:47:33.938Z","true","corrected","case","dark rounded oblong body; curved lid; edge seam","contents; material; electronics","近邻支持眼镜盒式外形，但保留粗类case。","初始化索引 250：红框为长椭圆壳状盒，无触屏、遥控按钮或鞋形依据。","GPT-6 Astra Pro"
"gb","vot","781","2252ed41a4f6aeabcbfab9156738fd408fbb48b80da808443761a4a5c9d20ebe","case_1","00000301","conflicting","case","dark rounded oblong body; curved lid; edge seam","contents; material; electronics","","shoe","black; leather","2026-10-06T04:47:36.810Z","true","corrected","case","dark rounded oblong body; curved lid; edge seam","contents; material; electronics","近邻支持眼镜盒式外形，但保留粗类case。","初始化索引 300：红框为长椭圆壳状盒，无触屏、遥控按钮或鞋形依据。","GPT-6 Astra Pro"
"gb","vot","782","942036c135bae0df157f6c16078bf84f0261a4e580646835f845f1610bce3d1a","case_1","00000350","conflicting","case","dark rounded oblong body; curved lid; edge seam","contents; material; electronics","","headset","black; leather-like","2026-10-06T04:47:43.161Z","true","corrected","case","dark rounded oblong body; curved lid; edge seam","contents; material; electronics","近邻支持眼镜盒式外形，但保留粗类case。","初始化索引 349：红框为长椭圆壳状盒，无触屏、遥控按钮或鞋形依据。","GPT-6 Astra Pro"
"gb","vot","783","5f0a0eccce48791422324aef7f1ed437dd454b67ee3413389458119ba490c1dc","cat01_indoor_1","00000001","conflicting","cat","black upper fur; white muzzle and chest; pointed ears","eye color; breed; age","","cat","black and white fur; yellow eyes; sitting posture","2026-10-06T04:47:47.625Z","true","corrected","cat","black upper fur; white muzzle and chest; pointed ears","eye color; breed; age","桌面/键盘附近转身走动只作上下文，姿态不作稳定属性。","初始化索引 0：红框为黑白猫，非鼠标、耳机或扬声器，不确认眼色/品种。","GPT-6 Astra Pro"
"gb","vot","784","2b5b101333b5a7c74356f5ff6aeb0d0b9be43c29d94ccdff32fce831b93d2916","cat01_indoor_1","00000051","conflicting","cat","black upper fur; white muzzle and chest; pointed ears","eye color; breed; age","","cat","black and white fur; yellow eyes; sitting posture","2026-10-06T04:47:49.417Z","true","corrected","cat","black upper fur; white muzzle and chest; pointed ears","eye color; breed; age","桌面/键盘附近转身走动只作上下文，姿态不作稳定属性。","初始化索引 50：红框为黑白猫，非鼠标、耳机或扬声器，不确认眼色/品种。","GPT-6 Astra Pro"
"gb","vot","785","0a84f325aa9fd3f3b4c5686afff377ddefa6c72ad15ddf2891a3d1f7a2ddd2d0","cat01_indoor_1","00000101","conflicting","cat","dark fur silhouette; pale face or chest patch","eye color; breed; age","","computer mouse","black; smooth surface","2026-10-06T04:47:52.210Z","true","corrected","cat","dark fur silhouette; pale face or chest patch","eye color; breed; age","桌面/键盘附近转身走动只作上下文，姿态不作稳定属性。","初始化索引 100：本帧模糊或裁切，保留猫体和浅斑，不读取眼色。","GPT-6 Astra Pro"
"gb","vot","786","70b05e0622ab534ba539ca56544ebd6b73bd85c2c20540c38027bf62840aa018","cat01_indoor_1","00000151","conflicting","cat","black upper fur; white muzzle and chest; pointed ears","eye color; breed; age","","cat","black and white fur; yellow eyes; sitting on desk","2026-10-06T04:47:54.346Z","true","corrected","cat","black upper fur; white muzzle and chest; pointed ears","eye color; breed; age","桌面/键盘附近转身走动只作上下文，姿态不作稳定属性。","初始化索引 150：红框为黑白猫，非鼠标、耳机或扬声器，不确认眼色/品种。","GPT-6 Astra Pro"
"gb","vot","787","cad0eaf0ae9fbe170c71d5a966f6eda600e279f07a544350ec5bb7ea94ed6b34","cat01_indoor_1","00000201","conflicting","cat","black upper fur; white muzzle and chest; pointed ears","eye color; breed; age","","cat","black and white fur; sitting on a surface; looking down","2026-10-06T04:47:57.314Z","true","supported","cat","black upper fur; white muzzle and chest; pointed ears","eye color; breed; age","桌面/键盘附近转身走动只作上下文，姿态不作稳定属性。","初始化索引 200：红框为黑白猫，非鼠标、耳机或扬声器，不确认眼色/品种。","GPT-6 Astra Pro"
"gb","vot","788","6e3b8a44eeb2dd6b550e381746b892ba7c43395131a14d3f88c92c133c6492d5","cat01_indoor_1","00000251","conflicting","cat","black upper fur; white muzzle and chest; pointed ears","eye color; breed; age","","cat","black and white fur; sitting posture; curled tail","2026-10-06T04:47:58.746Z","true","supported","cat","black upper fur; white muzzle and chest; pointed ears","eye color; breed; age","桌面/键盘附近转身走动只作上下文，姿态不作稳定属性。","初始化索引 250：红框为黑白猫，非鼠标、耳机或扬声器，不确认眼色/品种。","GPT-6 Astra Pro"
"gb","vot","789","7b3e7a5bc16e400cae4666d37450c97b950a65041650037ae07ba40bf9d0f5dd","cat01_indoor_1","00000301","conflicting","cat","dark fur silhouette; pale face or chest patch","eye color; breed; age","","speaker","black; round","2026-10-06T04:48:02.177Z","true","corrected","cat","dark fur silhouette; pale face or chest patch","eye color; breed; age","桌面/键盘附近转身走动只作上下文，姿态不作稳定属性。","初始化索引 300：本帧模糊或裁切，保留猫体和浅斑，不读取眼色。","GPT-6 Astra Pro"
"gb","vot","790","17098644415c1bacb2ad739d9dabc21c4a1e386005d772a5a7a33a1bf162f089","cat01_indoor_1","00000351","conflicting","cat","dark fur silhouette; pale face or chest patch","eye color; breed; age","","cat","black and white fur; sitting posture","2026-10-06T04:48:07.434Z","true","corrected","cat","dark fur silhouette; pale face or chest patch","eye color; breed; age","桌面/键盘附近转身走动只作上下文，姿态不作稳定属性。","初始化索引 350：本帧模糊或裁切，保留猫体和浅斑，不读取眼色。","GPT-6 Astra Pro"
"gb","vot","791","a8236b02c0cbfd1d07a599dcac136264b759982f0c276495164806e2ad28173f","cat01_indoor_1","00000401","conflicting","cat","black upper fur; white muzzle and chest; pointed ears","eye color; breed; age","","cat","black and white fur; yellow eyes; sitting on floor","2026-10-06T04:48:09.186Z","true","corrected","cat","black upper fur; white muzzle and chest; pointed ears","eye color; breed; age","桌面/键盘附近转身走动只作上下文，姿态不作稳定属性。","初始化索引 400：猫位于桌面/键盘附近，非地板，删除floor场景断言。","GPT-6 Astra Pro"
"gb","vot","792","704803e08a1056060b9a50fa006e7eb28be8a50fb81d31836700d189a69fa75f","cat01_indoor_1","00000451","conflicting","cat","black upper fur; white muzzle and chest; pointed ears","eye color; breed; age","","cat","black and white fur; large eyes; standing posture","2026-10-06T04:48:10.906Z","true","corrected","cat","black upper fur; white muzzle and chest; pointed ears","eye color; breed; age","桌面/键盘附近转身走动只作上下文，姿态不作稳定属性。","初始化索引 450：红框为黑白猫，非鼠标、耳机或扬声器，不确认眼色/品种。","GPT-6 Astra Pro"
"gb","vot","793","89343565647b5b8de0508d8e01f2bb92063f53388a79f82af3448d1a1ecdc947","cat01_indoor_1","00000501","conflicting","cat","black upper fur; white muzzle and chest; pointed ears","eye color; breed; age","","cat","black and white fur; sitting on desk","2026-10-06T04:48:14.809Z","true","supported","cat","black upper fur; white muzzle and chest; pointed ears","eye color; breed; age","桌面/键盘附近转身走动只作上下文，姿态不作稳定属性。","初始化索引 500：红框为黑白猫，非鼠标、耳机或扬声器，不确认眼色/品种。","GPT-6 Astra Pro"
"gb","vot","794","701c7365b4f84c562315fcc4f8a3d61d40636f7bd6cc123e4b91d79da98ecf23","cat01_indoor_1","00000551","conflicting","cat","black upper fur; white muzzle and chest; pointed ears","eye color; breed; age","","cat","black and white fur; yellow eyes; sitting posture","2026-10-06T04:48:17.427Z","true","corrected","cat","black upper fur; white muzzle and chest; pointed ears","eye color; breed; age","桌面/键盘附近转身走动只作上下文，姿态不作稳定属性。","初始化索引 550：红框为黑白猫，非鼠标、耳机或扬声器，不确认眼色/品种。","GPT-6 Astra Pro"
"gb","vot","795","28e87c37a0738dc5d523bfce2e86e456aa0648eedf2346499f5dbb0b01ce2424","cat01_indoor_1","00000601","conflicting","cat","dark fur silhouette; pale face or chest patch","eye color; breed; age","","headset","black and white; wired; round ear cups","2026-10-06T04:48:19.027Z","true","corrected","cat","dark fur silhouette; pale face or chest patch","eye color; breed; age","桌面/键盘附近转身走动只作上下文，姿态不作稳定属性。","初始化索引 600：本帧模糊或裁切，保留猫体和浅斑，不读取眼色。","GPT-6 Astra Pro"
"gb","vot","796","2d6692315d2685bf83fd1ea7346cd2ebe7a4a9bc359a9a88549b61c2e7cd0277","cat01_indoor_1","00000651","conflicting","cat","dark fur silhouette; pale face or chest patch","eye color; breed; age","","cat","black and white fur; sitting posture","2026-10-06T04:48:24.203Z","true","corrected","cat","dark fur silhouette; pale face or chest patch","eye color; breed; age","桌面/键盘附近转身走动只作上下文，姿态不作稳定属性。","初始化索引 650：本帧模糊或裁切，保留猫体和浅斑，不读取眼色。","GPT-6 Astra Pro"
"gb","vot","797","99939cd27521a5c6bc59558ba05f914c622e8a35122beb9fbc794fde2ba681bc","cat01_indoor_1","00000701","conflicting","cat","black upper fur; white muzzle and chest; pointed ears","eye color; breed; age","","cat","black and white fur; sitting on a stand","2026-10-06T04:48:27.627Z","true","supported","cat","black upper fur; white muzzle and chest; pointed ears","eye color; breed; age","桌面/键盘附近转身走动只作上下文，姿态不作稳定属性。","初始化索引 700：红框为黑白猫，非鼠标、耳机或扬声器，不确认眼色/品种。","GPT-6 Astra Pro"
"gb","vot","798","96f84231c2ae3d42f71465d00e85cb14fc53e5b956b4c0a2c4f35190c07cebb2","cat01_indoor_1","00000751","conflicting","cat","black upper fur; white muzzle and chest; pointed ears","eye color; breed; age","","cat","black and white fur; curled tail","2026-10-06T04:48:29.858Z","true","supported","cat","black upper fur; white muzzle and chest; pointed ears","eye color; breed; age","桌面/键盘附近转身走动只作上下文，姿态不作稳定属性。","初始化索引 750：红框为黑白猫，非鼠标、耳机或扬声器，不确认眼色/品种。","GPT-6 Astra Pro"
"gb","vot","799","a6a2ca7f848408dd02bb543ef358a0694a6390dac395fbd024041c5e2280ddcf","cat01_indoor_1","00000801","conflicting","cat","black upper fur; white muzzle and chest; pointed ears","eye color; breed; age","","headset","black; wired","2026-10-06T04:48:33.514Z","true","corrected","cat","black upper fur; white muzzle and chest; pointed ears","eye color; breed; age","桌面/键盘附近转身走动只作上下文，姿态不作稳定属性。","初始化索引 800：红框为黑白猫，非鼠标、耳机或扬声器，不确认眼色/品种。","GPT-6 Astra Pro"
"gb","vot","800","ba8302521171c023d49db5fb75570283b114e10a6047de0248efa91a31f12e07","cat01_indoor_1","00000851","conflicting","cat","dark fur silhouette; pale face or chest patch","eye color; breed; age","","cat","black and white fur; sitting posture","2026-10-06T04:48:35.186Z","true","corrected","cat","dark fur silhouette; pale face or chest patch","eye color; breed; age","桌面/键盘附近转身走动只作上下文，姿态不作稳定属性。","初始化索引 850：本帧模糊或裁切，保留猫体和浅斑，不读取眼色。","GPT-6 Astra Pro"
"gb","vot","801","a8341380672306ccd3c290d0272724c717efa5c40deef05811cbde064391b39b","cat01_indoor_1","00000901","conflicting","cat","dark fur silhouette; pale face or chest patch","eye color; breed; age","","computer mouse","black; rubber; oval","2026-10-06T04:48:36.794Z","true","corrected","cat","dark fur silhouette; pale face or chest patch","eye color; breed; age","桌面/键盘附近转身走动只作上下文，姿态不作稳定属性。","初始化索引 900：本帧模糊或裁切，保留猫体和浅斑，不读取眼色。","GPT-6 Astra Pro"
"gb","vot","802","a3b64cdb35e176651303d73f929effc64db62a05ed4a119ca80630fa76b8d10f","cat01_indoor_1","00000951","conflicting","cat","black upper fur; white muzzle and chest; pointed ears","eye color; breed; age","","headphones","black; wired; cable; ear cups","2026-10-06T04:48:38.186Z","true","corrected","cat","black upper fur; white muzzle and chest; pointed ears","eye color; breed; age","桌面/键盘附近转身走动只作上下文，姿态不作稳定属性。","初始化索引 950：红框为黑白猫，非鼠标、耳机或扬声器，不确认眼色/品种。","GPT-6 Astra Pro"
"gb","vot","803","d23972d8b908a94dbe90a93c7fc5f97d68f80124009fa440b9ec2f8ca8a3d9da","cat01_indoor_1","00001001","conflicting","cat","black upper fur; white muzzle and chest; pointed ears","eye color; breed; age","","cat","black and white fur; sitting posture","2026-10-06T04:48:40.050Z","true","supported","cat","black upper fur; white muzzle and chest; pointed ears","eye color; breed; age","桌面/键盘附近转身走动只作上下文，姿态不作稳定属性。","初始化索引 1000：红框为黑白猫，非鼠标、耳机或扬声器，不确认眼色/品种。","GPT-6 Astra Pro"
"gb","vot","804","0ae6a49dba9e82e511f3bdf23faaf210d75ed4a9d4f8eda09ec672eeb4eaafe1","cat01_indoor_1","00001051","conflicting","cat","black upper fur; white muzzle and chest; pointed ears","eye color; breed; age","","cat","black and white fur; sitting on floor; looking forward","2026-10-06T04:48:41.474Z","true","corrected","cat","black upper fur; white muzzle and chest; pointed ears","eye color; breed; age","桌面/键盘附近转身走动只作上下文，姿态不作稳定属性。","初始化索引 1050：猫位于桌面/键盘附近，非地板，删除floor场景断言。","GPT-6 Astra Pro"
"gb","vot","805","c70774a909b65a0ac710d50f3ee624cbde4b3822242bc422846e54001b49f09c","cat01_indoor_1","00001101","conflicting","cat","black upper fur; white muzzle and chest; pointed ears","eye color; breed; age","","cat","black and white fur; yellow eyes","2026-10-06T04:48:43.458Z","true","corrected","cat","black upper fur; white muzzle and chest; pointed ears","eye color; breed; age","桌面/键盘附近转身走动只作上下文，姿态不作稳定属性。","初始化索引 1100：红框为黑白猫，非鼠标、耳机或扬声器，不确认眼色/品种。","GPT-6 Astra Pro"
"gb","vot","806","1e1b5a12205c0bc5fc53a95b228a2ca43e51fa934e7310d281817e0a97c89df2","cat01_indoor_1","00001151","conflicting","cat","black upper fur; white muzzle and chest; pointed ears","eye color; breed; age","","cat","black and white fur; sitting on desk","2026-10-06T04:48:45.545Z","true","supported","cat","black upper fur; white muzzle and chest; pointed ears","eye color; breed; age","桌面/键盘附近转身走动只作上下文，姿态不作稳定属性。","初始化索引 1150：红框为黑白猫，非鼠标、耳机或扬声器，不确认眼色/品种。","GPT-6 Astra Pro"
"gb","vot","807","9003ea46c000f94b5a6418c596f8003384dee96f7cfc48fd3ef3224c026dc455","cat01_indoor_1","00001218","conflicting","cat","black upper fur; white muzzle and chest; pointed ears","eye color; breed; age","","cat","black and white fur; sitting on desk","2026-10-06T04:48:47.450Z","true","supported","cat","black upper fur; white muzzle and chest; pointed ears","eye color; breed; age","桌面/键盘附近转身走动只作上下文，姿态不作稳定属性。","初始化索引 1217：红框为黑白猫，非鼠标、耳机或扬声器，不确认眼色/品种。","GPT-6 Astra Pro"
"gb","vot","808","2b82f5b4beb9984dd552c50fdf3913031140189aeb155c85db0abecb353559d2","cat01_indoor_1","00001251","conflicting","cat","black upper fur; white muzzle and chest; pointed ears","eye color; breed; age","","cat","black and white fur; sitting on floor","2026-10-06T04:48:49.963Z","true","corrected","cat","black upper fur; white muzzle and chest; pointed ears","eye color; breed; age","桌面/键盘附近转身走动只作上下文，姿态不作稳定属性。","初始化索引 1250：猫位于桌面/键盘附近，非地板，删除floor场景断言。","GPT-6 Astra Pro"
"gb","vot","809","acb85dae7463bac00a25ead1ba73fc816c968beb8d6b55da720dc3464a581efa","cat01_indoor_1","00001301","conflicting","cat","black upper fur; white muzzle and chest; pointed ears","eye color; breed; age","","cat","black and white fur; sitting on desk","2026-10-06T04:48:55.058Z","true","supported","cat","black upper fur; white muzzle and chest; pointed ears","eye color; breed; age","桌面/键盘附近转身走动只作上下文，姿态不作稳定属性。","初始化索引 1300：红框为黑白猫，非鼠标、耳机或扬声器，不确认眼色/品种。","GPT-6 Astra Pro"
"gb","vot","810","01f85cd442807c91502c90609ab9672ffda7814973ce2ffa512cd565dc6515c5","cat01_indoor_1","00001351","conflicting","cat","black upper fur; white muzzle and chest; pointed ears","eye color; breed; age","","cat","black and white fur; sitting on desk","2026-10-06T04:48:57.146Z","true","supported","cat","black upper fur; white muzzle and chest; pointed ears","eye color; breed; age","桌面/键盘附近转身走动只作上下文，姿态不作稳定属性。","初始化索引 1350：红框为黑白猫，非鼠标、耳机或扬声器，不确认眼色/品种。","GPT-6 Astra Pro"
"gb","vot","811","2d022177486675fca5fdfeee8e2a914d5fd642803995d2e3b3bdb0a44e5ef500","cat01_indoor_1","00001377","conflicting","cat","black upper fur; white muzzle and chest; pointed ears","eye color; breed; age","","cat","black and white fur; sitting posture","2026-10-06T04:49:00.682Z","true","supported","cat","black upper fur; white muzzle and chest; pointed ears","eye color; breed; age","桌面/键盘附近转身走动只作上下文，姿态不作稳定属性。","初始化索引 1376：红框为黑白猫，非鼠标、耳机或扬声器，不确认眼色/品种。","GPT-6 Astra Pro"
"gb","vot","812","c1358ac192e51cf3e88dd825a2bd10d33a75f2e3c317a1acd4be378957c37e31","cat01_indoor_3","00000001","conflicting","cat","black upper fur; white muzzle and chest; pointed ears","eye color; breed; age","","cat","black and white fur; sitting posture","2026-10-06T04:49:02.545Z","true","supported","cat","black upper fur; white muzzle and chest; pointed ears","eye color; breed; age","桌面/键盘附近转身走动只作上下文，姿态不作稳定属性。","初始化索引 0：红框为黑白猫，非鼠标、耳机或扬声器，不确认眼色/品种。","GPT-6 Astra Pro"
"gb","vot","813","74a8444a19cbd4539d8a0f301cbdb39ac5662ceabfba01759aca7158c63b3c4a","cat01_indoor_3","00000051","conflicting","cat","black upper fur; white muzzle and chest; pointed ears","eye color; breed; age","","cat","black and white fur; curled tail","2026-10-06T04:49:04.642Z","true","supported","cat","black upper fur; white muzzle and chest; pointed ears","eye color; breed; age","桌面/键盘附近转身走动只作上下文，姿态不作稳定属性。","初始化索引 50：红框为黑白猫，非鼠标、耳机或扬声器，不确认眼色/品种。","GPT-6 Astra Pro"
"gb","vot","814","89b4e6f1e36dc1118011234b599a9d1f87bf15c7a8ae12221aaa50505f28429b","cat01_indoor_3","00000101","conflicting","cat","black upper fur; white muzzle and chest; pointed ears","eye color; breed; age","","cat","black and white fur; sitting on desk","2026-10-06T04:49:05.954Z","true","supported","cat","black upper fur; white muzzle and chest; pointed ears","eye color; breed; age","桌面/键盘附近转身走动只作上下文，姿态不作稳定属性。","初始化索引 100：红框为黑白猫，非鼠标、耳机或扬声器，不确认眼色/品种。","GPT-6 Astra Pro"
"gb","vot","815","5b1502b031d68d23b0231d0373b2cea207fec2bd851e5dc99a95b07e4b3dba4e","cat01_indoor_3","00000151","conflicting","cat","black upper fur; white muzzle and chest; pointed ears","eye color; breed; age","","cat","black and white fur; sitting on a surface","2026-10-06T04:49:07.666Z","true","supported","cat","black upper fur; white muzzle and chest; pointed ears","eye color; breed; age","桌面/键盘附近转身走动只作上下文，姿态不作稳定属性。","初始化索引 150：红框为黑白猫，非鼠标、耳机或扬声器，不确认眼色/品种。","GPT-6 Astra Pro"
"gb","vot","816","229ad5f5b5d2a6f9ef1656bde648b6cfb90a0155820a3960ad49f84d81888e83","cat01_indoor_3","00000201","conflicting","cat","dark fur silhouette; pale face or chest patch","eye color; breed; age","","head","black hair; round face","2026-10-06T04:49:08.841Z","true","corrected","cat","dark fur silhouette; pale face or chest patch","eye color; breed; age","桌面/键盘附近转身走动只作上下文，姿态不作稳定属性。","初始化索引 200：本帧模糊或裁切，保留猫体和浅斑，不读取眼色。","GPT-6 Astra Pro"
"gb","vot","817","a766e359e4d1c3aee4a83c455da454f07df5fba8beec0bbf876e6d51c95d725a","cat01_indoor_3","00000251","conflicting","cat","dark fur silhouette; pale face or chest patch","eye color; breed; age","","headset","black; wired","2026-10-06T04:49:10.922Z","true","corrected","cat","dark fur silhouette; pale face or chest patch","eye color; breed; age","桌面/键盘附近转身走动只作上下文，姿态不作稳定属性。","初始化索引 250：本帧模糊或裁切，保留猫体和浅斑，不读取眼色。","GPT-6 Astra Pro"
"gb","vot","818","f865360ae1d8580594fe1f028d15f64353605c2f485c9015bb60b2c1712e5b9c","cat01_indoor_3","00000301","conflicting","cat","dark fur silhouette; pale face or chest patch","eye color; breed; age","","headphone","black; wired","2026-10-06T04:49:14.730Z","true","corrected","cat","dark fur silhouette; pale face or chest patch","eye color; breed; age","桌面/键盘附近转身走动只作上下文，姿态不作稳定属性。","初始化索引 300：本帧模糊或裁切，保留猫体和浅斑，不读取眼色。","GPT-6 Astra Pro"
"gb","vot","819","83b61e2a308124e8488268a7154eb661781828136a428d68b1f78d3f33f6a9cb","cat01_indoor_3","00000351","conflicting","cat","black upper fur; white muzzle and chest; pointed ears","eye color; breed; age","","cat","black and white fur; sitting on a cushion; looking at the camera","2026-10-06T04:49:17.579Z","true","corrected","cat","black upper fur; white muzzle and chest; pointed ears","eye color; breed; age","桌面/键盘附近转身走动只作上下文，姿态不作稳定属性。","初始化索引 350：红框为猫，承托面未能确认为靠垫。","GPT-6 Astra Pro"
"gb","vot","820","d915d4c5590ed9a6084daaaec9d12e2b349852b62ffc1061c140265577eb7905","cat01_indoor_3","00000401","conflicting","cat","black upper fur; white muzzle and chest; pointed ears","eye color; breed; age","","cat","black and white fur; sitting on a surface; looking away","2026-10-06T04:49:19.490Z","true","supported","cat","black upper fur; white muzzle and chest; pointed ears","eye color; breed; age","桌面/键盘附近转身走动只作上下文，姿态不作稳定属性。","初始化索引 400：红框为黑白猫，非鼠标、耳机或扬声器，不确认眼色/品种。","GPT-6 Astra Pro"
"gb","vot","821","75bc61905cf4bc65551e03b26d838f658c281b094ab3f1294abf387f44f43007","cat01_indoor_3","00000451","conflicting","cat","dark fur silhouette; pale face or chest patch","eye color; breed; age","","headphones","black; cylindrical; wired","2026-10-06T04:49:23.290Z","true","corrected","cat","dark fur silhouette; pale face or chest patch","eye color; breed; age","桌面/键盘附近转身走动只作上下文，姿态不作稳定属性。","初始化索引 450：本帧模糊或裁切，保留猫体和浅斑，不读取眼色。","GPT-6 Astra Pro"
"gb","vot","822","eadfe796cbb276270c073c8aabba8b616c83a437838af59cff4c68fb9d5f006a","cat01_indoor_3","00000501","conflicting","cat","dark fur silhouette; pale face or chest patch","eye color; breed; age","","cat","black fur; sitting on a surface","2026-10-06T04:49:25.570Z","true","corrected","cat","dark fur silhouette; pale face or chest patch","eye color; breed; age","桌面/键盘附近转身走动只作上下文，姿态不作稳定属性。","初始化索引 500：本帧模糊或裁切，保留猫体和浅斑，不读取眼色。","GPT-6 Astra Pro"
"gb","vot","823","b1dbbd28af37a53b2d51a7138e40057877bb05b84fcf7dc40fd2d8a2285c3fd2","cat01_indoor_3","00000551","conflicting","cat","black upper fur; white muzzle and chest; pointed ears","eye color; breed; age","","cat","black and white fur; sitting on desk","2026-10-06T04:49:27.298Z","true","supported","cat","black upper fur; white muzzle and chest; pointed ears","eye color; breed; age","桌面/键盘附近转身走动只作上下文，姿态不作稳定属性。","初始化索引 550：红框为黑白猫，非鼠标、耳机或扬声器，不确认眼色/品种。","GPT-6 Astra Pro"
"gb","vot","824","19a9de0c4d95e5400a545de0cbc56a70310f258dc855e2021a94c16cf66339a4","cat01_indoor_3","00000601","conflicting","cat","black upper fur; white muzzle and chest; pointed ears","eye color; breed; age","","cat","black and white fur; white paws; dark eyes","2026-10-06T04:49:28.594Z","true","supported","cat","black upper fur; white muzzle and chest; pointed ears","eye color; breed; age","桌面/键盘附近转身走动只作上下文，姿态不作稳定属性。","初始化索引 600：红框为黑白猫，非鼠标、耳机或扬声器，不确认眼色/品种。","GPT-6 Astra Pro"
"gb","vot","825","45ea16eafbdbcfba3048724e4edb250811e59cb4b391f4c871b957647c94df35","cat01_indoor_3","00000651","conflicting","cat","black upper fur; white muzzle and chest; pointed ears","eye color; breed; age","","cat","black and white fur; yellow eyes","2026-10-06T04:49:38.330Z","true","corrected","cat","black upper fur; white muzzle and chest; pointed ears","eye color; breed; age","桌面/键盘附近转身走动只作上下文，姿态不作稳定属性。","初始化索引 650：红框为黑白猫，非鼠标、耳机或扬声器，不确认眼色/品种。","GPT-6 Astra Pro"
"gb","vot","826","233574965fd2e33003164bc7416709750fe964cec0502e51e96a1ff6b9f01d48","cat01_indoor_3","00000701","conflicting","cat","dark fur silhouette; pale face or chest patch","eye color; breed; age","","cat","black and white fur; sitting on desk","2026-10-06T04:49:40.538Z","true","corrected","cat","dark fur silhouette; pale face or chest patch","eye color; breed; age","桌面/键盘附近转身走动只作上下文，姿态不作稳定属性。","初始化索引 700：本帧模糊或裁切，保留猫体和浅斑，不读取眼色。","GPT-6 Astra Pro"
"gb","vot","827","b4dd3817c81c6a0eaa1ce2cbc0f96f1e0b14a87308df631e4f5ce7f7c507551d","cat01_indoor_3","00000751","conflicting","cat","black upper fur; white muzzle and chest; pointed ears","eye color; breed; age","","cat","black and white fur; sitting on keyboard","2026-10-06T04:49:44.161Z","true","corrected","cat","black upper fur; white muzzle and chest; pointed ears","eye color; breed; age","桌面/键盘附近转身走动只作上下文，姿态不作稳定属性。","初始化索引 750：猫在键盘后方附近，接近不等于坐在键盘上。","GPT-6 Astra Pro"
"gb","vot","828","4a4230bb3e67c1dd23d1caf4aac5fb58f0c86d860bda49d0945417921972874a","cat01_indoor_3","00000801","conflicting","cat","black upper fur; white muzzle and chest; pointed ears","eye color; breed; age","","computer mouse","black and white; smooth surface; scroll wheel","2026-10-06T04:49:47.626Z","true","corrected","cat","black upper fur; white muzzle and chest; pointed ears","eye color; breed; age","桌面/键盘附近转身走动只作上下文，姿态不作稳定属性。","初始化索引 800：红框为黑白猫，非鼠标、耳机或扬声器，不确认眼色/品种。","GPT-6 Astra Pro"
"gb","vot","829","a9a4e30daa3b9831abd48d7db76ac5a85d247cc34fae8bbdcaea4ab1a36f44c9","cat01_indoor_3","00000851","conflicting","cat","black upper fur; white muzzle and chest; pointed ears","eye color; breed; age","","cat","black and white fur; sitting on a surface; looking forward","2026-10-06T04:49:49.250Z","true","supported","cat","black upper fur; white muzzle and chest; pointed ears","eye color; breed; age","桌面/键盘附近转身走动只作上下文，姿态不作稳定属性。","初始化索引 850：红框为黑白猫，非鼠标、耳机或扬声器，不确认眼色/品种。","GPT-6 Astra Pro"
"gb","vot","830","fddca4b45dcfc05f00b6e6ca254ea412fa98c18da21b67258020a3c98100f3f3","cat01_indoor_3","00000901","conflicting","cat","dark fur silhouette; pale face or chest patch","eye color; breed; age","","cat","black and white fur; sitting posture","2026-10-06T04:49:51.283Z","true","corrected","cat","dark fur silhouette; pale face or chest patch","eye color; breed; age","桌面/键盘附近转身走动只作上下文，姿态不作稳定属性。","初始化索引 900：本帧模糊或裁切，保留猫体和浅斑，不读取眼色。","GPT-6 Astra Pro"
"gb","vot","831","cbf96b013b55878fc91b2e4f658ce55e40add5295159b6f5823fe2ce559810d5","cat01_indoor_3","00000951","conflicting","cat","black upper fur; white muzzle and chest; pointed ears","eye color; breed; age","","cat","black and white fur; sitting on desk; looking forward","2026-10-06T04:49:53.122Z","true","supported","cat","black upper fur; white muzzle and chest; pointed ears","eye color; breed; age","桌面/键盘附近转身走动只作上下文，姿态不作稳定属性。","初始化索引 950：红框为黑白猫，非鼠标、耳机或扬声器，不确认眼色/品种。","GPT-6 Astra Pro"
"gb","vot","832","83ee158f79e7306bf436b0d57f0c10b1568ade4fdb5c574672c70e4eef3c11b0","cat01_indoor_3","00001001","conflicting","cat","black upper fur; white muzzle and chest; pointed ears","eye color; breed; age","","cat","black and white fur; sitting posture","2026-10-06T04:49:54.466Z","true","supported","cat","black upper fur; white muzzle and chest; pointed ears","eye color; breed; age","桌面/键盘附近转身走动只作上下文，姿态不作稳定属性。","初始化索引 1000：红框为黑白猫，非鼠标、耳机或扬声器，不确认眼色/品种。","GPT-6 Astra Pro"
"gb","vot","833","41f9991c55c2589e2c279579f9e12f62f5ea0164ac924ab0d8aeb6e84d7ac295","cat01_indoor_3","00001051","conflicting","cat","black upper fur; white muzzle and chest; pointed ears","eye color; breed; age","","cat","black and white fur; sitting posture; looking forward","2026-10-06T04:49:55.562Z","true","supported","cat","black upper fur; white muzzle and chest; pointed ears","eye color; breed; age","桌面/键盘附近转身走动只作上下文，姿态不作稳定属性。","初始化索引 1050：红框为黑白猫，非鼠标、耳机或扬声器，不确认眼色/品种。","GPT-6 Astra Pro"
"gb","vot","834","53a96b7310b9731348512c1a5f03f4eba02d3be688949b3f31080e5b443eec72","cat01_indoor_3","00001092","conflicting","cat","black upper fur; white muzzle and chest; pointed ears","eye color; breed; age","","cat","black and white fur; sitting posture; curled tail","2026-10-06T04:49:57.042Z","true","supported","cat","black upper fur; white muzzle and chest; pointed ears","eye color; breed; age","桌面/键盘附近转身走动只作上下文，姿态不作稳定属性。","初始化索引 1091：红框为黑白猫，非鼠标、耳机或扬声器，不确认眼色/品种。","GPT-6 Astra Pro"
"gb","vot","835","9ea14655aa21fe5a116b5e5193246d0b0ed01b141ef79df2c882b461e73e909e","colacan03_indoor_1","00000001","conflicting","colacan","red cylinder; white curved lettering; silver-colored rim","contents; alloy; pull tab","","canned drink","red label; cylindrical shape","2026-10-06T04:50:25.857Z","true","supported","can","red cylinder; white curved lettering; silver-colored rim","contents; alloy; pull tab","近邻辅助目标罐位置，不跨罐移用细节。","初始化索引 0：红框为悬动红罐，非台面其他罐或猫，不确认内容物。","GPT-6 Astra Pro"
"gb","vot","836","8d1ad61d164843ffe532f69f99a7802cffe7e8e3205a74a85bb78abe7624e89a","colacan03_indoor_1","00000051","conflicting","colacan","red cylinder; white curved lettering; silver-colored rim","contents; alloy; pull tab","","coca-cola can","red label; metallic body","2026-10-06T04:50:29.059Z","true","corrected","can","red cylinder; white curved lettering; silver-colored rim","contents; alloy; pull tab","近邻辅助目标罐位置，不跨罐移用细节。","初始化索引 50：红框为悬动红罐，非台面其他罐或猫，不确认内容物。","GPT-6 Astra Pro"
"gb","vot","837","4086ec971c64cf2156d1b7c618c9313fc4d97104d883bbd60cf0ad2cc5db86db","colacan03_indoor_1","00000101","conflicting","colacan","red cylindrical body; pale printed graphics; silver-colored rim","contents; alloy; pull tab","","canned drink","red label; cylindrical shape","2026-10-06T04:50:35.522Z","true","supported","can","red cylindrical body; pale printed graphics; silver-colored rim","contents; alloy; pull tab","近邻辅助目标罐位置，不跨罐移用细节。","初始化索引 100：红框为悬动红罐，非台面其他罐或猫，不确认内容物。","GPT-6 Astra Pro"
"gb","vot","838","ef6ef58b24e89a5cb4e9280f7ad430adbdeffa08be7b90bb9c3330b091f1665d","colacan03_indoor_1","00000151","conflicting","colacan","red cylindrical body; pale printed graphics; silver-colored rim","contents; alloy; pull tab","","canned drink","red label; coca-cola branding","2026-10-06T04:50:39.234Z","true","corrected","can","red cylindrical body; pale printed graphics; silver-colored rim","contents; alloy; pull tab","近邻辅助目标罐位置，不跨罐移用细节。","初始化索引 150：红框为悬动红罐，非台面其他罐或猫，不确认内容物。","GPT-6 Astra Pro"
"gb","vot","839","51d47dca06a057240d8f1f403d4064ae1ebb2de28eb53e624cb3ace592dac4e9","colacan03_indoor_1","00000170","conflicting","colacan","red cylinder; white curved lettering; silver-colored rim","contents; alloy; pull tab","","soda can","red label; coca-cola branding","2026-10-06T04:50:43.938Z","true","supported","can","red cylinder; white curved lettering; silver-colored rim","contents; alloy; pull tab","近邻辅助目标罐位置，不跨罐移用细节。","初始化索引 169：红框为悬动红罐，非台面其他罐或猫，不确认内容物。","GPT-6 Astra Pro"
"gb","vot","840","f4fb3e4e03fe0e12c32e2dc798c3e72c24ef29d285b36ce80f629c1b563a7497","colacan03_indoor_3","00000001","conflicting","colacan","red cylindrical body; pale printed graphics; silver-colored rim","contents; alloy; pull tab","","coca-cola can","red label; silver pull tab","2026-10-06T04:50:46.778Z","true","corrected","can","red cylindrical body; pale printed graphics; silver-colored rim","contents; alloy; pull tab","近邻辅助目标罐位置，不跨罐移用细节。","初始化索引 0：红框为悬动红罐，非台面其他罐或猫，不确认内容物。","GPT-6 Astra Pro"
"gb","vot","841","f7abc3d3a7dbcf454667bc8953e7fe7baa1b40913ad172e3664ba5e1a2aef3f7","colacan03_indoor_3","00000051","conflicting","colacan","red cylinder; white curved lettering; silver-colored rim","contents; alloy; pull tab","","coca-cola can","red and white label; metallic body","2026-10-06T04:50:50.994Z","true","corrected","can","red cylinder; white curved lettering; silver-colored rim","contents; alloy; pull tab","近邻辅助目标罐位置，不跨罐移用细节。","初始化索引 50：红框为悬动红罐，非台面其他罐或猫，不确认内容物。","GPT-6 Astra Pro"
"gb","vot","842","bcec5334fc42875480bd58c9619f1b538fa7faa531dc4d330c3eb28684148478","colacan03_indoor_3","00000101","conflicting","colacan","red cylindrical outline; pale side marks","contents; alloy; pull tab","","can","silver top; red label","2026-10-06T04:50:53.370Z","true","corrected","can","red cylindrical outline; pale side marks","contents; alloy; pull tab","近邻辅助目标罐位置，不跨罐移用细节。","初始化索引 100：本帧罐小或模糊，不读完整品牌/拉环或材质。","GPT-6 Astra Pro"
"gb","vot","843","235da22e680581a3ea631cb373c241b9fed4292c6963f4b93e0067a2b89091e4","colacan03_indoor_3","00000151","conflicting","colacan","red cylindrical outline; pale side marks","contents; alloy; pull tab","","coca-cola can","red label; metallic body","2026-10-06T04:50:57.762Z","true","corrected","can","red cylindrical outline; pale side marks","contents; alloy; pull tab","近邻辅助目标罐位置，不跨罐移用细节。","初始化索引 150：本帧罐小或模糊，不读完整品牌/拉环或材质。","GPT-6 Astra Pro"
"gb","vot","844","4fadc92da6c31d2a7267ccaf291ace5a8c79bea9cf8d49018d5ee55c1ea29e89","colacan03_indoor_3","00000201","conflicting","colacan","red cylindrical body; pale printed graphics; silver-colored rim","contents; alloy; pull tab","","can","red label; coca-cola branding","2026-10-06T04:51:06.065Z","true","supported","can","red cylindrical body; pale printed graphics; silver-colored rim","contents; alloy; pull tab","近邻辅助目标罐位置，不跨罐移用细节。","初始化索引 200：红框为悬动红罐，非台面其他罐或猫，不确认内容物。","GPT-6 Astra Pro"
"gb","vot","845","3d1dba99244e946bd5453307999cf2f37302e27e4eb7243eb28f35f4a8082e33","colacan03_indoor_3","00000251","conflicting","colacan","red cylindrical outline; pale side marks","contents; alloy; pull tab","","coca-cola can","red and white label; metallic body","2026-10-06T04:51:08.706Z","true","corrected","can","red cylindrical outline; pale side marks","contents; alloy; pull tab","近邻辅助目标罐位置，不跨罐移用细节。","初始化索引 250：本帧罐小或模糊，不读完整品牌/拉环或材质。","GPT-6 Astra Pro"
"gb","vot","846","4561b07581a1dd1778175cf533878cc21e7925ee9773684a2b6860d3c32f96c2","colacan03_indoor_3","00000301","conflicting","colacan","red cylindrical outline; pale side marks","contents; alloy; pull tab","","canned drink","red label; silver pull tab","2026-10-06T04:51:11.490Z","true","corrected","can","red cylindrical outline; pale side marks","contents; alloy; pull tab","近邻辅助目标罐位置，不跨罐移用细节。","初始化索引 300：本帧罐小或模糊，不读完整品牌/拉环或材质。","GPT-6 Astra Pro"
"gb","vot","847","ece483965e3604e7d7dc1f2054e09815a02fd0052f254c415aa771f4293f437a","colacan03_indoor_3","00000351","conflicting","colacan","red cylindrical outline; pale side marks","contents; alloy; pull tab","","coca-cola can","red label; silver top","2026-10-06T04:51:14.121Z","true","corrected","can","red cylindrical outline; pale side marks","contents; alloy; pull tab","近邻辅助目标罐位置，不跨罐移用细节。","初始化索引 350：本帧罐小或模糊，不读完整品牌/拉环或材质。","GPT-6 Astra Pro"
"gb","vot","848","2826931fa4eacd66c8247fbff2c50932ddc0ded8cb8af5b4da03e34018ffde41","colacan03_indoor_3","00000401","conflicting","colacan","red cylindrical outline; pale side marks","contents; alloy; pull tab","","canned drink","red label; silver can","2026-10-06T04:51:17.338Z","true","corrected","can","red cylindrical outline; pale side marks","contents; alloy; pull tab","近邻辅助目标罐位置，不跨罐移用细节。","初始化索引 400：本帧罐小或模糊，不读完整品牌/拉环或材质。","GPT-6 Astra Pro"
"gb","vot","849","8ac778540d1739a1c6e9e9fd9b75a2af81137d2faa497992b89ffc0e1dba8694","colacan03_indoor_3","00000427","conflicting","colacan","red cylindrical outline; pale side marks","contents; alloy; pull tab","","canned drink","red label; aluminum can","2026-10-06T04:51:19.970Z","true","corrected","can","red cylindrical outline; pale side marks","contents; alloy; pull tab","近邻辅助目标罐位置，不跨罐移用细节。","初始化索引 426：本帧罐小或模糊，不读完整品牌/拉环或材质。","GPT-6 Astra Pro"
"gb","vot","850","c06ff89b3be411ad2ed426feb5058d6212ec5a405e7fc037c225f726a92dd5cd","colacan03_indoor_7","00000001","conflicting","colacan","red cylindrical outline; pale side marks","contents; alloy; pull tab","","canned drink","red label; silver can","2026-10-06T04:51:22.386Z","true","corrected","can","red cylindrical outline; pale side marks","contents; alloy; pull tab","近邻辅助目标罐位置，不跨罐移用细节。","初始化索引 0：本帧罐小或模糊，不读完整品牌/拉环或材质。","GPT-6 Astra Pro"
"gb","vot","851","dad127b9c742ff0787b44554e7f41f784106da656e148a084fb9174912fa9877","colacan03_indoor_7","00000051","conflicting","colacan","red cylinder; white curved lettering; silver-colored rim","contents; alloy; pull tab","","coca-cola can","red label; cylindrical shape","2026-10-06T04:51:24.658Z","true","supported","can","red cylinder; white curved lettering; silver-colored rim","contents; alloy; pull tab","近邻辅助目标罐位置，不跨罐移用细节。","初始化索引 50：红框为悬动红罐，非台面其他罐或猫，不确认内容物。","GPT-6 Astra Pro"
"gb","vot","852","fc647176347f52f0384e47c7ffd7a2ab13cf537b8dc2ad7b4e7287576c0581fb","colacan03_indoor_7","00000101","conflicting","colacan","red cylindrical outline; pale side marks","contents; alloy; pull tab","","soda can","red label; cylindrical shape","2026-10-06T04:51:27.002Z","true","supported","can","red cylindrical outline; pale side marks","contents; alloy; pull tab","近邻辅助目标罐位置，不跨罐移用细节。","初始化索引 100：本帧罐小或模糊，不读完整品牌/拉环或材质。","GPT-6 Astra Pro"
"gb","vot","853","7306875dff75ff5e5c8ce7fcb0d1e038fa37872f0c9beaa091c39f51ff1c377d","colacan03_indoor_7","00000151","conflicting","colacan","red cylindrical outline; pale side marks","contents; alloy; pull tab","","cat","black and white fur; sitting on cans","2026-10-06T04:51:31.642Z","true","corrected","can","red cylindrical outline; pale side marks","contents; alloy; pull tab","近邻辅助目标罐位置，不跨罐移用细节。","初始化索引 150：红框为上方红罐，不是后方猫；本帧罐体有模糊。","GPT-6 Astra Pro"
"gb","vot","854","c6bdc510893236e3e16e594b7a27d53b9057e7b0638da16243c97db7201145d5","colacan03_indoor_7","00000201","conflicting","colacan","red cylinder; white curved lettering; silver-colored rim","contents; alloy; pull tab","","coca-cola can","red label; white logo; metallic body","2026-10-06T04:51:34.242Z","true","corrected","can","red cylinder; white curved lettering; silver-colored rim","contents; alloy; pull tab","近邻辅助目标罐位置，不跨罐移用细节。","初始化索引 200：红框为悬动红罐，非台面其他罐或猫，不确认内容物。","GPT-6 Astra Pro"
"gb","vot","855","7a8c5de207240a3b6f830abd055fc87402705d363a96899a7805865dab76ee6b","colacan03_indoor_7","00000218","conflicting","colacan","red cylinder; white curved lettering; silver-colored rim","contents; alloy; pull tab","","coca-cola can","red label; silver top","2026-10-06T04:51:36.787Z","true","corrected","can","red cylinder; white curved lettering; silver-colored rim","contents; alloy; pull tab","近邻辅助目标罐位置，不跨罐移用细节。","初始化索引 217：红框为悬动红罐，非台面其他罐或猫，不确认内容物。","GPT-6 Astra Pro"
"gb","vot","856","2bf365e15e49f903d09979c559009c1b0c284ba91693002a4561565b70067665","container_room_noocc_1_1","00000001","conflicting","container","orange rectangular container; open cavity; raised rim","material; contents; metal handles","","box","orange; rectangular; open","2026-10-06T04:51:42.018Z","true","supported","container","orange rectangular container; open cavity; raised rim","material; contents; metal handles","近邻翻转辅助空腔辨认，只在本帧可见时记录。","初始化索引 0：本帧开口内壁可见，材料类型不确定；开口状态不保证永久不变。","GPT-6 Astra Pro"
"gb","vot","857","de44eee780431ab3cd2d6f6f374f4a4856e6e9696acd89e8032d5f387ea0d919","container_room_noocc_1_1","00000051","conflicting","container","orange rectangular container; open cavity; raised rim","material; contents; metal handles","","storage container","orange; rectangular; open","2026-10-06T04:51:44.458Z","true","supported","container","orange rectangular container; open cavity; raised rim","material; contents; metal handles","近邻翻转辅助空腔辨认，只在本帧可见时记录。","初始化索引 50：本帧开口内壁可见，材料类型不确定；开口状态不保证永久不变。","GPT-6 Astra Pro"
"gb","vot","858","065dd7f913208b00cf77d85a4b784a744f7838dc908d46e21c07344cc58094f2","container_room_noocc_1_1","00000101","conflicting","container","orange rectangular container; open cavity; raised rim","material; contents; metal handles","","box","orange; rectangular; plastic","2026-10-06T04:51:46.306Z","true","corrected","container","orange rectangular container; open cavity; raised rim","material; contents; metal handles","近邻翻转辅助空腔辨认，只在本帧可见时记录。","初始化索引 100：本帧开口内壁可见，材料类型不确定；开口状态不保证永久不变。","GPT-6 Astra Pro"
"gb","vot","859","017aa36966fd85e8d0e6d7827ed6d67d29a2e883aac55158986c7b60b51ae49e","container_room_noocc_1_1","00000151","conflicting","container","orange rectangular container; open cavity; raised rim","material; contents; metal handles","","box","orange; open; rectangular","2026-10-06T04:51:49.132Z","true","supported","container","orange rectangular container; open cavity; raised rim","material; contents; metal handles","近邻翻转辅助空腔辨认，只在本帧可见时记录。","初始化索引 150：本帧开口内壁可见，材料类型不确定；开口状态不保证永久不变。","GPT-6 Astra Pro"
"gb","vot","860","b6196c85d699775a6569318d85d3537ece257d87ae775ba28edcc6cada4bdefe","container_room_noocc_1_1","00000201","conflicting","container","orange broad base or side; raised edges","material; contents; metal handles","","box","orange; rectangular; closed","2026-10-06T04:51:50.770Z","true","corrected","container","orange broad base or side; raised edges","material; contents; metal handles","近邻翻转辅助空腔辨认，只在本帧可见时记录。","初始化索引 200：本帧底/侧面朝镜头，不代表盖子已经关闭。","GPT-6 Astra Pro"
"gb","vot","861","037d65be095348aa8b22fc5d0db45121510765ed6b2ba9884e69945883679fc6","container_room_noocc_1_1","00000251","conflicting","container","orange broad base or side; raised edges","material; contents; metal handles","","box","orange; rectangular","2026-10-06T04:51:52.026Z","true","corrected","container","orange broad base or side; raised edges","material; contents; metal handles","近邻翻转辅助空腔辨认，只在本帧可见时记录。","初始化索引 250：本帧底/侧面朝镜头，不代表盖子已经关闭。","GPT-6 Astra Pro"
"gb","vot","862","c22139a13096c6c1394ba79fc936ed7c4d2fe6c524b3361248844110b7dac2ac","container_room_noocc_1_1","00000301","conflicting","container","orange broad base or side; raised edges","material; contents; metal handles","","box","orange; rectangular; open","2026-10-06T04:51:53.338Z","true","corrected","container","orange broad base or side; raised edges","material; contents; metal handles","近邻翻转辅助空腔辨认，只在本帧可见时记录。","初始化索引 300：本帧底/侧面朝镜头，不代表盖子已经关闭。","GPT-6 Astra Pro"
"gb","vot","863","17f3f63a68509fc43229dcfdbcbce61fe86969f5e66fc39b1bd6ab5eeb2a154e","container_room_noocc_1_1","00000351","conflicting","container","orange broad base or side; raised edges","material; contents; metal handles","","box","orange; rectangular","2026-10-06T04:51:54.714Z","true","corrected","container","orange broad base or side; raised edges","material; contents; metal handles","近邻翻转辅助空腔辨认，只在本帧可见时记录。","初始化索引 350：本帧底/侧面朝镜头，不代表盖子已经关闭。","GPT-6 Astra Pro"
"gb","vot","864","2e728ad4ee43094cdca4ac8acdfac9b168b2cc36145c1bc94aeea8bb1c8ed293","container_room_noocc_1_1","00000401","conflicting","container","orange broad base or side; raised edges","material; contents; metal handles","","box","orange; rectangular; corrugated","2026-10-06T04:51:55.946Z","true","corrected","container","orange broad base or side; raised edges","material; contents; metal handles","近邻翻转辅助空腔辨认，只在本帧可见时记录。","初始化索引 400：本帧底/侧面朝镜头，不代表盖子已经关闭。","GPT-6 Astra Pro"
"gb","vot","865","24f17be4ebc1ba003eaea784324a906bf812e61a35205f26f483842d12fbbe43","container_room_noocc_1_1","00000451","conflicting","container","orange broad base or side; raised edges","material; contents; metal handles","","box","orange; rectangular; closed","2026-10-06T04:51:57.258Z","true","corrected","container","orange broad base or side; raised edges","material; contents; metal handles","近邻翻转辅助空腔辨认，只在本帧可见时记录。","初始化索引 450：本帧底/侧面朝镜头，不代表盖子已经关闭。","GPT-6 Astra Pro"
"gb","vot","866","0065afcbbc9ea2129e466cf98f2f8b6feb40ecf5a9ecfe25f4d475c3177f5058","container_room_noocc_1_1","00000501","conflicting","container","orange broad base or side; raised edges","material; contents; metal handles","","box","orange; rectangular; textured","2026-10-06T04:51:58.978Z","true","corrected","container","orange broad base or side; raised edges","material; contents; metal handles","近邻翻转辅助空腔辨认，只在本帧可见时记录。","初始化索引 500：本帧底/侧面朝镜头，不代表盖子已经关闭。","GPT-6 Astra Pro"
"gb","vot","867","fc7fa79592ba3c583a22acfa81a4d912ea41f18a76f71d6519f6adbed1b84d93","container_room_noocc_1_1","00000551","conflicting","container","orange broad base or side; raised edges","material; contents; metal handles","","box","orange; rectangular; plastic","2026-10-06T04:52:00.194Z","true","corrected","container","orange broad base or side; raised edges","material; contents; metal handles","近邻翻转辅助空腔辨认，只在本帧可见时记录。","初始化索引 550：本帧底/侧面朝镜头，不代表盖子已经关闭。","GPT-6 Astra Pro"
"gb","vot","868","532ea75daed3943908a6227123616ebde46ec4fbf026fe3c1ca3d7af930c34b3","container_room_noocc_1_1","00000601","conflicting","container","orange rectangular container; open cavity; raised rim","material; contents; metal handles","","box","orange; rectangular","2026-10-06T04:52:01.442Z","true","supported","container","orange rectangular container; open cavity; raised rim","material; contents; metal handles","近邻翻转辅助空腔辨认，只在本帧可见时记录。","初始化索引 600：本帧开口内壁可见，材料类型不确定；开口状态不保证永久不变。","GPT-6 Astra Pro"
"gb","vot","869","9c08afd8c04e2d508f0058c4938d5868214dc7631f61d90743c7078fed842ac2","container_room_noocc_1_1","00000651","conflicting","container","orange rectangular container; open cavity; raised rim","material; contents; metal handles","","plastic tray","orange; rectangular; smooth surface","2026-10-06T04:52:02.698Z","true","corrected","container","orange rectangular container; open cavity; raised rim","material; contents; metal handles","近邻翻转辅助空腔辨认，只在本帧可见时记录。","初始化索引 650：本帧开口内壁可见，材料类型不确定；开口状态不保证永久不变。","GPT-6 Astra Pro"
"gb","vot","870","7276ba541f429164c94a33ec40b8420120fd4476f90989bae0afae3c363a658f","container_room_noocc_1_1","00000701","conflicting","container","orange rectangular container; open cavity; raised rim","material; contents; metal handles","","plastic container","orange; rectangular; smooth surface","2026-10-06T04:52:03.850Z","true","corrected","container","orange rectangular container; open cavity; raised rim","material; contents; metal handles","近邻翻转辅助空腔辨认，只在本帧可见时记录。","初始化索引 700：本帧开口内壁可见，材料类型不确定；开口状态不保证永久不变。","GPT-6 Astra Pro"
"gb","vot","871","f82bb435c8a78154f4115d97b79f767052d8687602c95b84e4983e4c66ba1cda","container_room_noocc_1_1","00000751","conflicting","container","orange rectangular container; open cavity; raised rim","material; contents; metal handles","","box","orange; rectangular; plastic","2026-10-06T04:52:05.082Z","true","corrected","container","orange rectangular container; open cavity; raised rim","material; contents; metal handles","近邻翻转辅助空腔辨认，只在本帧可见时记录。","初始化索引 750：本帧开口内壁可见，材料类型不确定；开口状态不保证永久不变。","GPT-6 Astra Pro"
"gb","vot","872","1ea288d9a6b761398cb2f3e4bde39d0e678f6aebb3f9ed7ef7e1c1a6befefdab","container_room_noocc_1_1","00000801","conflicting","container","orange rectangular container; open cavity; raised rim","material; contents; metal handles","","box","orange; rectangular","2026-10-06T04:52:06.370Z","true","supported","container","orange rectangular container; open cavity; raised rim","material; contents; metal handles","近邻翻转辅助空腔辨认，只在本帧可见时记录。","初始化索引 800：本帧开口内壁可见，材料类型不确定；开口状态不保证永久不变。","GPT-6 Astra Pro"
"gb","vot","873","1a8ee6d236498645ac984a5680f273745eca10756972c22adfd98504e365ddb6","container_room_noocc_1_1","00000851","conflicting","container","orange rectangular container; open cavity; raised rim","material; contents; metal handles","","plastic tray","orange; rectangular; smooth surface","2026-10-06T04:52:07.642Z","true","corrected","container","orange rectangular container; open cavity; raised rim","material; contents; metal handles","近邻翻转辅助空腔辨认，只在本帧可见时记录。","初始化索引 850：本帧开口内壁可见，材料类型不确定；开口状态不保证永久不变。","GPT-6 Astra Pro"
"gb","vot","874","f4dbd6b52ab7ac1f60ebd6589d16c23dd67d9bdcb205740cd4bc887e3841d99d","container_room_noocc_1_1","00000901","conflicting","container","orange rectangular container; open cavity; raised rim","material; contents; metal handles","","box","orange; open","2026-10-06T04:52:08.841Z","true","supported","container","orange rectangular container; open cavity; raised rim","material; contents; metal handles","近邻翻转辅助空腔辨认，只在本帧可见时记录。","初始化索引 900：本帧开口内壁可见，材料类型不确定；开口状态不保证永久不变。","GPT-6 Astra Pro"
"gb","vot","875","f8b270331d53abd5900613f5ffbf1bb171b56054f2de48e389b1022019e9d837","container_room_noocc_1_1","00000951","conflicting","container","orange rectangular container; open cavity; raised rim","material; contents; metal handles","","box","orange; rectangular; open","2026-10-06T04:52:10.066Z","true","supported","container","orange rectangular container; open cavity; raised rim","material; contents; metal handles","近邻翻转辅助空腔辨认，只在本帧可见时记录。","初始化索引 950：本帧开口内壁可见，材料类型不确定；开口状态不保证永久不变。","GPT-6 Astra Pro"
"gb","vot","876","10cabae40c70e279898bf4fe97e792ce86ddcbc0621dbd62fe469f3a7407a38b","container_room_noocc_1_1","00001001","conflicting","container","orange rectangular container; open cavity; raised rim","material; contents; metal handles","","box","orange; rectangular; open","2026-10-06T04:52:11.386Z","true","supported","container","orange rectangular container; open cavity; raised rim","material; contents; metal handles","近邻翻转辅助空腔辨认，只在本帧可见时记录。","初始化索引 1000：本帧开口内壁可见，材料类型不确定；开口状态不保证永久不变。","GPT-6 Astra Pro"
"gb","vot","877","eb3eea3aef80653055eb375124c55f37781a651a4a338935ef63f411059d6c71","container_room_noocc_1_1","00001051","conflicting","container","orange rectangular container; open cavity; raised rim","material; contents; metal handles","","box","orange; rectangular; plastic","2026-10-06T04:52:12.571Z","true","corrected","container","orange rectangular container; open cavity; raised rim","material; contents; metal handles","近邻翻转辅助空腔辨认，只在本帧可见时记录。","初始化索引 1050：本帧开口内壁可见，材料类型不确定；开口状态不保证永久不变。","GPT-6 Astra Pro"
"gb","vot","878","e1e4d4d81503a6258549d886796a5895734733b423bf76d27f3f267e4663558c","container_room_noocc_1_1","00001101","conflicting","container","orange rectangular side wall; recessed handhold","material; contents; metal handles","","box","orange; rectangular; closed","2026-10-06T04:52:15.763Z","true","corrected","container","orange rectangular side wall; recessed handhold","material; contents; metal handles","近邻翻转辅助空腔辨认，只在本帧可见时记录。","初始化索引 1100：本帧侧壁与凹把可见，不能把侧视遮挡判为closed。","GPT-6 Astra Pro"
"gb","vot","879","7f4e269ba3f61c652a5986fe59403635a11bfabe4fb04b3bb50789949b65227d","container_room_noocc_1_1","00001151","conflicting","container","orange rectangular side wall; recessed handhold","material; contents; metal handles","","box","orange; rectangular; closed","2026-10-06T04:52:17.364Z","true","corrected","container","orange rectangular side wall; recessed handhold","material; contents; metal handles","近邻翻转辅助空腔辨认，只在本帧可见时记录。","初始化索引 1150：本帧侧壁与凹把可见，不能把侧视遮挡判为closed。","GPT-6 Astra Pro"
"gb","vot","880","1c5d0ae75de818ea94881a0e0ebf4d577ba806816c0e72e9dc398565445f3f2e","container_room_noocc_1_1","00001201","conflicting","container","orange rectangular side wall; recessed handhold","material; contents; metal handles","","box","orange; rectangular; closed","2026-10-06T04:52:18.890Z","true","corrected","container","orange rectangular side wall; recessed handhold","material; contents; metal handles","近邻翻转辅助空腔辨认，只在本帧可见时记录。","初始化索引 1200：本帧侧壁与凹把可见，不能把侧视遮挡判为closed。","GPT-6 Astra Pro"
"gb","vot","881","bbf25253238de96d408723fff8c34e9a04c2a1f8f59604503d761f716625a73e","container_room_noocc_1_1","00001251","conflicting","container","orange rectangular container; open cavity; raised rim","material; contents; metal handles","","box","orange; open; rectangular","2026-10-06T04:52:20.738Z","true","supported","container","orange rectangular container; open cavity; raised rim","material; contents; metal handles","近邻翻转辅助空腔辨认，只在本帧可见时记录。","初始化索引 1250：本帧开口内壁可见，材料类型不确定；开口状态不保证永久不变。","GPT-6 Astra Pro"
"gb","vot","882","fc2e8b449df095c233168cf12ccab4dd42471ed8aa114cfc560addac6c6ce73a","container_room_noocc_1_1","00001301","conflicting","container","orange rectangular container; open cavity; raised rim","material; contents; metal handles","","box","orange; rectangular; open","2026-10-06T04:52:22.123Z","true","supported","container","orange rectangular container; open cavity; raised rim","material; contents; metal handles","近邻翻转辅助空腔辨认，只在本帧可见时记录。","初始化索引 1300：本帧开口内壁可见，材料类型不确定；开口状态不保证永久不变。","GPT-6 Astra Pro"
"gb","vot","883","704bf2765bde921afe68cdeb8aba71361238d19e6e80414d5ca8f78723286591","container_room_noocc_1_1","00001351","conflicting","container","orange rectangular side wall; recessed handhold","material; contents; metal handles","","box","orange; rectangular; plastic","2026-10-06T04:52:23.491Z","true","corrected","container","orange rectangular side wall; recessed handhold","material; contents; metal handles","近邻翻转辅助空腔辨认，只在本帧可见时记录。","初始化索引 1350：本帧侧壁与凹把可见，不能把侧视遮挡判为closed。","GPT-6 Astra Pro"
"gb","vot","884","fce33769fd759c6596425dd6b4997ac678779e193f2fc9b1951b3a7723c7b9f9","container_room_noocc_1_1","00001401","conflicting","container","orange rectangular side wall; recessed handhold","material; contents; metal handles","","box","orange; rectangular","2026-10-06T04:52:24.874Z","true","supported","container","orange rectangular side wall; recessed handhold","material; contents; metal handles","近邻翻转辅助空腔辨认，只在本帧可见时记录。","初始化索引 1400：本帧侧壁与凹把可见，不能把侧视遮挡判为closed。","GPT-6 Astra Pro"
"gb","vot","885","b45815f647ec81bbd3b81577b6e9fc9fd93d4d90fd61125701b3783b53561055","container_room_noocc_1_1","00001451","conflicting","container","orange rectangular side wall; recessed handhold","material; contents; metal handles","","box","orange; rectangular; open","2026-10-06T04:52:26.146Z","true","corrected","container","orange rectangular side wall; recessed handhold","material; contents; metal handles","近邻翻转辅助空腔辨认，只在本帧可见时记录。","初始化索引 1450：本帧侧壁与凹把可见，不能把侧视遮挡判为closed。","GPT-6 Astra Pro"
"gb","vot","886","728693d5bdac2e3503f0841ea8a79aa99a8a7db0304aea2b612f5769b9633d5a","container_room_noocc_1_1","00001501","conflicting","container","orange rectangular side wall; recessed handhold","material; contents; metal handles","","box","orange; rectangular; closed","2026-10-06T04:52:27.498Z","true","corrected","container","orange rectangular side wall; recessed handhold","material; contents; metal handles","近邻翻转辅助空腔辨认，只在本帧可见时记录。","初始化索引 1500：本帧侧壁与凹把可见，不能把侧视遮挡判为closed。","GPT-6 Astra Pro"
"gb","vot","887","df34b862ccf0459bb240b61558688e980d7cebb7aaf2ac6714db10300110c6ac","container_room_noocc_1_1","00001551","conflicting","container","orange rectangular side wall; recessed handhold","material; contents; metal handles","","box","orange; rectangular; plastic","2026-10-06T04:52:28.882Z","true","corrected","container","orange rectangular side wall; recessed handhold","material; contents; metal handles","近邻翻转辅助空腔辨认，只在本帧可见时记录。","初始化索引 1550：本帧侧壁与凹把可见，不能把侧视遮挡判为closed。","GPT-6 Astra Pro"
"gb","vot","888","16ee8095bf33d79496d3d201646fe8a47205e5778f50b32c8535f74bf6ae00ec","container_room_noocc_1_1","00001601","conflicting","container","orange rectangular container; open cavity; raised rim","material; contents; metal handles","","storage box","orange; open; rectangular","2026-10-06T04:52:30.147Z","true","supported","container","orange rectangular container; open cavity; raised rim","material; contents; metal handles","近邻翻转辅助空腔辨认，只在本帧可见时记录。","初始化索引 1600：本帧开口内壁可见，材料类型不确定；开口状态不保证永久不变。","GPT-6 Astra Pro"
"gb","vot","889","b4d476e78e4e3ac24cdd6fa1ea81aa32d6029a8e70ba1673167494192a16f5a6","container_room_noocc_1_1","00001639","conflicting","container","orange rectangular container; open cavity; raised rim","material; contents; metal handles","","box","orange; open; rectangular","2026-10-06T04:52:31.565Z","true","supported","container","orange rectangular container; open cavity; raised rim","material; contents; metal handles","近邻翻转辅助空腔辨认，只在本帧可见时记录。","初始化索引 1638：本帧开口内壁可见，材料类型不确定；开口状态不保证永久不变。","GPT-6 Astra Pro"
"gb","vot","890","18732590f94d0c7756321dab8fb0874c8079596bed1ce567520b06c8b61a40e7","cube02_indoor_1","00000001","conflicting","cube","small dark block-like body; rounded corners","type; leather or rubber; electronics; closure","","cylinder","black; smooth surface","2026-10-06T05:17:15.618Z","true","uncertain","object","small dark block-like body; rounded corners","type; leather or rubber; electronics; closure","概览可见独立小物，缺少功能部件，保留object。","初始化索引 0：红框为摆动黑色小块，边缘可见但用途不明，不是整张椅子或衣服。","GPT-6 Astra Pro"
"gb","vot","891","e0759ddbe622510a1a9bb004ef30d4ce127df3303004b00b38ecb28b8774583c","cube02_indoor_1","00000051","conflicting","cube","small dark block-like body; rounded corners","type; leather or rubber; electronics; closure","","hat","black fabric; round shape","2026-10-06T05:17:20.435Z","true","uncertain","object","small dark block-like body; rounded corners","type; leather or rubber; electronics; closure","概览可见独立小物，缺少功能部件，保留object。","初始化索引 50：红框为摆动黑色小块，边缘可见但用途不明，不是整张椅子或衣服。","GPT-6 Astra Pro"
"gb","vot","892","1ddb721fc9c5a7bc273d2739f514fa496b9a2e4302ea59cf120e973f4b7dda5b","cube02_indoor_1","00000101","conflicting","cube","small dark block-like body; rounded corners","type; leather or rubber; electronics; closure","","remote control","black; rectangular","2026-10-06T05:17:22.986Z","true","uncertain","object","small dark block-like body; rounded corners","type; leather or rubber; electronics; closure","概览可见独立小物，缺少功能部件，保留object。","初始化索引 100：红框为摆动黑色小块，边缘可见但用途不明，不是整张椅子或衣服。","GPT-6 Astra Pro"
"gb","vot","893","b2d5f8e517039d8cb7993bb8a4aec60f9b0fbe88723d5dfa4b3898c393fadb8a","cube02_indoor_1","00000151","conflicting","cube","dark rounded cuboid outline; curved seam","type; leather or rubber; electronics; closure","","box","black; rectangular","2026-10-06T05:17:30.090Z","true","uncertain","object","dark rounded cuboid outline; curved seam","type; leather or rubber; electronics; closure","概览可见独立小物，缺少功能部件，保留object。","初始化索引 150：红框为摆动黑色小块，边缘可见但用途不明，不是整张椅子或衣服。","GPT-6 Astra Pro"
"gb","vot","894","f5374857d5bc571a867f517deead76c5326c5cd9a36a11bb2c6355cc8d37a906","cube02_indoor_1","00000201","conflicting","cube","small dark block-like body; rounded corners","type; leather or rubber; electronics; closure","","headphone","black; round; rubberized","2026-10-06T05:17:35.171Z","true","uncertain","object","small dark block-like body; rounded corners","type; leather or rubber; electronics; closure","概览可见独立小物，缺少功能部件，保留object。","初始化索引 200：红框为摆动黑色小块，边缘可见但用途不明，不是整张椅子或衣服。","GPT-6 Astra Pro"
"gb","vot","895","21b101ad971cf6a865ae33205b7bf8ac121ae5b152bbf325cd6809cca79d917a","cube02_indoor_1","00000251","conflicting","cube","small dark block-like body; rounded corners","type; leather or rubber; electronics; closure","","object","black; smooth","2026-10-06T05:17:39.243Z","true","uncertain","object","small dark block-like body; rounded corners","type; leather or rubber; electronics; closure","概览可见独立小物，缺少功能部件，保留object。","初始化索引 250：红框为摆动黑色小块，边缘可见但用途不明，不是整张椅子或衣服。","GPT-6 Astra Pro"
"gb","vot","896","8f19a31cc933ee9bd27ff1268525272f4ad3282983aa0bf45634194fd73bddd6","cube02_indoor_1","00000301","conflicting","cube","small dark block-like body; rounded corners","type; leather or rubber; electronics; closure","","computer mouse","black; rubber-like surface","2026-10-06T05:17:42.098Z","true","uncertain","object","small dark block-like body; rounded corners","type; leather or rubber; electronics; closure","概览可见独立小物，缺少功能部件，保留object。","初始化索引 300：红框为摆动黑色小块，边缘可见但用途不明，不是整张椅子或衣服。","GPT-6 Astra Pro"
"gb","vot","897","3b71516967a93c35d90c44e76760c3eb97bc7ea2b87e4aeae05dde653d660e1e","cube02_indoor_1","00000351","conflicting","cube","small dark block-like body; rounded corners","type; leather or rubber; electronics; closure","","object","blue fabric; smooth surface","2026-10-06T05:17:45.866Z","true","uncertain","object","small dark block-like body; rounded corners","type; leather or rubber; electronics; closure","概览可见独立小物，缺少功能部件，保留object。","初始化索引 350：红框为摆动黑色小块，边缘可见但用途不明，不是整张椅子或衣服。","GPT-6 Astra Pro"
"gb","vot","898","95a9bbfeae0e2158b0f009ff53d7480c9a2c6f2a07135d2dcabea6e1a0a4b971","cube02_indoor_1","00000401","conflicting","cube","dark rounded cuboid outline; curved seam","type; leather or rubber; electronics; closure","","clothing","black fabric; sleeveless","2026-10-06T05:17:48.235Z","true","uncertain","object","dark rounded cuboid outline; curved seam","type; leather or rubber; electronics; closure","概览可见独立小物，缺少功能部件，保留object。","初始化索引 400：红框为摆动黑色小块，边缘可见但用途不明，不是整张椅子或衣服。","GPT-6 Astra Pro"
"gb","vot","899","a69949789229b20dc56339c2335f372da536c48cc0c5c6c3e42b319aff0677ef","cube02_indoor_1","00000451","conflicting","cube","dark rounded cuboid outline; curved seam","type; leather or rubber; electronics; closure","","glove","black; leather","2026-10-06T05:17:50.674Z","true","uncertain","object","dark rounded cuboid outline; curved seam","type; leather or rubber; electronics; closure","概览可见独立小物，缺少功能部件，保留object。","初始化索引 450：红框为摆动黑色小块，边缘可见但用途不明，不是整张椅子或衣服。","GPT-6 Astra Pro"
"gb","vot","900","e32508ca89cfb84b6a8170f79534d17c00006394748ab2b2c313ed3db65584be","cube02_indoor_1","00000507","conflicting","cube","small dark block-like body; rounded corners","type; leather or rubber; electronics; closure","","sock","dark blue; textured","2026-10-06T05:17:53.420Z","true","uncertain","object","small dark block-like body; rounded corners","type; leather or rubber; electronics; closure","概览可见独立小物，缺少功能部件，保留object。","初始化索引 506：红框为摆动黑色小块，边缘可见但用途不明，不是整张椅子或衣服。","GPT-6 Astra Pro"
"gb","vot","901","8557584e7b13c8d488f9518e0dd3d47d3668330b1dbd5a2893dd3e5cd6e54245","cube02_indoor_1","00000551","conflicting","cube","small dark block-like body; rounded corners","type; leather or rubber; electronics; closure","","box","black; cube-shaped","2026-10-06T05:17:55.866Z","true","uncertain","object","small dark block-like body; rounded corners","type; leather or rubber; electronics; closure","概览可见独立小物，缺少功能部件，保留object。","初始化索引 550：红框为摆动黑色小块，边缘可见但用途不明，不是整张椅子或衣服。","GPT-6 Astra Pro"
"gb","vot","902","3ea38cc669a9869f14d94695a02d23d9bce88c6b896e3eb0ece767f3267ebb97","cube02_indoor_1","00000570","conflicting","cube","dark low-contrast patch","type; leather or rubber; electronics; closure","","shirt","gray fabric; long sleeves","2026-10-06T05:17:58.323Z","true","uncertain","object","dark low-contrast patch","type; leather or rubber; electronics; closure","概览可见独立小物，缺少功能部件，保留object。","初始化索引 569：目标与黑背景融合，近邻只说明有独立小物，类型不清。","GPT-6 Astra Pro"
"gb","vot","903","cd118788607ebd873dcbe87d55ff8f96ab6657d259e5b478c38b42f3e498e54c","cube02_indoor_2","00000001","conflicting","cube","small dark block-like body; rounded corners","type; leather or rubber; electronics; closure","","shoe","black sole; textured surface","2026-10-06T05:18:00.970Z","true","uncertain","object","small dark block-like body; rounded corners","type; leather or rubber; electronics; closure","概览可见独立小物，缺少功能部件，保留object。","初始化索引 0：红框为摆动黑色小块，边缘可见但用途不明，不是整张椅子或衣服。","GPT-6 Astra Pro"
"gb","vot","904","3950a6959f20b56a00c7c37323435bdc7c10ed8b243f2ad9f9213183c2e99ffc","cube02_indoor_2","00000051","conflicting","cube","small dark blurred shape","type; leather or rubber; electronics; closure","","chair","dark fabric; wooden legs","2026-10-06T05:18:03.596Z","true","uncertain","object","small dark blurred shape","type; leather or rubber; electronics; closure","概览可见独立小物，缺少功能部件，保留object。","初始化索引 50：目标与椅子重叠，不能硬判椅、帽、枕头或鞋。","GPT-6 Astra Pro"
"gb","vot","905","2777668eabbc7e72dc453205711a219880c0221cc3842d303cb3fc8bd50b5626","cube02_indoor_2","00000092","conflicting","cube","small dark blurred shape","type; leather or rubber; electronics; closure","","jacket","black fabric; open front","2026-10-06T05:18:07.370Z","true","uncertain","object","small dark blurred shape","type; leather or rubber; electronics; closure","概览可见独立小物，缺少功能部件，保留object。","初始化索引 91：目标与椅子重叠，不能硬判椅、帽、枕头或鞋。","GPT-6 Astra Pro"
"gb","vot","906","301a1e38829464d9a4e00f1d969c5dc760d86460b2313929088f3168b337c785","cube02_indoor_2","00000151","conflicting","cube","dark rounded cuboid outline; curved seam","type; leather or rubber; electronics; closure","","remote control","black; rectangular; smooth surface","2026-10-06T05:18:10.356Z","true","uncertain","object","dark rounded cuboid outline; curved seam","type; leather or rubber; electronics; closure","概览可见独立小物，缺少功能部件，保留object。","初始化索引 150：红框为摆动黑色小块，边缘可见但用途不明，不是整张椅子或衣服。","GPT-6 Astra Pro"
"gb","vot","907","4aca6b3340e62a35a131d95796c0379eeb37dec5f45dfd0e18343c1f49e3ff86","cube02_indoor_2","00000201","conflicting","cube","dark rounded cuboid outline; curved seam","type; leather or rubber; electronics; closure","","shoe","black leather; suede lining; square toe","2026-10-06T05:18:12.978Z","true","uncertain","object","dark rounded cuboid outline; curved seam","type; leather or rubber; electronics; closure","概览可见独立小物，缺少功能部件，保留object。","初始化索引 200：红框为摆动黑色小块，边缘可见但用途不明，不是整张椅子或衣服。","GPT-6 Astra Pro"
"gb","vot","908","988ea9caccdf924bdcd20c0f9508916a4e3333cc5f5b83a266fede0fcfad597b","cube02_indoor_2","00000251","conflicting","cube","small dark blurred shape","type; leather or rubber; electronics; closure","","hat","black fabric; round brim","2026-10-06T05:18:15.835Z","true","uncertain","object","small dark blurred shape","type; leather or rubber; electronics; closure","概览可见独立小物，缺少功能部件，保留object。","初始化索引 250：目标与椅子重叠，不能硬判椅、帽、枕头或鞋。","GPT-6 Astra Pro"
"gb","vot","909","073777956618484bd4a30162794131e51c352c49b58a27ef2b3d59af970b3b09","cube02_indoor_2","00000301","conflicting","cube","dark rounded cuboid outline; curved seam","type; leather or rubber; electronics; closure","","hat","black fabric; round brim","2026-10-06T05:18:18.307Z","true","uncertain","object","dark rounded cuboid outline; curved seam","type; leather or rubber; electronics; closure","概览可见独立小物，缺少功能部件，保留object。","初始化索引 300：红框为摆动黑色小块，边缘可见但用途不明，不是整张椅子或衣服。","GPT-6 Astra Pro"
"gb","vot","910","e7c47df3a0c1ab59dbe7c6a4f7e61b07ddcc128e741afa902aa5faa03f7d6a51","cube02_indoor_2","00000351","conflicting","cube","dark rounded cuboid outline; curved seam","type; leather or rubber; electronics; closure","","hat","black fabric; round shape","2026-10-06T05:18:21.148Z","true","uncertain","object","dark rounded cuboid outline; curved seam","type; leather or rubber; electronics; closure","概览可见独立小物，缺少功能部件，保留object。","初始化索引 350：红框为摆动黑色小块，边缘可见但用途不明，不是整张椅子或衣服。","GPT-6 Astra Pro"
"gb","vot","911","75f8e2ade0326d72eeebd25ae9961150708edd22edbcc16041c58d5b9eadb61c","cube02_indoor_2","00000401","conflicting","cube","small dark block-like body; rounded corners","type; leather or rubber; electronics; closure","","speaker","black; rectangular; textured","2026-10-06T05:18:24.243Z","true","uncertain","object","small dark block-like body; rounded corners","type; leather or rubber; electronics; closure","概览可见独立小物，缺少功能部件，保留object。","初始化索引 400：红框为摆动黑色小块，边缘可见但用途不明，不是整张椅子或衣服。","GPT-6 Astra Pro"
"gb","vot","912","66b2a015946674c448f8591f4a4a1f996c68e81ce5b3cc2d4749df85cad24cb3","cube02_indoor_2","00000451","conflicting","cube","dark rounded cuboid outline; curved seam","type; leather or rubber; electronics; closure","","object","black; square","2026-10-06T05:18:26.450Z","true","uncertain","object","dark rounded cuboid outline; curved seam","type; leather or rubber; electronics; closure","概览可见独立小物，缺少功能部件，保留object。","初始化索引 450：红框为摆动黑色小块，边缘可见但用途不明，不是整张椅子或衣服。","GPT-6 Astra Pro"
"gb","vot","913","91fca51ad0b85ee313bbfb089daeacd4f8e156cae587fbb8c0434aae3d83e826","cube02_indoor_2","00000501","conflicting","cube","small dark blurred shape","type; leather or rubber; electronics; closure","","chair","black seat; wooden legs","2026-10-06T05:18:29.659Z","true","uncertain","object","small dark blurred shape","type; leather or rubber; electronics; closure","概览可见独立小物，缺少功能部件，保留object。","初始化索引 500：目标与椅子重叠，不能硬判椅、帽、枕头或鞋。","GPT-6 Astra Pro"
"gb","vot","914","68a398571223e7a4eb000984db1b4e39fb13f3bf425f34037f5fc55728569a63","cube02_indoor_2","00000551","conflicting","cube","small dark blurred shape","type; leather or rubber; electronics; closure","","pillow","black; fluffy","2026-10-06T05:18:32.586Z","true","uncertain","object","small dark blurred shape","type; leather or rubber; electronics; closure","概览可见独立小物，缺少功能部件，保留object。","初始化索引 550：目标与椅子重叠，不能硬判椅、帽、枕头或鞋。","GPT-6 Astra Pro"
"gb","vot","915","48f0987a202d7200f633688aa8fadd0e7b1df92f2256b03d1013c4c08b4bec4b","cube02_indoor_2","00000590","conflicting","cube","small dark blurred shape","type; leather or rubber; electronics; closure","","couch","dark fabric; pillow on back","2026-10-06T05:18:36.018Z","true","uncertain","object","small dark blurred shape","type; leather or rubber; electronics; closure","概览可见独立小物，缺少功能部件，保留object。","初始化索引 589：目标与椅子重叠，不能硬判椅、帽、枕头或鞋。","GPT-6 Astra Pro"
"gb","vot","916","ccd68d3f2c29821b8a3cbfd2afd58dfec6af48c5019d25ef00767382ede9ca08","cube05_indoor_1","00000001","conflicting","cube","light tan cuboid; dark printed numerals; straight edges","wood type; unseen-face numbers; identity among similar blocks","","block","wooden; number 4","2026-10-06T05:18:51.915Z","true","corrected","block","light tan cuboid; dark printed numerals; straight edges","wood type; unseen-face numbers; identity among similar blocks","近邻仅辅助转向，不补背面数字。","初始化索引 0：红框为浅色数字积木，非手机、猫、镜头或数字屏；不确认木材种类。","GPT-6 Astra Pro"
"gb","vot","917","dc9e7588e0949731ab641350294beb0baf7800baf1f1760cc5a6c18f25cb989c","cube05_indoor_1","00000051","conflicting","cube","light tan cuboid; dark printed numerals; straight edges","wood type; unseen-face numbers; identity among similar blocks","","box","wooden; stacked","2026-10-06T05:18:56.092Z","true","corrected","block","light tan cuboid; dark printed numerals; straight edges","wood type; unseen-face numbers; identity among similar blocks","近邻仅辅助转向，不补背面数字。","初始化索引 50：红框为浅色数字积木，非手机、猫、镜头或数字屏；不确认木材种类。","GPT-6 Astra Pro"
"gb","vot","918","467b572b766b8e734fd4f99d8a6ef715cb9ad69063d5886b3d1b0739d225c86a","cube05_indoor_1","00000101","conflicting","cube","light tan block-like outline; dark blurred mark","wood type; unseen-face numbers; identity among similar blocks","","box","wooden; stacked","2026-10-06T05:18:58.371Z","true","uncertain","block","light tan block-like outline; dark blurred mark","wood type; unseen-face numbers; identity among similar blocks","近邻仅辅助转向，不补背面数字。","初始化索引 100：方块在摆动，本帧不读具体数字；块状类别借邻近多面结构辅助。","GPT-6 Astra Pro"
"gb","vot","919","8ef9461df11ca2c5bd2d811bcd7c8e9b85c9283ecdcd578e189c9c175fb681e9","cube05_indoor_1","00000111","conflicting","cube","light tan block-like outline; dark blurred mark","wood type; unseen-face numbers; identity among similar blocks","","cat","black and white fur; standing posture","2026-10-06T05:19:00.539Z","true","uncertain","block","light tan block-like outline; dark blurred mark","wood type; unseen-face numbers; identity among similar blocks","近邻仅辅助转向，不补背面数字。","初始化索引 110：方块在摆动，本帧不读具体数字；块状类别借邻近多面结构辅助。","GPT-6 Astra Pro"
"gb","vot","920","3c9eea04bb47c8d22c2a24b8d25c884805abb9b69bb0aca233ef4cc25ff9d7cb","cube05_indoor_2","00000001","conflicting","cube","light tan cuboid; dark printed numerals; straight edges","wood type; unseen-face numbers; identity among similar blocks","","dice","white face; number 2","2026-10-06T05:19:09.882Z","true","corrected","block","light tan cuboid; dark printed numerals; straight edges","wood type; unseen-face numbers; identity among similar blocks","近邻仅辅助转向，不补背面数字。","初始化索引 0：红框为浅色数字积木，非手机、猫、镜头或数字屏；不确认木材种类。","GPT-6 Astra Pro"
"gb","vot","921","f20bc7dcb70726e7bd9ceccddf83bd2330be1b3f54b45d32dac98206362f838d","cube05_indoor_2","00000051","conflicting","cube","light tan cuboid; dark printed numerals; straight edges","wood type; unseen-face numbers; identity among similar blocks","","tile","brown; textured","2026-10-06T05:19:17.058Z","true","corrected","block","light tan cuboid; dark printed numerals; straight edges","wood type; unseen-face numbers; identity among similar blocks","近邻仅辅助转向，不补背面数字。","初始化索引 50：红框为浅色数字积木，非手机、猫、镜头或数字屏；不确认木材种类。","GPT-6 Astra Pro"
"gb","vot","922","e0af96f9a1affc0ca8924181b28aff479d2e91b5adeae3e62c1484905ad020db","cube05_indoor_2","00000101","conflicting","cube","light tan cuboid; dark printed numerals; straight edges","wood type; unseen-face numbers; identity among similar blocks","","box","wooden; numbered","2026-10-06T05:19:19.362Z","true","corrected","block","light tan cuboid; dark printed numerals; straight edges","wood type; unseen-face numbers; identity among similar blocks","近邻仅辅助转向，不补背面数字。","初始化索引 100：红框为浅色数字积木，非手机、猫、镜头或数字屏；不确认木材种类。","GPT-6 Astra Pro"
"gb","vot","923","4330facf002eca94535ea65a107f1c999f4b33f9add5d2e4d2f562974ffbe36c","cube05_indoor_2","00000146","conflicting","cube","light tan cuboid; dark printed numerals; straight edges","wood type; unseen-face numbers; identity among similar blocks","","cat","black and white fur; sitting on box","2026-10-06T05:19:22.379Z","true","corrected","block","light tan cuboid; dark printed numerals; straight edges","wood type; unseen-face numbers; identity among similar blocks","近邻仅辅助转向，不补背面数字。","初始化索引 145：红框为浅色数字积木，非手机、猫、镜头或数字屏；不确认木材种类。","GPT-6 Astra Pro"
"gb","vot","924","605192a7ed667e67d6abbdea5aec4fb23b4d5979fa3a2a9e35de81b103db2f79","cube05_indoor_3","00000001","conflicting","cube","light tan cuboid; dark printed numerals; straight edges","wood type; unseen-face numbers; identity among similar blocks","","cabinet","wooden; closed","2026-10-06T05:19:25.011Z","true","corrected","block","light tan cuboid; dark printed numerals; straight edges","wood type; unseen-face numbers; identity among similar blocks","近邻仅辅助转向，不补背面数字。","初始化索引 0：红框为浅色数字积木，非手机、猫、镜头或数字屏；不确认木材种类。","GPT-6 Astra Pro"
"gb","vot","925","9264568f4fb08e72c87419ab63df92aec3c300725cc6edcad92bafa50b64d3b4","cube05_indoor_3","00000051","conflicting","cube","light tan cuboid; dark printed numerals; straight edges","wood type; unseen-face numbers; identity among similar blocks","","box","wooden; rectangular","2026-10-06T05:19:31.466Z","true","corrected","block","light tan cuboid; dark printed numerals; straight edges","wood type; unseen-face numbers; identity among similar blocks","近邻仅辅助转向，不补背面数字。","初始化索引 50：红框为浅色数字积木，非手机、猫、镜头或数字屏；不确认木材种类。","GPT-6 Astra Pro"
"gb","vot","926","7e135943fa9b391d4fd257ed0a902ae0400984a304c221e2484039f8a42930dc","cube05_indoor_3","00000101","conflicting","cube","light tan cuboid; dark printed numerals; straight edges","wood type; unseen-face numbers; identity among similar blocks","","box","wooden; textured","2026-10-06T05:19:34.051Z","true","corrected","block","light tan cuboid; dark printed numerals; straight edges","wood type; unseen-face numbers; identity among similar blocks","近邻仅辅助转向，不补背面数字。","初始化索引 100：红框为浅色数字积木，非手机、猫、镜头或数字屏；不确认木材种类。","GPT-6 Astra Pro"
"gb","vot","927","2e2dec97f2aa50377b1800875802cd8dda5e181a6fb3df21927cd4a0ccecff71","cube05_indoor_3","00000151","conflicting","cube","light tan cuboid; dark printed numerals; straight edges","wood type; unseen-face numbers; identity among similar blocks","","block","wooden; numbered","2026-10-06T05:19:37.051Z","true","corrected","block","light tan cuboid; dark printed numerals; straight edges","wood type; unseen-face numbers; identity among similar blocks","近邻仅辅助转向，不补背面数字。","初始化索引 150：红框为浅色数字积木，非手机、猫、镜头或数字屏；不确认木材种类。","GPT-6 Astra Pro"
"gb","vot","928","1b70a79744eadd8069d24748db6295f4f7be08ee43dba1314fb2b19d1bd03f4a","cube05_indoor_3","00000201","conflicting","cube","light tan block-like outline; dark blurred mark","wood type; unseen-face numbers; identity among similar blocks","","cat","black and white fur; curled tail","2026-10-06T05:19:40.506Z","true","uncertain","block","light tan block-like outline; dark blurred mark","wood type; unseen-face numbers; identity among similar blocks","近邻仅辅助转向，不补背面数字。","初始化索引 200：方块在摆动，本帧不读具体数字；块状类别借邻近多面结构辅助。","GPT-6 Astra Pro"
"gb","vot","929","ab3e3de9d4ce92a970486eb398b34f573ffc1713887ad6c96cbfef14515e6087","cube05_indoor_3","00000258","conflicting","cube","light tan block-like outline; dark blurred mark","wood type; unseen-face numbers; identity among similar blocks","","box","wooden; open","2026-10-06T05:19:46.074Z","true","uncertain","block","light tan block-like outline; dark blurred mark","wood type; unseen-face numbers; identity among similar blocks","近邻仅辅助转向，不补背面数字。","初始化索引 257：方块在摆动，本帧不读具体数字；块状类别借邻近多面结构辅助。","GPT-6 Astra Pro"
"gb","vot","930","8fd1d16edf02ec730fd967e7a167bce8c7d23ab9d793f643327cf0fad62ffe75","cube05_indoor_3","00000292","conflicting","cube","light tan cuboid; dark printed numerals; straight edges","wood type; unseen-face numbers; identity among similar blocks","","phone","black screen; silver frame","2026-10-06T05:19:48.554Z","true","corrected","block","light tan cuboid; dark printed numerals; straight edges","wood type; unseen-face numbers; identity among similar blocks","近邻仅辅助转向，不补背面数字。","初始化索引 291：红框为浅色数字积木，非手机、猫、镜头或数字屏；不确认木材种类。","GPT-6 Astra Pro"
"gb","vot","931","1a79d4f6415fdb34e6e733df2811b66530239384fa2419e5ac6c8f0b88c3fab7","cube05_indoor_4","00000001","conflicting","cube","light tan cuboid; dark printed numerals; straight edges","wood type; unseen-face numbers; identity among similar blocks","","cat","black and white fur; sitting","2026-10-06T05:19:52.058Z","true","corrected","block","light tan cuboid; dark printed numerals; straight edges","wood type; unseen-face numbers; identity among similar blocks","近邻仅辅助转向，不补背面数字。","初始化索引 0：红框为浅色数字积木，非手机、猫、镜头或数字屏；不确认木材种类。","GPT-6 Astra Pro"
"gb","vot","932","0f639fa118bab1afb9dc4c056973402ea96dd72839d66646c07ace84c23c0afc","cube05_indoor_4","00000051","conflicting","cube","light tan cuboid; dark printed numerals; straight edges","wood type; unseen-face numbers; identity among similar blocks","","cat","black and white fur; sitting on a box","2026-10-06T05:19:54.355Z","true","corrected","block","light tan cuboid; dark printed numerals; straight edges","wood type; unseen-face numbers; identity among similar blocks","近邻仅辅助转向，不补背面数字。","初始化索引 50：红框为浅色数字积木，非手机、猫、镜头或数字屏；不确认木材种类。","GPT-6 Astra Pro"
"gb","vot","933","f99d6e97af90d87bca368a5c4573de301760d085b8e9359ff16c94c761227660","cube05_indoor_4","00000101","conflicting","cube","light tan cuboid; dark printed numerals; straight edges","wood type; unseen-face numbers; identity among similar blocks","","box","wooden; rectangular","2026-10-06T05:19:56.634Z","true","corrected","block","light tan cuboid; dark printed numerals; straight edges","wood type; unseen-face numbers; identity among similar blocks","近邻仅辅助转向，不补背面数字。","初始化索引 100：红框为浅色数字积木，非手机、猫、镜头或数字屏；不确认木材种类。","GPT-6 Astra Pro"
"gb","vot","934","dcc7b67add236991d1c9749317c6cbd6c2067c40e237e44a3fa8e4d4b1ac84fd","cube05_indoor_4","00000150","conflicting","cube","light tan block-like outline; dark blurred mark","wood type; unseen-face numbers; identity among similar blocks","","phone","silver body; black screen","2026-10-06T05:19:59.506Z","true","uncertain","block","light tan block-like outline; dark blurred mark","wood type; unseen-face numbers; identity among similar blocks","近邻仅辅助转向，不补背面数字。","初始化索引 149：方块在摆动，本帧不读具体数字；块状类别借邻近多面结构辅助。","GPT-6 Astra Pro"
"gb","vot","935","f5977ff437596bf0b69311b2d232fb40f74578ec6bae1941ec82be3f772589c4","cube05_indoor_4","00000200","conflicting","cube","light tan block-like outline; dark blurred mark","wood type; unseen-face numbers; identity among similar blocks","","phone","black screen; white front panel","2026-10-06T05:20:01.578Z","true","uncertain","block","light tan block-like outline; dark blurred mark","wood type; unseen-face numbers; identity among similar blocks","近邻仅辅助转向，不补背面数字。","初始化索引 199：方块在摆动，本帧不读具体数字；块状类别借邻近多面结构辅助。","GPT-6 Astra Pro"
"gb","vot","936","37f7e52053a10d31efe266de7ce45dbc1af4b6d294d91c82b52edf7f2b3a67de","cube05_indoor_4","00000250","conflicting","cube","light tan block-like outline; dark blurred mark","wood type; unseen-face numbers; identity among similar blocks","","camera lens","black; textured","2026-10-06T05:20:03.666Z","true","uncertain","block","light tan block-like outline; dark blurred mark","wood type; unseen-face numbers; identity among similar blocks","近邻仅辅助转向，不补背面数字。","初始化索引 249：方块在摆动，本帧不读具体数字；块状类别借邻近多面结构辅助。","GPT-6 Astra Pro"
"gb","vot","937","cc2a540db081b94178038654db33bace39c588322a28b7ea77605227f24fc786","cube05_indoor_4","00000299","conflicting","cube","light tan cuboid; dark printed numerals; straight edges","wood type; unseen-face numbers; identity among similar blocks","","phone","silver back; black screen","2026-10-06T05:20:07.450Z","true","corrected","block","light tan cuboid; dark printed numerals; straight edges","wood type; unseen-face numbers; identity among similar blocks","近邻仅辅助转向，不补背面数字。","初始化索引 298：红框为浅色数字积木，非手机、猫、镜头或数字屏；不确认木材种类。","GPT-6 Astra Pro"
"gb","vot","938","d6f2c89648e73ddfab045cc7bb02d42a30d5a5b07b21bad95c62d1ca66e70847","cube05_indoor_5","00000001","conflicting","cube","light tan cuboid; dark printed numerals; straight edges","wood type; unseen-face numbers; identity among similar blocks","","phone","silver back; black screen","2026-10-06T05:20:10.339Z","true","corrected","block","light tan cuboid; dark printed numerals; straight edges","wood type; unseen-face numbers; identity among similar blocks","近邻仅辅助转向，不补背面数字。","初始化索引 0：红框为浅色数字积木，非手机、猫、镜头或数字屏；不确认木材种类。","GPT-6 Astra Pro"
"gb","vot","939","dec0385ef2aa3e8d00ec07dc6d0243048fb77dd6e99b45e65df39ba4d4d6a050","cube05_indoor_5","00000051","conflicting","cube","light tan cuboid; dark printed numerals; straight edges","wood type; unseen-face numbers; identity among similar blocks","","box","wooden; rectangular","2026-10-06T05:20:12.674Z","true","corrected","block","light tan cuboid; dark printed numerals; straight edges","wood type; unseen-face numbers; identity among similar blocks","近邻仅辅助转向，不补背面数字。","初始化索引 50：红框为浅色数字积木，非手机、猫、镜头或数字屏；不确认木材种类。","GPT-6 Astra Pro"
"gb","vot","940","79a39ece454360c7d011f31cc930fe9dee281f31dde50f772aec8bc303f396b7","cube05_indoor_5","00000101","conflicting","cube","light tan cuboid; dark printed numerals; straight edges","wood type; unseen-face numbers; identity among similar blocks","","block","wooden; numbered","2026-10-06T05:20:14.898Z","true","corrected","block","light tan cuboid; dark printed numerals; straight edges","wood type; unseen-face numbers; identity among similar blocks","近邻仅辅助转向，不补背面数字。","初始化索引 100：红框为浅色数字积木，非手机、猫、镜头或数字屏；不确认木材种类。","GPT-6 Astra Pro"
"gb","vot","941","e62b5be2d329bfff23412f380f09aff330928c3836ae6b9a16decdb55173fdcc","cube05_indoor_5","00000151","conflicting","cube","light tan cuboid; dark printed numerals; straight edges","wood type; unseen-face numbers; identity among similar blocks","","number","black; digit '4'","2026-10-06T05:20:17.002Z","true","corrected","block","light tan cuboid; dark printed numerals; straight edges","wood type; unseen-face numbers; identity among similar blocks","近邻仅辅助转向，不补背面数字。","初始化索引 150：红框为浅色数字积木，非手机、猫、镜头或数字屏；不确认木材种类。","GPT-6 Astra Pro"
"gb","vot","942","7c3da92471db2e27f4c764b1f797ad1e590a1302eff694a65c482d0372dec5cd","cube05_indoor_5","00000201","conflicting","cube","light tan cuboid; dark printed numerals; straight edges","wood type; unseen-face numbers; identity among similar blocks","","block","wooden; numbered","2026-10-06T05:20:20.250Z","true","corrected","block","light tan cuboid; dark printed numerals; straight edges","wood type; unseen-face numbers; identity among similar blocks","近邻仅辅助转向，不补背面数字。","初始化索引 200：红框为浅色数字积木，非手机、猫、镜头或数字屏；不确认木材种类。","GPT-6 Astra Pro"
"gb","vot","943","e34f65a3504906ae0924ee2533baecec7c988e3e468ff95b7ee1f856b56d2c59","cube05_indoor_5","00000251","conflicting","cube","light tan cuboid; dark printed numerals; straight edges","wood type; unseen-face numbers; identity among similar blocks","","camera lens","black; textured","2026-10-06T05:20:22.539Z","true","corrected","block","light tan cuboid; dark printed numerals; straight edges","wood type; unseen-face numbers; identity among similar blocks","近邻仅辅助转向，不补背面数字。","初始化索引 250：红框为浅色数字积木，非手机、猫、镜头或数字屏；不确认木材种类。","GPT-6 Astra Pro"
"gb","vot","944","208a7cab67c6e46fab5ae77d6e6d9af74df2dd79e6d59ddbdb8e644d202e0dd9","cube05_indoor_5","00000296","conflicting","cube","light tan cuboid; dark printed numerals; straight edges","wood type; unseen-face numbers; identity among similar blocks","","candle","red wick; white wax","2026-10-06T05:20:24.763Z","true","corrected","block","light tan cuboid; dark printed numerals; straight edges","wood type; unseen-face numbers; identity among similar blocks","近邻仅辅助转向，不补背面数字。","初始化索引 295：红框为浅色数字积木，非手机、猫、镜头或数字屏；不确认木材种类。","GPT-6 Astra Pro"
"gb","vot","945","46115c92386772d3cf1bb17cf1de1fa0ec41002368a3b1d6a93c96bd6c044bb0","cube05_indoor_5","00000388","conflicting","cube","light tan cuboid; dark printed numerals; straight edges","wood type; unseen-face numbers; identity among similar blocks","","block","wooden; stacked","2026-10-06T05:20:27.163Z","true","corrected","block","light tan cuboid; dark printed numerals; straight edges","wood type; unseen-face numbers; identity among similar blocks","近邻仅辅助转向，不补背面数字。","初始化索引 387：红框为浅色数字积木，非手机、猫、镜头或数字屏；不确认木材种类。","GPT-6 Astra Pro"
"gb","vot","946","644b9e2813b9a9ace6058f709531f7190c7920ae4ebd7e57d6a52111448d52bc","cube05_indoor_5","00000401","conflicting","cube","light tan cuboid; dark printed numerals; straight edges","wood type; unseen-face numbers; identity among similar blocks","","number","black number; on wooden block","2026-10-06T05:20:30.053Z","true","corrected","block","light tan cuboid; dark printed numerals; straight edges","wood type; unseen-face numbers; identity among similar blocks","近邻仅辅助转向，不补背面数字。","初始化索引 400：红框为浅色数字积木，非手机、猫、镜头或数字屏；不确认木材种类。","GPT-6 Astra Pro"
"gb","vot","947","7fb7f637003a075dbae7cd545089cf6e0cbd2d33c59f2ee737db3084a3cd933c","cube05_indoor_5","00000451","conflicting","cube","light tan cuboid; dark printed numerals; straight edges","wood type; unseen-face numbers; identity among similar blocks","","box","wooden; numbered","2026-10-06T05:20:32.188Z","true","corrected","block","light tan cuboid; dark printed numerals; straight edges","wood type; unseen-face numbers; identity among similar blocks","近邻仅辅助转向，不补背面数字。","初始化索引 450：红框为浅色数字积木，非手机、猫、镜头或数字屏；不确认木材种类。","GPT-6 Astra Pro"
"gb","vot","948","49b873b799da1a8c0ececf62879e5a1ec40a329a091e59d9e8810f9a1cc7b6c9","cube05_indoor_5","00000492","conflicting","cube","light tan cuboid; dark printed numerals; straight edges","wood type; unseen-face numbers; identity among similar blocks","","candle","red wax; tall","2026-10-06T05:20:34.394Z","true","corrected","block","light tan cuboid; dark printed numerals; straight edges","wood type; unseen-face numbers; identity among similar blocks","近邻仅辅助转向，不补背面数字。","初始化索引 491：红框为浅色数字积木，非手机、猫、镜头或数字屏；不确认木材种类。","GPT-6 Astra Pro"
"gb","vot","949","db9e7a4a52cb11a575703f0111006d184758170ee3915299f25bf53c4fa9cabd","cube05_indoor_6","00000001","conflicting","cube","light tan cuboid; dark printed numerals; straight edges","wood type; unseen-face numbers; identity among similar blocks","","light switch","white faceplate; red button","2026-10-06T05:20:36.595Z","true","corrected","block","light tan cuboid; dark printed numerals; straight edges","wood type; unseen-face numbers; identity among similar blocks","近邻仅辅助转向，不补背面数字。","初始化索引 0：红框为浅色数字积木，非手机、猫、镜头或数字屏；不确认木材种类。","GPT-6 Astra Pro"
"gb","vot","950","4a5a10fa5890501ee1d9d660146728f55e156c99947289639a922906f6a9d87f","cube05_indoor_6","00000048","conflicting","cube","light tan cuboid; dark printed numerals; straight edges","wood type; unseen-face numbers; identity among similar blocks","","block","wooden; numbered","2026-10-06T05:20:39.106Z","true","corrected","block","light tan cuboid; dark printed numerals; straight edges","wood type; unseen-face numbers; identity among similar blocks","近邻仅辅助转向，不补背面数字。","初始化索引 47：红框为浅色数字积木，非手机、猫、镜头或数字屏；不确认木材种类。","GPT-6 Astra Pro"
"gb","vot","951","d21e22411931f89b4425b5f5de0e4dfdeb44c2fe01ba8c8259aca1751856190b","cube05_indoor_6","00000101","conflicting","cube","light tan cuboid; dark printed numerals; straight edges","wood type; unseen-face numbers; identity among similar blocks","","block","wooden; numbered","2026-10-06T05:20:41.579Z","true","corrected","block","light tan cuboid; dark printed numerals; straight edges","wood type; unseen-face numbers; identity among similar blocks","近邻仅辅助转向，不补背面数字。","初始化索引 100：红框为浅色数字积木，非手机、猫、镜头或数字屏；不确认木材种类。","GPT-6 Astra Pro"
"gb","vot","952","b48496a4e9ac9ff898a999b208f30282a0cf6f2a22a19a4d2c7d9a3f98a2dfc5","cube05_indoor_6","00000151","conflicting","cube","light tan cuboid; dark printed numerals; straight edges","wood type; unseen-face numbers; identity among similar blocks","","block","wooden; numbered","2026-10-06T05:20:44.442Z","true","corrected","block","light tan cuboid; dark printed numerals; straight edges","wood type; unseen-face numbers; identity among similar blocks","近邻仅辅助转向，不补背面数字。","初始化索引 150：红框为浅色数字积木，非手机、猫、镜头或数字屏；不确认木材种类。","GPT-6 Astra Pro"
"gb","vot","953","3b98fef6c566d180a324e3c484cb25c002b61335932a048c0ddab5a25c07437d","cube05_indoor_6","00000201","conflicting","cube","light tan cuboid; dark printed numerals; straight edges","wood type; unseen-face numbers; identity among similar blocks","","phone","black screen; silver frame","2026-10-06T05:20:49.259Z","true","corrected","block","light tan cuboid; dark printed numerals; straight edges","wood type; unseen-face numbers; identity among similar blocks","近邻仅辅助转向，不补背面数字。","初始化索引 200：红框为浅色数字积木，非手机、猫、镜头或数字屏；不确认木材种类。","GPT-6 Astra Pro"
"gb","vot","954","b14ad4639d5ae7c805beb63b7c8fba18253842c50ef65b2e2ad02e7f0a94f2a7","cube05_indoor_6","00000251","conflicting","cube","light tan block-like outline; dark blurred mark","wood type; unseen-face numbers; identity among similar blocks","","light switch","white; rectangular","2026-10-06T05:20:52.354Z","true","uncertain","block","light tan block-like outline; dark blurred mark","wood type; unseen-face numbers; identity among similar blocks","近邻仅辅助转向，不补背面数字。","初始化索引 250：方块在摆动，本帧不读具体数字；块状类别借邻近多面结构辅助。","GPT-6 Astra Pro"
"gb","vot","955","e274a5ce41d637e1d0e2906c187ade5bb89d8d47589debe05c2292db9ac726f0","cube05_indoor_6","00000301","conflicting","cube","light tan block-like outline; dark blurred mark","wood type; unseen-face numbers; identity among similar blocks","","box","white; text","2026-10-06T05:20:55.362Z","true","uncertain","block","light tan block-like outline; dark blurred mark","wood type; unseen-face numbers; identity among similar blocks","近邻仅辅助转向，不补背面数字。","初始化索引 300：方块在摆动，本帧不读具体数字；块状类别借邻近多面结构辅助。","GPT-6 Astra Pro"
"gb","vot","956","5d6b95426c60f18bb653ab31ac9013d75190c9d31ae0fd436c442b6c3b7704d8","cube05_indoor_6","00000351","conflicting","cube","light tan cuboid; dark printed numerals; straight edges","wood type; unseen-face numbers; identity among similar blocks","","block","wooden; numbered","2026-10-06T05:20:58.235Z","true","corrected","block","light tan cuboid; dark printed numerals; straight edges","wood type; unseen-face numbers; identity among similar blocks","近邻仅辅助转向，不补背面数字。","初始化索引 350：红框为浅色数字积木，非手机、猫、镜头或数字屏；不确认木材种类。","GPT-6 Astra Pro"
"gb","vot","957","e453b4cc6560737ef3a7d5e85478fd471740ff2c130f8c7ddf1316b4105cd057","cube05_indoor_6","00000401","conflicting","cube","light tan block-like outline; dark blurred mark","wood type; unseen-face numbers; identity among similar blocks","","phone","black screen; metal frame","2026-10-06T05:21:00.451Z","true","uncertain","block","light tan block-like outline; dark blurred mark","wood type; unseen-face numbers; identity among similar blocks","近邻仅辅助转向，不补背面数字。","初始化索引 400：方块在摆动，本帧不读具体数字；块状类别借邻近多面结构辅助。","GPT-6 Astra Pro"
"gb","vot","958","d60d10550f18264cb59ea9c40c9ec7e7c733f8e9e54a4b8c51e9558530e9fc06","cube05_indoor_6","00000451","conflicting","cube","light tan cuboid; dark printed numerals; straight edges","wood type; unseen-face numbers; identity among similar blocks","","camera lens","black; textured","2026-10-06T05:21:02.562Z","true","corrected","block","light tan cuboid; dark printed numerals; straight edges","wood type; unseen-face numbers; identity among similar blocks","近邻仅辅助转向，不补背面数字。","初始化索引 450：红框为浅色数字积木，非手机、猫、镜头或数字屏；不确认木材种类。","GPT-6 Astra Pro"
"gb","vot","959","8d319df62ce823ff13231816ca55b667084eb9a98b48130b3a34ff1311266988","cube05_indoor_6","00000501","conflicting","cube","light tan cuboid; dark printed numerals; straight edges","wood type; unseen-face numbers; identity among similar blocks","","plug","white; rectangular","2026-10-06T05:21:06.803Z","true","corrected","block","light tan cuboid; dark printed numerals; straight edges","wood type; unseen-face numbers; identity among similar blocks","近邻仅辅助转向，不补背面数字。","初始化索引 500：红框为浅色数字积木，非手机、猫、镜头或数字屏；不确认木材种类。","GPT-6 Astra Pro"
"gb","vot","960","c2bc2be491107c244134266f26b887a7229e4faf6dfa5a7e2d313589a340cb7a","cube05_indoor_6","00000551","conflicting","cube","light tan cuboid; dark printed numerals; straight edges","wood type; unseen-face numbers; identity among similar blocks","","candle","red wick; white wax","2026-10-06T05:21:48.956Z","true","corrected","block","light tan cuboid; dark printed numerals; straight edges","wood type; unseen-face numbers; identity among similar blocks","近邻仅辅助转向，不补背面数字。","初始化索引 550：红框为浅色数字积木，非手机、猫、镜头或数字屏；不确认木材种类。","GPT-6 Astra Pro"
"gb","vot","961","03773f801c6596fe93aa59ad1ead95175ac96efbd9977fd20333e889522d9df8","cube05_indoor_6","00000601","conflicting","cube","light tan cuboid; dark printed numerals; straight edges","wood type; unseen-face numbers; identity among similar blocks","","number","white; bold","2026-10-06T05:21:51.795Z","true","corrected","block","light tan cuboid; dark printed numerals; straight edges","wood type; unseen-face numbers; identity among similar blocks","近邻仅辅助转向，不补背面数字。","初始化索引 600：红框为浅色数字积木，非手机、猫、镜头或数字屏；不确认木材种类。","GPT-6 Astra Pro"
"gb","vot","962","2b48b78411fbc204df6ef48b2f15750265e5d006d8c275e46a05b797333f0e44","cube05_indoor_6","00000651","conflicting","cube","light tan cuboid; dark printed numerals; straight edges","wood type; unseen-face numbers; identity among similar blocks","","phone","black screen; silver frame","2026-10-06T05:21:54.555Z","true","corrected","block","light tan cuboid; dark printed numerals; straight edges","wood type; unseen-face numbers; identity among similar blocks","近邻仅辅助转向，不补背面数字。","初始化索引 650：红框为浅色数字积木，非手机、猫、镜头或数字屏；不确认木材种类。","GPT-6 Astra Pro"
"gb","vot","963","4ff99c455fcaa9ebe204a895a443a98d1c7fe67177345e96cac4dd8ef735ed05","cube05_indoor_6","00000701","conflicting","cube","light tan cuboid; dark printed numerals; straight edges","wood type; unseen-face numbers; identity among similar blocks","","block","wooden; numbered","2026-10-06T05:21:57.115Z","true","corrected","block","light tan cuboid; dark printed numerals; straight edges","wood type; unseen-face numbers; identity among similar blocks","近邻仅辅助转向，不补背面数字。","初始化索引 700：红框为浅色数字积木，非手机、猫、镜头或数字屏；不确认木材种类。","GPT-6 Astra Pro"
"gb","vot","964","a4b63228579b8465a127c4283f8cf3566c6b80f004847ecca58231a550ba7fd6","cube05_indoor_6","00000723","conflicting","cube","light tan cuboid; dark printed numerals; straight edges","wood type; unseen-face numbers; identity among similar blocks","","camera lens","black; textured","2026-10-06T05:21:59.458Z","true","corrected","block","light tan cuboid; dark printed numerals; straight edges","wood type; unseen-face numbers; identity among similar blocks","近邻仅辅助转向，不补背面数字。","初始化索引 722：红框为浅色数字积木，非手机、猫、镜头或数字屏；不确认木材种类。","GPT-6 Astra Pro"
"gb","vot","965","1d546072e12b0009318fb7cf72b4215d24d2f7df4089fadb0ffbd677d215c2ef","cup01_indoor_1","00000001","conflicting","cup","brown rounded body; circular rim; small side handle","material; contents","","cup","orange; textured","2026-10-06T05:22:08.794Z","true","corrected","cup","brown rounded body; circular rim; small side handle","material; contents","近邻只辅助杯体转面，未露口沿/把手不强行补全。","初始化索引 0：红框为棕色圆腹杯，不是杯内小物、椰子、手机或卷烟。","GPT-6 Astra Pro"
"gb","vot","966","8722c8b31b591da5edb50b3179e0f3309bb3c8ca36594bcae861bb67a95cc80e","cup01_indoor_1","00000051","conflicting","cup","brown rounded body; circular rim; small side handle","material; contents","","cup","brown; textured","2026-10-06T05:22:12.842Z","true","supported","cup","brown rounded body; circular rim; small side handle","material; contents","近邻只辅助杯体转面，未露口沿/把手不强行补全。","初始化索引 50：红框为棕色圆腹杯，不是杯内小物、椰子、手机或卷烟。","GPT-6 Astra Pro"
"gb","vot","967","aefa056bae73674affd20391b72b2b8f6f1371b60bfa58b9cba7dde24a610ec1","cup01_indoor_1","00000101","conflicting","cup","brown rounded body; circular rim; small side handle","material; contents","","box","wooden; rectangular; brown","2026-10-06T05:22:16.539Z","true","corrected","cup","brown rounded body; circular rim; small side handle","material; contents","近邻只辅助杯体转面，未露口沿/把手不强行补全。","初始化索引 100：红框为棕色圆腹杯，不是杯内小物、椰子、手机或卷烟。","GPT-6 Astra Pro"
"gb","vot","968","044dc1a5163a40021d5e55edf673d08350028ea6702941ca8b94988e538f21f9","cup01_indoor_1","00000151","conflicting","cup","brown rounded body; circular rim; small side handle","material; contents","","cup","brown; textured surface","2026-10-06T05:22:18.666Z","true","supported","cup","brown rounded body; circular rim; small side handle","material; contents","近邻只辅助杯体转面，未露口沿/把手不强行补全。","初始化索引 150：红框为棕色圆腹杯，不是杯内小物、椰子、手机或卷烟。","GPT-6 Astra Pro"
"gb","vot","969","ef96104d5d68592bc4861f4c897cb0056292f86628ac595eaa093d6e8bc7309a","cup01_indoor_1","00000201","conflicting","cup","brown rounded outer wall","material; contents","","cup","wooden; textured","2026-10-06T05:22:20.154Z","true","corrected","cup","brown rounded outer wall","material; contents","近邻只辅助杯体转面，未露口沿/把手不强行补全。","初始化索引 200：杯体侧转、被手挡住或模糊，不补不可见把手和杯口。","GPT-6 Astra Pro"
"gb","vot","970","5c178e10fc3c3c10e311b31bc045ee86c7871a2d9099aa6f07797bf2eb0c8fed","cup01_indoor_1","00000251","conflicting","cup","brown rounded outer wall","material; contents","","box","brown; rectangular","2026-10-06T05:22:21.547Z","true","corrected","cup","brown rounded outer wall","material; contents","近邻只辅助杯体转面，未露口沿/把手不强行补全。","初始化索引 250：杯体侧转、被手挡住或模糊，不补不可见把手和杯口。","GPT-6 Astra Pro"
"gb","vot","971","d28bf3c830b839b6007a6af785dbdddf55d315e0fdf646c242b6aee9b678c570","cup01_indoor_1","00000301","conflicting","cup","brown rounded body; circular rim; small side handle","material; contents","","candy","blue and white wrapper; round shape","2026-10-06T05:22:24.195Z","true","corrected","cup","brown rounded body; circular rim; small side handle","material; contents","近邻只辅助杯体转面，未露口沿/把手不强行补全。","初始化索引 300：红框为棕色圆腹杯，不是杯内小物、椰子、手机或卷烟。","GPT-6 Astra Pro"
"gb","vot","972","df8af71ed1cbd3643e2ed65398ae15cc93299b13e298e70fcf38ea0eea3f1f05","cup01_indoor_1","00000351","conflicting","cup","brown rounded body; circular rim; small side handle","material; contents","","coconut","brown skin; blue stone in center","2026-10-06T05:22:26.364Z","true","corrected","cup","brown rounded body; circular rim; small side handle","material; contents","近邻只辅助杯体转面，未露口沿/把手不强行补全。","初始化索引 350：红框为棕色圆腹杯，不是杯内小物、椰子、手机或卷烟。","GPT-6 Astra Pro"
"gb","vot","973","ae323c76b85cb07f376cadbc5ba17b560bb4ec37a1e20d13afb8bf0fbb8d1697","cup01_indoor_1","00000401","conflicting","cup","brown rounded outer wall","material; contents","","cup","wooden; textured","2026-10-06T05:22:27.667Z","true","corrected","cup","brown rounded outer wall","material; contents","近邻只辅助杯体转面，未露口沿/把手不强行补全。","初始化索引 400：杯体侧转、被手挡住或模糊，不补不可见把手和杯口。","GPT-6 Astra Pro"
"gb","vot","974","b41fca300b7e9c5f638ef8a62fa659b6d2c418eff669816cc78b994cc9041fa9","cup01_indoor_1","00000451","conflicting","cup","brown rounded outer wall","material; contents","","phone","brown case; touchscreen","2026-10-06T05:22:36.907Z","true","corrected","cup","brown rounded outer wall","material; contents","近邻只辅助杯体转面，未露口沿/把手不强行补全。","初始化索引 450：杯体侧转、被手挡住或模糊，不补不可见把手和杯口。","GPT-6 Astra Pro"
"gb","vot","975","05c5e86266db0c84be78ad50b73d113a01d1f853869df992cc0a76ff43d2b880","cup01_indoor_1","00000501","conflicting","cup","brown rounded outer wall","material; contents","","candle","reddish-brown; wax; round","2026-10-06T05:22:39.563Z","true","corrected","cup","brown rounded outer wall","material; contents","近邻只辅助杯体转面，未露口沿/把手不强行补全。","初始化索引 500：杯体侧转、被手挡住或模糊，不补不可见把手和杯口。","GPT-6 Astra Pro"
"gb","vot","976","c21570007fc7985701cf14d2fe370a9592af27377a416fc8135e8316a7beefd5","cup01_indoor_1","00000551","conflicting","cup","brown rounded outer wall","material; contents","","box","brown; textured","2026-10-06T05:22:43.916Z","true","corrected","cup","brown rounded outer wall","material; contents","近邻只辅助杯体转面，未露口沿/把手不强行补全。","初始化索引 550：杯体侧转、被手挡住或模糊，不补不可见把手和杯口。","GPT-6 Astra Pro"
"gb","vot","977","abc62f8bccc09bf5f7379ea997a4e27673524138875f54ec94903d8368552427","cup01_indoor_1","00000601","conflicting","cup","brown rounded body; circular rim; small side handle","material; contents","","cup","brown; textured","2026-10-06T05:22:45.707Z","true","supported","cup","brown rounded body; circular rim; small side handle","material; contents","近邻只辅助杯体转面，未露口沿/把手不强行补全。","初始化索引 600：红框为棕色圆腹杯，不是杯内小物、椰子、手机或卷烟。","GPT-6 Astra Pro"
"gb","vot","978","a47278296ccb6678d762835d189b5aaa550738157e36f050f42e01e306f55b77","cup01_indoor_1","00000651","conflicting","cup","brown rounded body; circular rim; small side handle","material; contents","","cup","brown; round; textured","2026-10-06T05:22:47.539Z","true","corrected","cup","brown rounded body; circular rim; small side handle","material; contents","近邻只辅助杯体转面，未露口沿/把手不强行补全。","初始化索引 650：红框为棕色圆腹杯，不是杯内小物、椰子、手机或卷烟。","GPT-6 Astra Pro"
"gb","vot","979","1d0b3bf4dd1df69a7d6f1ebb79a3a8dd621af843cd6c1ea7c1e1ab1bc152986e","cup01_indoor_1","00000701","conflicting","cup","brown rounded body; circular rim; small side handle","material; contents","","cup","brown; textured","2026-10-06T05:22:49.587Z","true","corrected","cup","brown rounded body; circular rim; small side handle","material; contents","近邻只辅助杯体转面，未露口沿/把手不强行补全。","初始化索引 700：红框为棕色圆腹杯，不是杯内小物、椰子、手机或卷烟。","GPT-6 Astra Pro"
"gb","vot","980","0c47d06c78a2bc428e384d0dd15a2b90d71999caa14957073f5ecb2745129a55","cup01_indoor_1","00000754","conflicting","cup","brown rounded outer wall","material; contents","","cigarette","white paper; unlit","2026-10-06T05:22:53.106Z","true","corrected","cup","brown rounded outer wall","material; contents","近邻只辅助杯体转面，未露口沿/把手不强行补全。","初始化索引 753：杯体侧转、被手挡住或模糊，不补不可见把手和杯口。","GPT-6 Astra Pro"
"gb","vot","981","4c55764813a75ba450d08eecc39d9b3f71f33ed7a4d134b51ac4fceeeb19a2f6","cup02_indoor_1","00000001","conflicting","cup","red tapered body; pale rim; side ridges","paper versus plastic; contents; identity among similar cups","","cup","red; plastic","2026-10-06T05:22:55.979Z","true","corrected","cup","red tapered body; pale rim; side ridges","paper versus plastic; contents; identity among similar cups","多杯移动和翻转，按本初始化红框确定对象。","初始化索引 0：红框为多只相似红杯中的一只，不能确定纸或塑料，不凭相同外观推断后续同一实例。","GPT-6 Astra Pro"
"gb","vot","982","436b0c199f8451bd67347e63870c21d9f27e56c45e98aa749780ee5e31462a82","cup02_indoor_1","00000051","conflicting","cup","red tapered body; pale rim; side ridges","paper versus plastic; contents; identity among similar cups","","cup","red; plastic","2026-10-06T05:22:57.627Z","true","corrected","cup","red tapered body; pale rim; side ridges","paper versus plastic; contents; identity among similar cups","多杯移动和翻转，按本初始化红框确定对象。","初始化索引 50：红框为多只相似红杯中的一只，不能确定纸或塑料，不凭相同外观推断后续同一实例。","GPT-6 Astra Pro"
"gb","vot","983","0a778bc7d9928d47f1d586fa7c7566dc923a595ab591304ffd9d9c10eb92e211","cup02_indoor_1","00000101","conflicting","cup","red tapered body; pale rim; side ridges","paper versus plastic; contents; identity among similar cups","","cup","red; plastic","2026-10-06T05:22:59.723Z","true","corrected","cup","red tapered body; pale rim; side ridges","paper versus plastic; contents; identity among similar cups","多杯移动和翻转，按本初始化红框确定对象。","初始化索引 100：红框为多只相似红杯中的一只，不能确定纸或塑料，不凭相同外观推断后续同一实例。","GPT-6 Astra Pro"
"gb","vot","984","8d95e018a0a0166f2ab8fd618c2818530c9f771653358bd8d50d484143490a17","cup02_indoor_1","00000151","conflicting","cup","red tapered body; pale rim; side ridges","paper versus plastic; contents; identity among similar cups","","cup","red; plastic","2026-10-06T05:23:04.947Z","true","corrected","cup","red tapered body; pale rim; side ridges","paper versus plastic; contents; identity among similar cups","多杯移动和翻转，按本初始化红框确定对象。","初始化索引 150：红框为多只相似红杯中的一只，不能确定纸或塑料，不凭相同外观推断后续同一实例。","GPT-6 Astra Pro"
"gb","vot","985","fe128920c1edeeca9617e375fb1c2abd3e7f83c6b971fd4a43ce2d4005f82c01","cup02_indoor_1","00000201","conflicting","cup","red tapered body; pale rim; side ridges","paper versus plastic; contents; identity among similar cups","","cup","red; plastic","2026-10-06T05:23:06.786Z","true","corrected","cup","red tapered body; pale rim; side ridges","paper versus plastic; contents; identity among similar cups","多杯移动和翻转，按本初始化红框确定对象。","初始化索引 200：红框为多只相似红杯中的一只，不能确定纸或塑料，不凭相同外观推断后续同一实例。","GPT-6 Astra Pro"
"gb","vot","986","7c6c47320fef6df59ed1719e658241a2e3ba9b6969ab412c01fbb27645a8a39a","cup02_indoor_1","00000251","conflicting","cup","red tapered body; pale rim; side ridges","paper versus plastic; contents; identity among similar cups","","cup","red; plastic","2026-10-06T05:23:08.275Z","true","corrected","cup","red tapered body; pale rim; side ridges","paper versus plastic; contents; identity among similar cups","多杯移动和翻转，按本初始化红框确定对象。","初始化索引 250：红框为多只相似红杯中的一只，不能确定纸或塑料，不凭相同外观推断后续同一实例。","GPT-6 Astra Pro"
"gb","vot","987","e6ac10ec875862b373ecdbb2f1292ba9c8bd2f65d7db22e529a378725318445c","cup02_indoor_1","00000301","conflicting","cup","red tapered body; pale rim; side ridges","paper versus plastic; contents; identity among similar cups","","cup","red; plastic","2026-10-06T05:23:09.738Z","true","corrected","cup","red tapered body; pale rim; side ridges","paper versus plastic; contents; identity among similar cups","多杯移动和翻转，按本初始化红框确定对象。","初始化索引 300：红框为多只相似红杯中的一只，不能确定纸或塑料，不凭相同外观推断后续同一实例。","GPT-6 Astra Pro"
"gb","vot","988","96e68197bdf4262ed9c57c43ea1ffc9aae89db7bd19882087a3cd15fbf55000a","cup02_indoor_1","00000351","conflicting","cup","red tapered body; pale rim; side ridges","paper versus plastic; contents; identity among similar cups","","cup","red; plastic","2026-10-06T05:23:11.155Z","true","corrected","cup","red tapered body; pale rim; side ridges","paper versus plastic; contents; identity among similar cups","多杯移动和翻转，按本初始化红框确定对象。","初始化索引 350：红框为多只相似红杯中的一只，不能确定纸或塑料，不凭相同外观推断后续同一实例。","GPT-6 Astra Pro"
"gb","vot","989","3c3a5e00258bf8482bf91d8cec64757761a2f08922d2288e507303a5053f2c14","cup02_indoor_1","00000401","conflicting","cup","red tapered body; pale rim; side ridges","paper versus plastic; contents; identity among similar cups","","cup","red; paper","2026-10-06T05:23:12.507Z","true","corrected","cup","red tapered body; pale rim; side ridges","paper versus plastic; contents; identity among similar cups","多杯移动和翻转，按本初始化红框确定对象。","初始化索引 400：红框为多只相似红杯中的一只，不能确定纸或塑料，不凭相同外观推断后续同一实例。","GPT-6 Astra Pro"
"gb","vot","990","b8cc0ada94a07a4f628cc1f0f452c8683e0e148127f0084e2c0ed53ae3e870a5","cup02_indoor_1","00000451","conflicting","cup","red tapered body; pale rim; side ridges","paper versus plastic; contents; identity among similar cups","","cup","red; plastic","2026-10-06T05:23:15.067Z","true","corrected","cup","red tapered body; pale rim; side ridges","paper versus plastic; contents; identity among similar cups","多杯移动和翻转，按本初始化红框确定对象。","初始化索引 450：红框为多只相似红杯中的一只，不能确定纸或塑料，不凭相同外观推断后续同一实例。","GPT-6 Astra Pro"
"gb","vot","991","929ea2f66750ab2ad03c8964ba0cca059bf25e7da0c7b75cffb5109115bb3402","cup02_indoor_1","00000501","conflicting","cup","red tapered body; pale rim; side ridges","paper versus plastic; contents; identity among similar cups","","cup","red; plastic","2026-10-06T05:23:16.490Z","true","corrected","cup","red tapered body; pale rim; side ridges","paper versus plastic; contents; identity among similar cups","多杯移动和翻转，按本初始化红框确定对象。","初始化索引 500：红框为多只相似红杯中的一只，不能确定纸或塑料，不凭相同外观推断后续同一实例。","GPT-6 Astra Pro"
"gb","vot","992","29e97d845ec18f85d26f042dc594478f07c3dbed71d374b047f6999473b50b16","cup02_indoor_1","00000551","conflicting","cup","red tapered body; pale rim; side ridges","paper versus plastic; contents; identity among similar cups","","cup","red; paper","2026-10-06T05:23:17.747Z","true","corrected","cup","red tapered body; pale rim; side ridges","paper versus plastic; contents; identity among similar cups","多杯移动和翻转，按本初始化红框确定对象。","初始化索引 550：红框为多只相似红杯中的一只，不能确定纸或塑料，不凭相同外观推断后续同一实例。","GPT-6 Astra Pro"
"gb","vot","993","bba25779fc6e457a8b989a1c578666c9ba9ea7cf8fc08306035e31ec28aa6bf1","cup02_indoor_1","00000601","conflicting","cup","red tapered body; pale rim; side ridges","paper versus plastic; contents; identity among similar cups","","cup","red; paper","2026-10-06T05:23:19.202Z","true","corrected","cup","red tapered body; pale rim; side ridges","paper versus plastic; contents; identity among similar cups","多杯移动和翻转，按本初始化红框确定对象。","初始化索引 600：红框为多只相似红杯中的一只，不能确定纸或塑料，不凭相同外观推断后续同一实例。","GPT-6 Astra Pro"
"gb","vot","994","826d872e05372abb2fd94740f6c0a879e6fda8b0a771c7536b6d4a2ed15c5ba2","cup02_indoor_1","00000651","conflicting","cup","red tapered body; pale rim; side ridges","paper versus plastic; contents; identity among similar cups","","cup","red; plastic","2026-10-06T05:23:20.434Z","true","corrected","cup","red tapered body; pale rim; side ridges","paper versus plastic; contents; identity among similar cups","多杯移动和翻转，按本初始化红框确定对象。","初始化索引 650：红框为多只相似红杯中的一只，不能确定纸或塑料，不凭相同外观推断后续同一实例。","GPT-6 Astra Pro"
"gb","vot","995","beffb6bb4bdd8698371e559f90707759263e18fa4487cffa1daf0606b23a5517","cup02_indoor_1","00000701","conflicting","cup","red tapered body; pale rim; side ridges","paper versus plastic; contents; identity among similar cups","","cup","red; paper","2026-10-06T05:23:21.667Z","true","corrected","cup","red tapered body; pale rim; side ridges","paper versus plastic; contents; identity among similar cups","多杯移动和翻转，按本初始化红框确定对象。","初始化索引 700：红框为多只相似红杯中的一只，不能确定纸或塑料，不凭相同外观推断后续同一实例。","GPT-6 Astra Pro"
"gb","vot","996","86083fe0b595fee2424ee424928ac2d91caf1481ec2f090f0c5712cd5dd3d3bf","cup02_indoor_1","00000751","conflicting","cup","red cup side; pale circular rim; light interior","paper versus plastic; contents; identity among similar cups","","cup","red; plastic","2026-10-06T05:23:23.498Z","true","corrected","cup","red cup side; pale circular rim; light interior","paper versus plastic; contents; identity among similar cups","多杯移动和翻转，按本初始化红框确定对象。","初始化索引 750：杯口朝镜头，材料不确认。","GPT-6 Astra Pro"
"gb","vot","997","e481820513d6a9458a2d388fbd4612fdba2ad8f2b75c43adb7f5e44577a8a25d","cup02_indoor_1","00000801","conflicting","cup","red tapered cup body; pale broad rim; circular bottom","paper versus plastic; contents; identity among similar cups","","cup","red; plastic","2026-10-06T05:23:25.275Z","true","corrected","cup","red tapered cup body; pale broad rim; circular bottom","paper versus plastic; contents; identity among similar cups","多杯移动和翻转，按本初始化红框确定对象。","初始化索引 800：目标本帧倒扣/翻转，宽口浅边朝下；仅描述当前可见结构，不把姿态当永久属性。","GPT-6 Astra Pro"
"gb","vot","998","1744720db35ba999cfd49f848b77ab7cfae043f9a2406c424447f5214b9f892e","cup02_indoor_1","00000851","conflicting","cup","red tapered cup body; pale broad rim; circular bottom","paper versus plastic; contents; identity among similar cups","","cup","red; material:plastic; shape:cylinder","2026-10-06T05:23:26.547Z","true","corrected","cup","red tapered cup body; pale broad rim; circular bottom","paper versus plastic; contents; identity among similar cups","多杯移动和翻转，按本初始化红框确定对象。","初始化索引 850：目标本帧倒扣/翻转，宽口浅边朝下；仅描述当前可见结构，不把姿态当永久属性。","GPT-6 Astra Pro"
"gb","vot","999","9a87d3b1aab6509e44696ff0f96210c159b4da46b2eebc4caed58f1da8ac7f27","cup02_indoor_1","00000901","conflicting","cup","red tapered cup body; pale broad rim; circular bottom","paper versus plastic; contents; identity among similar cups","","cup","red; textured surface","2026-10-06T05:23:27.747Z","true","supported","cup","red tapered cup body; pale broad rim; circular bottom","paper versus plastic; contents; identity among similar cups","多杯移动和翻转，按本初始化红框确定对象。","初始化索引 900：目标本帧倒扣/翻转，宽口浅边朝下；仅描述当前可见结构，不把姿态当永久属性。","GPT-6 Astra Pro"
"gb","vot","1000","acd1f5fd2822d44de32207fe33359adea8d90b71562565d160bd62a02b386d96","cup02_indoor_1","00000959","conflicting","cup","red tapered cup body; pale broad rim; circular bottom","paper versus plastic; contents; identity among similar cups","","cup","red; round; material appears to be plastic","2026-10-06T05:23:29.331Z","true","corrected","cup","red tapered cup body; pale broad rim; circular bottom","paper versus plastic; contents; identity among similar cups","多杯移动和翻转，按本初始化红框确定对象。","初始化索引 958：目标本帧倒扣/翻转，宽口浅边朝下；仅描述当前可见结构，不把姿态当永久属性。","GPT-6 Astra Pro"
"gb","vot","1001","20832aff933e6bd367f8ef1363d797307154c21ccaeaaee531492213bc16096e","cup02_indoor_1","00001007","conflicting","cup","red tapered cup body; pale broad rim; circular bottom","paper versus plastic; contents; identity among similar cups","","cup","red; material:plastic; shape:cylinder","2026-10-06T05:23:32.970Z","true","corrected","cup","red tapered cup body; pale broad rim; circular bottom","paper versus plastic; contents; identity among similar cups","多杯移动和翻转，按本初始化红框确定对象。","初始化索引 1006：目标本帧倒扣/翻转，宽口浅边朝下；仅描述当前可见结构，不把姿态当永久属性。","GPT-6 Astra Pro"
"gb","vot","1002","5f5338026a54317e883bf07f32c9e7643c3955af499d0a7b36608fac2ae08834","cup02_indoor_1","00001051","conflicting","cup","red tapered cup body; pale broad rim; circular bottom","paper versus plastic; contents; identity among similar cups","","cup","red; round; material appears to be plastic","2026-10-06T05:23:34.580Z","true","corrected","cup","red tapered cup body; pale broad rim; circular bottom","paper versus plastic; contents; identity among similar cups","多杯移动和翻转，按本初始化红框确定对象。","初始化索引 1050：目标本帧倒扣/翻转，宽口浅边朝下；仅描述当前可见结构，不把姿态当永久属性。","GPT-6 Astra Pro"
"gb","vot","1003","5043dd62a4c62f0cf4a85002f4af87e0c46aceb7fbd05b4737b3d9149c51ebe9","cup02_indoor_1","00001101","conflicting","cup","red tapered cup body; pale broad rim; circular bottom","paper versus plastic; contents; identity among similar cups","","cup","red; material:plastic; shape:cylinder","2026-10-06T05:23:35.699Z","true","corrected","cup","red tapered cup body; pale broad rim; circular bottom","paper versus plastic; contents; identity among similar cups","多杯移动和翻转，按本初始化红框确定对象。","初始化索引 1100：目标本帧倒扣/翻转，宽口浅边朝下；仅描述当前可见结构，不把姿态当永久属性。","GPT-6 Astra Pro"
"gb","vot","1004","6201abfc93148788fcb9cb5ab780f468a1a9b7034b72f32008f2aef064b5215a","cup02_indoor_1","00001151","conflicting","cup","red tapered cup body; pale broad rim; circular bottom","paper versus plastic; contents; identity among similar cups","","cup","red; round; material appears to be plastic","2026-10-06T05:23:36.981Z","true","corrected","cup","red tapered cup body; pale broad rim; circular bottom","paper versus plastic; contents; identity among similar cups","多杯移动和翻转，按本初始化红框确定对象。","初始化索引 1150：目标本帧倒扣/翻转，宽口浅边朝下；仅描述当前可见结构，不把姿态当永久属性。","GPT-6 Astra Pro"
"gb","vot","1005","ed469dc746327a9b99973eb2c4538c29bfec124ce9cd0325c17936a369f54c72","cup02_indoor_1","00001201","conflicting","cup","red tapered cup body; pale broad rim; circular bottom","paper versus plastic; contents; identity among similar cups","","cup","red; textured","2026-10-06T05:23:38.234Z","true","supported","cup","red tapered cup body; pale broad rim; circular bottom","paper versus plastic; contents; identity among similar cups","多杯移动和翻转，按本初始化红框确定对象。","初始化索引 1200：目标本帧倒扣/翻转，宽口浅边朝下；仅描述当前可见结构，不把姿态当永久属性。","GPT-6 Astra Pro"
"gb","vot","1006","9d78932e0f581bed2cbc30fe36273d9ff818ad0fdba731ed6e7020d87e3c1a10","cup02_indoor_1","00001251","conflicting","","","","","cup","red; round; material appears to be plastic","2026-10-06T05:23:40.795Z","true","corrected","cup","red tapered cup body; pale broad rim; circular bottom","paper versus plastic; contents; identity among similar cups","多杯移动和翻转，按本初始化红框确定对象。","初始化索引 1250：目标本帧倒扣/翻转，宽口浅边朝下；仅描述当前可见结构，不把姿态当永久属性。","GPT-6 Astra Pro"
"gb","vot","1007","192108c81229f09595b1533cd01aedf6b15f964039e215e67870fbb2c6c57117","cup02_indoor_1","00001301","conflicting","cup","red tapered cup body; pale broad rim; circular bottom","paper versus plastic; contents; identity among similar cups","","cup","red; round; material appears to be plastic","2026-10-06T05:23:42.180Z","true","corrected","cup","red tapered cup body; pale broad rim; circular bottom","paper versus plastic; contents; identity among similar cups","多杯移动和翻转，按本初始化红框确定对象。","初始化索引 1300：目标本帧倒扣/翻转，宽口浅边朝下；仅描述当前可见结构，不把姿态当永久属性。","GPT-6 Astra Pro"
"gb","vot","1008","b19dbe82cc4ab6e6b74239187205219807a83eb5e5aa6247dc30f25fc4e540c6","cup02_indoor_1","00001351","conflicting","cup","red tapered cup body; pale broad rim; circular bottom","paper versus plastic; contents; identity among similar cups","","cup","red; textured","2026-10-06T05:23:44.402Z","true","supported","cup","red tapered cup body; pale broad rim; circular bottom","paper versus plastic; contents; identity among similar cups","多杯移动和翻转，按本初始化红框确定对象。","初始化索引 1350：目标本帧倒扣/翻转，宽口浅边朝下；仅描述当前可见结构，不把姿态当永久属性。","GPT-6 Astra Pro"
"gb","vot","1009","adf0779b9b0da85ebface8b96750e5607ad727529110af4bf26bbc7c67e44c19","cup02_indoor_1","00001401","conflicting","cup","red tapered cup body; pale broad rim; circular bottom","paper versus plastic; contents; identity among similar cups","","cup","red; plastic","2026-10-06T05:23:45.762Z","true","corrected","cup","red tapered cup body; pale broad rim; circular bottom","paper versus plastic; contents; identity among similar cups","多杯移动和翻转，按本初始化红框确定对象。","初始化索引 1400：目标本帧倒扣/翻转，宽口浅边朝下；仅描述当前可见结构，不把姿态当永久属性。","GPT-6 Astra Pro"
"gb","vot","1010","bbaa92390f01868770bf393578e9f82a84fd094d57ddb86ddfd506ed7ff3ee75","cup02_indoor_1","00001451","conflicting","cup","red tapered cup body; pale broad rim; circular bottom","paper versus plastic; contents; identity among similar cups","","cup","red; round; material appears to be plastic","2026-10-06T05:23:46.883Z","true","corrected","cup","red tapered cup body; pale broad rim; circular bottom","paper versus plastic; contents; identity among similar cups","多杯移动和翻转，按本初始化红框确定对象。","初始化索引 1450：目标本帧倒扣/翻转，宽口浅边朝下；仅描述当前可见结构，不把姿态当永久属性。","GPT-6 Astra Pro"
"gb","vot","1011","38c3e095b91838a3be9a5e6da41777baf9206650ce8ba6b914b8f298f38e997c","cup02_indoor_1","00001501","conflicting","cup","red tapered cup body; pale broad rim; circular bottom","paper versus plastic; contents; identity among similar cups","","cup","red; round; smooth","2026-10-06T05:23:48.138Z","true","supported","cup","red tapered cup body; pale broad rim; circular bottom","paper versus plastic; contents; identity among similar cups","多杯移动和翻转，按本初始化红框确定对象。","初始化索引 1500：目标本帧倒扣/翻转，宽口浅边朝下；仅描述当前可见结构，不把姿态当永久属性。","GPT-6 Astra Pro"
"gb","vot","1012","9534034d7c590a1036e5c22e9b5057ea4ab90800fda8f494bf316cfebc33eb8e","cup02_indoor_1","00001551","conflicting","cup","red tapered cup body; pale broad rim; circular bottom","paper versus plastic; contents; identity among similar cups","","cup","red; round; material appears to be plastic","2026-10-06T05:23:49.426Z","true","corrected","cup","red tapered cup body; pale broad rim; circular bottom","paper versus plastic; contents; identity among similar cups","多杯移动和翻转，按本初始化红框确定对象。","初始化索引 1550：目标本帧倒扣/翻转，宽口浅边朝下；仅描述当前可见结构，不把姿态当永久属性。","GPT-6 Astra Pro"
"gb","vot","1013","762fb287eda8f76b83beae62ee434ae67c0a463fe2786dfdad89cabfe37948bf","cup02_indoor_1","00001601","conflicting","cup","red tapered cup body; pale broad rim; circular bottom","paper versus plastic; contents; identity among similar cups","","cup","red; tall","2026-10-06T05:23:50.667Z","true","supported","cup","red tapered cup body; pale broad rim; circular bottom","paper versus plastic; contents; identity among similar cups","多杯移动和翻转，按本初始化红框确定对象。","初始化索引 1600：目标本帧倒扣/翻转，宽口浅边朝下；仅描述当前可见结构，不把姿态当永久属性。","GPT-6 Astra Pro"
"gb","vot","1014","a2920cf3e92e905bd14fa242c510bb5ecef963a36871ab916b7697d9c48f1858","cup02_indoor_1","00001651","conflicting","cup","red cup side; pale rim","paper versus plastic; contents; identity among similar cups","","cup","red; plastic","2026-10-06T05:23:53.234Z","true","corrected","cup","red cup side; pale rim","paper versus plastic; contents; identity among similar cups","多杯移动和翻转，按本初始化红框确定对象。","初始化索引 1650：杯侧翻且部分被手遮住，不借邻杯的姿态判断本目标。","GPT-6 Astra Pro"
"gb","vot","1015","098dbf0b216f8d09bf91e8ee04eca6fa2d4c8c1ea6627c68e28e4c542eac3108","cup02_indoor_1","00001701","conflicting","cup","red tapered body; pale rim; side ridges","paper versus plastic; contents; identity among similar cups","","cup","red; plastic","2026-10-06T05:23:59.619Z","true","corrected","cup","red tapered body; pale rim; side ridges","paper versus plastic; contents; identity among similar cups","多杯移动和翻转，按本初始化红框确定对象。","初始化索引 1700：红框为多只相似红杯中的一只，不能确定纸或塑料，不凭相同外观推断后续同一实例。","GPT-6 Astra Pro"
"gb","vot","1016","8571a14a81883a884140e08e02de1934058033ecc5e5803c4368ba428949ea9e","cup02_indoor_1","00001753","conflicting","cup","red tapered body; pale rim; side ridges","paper versus plastic; contents; identity among similar cups","","cup","red; plastic","2026-10-06T05:24:01.258Z","true","corrected","cup","red tapered body; pale rim; side ridges","paper versus plastic; contents; identity among similar cups","多杯移动和翻转，按本初始化红框确定对象。","初始化索引 1752：红框为多只相似红杯中的一只，不能确定纸或塑料，不凭相同外观推断后续同一实例。","GPT-6 Astra Pro"
"gb","vot","1017","982007084dec4b60396a13ddec64f4770732e9ba38398d51255fc620208837aa","cup04_indoor_1","00000001","conflicting","camera lens-shaped cup","black cylinder; ridged rings; pale upper rim; thin red ring","camera lens versus lens-shaped cup; function; contents; material","","camera lens","black body; text on body","2026-10-06T05:26:07.770Z","true","uncertain","object","black cylinder; ridged rings; pale upper rim; thin red ring","camera lens versus lens-shaped cup; function; contents; material","近邻/概览只确认圆柱转向，不以文件名确定用途。","初始化索引 0：黑色圆柱有镜头式环纹，但真实镜头与镜头造型杯难区分；不硬判光学或饮水功能。","GPT-6 Astra Pro"
"gb","vot","1018","cf5b95cbbc126132cd0edb8a3f3bf237b1e54fa2e6e6f54691e81756aaf05e07","cup04_indoor_1","00000051","conflicting","camera lens-shaped cup","black cylinder; ridged rings; pale upper rim; thin red ring","camera lens versus lens-shaped cup; function; contents; material","","camera lens","black body; reflective surface","2026-10-06T05:26:11.898Z","true","uncertain","object","black cylinder; ridged rings; pale upper rim; thin red ring","camera lens versus lens-shaped cup; function; contents; material","近邻/概览只确认圆柱转向，不以文件名确定用途。","初始化索引 50：黑色圆柱有镜头式环纹，但真实镜头与镜头造型杯难区分；不硬判光学或饮水功能。","GPT-6 Astra Pro"
"gb","vot","1019","ddc68ecd700cdcc5a4f4d6d666be2234b5deacc9e30734bc8550398a7b136fee","cup04_indoor_1","00000101","conflicting","camera lens-shaped cup","dark cylindrical outline; pale upper band","camera lens versus lens-shaped cup; function; contents; material","","shirt","black fabric; sleeveless","2026-10-06T05:26:14.347Z","true","uncertain","object","dark cylindrical outline; pale upper band","camera lens versus lens-shaped cup; function; contents; material","近邻/概览只确认圆柱转向，不以文件名确定用途。","初始化索引 100：本帧目标小或模糊，无法确认环纹、细字和光学/饮水用途。","GPT-6 Astra Pro"
"gb","vot","1020","6b36fd390622d83f1434eff17ecbbee2cebc9d665a5a8a613174f54fbd018215","cup04_indoor_1","00000151","conflicting","camera lens-shaped cup","dark cylindrical outline; pale upper band","camera lens versus lens-shaped cup; function; contents; material","","target","black surface; red square","2026-10-06T05:26:17.146Z","true","uncertain","object","dark cylindrical outline; pale upper band","camera lens versus lens-shaped cup; function; contents; material","近邻/概览只确认圆柱转向，不以文件名确定用途。","初始化索引 150：本帧目标小或模糊，无法确认环纹、细字和光学/饮水用途。","GPT-6 Astra Pro"
"gb","vot","1021","a10c737c3d726a19c07b4f1980cceea21bb938070848e4c295813d2fb154d28a","cup04_indoor_1","00000201","conflicting","camera lens-shaped cup","black cylinder; ridged rings; pale upper rim; thin red ring","camera lens versus lens-shaped cup; function; contents; material","","can","black; text","2026-10-06T05:26:21.627Z","true","uncertain","object","black cylinder; ridged rings; pale upper rim; thin red ring","camera lens versus lens-shaped cup; function; contents; material","近邻/概览只确认圆柱转向，不以文件名确定用途。","初始化索引 200：黑色圆柱有镜头式环纹，但真实镜头与镜头造型杯难区分；不硬判光学或饮水功能。","GPT-6 Astra Pro"
"gb","vot","1022","4fed486f64e8718bc515d828d9664b5c247d2b2f49b8842b3d4de67e0e52cf98","cup04_indoor_1","00000251","conflicting","camera lens-shaped cup","black cylinder; ridged rings; pale upper rim; thin red ring","camera lens versus lens-shaped cup; function; contents; material","","remote control","black; rectangular","2026-10-06T05:26:25.395Z","true","uncertain","object","black cylinder; ridged rings; pale upper rim; thin red ring","camera lens versus lens-shaped cup; function; contents; material","近邻/概览只确认圆柱转向，不以文件名确定用途。","初始化索引 250：黑色圆柱有镜头式环纹，但真实镜头与镜头造型杯难区分；不硬判光学或饮水功能。","GPT-6 Astra Pro"
"gb","vot","1023","bc16883c0870567e3cada40b664fabaef476ccf0527afc951c9c94eea91e5b44","cup04_indoor_1","00000301","conflicting","camera lens-shaped cup","black cylinder; ridged rings; pale upper rim; thin red ring","camera lens versus lens-shaped cup; function; contents; material","","remote control","black surface; red buttons","2026-10-06T05:26:27.667Z","true","uncertain","object","black cylinder; ridged rings; pale upper rim; thin red ring","camera lens versus lens-shaped cup; function; contents; material","近邻/概览只确认圆柱转向，不以文件名确定用途。","初始化索引 300：黑色圆柱有镜头式环纹，但真实镜头与镜头造型杯难区分；不硬判光学或饮水功能。","GPT-6 Astra Pro"
"gb","vot","1024","b27226204169656cca079534825da9c5227dd1ea30ea3adf287fcdb5a80bc43c","cup04_indoor_1","00000351","conflicting","camera lens-shaped cup","dark cylindrical outline; pale upper band","camera lens versus lens-shaped cup; function; contents; material","","remote control","black surface; button layout","2026-10-06T05:26:30.866Z","true","uncertain","object","dark cylindrical outline; pale upper band","camera lens versus lens-shaped cup; function; contents; material","近邻/概览只确认圆柱转向，不以文件名确定用途。","初始化索引 350：本帧目标小或模糊，无法确认环纹、细字和光学/饮水用途。","GPT-6 Astra Pro"
"gb","vot","1025","132240ac7feb5e27e87c3d7a17a5fca78f788f638d52b9d6f588f7c3dfe02f64","cup04_indoor_1","00000401","conflicting","camera lens-shaped cup","dark cylindrical outline; pale upper band","camera lens versus lens-shaped cup; function; contents; material","","remote control","black; rectangular","2026-10-06T05:26:40.146Z","true","uncertain","object","dark cylindrical outline; pale upper band","camera lens versus lens-shaped cup; function; contents; material","近邻/概览只确认圆柱转向，不以文件名确定用途。","初始化索引 400：本帧目标小或模糊，无法确认环纹、细字和光学/饮水用途。","GPT-6 Astra Pro"
"gb","vot","1026","7011985b9b41e03b61abf79c0f3f48064fd5f8a7bddcd43352735503d8e2951c","cup04_indoor_1","00000451","conflicting","camera lens-shaped cup","black cylinder; ridged rings; pale upper rim; thin red ring","camera lens versus lens-shaped cup; function; contents; material","","cup","black; textured","2026-10-06T05:26:47.957Z","true","uncertain","object","black cylinder; ridged rings; pale upper rim; thin red ring","camera lens versus lens-shaped cup; function; contents; material","近邻/概览只确认圆柱转向，不以文件名确定用途。","初始化索引 450：黑色圆柱有镜头式环纹，但真实镜头与镜头造型杯难区分；不硬判光学或饮水功能。","GPT-6 Astra Pro"
"gb","vot","1027","245bcd8ed3ec7e218b8da923d3af223934eb0676b0dd81b812978abde7c6cbbd","cup04_indoor_1","00000501","conflicting","camera lens-shaped cup","black cylinder; ridged rings; pale upper rim; thin red ring","camera lens versus lens-shaped cup; function; contents; material","","container","black lid; textured surface","2026-10-06T05:26:51.995Z","true","uncertain","object","black cylinder; ridged rings; pale upper rim; thin red ring","camera lens versus lens-shaped cup; function; contents; material","近邻/概览只确认圆柱转向，不以文件名确定用途。","初始化索引 500：黑色圆柱有镜头式环纹，但真实镜头与镜头造型杯难区分；不硬判光学或饮水功能。","GPT-6 Astra Pro"
"gb","vot","1028","f7e04632988d197d67228d4fd15d982a8399514332ba9c6f454d113a56a257e9","cup04_indoor_1","00000551","conflicting","camera lens-shaped cup","black cylinder; ridged rings; pale upper rim; thin red ring","camera lens versus lens-shaped cup; function; contents; material","","remote control","black surface; chrome accents","2026-10-06T05:26:55.723Z","true","uncertain","object","black cylinder; ridged rings; pale upper rim; thin red ring","camera lens versus lens-shaped cup; function; contents; material","近邻/概览只确认圆柱转向，不以文件名确定用途。","初始化索引 550：黑色圆柱有镜头式环纹，但真实镜头与镜头造型杯难区分；不硬判光学或饮水功能。","GPT-6 Astra Pro"
"gb","vot","1029","743e88ec3ad657d4aa8e728e94f96d137ccab4668a35706c8e88def98bfad680","cup04_indoor_1","00000601","conflicting","camera lens-shaped cup","black cylinder; ridged rings; pale upper rim; thin red ring","camera lens versus lens-shaped cup; function; contents; material","","remote control","black surface; buttons visible","2026-10-06T05:27:00.090Z","true","uncertain","object","black cylinder; ridged rings; pale upper rim; thin red ring","camera lens versus lens-shaped cup; function; contents; material","近邻/概览只确认圆柱转向，不以文件名确定用途。","初始化索引 600：黑色圆柱有镜头式环纹，但真实镜头与镜头造型杯难区分；不硬判光学或饮水功能。","GPT-6 Astra Pro"
"gb","vot","1030","3bc465b5c5272f32250a9bccd196901bbe91db85fe9b409c1ca9e55f347c26de","cup04_indoor_1","00000651","conflicting","camera lens-shaped cup","black cylinder; ridged rings; pale upper rim; thin red ring","camera lens versus lens-shaped cup; function; contents; material","","cup","black; textured","2026-10-06T05:27:02.787Z","true","uncertain","object","black cylinder; ridged rings; pale upper rim; thin red ring","camera lens versus lens-shaped cup; function; contents; material","近邻/概览只确认圆柱转向，不以文件名确定用途。","初始化索引 650：黑色圆柱有镜头式环纹，但真实镜头与镜头造型杯难区分；不硬判光学或饮水功能。","GPT-6 Astra Pro"
"gb","vot","1031","221e4f5052193d75393f1a6fb2b88a16955f299d6ab77158200ebe1a151590be","cup04_indoor_1","00000701","conflicting","camera lens-shaped cup","black cylinder; ridged rings; pale upper rim; thin red ring","camera lens versus lens-shaped cup; function; contents; material","","cylinder","black; textured","2026-10-06T05:27:06.779Z","true","uncertain","object","black cylinder; ridged rings; pale upper rim; thin red ring","camera lens versus lens-shaped cup; function; contents; material","近邻/概览只确认圆柱转向，不以文件名确定用途。","初始化索引 700：黑色圆柱有镜头式环纹，但真实镜头与镜头造型杯难区分；不硬判光学或饮水功能。","GPT-6 Astra Pro"
"gb","vot","1032","4350cfb451238196beea1ebb5257b356d3112f3c9bf5fdf0704e44e8d7336219","cup04_indoor_1","00000751","conflicting","camera lens-shaped cup","black cylinder; ridged rings; pale upper rim; thin red ring","camera lens versus lens-shaped cup; function; contents; material","","cup","black; textured","2026-10-06T05:27:13.666Z","true","uncertain","object","black cylinder; ridged rings; pale upper rim; thin red ring","camera lens versus lens-shaped cup; function; contents; material","近邻/概览只确认圆柱转向，不以文件名确定用途。","初始化索引 750：黑色圆柱有镜头式环纹，但真实镜头与镜头造型杯难区分；不硬判光学或饮水功能。","GPT-6 Astra Pro"
"gb","vot","1033","4da3808579d859c933ebd013c4010709cd17d77987d236410b657324f9cc9538","cup04_indoor_1","00000801","conflicting","camera lens-shaped cup","dark cylindrical outline; pale upper band","camera lens versus lens-shaped cup; function; contents; material","","bottle","clear body; red cap","2026-10-06T05:27:18.203Z","true","uncertain","object","dark cylindrical outline; pale upper band","camera lens versus lens-shaped cup; function; contents; material","近邻/概览只确认圆柱转向，不以文件名确定用途。","初始化索引 800：本帧目标小或模糊，无法确认环纹、细字和光学/饮水用途。","GPT-6 Astra Pro"
"gb","vot","1034","5f4dddecc5156fec33327f3b7d78c0aa83aec730ff6ffe7c10e050aee3277a65","cup04_indoor_1","00000851","conflicting","camera lens-shaped cup","dark cylindrical outline; pale upper band","camera lens versus lens-shaped cup; function; contents; material","","can","black label; text on label","2026-10-06T05:27:22.284Z","true","uncertain","object","dark cylindrical outline; pale upper band","camera lens versus lens-shaped cup; function; contents; material","近邻/概览只确认圆柱转向，不以文件名确定用途。","初始化索引 850：本帧目标小或模糊，无法确认环纹、细字和光学/饮水用途。","GPT-6 Astra Pro"
"gb","vot","1035","e437ef0291cde2cded4e85221d62df6f535c5bfbd7c919fb99824fe613165b4d","cup04_indoor_1","00000901","conflicting","camera lens-shaped cup","dark cylindrical outline; pale upper band","camera lens versus lens-shaped cup; function; contents; material","","target","black; round","2026-10-06T05:27:26.594Z","true","uncertain","object","dark cylindrical outline; pale upper band","camera lens versus lens-shaped cup; function; contents; material","近邻/概览只确认圆柱转向，不以文件名确定用途。","初始化索引 900：本帧目标小或模糊，无法确认环纹、细字和光学/饮水用途。","GPT-6 Astra Pro"
"gb","vot","1036","88bf44dc0b08b7934bcf328808f5bfccceb43160cb093b8afb69a953055c5812","cup04_indoor_1","00000951","conflicting","camera lens-shaped cup","black cylinder; ridged rings; pale upper rim; thin red ring","camera lens versus lens-shaped cup; function; contents; material","","shoe","black; textured","2026-10-06T05:27:30.522Z","true","uncertain","object","black cylinder; ridged rings; pale upper rim; thin red ring","camera lens versus lens-shaped cup; function; contents; material","近邻/概览只确认圆柱转向，不以文件名确定用途。","初始化索引 950：黑色圆柱有镜头式环纹，但真实镜头与镜头造型杯难区分；不硬判光学或饮水功能。","GPT-6 Astra Pro"
"gb","vot","1037","f350f172fcaf48c7adef57a2619a96a907a6f149b459ccbbb979766188d0393f","cup04_indoor_1","00001001","conflicting","camera lens-shaped cup","black cylinder; ridged rings; pale upper rim; thin red ring","camera lens versus lens-shaped cup; function; contents; material","","remote control","black; cylindrical","2026-10-06T05:27:33.427Z","true","uncertain","object","black cylinder; ridged rings; pale upper rim; thin red ring","camera lens versus lens-shaped cup; function; contents; material","近邻/概览只确认圆柱转向，不以文件名确定用途。","初始化索引 1000：黑色圆柱有镜头式环纹，但真实镜头与镜头造型杯难区分；不硬判光学或饮水功能。","GPT-6 Astra Pro"
"gb","vot","1038","cea3f7bca7445dd2e49ea2dbf0d933542e8cc9e234aa6a43c3eb103289726faf","cup04_indoor_1","00001051","conflicting","camera lens-shaped cup","black cylinder; ridged rings; pale upper rim; thin red ring","camera lens versus lens-shaped cup; function; contents; material","","camera lens","black body; metallic finish","2026-10-06T05:27:38.466Z","true","uncertain","object","black cylinder; ridged rings; pale upper rim; thin red ring","camera lens versus lens-shaped cup; function; contents; material","近邻/概览只确认圆柱转向，不以文件名确定用途。","初始化索引 1050：黑色圆柱有镜头式环纹，但真实镜头与镜头造型杯难区分；不硬判光学或饮水功能。","GPT-6 Astra Pro"
"gb","vot","1039","2faf27fc0bed235cf1d61124e5f01b922d44cbbf413c60297ad0a51fca9b4714","cup04_indoor_1","00001085","conflicting","camera lens-shaped cup","dark cylindrical outline; pale upper band","camera lens versus lens-shaped cup; function; contents; material","","bottle","clear body; red cap","2026-10-06T05:27:45.060Z","true","uncertain","object","dark cylindrical outline; pale upper band","camera lens versus lens-shaped cup; function; contents; material","近邻/概览只确认圆柱转向，不以文件名确定用途。","初始化索引 1084：本帧目标小或模糊，无法确认环纹、细字和光学/饮水用途。","GPT-6 Astra Pro"
"gb","vot","1040","f4ade2cfb176aefdcd2ef1e3671d4dd14256c95cc3f98fa375aa1136d463bab0","developmentboard_indoor_4","00000001","conflicting","developmentboard","small greenish board; arranged pale components","function; model; buttons","","remote control","green buttons; black casing","2026-10-06T05:28:09.683Z","true","corrected","electronic device","small greenish board; arranged pale components","function; model; buttons","近邻另一面有蓝色发光区域，未见部件不补入初始。","初始化索引 0：朝镜头为板件和排列元件，不能认定遥控按钮。","GPT-6 Astra Pro"
"gb","vot","1041","27e579c01ca5af2821ec5cb9ae14e43bbfc3c2a4053e2041a1c2706a7f697638","developmentboard_indoor_4","00000051","conflicting","developmentboard","thin dark edge; small blue and red light spots","function; model; buttons","","cigarette","blue filter; unlit","2026-10-06T05:28:15.291Z","true","uncertain","electronic device","thin dark edge; small blue and red light spots","function; model; buttons","近邻另一面有蓝色发光区域，未见部件不补入初始。","初始化索引 50：本帧为窄侧面，功能不明，类别由近邻板件辅助。","GPT-6 Astra Pro"
"gb","vot","1042","31858c33328a59da3a9877739d2a5778a1cdb7c5657bb18cdfd67ce48be57fcd","developmentboard_indoor_4","00000106","conflicting","developmentboard","narrow board-like body; pale component marks","function; model; buttons","","light","blue light; square shape","2026-10-06T05:28:20.978Z","true","corrected","electronic device","narrow board-like body; pale component marks","function; model; buttons","近邻另一面有蓝色发光区域，未见部件不补入初始。","初始化索引 105：板件被手部分遮住，不确认具体端口或功能。","GPT-6 Astra Pro"
"gb","vot","1043","46cd74a366296aa2e34445ae8ebc262e428bffbc1b562d5862ab4aae38214125","developmentboard_indoor_4","00000151","conflicting","developmentboard","narrow board-like body; pale component marks","function; model; buttons","","electronic device","blue and white; rectangular shape; text on box","2026-10-06T05:28:25.875Z","true","corrected","electronic device","narrow board-like body; pale component marks","function; model; buttons","近邻另一面有蓝色发光区域，未见部件不补入初始。","初始化索引 150：板件被手部分遮住，不确认具体端口或功能。","GPT-6 Astra Pro"
"gb","vot","1044","cc3883419e0c78fe15288300c57e9e24f202bc40fe2e42d33db0db601e447519","developmentboard_indoor_4","00000201","conflicting","developmentboard","narrow board-like body; pale component marks","function; model; buttons","","phone","blue screen; text on screen","2026-10-06T05:28:31.291Z","true","corrected","electronic device","narrow board-like body; pale component marks","function; model; buttons","近邻另一面有蓝色发光区域，未见部件不补入初始。","初始化索引 200：板件被手部分遮住，不确认具体端口或功能。","GPT-6 Astra Pro"
"gb","vot","1045","332b03460555b9c459dfdd42c59ecb05db57bc0693efe60955bd742a75c96d73","developmentboard_indoor_4","00000251","conflicting","developmentboard","small dark board-like device; blue luminous areas","function; model; buttons","","digital device","blue screen; digital display","2026-10-06T05:28:34.666Z","true","corrected","electronic device","small dark board-like device; blue luminous areas","function; model; buttons","近邻另一面有蓝色发光区域，未见部件不补入初始。","初始化索引 250：蓝色发光区域是本帧可见状态，不确认显示用途和按键。","GPT-6 Astra Pro"
"gb","vot","1046","fdecd1768c786e1d875896588a07a317e560cdbc34c480fbe2b64e2a31b717aa","developmentboard_indoor_4","00000301","conflicting","developmentboard","small dark board-like device; blue luminous areas","function; model; buttons","","remote control","blue buttons; ir remote","2026-10-06T05:28:39.700Z","true","corrected","electronic device","small dark board-like device; blue luminous areas","function; model; buttons","近邻另一面有蓝色发光区域，未见部件不补入初始。","初始化索引 300：蓝色发光区域是本帧可见状态，不确认显示用途和按键。","GPT-6 Astra Pro"
"gb","vot","1047","bcc097b4ec3dad8eecc6d5c7530cfe39d527f4a2e061cf7fb80bbe6058436383","developmentboard_indoor_4","00000351","conflicting","developmentboard","small dark board-like device; blue luminous areas","function; model; buttons","","goggles","blue lenses; black frame","2026-10-06T05:28:43.931Z","true","corrected","electronic device","small dark board-like device; blue luminous areas","function; model; buttons","近邻另一面有蓝色发光区域，未见部件不补入初始。","初始化索引 350：蓝色发光区域是本帧可见状态，不确认显示用途和按键。","GPT-6 Astra Pro"
"gb","vot","1048","e93a11c9047aefc21fa0ee81e5c0b9d73959057855fd0422e9a95d696e19e69c","developmentboard_indoor_4","00000364","conflicting","developmentboard","small dark board-like device; blue luminous areas","function; model; buttons","","goggles","blue lenses; black frame","2026-10-06T05:28:46.772Z","true","corrected","electronic device","small dark board-like device; blue luminous areas","function; model; buttons","近邻另一面有蓝色发光区域，未见部件不补入初始。","初始化索引 363：蓝色发光区域是本帧可见状态，不确认显示用途和按键。","GPT-6 Astra Pro"
"gb","vot","1049","e6d2b14d182b8c0855d8754170a55da7330042a0afb1d96f8917248f5d97d0ae","dog_outside_1","00000001","conflicting","dog","dark upper coat; white chest and lower-leg patches; dog-like head","breed; blue jacket; collar","","dog","black and white fur; wearing a collar","2026-10-06T05:28:51.842Z","true","corrected","dog","dark upper coat; white chest and lower-leg patches; dog-like head","breed; blue jacket; collar","近邻辅助犬与周围人的区分，姿态不作永久属性。","初始化索引 0：红框为犬只，不把旁边人的蓝色衣物移给犬，品种不确认。","GPT-6 Astra Pro"
"gb","vot","1050","cab2c5b6320c81b75c4620278220a09f5ece4a1c6d433c2b57ace305b071f392","dog_outside_1","00000051","conflicting","dog","dark and pale fur patches; blurred four-legged silhouette","breed; blue jacket; collar","","dog","black and white fur; wearing a blue jacket","2026-10-06T05:28:55.506Z","true","corrected","dog","dark and pale fur patches; blurred four-legged silhouette","breed; blue jacket; collar","近邻辅助犬与周围人的区分，姿态不作永久属性。","初始化索引 50：本帧强光/模糊，只确认犬形粗轮廓，不确认衣物。","GPT-6 Astra Pro"
"gb","vot","1051","71f5030ea8ed84337b04b0896dcdd2d4becfd3156807140150eda7bd5907e172","dog_outside_1","00000101","conflicting","dog","dark upper coat; white chest and lower-leg patches; dog-like head","breed; blue jacket; collar","","dog","black and white fur; wearing a blue collar","2026-10-06T05:28:57.779Z","true","corrected","dog","dark upper coat; white chest and lower-leg patches; dog-like head","breed; blue jacket; collar","近邻辅助犬与周围人的区分，姿态不作永久属性。","初始化索引 100：红框为犬只，不把旁边人的蓝色衣物移给犬，品种不确认。","GPT-6 Astra Pro"
"gb","vot","1052","23c5212bcb7ac4ad07ed40e155b583c5254a1a8d649082aaceb39da44ce5c423","dog_outside_1","00000151","conflicting","dog","black and white coat; side or rear body","breed; blue jacket; collar","","person","dark jacket; blue jeans; black shoes","2026-10-06T05:29:03.876Z","true","corrected","dog","black and white coat; side or rear body","breed; blue jacket; collar","近邻辅助犬与周围人的区分，姿态不作永久属性。","初始化索引 150：当前侧/背向，不补眼色和正脸毛斑。","GPT-6 Astra Pro"
"gb","vot","1053","aa3494e7c48ab905afb864c1587b5dedd0c09699dbeff7a3edd77189f24e04e9","dog_outside_1","00000201","conflicting","dog","black and white coat; side or rear body","breed; blue jacket; collar","","person","wearing black jacket; wearing blue jeans; holding purple object","2026-10-06T05:29:08.955Z","true","corrected","dog","black and white coat; side or rear body","breed; blue jacket; collar","近邻辅助犬与周围人的区分，姿态不作永久属性。","初始化索引 200：当前侧/背向，不补眼色和正脸毛斑。","GPT-6 Astra Pro"
"gb","vot","1054","f5919a6439db79197c49fa97f434bdf0515411a124b2d7bd192386f149193d16","dog_outside_1","00000251","conflicting","dog","black and white coat; side or rear body","breed; blue jacket; collar","","skateboard","purple deck; wheels visible","2026-10-06T05:29:11.354Z","true","corrected","dog","black and white coat; side or rear body","breed; blue jacket; collar","近邻辅助犬与周围人的区分，姿态不作永久属性。","初始化索引 250：当前侧/背向，不补眼色和正脸毛斑。","GPT-6 Astra Pro"
"gb","vot","1055","4dbb7b2617da2f9d15892dde22bfe752b4b18341d6d1f00622ebacdbb1d78f4d","dog_outside_1","00000301","conflicting","dog","dark upper coat; white chest and lower-leg patches; dog-like head","breed; blue jacket; collar","","mask","purple; round eyes","2026-10-06T05:29:14.108Z","true","corrected","dog","dark upper coat; white chest and lower-leg patches; dog-like head","breed; blue jacket; collar","近邻辅助犬与周围人的区分，姿态不作永久属性。","初始化索引 300：红框为犬只，不把旁边人的蓝色衣物移给犬，品种不确认。","GPT-6 Astra Pro"
"gb","vot","1056","ddbf347e7a00448f6e040c1494aceb4c852a5886fc13631bafb6de380a542e93","dog_outside_1","00000351","conflicting","dog","black and white coat; side or rear body","breed; blue jacket; collar","","hat","purple; textured","2026-10-06T05:29:16.715Z","true","corrected","dog","black and white coat; side or rear body","breed; blue jacket; collar","近邻辅助犬与周围人的区分，姿态不作永久属性。","初始化索引 350：当前侧/背向，不补眼色和正脸毛斑。","GPT-6 Astra Pro"
"gb","vot","1057","26ef0a6535793580f947707546c984998291f69f7966fdf6aa2644d66b6003b2","dog_outside_1","00000401","conflicting","dog","black and white coat; side or rear body","breed; blue jacket; collar","","bear","purple fur; black nose; white belly; sitting","2026-10-06T05:29:23.443Z","true","corrected","dog","black and white coat; side or rear body","breed; blue jacket; collar","近邻辅助犬与周围人的区分，姿态不作永久属性。","初始化索引 400：当前侧/背向，不补眼色和正脸毛斑。","GPT-6 Astra Pro"
"gb","vot","1058","3bdd166c63d24ef3a808c4cc7641f3f223d1b013275f6e8ce9457fb1fffcbcc6","dog_outside_1","00000451","conflicting","dog","dark upper coat; white chest and lower-leg patches; dog-like head","breed; blue jacket; collar","","dog","black fur; blue sweater","2026-10-06T05:29:25.635Z","true","corrected","dog","dark upper coat; white chest and lower-leg patches; dog-like head","breed; blue jacket; collar","近邻辅助犬与周围人的区分，姿态不作永久属性。","初始化索引 450：红框为犬只，不把旁边人的蓝色衣物移给犬，品种不确认。","GPT-6 Astra Pro"
"gb","vot","1059","1c860f572bc19fc49192cd16d9f2f0b0377d24acf8b6ee5fbcc55d5346c0948c","dog_outside_1","00000501","conflicting","dog","black and white coat; side or rear body","breed; blue jacket; collar","","dog","black and white fur; wearing a collar","2026-10-06T05:29:26.899Z","true","corrected","dog","black and white coat; side or rear body","breed; blue jacket; collar","近邻辅助犬与周围人的区分，姿态不作永久属性。","初始化索引 500：当前侧/背向，不补眼色和正脸毛斑。","GPT-6 Astra Pro"
"gb","vot","1060","8d97a2783c1ce3b42f30f9a9eadd65eac93feea19eea87295f266692122ddf57","dog_outside_1","00000551","conflicting","dog","dark upper coat; white chest and lower-leg patches; dog-like head","breed; blue jacket; collar","","dog","purple coat; white spots; small size","2026-10-06T05:29:29.179Z","true","corrected","dog","dark upper coat; white chest and lower-leg patches; dog-like head","breed; blue jacket; collar","近邻辅助犬与周围人的区分，姿态不作永久属性。","初始化索引 550：红框为犬只，不把旁边人的蓝色衣物移给犬，品种不确认。","GPT-6 Astra Pro"
"gb","vot","1061","2d17cadbb350b871805b8dcf5e0f9b0e272986d86f162efa39780ca7003b83c7","dog_outside_1","00000601","conflicting","dog","black and white coat; side or rear body","breed; blue jacket; collar","","dog","purple coat; sitting; black and white fur","2026-10-06T05:29:32.811Z","true","corrected","dog","black and white coat; side or rear body","breed; blue jacket; collar","近邻辅助犬与周围人的区分，姿态不作永久属性。","初始化索引 600：当前侧/背向，不补眼色和正脸毛斑。","GPT-6 Astra Pro"
"gb","vot","1062","deb1cc927a84158692a5d8e0c2fd2a7c983ab5cb27a7adb796617b806fbcef0c","dog_outside_1","00000651","conflicting","dog","dark upper coat; white chest and lower-leg patches; dog-like head","breed; blue jacket; collar","","toy","purple; sledding suit; round head","2026-10-06T05:29:34.259Z","true","corrected","dog","dark upper coat; white chest and lower-leg patches; dog-like head","breed; blue jacket; collar","近邻辅助犬与周围人的区分，姿态不作永久属性。","初始化索引 650：红框为犬只，不把旁边人的蓝色衣物移给犬，品种不确认。","GPT-6 Astra Pro"
"gb","vot","1063","2ba7bd1cd7b97b8467e3b3c23dabebc03939cc82d7311124c0dca28545a087e7","dog_outside_1","00000701","conflicting","dog","black and white coat; side or rear body","breed; blue jacket; collar","","dog","purple coat; white paws; black nose","2026-10-06T05:29:35.595Z","true","corrected","dog","black and white coat; side or rear body","breed; blue jacket; collar","近邻辅助犬与周围人的区分，姿态不作永久属性。","初始化索引 700：当前侧/背向，不补眼色和正脸毛斑。","GPT-6 Astra Pro"
"gb","vot","1064","f2dcca846ee14f56d5737689048b4cfd73868040e03464ec96bf4eb88fa61481","dog_outside_1","00000751","conflicting","dog","dark upper coat; white chest and lower-leg patches; dog-like head","breed; blue jacket; collar","","dog","white and black fur; wearing a purple jacket","2026-10-06T05:29:36.795Z","true","corrected","dog","dark upper coat; white chest and lower-leg patches; dog-like head","breed; blue jacket; collar","近邻辅助犬与周围人的区分，姿态不作永久属性。","初始化索引 750：红框为犬只，不把旁边人的蓝色衣物移给犬，品种不确认。","GPT-6 Astra Pro"
"gb","vot","1065","a5aa5cb5210e97bd23d9c54f0def4770938d68dfa724e8bea3c833cb336860e0","dog_outside_1","00000801","conflicting","dog","dark upper coat; white chest and lower-leg patches; dog-like head","breed; blue jacket; collar","","dog","black and white fur; wearing a blue sweater","2026-10-06T05:29:37.979Z","true","corrected","dog","dark upper coat; white chest and lower-leg patches; dog-like head","breed; blue jacket; collar","近邻辅助犬与周围人的区分，姿态不作永久属性。","初始化索引 800：红框为犬只，不把旁边人的蓝色衣物移给犬，品种不确认。","GPT-6 Astra Pro"
"gb","vot","1066","f79cf3806f6ba171d8988ff807063763ee7e43027ad5235be9b5c2cc771666fc","dog_outside_1","00000851","conflicting","dog","black and white coat; side or rear body","breed; blue jacket; collar","","dog","black and white fur; on leash","2026-10-06T05:29:39.213Z","true","corrected","dog","black and white coat; side or rear body","breed; blue jacket; collar","近邻辅助犬与周围人的区分，姿态不作永久属性。","初始化索引 850：当前侧/背向，不补眼色和正脸毛斑。","GPT-6 Astra Pro"
"gb","vot","1067","e2dec4c5259dd4ce2317dd5547c4ef43f4a6511516a3e24231b5f915fb1a620f","dog_outside_1","00000866","conflicting","dog","black and white coat; side or rear body","breed; blue jacket; collar","","dog","black and white fur; wearing a red collar","2026-10-06T05:29:40.347Z","true","corrected","dog","black and white coat; side or rear body","breed; blue jacket; collar","近邻辅助犬与周围人的区分，姿态不作永久属性。","初始化索引 865：当前侧/背向，不补眼色和正脸毛斑。","GPT-6 Astra Pro"
"gb","vot","1068","213fb8b24c957d9d546c452d2b1d4c9f95f0a22ef374340298c76354f825e16a","duck03_wild_1","00000001","conflicting","duck","brown-gray waterfowl body; darker feather patches","species; fine feather color; sex","","bird","brown feathers; wet","2026-10-06T05:29:41.467Z","true","corrected","duck","brown-gray waterfowl body; darker feather patches","species; fine feather color; sex","水面存在其他水鸟和倒影，后帧对应不硬判。","初始化索引 0：红框为水面指定的鸭形鸟，不混用邻鸟/倒影羽色，不细分物种。","GPT-6 Astra Pro"
"gb","vot","1069","0667bf921934b861117e0f276ae062882a3dfa932ee8723f939ef00f57659c09","duck03_wild_1","00000051","conflicting","duck","brown-gray waterfowl body; darker feather patches","species; fine feather color; sex","","animal","brown fur; round head; webbed feet","2026-10-06T05:29:48.395Z","true","corrected","duck","brown-gray waterfowl body; darker feather patches","species; fine feather color; sex","水面存在其他水鸟和倒影，后帧对应不硬判。","初始化索引 50：红框为水面指定的鸭形鸟，不混用邻鸟/倒影羽色，不细分物种。","GPT-6 Astra Pro"
"gb","vot","1070","7c966497f45c4f87dbf62562e0f2823719db93299c0885730012b1ee23c53b7d","duck03_wild_1","00000101","conflicting","duck","brown-gray waterfowl body; darker feather patches","species; fine feather color; sex","","duck","brown feathers; swimming in water","2026-10-06T05:29:50.754Z","true","corrected","duck","brown-gray waterfowl body; darker feather patches","species; fine feather color; sex","水面存在其他水鸟和倒影，后帧对应不硬判。","初始化索引 100：红框为水面指定的鸭形鸟，不混用邻鸟/倒影羽色，不细分物种。","GPT-6 Astra Pro"
"gb","vot","1071","c983950efbcba5423dc7db575d60b1175565b5f56341c98c330025bc243e640c","duck03_wild_1","00000151","conflicting","duck","small blurred waterbird silhouette","species; fine feather color; sex","","bird","brown feathers; feet visible; head turned","2026-10-06T05:29:54.770Z","true","uncertain","duck","small blurred waterbird silhouette","species; fine feather color; sex","水面存在其他水鸟和倒影，后帧对应不硬判。","初始化索引 150：水面目标太小/模糊，鸭类只作邻近辅助粗判断，品种和羽色不确认。","GPT-6 Astra Pro"
"gb","vot","1072","9f994d8e7125750388e8e9903034af3620b03f59a8a4f2ad6d83007bea527a14","duck03_wild_1","00000201","conflicting","duck","brown-gray waterfowl body; darker feather patches","species; fine feather color; sex","","bird","brown feathers; wet plumage; beak","2026-10-06T05:29:56.251Z","true","corrected","duck","brown-gray waterfowl body; darker feather patches","species; fine feather color; sex","水面存在其他水鸟和倒影，后帧对应不硬判。","初始化索引 200：红框为水面指定的鸭形鸟，不混用邻鸟/倒影羽色，不细分物种。","GPT-6 Astra Pro"
"gb","vot","1073","5203b5c267cff69f07dd00a45c729e01ed08e3b02658304a74cb468b712770ec","duck03_wild_1","00000218","conflicting","duck","brown-gray waterfowl body; darker feather patches","species; fine feather color; sex","","bird","brown feathers; wet","2026-10-06T05:29:57.451Z","true","corrected","duck","brown-gray waterfowl body; darker feather patches","species; fine feather color; sex","水面存在其他水鸟和倒影，后帧对应不硬判。","初始化索引 217：红框为水面指定的鸭形鸟，不混用邻鸟/倒影羽色，不细分物种。","GPT-6 Astra Pro"
"gb","vot","1074","4629cdcb33052364ca2700edd1cd2eb61c1d53b44be7e65adb946d8586e55054","duck03_wild_2","00000001","conflicting","duck","brown-gray waterfowl body; darker feather patches","species; fine feather color; sex","","bird","brown feathers; wet plumage; swimming","2026-10-06T05:29:58.602Z","true","corrected","duck","brown-gray waterfowl body; darker feather patches","species; fine feather color; sex","水面存在其他水鸟和倒影，后帧对应不硬判。","初始化索引 0：红框为水面指定的鸭形鸟，不混用邻鸟/倒影羽色，不细分物种。","GPT-6 Astra Pro"
"gb","vot","1075","a38fe527a8c43517b058502035df1b52e364907463f2d95a3526b4037f39f431","duck03_wild_2","00000051","conflicting","duck","brown-gray waterfowl body; darker feather patches","species; fine feather color; sex","","bird","brown feathers; wet","2026-10-06T05:29:59.786Z","true","corrected","duck","brown-gray waterfowl body; darker feather patches","species; fine feather color; sex","水面存在其他水鸟和倒影，后帧对应不硬判。","初始化索引 50：红框为水面指定的鸭形鸟，不混用邻鸟/倒影羽色，不细分物种。","GPT-6 Astra Pro"
"gb","vot","1076","9eebc224c778c02d592799d2833ba365f77b400a1d83a3aec77e3f240fc80bca","duck03_wild_2","00000101","conflicting","duck","dark greenish head; pale neck band; gray body","species; fine feather color; sex","","bird","brown feathers; round head","2026-10-06T05:30:01.043Z","true","corrected","duck","dark greenish head; pale neck band; gray body","species; fine feather color; sex","水面存在其他水鸟和倒影，后帧对应不硬判。","初始化索引 100：本帧可见羽色，不进一步推定品种或性别。","GPT-6 Astra Pro"
"gb","vot","1077","42caaabb369b582a0be01236f7cd1269ceffdcf32d867d0b3a4669248667d793","duck03_wild_2","00000151","conflicting","duck","dark greenish head; pale neck band; gray body","species; fine feather color; sex","","duck","brown feathers; black beak; round body","2026-10-06T05:30:03.107Z","true","corrected","duck","dark greenish head; pale neck band; gray body","species; fine feather color; sex","水面存在其他水鸟和倒影，后帧对应不硬判。","初始化索引 150：本帧可见羽色，不进一步推定品种或性别。","GPT-6 Astra Pro"
"gb","vot","1078","8fa6c9816648d53c03e466ff6afa909bfd56ce7675c51c99129b5d3dae3c8c4f","duck03_wild_2","00000201","conflicting","duck","pale gray body; darker head and wing areas","species; fine feather color; sex","","duck","brown feathers; swimming","2026-10-06T05:30:04.234Z","true","corrected","duck","pale gray body; darker head and wing areas","species; fine feather color; sex","水面存在其他水鸟和倒影，后帧对应不硬判。","初始化索引 200：红框为水面指定的鸭形鸟，不混用邻鸟/倒影羽色，不细分物种。","GPT-6 Astra Pro"
"gb","vot","1079","985f3a0fb29b72e900b9dd61b1dfff508b2f22cb96a236ec5044cf5c03938387","duck03_wild_2","00000247","conflicting","duck","pale gray body; darker head and wing areas","species; fine feather color; sex","","duck","brown feathers; swimming in water","2026-10-06T05:30:06.867Z","true","corrected","duck","pale gray body; darker head and wing areas","species; fine feather color; sex","水面存在其他水鸟和倒影，后帧对应不硬判。","初始化索引 246：红框为水面指定的鸭形鸟，不混用邻鸟/倒影羽色，不细分物种。","GPT-6 Astra Pro"
"gb","vot","1080","34a5247a26ca3e8c31204e9a416bc816dc818a50632cc19b7345fb41f560bee2","dumbbells01_indoor_1","00000001","conflicting","dumbbells","black rounded weight body; red loop handle","weight; material; label","","handbag","red handle; black body","2026-10-06T05:30:33.228Z","true","corrected","kettlebell","black rounded weight body; red loop handle","weight; material; label","近邻辅助把手形态，底视不可见部分不补写。","初始化索引 0：红框为黑色球腹和红环把组成的壶铃形物，非普通球或横杆哑铃。","GPT-6 Astra Pro"
"gb","vot","1081","d444fbceb0f0d48f30e07e2041ae95738b13345b7c0263a2c27b92855d6bf1eb","dumbbells01_indoor_1","00000051","conflicting","dumbbells","dark rounded body; partial red component","weight; material; label","","hand","bearded; wearing white t-shirt","2026-10-06T05:30:36.179Z","true","corrected","kettlebell","dark rounded body; partial red component","weight; material; label","近邻辅助把手形态，底视不可见部分不补写。","初始化索引 50：本帧偏底/侧面，环把未充分显示；壶铃粗类依近邻辅助。","GPT-6 Astra Pro"
"gb","vot","1082","5eb8824fb331b31bf33a24ea8ffc28d2f14b7b612e59931831428d393d9d6a49","dumbbells01_indoor_1","00000101","conflicting","dumbbells","black rounded weight body; red loop handle","weight; material; label","","shirt","white; short-sleeved","2026-10-06T05:30:50.802Z","true","corrected","kettlebell","black rounded weight body; red loop handle","weight; material; label","近邻辅助把手形态，底视不可见部分不补写。","初始化索引 100：红框为黑色球腹和红环把组成的壶铃形物，非普通球或横杆哑铃。","GPT-6 Astra Pro"
"gb","vot","1083","ef0c25299bd45b96841d0cfcbad6b948e172ebe57007df70270d4447570b5cf7","dumbbells01_indoor_1","00000151","conflicting","dumbbells","black rounded weight body; red loop handle","weight; material; label","","remote control","black; rectangular; buttoned","2026-10-06T05:30:53.154Z","true","corrected","kettlebell","black rounded weight body; red loop handle","weight; material; label","近邻辅助把手形态，底视不可见部分不补写。","初始化索引 150：红框为黑色球腹和红环把组成的壶铃形物，非普通球或横杆哑铃。","GPT-6 Astra Pro"
"gb","vot","1084","2dc948c65b2e60e5328dac43add702fea97918c9bb3be17fc0e005364e97960c","dumbbells01_indoor_1","00000201","conflicting","dumbbells","dark rounded body; partial red component","weight; material; label","","shirt","white; textured","2026-10-06T05:30:55.394Z","true","corrected","kettlebell","dark rounded body; partial red component","weight; material; label","近邻辅助把手形态，底视不可见部分不补写。","初始化索引 200：本帧偏底/侧面，环把未充分显示；壶铃粗类依近邻辅助。","GPT-6 Astra Pro"
"gb","vot","1085","00723153a5de99cb1aa1be636f815e986af4984331bee90d7d603b524b8d3933","dumbbells01_indoor_1","00000251","conflicting","dumbbells","black rounded weight body; red loop handle","weight; material; label","","shirt","white; short-sleeved","2026-10-06T05:30:57.514Z","true","corrected","kettlebell","black rounded weight body; red loop handle","weight; material; label","近邻辅助把手形态，底视不可见部分不补写。","初始化索引 250：红框为黑色球腹和红环把组成的壶铃形物，非普通球或横杆哑铃。","GPT-6 Astra Pro"
"gb","vot","1086","786ed4f3ca198cf4fe3b20ad627242583a8b49b07d7c8a8d77d0af4dfeb6cbeb","dumbbells01_indoor_1","00000289","conflicting","dumbbells","black rounded weight body; red loop handle","weight; material; label","","computer monitor","black frame; displaying blue screen","2026-10-06T05:31:01.754Z","true","corrected","kettlebell","black rounded weight body; red loop handle","weight; material; label","近邻辅助把手形态，底视不可见部分不补写。","初始化索引 288：红框为黑色球腹和红环把组成的壶铃形物，非普通球或横杆哑铃。","GPT-6 Astra Pro"
"gb","vot","1087","9c37b1126a39cffa4a02b796a6fb487d72ef25d1193fec653060bf9d66186bbe","dumbbells01_indoor_2","00000001","conflicting","dumbbells","black rounded weight body; red loop handle","weight; material; label","","hula hoop","red and black; curved; flexible","2026-10-06T05:31:06.546Z","true","corrected","kettlebell","black rounded weight body; red loop handle","weight; material; label","近邻辅助把手形态，底视不可见部分不补写。","初始化索引 0：红框为黑色球腹和红环把组成的壶铃形物，非普通球或横杆哑铃。","GPT-6 Astra Pro"
"gb","vot","1088","6246497c3ceb058ec710f03c980b07088e277ed5f92b073add36ec13ca56d02c","dumbbells01_indoor_2","00000051","conflicting","dumbbells","dark rounded body; partial red component","weight; material; label","","computer speaker","black and silver; round base; text on side","2026-10-06T05:31:10.930Z","true","corrected","kettlebell","dark rounded body; partial red component","weight; material; label","近邻辅助把手形态，底视不可见部分不补写。","初始化索引 50：本帧偏底/侧面，环把未充分显示；壶铃粗类依近邻辅助。","GPT-6 Astra Pro"
"gb","vot","1089","e0ee80b3d993ab2e4ab8e3e9e4ffb7f6497af066bc00c744b692ae9bca690cf0","dumbbells01_indoor_2","00000101","conflicting","dumbbells","dark rounded body; partial red component","weight; material; label","","sneaker","red and black; text on side","2026-10-06T05:31:15.098Z","true","corrected","kettlebell","dark rounded body; partial red component","weight; material; label","近邻辅助把手形态，底视不可见部分不补写。","初始化索引 100：本帧偏底/侧面，环把未充分显示；壶铃粗类依近邻辅助。","GPT-6 Astra Pro"
"gb","vot","1090","29195cbca458c4f6b6b51613787b667b39591f063f8c15cb2b3d0b7fd3a0f2aa","dumbbells01_indoor_2","00000151","conflicting","dumbbells","black rounded weight body; red loop handle","weight; material; label","","headband","red band; black and white pattern","2026-10-06T05:31:18.770Z","true","corrected","kettlebell","black rounded weight body; red loop handle","weight; material; label","近邻辅助把手形态，底视不可见部分不补写。","初始化索引 150：红框为黑色球腹和红环把组成的壶铃形物，非普通球或横杆哑铃。","GPT-6 Astra Pro"
"gb","vot","1091","e25610575b1df4f4b6084319ff389c6c66e0795be6c8a319ea47b092f6114b36","dumbbells01_indoor_2","00000201","conflicting","dumbbells","dark rounded body; partial red component","weight; material; label","","object","black; round","2026-10-06T05:31:23.907Z","true","corrected","kettlebell","dark rounded body; partial red component","weight; material; label","近邻辅助把手形态，底视不可见部分不补写。","初始化索引 200：本帧偏底/侧面，环把未充分显示；壶铃粗类依近邻辅助。","GPT-6 Astra Pro"
"gb","vot","1092","624a160d7222b8c52e90d19006018b540ef74bba97a6ddae015d348f302a5d09","dumbbells01_indoor_2","00000257","conflicting","dumbbells","black rounded weight body; red loop handle","weight; material; label","","textured ball","black and white; text on surface; round shape","2026-10-06T05:31:31.044Z","true","corrected","kettlebell","black rounded weight body; red loop handle","weight; material; label","近邻辅助把手形态，底视不可见部分不补写。","初始化索引 256：红框为黑色球腹和红环把组成的壶铃形物，非普通球或横杆哑铃。","GPT-6 Astra Pro"
"gb","vot","1093","48dff7ebfe6e840ebb278b39a46513a6d19cb9d0b08761348d27d9ffc37a9a8a","dumbbells01_indoor_2","00000296","conflicting","dumbbells","dark rounded body; partial red component","weight; material; label","","headwear","red and black patterned","2026-10-06T05:31:37.859Z","true","corrected","kettlebell","dark rounded body; partial red component","weight; material; label","近邻辅助把手形态，底视不可见部分不补写。","初始化索引 295：本帧偏底/侧面，环把未充分显示；壶铃粗类依近邻辅助。","GPT-6 Astra Pro"
"gb","vot","1094","21e7b4fb3a37d3a02f0284d6f771a2956cd83387c395a3972886a812535c0644","dumbbells01_indoor_2","00000351","conflicting","dumbbells","black rounded weight body; red loop handle","weight; material; label","","container","text; red","2026-10-06T05:31:40.338Z","true","corrected","kettlebell","black rounded weight body; red loop handle","weight; material; label","近邻辅助把手形态，底视不可见部分不补写。","初始化索引 350：红框为黑色球腹和红环把组成的壶铃形物，非普通球或横杆哑铃。","GPT-6 Astra Pro"
"gb","vot","1095","a33e28a34fb37b13db556524250b4bcc896ccda6e17f433259924d3cea904a34","dumbbells01_indoor_2","00000396","conflicting","dumbbells","dark rounded body; partial red component","weight; material; label","","cable","coiled; black; red stripe","2026-10-06T05:31:43.147Z","true","corrected","kettlebell","dark rounded body; partial red component","weight; material; label","近邻辅助把手形态，底视不可见部分不补写。","初始化索引 395：本帧偏底/侧面，环把未充分显示；壶铃粗类依近邻辅助。","GPT-6 Astra Pro"
"gb","vot","1096","174ce116713c3d3cfc7457aaa42ac753e805125e3e1f0c33fd4c6a35be1d323e","dumbbells01_indoor_2","00000451","conflicting","dumbbells","dark rounded body; partial red component","weight; material; label","","computer mouse","black; rubber","2026-10-06T05:31:53.603Z","true","corrected","kettlebell","dark rounded body; partial red component","weight; material; label","近邻辅助把手形态，底视不可见部分不补写。","初始化索引 450：本帧偏底/侧面，环把未充分显示；壶铃粗类依近邻辅助。","GPT-6 Astra Pro"
"gb","vot","1097","a339dbc0c93a2571c43e2f854f0c22293a17b510ce10a9cb674064c5256cc39d","dumbbells01_indoor_2","00000501","conflicting","dumbbells","dark rounded body; partial red component","weight; material; label","","headwear","green fabric; red strap","2026-10-06T05:32:00.644Z","true","corrected","kettlebell","dark rounded body; partial red component","weight; material; label","近邻辅助把手形态，底视不可见部分不补写。","初始化索引 500：本帧偏底/侧面，环把未充分显示；壶铃粗类依近邻辅助。","GPT-6 Astra Pro"
"gb","vot","1098","78f0b68e3e65043b0b56ddc167f52a945e66f7ba618808e853443763e20417b1","dumbbells01_indoor_2","00000509","conflicting","dumbbells","black rounded weight body; red loop handle","weight; material; label","","glove","red and black; textured surface","2026-10-06T05:32:03.210Z","true","corrected","kettlebell","black rounded weight body; red loop handle","weight; material; label","近邻辅助把手形态，底视不可见部分不补写。","初始化索引 508：红框为黑色球腹和红环把组成的壶铃形物，非普通球或横杆哑铃。","GPT-6 Astra Pro"
"gb","vot","1099","55f307f7ce365f35a0b8a28a7771a0fdd41ef7cf9dddd0ebdf544987de5eba4a","earphone01_indoor_1","00000001","conflicting","headphones","black headband; dark earcups; red accents","connection mode; material","","headset","black; wired; folded","2026-10-06T05:32:11.730Z","true","corrected","headphones","black headband; dark earcups; red accents","connection mode; material","近邻只辅助耳机转面和悬挂位置。","初始化索引 0：红框为头戴耳机，不是帽、鞋带、兔、袋；不从图片确认有线无线功能。","GPT-6 Astra Pro"
"gb","vot","1100","d58bd82cee14f7a6ed8ddd2f8d2b88cc9cd0e9714976ba5c9de5802530a6e3c8","earphone01_indoor_1","00000051","conflicting","headphones","dark curved headband or earcup silhouette; red accent","connection mode; material","","headphones","black; wired; round ear cups","2026-10-06T05:32:14.170Z","true","corrected","headphones","dark curved headband or earcup silhouette; red accent","connection mode; material","近邻只辅助耳机转面和悬挂位置。","初始化索引 50：红框为头戴耳机，不是帽、鞋带、兔、袋；不从图片确认有线无线功能。","GPT-6 Astra Pro"
"gb","vot","1101","4ce7af66e30b0d347a1af1fef06b713023d50fc09cf12d20a147962f78bf7d55","earphone01_indoor_1","00000101","conflicting","headphones","black headband; dark earcups; red accents","connection mode; material","","headphone","black; worn; textured","2026-10-06T05:32:15.571Z","true","corrected","headphones","black headband; dark earcups; red accents","connection mode; material","近邻只辅助耳机转面和悬挂位置。","初始化索引 100：红框为头戴耳机，不是帽、鞋带、兔、袋；不从图片确认有线无线功能。","GPT-6 Astra Pro"
"gb","vot","1102","4914a3970f4ede9b30ee02c8d77d7c3a5b76c6e1d6d748d6b5484dcefa2a4af8","earphone01_indoor_1","00000151","conflicting","headphones","black headband; dark earcups; red accents","connection mode; material","","headphones","black; wired","2026-10-06T05:32:17.242Z","true","corrected","headphones","black headband; dark earcups; red accents","connection mode; material","近邻只辅助耳机转面和悬挂位置。","初始化索引 150：红框为头戴耳机，不是帽、鞋带、兔、袋；不从图片确认有线无线功能。","GPT-6 Astra Pro"
"gb","vot","1103","7696266d92e02c12320343525376f242603a1c51f8cbf970c3741365fbd1dfd6","earphone01_indoor_1","00000201","conflicting","headphones","black headband; dark earcups; red accents","connection mode; material","","headset","black; worn; round; textured","2026-10-06T05:32:18.746Z","true","corrected","headphones","black headband; dark earcups; red accents","connection mode; material","近邻只辅助耳机转面和悬挂位置。","初始化索引 200：红框为头戴耳机，不是帽、鞋带、兔、袋；不从图片确认有线无线功能。","GPT-6 Astra Pro"
"gb","vot","1104","6e8821a6cdc16baac2ebe5d0eb13f16749e68c001898a7e304bb3d3329fc3cfa","earphone01_indoor_1","00000251","conflicting","headphones","black headband; dark earcups; red accents","connection mode; material","","headphones","black; wired","2026-10-06T05:32:40.891Z","true","corrected","headphones","black headband; dark earcups; red accents","connection mode; material","近邻只辅助耳机转面和悬挂位置。","初始化索引 250：红框为头戴耳机，不是帽、鞋带、兔、袋；不从图片确认有线无线功能。","GPT-6 Astra Pro"
"gb","vot","1105","3deb59529092ae648a47a95bcb863c1932b70ed8f2311fdc4f01ff39246b1fd8","earphone01_indoor_1","00000301","conflicting","headphones","dark curved headband or earcup silhouette; red accent","connection mode; material","","headset","black; wired","2026-10-06T05:32:42.266Z","true","corrected","headphones","dark curved headband or earcup silhouette; red accent","connection mode; material","近邻只辅助耳机转面和悬挂位置。","初始化索引 300：红框为头戴耳机，不是帽、鞋带、兔、袋；不从图片确认有线无线功能。","GPT-6 Astra Pro"
"gb","vot","1106","1348240fb4d8364ba78b7148afaaae83d3f6df73a5102e697cf8699a1154b819","earphone01_indoor_1","00000351","conflicting","headphones","dark curved headband or earcup silhouette; red accent","connection mode; material","","camera","black body; lens","2026-10-06T05:32:43.642Z","true","corrected","headphones","dark curved headband or earcup silhouette; red accent","connection mode; material","近邻只辅助耳机转面和悬挂位置。","初始化索引 350：红框为头戴耳机，不是帽、鞋带、兔、袋；不从图片确认有线无线功能。","GPT-6 Astra Pro"
"gb","vot","1107","69920d66a14d1c501432d2502774e185f7295fdc4483a7de33169ac3e8d803fc","earphone01_indoor_1","00000401","conflicting","headphones","dark blurred curved object; red patch","connection mode; material","","computer mouse","black; rubber-like surface","2026-10-06T05:32:44.867Z","true","uncertain","headphones","dark blurred curved object; red patch","connection mode; material","近邻只辅助耳机转面和悬挂位置。","初始化索引 400：耳机运动模糊，粗类别借近邻头梁/耳罩辅助，当前不补精细部件。","GPT-6 Astra Pro"
"gb","vot","1108","8c4002c8bd2404ce6bc422596d29235b519a5e708914b2c4ff818725d847e1b4","earphone01_indoor_1","00000451","conflicting","headphones","black headband; dark earcups; red accents","connection mode; material","","glove","black fabric; textured surface","2026-10-06T05:32:46.099Z","true","corrected","headphones","black headband; dark earcups; red accents","connection mode; material","近邻只辅助耳机转面和悬挂位置。","初始化索引 450：红框为头戴耳机，不是帽、鞋带、兔、袋；不从图片确认有线无线功能。","GPT-6 Astra Pro"
"gb","vot","1109","130747a3702f0855a7089ee1d734d2b262a6f23a04c0ff2cbed22fbb755d57c9","earphone01_indoor_1","00000501","conflicting","headphones","dark curved headband or earcup silhouette; red accent","connection mode; material","","shirt","black; textured","2026-10-06T05:32:47.819Z","true","corrected","headphones","dark curved headband or earcup silhouette; red accent","connection mode; material","近邻只辅助耳机转面和悬挂位置。","初始化索引 500：红框为头戴耳机，不是帽、鞋带、兔、袋；不从图片确认有线无线功能。","GPT-6 Astra Pro"
"gb","vot","1110","66d8842c5baa2ead4020c48da0fc70cdc6e294d60f19d350932bee5de0a85d25","earphone01_indoor_1","00000551","conflicting","headphones","dark curved headband or earcup silhouette; red accent","connection mode; material","","camera","black body; front lens","2026-10-06T05:32:51.355Z","true","corrected","headphones","dark curved headband or earcup silhouette; red accent","connection mode; material","近邻只辅助耳机转面和悬挂位置。","初始化索引 550：红框为头戴耳机，不是帽、鞋带、兔、袋；不从图片确认有线无线功能。","GPT-6 Astra Pro"
"gb","vot","1111","8fe746f7d076b77eced377ea2ca471f255400fcb66a65d897350a8a651716677","earphone01_indoor_1","00000601","conflicting","headphones","black headband; dark earcups; red accents","connection mode; material","","headphones","black; worn; over-ear","2026-10-06T05:32:57.451Z","true","corrected","headphones","black headband; dark earcups; red accents","connection mode; material","近邻只辅助耳机转面和悬挂位置。","初始化索引 600：红框为头戴耳机，不是帽、鞋带、兔、袋；不从图片确认有线无线功能。","GPT-6 Astra Pro"
"gb","vot","1112","63f8e9fa0319c26b73a0910bde73fac6c887eac8caef24ced7004b9b6f8f98f5","earphone01_indoor_1","00000651","conflicting","headphones","dark curved headband or earcup silhouette; red accent","connection mode; material","","bottle","shiny surface; dark color","2026-10-06T05:32:59.547Z","true","corrected","headphones","dark curved headband or earcup silhouette; red accent","connection mode; material","近邻只辅助耳机转面和悬挂位置。","初始化索引 650：红框为头戴耳机，不是帽、鞋带、兔、袋；不从图片确认有线无线功能。","GPT-6 Astra Pro"
"gb","vot","1113","f66f6de25db8b76e6f5d35ddbf0c8a4032e846c5f7a44339ca32ce646348c47c","earphone01_indoor_1","00000851","conflicting","headphones","black headband; dark earcups; red accents","connection mode; material","","cat","black fur; sitting upright","2026-10-06T05:33:02.195Z","true","corrected","headphones","black headband; dark earcups; red accents","connection mode; material","近邻只辅助耳机转面和悬挂位置。","初始化索引 850：红框为头戴耳机，不是帽、鞋带、兔、袋；不从图片确认有线无线功能。","GPT-6 Astra Pro"
"gb","vot","1114","28f90ff2fcefd1cf400a51d6a5e8bdb3b74cb5bff3e7110f94d501c23d2395d6","earphone01_indoor_1","00000901","conflicting","headphones","black headband; dark earcups; red accents","connection mode; material","","headphones","black; wired","2026-10-06T05:33:05.178Z","true","corrected","headphones","black headband; dark earcups; red accents","connection mode; material","近邻只辅助耳机转面和悬挂位置。","初始化索引 900：红框为头戴耳机，不是帽、鞋带、兔、袋；不从图片确认有线无线功能。","GPT-6 Astra Pro"
"gb","vot","1115","bf0de4a337a3a78fa1119bb582e31f2d951636614f7c4277b85118eb948c2222","earphone01_indoor_1","00000951","conflicting","headphones","black headband; dark earcups; red accents","connection mode; material","","headphones","black; wired","2026-10-06T05:33:07.754Z","true","corrected","headphones","black headband; dark earcups; red accents","connection mode; material","近邻只辅助耳机转面和悬挂位置。","初始化索引 950：红框为头戴耳机，不是帽、鞋带、兔、袋；不从图片确认有线无线功能。","GPT-6 Astra Pro"
"gb","vot","1116","124b77767a021f9c43b462f68aeaaedf0df53c7b0540647aa090c1c22b0ea423","earphone01_indoor_1","00001001","conflicting","headphones","dark curved headband or earcup silhouette; red accent","connection mode; material","","headphones","black; wired; over-ear","2026-10-06T05:33:11.483Z","true","corrected","headphones","dark curved headband or earcup silhouette; red accent","connection mode; material","近邻只辅助耳机转面和悬挂位置。","初始化索引 1000：红框为头戴耳机，不是帽、鞋带、兔、袋；不从图片确认有线无线功能。","GPT-6 Astra Pro"
"gb","vot","1117","fdf32b82a51f9f55223b738a557a5749026cc817319d9230790c66d061c7a17f","earphone01_indoor_1","00001051","conflicting","headphones","black headband; dark earcups; red accents","connection mode; material","","glove","black; textured","2026-10-06T05:33:12.962Z","true","corrected","headphones","black headband; dark earcups; red accents","connection mode; material","近邻只辅助耳机转面和悬挂位置。","初始化索引 1050：红框为头戴耳机，不是帽、鞋带、兔、袋；不从图片确认有线无线功能。","GPT-6 Astra Pro"
"gb","vot","1118","b5604229afbc31f79e31703c262b258828c25da5b8a2febc9ba6ad3ed3904d4c","earphone01_indoor_1","00001085","conflicting","headphones","dark curved headband or earcup silhouette; red accent","connection mode; material","","bottle","black; wide neck","2026-10-06T05:33:15.715Z","true","corrected","headphones","dark curved headband or earcup silhouette; red accent","connection mode; material","近邻只辅助耳机转面和悬挂位置。","初始化索引 1084：红框为头戴耳机，不是帽、鞋带、兔、袋；不从图片确认有线无线功能。","GPT-6 Astra Pro"
"gb","vot","1119","fe0e42ad45e246396fb790875cf6ace6704e4459c806a26ef1a83364c2d8a076","file01_indoor_1","00000001","conflicting","folder","pale gray-white rectangular cover; printed or written lines","cover material; contents; wording","","electronic device","black; rectangular","2026-10-06T05:34:00.282Z","true","corrected","folder","pale gray-white rectangular cover; printed or written lines","cover material; contents; wording","邻近弯折转面辅助文件套粗类，不推定页数。","初始化索引 0：红框为文件套/纸夹，不是人物衬衫或鼠标垫；不识读微小正文。","GPT-6 Astra Pro"
"gb","vot","1120","c4f97675bc4ed012dba779cfd235bbdecb65f3184a2bd3e99ca9cf8f5e445703","file01_indoor_1","00000051","conflicting","folder","pale gray-white rectangular cover; printed or written lines","cover material; contents; wording","","box","white; rectangular","2026-10-06T05:34:02.339Z","true","corrected","folder","pale gray-white rectangular cover; printed or written lines","cover material; contents; wording","邻近弯折转面辅助文件套粗类，不推定页数。","初始化索引 50：红框为文件套/纸夹，不是人物衬衫或鼠标垫；不识读微小正文。","GPT-6 Astra Pro"
"gb","vot","1121","8f5fcc8e05f9788cbcbfdec730e1895966497dc15d0ff640fab5c421f2bf604a","file01_indoor_1","00000101","conflicting","folder","pale gray-white rectangular cover; printed or written lines","cover material; contents; wording","","folder","white; rectangular","2026-10-06T05:34:05.411Z","true","corrected","folder","pale gray-white rectangular cover; printed or written lines","cover material; contents; wording","邻近弯折转面辅助文件套粗类，不推定页数。","初始化索引 100：红框为文件套/纸夹，不是人物衬衫或鼠标垫；不识读微小正文。","GPT-6 Astra Pro"
"gb","vot","1122","ba5788c27af781756e0b85a629eb36e646f0598043d3125c7857028ed5b5aa48","file01_indoor_1","00000151","conflicting","folder","pale rectangular document-like face; dark edge","cover material; contents; wording","","folder","white; rectangular; open","2026-10-06T05:34:08.298Z","true","corrected","folder","pale rectangular document-like face; dark edge","cover material; contents; wording","邻近弯折转面辅助文件套粗类，不推定页数。","初始化索引 150：本帧侧转/较小，不确认页数、材料和正文。","GPT-6 Astra Pro"
"gb","vot","1123","7888ddb4ae394451a575955cebb015e5a43be19526a011ebeef265169aff591d","file01_indoor_1","00000201","conflicting","folder","pale gray-white rectangular cover; printed or written lines","cover material; contents; wording","","book","white cover; text on cover","2026-10-06T05:34:09.762Z","true","corrected","folder","pale gray-white rectangular cover; printed or written lines","cover material; contents; wording","邻近弯折转面辅助文件套粗类，不推定页数。","初始化索引 200：红框为文件套/纸夹，不是人物衬衫或鼠标垫；不识读微小正文。","GPT-6 Astra Pro"
"gb","vot","1124","730bd607318e45cb14a5b6ebad38a135023a56af4aca72141684ef1429e1a97c","file01_indoor_1","00000251","conflicting","folder","pale gray-white rectangular cover; printed or written lines","cover material; contents; wording","","box","white; rectangular; smooth surface","2026-10-06T05:34:12.530Z","true","corrected","folder","pale gray-white rectangular cover; printed or written lines","cover material; contents; wording","邻近弯折转面辅助文件套粗类，不推定页数。","初始化索引 250：红框为文件套/纸夹，不是人物衬衫或鼠标垫；不识读微小正文。","GPT-6 Astra Pro"
"gb","vot","1125","6ba4b5a3102c0f6029a1a725d2e0e8bd47f48d1f6333bb30b00d29e9b36ba8d6","file01_indoor_1","00000301","conflicting","folder","pale gray-white rectangular cover; printed or written lines","cover material; contents; wording","","book","white cover; spiral binding","2026-10-06T05:34:14.619Z","true","corrected","folder","pale gray-white rectangular cover; printed or written lines","cover material; contents; wording","邻近弯折转面辅助文件套粗类，不推定页数。","初始化索引 300：红框为文件套/纸夹，不是人物衬衫或鼠标垫；不识读微小正文。","GPT-6 Astra Pro"
"gb","vot","1126","4c3bd0a9f6535f6a1aea59f36359d8a143a3093ae3eb71d54a0dad446f8908bf","file01_indoor_1","00000351","conflicting","folder","pale gray-white rectangular cover; printed or written lines","cover material; contents; wording","","file folder","white; rectangular; metal fastener","2026-10-06T05:34:18.523Z","true","corrected","folder","pale gray-white rectangular cover; printed or written lines","cover material; contents; wording","邻近弯折转面辅助文件套粗类，不推定页数。","初始化索引 350：红框为文件套/纸夹，不是人物衬衫或鼠标垫；不识读微小正文。","GPT-6 Astra Pro"
"gb","vot","1127","8de9fa81b074c965bacffc276fafdd8a78f39f45670af017dc935c4466ba3ec4","file01_indoor_1","00000401","conflicting","folder","pale gray-white rectangular cover; printed or written lines","cover material; contents; wording","","file folder","white; rectangular; smooth surface","2026-10-06T05:34:22.067Z","true","corrected","folder","pale gray-white rectangular cover; printed or written lines","cover material; contents; wording","邻近弯折转面辅助文件套粗类，不推定页数。","初始化索引 400：红框为文件套/纸夹，不是人物衬衫或鼠标垫；不识读微小正文。","GPT-6 Astra Pro"
"gb","vot","1128","9ec262997888bede953634b0f1a4ab47274310ba3a819aa241d02ab7138ba799","file01_indoor_1","00000451","conflicting","folder","pale gray-white rectangular cover; printed or written lines","cover material; contents; wording","","folder","white; rectangular; closed","2026-10-06T05:34:24.218Z","true","corrected","folder","pale gray-white rectangular cover; printed or written lines","cover material; contents; wording","邻近弯折转面辅助文件套粗类，不推定页数。","初始化索引 450：红框为文件套/纸夹，不是人物衬衫或鼠标垫；不识读微小正文。","GPT-6 Astra Pro"
"gb","vot","1129","5c05520bf95d348091ffc692868c6dbf1742e229d8fec8952503c7613526d207","file01_indoor_1","00000501","conflicting","folder","pale gray-white rectangular cover; printed or written lines","cover material; contents; wording","","box","white; rectangular","2026-10-06T05:34:25.699Z","true","corrected","folder","pale gray-white rectangular cover; printed or written lines","cover material; contents; wording","邻近弯折转面辅助文件套粗类，不推定页数。","初始化索引 500：红框为文件套/纸夹，不是人物衬衫或鼠标垫；不识读微小正文。","GPT-6 Astra Pro"
"gb","vot","1130","6009a0848cca552f2a8fcbca374d7997487b94209a00f8d2c82a85fadbdbe7e5","file01_indoor_1","00000551","conflicting","folder","pale rectangular document-like face; dark edge","cover material; contents; wording","","folder","white; rectangular; closed","2026-10-06T05:34:26.995Z","true","corrected","folder","pale rectangular document-like face; dark edge","cover material; contents; wording","邻近弯折转面辅助文件套粗类，不推定页数。","初始化索引 550：本帧侧转/较小，不确认页数、材料和正文。","GPT-6 Astra Pro"
"gb","vot","1131","25a4a4f530cd1fd83d120c05ab92618a349be587e7eb20b2c23b98cbf0917d24","file01_indoor_1","00000601","conflicting","folder","pale gray-white rectangular cover; printed or written lines","cover material; contents; wording","","file folder","white; rectangular; smooth surface","2026-10-06T05:34:28.461Z","true","corrected","folder","pale gray-white rectangular cover; printed or written lines","cover material; contents; wording","邻近弯折转面辅助文件套粗类，不推定页数。","初始化索引 600：红框为文件套/纸夹，不是人物衬衫或鼠标垫；不识读微小正文。","GPT-6 Astra Pro"
"gb","vot","1132","9d08cf770038131cd7a065549d0ad1324ed313bac2719a290e49512167643fe8","file01_indoor_1","00000674","conflicting","folder","pale rectangular document-like face; dark edge","cover material; contents; wording","","file folder","white; rectangular","2026-10-06T05:34:33.338Z","true","corrected","folder","pale rectangular document-like face; dark edge","cover material; contents; wording","邻近弯折转面辅助文件套粗类，不推定页数。","初始化索引 673：本帧侧转/较小，不确认页数、材料和正文。","GPT-6 Astra Pro"
"gb","vot","1133","88df96d1ff620e0ba4042701482d7dd6b8629f25514f5ffa4b4cadbbebbf6218","flag_indoor_1","00000001","conflicting","flag","white field; dark blue cross; thin pole","fabric; permanent orientation","","flag","blue cross on white; square shape","2026-10-06T05:34:40.315Z","true","corrected","flag","white field; dark blue cross; thin pole","fabric; permanent orientation","近邻展开用于辅助旗类，折叠帧不补完整纹样。","初始化索引 0：红框为带杆小旗，非围巾、披肩或单独白纸，不确认丝绸材质。","GPT-6 Astra Pro"
"gb","vot","1134","2f7a9f51561234622bff3859ad523bf97bed5be8776e9bbdb27a0db64910e82d","flag_indoor_1","00000100","conflicting","flag","folded white and dark blue fabric; thin pole","fabric; permanent orientation","","brush","blue handle; white bristles","2026-10-06T05:34:44.492Z","true","corrected","flag","folded white and dark blue fabric; thin pole","fabric; permanent orientation","近邻展开用于辅助旗类，折叠帧不补完整纹样。","初始化索引 99：旗布折叠或模糊，十字全形只在近邻辅助，不补本帧隐藏部位。","GPT-6 Astra Pro"
"gb","vot","1135","11cc73477e3b2e2624b8845972dfdadf7936e3fae0158192fa9ca8994c262846","flag_indoor_1","00000164","conflicting","flag","folded white and dark blue fabric; thin pole","fabric; permanent orientation","","guitar strap","striped; blue and white; worn","2026-10-06T05:34:48.419Z","true","corrected","flag","folded white and dark blue fabric; thin pole","fabric; permanent orientation","近邻展开用于辅助旗类，折叠帧不补完整纹样。","初始化索引 163：旗布折叠或模糊，十字全形只在近邻辅助，不补本帧隐藏部位。","GPT-6 Astra Pro"
"gb","vot","1136","a07e1b485ca5764eda10324885fadb35cdaebbe27aa4080b7c713ba5cfc94af8","flag_indoor_1","00000201","conflicting","flag","folded white and dark blue fabric; thin pole","fabric; permanent orientation","","sock","white; blue stripe","2026-10-06T05:34:50.195Z","true","corrected","flag","folded white and dark blue fabric; thin pole","fabric; permanent orientation","近邻展开用于辅助旗类，折叠帧不补完整纹样。","初始化索引 200：旗布折叠或模糊，十字全形只在近邻辅助，不补本帧隐藏部位。","GPT-6 Astra Pro"
"gb","vot","1137","cf7fba5bbc2d8575c399fe2340f5872db1c8d5d14f8414daf72b724aec3590a2","flag_indoor_1","00000251","conflicting","flag","white field; dark blue cross; thin pole","fabric; permanent orientation","","box","white surface; blue cross; textured pattern","2026-10-06T05:34:51.907Z","true","corrected","flag","white field; dark blue cross; thin pole","fabric; permanent orientation","近邻展开用于辅助旗类，折叠帧不补完整纹样。","初始化索引 250：红框为带杆小旗，非围巾、披肩或单独白纸，不确认丝绸材质。","GPT-6 Astra Pro"
"gb","vot","1138","f289a5ddf004fa2169acf4825c817dfb619d88a1387bf70f4571833067e65cff","flag_indoor_1","00000301","conflicting","flag","white field; dark blue cross; thin pole","fabric; permanent orientation","","cylinder","white surface; blue stripe","2026-10-06T05:34:53.675Z","true","corrected","flag","white field; dark blue cross; thin pole","fabric; permanent orientation","近邻展开用于辅助旗类，折叠帧不补完整纹样。","初始化索引 300：红框为带杆小旗，非围巾、披肩或单独白纸，不确认丝绸材质。","GPT-6 Astra Pro"
"gb","vot","1139","5d340704563be79585b938fff1461edcdb46b7a903674cd50e604eeb71c6d4d3","flag_indoor_1","00000351","conflicting","flag","folded white and dark blue fabric; thin pole","fabric; permanent orientation","","package","blue ribbon; white surface","2026-10-06T05:34:54.939Z","true","corrected","flag","folded white and dark blue fabric; thin pole","fabric; permanent orientation","近邻展开用于辅助旗类，折叠帧不补完整纹样。","初始化索引 350：旗布折叠或模糊，十字全形只在近邻辅助，不补本帧隐藏部位。","GPT-6 Astra Pro"
"gb","vot","1140","1d25180420ec0e9faa0574789a6a80a352ce1ebd3254a0cde5d38c08fcbfe7fd","flag_indoor_1","00000401","conflicting","flag","white field; dark blue cross; thin pole","fabric; permanent orientation","","sock","blue and white stripes; textured surface","2026-10-06T05:34:56.618Z","true","corrected","flag","white field; dark blue cross; thin pole","fabric; permanent orientation","近邻展开用于辅助旗类，折叠帧不补完整纹样。","初始化索引 400：红框为带杆小旗，非围巾、披肩或单独白纸，不确认丝绸材质。","GPT-6 Astra Pro"
"gb","vot","1141","b055192d0670d1220830a97ab0007df8177d1215fef4b162af21df3bc1d42e32","flag_indoor_1","00000468","conflicting","flag","folded white and dark blue fabric; thin pole","fabric; permanent orientation","","flag","blue cross; white background","2026-10-06T05:34:58.282Z","true","corrected","flag","folded white and dark blue fabric; thin pole","fabric; permanent orientation","近邻展开用于辅助旗类，折叠帧不补完整纹样。","初始化索引 467：旗布折叠或模糊，十字全形只在近邻辅助，不补本帧隐藏部位。","GPT-6 Astra Pro"
"gb","vot","1142","f20a95388738dc1aaa9da0fcaa29ff4cdebc947792f5e78fdcd39c4d5d396729","flag_indoor_1","00000501","conflicting","flag","folded white and dark blue fabric; thin pole","fabric; permanent orientation","","flag","white and blue stripes; rectangular shape","2026-10-06T05:34:59.634Z","true","corrected","flag","folded white and dark blue fabric; thin pole","fabric; permanent orientation","近邻展开用于辅助旗类，折叠帧不补完整纹样。","初始化索引 500：旗布折叠或模糊，十字全形只在近邻辅助，不补本帧隐藏部位。","GPT-6 Astra Pro"
"gb","vot","1143","e7fa26c26290608ab1dbc9ed287a87d4f6ef4470e607eb774294fe3075e3ccd9","flag_indoor_1","00000551","conflicting","flag","white field; dark blue cross; thin pole","fabric; permanent orientation","","flag","striped; blue and white","2026-10-06T05:35:01.284Z","true","corrected","flag","white field; dark blue cross; thin pole","fabric; permanent orientation","近邻展开用于辅助旗类，折叠帧不补完整纹样。","初始化索引 550：红框为带杆小旗，非围巾、披肩或单独白纸，不确认丝绸材质。","GPT-6 Astra Pro"
"gb","vot","1144","9fc6213200a51b76e1839bef22d83f2aaf8b6a4fa7105ff9c6d8e5056a8c9edb","flag_indoor_1","00000609","conflicting","flag","folded white and dark blue fabric; thin pole","fabric; permanent orientation","","candle","blue flame; wax; round base","2026-10-06T05:35:05.939Z","true","corrected","flag","folded white and dark blue fabric; thin pole","fabric; permanent orientation","近邻展开用于辅助旗类，折叠帧不补完整纹样。","初始化索引 608：旗布折叠或模糊，十字全形只在近邻辅助，不补本帧隐藏部位。","GPT-6 Astra Pro"
"gb","vot","1145","3f63bb94d34984b5d9bbac6ffae7b6e7eab521aa02ad087af2af74836bd09419","flag_indoor_1","00000653","conflicting","flag","white field; dark blue cross; thin pole","fabric; permanent orientation","","towel","blue stripe; white background","2026-10-06T05:35:07.530Z","true","corrected","flag","white field; dark blue cross; thin pole","fabric; permanent orientation","近邻展开用于辅助旗类，折叠帧不补完整纹样。","初始化索引 652：红框为带杆小旗，非围巾、披肩或单独白纸，不确认丝绸材质。","GPT-6 Astra Pro"
"gb","vot","1146","ccbbb7ac00eadd965887eef815bc9b10e889bf86c378691b59046de693261af2","flag_indoor_1","00000708","conflicting","flag","folded white and dark blue fabric; thin pole","fabric; permanent orientation","","rubber band","blue stripe; white rubber","2026-10-06T05:35:09.019Z","true","corrected","flag","folded white and dark blue fabric; thin pole","fabric; permanent orientation","近邻展开用于辅助旗类，折叠帧不补完整纹样。","初始化索引 707：旗布折叠或模糊，十字全形只在近邻辅助，不补本帧隐藏部位。","GPT-6 Astra Pro"
"gb","vot","1147","4730f7c0e3a4877ff66b3d57080d809752c5c2c40c8451c764ba6ce61c56647c","flag_indoor_1","00000751","conflicting","flag","white field; dark blue cross; thin pole","fabric; permanent orientation","","sock","white; blue stripe; textured","2026-10-06T05:35:11.907Z","true","corrected","flag","white field; dark blue cross; thin pole","fabric; permanent orientation","近邻展开用于辅助旗类，折叠帧不补完整纹样。","初始化索引 750：红框为带杆小旗，非围巾、披肩或单独白纸，不确认丝绸材质。","GPT-6 Astra Pro"
"gb","vot","1148","d7f2ee5eeb6c43e79ec2ab27ce66951417b59cfaf6c1611cf781f72a1997e1ca","flag_indoor_1","00000801","conflicting","flag","folded white and dark blue fabric; thin pole","fabric; permanent orientation","","wii remote","white; long; curved","2026-10-06T05:35:14.666Z","true","corrected","flag","folded white and dark blue fabric; thin pole","fabric; permanent orientation","近邻展开用于辅助旗类，折叠帧不补完整纹样。","初始化索引 800：旗布折叠或模糊，十字全形只在近邻辅助，不补本帧隐藏部位。","GPT-6 Astra Pro"
"gb","vot","1149","c37e31d3c7b8d359e97b7fb748bce73e9d72bbc6fb41a03a2a4f946ca0d0b053","flag_indoor_1","00000851","conflicting","flag","white field; dark blue cross; thin pole","fabric; permanent orientation","","text","blue and white; striped pattern","2026-10-06T05:35:16.099Z","true","corrected","flag","white field; dark blue cross; thin pole","fabric; permanent orientation","近邻展开用于辅助旗类，折叠帧不补完整纹样。","初始化索引 850：红框为带杆小旗，非围巾、披肩或单独白纸，不确认丝绸材质。","GPT-6 Astra Pro"
"gb","vot","1150","db1631339f537aad8c856aad602a2f533a5c854fc02cfbcf7cbe36ff4d5f3d6b","flag_indoor_1","00000901","conflicting","flag","folded white and dark blue fabric; thin pole","fabric; permanent orientation","","sock","white; blue stripe; textured","2026-10-06T05:35:17.771Z","true","corrected","flag","folded white and dark blue fabric; thin pole","fabric; permanent orientation","近邻展开用于辅助旗类，折叠帧不补完整纹样。","初始化索引 900：旗布折叠或模糊，十字全形只在近邻辅助，不补本帧隐藏部位。","GPT-6 Astra Pro"
"gb","vot","1151","771c63aa38fc8c2ad292f700bb419d9f31f1c98c4a2e16303566c863d5000a5a","flag_indoor_1","00000950","conflicting","flag","white field; dark blue cross; thin pole","fabric; permanent orientation","","pillow","blue and white stripes; fluffy texture","2026-10-06T05:35:20.195Z","true","corrected","flag","white field; dark blue cross; thin pole","fabric; permanent orientation","近邻展开用于辅助旗类，折叠帧不补完整纹样。","初始化索引 949：红框为带杆小旗，非围巾、披肩或单独白纸，不确认丝绸材质。","GPT-6 Astra Pro"
"gb","vot","1152","324b527c9f1bae594a7d309f92c4c7f84a40d3aeecb6012d8555d50c1ad21618","flag_indoor_1","00000999","conflicting","flag","folded white and dark blue fabric; thin pole","fabric; permanent orientation","","swimming ring","white and blue; round; inflatable","2026-10-06T05:35:21.762Z","true","corrected","flag","folded white and dark blue fabric; thin pole","fabric; permanent orientation","近邻展开用于辅助旗类，折叠帧不补完整纹样。","初始化索引 998：旗布折叠或模糊，十字全形只在近邻辅助，不补本帧隐藏部位。","GPT-6 Astra Pro"
"gb","vot","1153","412326b22cfdb743dec6ac616af892d331c0c27c4b9d777830ec0b66b58424a4","flag_indoor_1","00001051","conflicting","flag","folded white and dark blue fabric; thin pole","fabric; permanent orientation","","shoe","white sole; blue stripe","2026-10-06T05:35:24.595Z","true","corrected","flag","folded white and dark blue fabric; thin pole","fabric; permanent orientation","近邻展开用于辅助旗类，折叠帧不补完整纹样。","初始化索引 1050：旗布折叠或模糊，十字全形只在近邻辅助，不补本帧隐藏部位。","GPT-6 Astra Pro"
"gb","vot","1154","d611c5d9fba471a88c42b6ba1b7f41a8aef6cb3cede12fba74673d29cfdbfc7c","flag_indoor_1","00001101","conflicting","flag","white field; dark blue cross; thin pole","fabric; permanent orientation","","frisbee","white; blue; round; in motion","2026-10-06T05:35:26.651Z","true","corrected","flag","white field; dark blue cross; thin pole","fabric; permanent orientation","近邻展开用于辅助旗类，折叠帧不补完整纹样。","初始化索引 1100：红框为带杆小旗，非围巾、披肩或单独白纸，不确认丝绸材质。","GPT-6 Astra Pro"
"gb","vot","1155","6a17e1db04209d7aca71e916ee7c5504075b3ff4975ecda683c3b327ea704a84","flag_indoor_1","00001151","conflicting","flag","folded white and dark blue fabric; thin pole","fabric; permanent orientation","","plastic bag","white; textured surface","2026-10-06T05:35:30.540Z","true","corrected","flag","folded white and dark blue fabric; thin pole","fabric; permanent orientation","近邻展开用于辅助旗类，折叠帧不补完整纹样。","初始化索引 1150：旗布折叠或模糊，十字全形只在近邻辅助，不补本帧隐藏部位。","GPT-6 Astra Pro"
"gb","vot","1156","527df3d7ef4e7adf0f69c4fada042da849bc33e274fc70f7fb0605c5bc5820d8","flag_indoor_1","00001201","conflicting","flag","white field; dark blue cross; thin pole","fabric; permanent orientation","","textured fabric","striped pattern; blue and white","2026-10-06T05:36:29.714Z","true","corrected","flag","white field; dark blue cross; thin pole","fabric; permanent orientation","近邻展开用于辅助旗类，折叠帧不补完整纹样。","初始化索引 1200：红框为带杆小旗，非围巾、披肩或单独白纸，不确认丝绸材质。","GPT-6 Astra Pro"
"gb","vot","1157","0bfcc54c2b520d4016e96f084663b7d65ed2e9de5a52201e3e4c0c19c86cc640","flag_indoor_1","00001251","conflicting","flag","folded white and dark blue fabric; thin pole","fabric; permanent orientation","","box","white surface; blue cross; textured","2026-10-06T05:36:31.330Z","true","corrected","flag","folded white and dark blue fabric; thin pole","fabric; permanent orientation","近邻展开用于辅助旗类，折叠帧不补完整纹样。","初始化索引 1250：旗布折叠或模糊，十字全形只在近邻辅助，不补本帧隐藏部位。","GPT-6 Astra Pro"
"gb","vot","1158","c8fa528f01b6cc662f271f3c2d4ea643ee0b41c3ac72cdfaba10d9c2b5ce7067","flag_indoor_1","00001301","conflicting","flag","white field; dark blue cross; thin pole","fabric; permanent orientation","","box","blue and white cross; textured surface","2026-10-06T05:36:33.211Z","true","corrected","flag","white field; dark blue cross; thin pole","fabric; permanent orientation","近邻展开用于辅助旗类，折叠帧不补完整纹样。","初始化索引 1300：红框为带杆小旗，非围巾、披肩或单独白纸，不确认丝绸材质。","GPT-6 Astra Pro"
"gb","vot","1159","d1c891d8c40eaff6c525eeeab4a74c5b6cf390cf6a078a4174313a49eb053f54","flag_indoor_1","00001366","conflicting","flag","folded white and dark blue fabric; thin pole","fabric; permanent orientation","","flag","blue and white; cross pattern","2026-10-06T05:36:34.658Z","true","corrected","flag","folded white and dark blue fabric; thin pole","fabric; permanent orientation","近邻展开用于辅助旗类，折叠帧不补完整纹样。","初始化索引 1365：旗布折叠或模糊，十字全形只在近邻辅助，不补本帧隐藏部位。","GPT-6 Astra Pro"
"gb","vot","1160","3e3bc26051893f4b9dfd2d39cb9ceef420de9e45dcfb082ba6e689012736ef9e","glass01_indoor_1","00000001","conflicting","glass","transparent cylindrical vessel; circular open rim; thicker base","contents; material; etched pattern","","glass","transparent; striped pattern","2026-10-06T05:36:40.283Z","true","corrected","glass","transparent cylindrical vessel; circular open rim; thicker base","contents; material; etched pattern","近邻有拿杯及倒液动作；液体种类和临时状态不作稳定属性。","初始化索引 0：红框为透明杯，透出的椅条/手不是杯上印纹，不把内容物当杯体类别。","GPT-6 Astra Pro"
"gb","vot","1161","877ba2be39191ffc4e609f7b23cb6913a8fbaecd692730e0ffccd50720f0f3da","glass01_indoor_1","00000051","conflicting","glass","transparent curved vessel outline; bright rim or base","contents; material; etched pattern","","glass","transparent; shiny","2026-10-06T05:36:43.618Z","true","corrected","glass","transparent curved vessel outline; bright rim or base","contents; material; etched pattern","近邻有拿杯及倒液动作；液体种类和临时状态不作稳定属性。","初始化索引 50：杯体倾斜/遮挡/模糊，不把手或背景纹理当杯子属性。","GPT-6 Astra Pro"
"gb","vot","1162","27f9f867d9b89dde04b194d7c788830b47736814012c0376a38b7670bdae6a94","glass01_indoor_1","00000101","conflicting","glass","transparent cylindrical vessel; circular open rim; thicker base","contents; material; etched pattern","","milk carton","white label; green and orange design","2026-10-06T05:36:48.043Z","true","corrected","glass","transparent cylindrical vessel; circular open rim; thicker base","contents; material; etched pattern","近邻有拿杯及倒液动作；液体种类和临时状态不作稳定属性。","初始化索引 100：红框为透明杯，透出的椅条/手不是杯上印纹，不把内容物当杯体类别。","GPT-6 Astra Pro"
"gb","vot","1163","ebc3bd37535dc24367da283697b3ca85f2b1d757bf2d337b98efbcfb0ca02993","glass01_indoor_1","00000151","conflicting","glass","transparent cylindrical vessel; circular open rim; thicker base","contents; material; etched pattern","","glass","transparent; empty","2026-10-06T05:36:53.195Z","true","corrected","glass","transparent cylindrical vessel; circular open rim; thicker base","contents; material; etched pattern","近邻有拿杯及倒液动作；液体种类和临时状态不作稳定属性。","初始化索引 150：红框为透明杯，透出的椅条/手不是杯上印纹，不把内容物当杯体类别。","GPT-6 Astra Pro"
"gb","vot","1164","7c88d3dd2246bef8b9a71100e59be5d30de0e3d7a0dc234e4b70133c37ef9ad2","glass01_indoor_1","00000167","conflicting","glass","transparent cylindrical vessel; circular open rim; thicker base","contents; material; etched pattern","","glass","transparent; empty","2026-10-06T05:36:56.539Z","true","corrected","glass","transparent cylindrical vessel; circular open rim; thicker base","contents; material; etched pattern","近邻有拿杯及倒液动作；液体种类和临时状态不作稳定属性。","初始化索引 166：红框为透明杯，透出的椅条/手不是杯上印纹，不把内容物当杯体类别。","GPT-6 Astra Pro"
"gb","vot","1165","bcc630b4ea5d3dd12e1e59c26efd267c333fe1856a1c61a6105fb2238c074ac0","glass01_indoor_2","00000001","conflicting","glass","transparent curved vessel outline; bright rim or base","contents; material; etched pattern","","glass","transparent; empty","2026-10-06T05:37:01.267Z","true","corrected","glass","transparent curved vessel outline; bright rim or base","contents; material; etched pattern","近邻有拿杯及倒液动作；液体种类和临时状态不作稳定属性。","初始化索引 0：杯体倾斜/遮挡/模糊，不把手或背景纹理当杯子属性。","GPT-6 Astra Pro"
"gb","vot","1166","e12791bdec72eea4240edf0f777e5a7b56f5a389b17096c6b9a3f26d77fcd455","glass01_indoor_2","00000051","conflicting","glass","transparent cylindrical vessel; circular open rim; thicker base","contents; material; etched pattern","","glass","transparent; water inside","2026-10-06T05:37:05.931Z","true","corrected","glass","transparent cylindrical vessel; circular open rim; thicker base","contents; material; etched pattern","近邻有拿杯及倒液动作；液体种类和临时状态不作稳定属性。","初始化索引 50：红框为透明杯，透出的椅条/手不是杯上印纹，不把内容物当杯体类别。","GPT-6 Astra Pro"
"gb","vot","1167","fdf1cc56d1137faad5317df9b08af703d787fd13f80879f99fed0d0a8fe9ef42","glass01_indoor_2","00000101","conflicting","glass","transparent curved vessel outline; bright rim or base","contents; material; etched pattern","","glass","transparent; shiny","2026-10-06T05:37:12.027Z","true","corrected","glass","transparent curved vessel outline; bright rim or base","contents; material; etched pattern","近邻有拿杯及倒液动作；液体种类和临时状态不作稳定属性。","初始化索引 100：杯体倾斜/遮挡/模糊，不把手或背景纹理当杯子属性。","GPT-6 Astra Pro"
"gb","vot","1168","33b3e9d9e1fa1969f7f547549ecbc132474b5a57d9f5f3ea3217c1ed3e1b99e2","glass01_indoor_2","00000151","conflicting","glass","transparent curved vessel outline; bright rim or base","contents; material; etched pattern","","glass","transparent; tall","2026-10-06T05:37:16.645Z","true","corrected","glass","transparent curved vessel outline; bright rim or base","contents; material; etched pattern","近邻有拿杯及倒液动作；液体种类和临时状态不作稳定属性。","初始化索引 150：杯体倾斜/遮挡/模糊，不把手或背景纹理当杯子属性。","GPT-6 Astra Pro"
"gb","vot","1169","f1736a6f28221929764d155956b9bf2f6eb30202cc7061a94cd29eeed9fe7b15","glass01_indoor_2","00000201","conflicting","glass","transparent curved vessel outline; bright rim or base","contents; material; etched pattern","","glass","transparent; tall","2026-10-06T05:37:20.244Z","true","corrected","glass","transparent curved vessel outline; bright rim or base","contents; material; etched pattern","近邻有拿杯及倒液动作；液体种类和临时状态不作稳定属性。","初始化索引 200：杯体倾斜/遮挡/模糊，不把手或背景纹理当杯子属性。","GPT-6 Astra Pro"
"gb","vot","1170","a66f4644d80e5541b908923efea301410e13179a707f192549006fabcce76764","glass01_indoor_2","00000250","conflicting","glass","transparent curved vessel outline; bright rim or base","contents; material; etched pattern","","glass","transparent; shiny","2026-10-06T05:37:23.660Z","true","corrected","glass","transparent curved vessel outline; bright rim or base","contents; material; etched pattern","近邻有拿杯及倒液动作；液体种类和临时状态不作稳定属性。","初始化索引 249：杯体倾斜/遮挡/模糊，不把手或背景纹理当杯子属性。","GPT-6 Astra Pro"
"gb","vot","1171","59f254b168506badf1831a135fa671ed582ae9a60f819cae5f9f21e7c3c77b8e","glass01_indoor_2","00000300","conflicting","glass","transparent curved vessel outline; bright rim or base","contents; material; etched pattern","","hand","holding; red object","2026-10-06T05:37:27.444Z","true","corrected","glass","transparent curved vessel outline; bright rim or base","contents; material; etched pattern","近邻有拿杯及倒液动作；液体种类和临时状态不作稳定属性。","初始化索引 299：杯体倾斜/遮挡/模糊，不把手或背景纹理当杯子属性。","GPT-6 Astra Pro"
"gb","vot","1172","50212a9c1393b4ef3f0c3346c5b41c8c7c54fad3570773cb974899878f4ec61f","glass01_indoor_2","00000350","conflicting","glass","transparent cylindrical vessel; circular open rim; thicker base","contents; material; etched pattern","","glass","transparent; handheld","2026-10-06T05:37:29.195Z","true","supported","glass","transparent cylindrical vessel; circular open rim; thicker base","contents; material; etched pattern","近邻有拿杯及倒液动作；液体种类和临时状态不作稳定属性。","初始化索引 349：红框为透明杯，透出的椅条/手不是杯上印纹，不把内容物当杯体类别。","GPT-6 Astra Pro"
"gb","vot","1173","ef32ab32ba3f265f7c73040edaf17f4d1e72074f58038c4c7e76b3311cbc2b6c","glass01_indoor_2","00000400","conflicting","glass","transparent curved vessel outline; bright rim or base","contents; material; etched pattern","","book","green cover; text on cover","2026-10-06T05:37:30.771Z","true","corrected","glass","transparent curved vessel outline; bright rim or base","contents; material; etched pattern","近邻有拿杯及倒液动作；液体种类和临时状态不作稳定属性。","初始化索引 399：杯体倾斜/遮挡/模糊，不把手或背景纹理当杯子属性。","GPT-6 Astra Pro"
"gb","vot","1174","4ba413a7372a493450deb2f3d5be3ba2f6ee92e8ca0bcf0f5c5cc0928b300ef6","glass01_indoor_2","00000450","conflicting","glass","transparent cylindrical vessel; circular open rim; thicker base","contents; material; etched pattern","","glass","transparent; shiny","2026-10-06T05:37:32.819Z","true","supported","glass","transparent cylindrical vessel; circular open rim; thicker base","contents; material; etched pattern","近邻有拿杯及倒液动作；液体种类和临时状态不作稳定属性。","初始化索引 449：红框为透明杯，透出的椅条/手不是杯上印纹，不把内容物当杯体类别。","GPT-6 Astra Pro"
"gb","vot","1175","b957e044f4b8ecbf72edbdf8d115657813c2d3177c6750804eedae01d7ac688f","glass01_indoor_2","00000500","conflicting","glass","transparent cylindrical vessel; circular open rim; thicker base","contents; material; etched pattern","","glass","transparent; textured surface","2026-10-06T05:37:34.706Z","true","corrected","glass","transparent cylindrical vessel; circular open rim; thicker base","contents; material; etched pattern","近邻有拿杯及倒液动作；液体种类和临时状态不作稳定属性。","初始化索引 499：红框为透明杯，透出的椅条/手不是杯上印纹，不把内容物当杯体类别。","GPT-6 Astra Pro"
"gb","vot","1176","f1ee26aa8d513cf87d96caf2f9f87f013df855e611672262c997c4064dd8e06e","glass01_indoor_2","00000550","conflicting","glass","transparent cylindrical vessel; circular open rim; thicker base","contents; material; etched pattern","","glass","transparent; tall","2026-10-06T05:37:36.355Z","true","supported","glass","transparent cylindrical vessel; circular open rim; thicker base","contents; material; etched pattern","近邻有拿杯及倒液动作；液体种类和临时状态不作稳定属性。","初始化索引 549：红框为透明杯，透出的椅条/手不是杯上印纹，不把内容物当杯体类别。","GPT-6 Astra Pro"
"gb","vot","1177","86e9ef10ebb59d1628f90a2b1e59ea3a139af6e95dac356da0ac33e0fed19b64","glass01_indoor_2","00000600","conflicting","glass","transparent curved vessel outline; bright rim or base","contents; material; etched pattern","","watch","white face; black hands","2026-10-06T05:37:40.187Z","true","corrected","glass","transparent curved vessel outline; bright rim or base","contents; material; etched pattern","近邻有拿杯及倒液动作；液体种类和临时状态不作稳定属性。","初始化索引 599：杯体倾斜/遮挡/模糊，不把手或背景纹理当杯子属性。","GPT-6 Astra Pro"
"gb","vot","1178","8768576596a0c9f66c3f41a92ef4ee2ae2dc85ca6f13fbc2eda0e12234121a97","glass01_indoor_2","00000650","conflicting","glass","transparent cylindrical vessel; circular open rim; thicker base","contents; material; etched pattern","","glass","transparent; filled","2026-10-06T05:37:42.643Z","true","corrected","glass","transparent cylindrical vessel; circular open rim; thicker base","contents; material; etched pattern","近邻有拿杯及倒液动作；液体种类和临时状态不作稳定属性。","初始化索引 649：红框为杯体，当前浅色液体不能只凭颜色认定牛奶；倒入纸盒不属于杯子。","GPT-6 Astra Pro"
"gb","vot","1179","f5d4458801e2fb97ac6f81ed7fef7933722af58eebc7e96716d7dd40ac658917","glass01_indoor_2","00000700","conflicting","glass","transparent cylindrical vessel; circular open rim; thicker base","contents; material; etched pattern","","cup","transparent; contains liquid","2026-10-06T05:37:45.754Z","true","corrected","glass","transparent cylindrical vessel; circular open rim; thicker base","contents; material; etched pattern","近邻有拿杯及倒液动作；液体种类和临时状态不作稳定属性。","初始化索引 699：红框为杯体，当前浅色液体不能只凭颜色认定牛奶；倒入纸盒不属于杯子。","GPT-6 Astra Pro"
"gb","vot","1180","10f5f4c5ff530aa8cfbc19cb305f433f75b0468be0b097cd2f44d08096fb1752","glass01_indoor_2","00000750","conflicting","glass","transparent cylindrical vessel; circular open rim; thicker base","contents; material; etched pattern","","milk carton","blue and white; open","2026-10-06T05:37:48.018Z","true","corrected","glass","transparent cylindrical vessel; circular open rim; thicker base","contents; material; etched pattern","近邻有拿杯及倒液动作；液体种类和临时状态不作稳定属性。","初始化索引 749：红框为杯体，当前浅色液体不能只凭颜色认定牛奶；倒入纸盒不属于杯子。","GPT-6 Astra Pro"
"gb","vot","1181","8da3846dcd3ec20b11643fe46f3bea219c629e1fea6cbd56ef223a240fd42e31","glass01_indoor_2","00000800","conflicting","glass","transparent cylindrical vessel; circular open rim; thicker base","contents; material; etched pattern","","glass","transparent; contains liquid","2026-10-06T05:37:51.098Z","true","corrected","glass","transparent cylindrical vessel; circular open rim; thicker base","contents; material; etched pattern","近邻有拿杯及倒液动作；液体种类和临时状态不作稳定属性。","初始化索引 799：红框为杯体，当前浅色液体不能只凭颜色认定牛奶；倒入纸盒不属于杯子。","GPT-6 Astra Pro"
"gb","vot","1182","1e5717b82c17da5c422aa935f1feb355c61da87754a4691d12a6b523c7d1f1fe","glass01_indoor_2","00000850","conflicting","glass","transparent cylindrical vessel; circular open rim; thicker base","contents; material; etched pattern","","milk","white liquid; glass container","2026-10-06T05:37:52.787Z","true","corrected","glass","transparent cylindrical vessel; circular open rim; thicker base","contents; material; etched pattern","近邻有拿杯及倒液动作；液体种类和临时状态不作稳定属性。","初始化索引 849：红框为杯体，当前浅色液体不能只凭颜色认定牛奶；倒入纸盒不属于杯子。","GPT-6 Astra Pro"
"gb","vot","1183","09e2999cabfa0b5e713a7a8a55a32b382bce24f1f60ba73f348b6980416f4648","glass01_indoor_2","00000889","conflicting","glass","transparent cylindrical vessel; circular open rim; thicker base","contents; material; etched pattern","","glass","transparent; filled with milk","2026-10-06T05:38:02.612Z","true","corrected","glass","transparent cylindrical vessel; circular open rim; thicker base","contents; material; etched pattern","近邻有拿杯及倒液动作；液体种类和临时状态不作稳定属性。","初始化索引 888：红框为杯体，当前浅色液体不能只凭颜色认定牛奶；倒入纸盒不属于杯子。","GPT-6 Astra Pro"
"gb","vot","1184","85910ec538b729a6f84ebb7f5bf0d17d59c6cd9f8a240f4b49e17fb1772c9b97","human02_indoor_1","00000001","conflicting","person","white short-sleeved top; dark trousers; glasses; short dark hair","fabric; small accessories","","person","wearing glasses; white shirt","2026-10-06T05:38:08.195Z","true","supported","person","white short-sleeved top; dark trousers; glasses; short dark hair","fabric; small accessories","该段有换外衣和戴帽，只描述本初始化服饰，不作永久身份。","初始化索引 0：红框为整个人，不是单独shirt、帽、手套或所持外衣。","GPT-6 Astra Pro"
"gb","vot","1185","dae5052767dd93bd627d5b32ad2dbd31138fe8b17aef4c80d5b31632bdedbd88","human02_indoor_1","00000051","conflicting","person","white short-sleeved top; dark trousers; glasses; short dark hair","fabric; small accessories","","shirt","white; short-sleeved","2026-10-06T05:38:16.019Z","true","corrected","person","white short-sleeved top; dark trousers; glasses; short dark hair","fabric; small accessories","该段有换外衣和戴帽，只描述本初始化服饰，不作永久身份。","初始化索引 50：红框为整个人，不是单独shirt、帽、手套或所持外衣。","GPT-6 Astra Pro"
"gb","vot","1186","eed9851b56d88f6d27598fd5a27f822aa91a7305c6a093aed6cdcfa8597801b8","human02_indoor_1","00000060","conflicting","person","white short-sleeved top; dark trousers; glasses; short dark hair","fabric; small accessories","","shirt","white; short-sleeved","2026-10-06T05:38:17.483Z","true","corrected","person","white short-sleeved top; dark trousers; glasses; short dark hair","fabric; small accessories","该段有换外衣和戴帽，只描述本初始化服饰，不作永久身份。","初始化索引 59：红框为整个人，不是单独shirt、帽、手套或所持外衣。","GPT-6 Astra Pro"
"gb","vot","1187","d40eb071d173f24281b1f389aec6bc328b56a574de483ef8f5ebc91b4e63aaa8","human02_indoor_2","00000001","conflicting","person","white short-sleeved top; dark trousers; glasses; short dark hair","fabric; small accessories","","shirt","white; sleeveless","2026-10-06T05:38:18.820Z","true","corrected","person","white short-sleeved top; dark trousers; glasses; short dark hair","fabric; small accessories","该段有换外衣和戴帽，只描述本初始化服饰，不作永久身份。","初始化索引 0：红框为整个人，不是单独shirt、帽、手套或所持外衣。","GPT-6 Astra Pro"
"gb","vot","1188","a9628fdc98a1b338deabdcbca7ab4b2b83eda689119b519dd3c3453c4f327207","human02_indoor_2","00000051","conflicting","person","blue outer jacket; white inner top; dark trousers; glasses","fabric; small accessories","","person","wearing glasses; wearing a denim jacket; wearing black pants; standing","2026-10-06T05:38:22.371Z","true","supported","person","blue outer jacket; white inner top; dark trousers; glasses","fabric; small accessories","该段有换外衣和戴帽，只描述本初始化服饰，不作永久身份。","初始化索引 50：本帧为蓝外套和白内搭的人物，不是孤立外套。","GPT-6 Astra Pro"
"gb","vot","1189","9157b4cc3c41273c85f3daafeccb2293231ef05f260180fd2474017126643c28","human02_indoor_2","00000101","conflicting","person","blue outer jacket; white inner top; dark trousers; glasses","fabric; small accessories","","person","wearing glasses; wearing a denim jacket; wearing black pants; wearing a white shirt","2026-10-06T05:38:25.578Z","true","supported","person","blue outer jacket; white inner top; dark trousers; glasses","fabric; small accessories","该段有换外衣和戴帽，只描述本初始化服饰，不作永久身份。","初始化索引 100：本帧为蓝外套和白内搭的人物，不是孤立外套。","GPT-6 Astra Pro"
"gb","vot","1190","1e50d059fc2e3a2cff8df085928907c950187f6951d953807198557576f5d7ac","human02_indoor_2","00000151","conflicting","person","blue outer jacket; white inner top; dark trousers; glasses","fabric; small accessories","","person","wearing glasses; wearing a denim jacket; wearing a white shirt; wearing black pants","2026-10-06T05:38:31.226Z","true","supported","person","blue outer jacket; white inner top; dark trousers; glasses","fabric; small accessories","该段有换外衣和戴帽，只描述本初始化服饰，不作永久身份。","初始化索引 150：本帧为蓝外套和白内搭的人物，不是孤立外套。","GPT-6 Astra Pro"
"gb","vot","1191","357344ba1f33182dfb1fe1a7b6d1a497a7d7905815979c6876ee9a31087b568e","human02_indoor_2","00000201","conflicting","person","blue outer jacket; white inner top; dark trousers; glasses","fabric; small accessories","","person","wearing glasses; holding jacket open","2026-10-06T05:38:32.931Z","true","corrected","person","blue outer jacket; white inner top; dark trousers; glasses","fabric; small accessories","该段有换外衣和戴帽，只描述本初始化服饰，不作永久身份。","初始化索引 200：本帧为蓝外套和白内搭的人物，不是孤立外套。","GPT-6 Astra Pro"
"gb","vot","1192","9ae6ee031f396d134ed2481d8542347df44393497c8ccff0658b71017b3c0810","human02_indoor_2","00000251","conflicting","person","white short-sleeved top; dark trousers; glasses; short dark hair","fabric; small accessories","","person","wearing glasses; white shirt; black pants","2026-10-06T05:38:34.499Z","true","supported","person","white short-sleeved top; dark trousers; glasses; short dark hair","fabric; small accessories","该段有换外衣和戴帽，只描述本初始化服饰，不作永久身份。","初始化索引 250：红框为整个人，不是单独shirt、帽、手套或所持外衣。","GPT-6 Astra Pro"
"gb","vot","1193","eaa747e2f7f0bebf479215889f9c32242bca3de9af2c2621f2bfc8ba5b3d7d93","human02_indoor_2","00000301","conflicting","person","white short-sleeved top; dark trousers; glasses; short dark hair","fabric; small accessories","","person","wearing glasses; wearing white shirt; wearing black pants","2026-10-06T05:38:36.163Z","true","supported","person","white short-sleeved top; dark trousers; glasses; short dark hair","fabric; small accessories","该段有换外衣和戴帽，只描述本初始化服饰，不作永久身份。","初始化索引 300：红框为整个人，不是单独shirt、帽、手套或所持外衣。","GPT-6 Astra Pro"
"gb","vot","1194","f7b209d6ecf9332989ea1047f90e657f1ea7a7d9c490e4f1b0691fe378d39b57","human02_indoor_2","00000351","conflicting","person","white short-sleeved top; dark trousers; glasses; short dark hair","fabric; small accessories","","shirt","white; textured fabric","2026-10-06T05:38:42.427Z","true","corrected","person","white short-sleeved top; dark trousers; glasses; short dark hair","fabric; small accessories","该段有换外衣和戴帽，只描述本初始化服饰，不作永久身份。","初始化索引 350：红框为整个人，不是单独shirt、帽、手套或所持外衣。","GPT-6 Astra Pro"
"gb","vot","1195","71c812f7e59fb0de46492bca103ad505c122f520a1fc7da514d4782875fde20f","human02_indoor_2","00000401","conflicting","person","white short-sleeved top; dark trousers; glasses; short dark hair","fabric; small accessories","","shirt","white; short-sleeved","2026-10-06T05:38:46.179Z","true","corrected","person","white short-sleeved top; dark trousers; glasses; short dark hair","fabric; small accessories","该段有换外衣和戴帽，只描述本初始化服饰，不作永久身份。","初始化索引 400：红框为整个人，不是单独shirt、帽、手套或所持外衣。","GPT-6 Astra Pro"
"gb","vot","1196","1907078ca7a1a35df2c8c2e9e8c4af76de2a527e86f0e20a97cb192ef034a2f9","human02_indoor_2","00000450","conflicting","person","white short-sleeved top; dark trousers; glasses; short dark hair","fabric; small accessories","","shirt","white; short-sleeved","2026-10-06T05:38:47.522Z","true","corrected","person","white short-sleeved top; dark trousers; glasses; short dark hair","fabric; small accessories","该段有换外衣和戴帽，只描述本初始化服饰，不作永久身份。","初始化索引 449：红框为整个人，不是单独shirt、帽、手套或所持外衣。","GPT-6 Astra Pro"
"gb","vot","1197","284ad0f357b9cd80a9493c7569d651e35437b4ef62316bcf965b129c682a5e38","human02_indoor_2","00000500","conflicting","person","white short-sleeved top; dark trousers; glasses; short dark hair","fabric; small accessories","","shirt","white; short-sleeved","2026-10-06T05:38:49.307Z","true","corrected","person","white short-sleeved top; dark trousers; glasses; short dark hair","fabric; small accessories","该段有换外衣和戴帽，只描述本初始化服饰，不作永久身份。","初始化索引 499：红框为整个人，不是单独shirt、帽、手套或所持外衣。","GPT-6 Astra Pro"
"gb","vot","1198","8b0f54e91145f4f8f2f6c875384d0cbaef74194c9c999a3e40740d52b920c2a3","human02_indoor_2","00000550","conflicting","person","white short-sleeved top; dark trousers; glasses; short dark hair","fabric; small accessories","","shirt","white; short-sleeved","2026-10-06T05:38:52.756Z","true","corrected","person","white short-sleeved top; dark trousers; glasses; short dark hair","fabric; small accessories","该段有换外衣和戴帽，只描述本初始化服饰，不作永久身份。","初始化索引 549：红框为整个人，不是单独shirt、帽、手套或所持外衣。","GPT-6 Astra Pro"
"gb","vot","1199","34fc9a22f7271ca1e05cdf7844a8e620af3b4822dd3d150399eefbed805539e4","human02_indoor_2","00000600","conflicting","person","white short-sleeved top; dark trousers; glasses; short dark hair","fabric; small accessories","","shirt","white; short-sleeved","2026-10-06T05:38:54.946Z","true","corrected","person","white short-sleeved top; dark trousers; glasses; short dark hair","fabric; small accessories","该段有换外衣和戴帽，只描述本初始化服饰，不作永久身份。","初始化索引 599：红框为整个人，不是单独shirt、帽、手套或所持外衣。","GPT-6 Astra Pro"
"gb","vot","1200","d93367d7b98008fdd6f0cc2591935d3bc6e676b02357ad6940bf36b9d131695a","human02_indoor_2","00000644","conflicting","person","white short-sleeved top; dark trousers; glasses; short dark hair","fabric; small accessories","","person","wearing glasses; white t-shirt; black jacket","2026-10-06T05:38:56.418Z","true","corrected","person","white short-sleeved top; dark trousers; glasses; short dark hair","fabric; small accessories","该段有换外衣和戴帽，只描述本初始化服饰，不作永久身份。","初始化索引 643：红框为整个人，不是单独shirt、帽、手套或所持外衣。","GPT-6 Astra Pro"
"gb","vot","1201","4c42ac6aeb1021eb33083f30c98a904493148ba701b187277b330164643150c0","human02_indoor_2","00000700","conflicting","person","black outer jacket; white inner top; dark trousers; glasses","fabric; small accessories","","person","wearing glasses; black jacket; white shirt; dark pants","2026-10-06T05:39:00.043Z","true","corrected","person","black outer jacket; white inner top; dark trousers; glasses","fabric; small accessories","该段有换外衣和戴帽，只描述本初始化服饰，不作永久身份。","初始化索引 699：本帧目标穿/正在穿黑外套，未见可靠胡须证据；不混入另一个人。","GPT-6 Astra Pro"
"gb","vot","1202","1d0e5bb577ac016647895fdf7ecc43a89803aa7e564c90881cc14ed28a98557b","human02_indoor_2","00000750","conflicting","person","black outer jacket; white inner top; dark trousers; glasses","fabric; small accessories","","person","wearing glasses; black jacket; white shirt","2026-10-06T05:39:02.578Z","true","supported","person","black outer jacket; white inner top; dark trousers; glasses","fabric; small accessories","该段有换外衣和戴帽，只描述本初始化服饰，不作永久身份。","初始化索引 749：本帧目标穿/正在穿黑外套，未见可靠胡须证据；不混入另一个人。","GPT-6 Astra Pro"
"gb","vot","1203","a8d78a3e36868d2e0c7f631582efec837460917d57fc081b81bb01362b930c17","human02_indoor_2","00000800","conflicting","person","black outer jacket; white inner top; dark trousers; glasses","fabric; small accessories","","person","wearing glasses; black jacket; white t-shirt; black pants","2026-10-06T05:39:07.795Z","true","supported","person","black outer jacket; white inner top; dark trousers; glasses","fabric; small accessories","该段有换外衣和戴帽，只描述本初始化服饰，不作永久身份。","初始化索引 799：本帧目标穿/正在穿黑外套，未见可靠胡须证据；不混入另一个人。","GPT-6 Astra Pro"
"gb","vot","1204","cc252e01595be7e368d18172016d170cb30dfc23145177e87c381ade0b0e94ad","human02_indoor_2","00000850","conflicting","person","black outer jacket; white inner top; dark trousers; glasses","fabric; small accessories","","person","wearing black clothing; black hair; bearded","2026-10-06T05:39:11.962Z","true","corrected","person","black outer jacket; white inner top; dark trousers; glasses","fabric; small accessories","该段有换外衣和戴帽，只描述本初始化服饰，不作永久身份。","初始化索引 849：本帧目标穿/正在穿黑外套，未见可靠胡须证据；不混入另一个人。","GPT-6 Astra Pro"
"gb","vot","1205","0439bd689d3ca87946f8388237b31ced0d2bdfd5f85be0e6031d856d2fca8bd1","human02_indoor_2","00000900","conflicting","person","black outer jacket; white inner top; dark trousers; glasses","fabric; small accessories","","person","wearing black jacket; wearing black pants; wearing glasses","2026-10-06T05:39:15.275Z","true","supported","person","black outer jacket; white inner top; dark trousers; glasses","fabric; small accessories","该段有换外衣和戴帽，只描述本初始化服饰，不作永久身份。","初始化索引 899：本帧目标穿/正在穿黑外套，未见可靠胡须证据；不混入另一个人。","GPT-6 Astra Pro"
"gb","vot","1206","5c58119fd39021adb800f6fa20d798f68fa4b7830cc2adf3eba1ba09d8710ae2","human02_indoor_2","00000950","conflicting","person","white short-sleeved top; dark trousers; glasses; short dark hair","fabric; small accessories","","person","wearing glasses; holding jacket; black pants","2026-10-06T05:39:17.972Z","true","supported","person","white short-sleeved top; dark trousers; glasses; short dark hair","fabric; small accessories","该段有换外衣和戴帽，只描述本初始化服饰，不作永久身份。","初始化索引 949：红框为整个人，不是单独shirt、帽、手套或所持外衣。","GPT-6 Astra Pro"
"gb","vot","1207","4e2913cb2557f4706cfff6817f3a6c959afc48f92e48173bb2a1aabedd81b6d3","human02_indoor_2","00001000","conflicting","person","white short-sleeved top; dark trousers; glasses; short dark hair","fabric; small accessories","","shirt","white; short-sleeved","2026-10-06T05:39:19.499Z","true","corrected","person","white short-sleeved top; dark trousers; glasses; short dark hair","fabric; small accessories","该段有换外衣和戴帽，只描述本初始化服饰，不作永久身份。","初始化索引 999：红框为整个人，不是单独shirt、帽、手套或所持外衣。","GPT-6 Astra Pro"
"gb","vot","1208","9479826357d092db01c9940d7643ab9534dc9c94b5c3c2a3e15f5ca2951fcdb7","human02_indoor_2","00001050","conflicting","person","white short-sleeved top; dark trousers; glasses; short dark hair","fabric; small accessories","","shirt","white; long-sleeved","2026-10-06T05:39:22.419Z","true","corrected","person","white short-sleeved top; dark trousers; glasses; short dark hair","fabric; small accessories","该段有换外衣和戴帽，只描述本初始化服饰，不作永久身份。","初始化索引 1049：红框为整个人，不是单独shirt、帽、手套或所持外衣。","GPT-6 Astra Pro"
"gb","vot","1209","37b6aedfe4a67df2d6080fb742af1eb180644548a57f3a66fa2c11f76742e102","human02_indoor_2","00001072","conflicting","person","white short-sleeved top; dark trousers; glasses; short dark hair","fabric; small accessories","","person","wearing glasses; holding a bag; wearing a white shirt","2026-10-06T05:39:25.660Z","true","corrected","person","white short-sleeved top; dark trousers; glasses; short dark hair","fabric; small accessories","该段有换外衣和戴帽，只描述本初始化服饰，不作永久身份。","初始化索引 1071：白T人物所持深色可折叠物不能确认为包。","GPT-6 Astra Pro"
"gb","vot","1210","b3c06c87b68a0a56259e1539fae6f6768c0cefd9c581a3a1bb7b05959648785b","human02_indoor_3","00000001","conflicting","person","white short-sleeved top; dark trousers; glasses; short dark hair","fabric; small accessories","","person","wearing glasses; white t-shirt; black shorts; dark hair","2026-10-06T05:39:28.203Z","true","corrected","person","white short-sleeved top; dark trousers; glasses; short dark hair","fabric; small accessories","该段有换外衣和戴帽，只描述本初始化服饰，不作永久身份。","初始化索引 0：白T、眼镜和深色长裤可见，不能将长裤写成短裤。","GPT-6 Astra Pro"
"gb","vot","1211","72b820b2bf0a9d4c74f4dc0fde1582dcee8cbc46c6a0388cfe4ad596092d6cc9","human02_indoor_3","00000051","conflicting","person","white short-sleeved top; dark trousers; glasses; short dark hair","fabric; small accessories","","hat","black; textured","2026-10-06T05:39:31.019Z","true","corrected","person","white short-sleeved top; dark trousers; glasses; short dark hair","fabric; small accessories","该段有换外衣和戴帽，只描述本初始化服饰，不作永久身份。","初始化索引 50：红框为整个人，不是单独shirt、帽、手套或所持外衣。","GPT-6 Astra Pro"
"gb","vot","1212","fd95b3c4f727f30b1b322d5d26c1b96a6fad378d841d34ab3b6a73d77fe23a33","human02_indoor_3","00000101","conflicting","person","white short-sleeved top; dark trousers; dark cap","fabric; small accessories","","person","wearing white t-shirt; wearing black pants; wearing black hat; wearing glasses","2026-10-06T05:39:35.132Z","true","corrected","person","white short-sleeved top; dark trousers; dark cap","fabric; small accessories","该段有换外衣和戴帽，只描述本初始化服饰，不作永久身份。","初始化索引 100：本帧人物戴黑帽，帽是临时配饰，不替代人这一类别。","GPT-6 Astra Pro"
"gb","vot","1213","29dd0effd82fac84247e3b0f5feefad7c2f25c191df0f9ab037a0abb7afd6be1","human02_indoor_3","00000151","conflicting","person","white short-sleeved top; dark trousers; dark cap","fabric; small accessories","","person","wearing white t-shirt; wearing black pants; wearing black hat","2026-10-06T05:39:38.988Z","true","corrected","person","white short-sleeved top; dark trousers; dark cap","fabric; small accessories","该段有换外衣和戴帽，只描述本初始化服饰，不作永久身份。","初始化索引 150：本帧人物戴黑帽，帽是临时配饰，不替代人这一类别。","GPT-6 Astra Pro"
"gb","vot","1214","01e9ed25ae07cc38951ae49e68f3a2ab1fd8a2120f8d120e463046217c8e300b","human02_indoor_3","00000193","conflicting","person","white short-sleeved top; dark trousers; dark cap","fabric; small accessories","","shirt","white; short-sleeved","2026-10-06T05:39:43.259Z","true","corrected","person","white short-sleeved top; dark trousers; dark cap","fabric; small accessories","该段有换外衣和戴帽，只描述本初始化服饰，不作永久身份。","初始化索引 192：本帧人物戴黑帽，帽是临时配饰，不替代人这一类别。","GPT-6 Astra Pro"
"gb","vot","1215","acefdbc3e4e415e5274e078882a3cfa07c556c654105edd1f44b9700369ecc55","human02_indoor_3","00000262","conflicting","person","white short-sleeved top; dark trousers; glasses; short dark hair","fabric; small accessories","","hat","black","2026-10-06T05:39:47.315Z","true","corrected","person","white short-sleeved top; dark trousers; glasses; short dark hair","fabric; small accessories","该段有换外衣和戴帽，只描述本初始化服饰，不作永久身份。","初始化索引 261：红框为整个人，不是单独shirt、帽、手套或所持外衣。","GPT-6 Astra Pro"
"gb","vot","1216","c11f42cc748cb12570fd332be5b16740cc7ffc50ff437dd28f44d10fc872eac2","human02_indoor_3","00000301","conflicting","person","white short-sleeved top; dark trousers; glasses; short dark hair","fabric; small accessories","","person","wearing glasses; holding gloves; wearing a white t-shirt; wearing black pants","2026-10-06T05:39:48.875Z","true","corrected","person","white short-sleeved top; dark trousers; glasses; short dark hair","fabric; small accessories","该段有换外衣和戴帽，只描述本初始化服饰，不作永久身份。","初始化索引 300：红框为人物，手中小黑物不能硬判为手套。","GPT-6 Astra Pro"
"gb","vot","1217","503d6cb52e8338d7ac138b989ba285913471107051f14f5c1a74de5498bbf539","human02_indoor_3","00000351","conflicting","person","white short-sleeved top; dark trousers; glasses; short dark hair","fabric; small accessories","","person","wearing glasses; white t-shirt; black pants; wearing a bracelet","2026-10-06T05:39:50.411Z","true","corrected","person","white short-sleeved top; dark trousers; glasses; short dark hair","fabric; small accessories","该段有换外衣和戴帽，只描述本初始化服饰，不作永久身份。","初始化索引 350：白T和眼镜可见，腕部细节不足，不确认手链。","GPT-6 Astra Pro"
"gb","vot","1218","58aded5cbabefcc06450009a8923bbde79ff00e8a89cef10b7490942e47119c7","human02_indoor_3","00000375","conflicting","person","white short-sleeved top; dark trousers; glasses; short dark hair","fabric; small accessories","","person","wearing glasses; white t-shirt; black pants","2026-10-06T05:39:52.979Z","true","supported","person","white short-sleeved top; dark trousers; glasses; short dark hair","fabric; small accessories","该段有换外衣和戴帽，只描述本初始化服饰，不作永久身份。","初始化索引 374：红框为整个人，不是单独shirt、帽、手套或所持外衣。","GPT-6 Astra Pro"
"gb","vot","1219","9489ae1559a166ecca3b686095421343f520ec3322e2b14a0f1caec23e17605c","humans_corridor_occ_1_1","00000001","conflicting","person","dark long-sleeved top; blue-gray trousers; rear silhouette","fine clothing texture; shoes","","person","dark sweater; blue jeans","2026-10-06T05:39:55.651Z","true","supported","person","dark long-sleeved top; blue-gray trousers; rear silhouette","fine clothing texture; shoes","远处遮挡和并行人物仅作辅助。","初始化索引 0：红框为走廊左侧人物，不是右边条纹上衣人。","GPT-6 Astra Pro"
"gb","vot","1220","ad639bdf56604063849569106f9dc3416a8111be47c20f738e6ca6f286d505ed","humans_corridor_occ_1_1","00000051","conflicting","person","dark long-sleeved top; blue-gray trousers; rear silhouette","fine clothing texture; shoes","","person","dark shirt; blue jeans; shoes","2026-10-06T05:39:57.531Z","true","supported","person","dark long-sleeved top; blue-gray trousers; rear silhouette","fine clothing texture; shoes","远处遮挡和并行人物仅作辅助。","初始化索引 50：红框为走廊左侧人物，不是右边条纹上衣人。","GPT-6 Astra Pro"
"gb","vot","1221","b2fac6d28282c8ee623d7ab3375dd5cfd6ce12876407e4bf8d28ea56cd573059","humans_corridor_occ_1_1","00000101","conflicting","person","dark long-sleeved top; blue-gray trousers; rear silhouette","fine clothing texture; shoes","","person","dark shirt; blue jeans","2026-10-06T05:39:58.914Z","true","supported","person","dark long-sleeved top; blue-gray trousers; rear silhouette","fine clothing texture; shoes","远处遮挡和并行人物仅作辅助。","初始化索引 100：红框为走廊左侧人物，不是右边条纹上衣人。","GPT-6 Astra Pro"
"gb","vot","1222","063a3c93ab0329147daaab9e999b7e2968db77f106bc1c6c4398e6c7178acff8","humans_corridor_occ_1_1","00000115","conflicting","person","partly occluded dark human silhouette","fine clothing texture; shoes","","person","wearing dark clothing; standing in hallway","2026-10-06T05:40:05.043Z","true","uncertain","person","partly occluded dark human silhouette","fine clothing texture; shoes","远处遮挡和并行人物仅作辅助。","初始化索引 114：人物在门/墙边，只露窄身体部分，服饰细节不清。","GPT-6 Astra Pro"
"gb","vot","1223","b5652826b9d7e33088cecf9351e8f2d4907fe4e67c60f3dcf6192041fa498fe0","humans_shirts_room_occ_1_A_1","00000001","conflicting","person","dark blue long-sleeved top; blue-gray jeans","fabric; hidden accessories","","person","dark blue sweater; gray pants; beard; footwear","2026-10-06T05:40:12.228Z","true","supported","person","dark blue long-sleeved top; blue-gray jeans","fabric; hidden accessories","两人换上衣，逐初始化描述，服饰不保证跨时刻不变。","初始化索引 0：目标当前为深蓝素面上衣人物，不是旁边花纹衣者。","GPT-6 Astra Pro"
"gb","vot","1224","db3f416228171cb9b27600183e51876470dd661aa3c776a02b6c15c987fa01d2","humans_shirts_room_occ_1_A_1","00000051","conflicting","person","dark blue long-sleeved top; blue-gray jeans","fabric; hidden accessories","","person","dark blue sweater; beard; blue jeans","2026-10-06T05:40:13.546Z","true","supported","person","dark blue long-sleeved top; blue-gray jeans","fabric; hidden accessories","两人换上衣，逐初始化描述，服饰不保证跨时刻不变。","初始化索引 50：目标当前为深蓝素面上衣人物，不是旁边花纹衣者。","GPT-6 Astra Pro"
"gb","vot","1225","4fc39133af42efb85273e09d62125d6282297e4f94b3fa58ede6952fdddee618","humans_shirts_room_occ_1_A_1","00000101","conflicting","person","dark blue long-sleeved top; blue-gray jeans","fabric; hidden accessories","","sweater","dark blue; knitted","2026-10-06T05:40:16.227Z","true","corrected","person","dark blue long-sleeved top; blue-gray jeans","fabric; hidden accessories","两人换上衣，逐初始化描述，服饰不保证跨时刻不变。","初始化索引 100：目标当前为深蓝素面上衣人物，不是旁边花纹衣者。","GPT-6 Astra Pro"
"gb","vot","1226","7731ee591a216905a37582529d1e4ce6e4f7b74500181bafb5b1959ea82db58f","humans_shirts_room_occ_1_A_1","00000151","conflicting","person","blue-gray striped inner top; blue jeans; dark garment raised over head","fabric; hidden accessories","","person","wearing glasses; holding a phone; wearing a patterned shirt; wearing jeans","2026-10-06T05:40:18.626Z","true","corrected","person","blue-gray striped inner top; blue jeans; dark garment raised over head","fabric; hidden accessories","两人换上衣，逐初始化描述，服饰不保证跨时刻不变。","初始化索引 150：正在脱深色外衣，头脸遮挡，不能移用另一位眼镜人物的特征。","GPT-6 Astra Pro"
"gb","vot","1227","bba615286408ddc38388113bffd6cd3d25fe83b6e099e835e5327b8f1e073828","humans_shirts_room_occ_1_A_1","00000201","conflicting","person","blue-gray horizontal striped top; blue jeans","fabric; hidden accessories","","arm","blue sleeve; striped shirt","2026-10-06T05:40:22.379Z","true","corrected","person","blue-gray horizontal striped top; blue jeans","fabric; hidden accessories","两人换上衣，逐初始化描述，服饰不保证跨时刻不变。","初始化索引 200：本初始化目标露出横条内搭，穿脱外衣属于当前状态。","GPT-6 Astra Pro"
"gb","vot","1228","97f029f9d50ac632c3bac3034f284e2fa15131a4786c7f3fba195333875e7243","humans_shirts_room_occ_1_A_1","00000251","conflicting","person","blue-gray horizontal striped top; blue jeans","fabric; hidden accessories","","sweater","blue; striped; long sleeves","2026-10-06T05:40:23.994Z","true","corrected","person","blue-gray horizontal striped top; blue jeans","fabric; hidden accessories","两人换上衣，逐初始化描述，服饰不保证跨时刻不变。","初始化索引 250：本初始化目标露出横条内搭，穿脱外衣属于当前状态。","GPT-6 Astra Pro"
"gb","vot","1229","f7ec53b2e8d48d82e79ddb1566a64698f400e7646d8f67a87ad2474577d19c43","humans_shirts_room_occ_1_A_1","00000301","conflicting","person","blue-gray horizontal striped top; blue jeans","fabric; hidden accessories","","shirt","striped; blue","2026-10-06T05:40:27.314Z","true","corrected","person","blue-gray horizontal striped top; blue jeans","fabric; hidden accessories","两人换上衣，逐初始化描述，服饰不保证跨时刻不变。","初始化索引 300：本初始化目标露出横条内搭，穿脱外衣属于当前状态。","GPT-6 Astra Pro"
"gb","vot","1230","8c8a6bb34907f5954ee625fc20f76e3be2354c33efceea63fe0c4f4b1480469e","humans_shirts_room_occ_1_A_1","00000351","conflicting","person","blue-gray horizontal striped top; blue jeans","fabric; hidden accessories","","shirt","blue and white stripes; long sleeves","2026-10-06T05:40:32.346Z","true","corrected","person","blue-gray horizontal striped top; blue jeans","fabric; hidden accessories","两人换上衣，逐初始化描述，服饰不保证跨时刻不变。","初始化索引 350：本初始化目标露出横条内搭，穿脱外衣属于当前状态。","GPT-6 Astra Pro"
"gb","vot","1231","da251eea6cbe140998b3822cf881345a1d4a3906bff7789f711764963be12019","humans_shirts_room_occ_1_A_1","00000401","conflicting","person","blue-gray horizontal striped top; blue jeans","fabric; hidden accessories","","sweater","striped; blue; floral pattern","2026-10-06T05:40:33.730Z","true","corrected","person","blue-gray horizontal striped top; blue jeans","fabric; hidden accessories","两人换上衣，逐初始化描述，服饰不保证跨时刻不变。","初始化索引 400：本初始化目标露出横条内搭，穿脱外衣属于当前状态。","GPT-6 Astra Pro"
"gb","vot","1232","7a246739fd9b81e292c5083a6c0bbbb19bf1c6cc7e08cea3734194649c2618c0","humans_shirts_room_occ_1_A_1","00000451","conflicting","person","blue-gray horizontal striped top; blue jeans","fabric; hidden accessories","","shirt","striped pattern; blue and gray colors","2026-10-06T05:40:35.004Z","true","corrected","person","blue-gray horizontal striped top; blue jeans","fabric; hidden accessories","两人换上衣，逐初始化描述，服饰不保证跨时刻不变。","初始化索引 450：本初始化目标露出横条内搭，穿脱外衣属于当前状态。","GPT-6 Astra Pro"
"gb","vot","1233","3cfb762bee8ca4f6c1d26241d7b40a3976b0086e872a1f411787d0a21bcabd5e","humans_shirts_room_occ_1_A_1","00000501","conflicting","person","blue-gray horizontal striped top; blue jeans","fabric; hidden accessories","","shirt","striped; blue","2026-10-06T05:40:36.835Z","true","corrected","person","blue-gray horizontal striped top; blue jeans","fabric; hidden accessories","两人换上衣，逐初始化描述，服饰不保证跨时刻不变。","初始化索引 500：本初始化目标露出横条内搭，穿脱外衣属于当前状态。","GPT-6 Astra Pro"
"gb","vot","1234","9f627581f8b24348a7cdc192124ecc20b1193a1865a35de455d16402e32f2f7b","humans_shirts_room_occ_1_A_1","00000551","conflicting","person","dark patterned collared outer top; blue jeans","fabric; hidden accessories","","shirt","floral pattern; striped shirt underneath","2026-10-06T05:40:38.099Z","true","corrected","person","dark patterned collared outer top; blue jeans","fabric; hidden accessories","两人换上衣，逐初始化描述，服饰不保证跨时刻不变。","初始化索引 550：目标本帧穿细花纹翻领外衣，不将杂纹直接当迷彩。","GPT-6 Astra Pro"
"gb","vot","1235","5d21a70b7c7c71f70e3006be8208ddb80956dcdc7bde7313ff2fc93a33e75567","humans_shirts_room_occ_1_A_1","00000601","conflicting","person","dark patterned collared outer top; blue jeans","fabric; hidden accessories","","shirt","patterned; blue and purple","2026-10-06T05:40:40.436Z","true","corrected","person","dark patterned collared outer top; blue jeans","fabric; hidden accessories","两人换上衣，逐初始化描述，服饰不保证跨时刻不变。","初始化索引 600：目标本帧穿细花纹翻领外衣，不将杂纹直接当迷彩。","GPT-6 Astra Pro"
"gb","vot","1236","3448dd14d673519ac83f3014e36469ed49f4e7d24c19cb9cb993f6089a96bfbc","humans_shirts_room_occ_1_A_1","00000651","conflicting","person","dark patterned collared outer top; blue jeans","fabric; hidden accessories","","shirt","camouflage pattern; long sleeves","2026-10-06T05:40:43.363Z","true","corrected","person","dark patterned collared outer top; blue jeans","fabric; hidden accessories","两人换上衣，逐初始化描述，服饰不保证跨时刻不变。","初始化索引 650：目标本帧穿细花纹翻领外衣，不将杂纹直接当迷彩。","GPT-6 Astra Pro"
"gb","vot","1237","c700c089d406ec7ff5df7440237366517a7f16d284cd64021357ed0e4c3df078","humans_shirts_room_occ_1_A_1","00000701","conflicting","person","dark patterned collared outer top; blue jeans","fabric; hidden accessories","","person","camouflage-patterned shirt; dark pants; slippers","2026-10-06T05:40:46.155Z","true","corrected","person","dark patterned collared outer top; blue jeans","fabric; hidden accessories","两人换上衣，逐初始化描述，服饰不保证跨时刻不变。","初始化索引 700：目标本帧穿细花纹翻领外衣，不将杂纹直接当迷彩。","GPT-6 Astra Pro"
"gb","vot","1238","13310ebeae74b0aa5036975a7a216c0ae48cc6861843406d849ff1804a68f694","humans_shirts_room_occ_1_A_1","00000751","conflicting","person","distant dark patterned top; blue-gray lower clothing","fabric; hidden accessories","","person","blue patterned shirt; dark pants","2026-10-06T05:40:47.676Z","true","supported","person","distant dark patterned top; blue-gray lower clothing","fabric; hidden accessories","两人换上衣，逐初始化描述，服饰不保证跨时刻不变。","初始化索引 750：目标到门边，面部和细花纹不可辨，仅保留衣色。","GPT-6 Astra Pro"
"gb","vot","1239","119021d3df4aef89e3f0cca037ff5e0b669cbe23a6d6f3e86c6945facc38e175","humans_shirts_room_occ_1_A_1","00000768","conflicting","person","distant dark patterned top; blue-gray lower clothing","fabric; hidden accessories","","person","blue patterned shirt; dark pants","2026-10-06T05:40:49.131Z","true","supported","person","distant dark patterned top; blue-gray lower clothing","fabric; hidden accessories","两人换上衣，逐初始化描述，服饰不保证跨时刻不变。","初始化索引 767：目标到门边，面部和细花纹不可辨，仅保留衣色。","GPT-6 Astra Pro"
"gb","vot","1240","eb52738e067472b894d3390091dc87937297ff94ea03baf8ac48d3aa93502a30","humans_shirts_room_occ_1_A_2","00000001","conflicting","person","dark patterned collared outer top; blue jeans","fabric; hidden accessories","","person","patterned shirt; jeans; beard","2026-10-06T05:40:50.691Z","true","supported","person","dark patterned collared outer top; blue jeans","fabric; hidden accessories","两人换上衣，逐初始化描述，服饰不保证跨时刻不变。","初始化索引 0：目标本帧穿细花纹翻领外衣，不将杂纹直接当迷彩。","GPT-6 Astra Pro"
"gb","vot","1241","ca349109b6ea35b3e664d5de798e16bc49819806059d48fcf980b86c107efe03","humans_shirts_room_occ_1_A_2","00000051","conflicting","person","dark patterned collared outer top; blue jeans","fabric; hidden accessories","","shirt","patterned; long-sleeved","2026-10-06T05:40:54.323Z","true","corrected","person","dark patterned collared outer top; blue jeans","fabric; hidden accessories","两人换上衣，逐初始化描述，服饰不保证跨时刻不变。","初始化索引 50：目标本帧穿细花纹翻领外衣，不将杂纹直接当迷彩。","GPT-6 Astra Pro"
"gb","vot","1242","200d45c21d27375cbf3c5a38f82948968a5940f5a2dcc29c89ba860f4bea02bb","humans_shirts_room_occ_1_A_2","00000101","conflicting","person","dark patterned collared outer top; blue jeans","fabric; hidden accessories","","shirt","floral pattern; long sleeves","2026-10-06T05:40:57.522Z","true","corrected","person","dark patterned collared outer top; blue jeans","fabric; hidden accessories","两人换上衣，逐初始化描述，服饰不保证跨时刻不变。","初始化索引 100：目标本帧穿细花纹翻领外衣，不将杂纹直接当迷彩。","GPT-6 Astra Pro"
"gb","vot","1243","59ecc151e84c6b2f3964b6376f2e56e5993d828d77aa47f50bbcc065247be6dc","humans_shirts_room_occ_1_A_2","00000151","conflicting","person","dark patterned collared outer top; blue jeans","fabric; hidden accessories","","shirt","floral pattern; dark blue","2026-10-06T05:41:00.347Z","true","corrected","person","dark patterned collared outer top; blue jeans","fabric; hidden accessories","两人换上衣，逐初始化描述，服饰不保证跨时刻不变。","初始化索引 150：目标本帧穿细花纹翻领外衣，不将杂纹直接当迷彩。","GPT-6 Astra Pro"
"gb","vot","1244","c6a06c119c3ff424e86a58bb35b4c4dd5aa171e70ea99681580f18f5798a27c5","humans_shirts_room_occ_1_A_2","00000201","conflicting","person","blue-gray horizontal striped top; blue jeans","fabric; hidden accessories","","shirt","striped; blue","2026-10-06T05:41:02.275Z","true","corrected","person","blue-gray horizontal striped top; blue jeans","fabric; hidden accessories","两人换上衣，逐初始化描述，服饰不保证跨时刻不变。","初始化索引 200：本初始化目标露出横条内搭，穿脱外衣属于当前状态。","GPT-6 Astra Pro"
"gb","vot","1245","2172a0f3900237fbcbda8b3abc6022cc975d39da57fa6e86d9e8aafc4c1e5e46","humans_shirts_room_occ_1_A_2","00000251","conflicting","person","blue-gray horizontal striped top; blue jeans","fabric; hidden accessories","","shirt","blue and gray striped; short-sleeved","2026-10-06T05:41:03.674Z","true","corrected","person","blue-gray horizontal striped top; blue jeans","fabric; hidden accessories","两人换上衣，逐初始化描述，服饰不保证跨时刻不变。","初始化索引 250：本初始化目标露出横条内搭，穿脱外衣属于当前状态。","GPT-6 Astra Pro"
"gb","vot","1246","e09426f79eb8c826b3c6bbfc9376d3277f09749471a307fd17e84b7af4dd6af4","humans_shirts_room_occ_1_A_2","00000301","conflicting","person","blue-gray horizontal striped top; blue jeans","fabric; hidden accessories","","shirt","blue; striped","2026-10-06T05:41:06.330Z","true","corrected","person","blue-gray horizontal striped top; blue jeans","fabric; hidden accessories","两人换上衣，逐初始化描述，服饰不保证跨时刻不变。","初始化索引 300：本初始化目标露出横条内搭，穿脱外衣属于当前状态。","GPT-6 Astra Pro"
"gb","vot","1247","3f67e89956d234fed6e8bd9023b69f4c43e82a5a33cf68d10892c397f74bfb0a","humans_shirts_room_occ_1_A_2","00000351","conflicting","person","blue-gray horizontal striped top; blue jeans","fabric; hidden accessories","","shirt","blue; striped","2026-10-06T05:41:08.322Z","true","corrected","person","blue-gray horizontal striped top; blue jeans","fabric; hidden accessories","两人换上衣，逐初始化描述，服饰不保证跨时刻不变。","初始化索引 350：本初始化目标露出横条内搭，穿脱外衣属于当前状态。","GPT-6 Astra Pro"
"gb","vot","1248","b01ca18e58f0d97e254a24e7b376debb1ee8578b8a8c2da2c3853caec2100e20","humans_shirts_room_occ_1_A_2","00000401","conflicting","person","blue-gray horizontal striped top; blue jeans","fabric; hidden accessories","","person","bearded; wearing striped shirt; wearing dark jacket","2026-10-06T05:41:09.731Z","true","corrected","person","blue-gray horizontal striped top; blue jeans","fabric; hidden accessories","两人换上衣，逐初始化描述，服饰不保证跨时刻不变。","初始化索引 400：本初始化目标露出横条内搭，穿脱外衣属于当前状态。","GPT-6 Astra Pro"
"gb","vot","1249","520ba7ea61250475011e928fd46cfd38f945f8bec22a1e5e860ad332969dcf01","humans_shirts_room_occ_1_A_2","00000451","conflicting","person","blue-gray horizontal striped top; blue jeans","fabric; hidden accessories","","sweater","blue and gray striped; long sleeves","2026-10-06T05:41:11.099Z","true","corrected","person","blue-gray horizontal striped top; blue jeans","fabric; hidden accessories","两人换上衣，逐初始化描述，服饰不保证跨时刻不变。","初始化索引 450：本初始化目标露出横条内搭，穿脱外衣属于当前状态。","GPT-6 Astra Pro"
"gb","vot","1250","40c52a18fa2768ccbe8d01fac84fc1a9f27edf9ac3a6287ca61e8b0d21e86edf","humans_shirts_room_occ_1_A_2","00000501","conflicting","person","dark blue long-sleeved top; blue-gray jeans","fabric; hidden accessories","","sweater","dark blue; cotton; long-sleeved","2026-10-06T05:41:12.386Z","true","corrected","person","dark blue long-sleeved top; blue-gray jeans","fabric; hidden accessories","两人换上衣，逐初始化描述，服饰不保证跨时刻不变。","初始化索引 500：目标当前为深蓝素面上衣人物，不是旁边花纹衣者。","GPT-6 Astra Pro"
"gb","vot","1251","6ed3089bfc9bae3c5b8d297255c8859d12c15ac884c18186de104eab59bad9bd","humans_shirts_room_occ_1_A_2","00000551","conflicting","person","dark blue long-sleeved top; blue-gray jeans","fabric; hidden accessories","","sweater","dark blue; long-sleeved","2026-10-06T05:41:13.643Z","true","corrected","person","dark blue long-sleeved top; blue-gray jeans","fabric; hidden accessories","两人换上衣，逐初始化描述，服饰不保证跨时刻不变。","初始化索引 550：目标当前为深蓝素面上衣人物，不是旁边花纹衣者。","GPT-6 Astra Pro"
"gb","vot","1252","e5a5ed42cc7e810b063cb8f13b14b2e63810f22bc6d228d233c99771d16627c8","humans_shirts_room_occ_1_A_2","00000565","conflicting","person","dark blue long-sleeved top; blue-gray jeans","fabric; hidden accessories","","person","wearing blue sweater; wearing jeans","2026-10-06T05:41:15.026Z","true","supported","person","dark blue long-sleeved top; blue-gray jeans","fabric; hidden accessories","两人换上衣，逐初始化描述，服饰不保证跨时刻不变。","初始化索引 564：目标当前为深蓝素面上衣人物，不是旁边花纹衣者。","GPT-6 Astra Pro"
"gb","vot","1253","dc104a962efc077056466425de0dff36ccc5f2b9158f8f37037e848252ac6cfe","humans_shirts_room_occ_1_B_1","00000001","conflicting","person","dark patterned collared top; dark trousers","face details; fabric","","person","wearing glasses; wearing a patterned shirt; wearing dark pants","2026-10-06T05:41:16.578Z","true","supported","person","dark patterned collared top; dark trousers","face details; fabric","两人交换衣物，后帧衣服不能回填当前初始化。","初始化索引 0：红框后方人物当前穿/正在穿花纹上衣，不借前景人的素色或条纹衣描述。","GPT-6 Astra Pro"
"gb","vot","1254","f6d61e676227bc3e95975726fd14294f56180ed8cd2c3cf2643f3b1b9b4ec96e","humans_shirts_room_occ_1_B_1","00000051","conflicting","person","dark patterned collared top; dark trousers","face details; fabric","","shirt","patterned; dark blue","2026-10-06T05:41:18.395Z","true","corrected","person","dark patterned collared top; dark trousers","face details; fabric","两人交换衣物，后帧衣服不能回填当前初始化。","初始化索引 50：红框后方人物当前穿/正在穿花纹上衣，不借前景人的素色或条纹衣描述。","GPT-6 Astra Pro"
"gb","vot","1255","b5f9fcdff6c46f51c56ac72c8a56994a2fc38ab0985e346bbcfeb69b36309058","humans_shirts_room_occ_1_B_1","00000101","conflicting","person","black short-sleeved top; pale circular chest graphic; dark trousers; glasses","face details; fabric","","shirt","dark blue; long-sleeved; textured fabric","2026-10-06T05:41:21.690Z","true","corrected","person","black short-sleeved top; pale circular chest graphic; dark trousers; glasses","face details; fabric","两人交换衣物，后帧衣服不能回填当前初始化。","初始化索引 100：黑色圆图案短袖属于红框目标，非旁人蓝灰条纹。","GPT-6 Astra Pro"
"gb","vot","1256","2179a0a2d3706eb6bff2090f7c6cf61d9c8d8e2dfa89016341b62c076efba656","humans_shirts_room_occ_1_B_1","00000151","conflicting","person","black short-sleeved top; pale circular chest graphic; dark trousers; glasses","face details; fabric","","shirt","striped; blue","2026-10-06T05:41:23.162Z","true","corrected","person","black short-sleeved top; pale circular chest graphic; dark trousers; glasses","face details; fabric","两人交换衣物，后帧衣服不能回填当前初始化。","初始化索引 150：黑色圆图案短袖属于红框目标，非旁人蓝灰条纹。","GPT-6 Astra Pro"
"gb","vot","1257","697b0f7788a62a9c6dafcf4eff1a4f85d8013a672f5ea1a980559582b9f7ed36","humans_shirts_room_occ_1_B_1","00000201","conflicting","person","black short-sleeved top; pale circular chest graphic; dark trousers; glasses","face details; fabric","","shirt","striped pattern; blue color","2026-10-06T05:41:24.595Z","true","corrected","person","black short-sleeved top; pale circular chest graphic; dark trousers; glasses","face details; fabric","两人交换衣物，后帧衣服不能回填当前初始化。","初始化索引 200：黑色圆图案短袖属于红框目标，非旁人蓝灰条纹。","GPT-6 Astra Pro"
"gb","vot","1258","b42612830acc31d29a94ece8f737aa8c40fae83d55492428900336b38ca818d1","humans_shirts_room_occ_1_B_1","00000251","conflicting","person","black short-sleeved top; pale circular chest graphic; dark trousers; glasses","face details; fabric","","shirt","striped; blue","2026-10-06T05:41:26.027Z","true","corrected","person","black short-sleeved top; pale circular chest graphic; dark trousers; glasses","face details; fabric","两人交换衣物，后帧衣服不能回填当前初始化。","初始化索引 250：黑色圆图案短袖属于红框目标，非旁人蓝灰条纹。","GPT-6 Astra Pro"
"gb","vot","1259","dec090c72e7f7b49a067378900f0fc3cf3817cb8a243a181af83e1586c69c861","humans_shirts_room_occ_1_B_1","00000301","conflicting","person","dark blue outer top; dark trousers","face details; fabric","","shirt","blue; striped","2026-10-06T05:41:27.443Z","true","corrected","person","dark blue outer top; dark trousers","face details; fabric","两人交换衣物，后帧衣服不能回填当前初始化。","初始化索引 300：本帧红框目标穿/正在穿深蓝外衣，另一人的花纹衣不移用。","GPT-6 Astra Pro"
"gb","vot","1260","b5545c407577c03f03965c5646fc5c3f8abf4dc448ebbd1a38a3882eccd9d0d8","humans_shirts_room_occ_1_B_1","00000351","conflicting","person","dark blue outer top; dark trousers","face details; fabric","","shirt","striped; blue","2026-10-06T05:41:30.852Z","true","corrected","person","dark blue outer top; dark trousers","face details; fabric","两人交换衣物，后帧衣服不能回填当前初始化。","初始化索引 350：本帧红框目标穿/正在穿深蓝外衣，另一人的花纹衣不移用。","GPT-6 Astra Pro"
"gb","vot","1261","764ea276298dee1475ec6e05bdebe3b2e7f7d338d35fe8a55e4a0f9cfc441012","humans_shirts_room_occ_1_B_1","00000401","conflicting","person","dark blue outer top; dark trousers","face details; fabric","","shirt","striped pattern; blue and gray","2026-10-06T05:41:34.346Z","true","corrected","person","dark blue outer top; dark trousers","face details; fabric","两人交换衣物，后帧衣服不能回填当前初始化。","初始化索引 400：本帧红框目标穿/正在穿深蓝外衣，另一人的花纹衣不移用。","GPT-6 Astra Pro"
"gb","vot","1262","c51f83048aa2d1299360872ab546c11947d1fc689db80e863eed338b49a74846","humans_shirts_room_occ_1_B_1","00000451","conflicting","person","dark blue outer top; dark trousers","face details; fabric","","shirt","patterned; blue and purple","2026-10-06T05:41:35.947Z","true","corrected","person","dark blue outer top; dark trousers","face details; fabric","两人交换衣物，后帧衣服不能回填当前初始化。","初始化索引 450：本帧红框目标穿/正在穿深蓝外衣，另一人的花纹衣不移用。","GPT-6 Astra Pro"
"gb","vot","1263","3a676273b21f23cf49cb5295611bc6a4c6950968900ed2bc834878bc82fa1fd8","humans_shirts_room_occ_1_B_1","00000501","conflicting","person","dark blue outer top; dark trousers","face details; fabric","","shirt","floral pattern; long sleeves","2026-10-06T05:41:37.379Z","true","corrected","person","dark blue outer top; dark trousers","face details; fabric","两人交换衣物，后帧衣服不能回填当前初始化。","初始化索引 500：本帧红框目标穿/正在穿深蓝外衣，另一人的花纹衣不移用。","GPT-6 Astra Pro"
"gb","vot","1264","8e234ffd1c3f7f280839bf619f7d42631a74b542f2fa7c200e86a05a4da0a514","humans_shirts_room_occ_1_B_1","00000511","conflicting","person","dark blue outer top; dark trousers","face details; fabric","","man","wearing floral shirt; wearing jeans","2026-10-06T05:41:41.003Z","true","corrected","person","dark blue outer top; dark trousers","face details; fabric","两人交换衣物，后帧衣服不能回填当前初始化。","初始化索引 510：本帧红框目标穿/正在穿深蓝外衣，另一人的花纹衣不移用。","GPT-6 Astra Pro"
"gb","vot","1265","d0147ad76c900dc4a14e3c7a66b4e0261dd9e3d9d6a58217a5869ba601fd1e55","humans_shirts_room_occ_1_B_2","00000001","conflicting","person","dark blue outer top; dark trousers","face details; fabric","","person","wearing dark blue sweater; wearing dark jeans; smiling","2026-10-06T05:41:42.603Z","true","supported","person","dark blue outer top; dark trousers","face details; fabric","两人交换衣物，后帧衣服不能回填当前初始化。","初始化索引 0：本帧红框目标穿/正在穿深蓝外衣，另一人的花纹衣不移用。","GPT-6 Astra Pro"
"gb","vot","1266","89a0bc90dd5e30986d3da0f64cfb6850d054a8c40c1b80b8974cc39f30915f4f","humans_shirts_room_occ_1_B_2","00000051","conflicting","person","dark blue outer top; dark trousers","face details; fabric","","shirt","dark blue; patterned","2026-10-06T05:41:44.211Z","true","corrected","person","dark blue outer top; dark trousers","face details; fabric","两人交换衣物，后帧衣服不能回填当前初始化。","初始化索引 50：本帧红框目标穿/正在穿深蓝外衣，另一人的花纹衣不移用。","GPT-6 Astra Pro"
"gb","vot","1267","527da73a784fa17ebedb25852b420568285b6e380139b044a411b0e7445bd9d3","humans_shirts_room_occ_1_B_2","00000101","conflicting","person","black short-sleeved top; pale circular chest graphic; dark trousers; glasses","face details; fabric","","shirt","dark blue; striped","2026-10-06T05:41:49.132Z","true","corrected","person","black short-sleeved top; pale circular chest graphic; dark trousers; glasses","face details; fabric","两人交换衣物，后帧衣服不能回填当前初始化。","初始化索引 100：黑色圆图案短袖属于红框目标，非旁人蓝灰条纹。","GPT-6 Astra Pro"
"gb","vot","1268","b5d135fb32082727d34b3e6d82b96c6badb68b8a9231bf3ba5209d5a07ed2ae0","humans_shirts_room_occ_1_B_2","00000151","conflicting","person","black short-sleeved top; pale circular chest graphic; dark trousers; glasses","face details; fabric","","shirt","dark blue; striped pattern","2026-10-06T05:41:52.131Z","true","corrected","person","black short-sleeved top; pale circular chest graphic; dark trousers; glasses","face details; fabric","两人交换衣物，后帧衣服不能回填当前初始化。","初始化索引 150：黑色圆图案短袖属于红框目标，非旁人蓝灰条纹。","GPT-6 Astra Pro"
"gb","vot","1269","49379d38a108abb018d49f97b300a66802013fe750e81baa226f82f00f8b476f","humans_shirts_room_occ_1_B_2","00000201","conflicting","person","dark patterned collared top; dark trousers","face details; fabric","","sweater","blue; knitted","2026-10-06T05:41:53.579Z","true","corrected","person","dark patterned collared top; dark trousers","face details; fabric","两人交换衣物，后帧衣服不能回填当前初始化。","初始化索引 200：红框后方人物当前穿/正在穿花纹上衣，不借前景人的素色或条纹衣描述。","GPT-6 Astra Pro"
"gb","vot","1270","dff826ce8d1e155396b94f4e4796bde2b09e8c1acbbc3c25d6c0955037cc2d2d","humans_shirts_room_occ_1_B_2","00000251","conflicting","person","dark patterned collared top; dark trousers","face details; fabric","","shirt","striped pattern; dark blue","2026-10-06T05:41:57.691Z","true","corrected","person","dark patterned collared top; dark trousers","face details; fabric","两人交换衣物，后帧衣服不能回填当前初始化。","初始化索引 250：红框后方人物当前穿/正在穿花纹上衣，不借前景人的素色或条纹衣描述。","GPT-6 Astra Pro"
"gb","vot","1271","bbdd4f96c7ea4c75fc4cced6fda5d3e8c82a76364d88784273c1f526cabc90bf","humans_shirts_room_occ_1_B_2","00000301","conflicting","person","dark patterned collared top; dark trousers","face details; fabric","","shirt","striped; gray","2026-10-06T05:42:02.019Z","true","corrected","person","dark patterned collared top; dark trousers","face details; fabric","两人交换衣物，后帧衣服不能回填当前初始化。","初始化索引 300：红框后方人物当前穿/正在穿花纹上衣，不借前景人的素色或条纹衣描述。","GPT-6 Astra Pro"
"gb","vot","1272","bc38c96c023e721b06a2be005a1bd383ab978ba4051d9727de6740f95bfd43e9","humans_shirts_room_occ_1_B_2","00000351","conflicting","person","dark patterned collared top; dark trousers","face details; fabric","","person","wearing dark blue sweater; bearded; dark hair","2026-10-06T05:42:05.867Z","true","corrected","person","dark patterned collared top; dark trousers","face details; fabric","两人交换衣物，后帧衣服不能回填当前初始化。","初始化索引 350：目标为后方花纹上衣人物，前景深蓝衣胡须人物不在此红框。","GPT-6 Astra Pro"
"gb","vot","1273","1742c602f753f4383b364231013ddfba355b43826b462d13049b1aa74314ac79","humans_shirts_room_occ_1_B_2","00000401","conflicting","person","dark patterned collared top; dark trousers","face details; fabric","","person","short hair; patterned shirt; blue jeans","2026-10-06T05:42:07.651Z","true","corrected","person","dark patterned collared top; dark trousers","face details; fabric","两人交换衣物，后帧衣服不能回填当前初始化。","初始化索引 400：红框后方人物当前穿/正在穿花纹上衣，不借前景人的素色或条纹衣描述。","GPT-6 Astra Pro"
"gb","vot","1274","5662e61e06483cdca51fd8b1f57a523bf6d9ec896e2b68c6b2c3200033f85a15","humans_shirts_room_occ_1_B_2","00000451","conflicting","person","dark patterned collared top; dark trousers","face details; fabric","","person","wearing patterned shirt; wearing dark pants; walking","2026-10-06T05:42:10.931Z","true","supported","person","dark patterned collared top; dark trousers","face details; fabric","两人交换衣物，后帧衣服不能回填当前初始化。","初始化索引 450：红框后方人物当前穿/正在穿花纹上衣，不借前景人的素色或条纹衣描述。","GPT-6 Astra Pro"
"gb","vot","1275","7ca66c190111541eb1dd8898c259486bdab7056232906df78996af14e235d3ed","humans_shirts_room_occ_1_B_2","00000483","conflicting","person","dark patterned collared top; dark trousers","face details; fabric","","person","patterned shirt; dark pants","2026-10-06T06:06:10.587Z","true","supported","person","dark patterned collared top; dark trousers","face details; fabric","两人交换衣物，后帧衣服不能回填当前初始化。","初始化索引 482：红框后方人物当前穿/正在穿花纹上衣，不借前景人的素色或条纹衣描述。","GPT-6 Astra Pro"
"gb","vot","1276","58cf2907400f369912c357fa81baa2d3ea8258e9662d55a5635b0f0437ad1cb7","jug_1","00000001","conflicting","jug","transparent rounded belly; narrow neck; pouring lip; side handle","contents; material; pattern","","glass","transparent; curved","2026-10-06T06:07:00.525Z","true","corrected","pitcher","transparent rounded belly; narrow neck; pouring lip; side handle","contents; material; pattern","倾倒动作只辅助壶形态，不确认液体种类。","初始化索引 0：红框为透明曲腹壶，非普通杯；反射不等于刻纹或蓝色图案。","GPT-6 Astra Pro"
"gb","vot","1277","88152ca668afc579938462db5369468b7bea55810fdfc160f75b229c92a03722","jug_1","00000051","conflicting","jug","transparent rounded belly; narrow neck; pouring lip; side handle","contents; material; pattern","","glass","transparent; curved","2026-10-06T06:07:04.244Z","true","corrected","pitcher","transparent rounded belly; narrow neck; pouring lip; side handle","contents; material; pattern","倾倒动作只辅助壶形态，不确认液体种类。","初始化索引 50：红框为透明曲腹壶，非普通杯；反射不等于刻纹或蓝色图案。","GPT-6 Astra Pro"
"gb","vot","1278","e48e9216000ce9549c31fdad22e08260d008341d40206f634fc90e8014f0fb8a","jug_1","00000101","conflicting","jug","transparent rounded belly; narrow neck; pouring lip; side handle","contents; material; pattern","","glass","blue pattern; tall","2026-10-06T06:07:06.716Z","true","corrected","pitcher","transparent rounded belly; narrow neck; pouring lip; side handle","contents; material; pattern","倾倒动作只辅助壶形态，不确认液体种类。","初始化索引 100：红框为透明曲腹壶，非普通杯；反射不等于刻纹或蓝色图案。","GPT-6 Astra Pro"
"gb","vot","1279","894169f84104b02e2232c91101243aa1cf064899c1718fd8c71c6bd2fb28ab9f","jug_1","00000151","conflicting","jug","transparent rounded belly; narrow neck; pouring lip; side handle","contents; material; pattern","","glass","transparent; tall","2026-10-06T06:07:10.588Z","true","corrected","pitcher","transparent rounded belly; narrow neck; pouring lip; side handle","contents; material; pattern","倾倒动作只辅助壶形态，不确认液体种类。","初始化索引 150：红框为透明曲腹壶，非普通杯；反射不等于刻纹或蓝色图案。","GPT-6 Astra Pro"
"gb","vot","1280","f242ea1ecf6d69086ddcd42c9404d10a33675c2f781889eee4978e0b937f7429","jug_1","00000201","conflicting","jug","transparent curved pitcher body; side handle","contents; material; pattern","","glass","metallic; curved","2026-10-06T06:07:13.395Z","true","corrected","pitcher","transparent curved pitcher body; side handle","contents; material; pattern","倾倒动作只辅助壶形态，不确认液体种类。","初始化索引 200：壶横向倾倒，亮反光不证明金属，条纹承接杯不是目标。","GPT-6 Astra Pro"
"gb","vot","1281","3b233f855d65cd1b2a1f01e102e3ae33bf7b1adb59c70e7a293b394f6c493e60","jug_1","00000239","conflicting","jug","transparent rounded belly; narrow neck; pouring lip; side handle","contents; material; pattern","","glass","transparent; spiral pattern","2026-10-06T06:07:16.099Z","true","corrected","pitcher","transparent rounded belly; narrow neck; pouring lip; side handle","contents; material; pattern","倾倒动作只辅助壶形态，不确认液体种类。","初始化索引 238：红框为透明曲腹壶，非普通杯；反射不等于刻纹或蓝色图案。","GPT-6 Astra Pro"
"gb","vot","1282","981117260122c1cf831b310274acc05bbe9408da4984904fd9a64b595b05a4d2","lamp02_indoor_1","00000001","conflicting","lamp","pale spherical shade; irregular gray patches; cord","shade material; bulb construction; base","","light fixture","white; round; textured","2026-10-06T06:07:25.171Z","true","corrected","lamp","pale spherical shade; irregular gray patches; cord","shade material; bulb construction; base","近邻的球形装置和亮暗变化辅助灯类，灯开关是临时状态。","初始化索引 0：红框为球形灯体，非电线、云、布、屏幕或体育球。","GPT-6 Astra Pro"
"gb","vot","1283","47461b1a0ef8a060e12e11ed05db4856d16131438f4bafaa265d0649b2f32ad6","lamp02_indoor_1","00000051","conflicting","lamp","overexposed white region; faint curved edge","shade material; bulb construction; base","","cable","white; coiled","2026-10-06T06:07:27.244Z","true","uncertain","lamp","overexposed white region; faint curved edge","shade material; bulb construction; base","近邻的球形装置和亮暗变化辅助灯类，灯开关是临时状态。","初始化索引 50：过曝导致轮廓细节不足，lamp只由近邻球体和亮暗变化辅助，不能认定灯泡材料。","GPT-6 Astra Pro"
"gb","vot","1284","7e30e90475f6d583b798bed7d425a93f6f7ed8143559956f80d267fc769b2d4f","lamp02_indoor_1","00000101","conflicting","lamp","overexposed white region; faint curved edge","shade material; bulb construction; base","","wires","white; curved","2026-10-06T06:07:29.419Z","true","uncertain","lamp","overexposed white region; faint curved edge","shade material; bulb construction; base","近邻的球形装置和亮暗变化辅助灯类，灯开关是临时状态。","初始化索引 100：过曝导致轮廓细节不足，lamp只由近邻球体和亮暗变化辅助，不能认定灯泡材料。","GPT-6 Astra Pro"
"gb","vot","1285","f77fcc40f4797a22383a2fad98afc711a3e4e01f60e766f507345dcbd675b0d6","lamp02_indoor_1","00000151","conflicting","lamp","pale spherical shade; irregular gray patches; cord","shade material; bulb construction; base","","light bulb","white glass; bulb visible","2026-10-06T06:08:19.723Z","true","corrected","lamp","pale spherical shade; irregular gray patches; cord","shade material; bulb construction; base","近邻的球形装置和亮暗变化辅助灯类，灯开关是临时状态。","初始化索引 150：红框为球形灯体，非电线、云、布、屏幕或体育球。","GPT-6 Astra Pro"
"gb","vot","1286","da922ec5e50baad01782816d4f95552e1c659846734a75fab5f7f9fbe09418a9","lamp02_indoor_1","00000201","conflicting","lamp","overexposed white region; faint curved edge","shade material; bulb construction; base","","light","bright; illuminating","2026-10-06T06:08:23.028Z","true","uncertain","lamp","overexposed white region; faint curved edge","shade material; bulb construction; base","近邻的球形装置和亮暗变化辅助灯类，灯开关是临时状态。","初始化索引 200：过曝导致轮廓细节不足，lamp只由近邻球体和亮暗变化辅助，不能认定灯泡材料。","GPT-6 Astra Pro"
"gb","vot","1287","ddff95fea45f992aaf048504b8b0a1cf99798e899d20b2e741a6f03946b880f8","lamp02_indoor_1","00000251","conflicting","lamp","pale spherical shade; irregular gray patches; cord","shade material; bulb construction; base","","light bulb","white; round; illuminated","2026-10-06T06:08:27.923Z","true","corrected","lamp","pale spherical shade; irregular gray patches; cord","shade material; bulb construction; base","近邻的球形装置和亮暗变化辅助灯类，灯开关是临时状态。","初始化索引 250：红框为球形灯体，非电线、云、布、屏幕或体育球。","GPT-6 Astra Pro"
"gb","vot","1288","71b0ff1bd3d78811ada293ceb3841d2c2f4f82a8b78058f13c4768265df90297","lamp02_indoor_1","00000301","conflicting","lamp","white-gray spherical body; attached cord","shade material; bulb construction; base","","screen","white background; partially obscured","2026-10-06T06:08:29.659Z","true","corrected","lamp","white-gray spherical body; attached cord","shade material; bulb construction; base","近邻的球形装置和亮暗变化辅助灯类，灯开关是临时状态。","初始化索引 300：球形轮廓和线可见，非遥控器、衣物或运动球。","GPT-6 Astra Pro"
"gb","vot","1289","756b8ebc935880efc380be82d25c78fb38b99c54cff63d616d05d9f793a8da9e","lamp02_indoor_1","00000351","conflicting","lamp","overexposed white region; faint curved edge","shade material; bulb construction; base","","remote control","white surface; indistinct markings","2026-10-06T06:08:34.347Z","true","uncertain","lamp","overexposed white region; faint curved edge","shade material; bulb construction; base","近邻的球形装置和亮暗变化辅助灯类，灯开关是临时状态。","初始化索引 350：过曝导致轮廓细节不足，lamp只由近邻球体和亮暗变化辅助，不能认定灯泡材料。","GPT-6 Astra Pro"
"gb","vot","1290","a94b3e064fb836147a47cb67dac30e488a4eb16bdac9997bbe706263154d66f9","lamp02_indoor_1","00000401","conflicting","lamp","overexposed white region; faint curved edge","shade material; bulb construction; base","","light","bright; illuminating","2026-10-06T06:08:37.123Z","true","uncertain","lamp","overexposed white region; faint curved edge","shade material; bulb construction; base","近邻的球形装置和亮暗变化辅助灯类，灯开关是临时状态。","初始化索引 400：过曝导致轮廓细节不足，lamp只由近邻球体和亮暗变化辅助，不能认定灯泡材料。","GPT-6 Astra Pro"
"gb","vot","1291","93ad2e79ab30875325594a2a1cf782bceb869e86308c84de633cc7bd7bec352b","lamp02_indoor_1","00000451","conflicting","lamp","white-gray spherical body; attached cord","shade material; bulb construction; base","","cloth","white fabric; smooth surface","2026-10-06T06:09:20.268Z","true","corrected","lamp","white-gray spherical body; attached cord","shade material; bulb construction; base","近邻的球形装置和亮暗变化辅助灯类，灯开关是临时状态。","初始化索引 450：球形轮廓和线可见，非遥控器、衣物或运动球。","GPT-6 Astra Pro"
"gb","vot","1292","3571e47ee93b0a6516a617ab845b5d682bc7391963e76c0d61a1ec5bd6f1d189","lamp02_indoor_1","00000501","conflicting","lamp","white-gray spherical body; attached cord","shade material; bulb construction; base","","light bulb","white; glowing","2026-10-06T06:09:24.148Z","true","corrected","lamp","white-gray spherical body; attached cord","shade material; bulb construction; base","近邻的球形装置和亮暗变化辅助灯类，灯开关是临时状态。","初始化索引 500：球形轮廓和线可见，非遥控器、衣物或运动球。","GPT-6 Astra Pro"
"gb","vot","1293","07c762ca8b8f057771f5d16d1b7928491913d72cdf9e4d7ed31787cf6f82b204","lamp02_indoor_1","00000551","conflicting","lamp","pale spherical shade; irregular gray patches; cord","shade material; bulb construction; base","","light bulb","white; glowing","2026-10-06T06:09:26.500Z","true","corrected","lamp","pale spherical shade; irregular gray patches; cord","shade material; bulb construction; base","近邻的球形装置和亮暗变化辅助灯类，灯开关是临时状态。","初始化索引 550：红框为球形灯体，非电线、云、布、屏幕或体育球。","GPT-6 Astra Pro"
"gb","vot","1294","b4af6aaa77ee419f5c6ab62f6217b854b0d6e8d2c23385cc1bfb952d3637b2bc","lamp02_indoor_1","00000601","conflicting","lamp","pale spherical shade; irregular gray patches; cord","shade material; bulb construction; base","","light","white light; shining","2026-10-06T06:09:27.964Z","true","corrected","lamp","pale spherical shade; irregular gray patches; cord","shade material; bulb construction; base","近邻的球形装置和亮暗变化辅助灯类，灯开关是临时状态。","初始化索引 600：红框为球形灯体，非电线、云、布、屏幕或体育球。","GPT-6 Astra Pro"
"gb","vot","1295","365891a3ebdca97cb5a444df24223ee1b3af19807bf6dc09e61ee3b451ed5b68","lamp02_indoor_1","00000651","conflicting","lamp","pale spherical shade; irregular gray patches; cord","shade material; bulb construction; base","","light bulb","white; bulb shape","2026-10-06T06:09:31.267Z","true","corrected","lamp","pale spherical shade; irregular gray patches; cord","shade material; bulb construction; base","近邻的球形装置和亮暗变化辅助灯类，灯开关是临时状态。","初始化索引 650：红框为球形灯体，非电线、云、布、屏幕或体育球。","GPT-6 Astra Pro"
"gb","vot","1296","229861ddabf15ad82469ead4ec850a9f8abb0b5e899d38440ccb2b729f9881d1","lamp02_indoor_1","00000701","conflicting","lamp","pale spherical shade; irregular gray patches; cord","shade material; bulb construction; base","","cloud","white; fuzzy","2026-10-06T06:09:34.820Z","true","corrected","lamp","pale spherical shade; irregular gray patches; cord","shade material; bulb construction; base","近邻的球形装置和亮暗变化辅助灯类，灯开关是临时状态。","初始化索引 700：红框为球形灯体，非电线、云、布、屏幕或体育球。","GPT-6 Astra Pro"
"gb","vot","1297","d61f68ee739074dc42f0ad9fe9759ae41faa896e3c54779d3f529fcce3800326","lamp02_indoor_1","00000751","conflicting","lamp","overexposed white region; faint curved edge","shade material; bulb construction; base","","light","white light; shining","2026-10-06T06:09:38.291Z","true","uncertain","lamp","overexposed white region; faint curved edge","shade material; bulb construction; base","近邻的球形装置和亮暗变化辅助灯类，灯开关是临时状态。","初始化索引 750：过曝导致轮廓细节不足，lamp只由近邻球体和亮暗变化辅助，不能认定灯泡材料。","GPT-6 Astra Pro"
"gb","vot","1298","c971834447372be59168fd96c610f9ee51c6ac5425f622c058918261fec85652","lamp02_indoor_1","00000801","conflicting","lamp","overexposed white region; faint curved edge","shade material; bulb construction; base","","lamp","white shade; metal base","2026-10-06T06:09:40.259Z","true","uncertain","lamp","overexposed white region; faint curved edge","shade material; bulb construction; base","近邻的球形装置和亮暗变化辅助灯类，灯开关是临时状态。","初始化索引 800：过曝导致轮廓细节不足，lamp只由近邻球体和亮暗变化辅助，不能认定灯泡材料。","GPT-6 Astra Pro"
"gb","vot","1299","75fea21e48bff957c7fbcb2dd44901bd2e7a7671fe3f4b904061650ffac93882","lamp02_indoor_1","00000851","conflicting","lamp","pale spherical shade; irregular gray patches; cord","shade material; bulb construction; base","","light bulb","white; round; glowing","2026-10-06T06:09:42.851Z","true","corrected","lamp","pale spherical shade; irregular gray patches; cord","shade material; bulb construction; base","近邻的球形装置和亮暗变化辅助灯类，灯开关是临时状态。","初始化索引 850：红框为球形灯体，非电线、云、布、屏幕或体育球。","GPT-6 Astra Pro"
"gb","vot","1300","1eef628b64de6366bde32ffb25d3cf82bc634e02d0eb8f400e858362dca53da6","lamp02_indoor_1","00000901","conflicting","lamp","white-gray spherical body; attached cord","shade material; bulb construction; base","","light bulb","white; round; glowing","2026-10-06T06:09:45.500Z","true","corrected","lamp","white-gray spherical body; attached cord","shade material; bulb construction; base","近邻的球形装置和亮暗变化辅助灯类，灯开关是临时状态。","初始化索引 900：球形轮廓和线可见，非遥控器、衣物或运动球。","GPT-6 Astra Pro"
"gb","vot","1301","85079b4e265623aa6375d02f636a19c663b467b0ea585cd284acf53c2c6387e3","lamp02_indoor_1","00000951","conflicting","lamp","white-gray spherical body; attached cord","shade material; bulb construction; base","","ball","white; smooth surface","2026-10-06T06:09:47.819Z","true","corrected","lamp","white-gray spherical body; attached cord","shade material; bulb construction; base","近邻的球形装置和亮暗变化辅助灯类，灯开关是临时状态。","初始化索引 950：球形轮廓和线可见，非遥控器、衣物或运动球。","GPT-6 Astra Pro"
"gb","vot","1302","177a8660b00cd04e2e0f650a8974c5110914fc48cbf7586468123c86fd35183c","lamp02_indoor_1","00000970","conflicting","lamp","white-gray spherical body; attached cord","shade material; bulb construction; base","","golf ball","white; smooth surface","2026-10-06T06:09:49.404Z","true","corrected","lamp","white-gray spherical body; attached cord","shade material; bulb construction; base","近邻的球形装置和亮暗变化辅助灯类，灯开关是临时状态。","初始化索引 969：球形轮廓和线可见，非遥控器、衣物或运动球。","GPT-6 Astra Pro"
"gb","vot","1303","958c03539b3397da1591c1fcb03b7ea69d7d432fd5d788e66750ab4b6cdf2b4a","mobilephone03_indoor_2","00000001","conflicting","mobilephone","black rectangular body; illuminated screen","model; touch function; display content","","smartphone","blue screen; touchscreen","2026-10-06T06:10:08.515Z","true","corrected","phone","black rectangular body; illuminated screen","model; touch function; display content","近邻正背面辅助粗类别，侧视不补当前未见屏内容。","初始化索引 0：可见黑边屏，蓝白为显示内容，不代表蓝机身或已确认触控。","GPT-6 Astra Pro"
"gb","vot","1304","1c7c42da643179750a1bca03f27ec7026e150cbaf95b9ba7210cd80a30539e2a","mobilephone03_indoor_2","00000051","conflicting","mobilephone","black rectangular body; illuminated screen","model; touch function; display content","","phone","blue screen; touchscreen","2026-10-06T06:10:11.259Z","true","corrected","phone","black rectangular body; illuminated screen","model; touch function; display content","近邻正背面辅助粗类别，侧视不补当前未见屏内容。","初始化索引 50：可见黑边屏，蓝白为显示内容，不代表蓝机身或已确认触控。","GPT-6 Astra Pro"
"gb","vot","1305","1b2c9b46fb2688d96e09501db942284b645ddfeccf3cab87de652800c17d4d33","mobilephone03_indoor_2","00000101","conflicting","mobilephone","black rectangular body; illuminated screen","model; touch function; display content","","phone","blue screen; touchscreen","2026-10-06T06:10:13.821Z","true","corrected","phone","black rectangular body; illuminated screen","model; touch function; display content","近邻正背面辅助粗类别，侧视不补当前未见屏内容。","初始化索引 100：可见黑边屏，蓝白为显示内容，不代表蓝机身或已确认触控。","GPT-6 Astra Pro"
"gb","vot","1306","c39ebe91091bac35fdf787cf0c72bb027bd50380b136f836079305d2650c98a0","mobilephone03_indoor_2","00000151","conflicting","mobilephone","black rectangular body; illuminated screen","model; touch function; display content","","phone","blue screen; text on screen","2026-10-06T06:10:16.331Z","true","corrected","phone","black rectangular body; illuminated screen","model; touch function; display content","近邻正背面辅助粗类别，侧视不补当前未见屏内容。","初始化索引 150：可见黑边屏，蓝白为显示内容，不代表蓝机身或已确认触控。","GPT-6 Astra Pro"
"gb","vot","1307","fc46d2a74afb302b94992c599d7a883ce313cefb1e6251034b1d1011963822e0","mobilephone03_indoor_2","00000201","conflicting","mobilephone","black rectangular body; illuminated screen","model; touch function; display content","","tablet","blue back; touchscreen","2026-10-06T06:10:18.716Z","true","corrected","phone","black rectangular body; illuminated screen","model; touch function; display content","近邻正背面辅助粗类别，侧视不补当前未见屏内容。","初始化索引 200：可见黑边屏，蓝白为显示内容，不代表蓝机身或已确认触控。","GPT-6 Astra Pro"
"gb","vot","1308","3669704789f5ba35674b394670cf8ccfc752d1501f98dbac22bbedded9e6f602","mobilephone03_indoor_2","00000251","conflicting","mobilephone","black rectangular body; illuminated screen","model; touch function; display content","","cell phone","blue screen; hand holding","2026-10-06T06:10:20.884Z","true","corrected","phone","black rectangular body; illuminated screen","model; touch function; display content","近邻正背面辅助粗类别，侧视不补当前未见屏内容。","初始化索引 250：可见黑边屏，蓝白为显示内容，不代表蓝机身或已确认触控。","GPT-6 Astra Pro"
"gb","vot","1309","575677a69d2fef55482cb8da3fddc27020c51c832f4538d8ec20c646da16d8dc","mobilephone03_indoor_2","00000301","conflicting","mobilephone","thin dark rectangular side or back","model; touch function; display content","","phone","black case; touchscreen","2026-10-06T06:10:23.556Z","true","corrected","phone","thin dark rectangular side or back","model; touch function; display content","近邻正背面辅助粗类别，侧视不补当前未见屏内容。","初始化索引 300：当前侧/背面，手机粗类依邻近翻面辅助，不补未见显示内容。","GPT-6 Astra Pro"
"gb","vot","1310","fcdb082964bb550247ab041181c6c4d312faf0424f1702239f335ec240216f6d","mobilephone03_indoor_2","00000351","conflicting","mobilephone","thin dark rectangular side or back","model; touch function; display content","","cell phone","black; smooth surface","2026-10-06T06:10:26.923Z","true","corrected","phone","thin dark rectangular side or back","model; touch function; display content","近邻正背面辅助粗类别，侧视不补当前未见屏内容。","初始化索引 350：当前侧/背面，手机粗类依邻近翻面辅助，不补未见显示内容。","GPT-6 Astra Pro"
"gb","vot","1311","9b6a45270e6d1200b38adb3100222a39b06a100d138052fb3c7b1388dada06ee","mobilephone03_indoor_2","00000401","conflicting","mobilephone","thin dark rectangular side or back","model; touch function; display content","","phone","black case; touchscreen","2026-10-06T06:10:29.156Z","true","corrected","phone","thin dark rectangular side or back","model; touch function; display content","近邻正背面辅助粗类别，侧视不补当前未见屏内容。","初始化索引 400：当前侧/背面，手机粗类依邻近翻面辅助，不补未见显示内容。","GPT-6 Astra Pro"
"gb","vot","1312","4b6b034813c9ce17aafff554f880c82ee925740d7ffb69580ed74c033df4b36b","mobilephone03_indoor_2","00000414","conflicting","mobilephone","thin dark rectangular side or back","model; touch function; display content","","phone","black; touchscreen","2026-10-06T06:10:31.485Z","true","corrected","phone","thin dark rectangular side or back","model; touch function; display content","近邻正背面辅助粗类别，侧视不补当前未见屏内容。","初始化索引 413：当前侧/背面，手机粗类依邻近翻面辅助，不补未见显示内容。","GPT-6 Astra Pro"
"gb","vot","1313","99b769dfd3e0c0bd51b00952f0fa18b52ed2ab2b53891fc7adaa52cb86a1e4b7","mug_ankara_1","00000001","conflicting","mug","white cylindrical body; black lettering; side handle","wording; physical texture; material","","cup","textured surface; white color","2026-10-06T06:10:44.756Z","true","corrected","mug","white cylindrical body; black lettering; side handle","wording; physical texture; material","","初始化索引 0：红框为有把白杯，黑字为印刷，不是书或CD，不确认细微凹凸。","GPT-6 Astra Pro"
"gb","vot","1314","9d24efaa635311405cd5dc6a4a5c8e9d26808270a2f0760890c9f8d08c175014","mug_ankara_1","00000051","conflicting","mug","white cylindrical body; black lettering; side handle","wording; physical texture; material","","mug","text on mug; white mug","2026-10-06T06:10:48.571Z","true","supported","mug","white cylindrical body; black lettering; side handle","wording; physical texture; material","","初始化索引 50：红框为有把白杯，黑字为印刷，不是书或CD，不确认细微凹凸。","GPT-6 Astra Pro"
"gb","vot","1315","732ee2b37f1e480e56a8a53f21d2194515b0bd6b3fabf8e2b4439d5de60e8457","mug_ankara_1","00000101","conflicting","mug","white cylindrical body; black lettering; side handle","wording; physical texture; material","","mug","text; white","2026-10-06T06:10:52.316Z","true","supported","mug","white cylindrical body; black lettering; side handle","wording; physical texture; material","","初始化索引 100：红框为有把白杯，黑字为印刷，不是书或CD，不确认细微凹凸。","GPT-6 Astra Pro"
"gb","vot","1316","00b80a797eb20756e01284d776d10dc75c9a0c5dd55c080bed3ea99eca099e96","mug_ankara_1","00000151","conflicting","mug","white cylindrical body; black lettering; side handle","wording; physical texture; material","","cup","text; white","2026-10-06T06:10:55.004Z","true","supported","mug","white cylindrical body; black lettering; side handle","wording; physical texture; material","","初始化索引 150：红框为有把白杯，黑字为印刷，不是书或CD，不确认细微凹凸。","GPT-6 Astra Pro"
"gb","vot","1317","f77f37125fc16cff13607cfe63d62e79fb6c8c32c5d011541516b135202c5c2d","mug_ankara_1","00000201","conflicting","mug","white cylindrical body; black lettering; side handle","wording; physical texture; material","","cylinder","white surface; text on surface","2026-10-06T06:10:58.531Z","true","corrected","mug","white cylindrical body; black lettering; side handle","wording; physical texture; material","","初始化索引 200：红框为有把白杯，黑字为印刷，不是书或CD，不确认细微凹凸。","GPT-6 Astra Pro"
"gb","vot","1318","c524f5826e6bf9be9619fa14dfa9e92804b1811093779395fd2544c7d6ba82b4","mug_ankara_1","00000251","conflicting","mug","white circular base; dark central mark; white handle","wording; physical texture; material","","cd","white surface; center hole","2026-10-06T06:11:01.605Z","true","corrected","mug","white circular base; dark central mark; white handle","wording; physical texture; material","","初始化索引 250：当前为杯底，中央暗印不是CD孔，侧面字未完整展示。","GPT-6 Astra Pro"
"gb","vot","1319","990ab7a12edd95115d1c88c26608e455045e34350d4563bf6ca336736a018163","mug_ankara_1","00000270","conflicting","mug","white cylindrical body; black lettering; side handle","wording; physical texture; material","","book","gray cover; text on cover","2026-10-06T06:11:05.275Z","true","corrected","mug","white cylindrical body; black lettering; side handle","wording; physical texture; material","","初始化索引 269：红框为有把白杯，黑字为印刷，不是书或CD，不确认细微凹凸。","GPT-6 Astra Pro"
"gb","vot","1320","fc52dd33206d82ba0933ef8aee43343d4ae5e39f7a17691e28739ef402b1c1b7","mug_gs_1","00000001","conflicting","mug","yellow-dark red striped mug; circular emblem; white rim; handle","emblem text; material; physical texture","","label","striped pattern; yellow and black","2026-10-06T06:11:07.755Z","true","corrected","mug","yellow-dark red striped mug; circular emblem; white rim; handle","emblem text; material; physical texture","","初始化索引 0：红框为条纹杯，不是卡片、标签或另一只白杯；把手方向不作固定身份。","GPT-6 Astra Pro"
"gb","vot","1321","20e5c4f03f2f862084c295b9619acca5057906a9cbea0a1d33b82d01a8fdf384","mug_gs_1","00000051","conflicting","mug","yellow-dark red striped mug; circular emblem; white rim; handle","emblem text; material; physical texture","","card","yellow and black striped pattern; orange border; white circle with a yellow character","2026-10-06T06:11:10.579Z","true","corrected","mug","yellow-dark red striped mug; circular emblem; white rim; handle","emblem text; material; physical texture","","初始化索引 50：红框为条纹杯，不是卡片、标签或另一只白杯；把手方向不作固定身份。","GPT-6 Astra Pro"
"gb","vot","1322","ea1f385f195ddd70161b735af879c639b9f989984818b51234d2ffd1b513f434","mug_gs_1","00000101","conflicting","mug","white open rim and interior; striped outer edge; handle","emblem text; material; physical texture","","cup","white; textured","2026-10-06T06:11:15.843Z","true","corrected","mug","white open rim and interior; striped outer edge; handle","emblem text; material; physical texture","","初始化索引 100：本帧杯口朝镜头，白内壁不能等同杯外主色。","GPT-6 Astra Pro"
"gb","vot","1323","602b5e65106fe8a54bf77c948b30619af30b4cd9586b4984559a21b707f1d5f6","mug_gs_1","00000151","conflicting","mug","yellow and dark red diagonal stripes; white rim; side handle","emblem text; material; physical texture","","card","striped pattern; yellow and black stripes","2026-10-06T06:11:19.459Z","true","corrected","mug","yellow and dark red diagonal stripes; white rim; side handle","emblem text; material; physical texture","","初始化索引 150：红框为条纹杯，不是卡片、标签或另一只白杯；把手方向不作固定身份。","GPT-6 Astra Pro"
"gb","vot","1324","8e78f3c4be0fcef02ccb285c499618e7799d419972ca0f6582801edc4e353af9","mug_gs_1","00000201","conflicting","mug","yellow-dark red striped mug; circular emblem; white rim; handle","emblem text; material; physical texture","","mug","white; textured handle","2026-10-06T06:11:21.323Z","true","corrected","mug","yellow-dark red striped mug; circular emblem; white rim; handle","emblem text; material; physical texture","","初始化索引 200：红框为条纹杯，不是卡片、标签或另一只白杯；把手方向不作固定身份。","GPT-6 Astra Pro"
"gb","vot","1325","7318abb79074554bc657f2e89638eec4d4189bec30332e391428bf15804a5f45","mug_gs_1","00000251","conflicting","mug","yellow and dark red diagonal stripes; white rim; side handle","emblem text; material; physical texture","","cup","striped pattern; yellow and black stripes","2026-10-06T06:11:24.868Z","true","supported","mug","yellow and dark red diagonal stripes; white rim; side handle","emblem text; material; physical texture","","初始化索引 250：红框为条纹杯，不是卡片、标签或另一只白杯；把手方向不作固定身份。","GPT-6 Astra Pro"
"gb","vot","1326","6a94788b40033667e8f204fbe8aaf9f5291b7728c7999b3306eba556865eb812","mug_gs_1","00000301","conflicting","mug","white open rim and interior; striped outer edge; handle","emblem text; material; physical texture","","mug","white; textured handle","2026-10-06T06:11:28.131Z","true","corrected","mug","white open rim and interior; striped outer edge; handle","emblem text; material; physical texture","","初始化索引 300：本帧杯口朝镜头，白内壁不能等同杯外主色。","GPT-6 Astra Pro"
"gb","vot","1327","7347631ed4e50f753a2a98939048d214bd51cc193bfce1380a3353b4eeecb69c","mug_gs_1","00000341","conflicting","mug","white circular base; striped side; handle","emblem text; material; physical texture","","mug","white; textured","2026-10-06T06:11:31.284Z","true","corrected","mug","white circular base; striped side; handle","emblem text; material; physical texture","","初始化索引 340：当前主要见白底及条纹边，不确认凹凸纹和底字。","GPT-6 Astra Pro"
"gb","vot","1328","8db5593fef7b0acb3dfc73d8943eeb030aee5efe96a67bf99f2feb8192c50c4d","mug_gs_1","00000393","conflicting","mug","white circular base; striped side; handle","emblem text; material; physical texture","","cup","white; textured","2026-10-06T06:11:32.971Z","true","corrected","mug","white circular base; striped side; handle","emblem text; material; physical texture","","初始化索引 392：当前主要见白底及条纹边，不确认凹凸纹和底字。","GPT-6 Astra Pro"
"gb","vot","1329","d3994bbf8c925a3d9a6e607f613b7d0ac4bfe9f9b00955df1f0a1b2c74f93c32","mug_gs_1","00000422","conflicting","mug","yellow and dark red diagonal stripes; white rim; side handle","emblem text; material; physical texture","","package","striped pattern; yellow and brown","2026-10-06T06:11:36.059Z","true","corrected","mug","yellow and dark red diagonal stripes; white rim; side handle","emblem text; material; physical texture","","初始化索引 421：红框为条纹杯，不是卡片、标签或另一只白杯；把手方向不作固定身份。","GPT-6 Astra Pro"
"gb","vot","1330","aaea173388ae5489ed048394986c479a9d364d58b4087025a47a78d16f5477d4","notebook01_indoor_1","00000001","conflicting","notebook","flat dark rectangular body; pale narrow edge","notebook versus device; screen; buttons; material","","box","black; rectangular","2026-10-06T06:11:48.852Z","true","uncertain","object","flat dark rectangular body; pale narrow edge","notebook versus device; screen; buttons; material","多帧只确认转动的薄物，不凭文件名定类。","初始化索引 0：红框为薄矩形独立物，不是椅子、衣服或画框；无法确认笔记本与电子器件。","GPT-6 Astra Pro"
"gb","vot","1331","7d289589f895f0d0843ccb8bf9e96108b90fd5589e5be1d07f588f6cfd9aba21","notebook01_indoor_1","00000051","conflicting","notebook","flat dark rectangular body; pale narrow edge","notebook versus device; screen; buttons; material","","remote control","black; rectangular; buttoned","2026-10-06T06:11:53.148Z","true","uncertain","object","flat dark rectangular body; pale narrow edge","notebook versus device; screen; buttons; material","多帧只确认转动的薄物，不凭文件名定类。","初始化索引 50：红框为薄矩形独立物，不是椅子、衣服或画框；无法确认笔记本与电子器件。","GPT-6 Astra Pro"
"gb","vot","1332","f5c815d11362689e8b1d173c99a60a0f1e7b3e4236f2955f783f115cc20f158f","notebook01_indoor_1","00000101","conflicting","notebook","flat dark rectangular body; pale narrow edge","notebook versus device; screen; buttons; material","","chair","black cushion; wooden frame","2026-10-06T06:11:56.885Z","true","uncertain","object","flat dark rectangular body; pale narrow edge","notebook versus device; screen; buttons; material","多帧只确认转动的薄物，不凭文件名定类。","初始化索引 100：红框为薄矩形独立物，不是椅子、衣服或画框；无法确认笔记本与电子器件。","GPT-6 Astra Pro"
"gb","vot","1333","ab0237bb130828dc318e3deefcfdf5164576843afe683129b507662c9b05d16a","notebook01_indoor_1","00000151","conflicting","notebook","dark rectangular patch partly merged with chair","notebook versus device; screen; buttons; material","","chair","wooden backrest; black seat","2026-10-06T06:12:01.395Z","true","uncertain","object","dark rectangular patch partly merged with chair","notebook versus device; screen; buttons; material","多帧只确认转动的薄物，不凭文件名定类。","初始化索引 150：目标与黑椅重叠，不能把整椅或衣服当小矩形物。","GPT-6 Astra Pro"
"gb","vot","1334","6ac8749beacc55cb7acb83a4ab27b6bd59ecf4027648d0402e8e08eea2661662","notebook01_indoor_1","00000201","conflicting","notebook","dark rectangular patch partly merged with chair","notebook versus device; screen; buttons; material","","shirt","white; textured","2026-10-06T06:12:05.243Z","true","uncertain","object","dark rectangular patch partly merged with chair","notebook versus device; screen; buttons; material","多帧只确认转动的薄物，不凭文件名定类。","初始化索引 200：目标与黑椅重叠，不能把整椅或衣服当小矩形物。","GPT-6 Astra Pro"
"gb","vot","1335","6b26e7827ce12bf89424607fd96e6e969263dc2165ee24f3039386aabc4c85e1","notebook01_indoor_1","00000251","conflicting","notebook","thin pale-dark edge","notebook versus device; screen; buttons; material","","object","grayish; smooth","2026-10-06T06:12:09.756Z","true","uncertain","object","thin pale-dark edge","notebook versus device; screen; buttons; material","多帧只确认转动的薄物，不凭文件名定类。","初始化索引 250：当前侧向很薄且模糊，不能确认金属笔或电子用途。","GPT-6 Astra Pro"
"gb","vot","1336","08c3d3442cf6a3220717b8f17d1a4e1c2eeba3255dff8913f6c50d54014bb679","notebook01_indoor_1","00000301","conflicting","notebook","dark rectangular patch partly merged with chair","notebook versus device; screen; buttons; material","","bag","black; textured","2026-10-06T06:12:14.684Z","true","uncertain","object","dark rectangular patch partly merged with chair","notebook versus device; screen; buttons; material","多帧只确认转动的薄物，不凭文件名定类。","初始化索引 300：目标与黑椅重叠，不能把整椅或衣服当小矩形物。","GPT-6 Astra Pro"
"gb","vot","1337","92926865bf6e8674373e89ddd64a353ee0f7fe3a3b61c4b8d0d5849afa6790db","notebook01_indoor_1","00000351","conflicting","notebook","dark rectangular patch partly merged with chair","notebook versus device; screen; buttons; material","","chair","wooden backrest; black cushion","2026-10-06T06:12:20.236Z","true","uncertain","object","dark rectangular patch partly merged with chair","notebook versus device; screen; buttons; material","多帧只确认转动的薄物，不凭文件名定类。","初始化索引 350：目标与黑椅重叠，不能把整椅或衣服当小矩形物。","GPT-6 Astra Pro"
"gb","vot","1338","30070795476d93baca1006e56d3cf16fdb948e225e0fd97d480603daa7a4faa1","notebook01_indoor_1","00000401","conflicting","notebook","dark rectangular patch partly merged with chair","notebook versus device; screen; buttons; material","","shirt","light blue; text on front","2026-10-06T06:12:25.987Z","true","uncertain","object","dark rectangular patch partly merged with chair","notebook versus device; screen; buttons; material","多帧只确认转动的薄物，不凭文件名定类。","初始化索引 400：目标与黑椅重叠，不能把整椅或衣服当小矩形物。","GPT-6 Astra Pro"
"gb","vot","1339","db92a6973dae11f6d786fb4fac947e0dd3e131a4000836a7a3e33a829a8d53d9","notebook01_indoor_1","00000451","conflicting","notebook","flat dark rectangular body; pale narrow edge","notebook versus device; screen; buttons; material","","object","dark blue; square","2026-10-06T06:12:30.227Z","true","uncertain","object","flat dark rectangular body; pale narrow edge","notebook versus device; screen; buttons; material","多帧只确认转动的薄物，不凭文件名定类。","初始化索引 450：红框为薄矩形独立物，不是椅子、衣服或画框；无法确认笔记本与电子器件。","GPT-6 Astra Pro"
"gb","vot","1340","f5cdf72c4e1a12d50be5eea12b9f53ad370005983226bc8c61c07f2d3519069e","notebook01_indoor_1","00000501","conflicting","notebook","flat dark rectangular body; pale narrow edge","notebook versus device; screen; buttons; material","","remote control","black; rectangular","2026-10-06T06:12:34.980Z","true","uncertain","object","flat dark rectangular body; pale narrow edge","notebook versus device; screen; buttons; material","多帧只确认转动的薄物，不凭文件名定类。","初始化索引 500：红框为薄矩形独立物，不是椅子、衣服或画框；无法确认笔记本与电子器件。","GPT-6 Astra Pro"
"gb","vot","1341","8ba49ba2a310d7d0f67018c2e1db56983ecc6378f792a0eb8637ca465cd2f6ba","notebook01_indoor_1","00000558","conflicting","notebook","flat dark rectangular body; pale narrow edge","notebook versus device; screen; buttons; material","","laptop","black; open; touchpad","2026-10-06T06:12:38.491Z","true","uncertain","object","flat dark rectangular body; pale narrow edge","notebook versus device; screen; buttons; material","多帧只确认转动的薄物，不凭文件名定类。","初始化索引 557：红框为薄矩形独立物，不是椅子、衣服或画框；无法确认笔记本与电子器件。","GPT-6 Astra Pro"
"gb","vot","1342","b7a35dc776c591386dc79bb7b2c447c1013a3667e8be4d660aa78d0ad464bdce","notebook01_indoor_1","00000601","conflicting","notebook","dark rectangular patch partly merged with chair","notebook versus device; screen; buttons; material","","chair","black seat; wooden frame","2026-10-06T06:12:42.333Z","true","uncertain","object","dark rectangular patch partly merged with chair","notebook versus device; screen; buttons; material","多帧只确认转动的薄物，不凭文件名定类。","初始化索引 600：目标与黑椅重叠，不能把整椅或衣服当小矩形物。","GPT-6 Astra Pro"
"gb","vot","1343","89f70ba35492a67c2ab31974efbd3914f25fa08391786c8c888048b9ac28ab6e","notebook01_indoor_1","00000651","conflicting","notebook","flat dark rectangular body; pale narrow edge","notebook versus device; screen; buttons; material","","object","blue; striped","2026-10-06T06:12:47.716Z","true","uncertain","object","flat dark rectangular body; pale narrow edge","notebook versus device; screen; buttons; material","多帧只确认转动的薄物，不凭文件名定类。","初始化索引 650：红框为薄矩形独立物，不是椅子、衣服或画框；无法确认笔记本与电子器件。","GPT-6 Astra Pro"
"gb","vot","1344","f5e49de5a04d235b9d52a1c88e5676227f9d232854246885505bc8b01457997d","notebook01_indoor_1","00000701","conflicting","notebook","flat dark rectangular body; pale narrow edge","notebook versus device; screen; buttons; material","","monitor","black screen; rectangular","2026-10-06T06:12:51.108Z","true","uncertain","object","flat dark rectangular body; pale narrow edge","notebook versus device; screen; buttons; material","多帧只确认转动的薄物，不凭文件名定类。","初始化索引 700：红框为薄矩形独立物，不是椅子、衣服或画框；无法确认笔记本与电子器件。","GPT-6 Astra Pro"
"gb","vot","1345","49e08ba0f1ab46e80629a0b608843d02f9d67e8ce65a21536364271d849d4e89","notebook01_indoor_1","00000709","conflicting","notebook","thin pale-dark edge","notebook versus device; screen; buttons; material","","pen","blue ink; metallic barrel","2026-10-06T06:12:57.516Z","true","uncertain","object","thin pale-dark edge","notebook versus device; screen; buttons; material","多帧只确认转动的薄物，不凭文件名定类。","初始化索引 708：当前侧向很薄且模糊，不能确认金属笔或电子用途。","GPT-6 Astra Pro"
"gb","vot","1346","526d8910bb037178ab38427694e880c32311db3b5bcd078e16438bccd719dea0","paperpunch_3","00000001","conflicting","paperpunch","dark rectangular tool-like body; pale component","paper-punch function; mechanism; material","","phone","black case; silver buttons","2026-10-06T06:13:29.499Z","true","uncertain","object","dark rectangular tool-like body; pale component","paper-punch function; mechanism; material","近邻有杠杆/底座，支持办公工具解释，但仅底视时用途仍不明。","初始化索引 0：红框是有厚度/开合构件的小工具，未见触屏或电话键。","GPT-6 Astra Pro"
"gb","vot","1347","2a62ad6e94b4cdc30022f32fcf1ed4c79eeb77f4215ff45a78ae3bc39b9b3fe9","paperpunch_3","00000051","conflicting","paperpunch","dark broad base; hinged lever; pale inner rail","paper-punch function; mechanism; material","","remote control","black; rectangular; flat surface","2026-10-06T06:13:34.052Z","true","corrected","paper punch","dark broad base; hinged lever; pale inner rail","paper-punch function; mechanism; material","近邻有杠杆/底座，支持办公工具解释，但仅底视时用途仍不明。","初始化索引 50：初始化张开的杠杆、底座和内导轨可见，支持纸张打孔器粗类，不是平遥控器。","GPT-6 Astra Pro"
"gb","vot","1348","5af95c483940a84c55343b85fd60e674f59484b29a70710d4bd297e2d66509d5","paperpunch_3","00000105","conflicting","paperpunch","dark rectangular tool-like body; pale component","paper-punch function; mechanism; material","","phone case","brown leather; embossed pattern","2026-10-06T06:13:37.420Z","true","uncertain","object","dark rectangular tool-like body; pale component","paper-punch function; mechanism; material","近邻有杠杆/底座，支持办公工具解释，但仅底视时用途仍不明。","初始化索引 104：红框是有厚度/开合构件的小工具，未见触屏或电话键。","GPT-6 Astra Pro"
"gb","vot","1349","ee0be0b4e844b3e7e9718d08c146ef4c52d037bb4f1d6ef1c52cf469675f36a7","paperpunch_3","00000151","conflicting","paperpunch","dark rectangular tool-like body; pale component","paper-punch function; mechanism; material","","phone","black; rectangular; textured","2026-10-06T06:13:41.732Z","true","uncertain","object","dark rectangular tool-like body; pale component","paper-punch function; mechanism; material","近邻有杠杆/底座，支持办公工具解释，但仅底视时用途仍不明。","初始化索引 150：红框是有厚度/开合构件的小工具，未见触屏或电话键。","GPT-6 Astra Pro"
"gb","vot","1350","3557afb5776bd87fe326098840344fd1ced3b325ef8b8e9aaf757d5c3ef424e4","paperpunch_3","00000163","conflicting","paperpunch","dark rectangular tool-like body; pale component","paper-punch function; mechanism; material","","phone","black case; touchscreen","2026-10-06T06:13:45.900Z","true","uncertain","object","dark rectangular tool-like body; pale component","paper-punch function; mechanism; material","近邻有杠杆/底座，支持办公工具解释，但仅底视时用途仍不明。","初始化索引 162：红框是有厚度/开合构件的小工具，未见触屏或电话键。","GPT-6 Astra Pro"
"gb","vot","1351","aa81fef8a8e9d7d322c9d708e62c30b08c29a74ca5e1fd5b5d2f059666090aa5","person_outside_1","00000001","conflicting","person","dark hooded coat; brown hood trim; light blue-gray trousers","fabric; shoe color","","person","dark jacket; blue jeans; black hat; fur-lined collar","2026-10-06T06:13:49.931Z","true","corrected","person","dark hooded coat; brown hood trim; light blue-gray trousers","fabric; shoe color","两人交错时只按本条红框判断，服饰/位置不作永久身份。","初始化索引 0：红框为道路/雪地指定人物，非后出现的另一深色外衣者。","GPT-6 Astra Pro"
"gb","vot","1352","c8a204c837ad036d3ae196dee517a4d99015f23e125b4ab6b5ca4c50b92a1e78","person_outside_1","00000051","conflicting","person","dark purple-blue coat; light blue-gray trousers","fabric; shoe color","","person","dark coat; blue jeans; black shoes","2026-10-06T06:13:52.923Z","true","supported","person","dark purple-blue coat; light blue-gray trousers","fabric; shoe color","两人交错时只按本条红框判断，服饰/位置不作永久身份。","初始化索引 50：红框为道路/雪地指定人物，非后出现的另一深色外衣者。","GPT-6 Astra Pro"
"gb","vot","1353","6f887e566a442cc87f4ea144e734b104683aee0a62dba918a85c8e90643c782f","person_outside_1","00000101","conflicting","person","dark purple-blue coat; light blue-gray trousers","fabric; shoe color","","person","purple jacket; blue jeans; black shoes","2026-10-06T06:13:55.292Z","true","supported","person","dark purple-blue coat; light blue-gray trousers","fabric; shoe color","两人交错时只按本条红框判断，服饰/位置不作永久身份。","初始化索引 100：红框为道路/雪地指定人物，非后出现的另一深色外衣者。","GPT-6 Astra Pro"
"gb","vot","1354","6dbf966b2fd5b412f0913166e68cb03a92fec62432dd7d96309271fe87468f1f","person_outside_1","00000151","conflicting","person","dark purple-blue coat; light blue-gray trousers","fabric; shoe color","","person","dark coat; gray pants; black hat","2026-10-06T06:13:57.131Z","true","supported","person","dark purple-blue coat; light blue-gray trousers","fabric; shoe color","两人交错时只按本条红框判断，服饰/位置不作永久身份。","初始化索引 150：红框为道路/雪地指定人物，非后出现的另一深色外衣者。","GPT-6 Astra Pro"
"gb","vot","1355","3723bac726dbc7b9a27b04b247110e470e85e13a5098f3d50da57af2b4dc11a7","person_outside_1","00000201","conflicting","person","dark purple-blue coat; light blue-gray trousers","fabric; shoe color","","person","wearing blue jacket; wearing jeans","2026-10-06T06:14:00.555Z","true","corrected","person","dark purple-blue coat; light blue-gray trousers","fabric; shoe color","两人交错时只按本条红框判断，服饰/位置不作永久身份。","初始化索引 200：红框为道路/雪地指定人物，非后出现的另一深色外衣者。","GPT-6 Astra Pro"
"gb","vot","1356","f18efb427e6341b169c74249a0e30b87c196fedb6e71aaf448323e6694c0765e","person_outside_1","00000251","conflicting","person","dark purple-blue coat; light blue-gray trousers","fabric; shoe color","","person","sitting; wearing hoodie; purple pants","2026-10-06T06:14:03.603Z","true","corrected","person","dark purple-blue coat; light blue-gray trousers","fabric; shoe color","两人交错时只按本条红框判断，服饰/位置不作永久身份。","初始化索引 250：人物当前蹲下，深色为外套、裤子偏浅灰蓝，不是紫色裤；蹲姿不固定。","GPT-6 Astra Pro"
"gb","vot","1357","8fbcccad66900b0bf88e79d612508db0babd08bb076051ff8a6a43a5e247c715","person_outside_1","00000301","conflicting","person","dark purple-blue coat; light blue-gray trousers","fabric; shoe color","","person","sitting; wearing blue pants; dark jacket","2026-10-06T06:14:05.595Z","true","corrected","person","dark purple-blue coat; light blue-gray trousers","fabric; shoe color","两人交错时只按本条红框判断，服饰/位置不作永久身份。","初始化索引 300：人物当前蹲下，深色为外套、裤子偏浅灰蓝，不是紫色裤；蹲姿不固定。","GPT-6 Astra Pro"
"gb","vot","1358","928985b2d855d16def5caa5978843bc707fa406e996b5fe2c7552b06ad6df01f","person_outside_1","00000351","conflicting","person","dark purple-blue coat; light blue-gray trousers","fabric; shoe color","","person","purple jacket; gray pants","2026-10-06T06:14:07.083Z","true","supported","person","dark purple-blue coat; light blue-gray trousers","fabric; shoe color","两人交错时只按本条红框判断，服饰/位置不作永久身份。","初始化索引 350：红框为道路/雪地指定人物，非后出现的另一深色外衣者。","GPT-6 Astra Pro"
"gb","vot","1359","4d9f35d06eb03f7c22c6471d03a0a93996efbb0310036ae9fb0c4f2995beee05","person_outside_1","00000401","conflicting","person","dark purple-blue coat; light blue-gray trousers","fabric; shoe color","","person","wearing purple coat; walking on snow","2026-10-06T06:14:24.100Z","true","corrected","person","dark purple-blue coat; light blue-gray trousers","fabric; shoe color","两人交错时只按本条红框判断，服饰/位置不作永久身份。","初始化索引 400：红框为道路/雪地指定人物，非后出现的另一深色外衣者。","GPT-6 Astra Pro"
"gb","vot","1360","4a8edb986550790971b0f3bc51ac5ec87963247f7bbba6e68116d27f71a61d5b","person_outside_1","00000451","conflicting","person","dark purple-blue coat; light blue-gray trousers","fabric; shoe color","","person","dark jacket; gray pants","2026-10-06T06:14:31.723Z","true","supported","person","dark purple-blue coat; light blue-gray trousers","fabric; shoe color","两人交错时只按本条红框判断，服饰/位置不作永久身份。","初始化索引 450：红框指定远处浅裤人物，而非更近的深色衣物者，细节不从旁人借用。","GPT-6 Astra Pro"
"gb","vot","1361","09d91e9dabd2308e366fa6b6dad39d47d03c3275aef06def7c24deb15356e2f8","person_outside_1","00000501","conflicting","person","dark purple-blue coat; light blue-gray trousers","fabric; shoe color","","person","purple jacket; gray pants; black shoes","2026-10-06T06:14:34.756Z","true","supported","person","dark purple-blue coat; light blue-gray trousers","fabric; shoe color","两人交错时只按本条红框判断，服饰/位置不作永久身份。","初始化索引 500：红框指定远处浅裤人物，而非更近的深色衣物者，细节不从旁人借用。","GPT-6 Astra Pro"
"gb","vot","1362","bf4c8f259d0303eabbab690170fa4092610b9bd755d7b26864114ee2169c4af1","person_outside_1","00000551","conflicting","person","dark purple-blue coat; light blue-gray trousers","fabric; shoe color","","person","wearing black jacket; wearing blue jeans; wearing black shoes","2026-10-06T06:14:37.779Z","true","supported","person","dark purple-blue coat; light blue-gray trousers","fabric; shoe color","两人交错时只按本条红框判断，服饰/位置不作永久身份。","初始化索引 550：红框为道路/雪地指定人物，非后出现的另一深色外衣者。","GPT-6 Astra Pro"
"gb","vot","1363","b2bd1e12fddee68e3da7f3c7843425e0993d0ca2cbc507dcc8403142d33012fc","person_outside_1","00000601","conflicting","person","dark purple-blue coat; light blue-gray trousers","fabric; shoe color","","person","dark jacket; light blue jeans; beige shoes","2026-10-06T06:14:40.324Z","true","corrected","person","dark purple-blue coat; light blue-gray trousers","fabric; shoe color","两人交错时只按本条红框判断，服饰/位置不作永久身份。","初始化索引 600：红框为道路/雪地指定人物，非后出现的另一深色外衣者。","GPT-6 Astra Pro"
"gb","vot","1364","4318fdb652a224f308499e596f13e9620198ec6fd8c05b4cf288c9afca64cc38","person_outside_1","00000651","conflicting","person","dark purple-blue coat; light blue-gray trousers","fabric; shoe color","","person","dark jacket; light blue jeans; black shoes","2026-10-06T06:14:48.379Z","true","supported","person","dark purple-blue coat; light blue-gray trousers","fabric; shoe color","两人交错时只按本条红框判断，服饰/位置不作永久身份。","初始化索引 650：红框为道路/雪地指定人物，非后出现的另一深色外衣者。","GPT-6 Astra Pro"
"gb","vot","1365","01682e57e9f87ab3b34d618445298f09eae77809b5f673c454b45abefe67782f","person_outside_1","00000701","conflicting","person","dark hooded coat; brown hood trim; light blue-gray trousers","fabric; shoe color","","person","dark jacket; gray pants; hooded","2026-10-06T06:14:50.980Z","true","supported","person","dark hooded coat; brown hood trim; light blue-gray trousers","fabric; shoe color","两人交错时只按本条红框判断，服饰/位置不作永久身份。","初始化索引 700：红框为道路/雪地指定人物，非后出现的另一深色外衣者。","GPT-6 Astra Pro"
"gb","vot","1366","ee45d7aea6747748c3f754319cc7c132f7a96d952ca5b4617a7e66b55b2683d7","person_outside_1","00000751","conflicting","person","dark purple-blue coat; light blue-gray trousers","fabric; shoe color","","person","dark jacket; blue jeans; beige shoes","2026-10-06T06:14:52.867Z","true","corrected","person","dark purple-blue coat; light blue-gray trousers","fabric; shoe color","两人交错时只按本条红框判断，服饰/位置不作永久身份。","初始化索引 750：红框指定远处浅裤人物，而非更近的深色衣物者，细节不从旁人借用。","GPT-6 Astra Pro"
"gb","vot","1367","737bbfcfd2fcee19e628083850c36f562b1b713b3db71f9c2a560077db27677d","person_outside_1","00000801","conflicting","person","dark purple-blue coat; light blue-gray trousers","fabric; shoe color","","person","wearing dark jacket; wearing jeans; standing outdoors","2026-10-06T06:15:25.995Z","true","supported","person","dark purple-blue coat; light blue-gray trousers","fabric; shoe color","两人交错时只按本条红框判断，服饰/位置不作永久身份。","初始化索引 800：红框指定远处浅裤人物，而非更近的深色衣物者，细节不从旁人借用。","GPT-6 Astra Pro"
"gb","vot","1368","4e5cb18120bae63c1dadf261ff294de4c943f14e834f5d1561e6c6a4e3789ec1","pigeon01_wild_1","00000001","conflicting","pigeon","gray-dark feathers; rounded head and body; short tail","species; fine markings; feet color","","bird","black feathers; round body; feet visible","2026-10-06T06:15:39.787Z","true","supported","bird","gray-dark feathers; rounded head and body; short tail","species; fine markings; feet color","近邻/概览辅助鸟形，不能确认整段同一物理个体。","初始化索引 0：当前为灰黑鸽形鸟，落叶暖色和邻鸟白斑不归给目标。","GPT-6 Astra Pro"
"gb","vot","1369","fb2a470521d239a9269d81c752883dfbec2b338372e9c3b2295759961e8ffe09","pigeon01_wild_1","00000051","conflicting","pigeon","gray-dark feathers; rounded head and body; short tail","species; fine markings; feet color","","bird","gray feathers; standing on ground","2026-10-06T06:15:43.595Z","true","supported","bird","gray-dark feathers; rounded head and body; short tail","species; fine markings; feet color","近邻/概览辅助鸟形，不能确认整段同一物理个体。","初始化索引 50：当前为灰黑鸽形鸟，落叶暖色和邻鸟白斑不归给目标。","GPT-6 Astra Pro"
"gb","vot","1370","619a653ff2da807daf08446b5997a5ed7c9a747883e51dcf44a622439d0932fb","pigeon01_wild_1","00000101","conflicting","pigeon","gray-dark feathers; rounded head and body; short tail","species; fine markings; feet color","","bird","black feathers; round head","2026-10-06T06:15:46.011Z","true","supported","bird","gray-dark feathers; rounded head and body; short tail","species; fine markings; feet color","近邻/概览辅助鸟形，不能确认整段同一物理个体。","初始化索引 100：当前为灰黑鸽形鸟，落叶暖色和邻鸟白斑不归给目标。","GPT-6 Astra Pro"
"gb","vot","1371","cc7ffece1f5911e5c254d7192288aeea4531bed562761d634fbcafb019dcd2be","pigeon01_wild_1","00000151","conflicting","pigeon","gray-dark feathers; rounded head and body; short tail","species; fine markings; feet color","","bird","black and white feathers; small size","2026-10-06T06:15:50.075Z","true","corrected","bird","gray-dark feathers; rounded head and body; short tail","species; fine markings; feet color","近邻/概览辅助鸟形，不能确认整段同一物理个体。","初始化索引 150：当前为灰黑鸽形鸟，落叶暖色和邻鸟白斑不归给目标。","GPT-6 Astra Pro"
"gb","vot","1372","85f06410d355160eda9b693ba6409e5a32457e8fbad0f062a7e74cfaa2d4ee93","pigeon01_wild_1","00000201","conflicting","pigeon","gray-dark feathers; rounded head and body; short tail","species; fine markings; feet color","","bird","brown feathers; small size; standing on ground","2026-10-06T06:15:53.956Z","true","corrected","bird","gray-dark feathers; rounded head and body; short tail","species; fine markings; feet color","近邻/概览辅助鸟形，不能确认整段同一物理个体。","初始化索引 200：当前为灰黑鸽形鸟，落叶暖色和邻鸟白斑不归给目标。","GPT-6 Astra Pro"
"gb","vot","1373","94c484073ce9be84655f41e599912847ae7bb3067b4c0a5bc1a658dfbe7d921d","pigeon01_wild_1","00000251","conflicting","pigeon","dark gray body; blue-green sheen near neck","species; fine markings; feet color","","bird","greenish-blue plumage; feathers; round head","2026-10-06T06:15:57.237Z","true","corrected","bird","dark gray body; blue-green sheen near neck","species; fine markings; feet color","近邻/概览辅助鸟形，不能确认整段同一物理个体。","初始化索引 250：局部颈部反光不能写成整身绿色或蓝色。","GPT-6 Astra Pro"
"gb","vot","1374","460ab2defda9de7e1ea5491ec746e72ef9dd3a3e75b3cfa9a6b78668b63cc0c9","pigeon01_wild_1","00000301","conflicting","pigeon","gray-dark feathers; rounded head and body; short tail","species; fine markings; feet color","","bird","gray feathers; feet visible","2026-10-06T06:16:00.124Z","true","supported","bird","gray-dark feathers; rounded head and body; short tail","species; fine markings; feet color","近邻/概览辅助鸟形，不能确认整段同一物理个体。","初始化索引 300：当前为灰黑鸽形鸟，落叶暖色和邻鸟白斑不归给目标。","GPT-6 Astra Pro"
"gb","vot","1375","35ffaaabc44122138ffce52336f68cb825669404df7235bf3dbc1cbd44121b1a","pigeon01_wild_1","00000351","conflicting","pigeon","gray-dark feathers; rounded head and body; short tail","species; fine markings; feet color","","bird","black feathers; feet visible","2026-10-06T06:16:04.579Z","true","supported","bird","gray-dark feathers; rounded head and body; short tail","species; fine markings; feet color","近邻/概览辅助鸟形，不能确认整段同一物理个体。","初始化索引 350：当前为灰黑鸽形鸟，落叶暖色和邻鸟白斑不归给目标。","GPT-6 Astra Pro"
"gb","vot","1376","1a0f961a5219ef7e78e40e8a9cac631769e533bc7e22f06d0841ee375d674693","pigeon01_wild_1","00000401","conflicting","pigeon","gray-dark feathers; rounded head and body; short tail","species; fine markings; feet color","","bird","black feathers; feet visible","2026-10-06T06:16:07.948Z","true","supported","bird","gray-dark feathers; rounded head and body; short tail","species; fine markings; feet color","近邻/概览辅助鸟形，不能确认整段同一物理个体。","初始化索引 400：当前为灰黑鸽形鸟，落叶暖色和邻鸟白斑不归给目标。","GPT-6 Astra Pro"
"gb","vot","1377","e1e4ba8bf2148d22793dc4bcfb351af8191fb657ea2a60a9d416f505655d1740","pigeon01_wild_1","00000451","conflicting","pigeon","small dark blurred bird-like patch","species; fine markings; feet color","","bird","gray feathers; feet visible","2026-10-06T06:16:12.684Z","true","uncertain","bird","small dark blurred bird-like patch","species; fine markings; feet color","近邻/概览辅助鸟形，不能确认整段同一物理个体。","初始化索引 450：红框小目标模糊或与落叶重叠，鸟类粗判断需近邻辅助，脚和羽纹不确定。","GPT-6 Astra Pro"
"gb","vot","1378","8417ee688f6c3ff8ea78e8bd92424b310efcd388bf7000b70402ed923215e507","pigeon01_wild_1","00000501","conflicting","pigeon","small gray bird-shaped body","species; fine markings; feet color","","bird","gray feathers; feet visible; standing on ground","2026-10-06T06:16:16.229Z","true","corrected","bird","small gray bird-shaped body","species; fine markings; feet color","近邻/概览辅助鸟形，不能确认整段同一物理个体。","初始化索引 500：远处鸟轮廓可辨，脚与羽纹不足以细分类。","GPT-6 Astra Pro"
"gb","vot","1379","536ed9da6ea2f62a794fca8660bea3606b16b9d69fa692193da1a01c1ad9004f","pigeon01_wild_1","00000551","conflicting","pigeon","small dark blurred bird-like patch","species; fine markings; feet color","","bird","black and white feathers; standing on ground","2026-10-06T06:16:20.765Z","true","uncertain","bird","small dark blurred bird-like patch","species; fine markings; feet color","近邻/概览辅助鸟形，不能确认整段同一物理个体。","初始化索引 550：红框小目标模糊或与落叶重叠，鸟类粗判断需近邻辅助，脚和羽纹不确定。","GPT-6 Astra Pro"
"gb","vot","1380","8bde69a6e8462368ff31be0e8e52c4b829c5935577531622b7001f5eb49be7f1","pigeon01_wild_1","00000601","conflicting","pigeon","very small dark indistinct patch","species; fine markings; feet color","","bird","brown feathers; small size","2026-10-06T06:16:24.899Z","true","uncertain","object","very small dark indistinct patch","species; fine markings; feet color","近邻与概览有鸟群，但本条红框对应和单帧细节不足，保留未知。","初始化索引 600：本帧接近边缘/树旁，无法可靠确认鸟形，不用旁边更清楚的鸟替代。","GPT-6 Astra Pro"
"gb","vot","1381","0b708de99ff03b02e6e4770c6ecde2acd25e8a03eda32cf525374ad7c0078601","pigeon01_wild_1","00000651","conflicting","pigeon","very small dark indistinct patch","species; fine markings; feet color","","bird","brown feathers; round body; short legs","2026-10-06T06:16:27.803Z","true","uncertain","object","very small dark indistinct patch","species; fine markings; feet color","近邻与概览有鸟群，但本条红框对应和单帧细节不足，保留未知。","初始化索引 650：本帧接近边缘/树旁，无法可靠确认鸟形，不用旁边更清楚的鸟替代。","GPT-6 Astra Pro"
"gb","vot","1382","dd73d775a022104d86686f16226061d346172c0ed4b85025477519b4b4f7824c","pigeon01_wild_1","00000663","conflicting","pigeon","small dark blurred bird-like patch","species; fine markings; feet color","","bird","brown feathers; short tail","2026-10-06T06:16:42.044Z","true","uncertain","bird","small dark blurred bird-like patch","species; fine markings; feet color","近邻/概览辅助鸟形，不能确认整段同一物理个体。","初始化索引 662：红框小目标模糊或与落叶重叠，鸟类粗判断需近邻辅助，脚和羽纹不确定。","GPT-6 Astra Pro"
"gb","vot","1383","a40ac83791c64da03ba7dab915c3746ac661f6a292f5a1277cc6f35e0a1a5eb7","pigeon02_wild_1","00000001","conflicting","pigeon","gray-dark feathers; rounded head and body; short tail","species; fine markings; feet color","","bird","gray feathers; small size; feet visible","2026-10-06T06:16:46.499Z","true","supported","bird","gray-dark feathers; rounded head and body; short tail","species; fine markings; feet color","近邻/概览辅助鸟形，不能确认整段同一物理个体。","初始化索引 0：当前为灰黑鸽形鸟，落叶暖色和邻鸟白斑不归给目标。","GPT-6 Astra Pro"
"gb","vot","1384","b7d44b94dfff885706e6099c530f9ce6fc331541e352c3e567b615ccc1e12d6d","pigeon02_wild_1","00000051","conflicting","pigeon","gray-dark feathers; rounded head and body; short tail","species; fine markings; feet color","","bird","gray feathers; feet visible","2026-10-06T06:16:53.643Z","true","supported","bird","gray-dark feathers; rounded head and body; short tail","species; fine markings; feet color","近邻/概览辅助鸟形，不能确认整段同一物理个体。","初始化索引 50：当前为灰黑鸽形鸟，落叶暖色和邻鸟白斑不归给目标。","GPT-6 Astra Pro"
"gb","vot","1385","f65d8e774858d4f0e3b157fd49c0cbc94c9d0b5e2b3157c9cba5a53ebc103185","pigeon02_wild_1","00000101","conflicting","pigeon","gray-dark feathers; rounded head and body; short tail","species; fine markings; feet color","","bird","gray feathers; black head","2026-10-06T06:16:59.883Z","true","corrected","bird","gray-dark feathers; rounded head and body; short tail","species; fine markings; feet color","近邻/概览辅助鸟形，不能确认整段同一物理个体。","初始化索引 100：当前为灰黑鸽形鸟，落叶暖色和邻鸟白斑不归给目标。","GPT-6 Astra Pro"
"gb","vot","1386","5759b6460673b28c94f9febfcb672e69a1ecce0cc83667dd85f0834f653de658","pigeon02_wild_1","00000151","conflicting","pigeon","gray-dark feathers; rounded head and body; short tail","species; fine markings; feet color","","bird","gray feathers; feet visible; standing on ground","2026-10-06T06:17:02.643Z","true","supported","bird","gray-dark feathers; rounded head and body; short tail","species; fine markings; feet color","近邻/概览辅助鸟形，不能确认整段同一物理个体。","初始化索引 150：当前为灰黑鸽形鸟，落叶暖色和邻鸟白斑不归给目标。","GPT-6 Astra Pro"
"gb","vot","1387","aed7231afe69b884b4c012d5d1abbb8dbcd0275c06bd0f748941832839ed206d","pigeon02_wild_1","00000201","conflicting","pigeon","gray-dark feathers; rounded head and body; short tail","species; fine markings; feet color","","bird","blue feathers; feet on ground; head turned","2026-10-06T06:17:04.883Z","true","corrected","bird","gray-dark feathers; rounded head and body; short tail","species; fine markings; feet color","近邻/概览辅助鸟形，不能确认整段同一物理个体。","初始化索引 200：当前为灰黑鸽形鸟，落叶暖色和邻鸟白斑不归给目标。","GPT-6 Astra Pro"
"gb","vot","1388","854bc30ecc2155ef3d8acf9c0d12834300d3c61e26f1b76f88f6619360bd84f5","pigeon02_wild_1","00000251","conflicting","pigeon","gray-dark feathers; rounded head and body; short tail","species; fine markings; feet color","","bird","gray feathers; feet visible; standing on ground","2026-10-06T06:17:08.380Z","true","supported","bird","gray-dark feathers; rounded head and body; short tail","species; fine markings; feet color","近邻/概览辅助鸟形，不能确认整段同一物理个体。","初始化索引 250：当前为灰黑鸽形鸟，落叶暖色和邻鸟白斑不归给目标。","GPT-6 Astra Pro"
"gb","vot","1389","08b69b9818f0409c81b8c6fefdbafd883902b8523845230e22442e1caf362dd7","pigeon02_wild_1","00000296","conflicting","pigeon","gray-dark feathers; rounded head and body; short tail","species; fine markings; feet color","","bird","gray feathers; feet on ground","2026-10-06T06:17:10.891Z","true","supported","bird","gray-dark feathers; rounded head and body; short tail","species; fine markings; feet color","近邻/概览辅助鸟形，不能确认整段同一物理个体。","初始化索引 295：当前为灰黑鸽形鸟，落叶暖色和邻鸟白斑不归给目标。","GPT-6 Astra Pro"
"gb","vot","1390","a1d56eda7079b87a663ec784ce8a9551f9dc1b38e4123c78f720aca0b10d0382","pigeon04_wild_1","00000001","conflicting","pigeon","dark bird body; neck and tail silhouette","species; fine markings; feet color","","bird","gray feathers; wet","2026-10-06T06:17:16.556Z","true","corrected","bird","dark bird body; neck and tail silhouette","species; fine markings; feet color","近邻/概览辅助鸟形，不能确认整段同一物理个体。","初始化索引 0：红框为水边深色鸟，脚色、蹼形及羽毛湿润状态不确认。","GPT-6 Astra Pro"
"gb","vot","1391","bd08b04c2cd705196978044e628489977c448b1a51c2882af4899520c5e67fcb","pigeon04_wild_1","00000051","conflicting","pigeon","dark bird body; neck and tail silhouette","species; fine markings; feet color","","bird","black feathers; feet visible","2026-10-06T06:17:20.540Z","true","corrected","bird","dark bird body; neck and tail silhouette","species; fine markings; feet color","近邻/概览辅助鸟形，不能确认整段同一物理个体。","初始化索引 50：红框为水边深色鸟，脚色、蹼形及羽毛湿润状态不确认。","GPT-6 Astra Pro"
"gb","vot","1392","7dd7f85fc9919141dcc0c8b9dc7f2ef7a30db3cc0d08a25d3efab7a5bcc5312b","pigeon04_wild_1","00000098","conflicting","pigeon","dark blurred bird silhouette","species; fine markings; feet color","","bird","black feathers; feet with orange webbed feet","2026-10-06T06:17:24.227Z","true","uncertain","bird","dark blurred bird silhouette","species; fine markings; feet color","近邻/概览辅助鸟形，不能确认整段同一物理个体。","初始化索引 97：本帧靠边且模糊，不确认脚色或蹼形。","GPT-6 Astra Pro"
"gb","vot","1393","5d3a1801285533c17111f5f4153d08d516c174e8b3f365b0f34550e46baf7fc8","pot_indoor_1","00000001","conflicting","pot","very dark rounded silhouette","category; material; face or clock details","","mask","dark fabric; textured","2026-10-06T06:18:13.475Z","true","uncertain","object","very dark rounded silhouette","category; material; face or clock details","概览同样暗，未提供足够用途证据，不按文件名判锅。","初始化索引 0：低光下只见圆/曲面暗物，不能确认容器、帽等用途，更非可确定的人头或钟。","GPT-6 Astra Pro"
"gb","vot","1394","1fef314ca2e7b3ab37097f6b1ca2154056a0cf61fc2e6b719c95aa274e0a2263","pot_indoor_1","00000031","conflicting","pot","very dark rounded silhouette","category; material; face or clock details","","object","dark; shiny","2026-10-06T06:18:22.395Z","true","uncertain","object","very dark rounded silhouette","category; material; face or clock details","概览同样暗，未提供足够用途证据，不按文件名判锅。","初始化索引 30：低光下只见圆/曲面暗物，不能确认容器、帽等用途，更非可确定的人头或钟。","GPT-6 Astra Pro"
"gb","vot","1395","e0469a5ca07df4cff42e8c508b2ac8351a2bd5052b5b033ffb0bbd9a897e2432","pot_indoor_2","00000001","conflicting","pot","very dark rounded silhouette","category; material; face or clock details","","head","dark hair; round face","2026-10-06T06:18:32.740Z","true","uncertain","object","very dark rounded silhouette","category; material; face or clock details","概览同样暗，未提供足够用途证据，不按文件名判锅。","初始化索引 0：低光下只见圆/曲面暗物，不能确认容器、帽等用途，更非可确定的人头或钟。","GPT-6 Astra Pro"
"gb","vot","1396","7fa7e0c33d4beb15edecfaefcdca020b9f84a074a4d2c83001f62f9f5694ea4c","pot_indoor_2","00000051","conflicting","pot","very dark rounded silhouette","category; material; face or clock details","","computer monitor","black screen; red border","2026-10-06T06:18:36.956Z","true","uncertain","object","very dark rounded silhouette","category; material; face or clock details","概览同样暗，未提供足够用途证据，不按文件名判锅。","初始化索引 50：低光下只见圆/曲面暗物，不能确认容器、帽等用途，更非可确定的人头或钟。","GPT-6 Astra Pro"
"gb","vot","1397","b7529a26806906e39313b3a7c3b6af8b82604248a67295a2fb5409a9e55f9f58","pot_indoor_2","00000090","conflicting","pot","very dark rounded silhouette","category; material; face or clock details","","head","dark hair; round face","2026-10-06T06:18:39.059Z","true","uncertain","object","very dark rounded silhouette","category; material; face or clock details","概览同样暗，未提供足够用途证据，不按文件名判锅。","初始化索引 89：低光下只见圆/曲面暗物，不能确认容器、帽等用途，更非可确定的人头或钟。","GPT-6 Astra Pro"
"gb","vot","1398","472d0a6604a9ab90e14192f82fd3d80b6f069017c54c9dd8c5c9641313c7cfa4","pot_indoor_3","00000001","conflicting","pot","very dark rounded silhouette","category; material; face or clock details","","clock","dark face; indistinct hands","2026-10-06T06:18:42.787Z","true","uncertain","object","very dark rounded silhouette","category; material; face or clock details","概览同样暗，未提供足够用途证据，不按文件名判锅。","初始化索引 0：低光下只见圆/曲面暗物，不能确认容器、帽等用途，更非可确定的人头或钟。","GPT-6 Astra Pro"
"gb","vot","1399","abb47e3bc31a76b44cfd0e04cc585ba03252778d4f9d4846453fd77bb0e8e0bc","pot_indoor_3","00000051","conflicting","pot","low-contrast dark patch","category; material; face or clock details","","object","dark silhouette; blurry","2026-10-06T06:18:44.955Z","true","uncertain","object","low-contrast dark patch","category; material; face or clock details","概览同样暗，未提供足够用途证据，不按文件名判锅。","初始化索引 50：红框目标与深背景融合，不能靠相邻摆件补出类型。","GPT-6 Astra Pro"
"gb","vot","1400","28ab83ef9ee719ed47896cad450c1ee417bc574b57de322d1e9a4b0d9b77b8c5","pot_indoor_3","00000101","conflicting","pot","low-contrast dark patch","category; material; face or clock details","","teddy bear","black fur; sitting posture","2026-10-06T06:18:49.155Z","true","uncertain","object","low-contrast dark patch","category; material; face or clock details","概览同样暗，未提供足够用途证据，不按文件名判锅。","初始化索引 100：红框目标与深背景融合，不能靠相邻摆件补出类型。","GPT-6 Astra Pro"
"gb","vot","1401","5c711388300211c0e2ddc02c191ecf51e990f7511e08aeb9e68dbd32f59f2294","pot_indoor_3","00000151","conflicting","pot","low-contrast dark patch","category; material; face or clock details","","object","dark; smooth","2026-10-06T06:18:52.517Z","true","uncertain","object","low-contrast dark patch","category; material; face or clock details","概览同样暗，未提供足够用途证据，不按文件名判锅。","初始化索引 150：红框目标与深背景融合，不能靠相邻摆件补出类型。","GPT-6 Astra Pro"
"gb","vot","1402","59c1173e56cf14aa1ec8d60ac973f61ec08f0e77c6a44cebcb7b7f94db814818","pot_indoor_3","00000175","conflicting","pot","low-contrast dark patch","category; material; face or clock details","","mouse","black; smooth surface","2026-10-06T06:18:55.259Z","true","uncertain","object","low-contrast dark patch","category; material; face or clock details","概览同样暗，未提供足够用途证据，不按文件名判锅。","初始化索引 174：红框目标与深背景融合，不能靠相邻摆件补出类型。","GPT-6 Astra Pro"
"gb","vot","1403","79ee61880cfc120730981707407c9994259fab8ad81a8ed2b3ff747a5574a79d","robot_corridor_occ_1_1","00000001","conflicting","mobile robot","blue-purple low platform; pale upper unit; dark wheels","wheel count; laser pointer; material; model","","robot","blue and white; rectangular shape; wheels","2026-10-06T06:19:01.100Z","true","supported","mobile robot","blue-purple low platform; pale upper unit; dark wheels","wheel count; laser pointer; material; model","","初始化索引 0：红框为低矮轮式机器人，不是普通滑板或轮椅。","GPT-6 Astra Pro"
"gb","vot","1404","1dcd86bd9c87c2cea81ad4e006c64de3b8ddb2fec2999f94246a7fa6450387ee","robot_corridor_occ_1_1","00000051","conflicting","mobile robot","blue-purple low platform; pale upper unit; dark wheels","wheel count; laser pointer; material; model","","robot","blue body; white top; four wheels; laser pointer","2026-10-06T06:19:02.388Z","true","corrected","mobile robot","blue-purple low platform; pale upper unit; dark wheels","wheel count; laser pointer; material; model","","初始化索引 50：红框为低矮轮式机器人，不是普通滑板或轮椅。","GPT-6 Astra Pro"
"gb","vot","1405","c5c76a6f47611b86eb3a8eb7215be0473ee1c7edb0604d1626cf2fa51cc38229","robot_corridor_occ_1_1","00000101","conflicting","mobile robot","blue-purple low platform; pale upper unit; dark wheels","wheel count; laser pointer; material; model","","robot","blue; rectangular; four wheels","2026-10-06T06:19:04.021Z","true","corrected","mobile robot","blue-purple low platform; pale upper unit; dark wheels","wheel count; laser pointer; material; model","","初始化索引 100：红框为低矮轮式机器人，不是普通滑板或轮椅。","GPT-6 Astra Pro"
"gb","vot","1406","fdb5e64785e5f73b7473275813f4e2675c121f24227700fff8b1a5ae3b4d6f78","robot_corridor_occ_1_1","00000151","conflicting","mobile robot","blue-purple low platform; pale upper unit; dark wheels","wheel count; laser pointer; material; model","","robot","blue body; black wheels; white top","2026-10-06T06:19:05.123Z","true","supported","mobile robot","blue-purple low platform; pale upper unit; dark wheels","wheel count; laser pointer; material; model","","初始化索引 150：红框为低矮轮式机器人，不是普通滑板或轮椅。","GPT-6 Astra Pro"
"gb","vot","1407","011502d8ce40edc9c644480d5a05ab3b01a20ee7f35358ce63d992450c895766","robot_corridor_occ_1_1","00000201","conflicting","mobile robot","blue-purple low platform; pale upper unit; dark wheels","wheel count; laser pointer; material; model","","robot","blue; rectangular; metallic","2026-10-06T06:19:09.133Z","true","corrected","mobile robot","blue-purple low platform; pale upper unit; dark wheels","wheel count; laser pointer; material; model","","初始化索引 200：红框为低矮轮式机器人，不是普通滑板或轮椅。","GPT-6 Astra Pro"
"gb","vot","1408","426a6466d8fdc73130cdd83906a64ca1641db65b30a7fc7905dd84495c8e50a9","robot_corridor_occ_1_1","00000251","conflicting","mobile robot","blue-purple low platform; pale upper unit; dark wheels","wheel count; laser pointer; material; model","","robot","blue and white; rectangular shape; four wheels","2026-10-06T06:19:11.915Z","true","corrected","mobile robot","blue-purple low platform; pale upper unit; dark wheels","wheel count; laser pointer; material; model","","初始化索引 250：红框为低矮轮式机器人，不是普通滑板或轮椅。","GPT-6 Astra Pro"
"gb","vot","1409","f849d86396974e2e45ad0305dd8b9733c1982c1e6ea22a2977f2f64b3ade1299","robot_corridor_occ_1_1","00000301","conflicting","mobile robot","blue-purple low platform; pale upper unit; dark wheels","wheel count; laser pointer; material; model","","robot","blue and white; four wheels; rectangular shape","2026-10-06T06:19:13.828Z","true","corrected","mobile robot","blue-purple low platform; pale upper unit; dark wheels","wheel count; laser pointer; material; model","","初始化索引 300：红框为低矮轮式机器人，不是普通滑板或轮椅。","GPT-6 Astra Pro"
"gb","vot","1410","e008410f3bb522171e13c21802fa24d5defadcf53a65168c655b97a6f27cdd81","robot_corridor_occ_1_1","00000351","conflicting","mobile robot","blue-purple low platform; pale upper unit; dark wheels","wheel count; laser pointer; material; model","","robot","blue and purple; rectangular shape; wheels","2026-10-06T06:19:15.923Z","true","supported","mobile robot","blue-purple low platform; pale upper unit; dark wheels","wheel count; laser pointer; material; model","","初始化索引 350：红框为低矮轮式机器人，不是普通滑板或轮椅。","GPT-6 Astra Pro"
"gb","vot","1411","de4ab339a1425b928eae794c1c392555e129ed764c179ed80590875efe05af27","robot_corridor_occ_1_1","00000380","conflicting","mobile robot","blue-purple side platform; visible wheels; pale upper components","wheel count; laser pointer; material; model","","wheelchair","black wheels; metal frame; blue cushion","2026-10-06T06:19:19.499Z","true","corrected","mobile robot","blue-purple side platform; visible wheels; pale upper components","wheel count; laser pointer; material; model","","初始化索引 379：可見轮式侧面，但没有轮椅靠背和软坐垫依据。","GPT-6 Astra Pro"
"gb","vot","1412","1c5a1270bca45cb2ad2ef08d2a89227956eca52fe29840d049f09933e960afad","robot_human_corridor_noocc_1_B_1","00000001","conflicting","person","black short-sleeved top; blue-dark trousers; short hair","age; fabric; held object","","person","sitting; wearing black t-shirt; dark hair; beard","2026-10-06T06:19:21.701Z","true","supported","person","black short-sleeved top; blue-dark trousers; short hair","age; fabric; held object","平台运动与坐姿只作当前上下文，不作身份属性。","初始化索引 0：红框是坐在轮式平台上的人物，不是平台本身，不能由距离/姿态判断儿童。","GPT-6 Astra Pro"
"gb","vot","1413","abf21fbc7b68f8cb5a7b33eab23436fe6fdbcaeb44469bb59f4014a7c00e0318","robot_human_corridor_noocc_1_B_1","00000051","conflicting","person","black short-sleeved top; blue-dark trousers; short hair","age; fabric; held object","","person","wearing black shirt; sitting on a skateboard; dark hair","2026-10-06T06:19:23.859Z","true","corrected","person","black short-sleeved top; blue-dark trousers; short hair","age; fabric; held object","平台运动与坐姿只作当前上下文，不作身份属性。","初始化索引 50：红框是坐在轮式平台上的人物，不是平台本身，不能由距离/姿态判断儿童。","GPT-6 Astra Pro"
"gb","vot","1414","cfb210c4ab031625b109fb585de43b8a42f3a394d8bb544a2384d61ac8e81964","robot_human_corridor_noocc_1_B_1","00000101","conflicting","person","black short-sleeved top; blue-dark trousers; short hair","age; fabric; held object","","person","dark shirt; blue jeans; sitting","2026-10-06T06:19:27.467Z","true","supported","person","black short-sleeved top; blue-dark trousers; short hair","age; fabric; held object","平台运动与坐姿只作当前上下文，不作身份属性。","初始化索引 100：红框是坐在轮式平台上的人物，不是平台本身，不能由距离/姿态判断儿童。","GPT-6 Astra Pro"
"gb","vot","1415","fab0fdc4e587da916ad342803c7054712b3fe5a7a31ff1c33e8105dd18018034","robot_human_corridor_noocc_1_B_1","00000151","conflicting","person","black short-sleeved top; blue-dark trousers; short hair","age; fabric; held object","","person","sitting; wearing black shirt; wearing blue pants; holding a cane","2026-10-06T06:19:36.084Z","true","corrected","person","black short-sleeved top; blue-dark trousers; short hair","age; fabric; held object","平台运动与坐姿只作当前上下文，不作身份属性。","初始化索引 150：目标为黑短袖人物，手旁小件不够清晰，不能确认拐杖或相机。","GPT-6 Astra Pro"
"gb","vot","1416","158487470bd92847358226f0a7fe3e885e17526cbb509b186fd1f60e20fdb0b1","robot_human_corridor_noocc_1_B_1","00000201","conflicting","person","black short-sleeved top; blue-dark trousers; short hair","age; fabric; held object","","person","wearing black shirt; sitting on a skateboard; holding a camera","2026-10-06T06:19:38.308Z","true","corrected","person","black short-sleeved top; blue-dark trousers; short hair","age; fabric; held object","平台运动与坐姿只作当前上下文，不作身份属性。","初始化索引 200：目标为黑短袖人物，手旁小件不够清晰，不能确认拐杖或相机。","GPT-6 Astra Pro"
"gb","vot","1417","d15aad0a81e6396caf29fee65120d8ee50daf1e5af0da7085befe4eeebc0e161","robot_human_corridor_noocc_1_B_1","00000251","conflicting","person","black short-sleeved top; blue-dark trousers; short hair","age; fabric; held object","","person","wearing black jacket; sitting on toy car","2026-10-06T06:19:43.788Z","true","corrected","person","black short-sleeved top; blue-dark trousers; short hair","age; fabric; held object","平台运动与坐姿只作当前上下文，不作身份属性。","初始化索引 250：目标穿黑短袖，不是已确认的夹克；承载平台也不直接判为玩具车。","GPT-6 Astra Pro"
"gb","vot","1418","82e1a0733d6ba03ca104f326bee17758ba6d0f9d9a0068edb6898dde726efb74","robot_human_corridor_noocc_1_B_1","00000301","conflicting","person","black short-sleeved top; dark lower clothing; short-hair rear or side silhouette","age; fabric; held object","","person","dark clothing; short hair","2026-10-06T06:19:59.948Z","true","supported","person","black short-sleeved top; dark lower clothing; short-hair rear or side silhouette","age; fabric; held object","平台运动与坐姿只作当前上下文，不作身份属性。","初始化索引 300：红框是坐在轮式平台上的人物，不是平台本身，不能由距离/姿态判断儿童。","GPT-6 Astra Pro"
"gb","vot","1419","c452a90d50d4812a0e7599084fad21e3e209690e00009514b174681a13d588df","robot_human_corridor_noocc_1_B_1","00000351","conflicting","person","black short-sleeved top; dark lower clothing; short-hair rear or side silhouette","age; fabric; held object","","person","dark clothing; short hair","2026-10-06T06:20:03.333Z","true","supported","person","black short-sleeved top; dark lower clothing; short-hair rear or side silhouette","age; fabric; held object","平台运动与坐姿只作当前上下文，不作身份属性。","初始化索引 350：红框是坐在轮式平台上的人物，不是平台本身，不能由距离/姿态判断儿童。","GPT-6 Astra Pro"
"gb","vot","1420","fac5fd8971e176f1f4300ede16bd5ecc5a8c8ab5ada4dd4e5983ed6713f63cbf","robot_human_corridor_noocc_1_B_1","00000401","conflicting","person","black short-sleeved top; dark lower clothing; short-hair rear or side silhouette","age; fabric; held object","","person","dark clothing; short hair","2026-10-06T06:20:05.083Z","true","supported","person","black short-sleeved top; dark lower clothing; short-hair rear or side silhouette","age; fabric; held object","平台运动与坐姿只作当前上下文，不作身份属性。","初始化索引 400：红框是坐在轮式平台上的人物，不是平台本身，不能由距离/姿态判断儿童。","GPT-6 Astra Pro"
"gb","vot","1421","3ac3e156507f889af03230a952e1b3feddd33fb700165e63f11e9dfc4b03005a","robot_human_corridor_noocc_1_B_1","00000451","conflicting","person","black short-sleeved top; dark lower clothing; short-hair rear or side silhouette","age; fabric; held object","","person","dark clothing; sitting on a toy vehicle","2026-10-06T06:20:06.323Z","true","corrected","person","black short-sleeved top; dark lower clothing; short-hair rear or side silhouette","age; fabric; held object","平台运动与坐姿只作当前上下文，不作身份属性。","初始化索引 450：红框是坐在轮式平台上的人物，不是平台本身，不能由距离/姿态判断儿童。","GPT-6 Astra Pro"
"gb","vot","1422","8abfbce7775d7ca269d7b28c60dafd59e0472ba5b7586a63b5f814d3d0b47c5a","robot_human_corridor_noocc_1_B_1","00000501","conflicting","person","black short-sleeved top; dark lower clothing; short-hair rear or side silhouette","age; fabric; held object","","person","dark shirt; short hair","2026-10-06T06:20:07.403Z","true","supported","person","black short-sleeved top; dark lower clothing; short-hair rear or side silhouette","age; fabric; held object","平台运动与坐姿只作当前上下文，不作身份属性。","初始化索引 500：红框是坐在轮式平台上的人物，不是平台本身，不能由距离/姿态判断儿童。","GPT-6 Astra Pro"
"gb","vot","1423","6f80029d9c9949aeab8f908a3ce37dddfc26ce472175281307611fce802d4d54","robot_human_corridor_noocc_1_B_1","00000551","conflicting","person","black short-sleeved top; dark lower clothing; short-hair rear or side silhouette","age; fabric; held object","","person","dark shirt; short hair","2026-10-06T06:20:08.516Z","true","supported","person","black short-sleeved top; dark lower clothing; short-hair rear or side silhouette","age; fabric; held object","平台运动与坐姿只作当前上下文，不作身份属性。","初始化索引 550：红框是坐在轮式平台上的人物，不是平台本身，不能由距离/姿态判断儿童。","GPT-6 Astra Pro"
"gb","vot","1424","8c2d6136ff723efb6d69b5838002db7865a02d94a8440b061e17d3f81519498a","robot_human_corridor_noocc_1_B_1","00000601","conflicting","person","black short-sleeved top; blue-dark trousers; short hair","age; fabric; held object","","child","short hair; black shirt","2026-10-06T06:20:09.676Z","true","corrected","person","black short-sleeved top; blue-dark trousers; short hair","age; fabric; held object","平台运动与坐姿只作当前上下文，不作身份属性。","初始化索引 600：红框是坐在轮式平台上的人物，不是平台本身，不能由距离/姿态判断儿童。","GPT-6 Astra Pro"
"gb","vot","1425","b39f706e8fcd0361dd4e7ab73a9cdb8ef56f8206930fd85cfc222efe22a7ee99","robot_human_corridor_noocc_1_B_1","00000651","conflicting","person","black short-sleeved top; blue-dark trousers; short hair","age; fabric; held object","","person","sitting; wearing black shirt; black pants","2026-10-06T06:20:10.724Z","true","supported","person","black short-sleeved top; blue-dark trousers; short hair","age; fabric; held object","平台运动与坐姿只作当前上下文，不作身份属性。","初始化索引 650：红框是坐在轮式平台上的人物，不是平台本身，不能由距离/姿态判断儿童。","GPT-6 Astra Pro"
"gb","vot","1426","b89f15deb3f5e3c12971824357ecfac3928de1ec0159290f75b7eaaac221074a","robot_human_corridor_noocc_1_B_1","00000701","conflicting","person","black short-sleeved top; dark lower clothing; short-hair rear or side silhouette","age; fabric; held object","","person","sitting; wearing black shirt; black pants","2026-10-06T06:20:15.115Z","true","supported","person","black short-sleeved top; dark lower clothing; short-hair rear or side silhouette","age; fabric; held object","平台运动与坐姿只作当前上下文，不作身份属性。","初始化索引 700：红框是坐在轮式平台上的人物，不是平台本身，不能由距离/姿态判断儿童。","GPT-6 Astra Pro"
"gb","vot","1427","960058e9e64c0bbcb1fdf66b859a90b28a662d26f4698c74addb8739c47d2767","robot_human_corridor_noocc_1_B_1","00000751","conflicting","person","black short-sleeved top; dark lower clothing; short-hair rear or side silhouette","age; fabric; held object","","person","dark shirt; short hair","2026-10-06T06:20:19.045Z","true","supported","person","black short-sleeved top; dark lower clothing; short-hair rear or side silhouette","age; fabric; held object","平台运动与坐姿只作当前上下文，不作身份属性。","初始化索引 750：红框是坐在轮式平台上的人物，不是平台本身，不能由距离/姿态判断儿童。","GPT-6 Astra Pro"
"gb","vot","1428","d363e1833e00531d0a6e12999ebbefb189d539c674a8dbd2a14034337957a356","robot_human_corridor_noocc_1_B_1","00000801","conflicting","person","black short-sleeved top; dark lower clothing; short-hair rear or side silhouette","age; fabric; held object","","child","wearing dark shirt; sitting on toy vehicle","2026-10-06T06:20:22.899Z","true","corrected","person","black short-sleeved top; dark lower clothing; short-hair rear or side silhouette","age; fabric; held object","平台运动与坐姿只作当前上下文，不作身份属性。","初始化索引 800：红框是坐在轮式平台上的人物，不是平台本身，不能由距离/姿态判断儿童。","GPT-6 Astra Pro"
"gb","vot","1429","c94848b58d2adbc301c7f62b8d057b6f9aa0c6329e46762b879e60469268e044","robot_human_corridor_noocc_1_B_1","00000851","conflicting","person","black short-sleeved top; dark lower clothing; short-hair rear or side silhouette","age; fabric; held object","","person","dark shirt; short hair","2026-10-06T06:20:25.876Z","true","supported","person","black short-sleeved top; dark lower clothing; short-hair rear or side silhouette","age; fabric; held object","平台运动与坐姿只作当前上下文，不作身份属性。","初始化索引 850：红框是坐在轮式平台上的人物，不是平台本身，不能由距离/姿态判断儿童。","GPT-6 Astra Pro"
"gb","vot","1430","66d73946b0e845912277f4354b36321827bf7f6d64ecdfdfe3889761c701270a","robot_human_corridor_noocc_1_B_1","00000897","conflicting","person","black short-sleeved top; dark lower clothing; short-hair rear or side silhouette","age; fabric; held object","","person","short hair; black shirt","2026-10-06T06:20:29.043Z","true","supported","person","black short-sleeved top; dark lower clothing; short-hair rear or side silhouette","age; fabric; held object","平台运动与坐姿只作当前上下文，不作身份属性。","初始化索引 896：红框是坐在轮式平台上的人物，不是平台本身，不能由距离/姿态判断儿童。","GPT-6 Astra Pro"
"gb","vot","1431","abe139fc788fc6d51c1e7fa5171a8191b8f0e83367b3d540d766dd7d3677e2ea","robot_lab_occ_1","00000001","conflicting","mobile robot","gray frame; dark platform; patterned wheels; circular upper parts","material; sensor function; wheel count; print","","electronic equipment","gray; rectangular; industrial; text 'live'","2026-10-06T06:20:33.435Z","true","corrected","mobile robot","gray frame; dark platform; patterned wheels; circular upper parts","material; sensor function; wheel count; print","","初始化索引 0：红框为带轮框架机器人，而非单独板件/黄色部件，不推定传感器型号。","GPT-6 Astra Pro"
"gb","vot","1432","6192ca8ee55993931813545c3fce694bf139d84d2bbfca09c0bf3716a3b19f94","robot_lab_occ_1","00000051","conflicting","mobile robot","gray frame; dark platform; patterned wheels; circular upper parts","material; sensor function; wheel count; print","","robotic vehicle","black and silver; four wheels; front lights; liver printed on front","2026-10-06T06:20:36.476Z","true","corrected","mobile robot","gray frame; dark platform; patterned wheels; circular upper parts","material; sensor function; wheel count; print","","初始化索引 50：红框为带轮框架机器人，而非单独板件/黄色部件，不推定传感器型号。","GPT-6 Astra Pro"
"gb","vot","1433","e5651d99caa22ec2b802f629c85d7185ffea45641e0cdc1f417a4c413d72f0bb","robot_lab_occ_1","00000101","conflicting","mobile robot","gray frame; dark platform; patterned wheels; circular upper parts","material; sensor function; wheel count; print","","robot","metallic body; sawtooth wheels; LED lights on top","2026-10-06T06:20:38.076Z","true","corrected","mobile robot","gray frame; dark platform; patterned wheels; circular upper parts","material; sensor function; wheel count; print","","初始化索引 100：红框为带轮框架机器人，而非单独板件/黄色部件，不推定传感器型号。","GPT-6 Astra Pro"
"gb","vot","1434","d33078dfc905fe7d39c3424ddc44b172c437be17241bae006144593c67c3d885","robot_lab_occ_1","00000151","conflicting","mobile robot","gray frame; dark platform; patterned wheels; circular upper parts","material; sensor function; wheel count; print","","robot","black wheels; white body; text on body","2026-10-06T06:20:41.948Z","true","supported","mobile robot","gray frame; dark platform; patterned wheels; circular upper parts","material; sensor function; wheel count; print","","初始化索引 150：红框为带轮框架机器人，而非单独板件/黄色部件，不推定传感器型号。","GPT-6 Astra Pro"
"gb","vot","1435","d1575c8a265b45a8688511d482877dca000836f212ff8428ebed14f73571c1f9","robot_lab_occ_1","00000201","conflicting","mobile robot","gray frame; dark platform; patterned wheels; circular upper parts","material; sensor function; wheel count; print","","robot","black wheels; white body; red rectangle","2026-10-06T06:20:45.388Z","true","corrected","mobile robot","gray frame; dark platform; patterned wheels; circular upper parts","material; sensor function; wheel count; print","","初始化索引 200：红框为带轮框架机器人，而非单独板件/黄色部件，不推定传感器型号。","GPT-6 Astra Pro"
"gb","vot","1436","df0d1075db4a95d3835d3b71c8a441f7c16979e868478482b1d362b78155eabc","robot_lab_occ_1","00000251","conflicting","mobile robot","gray frame; dark platform; patterned wheels; circular upper parts","material; sensor function; wheel count; print","","robot","black wheels; metallic body; open lid","2026-10-06T06:20:49.093Z","true","corrected","mobile robot","gray frame; dark platform; patterned wheels; circular upper parts","material; sensor function; wheel count; print","","初始化索引 250：红框为带轮框架机器人，而非单独板件/黄色部件，不推定传感器型号。","GPT-6 Astra Pro"
"gb","vot","1437","4b595a184fe987453534036fe1987956d472374f8eb531183812476dd1ab9319","robot_lab_occ_1","00000301","conflicting","mobile robot","gray open frame; yellow rounded panel; dark wheel platform","material; sensor function; wheel count; print","","robot","black wheels; yellow light; metallic body","2026-10-06T06:20:53.371Z","true","corrected","mobile robot","gray open frame; yellow rounded panel; dark wheel platform","material; sensor function; wheel count; print","","初始化索引 300：黄圆件附在灰色机器人上，不是单独黄球；具体功能未知。","GPT-6 Astra Pro"
"gb","vot","1438","5f4a99c7baff2eb6ab57d4d9d8359c52e9b979ab76896a1e34af3849d510660f","robot_lab_occ_1","00000351","conflicting","mobile robot","gray open frame; yellow rounded panel; dark wheel platform","material; sensor function; wheel count; print","","robotic device","gray body; yellow dome-shaped component; black wheels","2026-10-06T06:20:55.044Z","true","supported","mobile robot","gray open frame; yellow rounded panel; dark wheel platform","material; sensor function; wheel count; print","","初始化索引 350：黄圆件附在灰色机器人上，不是单独黄球；具体功能未知。","GPT-6 Astra Pro"
"gb","vot","1439","21c07b9a2bb76cbc81c4bef916a1b5165de3030a28caae1250b4e7f2a6de5011","robot_lab_occ_1","00000401","conflicting","mobile robot","gray open frame; yellow rounded panel; dark wheel platform","material; sensor function; wheel count; print","","robotic arm","yellow and black; rectangular; articulated","2026-10-06T06:20:56.435Z","true","corrected","mobile robot","gray open frame; yellow rounded panel; dark wheel platform","material; sensor function; wheel count; print","","初始化索引 400：黄圆件附在灰色机器人上，不是单独黄球；具体功能未知。","GPT-6 Astra Pro"
"gb","vot","1440","a1e0cd3255dc8fe6c4923b4b91bcf79ed233b5eb744613a9dd24c126d64e9246","robot_lab_occ_1","00000451","conflicting","mobile robot","gray upper rails and frame; yellow round panel; dark lower parts","material; sensor function; wheel count; print","","yellow object","round shape; metallic surface","2026-10-06T06:21:02.787Z","true","corrected","mobile robot","gray upper rails and frame; yellow round panel; dark lower parts","material; sensor function; wheel count; print","","初始化索引 450：本帧靠近镜头且下部有裁切，不补不可見轮数。","GPT-6 Astra Pro"
"gb","vot","1441","4d0e260e65f9f0ce77dbb185ba051d4813e580382c094a55a7d950892d764e49","robot_lab_occ_1","00000501","conflicting","mobile robot","gray open frame; yellow rounded panel; dark wheel platform","material; sensor function; wheel count; print","","equipment","yellow box; black wires; metal structure","2026-10-06T06:21:06.371Z","true","corrected","mobile robot","gray open frame; yellow rounded panel; dark wheel platform","material; sensor function; wheel count; print","","初始化索引 500：黄圆件附在灰色机器人上，不是单独黄球；具体功能未知。","GPT-6 Astra Pro"
"gb","vot","1442","6f22cfb65469a64fffe693acc1355e4aa86264d2d245cdbd39798133aff15707","robot_lab_occ_1","00000551","conflicting","mobile robot","gray open frame; yellow rounded panel; dark wheel platform","material; sensor function; wheel count; print","","industrial machine","gray metal structure; yellow cover on top; green control panel","2026-10-06T06:21:10.979Z","true","corrected","mobile robot","gray open frame; yellow rounded panel; dark wheel platform","material; sensor function; wheel count; print","","初始化索引 550：黄圆件附在灰色机器人上，不是单独黄球；具体功能未知。","GPT-6 Astra Pro"
"gb","vot","1443","8919725f0ce3567a710030dde066aed3307f86354ef570b12f06d5f0f91b1daa","robot_lab_occ_1","00000601","conflicting","mobile robot","gray open frame; yellow rounded panel; dark wheel platform","material; sensor function; wheel count; print","","robot","gray body; yellow dome on top; green lights","2026-10-06T06:21:13.692Z","true","corrected","mobile robot","gray open frame; yellow rounded panel; dark wheel platform","material; sensor function; wheel count; print","","初始化索引 600：黄圆件附在灰色机器人上，不是单独黄球；具体功能未知。","GPT-6 Astra Pro"
"gb","vot","1444","30de058677214291d4dcd5d22f21816f35cc9a72f11a8bf8ff5cbd17226b70e4","robot_lab_occ_1","00000651","conflicting","mobile robot","gray open frame; yellow rounded panel; dark wheel platform","material; sensor function; wheel count; print","","robotic device","yellow and black; rectangular shape; industrial design","2026-10-06T06:21:17.163Z","true","supported","mobile robot","gray open frame; yellow rounded panel; dark wheel platform","material; sensor function; wheel count; print","","初始化索引 650：黄圆件附在灰色机器人上，不是单独黄球；具体功能未知。","GPT-6 Astra Pro"
"gb","vot","1445","c9bda5c9f76d561e91cd8a353ad52481581960fdb2c7fadba88fd4eef43dabe2","robot_lab_occ_1","00000701","conflicting","mobile robot","gray open frame; yellow rounded panel; dark wheel platform","material; sensor function; wheel count; print","","robot","gray body; yellow wheels; black tires; green lights","2026-10-06T06:21:18.724Z","true","corrected","mobile robot","gray open frame; yellow rounded panel; dark wheel platform","material; sensor function; wheel count; print","","初始化索引 700：黄圆件附在灰色机器人上，不是单独黄球；具体功能未知。","GPT-6 Astra Pro"
"gb","vot","1446","8b0fa17350e67ee8619729bdf97fe0272940817b7bc74a2668a0924d163ea5cd","robot_lab_occ_1","00000751","conflicting","mobile robot","gray frame; dark platform; patterned wheels; circular upper parts","material; sensor function; wheel count; print","","electronics","gray casing; gear-like components; LED lights","2026-10-06T06:21:20.596Z","true","corrected","mobile robot","gray frame; dark platform; patterned wheels; circular upper parts","material; sensor function; wheel count; print","","初始化索引 750：红框为带轮框架机器人，而非单独板件/黄色部件，不推定传感器型号。","GPT-6 Astra Pro"
"gb","vot","1447","47fa45ec79fdfb04a4f15171393958016415bc0f6b88cd2797b9d3358ed9065c","robot_lab_occ_1","00000801","conflicting","mobile robot","gray frame; dark platform; patterned wheels; circular upper parts","material; sensor function; wheel count; print","","robot","black and gray; rectangular shape; four wheels; LED lights","2026-10-06T06:21:23.987Z","true","corrected","mobile robot","gray frame; dark platform; patterned wheels; circular upper parts","material; sensor function; wheel count; print","","初始化索引 800：红框为带轮框架机器人，而非单独板件/黄色部件，不推定传感器型号。","GPT-6 Astra Pro"
"gb","vot","1448","abf25eac2c8e61e90ab32bf4dadea6a426f5efeef3a54c9eeba34023cdc4352a","robot_lab_occ_1","00000851","conflicting","mobile robot","gray frame; dark platform; patterned wheels; circular upper parts","material; sensor function; wheel count; print","","computer hardware","black casing; metallic components; labeled 'live'","2026-10-06T06:21:26.029Z","true","corrected","mobile robot","gray frame; dark platform; patterned wheels; circular upper parts","material; sensor function; wheel count; print","","初始化索引 850：红框为带轮框架机器人，而非单独板件/黄色部件，不推定传感器型号。","GPT-6 Astra Pro"
"gb","vot","1449","8dfada77fde875ab5309d927bd8de33a9e8765fc8fa1e700aab263980eca477c","robot_lab_occ_1","00000901","conflicting","mobile robot","gray frame; dark platform; patterned wheels; circular upper parts","material; sensor function; wheel count; print","","robotic chassis","black and silver; rectangular shape; gear-like wheels","2026-10-06T06:21:28.547Z","true","supported","mobile robot","gray frame; dark platform; patterned wheels; circular upper parts","material; sensor function; wheel count; print","","初始化索引 900：红框为带轮框架机器人，而非单独板件/黄色部件，不推定传感器型号。","GPT-6 Astra Pro"
"gb","vot","1450","e76e5558e34a3a28d286e0989b253d104fa8ecdc92bae48ae0f7c86d58872667","robot_lab_occ_1","00000951","conflicting","mobile robot","gray open frame; yellow rounded panel; dark wheel platform","material; sensor function; wheel count; print","","robot","gray body; yellow front bumper; black wheels","2026-10-06T06:21:30.756Z","true","corrected","mobile robot","gray open frame; yellow rounded panel; dark wheel platform","material; sensor function; wheel count; print","","初始化索引 950：黄圆件附在灰色机器人上，不是单独黄球；具体功能未知。","GPT-6 Astra Pro"
"gb","vot","1451","ba99cb253234bd2275c9c1820e497bc123c998108de9d16a1c6827bc6ea427e0","robot_lab_occ_1","00001007","conflicting","mobile robot","gray open frame; yellow rounded panel; dark wheel platform","material; sensor function; wheel count; print","","robot","gray body; yellow front bumper; black wheels","2026-10-06T06:21:32.468Z","true","corrected","mobile robot","gray open frame; yellow rounded panel; dark wheel platform","material; sensor function; wheel count; print","","初始化索引 1006：黄圆件附在灰色机器人上，不是单独黄球；具体功能未知。","GPT-6 Astra Pro"
"gb","vot","1452","d41fa9576bdfc19ad326ffc3ef07eeaaf13e365dba3847d2d42580b4885493db","roller_indoor_1","00000001","conflicting","roller","dark circular center; short side projections","function; handles; material; category","","light source","glowing; round","2026-10-06T06:21:42.988Z","true","uncertain","object","dark circular center; short side projections","function; handles; material; category","概览能见轮廓变化但很暗，不按名称确认健身滚轮。","初始化索引 0：低光圆盘状小物部分有侧向突出，不能确定滚轮用途，不支持水果、灯或遥控器。","GPT-6 Astra Pro"
"gb","vot","1453","284fabe8f653ff61219c6716328e3b7607483c0559133859f9cb50dc3f0fb3a6","roller_indoor_1","00000051","conflicting","roller","very dark partly merged patch","function; handles; material; category","","computer monitor","black screen; no visible buttons","2026-10-06T06:21:49.900Z","true","uncertain","object","very dark partly merged patch","function; handles; material; category","概览能见轮廓变化但很暗，不按名称确认健身滚轮。","初始化索引 50：目标与暗桌/边缘融合，用途不清，不当背景屏或桌面。","GPT-6 Astra Pro"
"gb","vot","1454","68f6fbed4841cb0b00c69099dc29494f37011e3b349dd3b5a9094323bb3cbec8","roller_indoor_1","00000101","conflicting","roller","dark circular center; short side projections","function; handles; material; category","","object","black; shiny","2026-10-06T06:21:53.379Z","true","uncertain","object","dark circular center; short side projections","function; handles; material; category","概览能见轮廓变化但很暗，不按名称确认健身滚轮。","初始化索引 100：低光圆盘状小物部分有侧向突出，不能确定滚轮用途，不支持水果、灯或遥控器。","GPT-6 Astra Pro"
"gb","vot","1455","b521d627e893ad1b656b04eddc0c876d5d9e6d6579eece76f91b021d5f75ee08","roller_indoor_1","00000151","conflicting","roller","dark circular center; short side projections","function; handles; material; category","","remote control","black buttons; scroll wheel","2026-10-06T06:21:57.923Z","true","uncertain","object","dark circular center; short side projections","function; handles; material; category","概览能见轮廓变化但很暗，不按名称确认健身滚轮。","初始化索引 150：低光圆盘状小物部分有侧向突出，不能确定滚轮用途，不支持水果、灯或遥控器。","GPT-6 Astra Pro"
"gb","vot","1456","59f4fc1513dcdd6137fc6494f61445e943ea2d32bf290c5dfd0081624529174f","roller_indoor_1","00000163","conflicting","roller","very dark partly merged patch","function; handles; material; category","","object","dark; smooth","2026-10-06T06:22:09.899Z","true","uncertain","object","very dark partly merged patch","function; handles; material; category","概览能见轮廓变化但很暗，不按名称确认健身滚轮。","初始化索引 162：目标与暗桌/边缘融合，用途不清，不当背景屏或桌面。","GPT-6 Astra Pro"
"gb","vot","1457","80dccb5be2a87b45113ee13d524d95e8421dc626a2d9531afc7fd02e39b3d2bc","roller_indoor_2","00000001","conflicting","roller","dark circular center; short side projections","function; handles; material; category","","fruit","dark purple skin; smooth surface","2026-10-06T06:22:11.995Z","true","uncertain","object","dark circular center; short side projections","function; handles; material; category","概览能见轮廓变化但很暗，不按名称确认健身滚轮。","初始化索引 0：低光圆盘状小物部分有侧向突出，不能确定滚轮用途，不支持水果、灯或遥控器。","GPT-6 Astra Pro"
"gb","vot","1458","300e614eb301e0212e89a0ccc3e244eba4e368b31ef529f607d9bf2106fb3e7c","roller_indoor_2","00000051","conflicting","roller","dark circular center; short side projections","function; handles; material; category","","cross","dark background; illuminated center","2026-10-06T06:22:14.003Z","true","uncertain","object","dark circular center; short side projections","function; handles; material; category","概览能见轮廓变化但很暗，不按名称确认健身滚轮。","初始化索引 50：低光圆盘状小物部分有侧向突出，不能确定滚轮用途，不支持水果、灯或遥控器。","GPT-6 Astra Pro"
"gb","vot","1459","94a9f229538a42415151abbd0dc7000f2a1e6ae28e13f0a40fe3993c7824e2aa","roller_indoor_2","00000102","conflicting","roller","very dark partly merged patch","function; handles; material; category","","object","dark; smooth","2026-10-06T06:22:16.293Z","true","uncertain","object","very dark partly merged patch","function; handles; material; category","概览能见轮廓变化但很暗，不按名称确认健身滚轮。","初始化索引 101：目标与暗桌/边缘融合，用途不清，不当背景屏或桌面。","GPT-6 Astra Pro"
"gb","vot","1460","13b4f94d6296502097777c00ee267baa0298491c52b890a03c883cbee839f48b","roller_indoor_4","00000001","conflicting","roller","very dark partly merged patch","function; handles; material; category","","computer monitor","black screen; no visible buttons","2026-10-06T06:22:24.764Z","true","uncertain","object","very dark partly merged patch","function; handles; material; category","概览能见轮廓变化但很暗，不按名称确认健身滚轮。","初始化索引 0：目标与暗桌/边缘融合，用途不清，不当背景屏或桌面。","GPT-6 Astra Pro"
"gb","vot","1461","6402b8895b7f556a769ed499ad3567a8ed7e8c83f0e0a54ed80329db1b1a7c51","roller_indoor_4","00000051","conflicting","roller","very dark partly merged patch","function; handles; material; category","","computer monitor","black screen; red border","2026-10-06T06:22:27.491Z","true","uncertain","object","very dark partly merged patch","function; handles; material; category","概览能见轮廓变化但很暗，不按名称确认健身滚轮。","初始化索引 50：目标与暗桌/边缘融合，用途不清，不当背景屏或桌面。","GPT-6 Astra Pro"
"gb","vot","1462","d41657410d19f693908000e3d87c3b225051b5ac0f6e32b7296f10b7f771f709","roller_indoor_4","00000109","conflicting","roller","very dark partly merged patch","function; handles; material; category","","unknown","","2026-10-06T06:22:31.763Z","true","uncertain","object","very dark partly merged patch","function; handles; material; category","概览能见轮廓变化但很暗，不按名称确认健身滚轮。","初始化索引 108：目标与暗桌/边缘融合，用途不清，不当背景屏或桌面。","GPT-6 Astra Pro"
"gb","vot","1463","cb0a6c104e625fbad9645013a277a15c97b0e4083a24af6533c06c23fb060c06","shoes02_indoor_1","00000001","conflicting","shoe","dark blue-black low-cut shoe; laces; curved sole","material; model","","sneaker","black; textured sole","2026-10-06T06:22:34.164Z","true","supported","shoe","dark blue-black low-cut shoe; laces; curved sole","material; model","近邻有抬脚脱鞋取鞋，左右与姿态不作永久身份。","初始化索引 0：红框为一只鞋，不是黑袜或另一只相似鞋，不确认皮革/橡胶成分。","GPT-6 Astra Pro"
"gb","vot","1464","fffd400a7428017ff02b8939ee2c7e43883519679d9be512af83de07921d6c16","shoes02_indoor_1","00000051","conflicting","shoe","dark blue-black low-cut shoe; laces; curved sole","material; model","","shoe","black; sneaker; textured sole","2026-10-06T06:22:35.403Z","true","supported","shoe","dark blue-black low-cut shoe; laces; curved sole","material; model","近邻有抬脚脱鞋取鞋，左右与姿态不作永久身份。","初始化索引 50：红框为一只鞋，不是黑袜或另一只相似鞋，不确认皮革/橡胶成分。","GPT-6 Astra Pro"
"gb","vot","1465","7707069c5abef6508a88ed7fd81ea23edf5329aa8122cb968c61ed82785c4d66","shoes02_indoor_1","00000101","conflicting","shoe","dark blue-black low-cut shoe; laces; curved sole","material; model","","footwear","black shoe; suede texture","2026-10-06T06:22:37.307Z","true","corrected","shoe","dark blue-black low-cut shoe; laces; curved sole","material; model","近邻有抬脚脱鞋取鞋，左右与姿态不作永久身份。","初始化索引 100：红框为一只鞋，不是黑袜或另一只相似鞋，不确认皮革/橡胶成分。","GPT-6 Astra Pro"
"gb","vot","1466","69a77ca64a4be70de2256a407abba5a524a17ef48bae6e931368e3ea5a4c73f3","shoes02_indoor_1","00000151","conflicting","shoe","dark blue-black low-cut shoe; laces; curved sole","material; model","","footwear","black; sneaker","2026-10-06T06:22:40.443Z","true","supported","shoe","dark blue-black low-cut shoe; laces; curved sole","material; model","近邻有抬脚脱鞋取鞋，左右与姿态不作永久身份。","初始化索引 150：红框为一只鞋，不是黑袜或另一只相似鞋，不确认皮革/橡胶成分。","GPT-6 Astra Pro"
"gb","vot","1467","58ced6cad761f05b01878a5144a0a185127f200c0ae29a62f2e25912b9175e70","shoes02_indoor_1","00000201","conflicting","shoe","dark blurred shoe-like outline","material; model","","shoe","black; sneaker; textured sole","2026-10-06T06:22:41.700Z","true","uncertain","shoe","dark blurred shoe-like outline","material; model","近邻有抬脚脱鞋取鞋，左右与姿态不作永久身份。","初始化索引 200：鞋在移动/被拿起，类别借近邻结构辅助，不将袜或手混作目标。","GPT-6 Astra Pro"
"gb","vot","1468","cb1fc3ff8f162d455661771cb8d5df15a04508105560fc8c9f0f80899d3f1e13","shoes02_indoor_1","00000251","conflicting","shoe","dark blurred shoe-like outline","material; model","","sock","black; textured","2026-10-06T06:22:45.436Z","true","uncertain","shoe","dark blurred shoe-like outline","material; model","近邻有抬脚脱鞋取鞋，左右与姿态不作永久身份。","初始化索引 250：鞋在移动/被拿起，类别借近邻结构辅助，不将袜或手混作目标。","GPT-6 Astra Pro"
"gb","vot","1469","a1493d867530c02ac9a25a05ac690193b0bb2ac1050daa11a9f902d462d08295","shoes02_indoor_1","00000301","conflicting","shoe","dark blue-black low-cut shoe; laces; curved sole","material; model","","shoe","black; sneaker; textured sole","2026-10-06T06:22:49.307Z","true","supported","shoe","dark blue-black low-cut shoe; laces; curved sole","material; model","近邻有抬脚脱鞋取鞋，左右与姿态不作永久身份。","初始化索引 300：红框为一只鞋，不是黑袜或另一只相似鞋，不确认皮革/橡胶成分。","GPT-6 Astra Pro"
"gb","vot","1470","8cc5592c6f25061ad532e92cdf00c268352166b42af65f57287eddace63dce45","shoes02_indoor_1","00000351","conflicting","shoe","dark blue-black low-cut shoe; laces; curved sole","material; model","","shoe","black; sneaker; textured sole","2026-10-06T06:22:54.428Z","true","supported","shoe","dark blue-black low-cut shoe; laces; curved sole","material; model","近邻有抬脚脱鞋取鞋，左右与姿态不作永久身份。","初始化索引 350：红框为一只鞋，不是黑袜或另一只相似鞋，不确认皮革/橡胶成分。","GPT-6 Astra Pro"
"gb","vot","1471","cd87106ca5f500020994a5c0dd5cc8774871657f81572bf43b263f695ecf9a66","shoes02_indoor_1","00000401","conflicting","shoe","dark blue-black low-cut shoe; laces; curved sole","material; model","","shoe","blue; textured sole; laced up","2026-10-06T06:22:58.564Z","true","supported","shoe","dark blue-black low-cut shoe; laces; curved sole","material; model","近邻有抬脚脱鞋取鞋，左右与姿态不作永久身份。","初始化索引 400：红框为一只鞋，不是黑袜或另一只相似鞋，不确认皮革/橡胶成分。","GPT-6 Astra Pro"
"gb","vot","1472","b0f7c51d40a9c6bd2152dddb996195213e6a9236b24656a327ec1234063b66fb","shoes02_indoor_1","00000451","conflicting","shoe","dark blue-black sole; patterned tread; elongated shoe outline","material; model","","shoe","blue; rubber sole; textured pattern","2026-10-06T06:23:03.500Z","true","corrected","shoe","dark blue-black sole; patterned tread; elongated shoe outline","material; model","近邻有抬脚脱鞋取鞋，左右与姿态不作永久身份。","初始化索引 450：本帧翻起鞋底，纹样可见但材料成分未知。","GPT-6 Astra Pro"
"gb","vot","1473","f40bf783f956aa25fdd5e362024c70285a2db106b9090d7293afb07f0732e702","shoes02_indoor_1","00000501","conflicting","shoe","dark blue-black low-cut shoe; laces; curved sole","material; model","","shoe","black; sneaker; textured sole","2026-10-06T06:23:06.348Z","true","corrected","shoe","dark blue-black low-cut shoe; laces; curved sole","material; model","近邻有抬脚脱鞋取鞋，左右与姿态不作永久身份。","初始化索引 500：红框为一只鞋，不是黑袜或另一只相似鞋，不确认皮革/橡胶成分。","GPT-6 Astra Pro"
"gb","vot","1474","6ff6a43afdf00dc77e1caff75ffb1fd9407101fe0394d87b353000b4b5f0df04","shoes02_indoor_1","00000551","conflicting","shoe","dark blue-black low-cut shoe; laces; curved sole","material; model","","shoe","blue; sneaker; textured sole","2026-10-06T06:23:09.099Z","true","supported","shoe","dark blue-black low-cut shoe; laces; curved sole","material; model","近邻有抬脚脱鞋取鞋，左右与姿态不作永久身份。","初始化索引 550：红框为一只鞋，不是黑袜或另一只相似鞋，不确认皮革/橡胶成分。","GPT-6 Astra Pro"
"gb","vot","1475","1ddbc3ceb741dc9fa175d4a7f0b17187490e75cce73a93fec5eda353c52e5282","shoes02_indoor_1","00000614","conflicting","shoe","dark blurred shoe-like outline","material; model","","sock","black; textured","2026-10-06T06:23:13.836Z","true","uncertain","shoe","dark blurred shoe-like outline","material; model","近邻有抬脚脱鞋取鞋，左右与姿态不作永久身份。","初始化索引 613：鞋在移动/被拿起，类别借近邻结构辅助，不将袜或手混作目标。","GPT-6 Astra Pro"
"gb","vot","1476","d7563d48e4ce7609e4f8f4c4534487ad8c369b1500fb3292fe5fcf3eb51f2d8a","shoes02_indoor_2","00000001","conflicting","shoe","dark blue-black low-cut shoe; laces; curved sole","material; model","","footwear","black; sneaker","2026-10-06T06:23:17.419Z","true","supported","shoe","dark blue-black low-cut shoe; laces; curved sole","material; model","近邻有抬脚脱鞋取鞋，左右与姿态不作永久身份。","初始化索引 0：红框为一只鞋，不是黑袜或另一只相似鞋，不确认皮革/橡胶成分。","GPT-6 Astra Pro"
"gb","vot","1477","6ece2f4dfdf0aebe0d3942460233291693ddf05ea2ed665f61963a179bc67ccc","shoes02_indoor_2","00000051","conflicting","shoe","dark blue-black low-cut shoe; laces; curved sole","material; model","","shoe","black; sneaker; textured sole","2026-10-06T06:23:19.926Z","true","supported","shoe","dark blue-black low-cut shoe; laces; curved sole","material; model","近邻有抬脚脱鞋取鞋，左右与姿态不作永久身份。","初始化索引 50：红框为一只鞋，不是黑袜或另一只相似鞋，不确认皮革/橡胶成分。","GPT-6 Astra Pro"
"gb","vot","1478","4e7850c342cfaf4f51821116d79df59b010c57938e12b2141509fa85b6eba090","shoes02_indoor_2","00000101","conflicting","shoe","dark blue-black low-cut shoe; laces; curved sole","material; model","","sneaker","black; textured sole","2026-10-06T06:23:21.652Z","true","supported","shoe","dark blue-black low-cut shoe; laces; curved sole","material; model","近邻有抬脚脱鞋取鞋，左右与姿态不作永久身份。","初始化索引 100：红框为一只鞋，不是黑袜或另一只相似鞋，不确认皮革/橡胶成分。","GPT-6 Astra Pro"
"gb","vot","1479","4c14b1398a9a95ddf140d2e75855fcbdf88ffcd64f130d515d8820c130f7b5ca","shoes02_indoor_2","00000111","conflicting","shoe","dark blue-black low-cut shoe; laces; curved sole","material; model","","shoe","black; sneaker; laced-up","2026-10-06T06:23:25.596Z","true","supported","shoe","dark blue-black low-cut shoe; laces; curved sole","material; model","近邻有抬脚脱鞋取鞋，左右与姿态不作永久身份。","初始化索引 110：红框为一只鞋，不是黑袜或另一只相似鞋，不确认皮革/橡胶成分。","GPT-6 Astra Pro"
"gb","vot","1480","4d1025440d2194944ab5fed7b4dbdb5999661ac5c16a2fca80e24d8a7be60559","squirrel_wild_1","00000001","conflicting","squirrel","reddish-brown furry body; bushy tail","species; fine markings","","snail","brown shell; slimy texture","2026-10-06T06:23:31.092Z","true","corrected","squirrel","reddish-brown furry body; bushy tail","species; fine markings","近邻/概览支持松鼠式体尾，不硬判跨帧个体对应。","初始化索引 0：红框为有长蓬松尾的四足小动物，非蜗牛、树干、落叶或鸟。","GPT-6 Astra Pro"
"gb","vot","1481","b611fbb9e75ec559482bc7a0358e074531b8d5a95fce0a988c33138b345e01cb","squirrel_wild_1","00000051","conflicting","squirrel","reddish-brown furry body; bushy tail","species; fine markings","","animal","brown fur; long tail","2026-10-06T06:25:16.211Z","true","supported","squirrel","reddish-brown furry body; bushy tail","species; fine markings","近邻/概览支持松鼠式体尾，不硬判跨帧个体对应。","初始化索引 50：红框为有长蓬松尾的四足小动物，非蜗牛、树干、落叶或鸟。","GPT-6 Astra Pro"
"gb","vot","1482","0b863e728ea2cd91caa3acd4362594f6a90b9875a6abc34afdb55c2e9efbe488","squirrel_wild_1","00000101","conflicting","squirrel","reddish-brown furry body; bushy tail","species; fine markings","","animal","brown fur; long tail; moving","2026-10-06T06:25:17.339Z","true","supported","squirrel","reddish-brown furry body; bushy tail","species; fine markings","近邻/概览支持松鼠式体尾，不硬判跨帧个体对应。","初始化索引 100：红框为有长蓬松尾的四足小动物，非蜗牛、树干、落叶或鸟。","GPT-6 Astra Pro"
"gb","vot","1483","81bfd46bf5326eef05648184352fb052af71c2507a6638bbd5a05d1b3e7f6882","squirrel_wild_1","00000151","conflicting","squirrel","reddish-brown furry body; bushy tail","species; fine markings","","animal","brown fur; long tail","2026-10-06T06:25:20.235Z","true","supported","squirrel","reddish-brown furry body; bushy tail","species; fine markings","近邻/概览支持松鼠式体尾，不硬判跨帧个体对应。","初始化索引 150：红框为有长蓬松尾的四足小动物，非蜗牛、树干、落叶或鸟。","GPT-6 Astra Pro"
"gb","vot","1484","f4b10f808c7a7e2bd16707a3d32be0f96ae831656f0e0010f8e78362edd8150e","squirrel_wild_1","00000201","conflicting","squirrel","small reddish-brown furry or animal-like patch","species; fine markings","","animal","brown fur; moving","2026-10-06T06:25:22.244Z","true","uncertain","squirrel","small reddish-brown furry or animal-like patch","species; fine markings","近邻/概览支持松鼠式体尾，不硬判跨帧个体对应。","初始化索引 200：目标小、模糊或遮挡，松鼠粗判断来自邻近体尾；不硬读树皮、壳或羽毛。","GPT-6 Astra Pro"
"gb","vot","1485","ee62aa55a428018b9f8356bc5d6573c3232eb02aca70d5bc9d6e8f39693c8285","squirrel_wild_1","00000251","conflicting","squirrel","reddish-brown furry body; bushy tail","species; fine markings","","squirrel","brown fur; tail visible; on ground","2026-10-06T06:25:24.172Z","true","supported","squirrel","reddish-brown furry body; bushy tail","species; fine markings","近邻/概览支持松鼠式体尾，不硬判跨帧个体对应。","初始化索引 250：红框为有长蓬松尾的四足小动物，非蜗牛、树干、落叶或鸟。","GPT-6 Astra Pro"
"gb","vot","1486","91105f82ce339b1637accc7450f1fda8701d2c4e93b20c35e33d21a65798feda","squirrel_wild_1","00000301","conflicting","squirrel","small reddish-brown furry or animal-like patch","species; fine markings","","rock","brown; smooth; rounded","2026-10-06T06:25:26.524Z","true","uncertain","squirrel","small reddish-brown furry or animal-like patch","species; fine markings","近邻/概览支持松鼠式体尾，不硬判跨帧个体对应。","初始化索引 300：目标小、模糊或遮挡，松鼠粗判断来自邻近体尾；不硬读树皮、壳或羽毛。","GPT-6 Astra Pro"
"gb","vot","1487","971e3d4f48e971d676f74491d850c0cc4bbde79d7be42414c95fda320b09965e","squirrel_wild_1","00000351","conflicting","squirrel","small reddish-brown furry or animal-like patch","species; fine markings","","animal","brown fur; round body; small size","2026-10-06T06:25:29.191Z","true","uncertain","squirrel","small reddish-brown furry or animal-like patch","species; fine markings","近邻/概览支持松鼠式体尾，不硬判跨帧个体对应。","初始化索引 350：目标小、模糊或遮挡，松鼠粗判断来自邻近体尾；不硬读树皮、壳或羽毛。","GPT-6 Astra Pro"
"gb","vot","1488","4aaf03dd826b19f0ba16eba6fef73cc0b7c63fe9eb335c55c6d1b826e1a64d00","squirrel_wild_1","00000363","conflicting","squirrel","small reddish-brown furry or animal-like patch","species; fine markings","","insect","brown body; spotted pattern","2026-10-06T06:25:31.220Z","true","uncertain","squirrel","small reddish-brown furry or animal-like patch","species; fine markings","近邻/概览支持松鼠式体尾，不硬判跨帧个体对应。","初始化索引 362：目标小、模糊或遮挡，松鼠粗判断来自邻近体尾；不硬读树皮、壳或羽毛。","GPT-6 Astra Pro"
"gb","vot","1489","c5775d4bccbe14e07ea2a067dc013b9a7df30f5366d6f5754c8eb90f856ea1c9","squirrel_wild_2","00000001","conflicting","squirrel","small reddish-brown furry or animal-like patch","species; fine markings","","tree trunk","brown; thick; straight","2026-10-06T06:25:34.580Z","true","uncertain","squirrel","small reddish-brown furry or animal-like patch","species; fine markings","近邻/概览支持松鼠式体尾，不硬判跨帧个体对应。","初始化索引 0：目标小、模糊或遮挡，松鼠粗判断来自邻近体尾；不硬读树皮、壳或羽毛。","GPT-6 Astra Pro"
"gb","vot","1490","2506513a51f0d2fd53190830a2d42588019872c11ed053c3eeca5cc2851d44ed","squirrel_wild_2","00000045","conflicting","squirrel","reddish-brown furry body; bushy tail","species; fine markings","","animal","brown fur; moving","2026-10-06T06:25:36.115Z","true","supported","squirrel","reddish-brown furry body; bushy tail","species; fine markings","近邻/概览支持松鼠式体尾，不硬判跨帧个体对应。","初始化索引 44：红框为有长蓬松尾的四足小动物，非蜗牛、树干、落叶或鸟。","GPT-6 Astra Pro"
"gb","vot","1491","8606075b20ccd2a719b60da16d2cb3b131f399d81809694078ffab98a10c9bba","squirrel_wild_2","00000101","conflicting","squirrel","reddish-brown furry body; bushy tail","species; fine markings","","squirrel","brown fur; tail raised; on ground","2026-10-06T06:25:37.435Z","true","supported","squirrel","reddish-brown furry body; bushy tail","species; fine markings","近邻/概览支持松鼠式体尾，不硬判跨帧个体对应。","初始化索引 100：红框为有长蓬松尾的四足小动物，非蜗牛、树干、落叶或鸟。","GPT-6 Astra Pro"
"gb","vot","1492","8f6ab3f3b8d0a8593391db6f2e5241ccd3337bc4226b685f2660f54f580e3ea1","squirrel_wild_2","00000151","conflicting","squirrel","reddish-brown furry body; bushy tail","species; fine markings","","slug","brown shell; smooth surface","2026-10-06T06:25:38.595Z","true","corrected","squirrel","reddish-brown furry body; bushy tail","species; fine markings","近邻/概览支持松鼠式体尾，不硬判跨帧个体对应。","初始化索引 150：红框为有长蓬松尾的四足小动物，非蜗牛、树干、落叶或鸟。","GPT-6 Astra Pro"
"gb","vot","1493","9202ea6ae3ee9ca22c4f10c19000f9421a308ec5d222bd85cc4e0be62465e4ce","squirrel_wild_2","00000201","conflicting","squirrel","small reddish-brown furry or animal-like patch","species; fine markings","","leaf","brown; worn; shaped","2026-10-06T06:25:39.860Z","true","uncertain","squirrel","small reddish-brown furry or animal-like patch","species; fine markings","近邻/概览支持松鼠式体尾，不硬判跨帧个体对应。","初始化索引 200：目标小、模糊或遮挡，松鼠粗判断来自邻近体尾；不硬读树皮、壳或羽毛。","GPT-6 Astra Pro"
"gb","vot","1494","610c76c086d979a40a0de9c00faa38e5d84cd7ce6bdf40eb3af89076075ba255","squirrel_wild_2","00000251","conflicting","squirrel","small reddish-brown furry or animal-like patch","species; fine markings","","animal","brown fur; long tail","2026-10-06T06:25:41.076Z","true","uncertain","squirrel","small reddish-brown furry or animal-like patch","species; fine markings","近邻/概览支持松鼠式体尾，不硬判跨帧个体对应。","初始化索引 250：目标小、模糊或遮挡，松鼠粗判断来自邻近体尾；不硬读树皮、壳或羽毛。","GPT-6 Astra Pro"
"gb","vot","1495","cdcecb9624f27ea80f1656d5497bbfcd25c7c083043478e43f591870ee0b812e","squirrel_wild_2","00000301","conflicting","squirrel","small reddish-brown furry or animal-like patch","species; fine markings","","animal","brown fur; fluffy tail","2026-10-06T06:25:42.292Z","true","uncertain","squirrel","small reddish-brown furry or animal-like patch","species; fine markings","近邻/概览支持松鼠式体尾，不硬判跨帧个体对应。","初始化索引 300：目标小、模糊或遮挡，松鼠粗判断来自邻近体尾；不硬读树皮、壳或羽毛。","GPT-6 Astra Pro"
"gb","vot","1496","6471ceecd005faabda98fa21f2323cfaa0e957797f0a7dd77077ef4c735f15a9","squirrel_wild_2","00000330","conflicting","squirrel","small reddish-brown furry or animal-like patch","species; fine markings","","bird","brown feathers; blue wing patch","2026-10-06T06:25:43.819Z","true","uncertain","squirrel","small reddish-brown furry or animal-like patch","species; fine markings","近邻/概览支持松鼠式体尾，不硬判跨帧个体对应。","初始化索引 329：目标小、模糊或遮挡，松鼠粗判断来自邻近体尾；不硬读树皮、壳或羽毛。","GPT-6 Astra Pro"
"gb","vot","1497","52a1efdd55680ce5046cdeb4a65068c18d178ad4ee7f91af668b42bd687fb842","squirrel_wild_3","00000001","conflicting","squirrel","reddish-brown furry body; bushy tail","species; fine markings","","animal","brown fur; long tail","2026-10-06T06:25:45.868Z","true","supported","squirrel","reddish-brown furry body; bushy tail","species; fine markings","近邻/概览支持松鼠式体尾，不硬判跨帧个体对应。","初始化索引 0：红框为有长蓬松尾的四足小动物，非蜗牛、树干、落叶或鸟。","GPT-6 Astra Pro"
"gb","vot","1498","c4084c2cd4b0659cea7409a032317994180a7078f9ce92be1ab6061fe816e963","squirrel_wild_3","00000051","conflicting","squirrel","reddish-brown furry body; bushy tail","species; fine markings","","slug","brown; smooth; long; slimy","2026-10-06T06:25:47.395Z","true","corrected","squirrel","reddish-brown furry body; bushy tail","species; fine markings","近邻/概览支持松鼠式体尾，不硬判跨帧个体对应。","初始化索引 50：红框可見棕红四足体和蓬松尾，非无足蛞蝓。","GPT-6 Astra Pro"
"gb","vot","1499","4502bf0aec91b13e338c3418e57e9eefc42a16113dd47d27878877ae1d8834c3","squirrel_wild_3","00000096","conflicting","squirrel","reddish-brown furry body; bushy tail","species; fine markings","","animal","brown fur; round body","2026-10-06T06:25:48.708Z","true","supported","squirrel","reddish-brown furry body; bushy tail","species; fine markings","近邻/概览支持松鼠式体尾，不硬判跨帧个体对应。","初始化索引 95：红框为有长蓬松尾的四足小动物，非蜗牛、树干、落叶或鸟。","GPT-6 Astra Pro"
"gb","vot","1500","736de1046d81ae2ce5fc7d2bbf2fa7be7d39689578748dd09fbb7cb14799bd5b","squirrel_wild_3","00000136","conflicting","squirrel","small reddish-brown furry or animal-like patch","species; fine markings","","bird","gray feathers; feet visible; head down","2026-10-06T06:25:50.300Z","true","uncertain","squirrel","small reddish-brown furry or animal-like patch","species; fine markings","近邻/概览支持松鼠式体尾，不硬判跨帧个体对应。","初始化索引 135：目标小、模糊或遮挡，松鼠粗判断来自邻近体尾；不硬读树皮、壳或羽毛。","GPT-6 Astra Pro"
"gb","vot","1501","d348576e9e6a4078deb4fc14ff2eb98430e35ba4358fab3c523721365ac6464a","stick_indoor_1","00000001","conflicting","telescopic stick","light blue compact handle-like body; pale end or folded component","selfie-stick function; electronics; material","","toy","blue handle; plastic body","2026-10-06T06:25:59.427Z","true","corrected","telescopic stick","light blue compact handle-like body; pale end or folded component","selfie-stick function; electronics; material","概览有伸缩，收拢时仅作类别辅助，不写后帧长度。","初始化索引 0：当前杆件收拢，只写蓝手柄与端部；近邻伸长帮助类别判断。","GPT-6 Astra Pro"
"gb","vot","1502","048274cc2a10b796cfdd9f549b9d11ae966ae9e886ca77922954f8a7eb1c3d57","stick_indoor_1","00000051","conflicting","telescopic stick","light blue compact handle-like body; pale end or folded component","selfie-stick function; electronics; material","","bottle","blue; transparent","2026-10-06T06:26:02.579Z","true","corrected","telescopic stick","light blue compact handle-like body; pale end or folded component","selfie-stick function; electronics; material","概览有伸缩，收拢时仅作类别辅助，不写后帧长度。","初始化索引 50：当前杆件收拢，只写蓝手柄与端部；近邻伸长帮助类别判断。","GPT-6 Astra Pro"
"gb","vot","1503","45e0b1676ff111a0f6167afce98d0b9433fb4c4ff98734928a6e0d9b66dd8119","stick_indoor_1","00000101","conflicting","telescopic stick","light blue compact handle-like body; pale end or folded component","selfie-stick function; electronics; material","","toothbrush","blue handle; white bristles","2026-10-06T06:26:06.284Z","true","corrected","telescopic stick","light blue compact handle-like body; pale end or folded component","selfie-stick function; electronics; material","概览有伸缩，收拢时仅作类别辅助，不写后帧长度。","初始化索引 100：当前杆件收拢，只写蓝手柄与端部；近邻伸长帮助类别判断。","GPT-6 Astra Pro"
"gb","vot","1504","73f7d83cf84fb531d4249bad5a2e8f127e9be3e4f2ad541d3e880ef40bfd4233","stick_indoor_1","00000151","conflicting","telescopic stick","light blue compact handle-like body; pale end or folded component","selfie-stick function; electronics; material","","toothbrush","blue handle; white bristles","2026-10-06T06:26:08.149Z","true","corrected","telescopic stick","light blue compact handle-like body; pale end or folded component","selfie-stick function; electronics; material","概览有伸缩，收拢时仅作类别辅助，不写后帧长度。","初始化索引 150：当前杆件收拢，只写蓝手柄与端部；近邻伸长帮助类别判断。","GPT-6 Astra Pro"
"gb","vot","1505","fc3787c5fb074b2e0ba8ddfbb54c2b2357285f3f9df95d1bcce6042352ef8692","stick_indoor_1","00000201","conflicting","telescopic stick","light blue compact handle-like body; pale end or folded component","selfie-stick function; electronics; material","","toy","blue handle; round head","2026-10-06T06:26:10.187Z","true","corrected","telescopic stick","light blue compact handle-like body; pale end or folded component","selfie-stick function; electronics; material","概览有伸缩，收拢时仅作类别辅助，不写后帧长度。","初始化索引 200：当前杆件收拢，只写蓝手柄与端部；近邻伸长帮助类别判断。","GPT-6 Astra Pro"
"gb","vot","1506","124e5e0261a4b81e2530b867314ad40f83d492d610afd5286c699645a6a53c2d","stick_indoor_1","00000251","conflicting","telescopic stick","light blue compact handle-like body; pale end or folded component","selfie-stick function; electronics; material","","toothbrush","blue handle; white bristles","2026-10-06T06:26:11.723Z","true","corrected","telescopic stick","light blue compact handle-like body; pale end or folded component","selfie-stick function; electronics; material","概览有伸缩，收拢时仅作类别辅助，不写后帧长度。","初始化索引 250：当前杆件收拢，只写蓝手柄与端部；近邻伸长帮助类别判断。","GPT-6 Astra Pro"
"gb","vot","1507","0f8c65a9e363413380da4c5bc0f2417a32d442b51e82d311da1cf7c165360c8d","stick_indoor_1","00000301","conflicting","telescopic stick","light blue compact handle-like body; pale end or folded component","selfie-stick function; electronics; material","","cup","blue; textured","2026-10-06T06:26:14.812Z","true","corrected","telescopic stick","light blue compact handle-like body; pale end or folded component","selfie-stick function; electronics; material","概览有伸缩，收拢时仅作类别辅助，不写后帧长度。","初始化索引 300：当前杆件收拢，只写蓝手柄与端部；近邻伸长帮助类别判断。","GPT-6 Astra Pro"
"gb","vot","1508","b60395756a9a94c5b2822e030b3f783f74c781c4491b18aa8870c948c8540395","stick_indoor_1","00000351","conflicting","telescopic stick","pale thin extended shaft; blue handle; small end attachment","selfie-stick function; electronics; material","","stick","blue handle; metallic shaft","2026-10-06T06:26:16.270Z","true","corrected","telescopic stick","pale thin extended shaft; blue handle; small end attachment","selfie-stick function; electronics; material","概览有伸缩，收拢时仅作类别辅助，不写后帧长度。","初始化索引 350：可见细长杆和蓝柄，未确认具体自拍等用途。","GPT-6 Astra Pro"
"gb","vot","1509","ee19652e4fe0e57955b50e0c367350bc9b74fdd5eda0ab921bc9485748d41b5d","stick_indoor_1","00000401","conflicting","telescopic stick","pale thin extended shaft; blue handle; small end attachment","selfie-stick function; electronics; material","","chair","wooden backrest; red seat cushion","2026-10-06T06:26:17.764Z","true","corrected","telescopic stick","pale thin extended shaft; blue handle; small end attachment","selfie-stick function; electronics; material","概览有伸缩，收拢时仅作类别辅助，不写后帧长度。","初始化索引 400：可见细长杆和蓝柄，未确认具体自拍等用途。","GPT-6 Astra Pro"
"gb","vot","1510","659ec6dab1a7b7e40129b8e77fb67e18c44ea5bc14ce47fd9c33334d4a262b85","stick_indoor_1","00000451","conflicting","telescopic stick","pale thin extended shaft; blue handle; small end attachment","selfie-stick function; electronics; material","","stick","blue handle; white shaft","2026-10-06T06:26:20.003Z","true","supported","telescopic stick","pale thin extended shaft; blue handle; small end attachment","selfie-stick function; electronics; material","概览有伸缩，收拢时仅作类别辅助，不写后帧长度。","初始化索引 450：可见细长杆和蓝柄，未确认具体自拍等用途。","GPT-6 Astra Pro"
"gb","vot","1511","f227e081dcf32cb3374152f151eb8ca169cfc202052b97d53d14dba2ac2ba15a","stick_indoor_1","00000501","conflicting","telescopic stick","pale thin extended shaft; blue handle; small end attachment","selfie-stick function; electronics; material","","screwdriver","blue handle; metal shaft","2026-10-06T06:26:21.381Z","true","corrected","telescopic stick","pale thin extended shaft; blue handle; small end attachment","selfie-stick function; electronics; material","概览有伸缩，收拢时仅作类别辅助，不写后帧长度。","初始化索引 500：可见细长杆和蓝柄，未确认具体自拍等用途。","GPT-6 Astra Pro"
"gb","vot","1512","d4c83b0bdd073602e9241a72e8dc299407ef7890e70f24f8eca89b193ec22699","stick_indoor_1","00000551","conflicting","telescopic stick","pale thin extended shaft; blue handle; small end attachment","selfie-stick function; electronics; material","","sponge","blue; textured","2026-10-06T06:26:22.852Z","true","corrected","telescopic stick","pale thin extended shaft; blue handle; small end attachment","selfie-stick function; electronics; material","概览有伸缩，收拢时仅作类别辅助，不写后帧长度。","初始化索引 550：可见细长杆和蓝柄，未确认具体自拍等用途。","GPT-6 Astra Pro"
"gb","vot","1513","4d59480dca4b656d68c0e71b1f877191e83edc65b481e14e27b12c16bf9dae07","stick_indoor_1","00000601","conflicting","telescopic stick","light blue compact handle-like body; pale end or folded component","selfie-stick function; electronics; material","","toy","blue; round; plastic","2026-10-06T06:26:24.763Z","true","corrected","telescopic stick","light blue compact handle-like body; pale end or folded component","selfie-stick function; electronics; material","概览有伸缩，收拢时仅作类别辅助，不写后帧长度。","初始化索引 600：当前杆件收拢，只写蓝手柄与端部；近邻伸长帮助类别判断。","GPT-6 Astra Pro"
"gb","vot","1514","bce11ea9b18bbd3a19672b73a429b4621e27d8b9e06983799502335ff99b10cb","stick_indoor_1","00000651","conflicting","telescopic stick","pale thin extended shaft; blue handle; small end attachment","selfie-stick function; electronics; material","","stick","blue handle; metallic rod","2026-10-06T06:26:26.212Z","true","corrected","telescopic stick","pale thin extended shaft; blue handle; small end attachment","selfie-stick function; electronics; material","概览有伸缩，收拢时仅作类别辅助，不写后帧长度。","初始化索引 650：可见细长杆和蓝柄，未确认具体自拍等用途。","GPT-6 Astra Pro"
"gb","vot","1515","0a86835c0d376e10b2351fac3c5a9c07aa121485c26e03893a66a0678caa700e","stick_indoor_1","00000701","conflicting","telescopic stick","light blue compact handle-like body; pale end or folded component","selfie-stick function; electronics; material","","pen","blue barrel; metal clip","2026-10-06T06:26:27.852Z","true","corrected","telescopic stick","light blue compact handle-like body; pale end or folded component","selfie-stick function; electronics; material","概览有伸缩，收拢时仅作类别辅助，不写后帧长度。","初始化索引 700：当前杆件收拢，只写蓝手柄与端部；近邻伸长帮助类别判断。","GPT-6 Astra Pro"
"gb","vot","1516","4d4206e2bdb52a1a1b049ef4a041d2124de2687e6eb2c36244cc422827e7d80d","stick_indoor_1","00000751","conflicting","telescopic stick","light blue compact handle-like body; pale end or folded component","selfie-stick function; electronics; material","","remote control","blue body; white top","2026-10-06T06:26:29.172Z","true","corrected","telescopic stick","light blue compact handle-like body; pale end or folded component","selfie-stick function; electronics; material","概览有伸缩，收拢时仅作类别辅助，不写后帧长度。","初始化索引 750：当前杆件收拢，只写蓝手柄与端部；近邻伸长帮助类别判断。","GPT-6 Astra Pro"
"gb","vot","1517","d4f281f25a89248a4a1d7678c3f24ed28e561c6f9ecac62d8164c71c2b40300f","stick_indoor_1","00000801","conflicting","telescopic stick","light blue compact handle-like body; pale end or folded component","selfie-stick function; electronics; material","","remote control","blue; rectangular; buttoned","2026-10-06T06:26:30.356Z","true","corrected","telescopic stick","light blue compact handle-like body; pale end or folded component","selfie-stick function; electronics; material","概览有伸缩，收拢时仅作类别辅助，不写后帧长度。","初始化索引 800：当前杆件收拢，只写蓝手柄与端部；近邻伸长帮助类别判断。","GPT-6 Astra Pro"
"gb","vot","1518","05708664de623e103f0833d2b3228a4c2fd19d098eddabe78d71f00d81aa1973","stick_indoor_1","00000851","conflicting","telescopic stick","light blue compact handle-like body; pale end or folded component","selfie-stick function; electronics; material","","plug","blue; metallic","2026-10-06T06:26:31.732Z","true","corrected","telescopic stick","light blue compact handle-like body; pale end or folded component","selfie-stick function; electronics; material","概览有伸缩，收拢时仅作类别辅助，不写后帧长度。","初始化索引 850：当前杆件收拢，只写蓝手柄与端部；近邻伸长帮助类别判断。","GPT-6 Astra Pro"
"gb","vot","1519","48460f29dea0e6ad47b8c413af5507bb1db5ff01d88f7236bbd531b7579cff8e","stick_indoor_1","00000881","conflicting","telescopic stick","light blue compact handle-like body; pale end or folded component","selfie-stick function; electronics; material","","pen","blue body; black grip","2026-10-06T06:26:33.059Z","true","corrected","telescopic stick","light blue compact handle-like body; pale end or folded component","selfie-stick function; electronics; material","概览有伸缩，收拢时仅作类别辅助，不写后帧长度。","初始化索引 880：当前杆件收拢，只写蓝手柄与端部；近邻伸长帮助类别判断。","GPT-6 Astra Pro"
"gb","vot","1520","26918828900492230a1b9a75aae4900458253b513a2515dcbc8252b1c2fb3f2a","teapot_1","00000001","conflicting","teapot","red rounded body; dark handle; silver-colored spout and rim","contents; material; heating function","","kettle","red body; knob on top","2026-10-06T06:26:39.836Z","true","supported","kettle","red rounded body; dark handle; silver-colored spout and rim","contents; material; heating function","","初始化索引 0：红框是带嘴红壶，不是杯、灯、CD或闹钟。","GPT-6 Astra Pro"
"gb","vot","1521","a7bf9bab09a6448973d6d9f3ea6b858effde5c97ae938f808afab0ca86ed62f0","teapot_1","00000051","conflicting","teapot","red rounded body; dark handle; silver-colored spout and rim","contents; material; heating function","","mug","red; textured surface","2026-10-06T06:26:46.523Z","true","corrected","kettle","red rounded body; dark handle; silver-colored spout and rim","contents; material; heating function","","初始化索引 50：红框是带嘴红壶，不是杯、灯、CD或闹钟。","GPT-6 Astra Pro"
"gb","vot","1522","9ef6a3aa582512c683d6ab6fd987b91dbe168ff95cd089b1b5002ad9f57bd4f8","teapot_1","00000101","conflicting","teapot","red rounded body; dark handle; silver-colored spout and rim","contents; material; heating function","","coffee maker","red body; metallic lid","2026-10-06T06:26:48.483Z","true","corrected","kettle","red rounded body; dark handle; silver-colored spout and rim","contents; material; heating function","","初始化索引 100：红框是带嘴红壶，不是杯、灯、CD或闹钟。","GPT-6 Astra Pro"
"gb","vot","1523","4b6872d65adefdb84f2437fb4fb22a880f5f53f86079975a50edd198a284202c","teapot_1","00000151","conflicting","teapot","dark circular base; red curved side; pale rim","contents; material; heating function","","lighting fixture","red base; round shape; metallic finish","2026-10-06T06:26:50.693Z","true","corrected","kettle","dark circular base; red curved side; pale rim","contents; material; heating function","","初始化索引 150：本帧看到圆壶底和红侧壁，底贴不是CD孔，近邻壶嘴辅助类别。","GPT-6 Astra Pro"
"gb","vot","1524","f5fe6845a0c1666994245e37a5f8992ed4f244efede76a0c23ec1a64d10b890d","teapot_1","00000201","conflicting","teapot","dark circular base; red curved side; pale rim","contents; material; heating function","","cd","red label; white rim","2026-10-06T06:26:52.812Z","true","corrected","kettle","dark circular base; red curved side; pale rim","contents; material; heating function","","初始化索引 200：本帧看到圆壶底和红侧壁，底贴不是CD孔，近邻壶嘴辅助类别。","GPT-6 Astra Pro"
"gb","vot","1525","f19159b15f215f957b1f4866656360dc37b19b92d334bc476ff7c5a0c215a299","teapot_1","00000251","conflicting","teapot","red rounded body; dark handle; silver-colored spout and rim","contents; material; heating function","","kettle","red body; metal spout","2026-10-06T06:26:55.126Z","true","corrected","kettle","red rounded body; dark handle; silver-colored spout and rim","contents; material; heating function","","初始化索引 250：红框是带嘴红壶，不是杯、灯、CD或闹钟。","GPT-6 Astra Pro"
"gb","vot","1526","82fe3e45a1ac2bfa3ac9e7b552dae81fa2dcaaa6c60047f660b1b05cf1792ee9","teapot_1","00000285","conflicting","teapot","red rounded body; dark handle; silver-colored spout and rim","contents; material; heating function","","alarm bell","red base; metallic finish","2026-10-06T06:26:58.412Z","true","corrected","kettle","red rounded body; dark handle; silver-colored spout and rim","contents; material; heating function","","初始化索引 284：红框是带嘴红壶，不是杯、灯、CD或闹钟。","GPT-6 Astra Pro"
"gb","vot","1527","802b586c87f3488590ae1d36971abc26822c15ec0f7e1ca72cad48d68a397751","toiletpaper01_indoor_1","00000001","conflicting","toiletpaper","white cylindrical roll; hollow center","fine embossing; paper type","","toilet paper","white; rolled; textured","2026-10-06T06:27:08.884Z","true","supported","paper roll","white cylindrical roll; hollow center","fine embossing; paper type","近邻辅助卷状轮廓，模糊/侧视不补不可见中心孔。","初始化索引 0：红框为摆动纸卷，不是白衬衫或桌上其他卷，不确定纸类型与细压纹。","GPT-6 Astra Pro"
"gb","vot","1528","9954ada8cc8e9f3a409a769045354b31cd2c4689a97c7ddc19234e087d10fd92","toiletpaper01_indoor_1","00000051","conflicting","toiletpaper","white cylindrical roll; hollow center","fine embossing; paper type","","toilet paper","white; rolled","2026-10-06T06:27:13.525Z","true","supported","paper roll","white cylindrical roll; hollow center","fine embossing; paper type","近邻辅助卷状轮廓，模糊/侧视不补不可见中心孔。","初始化索引 50：红框为摆动纸卷，不是白衬衫或桌上其他卷，不确定纸类型与细压纹。","GPT-6 Astra Pro"
"gb","vot","1529","37c337506909cd28ba8e0a20a94a7a6b92e19b108eb980b8822e7e9e5381cb86","toiletpaper01_indoor_1","00000101","conflicting","toiletpaper","white cylindrical roll; hollow center","fine embossing; paper type","","screen","black background; white circle","2026-10-06T06:27:17.100Z","true","corrected","paper roll","white cylindrical roll; hollow center","fine embossing; paper type","近邻辅助卷状轮廓，模糊/侧视不补不可见中心孔。","初始化索引 100：红框为摆动纸卷，不是白衬衫或桌上其他卷，不确定纸类型与细压纹。","GPT-6 Astra Pro"
"gb","vot","1530","420d7abe5bdd4bf67bf3429837c6562046289914c71bcce11b0e879c06ce1df1","toiletpaper01_indoor_1","00000151","conflicting","toiletpaper","white cylindrical roll; hollow center","fine embossing; paper type","","toilet paper","white; textured","2026-10-06T06:27:22.196Z","true","supported","paper roll","white cylindrical roll; hollow center","fine embossing; paper type","近邻辅助卷状轮廓，模糊/侧视不补不可见中心孔。","初始化索引 150：红框为摆动纸卷，不是白衬衫或桌上其他卷，不确定纸类型与细压纹。","GPT-6 Astra Pro"
"gb","vot","1531","206df37aee1cc371e43f4d5ebf25a5124e6e05c0bd6e802a51627b11c4ebe62a","toiletpaper01_indoor_1","00000198","conflicting","toiletpaper","white cylindrical roll; hollow center","fine embossing; paper type","","toilet paper","white; textured","2026-10-06T06:27:25.107Z","true","corrected","paper roll","white cylindrical roll; hollow center","fine embossing; paper type","近邻辅助卷状轮廓，模糊/侧视不补不可见中心孔。","初始化索引 197：红框为摆动纸卷，不是白衬衫或桌上其他卷，不确定纸类型与细压纹。","GPT-6 Astra Pro"
"gb","vot","1532","60c916c390694c243b2ea9f7314b7454178ed512d7df11574455a801248a8530","toiletpaper01_indoor_2","00000001","conflicting","toiletpaper","white cylindrical roll; hollow center","fine embossing; paper type","","toilet paper","white; rolled","2026-10-06T06:27:27.877Z","true","supported","paper roll","white cylindrical roll; hollow center","fine embossing; paper type","近邻辅助卷状轮廓，模糊/侧视不补不可见中心孔。","初始化索引 0：红框为摆动纸卷，不是白衬衫或桌上其他卷，不确定纸类型与细压纹。","GPT-6 Astra Pro"
"gb","vot","1533","8c59cc6ec39709064d2e8b2861bd659e7f45362b2d6d80f8f407e2a9af3a2c83","toiletpaper01_indoor_2","00000051","conflicting","toiletpaper","small white cylindrical or block-like blurred patch","fine embossing; paper type","","shirt","white fabric; folded","2026-10-06T06:27:32.083Z","true","uncertain","paper roll","small white cylindrical or block-like blurred patch","fine embossing; paper type","近邻辅助卷状轮廓，模糊/侧视不补不可见中心孔。","初始化索引 50：本初始化侧视/模糊/过曝，中心孔不清；纸卷类别借近邻辅助，不当白衬衫。","GPT-6 Astra Pro"
"gb","vot","1534","6eac804a7118e9236ae67258560aaf9475347ee9ac9eb24bdb1161ad0e052f37","toiletpaper01_indoor_2","00000101","conflicting","toiletpaper","white cylindrical roll; hollow center","fine embossing; paper type","","shirt","white fabric; folded","2026-10-06T06:27:35.580Z","true","corrected","paper roll","white cylindrical roll; hollow center","fine embossing; paper type","近邻辅助卷状轮廓，模糊/侧视不补不可见中心孔。","初始化索引 100：红框为摆动纸卷，不是白衬衫或桌上其他卷，不确定纸类型与细压纹。","GPT-6 Astra Pro"
"gb","vot","1535","1b906fc1b488133f639cbc7ac174b021f54a576ee33ff855b8d563446d3a8d1b","toiletpaper01_indoor_2","00000151","conflicting","toiletpaper","small white cylindrical or block-like blurred patch","fine embossing; paper type","","cushion","white; fluffy","2026-10-06T06:27:39.220Z","true","uncertain","paper roll","small white cylindrical or block-like blurred patch","fine embossing; paper type","近邻辅助卷状轮廓，模糊/侧视不补不可见中心孔。","初始化索引 150：本初始化侧视/模糊/过曝，中心孔不清；纸卷类别借近邻辅助，不当白衬衫。","GPT-6 Astra Pro"
"gb","vot","1536","ce41a084a6da0228b035c5aaa16c797f4710428175931691adabb2b9ee1dbe71","toiletpaper01_indoor_2","00000201","conflicting","toiletpaper","white cylindrical roll; hollow center","fine embossing; paper type","","toilet paper","white; textured","2026-10-06T06:27:42.100Z","true","supported","paper roll","white cylindrical roll; hollow center","fine embossing; paper type","近邻辅助卷状轮廓，模糊/侧视不补不可见中心孔。","初始化索引 200：红框为摆动纸卷，不是白衬衫或桌上其他卷，不确定纸类型与细压纹。","GPT-6 Astra Pro"
"gb","vot","1537","d527c700b51a0000ae0d6d809ebfb08bd59aebee09177f9cb46260cb01326cac","toiletpaper01_indoor_2","00000251","conflicting","toiletpaper","small white cylindrical or block-like blurred patch","fine embossing; paper type","","cloth","white; textured","2026-10-06T06:27:44.508Z","true","uncertain","paper roll","small white cylindrical or block-like blurred patch","fine embossing; paper type","近邻辅助卷状轮廓，模糊/侧视不补不可见中心孔。","初始化索引 250：本初始化侧视/模糊/过曝，中心孔不清；纸卷类别借近邻辅助，不当白衬衫。","GPT-6 Astra Pro"
"gb","vot","1538","48af673359d2db13de40d0eb958068e5a730930d3c56ad8af78e20789b01132e","toiletpaper01_indoor_2","00000301","conflicting","toiletpaper","white cylindrical roll; hollow center","fine embossing; paper type","","toilet paper","white; rolled-up; textured","2026-10-06T06:27:47.036Z","true","supported","paper roll","white cylindrical roll; hollow center","fine embossing; paper type","近邻辅助卷状轮廓，模糊/侧视不补不可见中心孔。","初始化索引 300：红框为摆动纸卷，不是白衬衫或桌上其他卷，不确定纸类型与细压纹。","GPT-6 Astra Pro"
"gb","vot","1539","d956f312b70e6425601befbffcee69da0198ec3cac2e37804a09322742f05709","toiletpaper01_indoor_2","00000351","conflicting","toiletpaper","white cylindrical roll; hollow center","fine embossing; paper type","","toilet paper","white; unrolled","2026-10-06T06:27:49.203Z","true","corrected","paper roll","white cylindrical roll; hollow center","fine embossing; paper type","近邻辅助卷状轮廓，模糊/侧视不补不可见中心孔。","初始化索引 350：当前白卷体及中心孔可见，不是原建议的展开纸。","GPT-6 Astra Pro"
"gb","vot","1540","c61034961fcc62d144526405e5442c52be687f7bdf54bf1f9f38ab46d76936e0","toiletpaper01_indoor_2","00000401","conflicting","toiletpaper","white cylindrical roll; hollow center","fine embossing; paper type","","toilet paper","white; textured","2026-10-06T06:27:51.524Z","true","corrected","paper roll","white cylindrical roll; hollow center","fine embossing; paper type","近邻辅助卷状轮廓，模糊/侧视不补不可见中心孔。","初始化索引 400：红框为摆动纸卷，不是白衬衫或桌上其他卷，不确定纸类型与细压纹。","GPT-6 Astra Pro"
"gb","vot","1541","c31a6994a886be1e771eccb053b15c617d473a9545ad65bcb6f5e17a7a36dd3a","toiletpaper01_indoor_2","00000451","conflicting","toiletpaper","white cylindrical roll; hollow center","fine embossing; paper type","","toilet paper","white; rolled","2026-10-06T06:27:53.659Z","true","supported","paper roll","white cylindrical roll; hollow center","fine embossing; paper type","近邻辅助卷状轮廓，模糊/侧视不补不可见中心孔。","初始化索引 450：红框为摆动纸卷，不是白衬衫或桌上其他卷，不确定纸类型与细压纹。","GPT-6 Astra Pro"
"gb","vot","1542","049780c2be0674a847a656be7e046f216feef385c00abcd50eba8489b62737ad","toiletpaper01_indoor_2","00000501","conflicting","toiletpaper","white cylindrical roll; hollow center","fine embossing; paper type","","toilet paper","white; textured","2026-10-06T06:27:57.828Z","true","corrected","paper roll","white cylindrical roll; hollow center","fine embossing; paper type","近邻辅助卷状轮廓，模糊/侧视不补不可见中心孔。","初始化索引 500：红框为摆动纸卷，不是白衬衫或桌上其他卷，不确定纸类型与细压纹。","GPT-6 Astra Pro"
"gb","vot","1543","7284fb25eefbf80bfd9a20a7e419a615c9bff03aa7b06f87d1bd619d1e5e95a0","toiletpaper01_indoor_2","00000551","conflicting","toiletpaper","white cylindrical roll; hollow center","fine embossing; paper type","","toilet paper","white; rolled; textured","2026-10-06T06:28:01.411Z","true","supported","paper roll","white cylindrical roll; hollow center","fine embossing; paper type","近邻辅助卷状轮廓，模糊/侧视不补不可见中心孔。","初始化索引 550：红框为摆动纸卷，不是白衬衫或桌上其他卷，不确定纸类型与细压纹。","GPT-6 Astra Pro"
"gb","vot","1544","6e64697525c69ac3cd9d0adecc257001ce6addeb40a7a6f9ced9eacaace7c3b3","toiletpaper01_indoor_2","00000601","conflicting","toiletpaper","small white cylindrical or block-like blurred patch","fine embossing; paper type","","shirt","white fabric; folded","2026-10-06T06:28:04.180Z","true","uncertain","paper roll","small white cylindrical or block-like blurred patch","fine embossing; paper type","近邻辅助卷状轮廓，模糊/侧视不补不可见中心孔。","初始化索引 600：本初始化侧视/模糊/过曝，中心孔不清；纸卷类别借近邻辅助，不当白衬衫。","GPT-6 Astra Pro"
"gb","vot","1545","66bf51c77b79ab6d766021a29fce19549cc845deea0cc44edbda26ef1b95944f","toiletpaper01_indoor_2","00000651","conflicting","toiletpaper","small white cylindrical or block-like blurred patch","fine embossing; paper type","","shirt","white fabric; folded","2026-10-06T06:28:06.708Z","true","uncertain","paper roll","small white cylindrical or block-like blurred patch","fine embossing; paper type","近邻辅助卷状轮廓，模糊/侧视不补不可见中心孔。","初始化索引 650：本初始化侧视/模糊/过曝，中心孔不清；纸卷类别借近邻辅助，不当白衬衫。","GPT-6 Astra Pro"
"gb","vot","1546","09a5ccc75032ae744d82c512aecd669d1dcd6e2f1ad2446096b6fbec0d04945e","toiletpaper01_indoor_2","00000701","conflicting","toiletpaper","white cylindrical roll; hollow center","fine embossing; paper type","","toilet paper","white; textured","2026-10-06T06:28:09.203Z","true","corrected","paper roll","white cylindrical roll; hollow center","fine embossing; paper type","近邻辅助卷状轮廓，模糊/侧视不补不可见中心孔。","初始化索引 700：红框为摆动纸卷，不是白衬衫或桌上其他卷，不确定纸类型与细压纹。","GPT-6 Astra Pro"
"gb","vot","1547","996074a2d16a6363640326cae4b5ef152c86f3036a5c91501970855a30a3abab","toiletpaper01_indoor_2","00000751","conflicting","toiletpaper","white cylindrical roll; hollow center","fine embossing; paper type","","toilet paper","white; rolled; textured","2026-10-06T06:28:12.876Z","true","corrected","paper roll","white cylindrical roll; hollow center","fine embossing; paper type","近邻辅助卷状轮廓，模糊/侧视不补不可见中心孔。","初始化索引 750：红框为摆动纸卷，不是白衬衫或桌上其他卷，不确定纸类型与细压纹。","GPT-6 Astra Pro"
"gb","vot","1548","9ab21b954da095626669411d08604128fdf0cb9ce1bd2f4cef0c5ccf9e53d1a5","toiletpaper01_indoor_2","00000801","conflicting","toiletpaper","small white cylindrical or block-like blurred patch","fine embossing; paper type","","shirt","white fabric; folded","2026-10-06T06:28:15.491Z","true","uncertain","paper roll","small white cylindrical or block-like blurred patch","fine embossing; paper type","近邻辅助卷状轮廓，模糊/侧视不补不可见中心孔。","初始化索引 800：本初始化侧视/模糊/过曝，中心孔不清；纸卷类别借近邻辅助，不当白衬衫。","GPT-6 Astra Pro"
"gb","vot","1549","23944ddcc6668cdae2dc9316b3478475e8f954f8d4c6d879cba482557eaa7e58","toiletpaper01_indoor_2","00000851","conflicting","toiletpaper","small white cylindrical or block-like blurred patch","fine embossing; paper type","","paper towel","white; textured","2026-10-06T06:28:18.725Z","true","uncertain","paper roll","small white cylindrical or block-like blurred patch","fine embossing; paper type","近邻辅助卷状轮廓，模糊/侧视不补不可见中心孔。","初始化索引 850：本初始化侧视/模糊/过曝，中心孔不清；纸卷类别借近邻辅助，不当白衬衫。","GPT-6 Astra Pro"
"gb","vot","1550","95f906f2fbeab7a4ca1692624d8c7232844205e409e0c60edc623e3cb3e2585f","toiletpaper01_indoor_2","00000901","conflicting","toiletpaper","small white cylindrical or block-like blurred patch","fine embossing; paper type","","shirt","white; folded","2026-10-06T06:28:21.404Z","true","uncertain","paper roll","small white cylindrical or block-like blurred patch","fine embossing; paper type","近邻辅助卷状轮廓，模糊/侧视不补不可见中心孔。","初始化索引 900：本初始化侧视/模糊/过曝，中心孔不清；纸卷类别借近邻辅助，不当白衬衫。","GPT-6 Astra Pro"
"gb","vot","1551","e8e25202c8b53f60a4b699ba8f36d4a67b4e2a0ad56be699907393374be93f9b","toiletpaper01_indoor_2","00000951","conflicting","toiletpaper","white cylindrical roll; hollow center","fine embossing; paper type","","toilet paper","white; textured surface","2026-10-06T06:28:23.868Z","true","supported","paper roll","white cylindrical roll; hollow center","fine embossing; paper type","近邻辅助卷状轮廓，模糊/侧视不补不可见中心孔。","初始化索引 950：红框为摆动纸卷，不是白衬衫或桌上其他卷，不确定纸类型与细压纹。","GPT-6 Astra Pro"
"gb","vot","1552","c614b27e52a31a7d8f5a3935d93c95ab97a4bb35568f779c12db07d72562052d","toiletpaper01_indoor_2","00001001","conflicting","toiletpaper","small white cylindrical or block-like blurred patch","fine embossing; paper type","","shirt","white; folded","2026-10-06T06:28:26.204Z","true","uncertain","paper roll","small white cylindrical or block-like blurred patch","fine embossing; paper type","近邻辅助卷状轮廓，模糊/侧视不补不可见中心孔。","初始化索引 1000：本初始化侧视/模糊/过曝，中心孔不清；纸卷类别借近邻辅助，不当白衬衫。","GPT-6 Astra Pro"
"gb","vot","1553","b49fc0f224808c6ce4756b984736368924a3d47565f94f8e7a91a8f7cc2f270e","toiletpaper01_indoor_2","00001051","conflicting","toiletpaper","small white cylindrical or block-like blurred patch","fine embossing; paper type","","shirt","white fabric; folded","2026-10-06T06:28:28.652Z","true","uncertain","paper roll","small white cylindrical or block-like blurred patch","fine embossing; paper type","近邻辅助卷状轮廓，模糊/侧视不补不可见中心孔。","初始化索引 1050：本初始化侧视/模糊/过曝，中心孔不清；纸卷类别借近邻辅助，不当白衬衫。","GPT-6 Astra Pro"
"gb","vot","1554","991db7d25c6bd51b6870137c9b6fa81b2800d797e14f0142a6eb02d5ba260944","toiletpaper01_indoor_2","00001101","conflicting","toiletpaper","white cylindrical roll; hollow center","fine embossing; paper type","","toilet paper","white; unrolled","2026-10-06T06:28:30.828Z","true","corrected","paper roll","white cylindrical roll; hollow center","fine embossing; paper type","近邻辅助卷状轮廓，模糊/侧视不补不可见中心孔。","初始化索引 1100：当前白卷体及中心孔可见，不是原建议的展开纸。","GPT-6 Astra Pro"
"gb","vot","1555","088791f2bd2f89db19cb67b642d615c343a1ba3dd06578bcc16be04ca3affa5d","toiletpaper01_indoor_2","00001155","conflicting","toiletpaper","white cylindrical roll; hollow center","fine embossing; paper type","","toilet paper","white; textured","2026-10-06T06:28:32.804Z","true","corrected","paper roll","white cylindrical roll; hollow center","fine embossing; paper type","近邻辅助卷状轮廓，模糊/侧视不补不可见中心孔。","初始化索引 1154：红框为摆动纸卷，不是白衬衫或桌上其他卷，不确定纸类型与细压纹。","GPT-6 Astra Pro"
"gb","vot","1556","c6339c741cc20c456fa49f8651612a6ca2ca65a940ca810c6ed722bf71f63e80","toiletpaper01_indoor_2","00001191","conflicting","toiletpaper","small white cylindrical or block-like blurred patch","fine embossing; paper type","","toilet paper","white; textured","2026-10-06T06:28:34.958Z","true","uncertain","paper roll","small white cylindrical or block-like blurred patch","fine embossing; paper type","近邻辅助卷状轮廓，模糊/侧视不补不可见中心孔。","初始化索引 1190：本初始化侧视/模糊/过曝，中心孔不清；纸卷类别借近邻辅助，不当白衬衫。","GPT-6 Astra Pro"
"gb","vot","1557","098cf90e0b40de8b58fb434dbcfb7b47813ebef1b2f0a4ed9490c5b817a48750","toy02_indoor_1","00000001","conflicting","toy","brown-orange figure; prominent face; reddish upper parts; broad dark feet","character name; material; clothing detail","","action figure","brown outfit; clawed hands; legs","2026-10-06T06:28:47.412Z","true","corrected","toy figure","brown-orange figure; prominent face; reddish upper parts; broad dark feet","character name; material; clothing detail","近邻能见站立和翻转，光照变化不作稳定属性。","初始化索引 0：红框为立体人偶，不是三明治、巧克力、肉或手；造型凹凸不代表食品/木材。","GPT-6 Astra Pro"
"gb","vot","1558","6c72f3e689581a855b72e83c2bcdd04af43ce858e88e69b38e476c45c019c75f","toy02_indoor_1","00000051","conflicting","toy","brown-orange figure; prominent face; reddish upper parts; broad dark feet","character name; material; clothing detail","","action figure","brown boots; red hat; black gloves","2026-10-06T06:28:54.060Z","true","corrected","toy figure","brown-orange figure; prominent face; reddish upper parts; broad dark feet","character name; material; clothing detail","近邻能见站立和翻转，光照变化不作稳定属性。","初始化索引 50：红框为立体人偶，不是三明治、巧克力、肉或手；造型凹凸不代表食品/木材。","GPT-6 Astra Pro"
"gb","vot","1559","a95ee4477cb24894a2cffb668091a4fc9aac9190b4ca705828821c5086b0a2d6","toy02_indoor_1","00000101","conflicting","toy","brown-orange figure; prominent face; reddish upper parts; broad dark feet","character name; material; clothing detail","","action figure","orange and black outfit; wearing a helmet; holding a weapon","2026-10-06T06:28:56.820Z","true","corrected","toy figure","brown-orange figure; prominent face; reddish upper parts; broad dark feet","character name; material; clothing detail","近邻能见站立和翻转，光照变化不作稳定属性。","初始化索引 100：红框为立体人偶，不是三明治、巧克力、肉或手；造型凹凸不代表食品/木材。","GPT-6 Astra Pro"
"gb","vot","1560","9eaa4f1236674c668455de0b8c94dc6856c6f444fa3de94546c4ff5d3aeada7a","toy02_indoor_1","00000151","conflicting","toy","brown-orange irregular figure; protruding limbs or feet","character name; material; clothing detail","","sandwich","crusty bread; meat filling","2026-10-06T06:28:59.851Z","true","corrected","toy figure","brown-orange irregular figure; protruding limbs or feet","character name; material; clothing detail","近邻能见站立和翻转，光照变化不作稳定属性。","初始化索引 150：本帧人偶握持/侧转或模糊，不是食物或书，不补被遮住的脸。","GPT-6 Astra Pro"
"gb","vot","1561","7f6c94adb6ba09fe150d23f6b3dcc3dbb9207c3518813b23d13cace9d3e48d62","toy02_indoor_1","00000201","conflicting","toy","brown-orange irregular figure; protruding limbs or feet","character name; material; clothing detail","","food","crispy; brown; seeds","2026-10-06T06:29:02.652Z","true","corrected","toy figure","brown-orange irregular figure; protruding limbs or feet","character name; material; clothing detail","近邻能见站立和翻转，光照变化不作稳定属性。","初始化索引 200：本帧人偶握持/侧转或模糊，不是食物或书，不补被遮住的脸。","GPT-6 Astra Pro"
"gb","vot","1562","1a190aa79cdbd20d1b548e3b5ba989c7be91e10e133fafe48526c941b334b823","toy02_indoor_1","00000259","conflicting","toy","brown-orange irregular figure; protruding limbs or feet","character name; material; clothing detail","","food","crispy; golden brown; several pieces","2026-10-06T06:29:05.628Z","true","corrected","toy figure","brown-orange irregular figure; protruding limbs or feet","character name; material; clothing detail","近邻能见站立和翻转，光照变化不作稳定属性。","初始化索引 258：本帧人偶握持/侧转或模糊，不是食物或书，不补被遮住的脸。","GPT-6 Astra Pro"
"gb","vot","1563","8f4c4e1fb97d150e4cefac1746b4f969b6f73a796d97576fd4a9add5059d023f","toy02_indoor_1","00000301","conflicting","toy","brown-orange irregular figure; protruding limbs or feet","character name; material; clothing detail","","food","brown; round; crumbly","2026-10-06T06:29:08.315Z","true","corrected","toy figure","brown-orange irregular figure; protruding limbs or feet","character name; material; clothing detail","近邻能见站立和翻转，光照变化不作稳定属性。","初始化索引 300：本帧人偶握持/侧转或模糊，不是食物或书，不补被遮住的脸。","GPT-6 Astra Pro"
"gb","vot","1564","425b651bd0d309e38dea52f7bd12c9f6a66cad5d8fe709ad4c92ca8eb73f030f","toy02_indoor_1","00000351","conflicting","toy","brown-orange irregular figure; protruding limbs or feet","character name; material; clothing detail","","hand","holding; textured","2026-10-06T06:29:11.564Z","true","corrected","toy figure","brown-orange irregular figure; protruding limbs or feet","character name; material; clothing detail","近邻能见站立和翻转，光照变化不作稳定属性。","初始化索引 350：本帧人偶握持/侧转或模糊，不是食物或书，不补被遮住的脸。","GPT-6 Astra Pro"
"gb","vot","1565","6b7e9dc2e88d684f1879a397ee94cd9bd1de7a44ba6be7584c429af5d6d9ba33","toy02_indoor_1","00000401","conflicting","toy","brown-orange irregular figure; protruding limbs or feet","character name; material; clothing detail","","book","wooden cover; text on cover","2026-10-06T06:29:19.915Z","true","corrected","toy figure","brown-orange irregular figure; protruding limbs or feet","character name; material; clothing detail","近邻能见站立和翻转，光照变化不作稳定属性。","初始化索引 400：本帧人偶握持/侧转或模糊，不是食物或书，不补被遮住的脸。","GPT-6 Astra Pro"
"gb","vot","1566","e35018ccdc02d90116b3b864d3e713bab9a51d67916cf3b837ff47622264c848","toy02_indoor_1","00000451","conflicting","toy","brown-orange figure; prominent face; reddish upper parts; broad dark feet","character name; material; clothing detail","","sandwich","sandwiched; several layers; handheld","2026-10-06T06:29:23.828Z","true","corrected","toy figure","brown-orange figure; prominent face; reddish upper parts; broad dark feet","character name; material; clothing detail","近邻能见站立和翻转，光照变化不作稳定属性。","初始化索引 450：红框为立体人偶，不是三明治、巧克力、肉或手；造型凹凸不代表食品/木材。","GPT-6 Astra Pro"
"gb","vot","1567","25486edc101ac38aa4f87f75a6a9a35992e754281f16e09ac67b7e91a503c701","toy02_indoor_1","00000501","conflicting","toy","brown-orange figure; prominent face; reddish upper parts; broad dark feet","character name; material; clothing detail","","food","crispy; brown; crumbly","2026-10-06T06:29:26.099Z","true","corrected","toy figure","brown-orange figure; prominent face; reddish upper parts; broad dark feet","character name; material; clothing detail","近邻能见站立和翻转，光照变化不作稳定属性。","初始化索引 500：红框为立体人偶，不是三明治、巧克力、肉或手；造型凹凸不代表食品/木材。","GPT-6 Astra Pro"
"gb","vot","1568","69dd297b43208486a80cc9dc9480326ae1e6b8d3b0faf3668f799ffa514da5d3","toy02_indoor_1","00000551","conflicting","toy","brown-orange stylized body; large head; reddish limbs; broad feet","character name; material; clothing detail","","hand","bearded; wearing white shirt","2026-10-06T06:29:28.699Z","true","corrected","toy figure","brown-orange stylized body; large head; reddish limbs; broad feet","character name; material; clothing detail","近邻能见站立和翻转，光照变化不作稳定属性。","初始化索引 550：红框为立体人偶，不是三明治、巧克力、肉或手；造型凹凸不代表食品/木材。","GPT-6 Astra Pro"
"gb","vot","1569","f01db55c4cf171d458186a5bbd12c75e17e928d030b76702ef87f18be628f164","toy02_indoor_1","00000601","conflicting","toy","brown-orange stylized body; large head; reddish limbs; broad feet","character name; material; clothing detail","","toy","green and blue; shape like a hand; textured surface","2026-10-06T06:29:31.236Z","true","corrected","toy figure","brown-orange stylized body; large head; reddish limbs; broad feet","character name; material; clothing detail","近邻能见站立和翻转，光照变化不作稳定属性。","初始化索引 600：红框为立体人偶，不是三明治、巧克力、肉或手；造型凹凸不代表食品/木材。","GPT-6 Astra Pro"
"gb","vot","1570","e3cb6ecca2d6e20cebbbe52cbecfd5aff8a25eaadb7fb1c082152e4222a421df","toy02_indoor_1","00000651","conflicting","toy","brown-orange figure; prominent face; reddish upper parts; broad dark feet","character name; material; clothing detail","","figurine","wooden base; colorful design; handcrafted appearance","2026-10-06T06:29:33.486Z","true","corrected","toy figure","brown-orange figure; prominent face; reddish upper parts; broad dark feet","character name; material; clothing detail","近邻能见站立和翻转，光照变化不作稳定属性。","初始化索引 650：红框为立体人偶，不是三明治、巧克力、肉或手；造型凹凸不代表食品/木材。","GPT-6 Astra Pro"
"gb","vot","1571","ae42632e0be6192ac4489dc7358d5ca26c5822fc9508abfff622c61805a1f1ef","toy02_indoor_1","00000701","conflicting","toy","brown-orange figure; prominent face; reddish upper parts; broad dark feet","character name; material; clothing detail","","sandals","brown leather; embroidered design","2026-10-06T06:29:36.115Z","true","corrected","toy figure","brown-orange figure; prominent face; reddish upper parts; broad dark feet","character name; material; clothing detail","近邻能见站立和翻转，光照变化不作稳定属性。","初始化索引 700：红框为立体人偶，不是三明治、巧克力、肉或手；造型凹凸不代表食品/木材。","GPT-6 Astra Pro"
"gb","vot","1572","77b85c8e463d7bf8ac2bf758cc7d55051fbd66c69401927c819adad2d44cfecc","toy02_indoor_1","00000751","conflicting","toy","brown-orange figure; prominent face; reddish upper parts; broad dark feet","character name; material; clothing detail","","action figure","brown boots; red scarf; wooden base","2026-10-06T06:29:38.827Z","true","corrected","toy figure","brown-orange figure; prominent face; reddish upper parts; broad dark feet","character name; material; clothing detail","近邻能见站立和翻转，光照变化不作稳定属性。","初始化索引 750：红框为立体人偶，不是三明治、巧克力、肉或手；造型凹凸不代表食品/木材。","GPT-6 Astra Pro"
"gb","vot","1573","3da017ca3737da00e943e7a65e86383a768b0e7c4226fe4dae74ebe4291fab86","toy02_indoor_1","00000801","conflicting","toy","brown-orange figure; prominent face; reddish upper parts; broad dark feet","character name; material; clothing detail","","action figure","red and black; standing pose; wooden base","2026-10-06T06:29:41.475Z","true","corrected","toy figure","brown-orange figure; prominent face; reddish upper parts; broad dark feet","character name; material; clothing detail","近邻能见站立和翻转，光照变化不作稳定属性。","初始化索引 800：红框为立体人偶，不是三明治、巧克力、肉或手；造型凹凸不代表食品/木材。","GPT-6 Astra Pro"
"gb","vot","1574","9b8c671b13bd4b9794b4ae08ef2aaae694b865410274671d58a2a431506a378f","toy02_indoor_1","00000851","conflicting","toy","brown-orange figure; prominent face; reddish upper parts; broad dark feet","character name; material; clothing detail","","chocolate","dark brown; shiny surface","2026-10-06T06:29:43.924Z","true","corrected","toy figure","brown-orange figure; prominent face; reddish upper parts; broad dark feet","character name; material; clothing detail","近邻能见站立和翻转，光照变化不作稳定属性。","初始化索引 850：红框为立体人偶，不是三明治、巧克力、肉或手；造型凹凸不代表食品/木材。","GPT-6 Astra Pro"
"gb","vot","1575","bde35749f9fd76d44e42c967453e4b2dd6c736596466b3436bf53f73b85562d0","toy02_indoor_1","00000901","conflicting","toy","brown-orange figure; prominent face; reddish upper parts; broad dark feet","character name; material; clothing detail","","food","stacked; colorful; crust-like","2026-10-06T06:29:46.643Z","true","corrected","toy figure","brown-orange figure; prominent face; reddish upper parts; broad dark feet","character name; material; clothing detail","近邻能见站立和翻转，光照变化不作稳定属性。","初始化索引 900：红框为立体人偶，不是三明治、巧克力、肉或手；造型凹凸不代表食品/木材。","GPT-6 Astra Pro"
"gb","vot","1576","f6426561f18131332e2083b09cf623706c6ef80da2d34bf1aabb680b73481ad5","toy02_indoor_1","00000951","conflicting","toy","brown-orange irregular figure; protruding limbs or feet","character name; material; clothing detail","","book","blue cover; text on cover","2026-10-06T06:30:09.900Z","true","corrected","toy figure","brown-orange irregular figure; protruding limbs or feet","character name; material; clothing detail","近邻能见站立和翻转，光照变化不作稳定属性。","初始化索引 950：本帧人偶握持/侧转或模糊，不是食物或书，不补被遮住的脸。","GPT-6 Astra Pro"
"gb","vot","1577","5531155299cb96fdf507b83cf633872dbccd35aa25739f7c575465d6d6fcda16","toy02_indoor_1","00001001","conflicting","toy","brown-orange irregular figure; protruding limbs or feet","character name; material; clothing detail","","book","wooden cover; text on cover","2026-10-06T06:30:15.724Z","true","corrected","toy figure","brown-orange irregular figure; protruding limbs or feet","character name; material; clothing detail","近邻能见站立和翻转，光照变化不作稳定属性。","初始化索引 1000：本帧人偶握持/侧转或模糊，不是食物或书，不补被遮住的脸。","GPT-6 Astra Pro"
"gb","vot","1578","cf082083786bb3ed459c2fc4d3715eedb4c03b9f15e34c6fabc7104bdaf5ede3","toy02_indoor_1","00001059","conflicting","toy","brown-orange irregular figure; protruding limbs or feet","character name; material; clothing detail","","stuffed toy","brown color; sitting posture; textured fabric","2026-10-06T06:30:20.179Z","true","uncertain","toy figure","brown-orange irregular figure; protruding limbs or feet","character name; material; clothing detail","近邻能见站立和翻转，光照变化不作稳定属性。","初始化索引 1058：人偶被举起且模糊，类别由近邻站立造型辅助，不能确认毛绒材质或脸部细节。","GPT-6 Astra Pro"
"gb","vot","1579","ede04f7ca0ce0f17800adaf9b0262fd99f60da6cf8c8e5b76aff6316a93a858f","toy02_indoor_1","00001115","conflicting","toy","brown-orange figure; prominent face; reddish upper parts; broad dark feet","character name; material; clothing detail","","hand","wearing bracelet; holding object","2026-10-06T06:30:22.940Z","true","corrected","toy figure","brown-orange figure; prominent face; reddish upper parts; broad dark feet","character name; material; clothing detail","近邻能见站立和翻转，光照变化不作稳定属性。","初始化索引 1114：红框为立体人偶，不是三明治、巧克力、肉或手；造型凹凸不代表食品/木材。","GPT-6 Astra Pro"
"gb","vot","1580","80c8b9791a9810f4c6ff3e7f279497d797e1a18312bdfc8877facee411cd542b","toy02_indoor_1","00001135","conflicting","toy","brown-orange figure; prominent face; reddish upper parts; broad dark feet","character name; material; clothing detail","","hand","wearing watch; holding object","2026-10-06T06:30:25.636Z","true","corrected","toy figure","brown-orange figure; prominent face; reddish upper parts; broad dark feet","character name; material; clothing detail","近邻能见站立和翻转，光照变化不作稳定属性。","初始化索引 1134：红框为立体人偶，不是三明治、巧克力、肉或手；造型凹凸不代表食品/木材。","GPT-6 Astra Pro"
"gb","vot","1581","f75db7ab325d61c2dd4e4366817be29ce767b8f9c7f898eb408779526383f9da","toy09_indoor_1","00000001","conflicting","toy","small white body; dark side; yellow tip or foot","material; stuffed versus molded; text; sound or liquid function","","phone","white case; touchscreen","2026-10-06T06:30:32.323Z","true","corrected","toy","small white body; dark side; yellow tip or foot","material; stuffed versus molded; text; sound or liquid function","近邻辅助正背面，不把造型当活体或肥皂功能。","初始化索引 0：手中白色玩具有暗面及黄局部，不是黄盖饮料；材质和部件不超出可见范围。","GPT-6 Astra Pro"
"gb","vot","1582","6473c253873c94cc0799ec306bc2269157b2b5f7beb84879d8f0b98474b0f838","toy09_indoor_1","00000051","conflicting","toy","small white body; dark side; yellow tip or foot","material; stuffed versus molded; text; sound or liquid function","","bottle","white body; yellow cap","2026-10-06T06:30:35.132Z","true","corrected","toy","small white body; dark side; yellow tip or foot","material; stuffed versus molded; text; sound or liquid function","近邻辅助正背面，不把造型当活体或肥皂功能。","初始化索引 50：手中白色玩具有暗面及黄局部，不是黄盖饮料；材质和部件不超出可见范围。","GPT-6 Astra Pro"
"gb","vot","1583","a179b7350d85905bac5b77b9279a2d674ec89fe7f92777fdcec0bd44a0b1c8e6","toy09_indoor_1","00000101","conflicting","toy","small white body; dark side; yellow tip or foot","material; stuffed versus molded; text; sound or liquid function","","bottle","white label; blue cap","2026-10-06T06:30:36.637Z","true","corrected","toy","small white body; dark side; yellow tip or foot","material; stuffed versus molded; text; sound or liquid function","近邻辅助正背面，不把造型当活体或肥皂功能。","初始化索引 100：手中白色玩具有暗面及黄局部，不是黄盖饮料；材质和部件不超出可见范围。","GPT-6 Astra Pro"
"gb","vot","1584","dbf5634cc2d5a338ae7e0b8e4aa396a8963dd4ec2b98294f784616c3239f3b8e","toy09_indoor_1","00000151","conflicting","toy","small white blurred body; dark or yellow patches","material; stuffed versus molded; text; sound or liquid function","","remote control","gray; rectangular","2026-10-06T06:30:38.739Z","true","uncertain","toy","small white blurred body; dark or yellow patches","material; stuffed versus molded; text; sound or liquid function","近邻辅助正背面，不把造型当活体或肥皂功能。","初始化索引 150：小玩具被握持/运动模糊，企鹅形类别仅由邻近完整外形辅助，部件与材料不确定。","GPT-6 Astra Pro"
"gb","vot","1585","1482908bba8464bb254ba571735746523bd3116fbea2cf3de022434bb50930e1","toy09_indoor_1","00000201","conflicting","toy","small white blurred body; dark or yellow patches","material; stuffed versus molded; text; sound or liquid function","","hand","wearing white shirt; holding object","2026-10-06T06:30:40.211Z","true","uncertain","toy","small white blurred body; dark or yellow patches","material; stuffed versus molded; text; sound or liquid function","近邻辅助正背面，不把造型当活体或肥皂功能。","初始化索引 200：小玩具被握持/运动模糊，企鹅形类别仅由邻近完整外形辅助，部件与材料不确定。","GPT-6 Astra Pro"
"gb","vot","1586","131140df7a5d9eb3a08ee7be2666e470d8411d46ebdd68fa7f131ee825a4a02c","toy09_indoor_1","00000251","conflicting","toy","small white blurred body; dark or yellow patches","material; stuffed versus molded; text; sound or liquid function","","can","metallic; open","2026-10-06T06:30:41.531Z","true","uncertain","toy","small white blurred body; dark or yellow patches","material; stuffed versus molded; text; sound or liquid function","近邻辅助正背面，不把造型当活体或肥皂功能。","初始化索引 250：小玩具被握持/运动模糊，企鹅形类别仅由邻近完整外形辅助，部件与材料不确定。","GPT-6 Astra Pro"
"gb","vot","1587","a4c17e7cf67ac00358744660004e39d89078e18867704547bc51ca2690b13f41","toy09_indoor_1","00000301","conflicting","toy","small white body; dark side; yellow tip or foot","material; stuffed versus molded; text; sound or liquid function","","bottle","white label; yellow cap","2026-10-06T06:30:42.907Z","true","corrected","toy","small white body; dark side; yellow tip or foot","material; stuffed versus molded; text; sound or liquid function","近邻辅助正背面，不把造型当活体或肥皂功能。","初始化索引 300：手中白色玩具有暗面及黄局部，不是黄盖饮料；材质和部件不超出可见范围。","GPT-6 Astra Pro"
"gb","vot","1588","3662e6957ecbf4d8ebde96f080969dd765d1f8ca3af25b2137bd6a3c8b19b282","toy09_indoor_1","00000351","conflicting","toy","small white body; dark side; yellow tip or foot","material; stuffed versus molded; text; sound or liquid function","","glove","textured surface; blue and white color","2026-10-06T06:30:44.469Z","true","corrected","toy","small white body; dark side; yellow tip or foot","material; stuffed versus molded; text; sound or liquid function","近邻辅助正背面，不把造型当活体或肥皂功能。","初始化索引 350：手中白色玩具有暗面及黄局部，不是黄盖饮料；材质和部件不超出可见范围。","GPT-6 Astra Pro"
"gb","vot","1589","2d0de3d811f43c6258648abe5e258035c77cec4d646914f57cf6018ca33a3ac9","toy09_indoor_1","00000401","conflicting","toy","small white blurred body; dark or yellow patches","material; stuffed versus molded; text; sound or liquid function","","glove","white; textured","2026-10-06T06:30:45.988Z","true","uncertain","toy","small white blurred body; dark or yellow patches","material; stuffed versus molded; text; sound or liquid function","近邻辅助正背面，不把造型当活体或肥皂功能。","初始化索引 400：小玩具被握持/运动模糊，企鹅形类别仅由邻近完整外形辅助，部件与材料不确定。","GPT-6 Astra Pro"
"gb","vot","1590","568d7d2cdce687456b68e3125d9b9b81a66646134a6568dc7cd719440f056749","toy09_indoor_1","00000451","conflicting","toy","small white blurred body; dark or yellow patches","material; stuffed versus molded; text; sound or liquid function","","sock","white; textured","2026-10-06T06:30:47.431Z","true","uncertain","toy","small white blurred body; dark or yellow patches","material; stuffed versus molded; text; sound or liquid function","近邻辅助正背面，不把造型当活体或肥皂功能。","初始化索引 450：小玩具被握持/运动模糊，企鹅形类别仅由邻近完整外形辅助，部件与材料不确定。","GPT-6 Astra Pro"
"gb","vot","1591","5f938a31a35a5045d1a2a9cc4dde463a3e38a17ce1a055cf1b21b7e906afeee6","toy09_indoor_1","00000501","conflicting","toy","small white body; dark side; yellow tip or foot","material; stuffed versus molded; text; sound or liquid function","","bottle","white body; yellow cap","2026-10-06T06:30:48.956Z","true","corrected","toy","small white body; dark side; yellow tip or foot","material; stuffed versus molded; text; sound or liquid function","近邻辅助正背面，不把造型当活体或肥皂功能。","初始化索引 500：手中白色玩具有暗面及黄局部，不是黄盖饮料；材质和部件不超出可见范围。","GPT-6 Astra Pro"
"gb","vot","1592","97cf1dd7d76ffde227e55441fda53555307f0e8799cc5f5ae145f7018d8c7e34","toy09_indoor_1","00000551","conflicting","toy","small white body; dark side; yellow tip or foot","material; stuffed versus molded; text; sound or liquid function","","remote control","white; rectangular","2026-10-06T06:30:50.172Z","true","corrected","toy","small white body; dark side; yellow tip or foot","material; stuffed versus molded; text; sound or liquid function","近邻辅助正背面，不把造型当活体或肥皂功能。","初始化索引 550：手中白色玩具有暗面及黄局部，不是黄盖饮料；材质和部件不超出可见范围。","GPT-6 Astra Pro"
"gb","vot","1593","b997289959bc05fadb714446ec467565c6c03962cd82b5fa7da08ecb35f4287e","toy09_indoor_1","00000601","conflicting","toy","white rounded belly; dark gray-blue back; yellow feet and beak-like tip","material; stuffed versus molded; text; sound or liquid function","","toy","white body; yellow feet; textured surface","2026-10-06T06:30:51.996Z","true","supported","toy","white rounded belly; dark gray-blue back; yellow feet and beak-like tip","material; stuffed versus molded; text; sound or liquid function","近邻辅助正背面，不把造型当活体或肥皂功能。","初始化索引 600：红框为企鹅形玩具，不是另一手瓶、手机、手套、牙刷或锤，不确认填充材质。","GPT-6 Astra Pro"
"gb","vot","1594","1191f59df6042ec54fd5bdb508475392ea121582fdd60b72ca44b1ca65ab8f9d","toy09_indoor_1","00000651","conflicting","toy","white rounded belly; dark gray-blue back; yellow feet and beak-like tip","material; stuffed versus molded; text; sound or liquid function","","toy","white body; yellow feet; textured surface","2026-10-06T06:30:53.348Z","true","supported","toy","white rounded belly; dark gray-blue back; yellow feet and beak-like tip","material; stuffed versus molded; text; sound or liquid function","近邻辅助正背面，不把造型当活体或肥皂功能。","初始化索引 650：红框为企鹅形玩具，不是另一手瓶、手机、手套、牙刷或锤，不确认填充材质。","GPT-6 Astra Pro"
"gb","vot","1595","0b10cb4e1404db770621f63f5b1e95cfb5476700cea0eff97229726f3b6118a4","toy09_indoor_1","00000701","conflicting","toy","dark gray-blue curved back; narrow white side; yellow lower tip","material; stuffed versus molded; text; sound or liquid function","","toy","blue and white; penguin shape; soft material","2026-10-06T06:30:54.638Z","true","supported","toy","dark gray-blue curved back; narrow white side; yellow lower tip","material; stuffed versus molded; text; sound or liquid function","近邻辅助正背面，不把造型当活体或肥皂功能。","初始化索引 700：当前为玩具侧/背，不是手机屏、锤或手，白腹只作近邻类别辅助。","GPT-6 Astra Pro"
"gb","vot","1596","2dd5fc49566037df7ed5d405f6fb404290a26f3a0175ff3730b54a478f8470b3","toy09_indoor_1","00000751","conflicting","toy","dark gray-blue curved back; narrow white side; yellow lower tip","material; stuffed versus molded; text; sound or liquid function","","toothbrush","white handle; orange bristles","2026-10-06T06:30:55.963Z","true","corrected","toy","dark gray-blue curved back; narrow white side; yellow lower tip","material; stuffed versus molded; text; sound or liquid function","近邻辅助正背面，不把造型当活体或肥皂功能。","初始化索引 750：当前为玩具侧/背，不是手机屏、锤或手，白腹只作近邻类别辅助。","GPT-6 Astra Pro"
"gb","vot","1597","e881c85e15c5df76a6098648e7a778e2ef049dcc1aebad9370302e346ba9c732","toy09_indoor_1","00000801","conflicting","toy","dark gray-blue curved back; narrow white side; yellow lower tip","material; stuffed versus molded; text; sound or liquid function","","hammer","wooden handle; metal head","2026-10-06T06:30:57.205Z","true","corrected","toy","dark gray-blue curved back; narrow white side; yellow lower tip","material; stuffed versus molded; text; sound or liquid function","近邻辅助正背面，不把造型当活体或肥皂功能。","初始化索引 800：当前为玩具侧/背，不是手机屏、锤或手，白腹只作近邻类别辅助。","GPT-6 Astra Pro"
"gb","vot","1598","56a1489b51c53fdd610054448b2e3e616f77eb9162aacaf241e4c74a53c69112","toy09_indoor_1","00000851","conflicting","toy","white rounded belly; dark gray-blue back; yellow feet and beak-like tip","material; stuffed versus molded; text; sound or liquid function","","toy","white body; yellow beak and feet; text on body","2026-10-06T06:30:58.564Z","true","supported","toy","white rounded belly; dark gray-blue back; yellow feet and beak-like tip","material; stuffed versus molded; text; sound or liquid function","近邻辅助正背面，不把造型当活体或肥皂功能。","初始化索引 850：红框为企鹅形玩具，不是另一手瓶、手机、手套、牙刷或锤，不确认填充材质。","GPT-6 Astra Pro"
"gb","vot","1599","7dea0befd1e5e570b58606606e4bd72518791f37a77c0cf64299bff38e0fa97d","toy09_indoor_1","00000901","conflicting","toy","white rounded belly; dark gray-blue back; yellow feet and beak-like tip","material; stuffed versus molded; text; sound or liquid function","","bottle","white; textured surface; round bottom","2026-10-06T06:30:59.948Z","true","corrected","toy","white rounded belly; dark gray-blue back; yellow feet and beak-like tip","material; stuffed versus molded; text; sound or liquid function","近邻辅助正背面，不把造型当活体或肥皂功能。","初始化索引 900：红框为企鹅形玩具，不是另一手瓶、手机、手套、牙刷或锤，不确认填充材质。","GPT-6 Astra Pro"
"gb","vot","1600","d93f97f9d7c9efa582a799a7e5c2f07d1a0fb4445ab94da49aab34e538421cae","toy09_indoor_1","00000951","conflicting","toy","white rounded belly; dark gray-blue back; yellow feet and beak-like tip","material; stuffed versus molded; text; sound or liquid function","","soap","white; penguin-shaped","2026-10-06T06:31:01.124Z","true","corrected","toy","white rounded belly; dark gray-blue back; yellow feet and beak-like tip","material; stuffed versus molded; text; sound or liquid function","近邻辅助正背面，不把造型当活体或肥皂功能。","初始化索引 950：红框为企鹅形玩具，不是另一手瓶、手机、手套、牙刷或锤，不确认填充材质。","GPT-6 Astra Pro"
"gb","vot","1601","477bb1be3da382e5bdbe827feb8c201702607b9f632990958bf1c0415b45f7e0","toy09_indoor_1","00001001","conflicting","toy","white rounded belly; dark gray-blue back; yellow feet and beak-like tip","material; stuffed versus molded; text; sound or liquid function","","bottle","white body; yellow cap","2026-10-06T06:31:02.204Z","true","corrected","toy","white rounded belly; dark gray-blue back; yellow feet and beak-like tip","material; stuffed versus molded; text; sound or liquid function","近邻辅助正背面，不把造型当活体或肥皂功能。","初始化索引 1000：红框为企鹅形玩具，不是另一手瓶、手机、手套、牙刷或锤，不确认填充材质。","GPT-6 Astra Pro"
"gb","vot","1602","b1377be0cc7c8a5368bb3d65c5ae10c3f386473ba81f62ef90e6f14877f6cc87","toy09_indoor_1","00001051","conflicting","toy","dark gray-blue curved back; narrow white side; yellow lower tip","material; stuffed versus molded; text; sound or liquid function","","hand","bearded; wearing white t-shirt; wearing black wristband","2026-10-06T06:31:03.581Z","true","corrected","toy","dark gray-blue curved back; narrow white side; yellow lower tip","material; stuffed versus molded; text; sound or liquid function","近邻辅助正背面，不把造型当活体或肥皂功能。","初始化索引 1050：当前为玩具侧/背，不是手机屏、锤或手，白腹只作近邻类别辅助。","GPT-6 Astra Pro"
"gb","vot","1603","7e422f83ab30144f234b3ef6a924f580ee22e00ca549c2eb50436c723169ddfb","toy09_indoor_1","00001101","conflicting","toy","dark gray-blue curved back; narrow white side; yellow lower tip","material; stuffed versus molded; text; sound or liquid function","","controller","black; worn","2026-10-06T06:31:04.755Z","true","corrected","toy","dark gray-blue curved back; narrow white side; yellow lower tip","material; stuffed versus molded; text; sound or liquid function","近邻辅助正背面，不把造型当活体或肥皂功能。","初始化索引 1100：当前为玩具侧/背，不是手机屏、锤或手，白腹只作近邻类别辅助。","GPT-6 Astra Pro"
"gb","vot","1604","931916a2fb77aad893be4b2d41722ad6a7bfa2ec0ad880647783a0474da669ae","toy09_indoor_1","00001251","conflicting","toy","white rounded belly; dark gray-blue back; yellow feet and beak-like tip","material; stuffed versus molded; text; sound or liquid function","","remote control","black; rectangular","2026-10-06T06:31:06.163Z","true","corrected","toy","white rounded belly; dark gray-blue back; yellow feet and beak-like tip","material; stuffed versus molded; text; sound or liquid function","近邻辅助正背面，不把造型当活体或肥皂功能。","初始化索引 1250：红框为企鹅形玩具，不是另一手瓶、手机、手套、牙刷或锤，不确认填充材质。","GPT-6 Astra Pro"
"gb","vot","1605","ba05323d7dacad49dfd429cad355a4d5e0f03896a6e84900c90dcd8bbf4e851b","toy09_indoor_1","00001301","conflicting","toy","white rounded belly; dark gray-blue back; yellow feet and beak-like tip","material; stuffed versus molded; text; sound or liquid function","","remote control","black surface; white buttons","2026-10-06T06:31:09.876Z","true","corrected","toy","white rounded belly; dark gray-blue back; yellow feet and beak-like tip","material; stuffed versus molded; text; sound or liquid function","近邻辅助正背面，不把造型当活体或肥皂功能。","初始化索引 1300：红框为企鹅形玩具，不是另一手瓶、手机、手套、牙刷或锤，不确认填充材质。","GPT-6 Astra Pro"
"gb","vot","1606","6dde8e1da2ec6e6323549f032bc2da5288fda86faa61a5ba4fb866f3bbbaa0b1","toy09_indoor_1","00001339","conflicting","toy","white rounded belly; dark gray-blue back; yellow feet and beak-like tip","material; stuffed versus molded; text; sound or liquid function","","bottle","white; textured surface; yellow cap","2026-10-06T06:31:11.174Z","true","corrected","toy","white rounded belly; dark gray-blue back; yellow feet and beak-like tip","material; stuffed versus molded; text; sound or liquid function","近邻辅助正背面，不把造型当活体或肥皂功能。","初始化索引 1338：红框为企鹅形玩具，不是另一手瓶、手机、手套、牙刷或锤，不确认填充材质。","GPT-6 Astra Pro"
"gb","vot","1607","d488af47700064faf6386bded43b695c6ea0734d8ed76cd77286817bcb500541","toy_office_noocc_1_1","00000001","conflicting","plush toy","pale round face; outlined white eyes; blue cap with yellow trim; red top; brown lower body","scarf; yellow hair; material; character name","","toy","round head; blue hat; white face; black eyes","2026-10-06T06:31:14.964Z","true","supported","plush toy","pale round face; outlined white eyes; blue cap with yellow trim; red top; brown lower body","scarf; yellow hair; material; character name","转向和底视仅作辅助，未见面部不回填。","初始化索引 0：红框为蓝黄帽圆脸布偶，不是杯、球或手，眼线不是眼镜/文字。","GPT-6 Astra Pro"
"gb","vot","1608","f50414b22e349e2977606ce0fd383c14677a6fdb4554957f3c90656a0580cb19","toy_office_noocc_1_1","00000051","conflicting","plush toy","pale round face; outlined white eyes; blue cap with yellow trim; red top; brown lower body","scarf; yellow hair; material; character name","","cup","yellow; textured surface","2026-10-06T06:31:16.397Z","true","corrected","plush toy","pale round face; outlined white eyes; blue cap with yellow trim; red top; brown lower body","scarf; yellow hair; material; character name","转向和底视仅作辅助，未见面部不回填。","初始化索引 50：红框为蓝黄帽圆脸布偶，不是杯、球或手，眼线不是眼镜/文字。","GPT-6 Astra Pro"
"gb","vot","1609","385cf7f077302c5070b476e5079b64921bb811a4c475ffbfdbbb857075f2cf46","toy_office_noocc_1_1","00000101","conflicting","plush toy","pale round face; outlined white eyes; blue cap with yellow trim; red top; brown lower body","scarf; yellow hair; material; character name","","stuffed toy","blue hat; red shirt; fuzzy texture","2026-10-06T06:31:17.515Z","true","supported","plush toy","pale round face; outlined white eyes; blue cap with yellow trim; red top; brown lower body","scarf; yellow hair; material; character name","转向和底视仅作辅助，未见面部不回填。","初始化索引 100：红框为蓝黄帽圆脸布偶，不是杯、球或手，眼线不是眼镜/文字。","GPT-6 Astra Pro"
"gb","vot","1610","f1b90ebda6837c85e83db479bcca13510df7dfdd99cf1a26ea9866359c4615ba","toy_office_noocc_1_1","00000151","conflicting","plush toy","pale round face; outlined white eyes; blue cap with yellow trim; red top; brown lower body","scarf; yellow hair; material; character name","","stuffed toy","yellow hair; blue hat; red scarf; white face","2026-10-06T06:31:18.836Z","true","corrected","plush toy","pale round face; outlined white eyes; blue cap with yellow trim; red top; brown lower body","scarf; yellow hair; material; character name","转向和底视仅作辅助，未见面部不回填。","初始化索引 150：红框为蓝黄帽圆脸布偶，不是杯、球或手，眼线不是眼镜/文字。","GPT-6 Astra Pro"
"gb","vot","1611","d1ab6f0381fd24dae776755f599a4148c874fad3f22ba62d9f8feacfb8d0b91b","toy_office_noocc_1_1","00000201","conflicting","plush toy","blue cap; yellow pom-pom and trim; red upper body; brown lower body","scarf; yellow hair; material; character name","","stuffed toy","blue hat; red scarf; yellow pom-pom; plush material","2026-10-06T06:31:20.076Z","true","corrected","plush toy","blue cap; yellow pom-pom and trim; red upper body; brown lower body","scarf; yellow hair; material; character name","转向和底视仅作辅助，未见面部不回填。","初始化索引 200：当前帽顶/背面为主，黄圆饰不是头发，红为上身而非红裤或围巾。","GPT-6 Astra Pro"
"gb","vot","1612","c5a01b5da6d25a2d6e1f668d752981086fd663578c01e8db37d49844fdd5ef5b","toy_office_noocc_1_1","00000251","conflicting","plush toy","blue cap; yellow pom-pom and trim; red upper body; brown lower body","scarf; yellow hair; material; character name","","stuffed toy","blue hat; yellow pom-poms; red ribbon","2026-10-06T06:31:21.132Z","true","corrected","plush toy","blue cap; yellow pom-pom and trim; red upper body; brown lower body","scarf; yellow hair; material; character name","转向和底视仅作辅助，未见面部不回填。","初始化索引 250：当前帽顶/背面为主，黄圆饰不是头发，红为上身而非红裤或围巾。","GPT-6 Astra Pro"
"gb","vot","1613","7cbdc9f458b0e56f4f9e2669eaf3f4a6679963a1a141c29e5754649571126fbf","toy_office_noocc_1_1","00000301","conflicting","plush toy","blue cap; yellow pom-pom and trim; red upper body; brown lower body","scarf; yellow hair; material; character name","","stuffed toy","blue hat; yellow pom-pom; red shirt","2026-10-06T06:31:22.436Z","true","supported","plush toy","blue cap; yellow pom-pom and trim; red upper body; brown lower body","scarf; yellow hair; material; character name","转向和底视仅作辅助，未见面部不回填。","初始化索引 300：当前帽顶/背面为主，黄圆饰不是头发，红为上身而非红裤或围巾。","GPT-6 Astra Pro"
"gb","vot","1614","84e8f2e95aa7ca0bb1f816f91261313c5677caf0ba0bf7790a30eab1f4486f4c","toy_office_noocc_1_1","00000351","conflicting","plush toy","blue cap; yellow pom-pom and trim; red upper body; brown lower body","scarf; yellow hair; material; character name","","stuffed toy","blue hat; yellow ball on top; red shorts","2026-10-06T06:31:25.843Z","true","corrected","plush toy","blue cap; yellow pom-pom and trim; red upper body; brown lower body","scarf; yellow hair; material; character name","转向和底视仅作辅助，未见面部不回填。","初始化索引 350：当前帽顶/背面为主，黄圆饰不是头发，红为上身而非红裤或围巾。","GPT-6 Astra Pro"
"gb","vot","1615","99524873bd7a0aa7d172b881801703d0039d7bdaeee8e71a524b2182bde7281f","toy_office_noocc_1_1","00000401","conflicting","plush toy","blue cap; yellow pom-pom and trim; red upper body; brown lower body","scarf; yellow hair; material; character name","","stuffed toy","blue hat; red shorts; plush material","2026-10-06T06:31:27.011Z","true","corrected","plush toy","blue cap; yellow pom-pom and trim; red upper body; brown lower body","scarf; yellow hair; material; character name","转向和底视仅作辅助，未见面部不回填。","初始化索引 400：当前帽顶/背面为主，黄圆饰不是头发，红为上身而非红裤或围巾。","GPT-6 Astra Pro"
"gb","vot","1616","8ec14ed17f7390582a9d6c87c2a4e836bee77789a19bc330bf07f9e043e8b1d2","toy_office_noocc_1_1","00000451","conflicting","plush toy","blue cap; yellow pom-pom and trim; red upper body; brown lower body","scarf; yellow hair; material; character name","","toy","blue and yellow; round shape; textured surface","2026-10-06T06:31:28.155Z","true","supported","plush toy","blue cap; yellow pom-pom and trim; red upper body; brown lower body","scarf; yellow hair; material; character name","转向和底视仅作辅助，未见面部不回填。","初始化索引 450：当前帽顶/背面为主，黄圆饰不是头发，红为上身而非红裤或围巾。","GPT-6 Astra Pro"
"gb","vot","1617","44e88b02a3cb74a82cddbb6da89af707ba61c72b555957e0c1eec5def17c99ad","toy_office_noocc_1_1","00000501","conflicting","plush toy","blue cap; yellow pom-pom and trim; red upper body; brown lower body","scarf; yellow hair; material; character name","","toy","blue and yellow; round head; text on head","2026-10-06T06:31:35.715Z","true","corrected","plush toy","blue cap; yellow pom-pom and trim; red upper body; brown lower body","scarf; yellow hair; material; character name","转向和底视仅作辅助，未见面部不回填。","初始化索引 500：当前帽顶/背面为主，黄圆饰不是头发，红为上身而非红裤或围巾。","GPT-6 Astra Pro"
"gb","vot","1618","54b54e0f2413585f6ee78d36c1ebc6dba449b0772351580d9e29a60a45fbfc26","toy_office_noocc_1_1","00000551","conflicting","plush toy","pale round face; outlined white eyes; blue cap with yellow trim; red top; brown lower body","scarf; yellow hair; material; character name","","stuffed toy","blue and yellow color; round head; text on face","2026-10-06T06:31:37.339Z","true","corrected","plush toy","pale round face; outlined white eyes; blue cap with yellow trim; red top; brown lower body","scarf; yellow hair; material; character name","转向和底视仅作辅助，未见面部不回填。","初始化索引 550：红框为蓝黄帽圆脸布偶，不是杯、球或手，眼线不是眼镜/文字。","GPT-6 Astra Pro"
"gb","vot","1619","02ad226ce457feedb1c2867f77de562181288c24e1cf5d6c18f44244be960a31","toy_office_noocc_1_1","00000601","conflicting","plush toy","pale round face; outlined white eyes; blue cap with yellow trim; red top; brown lower body","scarf; yellow hair; material; character name","","stuffed toy","plush; yellow and blue hat; red scarf; black eyes","2026-10-06T06:31:40.971Z","true","corrected","plush toy","pale round face; outlined white eyes; blue cap with yellow trim; red top; brown lower body","scarf; yellow hair; material; character name","转向和底视仅作辅助，未见面部不回填。","初始化索引 600：红框为蓝黄帽圆脸布偶，不是杯、球或手，眼线不是眼镜/文字。","GPT-6 Astra Pro"
"gb","vot","1620","28c1816e8a5b6ea714b454cf4da8878d0db25d4340e1225bfe081ac7d0096913","toy_office_noocc_1_1","00000651","conflicting","plush toy","pale round face; outlined white eyes; blue cap with yellow trim; red top; brown lower body","scarf; yellow hair; material; character name","","toy","plush; round; white face; blue hat","2026-10-06T06:31:43.244Z","true","supported","plush toy","pale round face; outlined white eyes; blue cap with yellow trim; red top; brown lower body","scarf; yellow hair; material; character name","转向和底视仅作辅助，未见面部不回填。","初始化索引 650：红框为蓝黄帽圆脸布偶，不是杯、球或手，眼线不是眼镜/文字。","GPT-6 Astra Pro"
"gb","vot","1621","436085a0640ed697fd88a59d0bac8d9a40245914f1fe2787c00121247d400db0","toy_office_noocc_1_1","00000701","conflicting","plush toy","pale round face; outlined white eyes; blue cap with yellow trim; red top; brown lower body","scarf; yellow hair; material; character name","","rubber ball","white; textured surface; round shape","2026-10-06T06:31:44.683Z","true","corrected","plush toy","pale round face; outlined white eyes; blue cap with yellow trim; red top; brown lower body","scarf; yellow hair; material; character name","转向和底视仅作辅助，未见面部不回填。","初始化索引 700：红框为蓝黄帽圆脸布偶，不是杯、球或手，眼线不是眼镜/文字。","GPT-6 Astra Pro"
"gb","vot","1622","579f5f08bc1a7a53db3bc9fd9dfcbdd2cd63dd9361585688910039f74daff09f","toy_office_noocc_1_1","00000751","conflicting","plush toy","pale round face; outlined white eyes; blue cap with yellow trim; red top; brown lower body","scarf; yellow hair; material; character name","","hand","wearing black sleeve; holding object","2026-10-06T06:31:47.099Z","true","corrected","plush toy","pale round face; outlined white eyes; blue cap with yellow trim; red top; brown lower body","scarf; yellow hair; material; character name","转向和底视仅作辅助，未见面部不回填。","初始化索引 750：红框为蓝黄帽圆脸布偶，不是杯、球或手，眼线不是眼镜/文字。","GPT-6 Astra Pro"
"gb","vot","1623","91237dd55b6ca8ba7565fbdfd49a43de442944ca4ef73c20a0cf123f9bc27999","toy_office_noocc_1_1","00000801","conflicting","plush toy","dark round feet; brown lower body; red and pale upper portions","scarf; yellow hair; material; character name","","cup","plastic; blue lid","2026-10-06T06:31:48.317Z","true","corrected","plush toy","dark round feet; brown lower body; red and pale upper portions","scarf; yellow hair; material; character name","转向和底视仅作辅助，未见面部不回填。","初始化索引 800：本帧玩具脚底朝镜头，两圆底不是杯盖，类別由可见身体和近邻支持。","GPT-6 Astra Pro"
"gb","vot","1624","75ce73b6a44cc1396d96fa76bdac6f1ac51e422791dce6ae2c91f7411bbeafa0","toy_office_noocc_1_1","00000851","conflicting","plush toy","dark round feet; brown lower body; red and pale upper portions","scarf; yellow hair; material; character name","","cup","black lid; blue handle","2026-10-06T06:31:50.428Z","true","corrected","plush toy","dark round feet; brown lower body; red and pale upper portions","scarf; yellow hair; material; character name","转向和底视仅作辅助，未见面部不回填。","初始化索引 850：本帧玩具脚底朝镜头，两圆底不是杯盖，类別由可见身体和近邻支持。","GPT-6 Astra Pro"
"gb","vot","1625","082465d8d74d8e40f89ed29d91200795fe37e6ce47685e1bc1e50648e615aa8e","toy_office_noocc_1_1","00000901","conflicting","plush toy","dark round feet; brown lower body; red and pale upper portions","scarf; yellow hair; material; character name","","cup","blue handle; metal body","2026-10-06T06:31:51.716Z","true","corrected","plush toy","dark round feet; brown lower body; red and pale upper portions","scarf; yellow hair; material; character name","转向和底视仅作辅助，未见面部不回填。","初始化索引 900：本帧玩具脚底朝镜头，两圆底不是杯盖，类別由可见身体和近邻支持。","GPT-6 Astra Pro"
"gb","vot","1626","73c308540abc205cc39388dc64e6faec1a33d9e581bf0374ed536e2ceb5598a0","toy_office_noocc_1_1","00000951","conflicting","plush toy","pale round face; outlined white eyes; blue cap with yellow trim; red top; brown lower body","scarf; yellow hair; material; character name","","stuffed toy","round body; sitting position; colorful clothing; text on clothing","2026-10-06T06:31:52.900Z","true","corrected","plush toy","pale round face; outlined white eyes; blue cap with yellow trim; red top; brown lower body","scarf; yellow hair; material; character name","转向和底视仅作辅助，未见面部不回填。","初始化索引 950：红框为蓝黄帽圆脸布偶，不是杯、球或手，眼线不是眼镜/文字。","GPT-6 Astra Pro"
"gb","vot","1627","9a38d7f8cd78dc1b5c5e5af5717999e2b5bf4dd360e10bd183d2722b367f62ec","toy_office_noocc_1_1","00000981","conflicting","plush toy","pale round face; outlined white eyes; blue cap with yellow trim; red top; brown lower body","scarf; yellow hair; material; character name","","stuffed toy","round head; yellow hair; red scarf; blue shirt","2026-10-06T06:31:54.029Z","true","corrected","plush toy","pale round face; outlined white eyes; blue cap with yellow trim; red top; brown lower body","scarf; yellow hair; material; character name","转向和底视仅作辅助，未见面部不回填。","初始化索引 980：蓝黄帽、红上身、棕下部与原黄色头发/蓝衬衫不符。","GPT-6 Astra Pro"
"gb","vot","1628","75d0cf40ff056de16c5757d6a1cae474bec88cc5986793ff530ca953ea8834d3","trashcan_room_occ_1_2","00000001","conflicting","trash bin","green tall rectangular body; hinged top; dark wheels","material; lettering; lid state","","trash can","green; rectangular; metallic","2026-10-06T06:31:55.580Z","true","corrected","trash bin","green tall rectangular body; hinged top; dark wheels","material; lettering; lid state","相似桶由不同人移动，按本初始化红框区分。","初始化索引 0：红框是绿色轮式桶，不是人物或另一只桶，不认定金属材质和圆柱形。","GPT-6 Astra Pro"
"gb","vot","1629","b525bf8f6bff3c344a71e800590dcca877391a21523f0dc576dc8521e1683e01","trashcan_room_occ_1_2","00000051","conflicting","trash bin","green tall rectangular body; hinged top; dark wheels","material; lettering; lid state","","trash can","green; rectangular; metallic lid","2026-10-06T06:32:01.285Z","true","corrected","trash bin","green tall rectangular body; hinged top; dark wheels","material; lettering; lid state","相似桶由不同人移动，按本初始化红框区分。","初始化索引 50：红框是绿色轮式桶，不是人物或另一只桶，不认定金属材质和圆柱形。","GPT-6 Astra Pro"
"gb","vot","1630","2e40aaf995ccbd5c148d730d8d37a21a5c2a2feae10245b0008a7df727406297","trashcan_room_occ_1_2","00000064","conflicting","trash bin","green tall rectangular body; hinged top; dark wheels","material; lettering; lid state","","trash can","green; metallic","2026-10-06T06:32:02.972Z","true","corrected","trash bin","green tall rectangular body; hinged top; dark wheels","material; lettering; lid state","相似桶由不同人移动，按本初始化红框区分。","初始化索引 63：红框是绿色轮式桶，不是人物或另一只桶，不认定金属材质和圆柱形。","GPT-6 Astra Pro"
"gb","vot","1631","7851eb2e3fcfea31fd2b037e4b330e9a837479b6502ef3eb8c17a811e24920c9","trashcans_room_occ_1_A_1","00000001","conflicting","trash bin","green tall rectangular body; hinged top; dark wheels","material; lettering; lid state","","trash can","green; text on side","2026-10-06T06:32:04.580Z","true","supported","trash bin","green tall rectangular body; hinged top; dark wheels","material; lettering; lid state","相似桶由不同人移动，按本初始化红框区分。","初始化索引 0：本条目标是后方/靠沙发的绿色桶，非前景倾斜桶；小字位置不确认在盖上。","GPT-6 Astra Pro"
"gb","vot","1632","4f5de03bccf1bdf4bffee154120b519ad4f9940fbc9d54dee1664877feee6134","trashcans_room_occ_1_A_1","00000051","conflicting","trash bin","green tall rectangular body; hinged top; dark wheels","material; lettering; lid state","","trash can","green; text on lid","2026-10-06T06:32:06.075Z","true","corrected","trash bin","green tall rectangular body; hinged top; dark wheels","material; lettering; lid state","相似桶由不同人移动，按本初始化红框区分。","初始化索引 50：本条目标是后方/靠沙发的绿色桶，非前景倾斜桶；小字位置不确认在盖上。","GPT-6 Astra Pro"
"gb","vot","1633","be330d49ffea3a1f73fa6c44fc0392ddf79f612d9744823c815264e85c328b30","trashcans_room_occ_1_B_1","00000001","conflicting","trash bin","green rectangular bin; pale front lettering; dark wheels","material; lettering; lid state","","trash can","green; rectangular; metallic","2026-10-06T06:32:07.381Z","true","corrected","trash bin","green rectangular bin; pale front lettering; dark wheels","material; lettering; lid state","相似桶由不同人移动，按本初始化红框区分。","初始化索引 0：红框是绿色轮式桶，不是人物或另一只桶，不认定金属材质和圆柱形。","GPT-6 Astra Pro"
"gb","vot","1634","adea6a701ffc5fe3f8ac9ff0806ee2b09026c5fd63943208c0413a85325de9d8","trashcans_room_occ_1_B_1","00000051","conflicting","trash bin","green rectangular bin; pale front lettering; dark wheels","material; lettering; lid state","","trash can","green; metal; rectangular; text on side","2026-10-06T06:32:10.068Z","true","corrected","trash bin","green rectangular bin; pale front lettering; dark wheels","material; lettering; lid state","相似桶由不同人移动，按本初始化红框区分。","初始化索引 50：红框是绿色轮式桶，不是人物或另一只桶，不认定金属材质和圆柱形。","GPT-6 Astra Pro"
"gb","vot","1635","4316cb323e5af1dc7c308f89f649190d4ab89bcd1b6bf44518d2651cedad7f9d","trashcans_room_occ_1_B_1","00000101","conflicting","trash bin","green rectangular bin; pale front lettering; dark wheels","material; lettering; lid state","","trash can","green; text on side","2026-10-06T06:32:11.612Z","true","supported","trash bin","green rectangular bin; pale front lettering; dark wheels","material; lettering; lid state","相似桶由不同人移动，按本初始化红框区分。","初始化索引 100：红框是绿色轮式桶，不是人物或另一只桶，不认定金属材质和圆柱形。","GPT-6 Astra Pro"
"gb","vot","1636","62d504e1b7d53400016f1a4ff3a79466d0afa20be6756f21f385544b513c603d","trashcans_room_occ_1_B_1","00000151","conflicting","trash bin","green tall rectangular body; hinged top; dark wheels","material; lettering; lid state","","trash can","green; open lid","2026-10-06T06:32:12.804Z","true","corrected","trash bin","green tall rectangular body; hinged top; dark wheels","material; lettering; lid state","相似桶由不同人移动，按本初始化红框区分。","初始化索引 150：桶倾斜且上沿被手挡住，不能确认盖已打开。","GPT-6 Astra Pro"
"gb","vot","1637","cd6b4996eb5f0061a27dd922e710197bbd8c2483b2527aaaa0203adcf0851414","trashcans_room_occ_1_B_1","00000161","conflicting","trash bin","green tall rectangular body; hinged top; dark wheels","material; lettering; lid state","","trash can","green; open","2026-10-06T06:32:13.988Z","true","corrected","trash bin","green tall rectangular body; hinged top; dark wheels","material; lettering; lid state","相似桶由不同人移动，按本初始化红框区分。","初始化索引 160：桶倾斜且上沿被手挡住，不能确认盖已打开。","GPT-6 Astra Pro"
"gb","vot","1638","6b1871c6aef5d0d765b55e431f954536f085e261202e9663b2f137068b523346","trashcans_room_occ_1_B_3","00000001","conflicting","trash bin","green tall rectangular body; hinged top; dark wheels","material; lettering; lid state","","trash can","green; metal; cylindrical; wheels","2026-10-06T06:32:15.108Z","true","corrected","trash bin","green tall rectangular body; hinged top; dark wheels","material; lettering; lid state","相似桶由不同人移动，按本初始化红框区分。","初始化索引 0：红框是绿色轮式桶，不是人物或另一只桶，不认定金属材质和圆柱形。","GPT-6 Astra Pro"
"gb","vot","1639","0d9c0383d85ffee3b86244a22265c569f24f96fc6177a3e77f9eacb4ff89c575","trashcans_room_occ_1_B_3","00000051","conflicting","trash bin","green rectangular bin; pale front lettering; dark wheels","material; lettering; lid state","","trash can","green; text on side","2026-10-06T06:32:16.229Z","true","supported","trash bin","green rectangular bin; pale front lettering; dark wheels","material; lettering; lid state","相似桶由不同人移动，按本初始化红框区分。","初始化索引 50：红框是绿色轮式桶，不是人物或另一只桶，不认定金属材质和圆柱形。","GPT-6 Astra Pro"
"gb","vot","1640","49aa026053e0e74c3b58cc33c9b56086f54a4a3eb1b36fabb45ac85dc19bee8c","trashcans_room_occ_1_B_3","00000101","conflicting","trash bin","green rectangular bin; pale front lettering; dark wheels","material; lettering; lid state","","box","green; text; rectangular","2026-10-06T06:32:19.099Z","true","corrected","trash bin","green rectangular bin; pale front lettering; dark wheels","material; lettering; lid state","相似桶由不同人移动，按本初始化红框区分。","初始化索引 100：红框是绿色轮式桶，不是人物或另一只桶，不认定金属材质和圆柱形。","GPT-6 Astra Pro"
"gb","vot","1641","4a19dc5bc7a1bc4dc6d432a821ab6fd71c963669ef00306f4e1086e0fa72a0ed","trendNetBag_outside_1","00000001","conflicting","box","rectangular retail package; blue-purple and pale panel; printed dark device image","contents; electronic function; material; fine print","","electronic device","black; rectangular; smooth surface","2026-10-06T06:34:48.020Z","true","corrected","box","rectangular retail package; blue-purple and pale panel; printed dark device image","contents; electronic function; material; fine print","多帧只辅助盒体转面，不以文件名或人物确定类别。","初始化索引 0：红框为完整包装，设备印图不是实体手机、屏或电脑，人物和背包不并入。","GPT-6 Astra Pro"
"gb","vot","1642","a44a729bd58cc91865ffad826bba7a82d21f968fa98c4767a74bdc71744e236e","trendNetBag_outside_1","00000051","conflicting","box","rectangular retail package; blue-purple and pale panel; printed dark device image","contents; electronic function; material; fine print","","box","purple; rectangular; smooth surface","2026-10-06T06:34:50.908Z","true","supported","box","rectangular retail package; blue-purple and pale panel; printed dark device image","contents; electronic function; material; fine print","多帧只辅助盒体转面，不以文件名或人物确定类别。","初始化索引 50：红框为完整包装，设备印图不是实体手机、屏或电脑，人物和背包不并入。","GPT-6 Astra Pro"
"gb","vot","1643","fde4851f6bfdbb4d70591bf84f756c7b97236ec6c6df0a38ba3eb888632ecb95","trendNetBag_outside_1","00000101","conflicting","box","rectangular retail package; blue-purple and pale panel; printed dark device image","contents; electronic function; material; fine print","","device","black surface; rectangular shape","2026-10-06T06:34:53.948Z","true","corrected","box","rectangular retail package; blue-purple and pale panel; printed dark device image","contents; electronic function; material; fine print","多帧只辅助盒体转面，不以文件名或人物确定类别。","初始化索引 100：红框为完整包装，设备印图不是实体手机、屏或电脑，人物和背包不并入。","GPT-6 Astra Pro"
"gb","vot","1644","f9533976146fb2989c91532fc907f5645399afe6549af09324a5df0f06f22eff","trendNetBag_outside_1","00000151","conflicting","box","rectangular retail package; blue-purple and pale panel; printed dark device image","contents; electronic function; material; fine print","","package","purple; rectangular; textured","2026-10-06T06:34:58.252Z","true","supported","box","rectangular retail package; blue-purple and pale panel; printed dark device image","contents; electronic function; material; fine print","多帧只辅助盒体转面，不以文件名或人物确定类别。","初始化索引 150：红框为完整包装，设备印图不是实体手机、屏或电脑，人物和背包不并入。","GPT-6 Astra Pro"
"gb","vot","1645","d0dcb886115f1ca72da32da734fefe8f4e47ceb3e8499da8e00a5f7bf2cbdea7","trendNetBag_outside_1","00000201","conflicting","box","rectangular retail package; blue-purple and pale panel; printed dark device image","contents; electronic function; material; fine print","","box","wooden; rectangular; brown","2026-10-06T06:35:00.163Z","true","corrected","box","rectangular retail package; blue-purple and pale panel; printed dark device image","contents; electronic function; material; fine print","多帧只辅助盒体转面，不以文件名或人物确定类别。","初始化索引 200：红框为完整包装，设备印图不是实体手机、屏或电脑，人物和背包不并入。","GPT-6 Astra Pro"
"gb","vot","1646","1c5eab74bbcc53009d97543c1511c27eb9b4cfcccd0091badbf6a173ce6bf995","trendNetBag_outside_1","00000251","conflicting","box","rectangular retail package; blue-purple and pale panel; printed dark device image","contents; electronic function; material; fine print","","box","wooden; brown; rectangular","2026-10-06T06:35:01.676Z","true","corrected","box","rectangular retail package; blue-purple and pale panel; printed dark device image","contents; electronic function; material; fine print","多帧只辅助盒体转面，不以文件名或人物确定类别。","初始化索引 250：红框为完整包装，设备印图不是实体手机、屏或电脑，人物和背包不并入。","GPT-6 Astra Pro"
"gb","vot","1647","bd4212032f1423a665e7d904fdda51d1fb03cb6b7d2e8647ec8639702cdc93b3","trendNetBag_outside_1","00000301","conflicting","box","rectangular retail package; blue-purple and pale panel; printed dark device image","contents; electronic function; material; fine print","","device","black; rectangular; smooth surface","2026-10-06T06:35:03.868Z","true","corrected","box","rectangular retail package; blue-purple and pale panel; printed dark device image","contents; electronic function; material; fine print","多帧只辅助盒体转面，不以文件名或人物确定类别。","初始化索引 300：红框为完整包装，设备印图不是实体手机、屏或电脑，人物和背包不并入。","GPT-6 Astra Pro"
"gb","vot","1648","238b6b7904c407cea5eeff97307533cfa1f7011d4585b21da6064d5ac2124850","trendNetBag_outside_1","00000351","conflicting","box","rectangular retail package; blue-purple and pale panel; printed dark device image","contents; electronic function; material; fine print","","chocolate bar","dark chocolate; rectangular shape; text on packaging","2026-10-06T06:35:06.731Z","true","corrected","box","rectangular retail package; blue-purple and pale panel; printed dark device image","contents; electronic function; material; fine print","多帧只辅助盒体转面，不以文件名或人物确定类别。","初始化索引 350：红框为完整包装，设备印图不是实体手机、屏或电脑，人物和背包不并入。","GPT-6 Astra Pro"
"gb","vot","1649","1e217d3f6738f748430d576fa4ba59c07a1b8e5f8d5dae5bdb9cc28950e1dd0d","trendNetBag_outside_1","00000401","conflicting","box","rectangular retail package; blue-purple and pale panel; printed dark device image","contents; electronic function; material; fine print","","box","brown; rectangular; smooth surface","2026-10-06T06:35:07.964Z","true","supported","box","rectangular retail package; blue-purple and pale panel; printed dark device image","contents; electronic function; material; fine print","多帧只辅助盒体转面，不以文件名或人物确定类别。","初始化索引 400：红框为完整包装，设备印图不是实体手机、屏或电脑，人物和背包不并入。","GPT-6 Astra Pro"
"gb","vot","1650","16484716be984691ce8d606108f2c62c4a6068b0fcc9b8baae8f7d1585e5b5da","trendNetBag_outside_1","00000451","conflicting","box","rectangular retail package; blue-purple and pale panel; printed dark device image","contents; electronic function; material; fine print","","electronic device","black; rectangular; smooth surface","2026-10-06T06:35:09.075Z","true","corrected","box","rectangular retail package; blue-purple and pale panel; printed dark device image","contents; electronic function; material; fine print","多帧只辅助盒体转面，不以文件名或人物确定类别。","初始化索引 450：红框为完整包装，设备印图不是实体手机、屏或电脑，人物和背包不并入。","GPT-6 Astra Pro"
"gb","vot","1651","023af87e32a5ecd4ffe64fc63f90d0186dc14d6ba2325c7d6c0fc28351313c89","trendNetBag_outside_1","00000501","conflicting","box","rectangular retail package; blue-purple and pale panel; printed dark device image","contents; electronic function; material; fine print","","camera","black body; silver lens","2026-10-06T06:35:10.220Z","true","corrected","box","rectangular retail package; blue-purple and pale panel; printed dark device image","contents; electronic function; material; fine print","多帧只辅助盒体转面，不以文件名或人物确定类别。","初始化索引 500：红框为完整包装，设备印图不是实体手机、屏或电脑，人物和背包不并入。","GPT-6 Astra Pro"
"gb","vot","1652","d7f1309c590ba2e92488ed7b8a362cddec7b3f48372da34b10b8ee0d4b9814c8","trendNetBag_outside_1","00000551","conflicting","box","dark narrow printed side; pale-blue adjacent panel; straight box edges","contents; electronic function; material; fine print","","person","dark jacket; blue jeans; black shoes","2026-10-06T06:35:11.715Z","true","corrected","box","dark narrow printed side; pale-blue adjacent panel; straight box edges","contents; electronic function; material; fine print","多帧只辅助盒体转面，不以文件名或人物确定类别。","初始化索引 550：当前侧转，仅见侧边和邻面，不是衣服或设备屏，不补未见完整正面。","GPT-6 Astra Pro"
"gb","vot","1653","67c0cd4bdfdcee5b65913c9762df6284c17a3ef029357cdde3301235ca420fff","trendNetBag_outside_1","00000601","conflicting","box","pale rectangular back panel; small printed diagrams and text; dark side","contents; electronic function; material; fine print","","person","wearing black jacket; carrying backpack","2026-10-06T06:35:14.956Z","true","corrected","box","pale rectangular back panel; small printed diagrams and text; dark side","contents; electronic function; material; fine print","多帧只辅助盒体转面，不以文件名或人物确定类别。","初始化索引 600：本帧为白色印刷包装背面，有盒体边缘，不是独立文档或书。","GPT-6 Astra Pro"
"gb","vot","1654","6e120c599e011cf48bb8fc8ef2d0785900cb8eb8965597f4c97e11410dcefb32","trendNetBag_outside_1","00000651","conflicting","box","pale rectangular back panel; small printed diagrams and text; dark side","contents; electronic function; material; fine print","","person","dark jacket; blue jeans; black shoes","2026-10-06T06:35:16.204Z","true","corrected","box","pale rectangular back panel; small printed diagrams and text; dark side","contents; electronic function; material; fine print","多帧只辅助盒体转面，不以文件名或人物确定类别。","初始化索引 650：本帧为白色印刷包装背面，有盒体边缘，不是独立文档或书。","GPT-6 Astra Pro"
"gb","vot","1655","ca02d7150d987427463d137cf8e7635276c1b8d050a141f5f4b7a7417cf88f49","trendNetBag_outside_1","00000701","conflicting","box","dark narrow printed side; pale-blue adjacent panel; straight box edges","contents; electronic function; material; fine print","","person","dark jacket; blue jeans; black shoes","2026-10-06T06:35:17.444Z","true","corrected","box","dark narrow printed side; pale-blue adjacent panel; straight box edges","contents; electronic function; material; fine print","多帧只辅助盒体转面，不以文件名或人物确定类别。","初始化索引 700：当前侧转，仅见侧边和邻面，不是衣服或设备屏，不补未见完整正面。","GPT-6 Astra Pro"
"gb","vot","1656","59df25654172acb132b6b48ab12a43aa70dcd075c3b6af134d9961979bc0750e","trendNetBag_outside_1","00000751","conflicting","box","rectangular retail package; blue-purple and pale panel; printed dark device image","contents; electronic function; material; fine print","","package","brown; rectangular; textured","2026-10-06T06:35:18.820Z","true","corrected","box","rectangular retail package; blue-purple and pale panel; printed dark device image","contents; electronic function; material; fine print","多帧只辅助盒体转面，不以文件名或人物确定类别。","初始化索引 750：红框为完整包装，设备印图不是实体手机、屏或电脑，人物和背包不并入。","GPT-6 Astra Pro"
"gb","vot","1657","805cf23bfe222a0bc69ff2c3ca5f0b6aa9495c3839cb0d96baef5e4a69aeb73f","trendNetBag_outside_1","00000801","conflicting","box","rectangular retail package; blue-purple and pale panel; printed dark device image","contents; electronic function; material; fine print","","fish","brown; smooth; elongated","2026-10-06T06:35:20.044Z","true","corrected","box","rectangular retail package; blue-purple and pale panel; printed dark device image","contents; electronic function; material; fine print","多帧只辅助盒体转面，不以文件名或人物确定类别。","初始化索引 800：所谓鱼形部分是包装印图/反光，红框不是鱼实体。","GPT-6 Astra Pro"
"gb","vot","1658","e63e5a646c5dd9cc0d44b7f56ee0e3f338af1caa01d1d12df460307d7ee7e7df","trendNetBag_outside_1","00000851","conflicting","box","rectangular retail package; blue-purple and pale panel; printed dark device image","contents; electronic function; material; fine print","","backpack","black fabric; shoulder straps","2026-10-06T06:35:21.252Z","true","corrected","box","rectangular retail package; blue-purple and pale panel; printed dark device image","contents; electronic function; material; fine print","多帧只辅助盒体转面，不以文件名或人物确定类别。","初始化索引 850：红框为衣前/背包上方的包装，不是下面背包或衣服；产品图不是裸设备。","GPT-6 Astra Pro"
"gb","vot","1659","f1b900e7625473cb24d675e18117915a39ea5c5a499c6fdfa241dbf62aa0d140","trendNetBag_outside_1","00000890","conflicting","box","pale rectangular back panel; small printed diagrams and text; dark side","contents; electronic function; material; fine print","","backpack","blue fabric; black straps","2026-10-06T06:35:22.724Z","true","corrected","box","pale rectangular back panel; small printed diagrams and text; dark side","contents; electronic function; material; fine print","多帧只辅助盒体转面，不以文件名或人物确定类别。","初始化索引 889：本帧为白色印刷包装背面，有盒体边缘，不是独立文档或书。","GPT-6 Astra Pro"
"gb","vot","1660","044bbc6dd1a8d73e786f5c2cdc5fce559d499afc319018bedde117c1b22fe8d7","trendNetBag_outside_1","00000951","conflicting","box","rectangular retail package; blue-purple and pale panel; printed dark device image","contents; electronic function; material; fine print","","laptop","black; open; textured","2026-10-06T06:35:25.700Z","true","corrected","box","rectangular retail package; blue-purple and pale panel; printed dark device image","contents; electronic function; material; fine print","多帧只辅助盒体转面，不以文件名或人物确定类别。","初始化索引 950：红框为衣前/背包上方的包装，不是下面背包或衣服；产品图不是裸设备。","GPT-6 Astra Pro"
"gb","vot","1661","790db4843adab3dc9dd920475f6e2d67049e2564feea42b698f443aa65faaf0c","trendNetBag_outside_1","00001001","conflicting","box","rectangular retail package; blue-purple and pale panel; printed dark device image","contents; electronic function; material; fine print","","coat","black","2026-10-06T06:35:26.845Z","true","corrected","box","rectangular retail package; blue-purple and pale panel; printed dark device image","contents; electronic function; material; fine print","多帧只辅助盒体转面，不以文件名或人物确定类别。","初始化索引 1000：红框为衣前/背包上方的包装，不是下面背包或衣服；产品图不是裸设备。","GPT-6 Astra Pro"
"gb","vot","1662","c114df7bcc9efb3f8bad41fcfa10dbeba1a37b398faa6350133f0262c8a455ce","trendNetBag_outside_1","00001051","conflicting","box","rectangular retail package; blue-purple and pale panel; printed dark device image","contents; electronic function; material; fine print","","laptop","black; closed","2026-10-06T06:35:28.124Z","true","corrected","box","rectangular retail package; blue-purple and pale panel; printed dark device image","contents; electronic function; material; fine print","多帧只辅助盒体转面，不以文件名或人物确定类别。","初始化索引 1050：红框为完整包装，设备印图不是实体手机、屏或电脑，人物和背包不并入。","GPT-6 Astra Pro"
"gb","vot","1663","54556b65d0202a3016ce76abe574ce47657527974ae4f50f92ce004215599355","trendNetBag_outside_1","00001101","conflicting","box","rectangular retail package; blue-purple and pale panel; printed dark device image","contents; electronic function; material; fine print","","phone","silver body; black screen","2026-10-06T06:35:29.292Z","true","corrected","box","rectangular retail package; blue-purple and pale panel; printed dark device image","contents; electronic function; material; fine print","多帧只辅助盒体转面，不以文件名或人物确定类别。","初始化索引 1100：红框为完整包装，设备印图不是实体手机、屏或电脑，人物和背包不并入。","GPT-6 Astra Pro"
"gb","vot","1664","da66046706cf2bb35017b221b46e8115639acc4246400e8e5811f3378021842a","trendNetBag_outside_1","00001151","conflicting","box","rectangular retail package; blue-purple and pale panel; printed dark device image","contents; electronic function; material; fine print","","book","blue cover; text on cover","2026-10-06T06:35:30.467Z","true","corrected","box","rectangular retail package; blue-purple and pale panel; printed dark device image","contents; electronic function; material; fine print","多帧只辅助盒体转面，不以文件名或人物确定类别。","初始化索引 1150：红框为完整包装，设备印图不是实体手机、屏或电脑，人物和背包不并入。","GPT-6 Astra Pro"
"gb","vot","1665","23baad1fd4c00d7bf32ed515ee8bfe84b61f78286a9a49567cfbcb7c98c715d1","trendNetBag_outside_1","00001201","conflicting","box","rectangular retail package; blue-purple and pale panel; printed dark device image","contents; electronic function; material; fine print","","electronic device","purple; rectangular; smooth surface","2026-10-06T06:35:31.596Z","true","corrected","box","rectangular retail package; blue-purple and pale panel; printed dark device image","contents; electronic function; material; fine print","多帧只辅助盒体转面，不以文件名或人物确定类别。","初始化索引 1200：红框为完整包装，设备印图不是实体手机、屏或电脑，人物和背包不并入。","GPT-6 Astra Pro"
"gb","vot","1666","9b74b595126860c2ce999eff64c6e6db3c768b903d4ab4b85598d50d6a1c83ba","trendNetBag_outside_1","00001251","conflicting","box","rectangular retail package; blue-purple and pale panel; printed dark device image","contents; electronic function; material; fine print","","computer keyboard","black keys; white spacebar; rubberized surface","2026-10-06T06:35:32.805Z","true","corrected","box","rectangular retail package; blue-purple and pale panel; printed dark device image","contents; electronic function; material; fine print","多帧只辅助盒体转面，不以文件名或人物确定类别。","初始化索引 1250：红框为完整包装，设备印图不是实体手机、屏或电脑，人物和背包不并入。","GPT-6 Astra Pro"
"gb","vot","1667","138aa58372e0d6e91606ba61a909ce631bce1e1f1ac18e0bf127c2fa14f7eb6b","trendNetBag_outside_1","00001301","conflicting","box","dark narrow printed side; pale-blue adjacent panel; straight box edges","contents; electronic function; material; fine print","","package","blue; textured","2026-10-06T06:35:34.396Z","true","supported","box","dark narrow printed side; pale-blue adjacent panel; straight box edges","contents; electronic function; material; fine print","多帧只辅助盒体转面，不以文件名或人物确定类别。","初始化索引 1300：当前侧转，仅见侧边和邻面，不是衣服或设备屏，不补未见完整正面。","GPT-6 Astra Pro"
"gb","vot","1668","358f60823dcc9ee8913e15c600f27dfe25b511de5c47181436fda08dc50e36a3","trendNetBag_outside_1","00001351","conflicting","box","pale rectangular back panel; small printed diagrams and text; dark side","contents; electronic function; material; fine print","","book","textured cover; blue spine","2026-10-06T06:35:35.636Z","true","corrected","box","pale rectangular back panel; small printed diagrams and text; dark side","contents; electronic function; material; fine print","多帧只辅助盒体转面，不以文件名或人物确定类别。","初始化索引 1350：本帧为白色印刷包装背面，有盒体边缘，不是独立文档或书。","GPT-6 Astra Pro"
"gb","vot","1669","5a25c4f3b6caa7db1f35c92fbd2ade74d2ec083251cf223f008627aabcf31140","trendNetBag_outside_1","00001401","conflicting","box","rectangular retail package; blue-purple and pale panel; printed dark device image","contents; electronic function; material; fine print","","phone","black case; touchscreen","2026-10-06T06:35:37.117Z","true","corrected","box","rectangular retail package; blue-purple and pale panel; printed dark device image","contents; electronic function; material; fine print","多帧只辅助盒体转面，不以文件名或人物确定类别。","初始化索引 1400：红框为完整包装，设备印图不是实体手机、屏或电脑，人物和背包不并入。","GPT-6 Astra Pro"
"gb","vot","1670","7b734c34d5b189be69938ce03154cf570d302c5269b45096423bf858c85dc6c1","trendNetBag_outside_1","00001451","conflicting","box","rectangular retail package; blue-purple and pale panel; printed dark device image","contents; electronic function; material; fine print","","laptop","black; open; screen on","2026-10-06T06:35:38.260Z","true","corrected","box","rectangular retail package; blue-purple and pale panel; printed dark device image","contents; electronic function; material; fine print","多帧只辅助盒体转面，不以文件名或人物确定类别。","初始化索引 1450：红框为完整包装，设备印图不是实体手机、屏或电脑，人物和背包不并入。","GPT-6 Astra Pro"
"gb","vot","1671","9b4c5566a810fe175496e8b53faca68e64c260ad8cdd7ff1139a00ba0f8e84b1","trendNetBag_outside_1","00001471","conflicting","box","rectangular retail package; blue-purple and pale panel; printed dark device image","contents; electronic function; material; fine print","","backpack","black fabric; zipper closure","2026-10-06T06:35:39.380Z","true","corrected","box","rectangular retail package; blue-purple and pale panel; printed dark device image","contents; electronic function; material; fine print","多帧只辅助盒体转面，不以文件名或人物确定类别。","初始化索引 1470：红框为衣前/背包上方的包装，不是下面背包或衣服；产品图不是裸设备。","GPT-6 Astra Pro"
"gb","vot","1672","fab98639a635ce272e3a3ffaffa239fc8f76bab403eaa86c55e1d1f01b566542","trendNet_outside_1","00000001","conflicting","box","rectangular retail package; blue-purple and pale panel; printed dark device image","contents; electronic function; material; fine print","","device","purple; rectangular; smooth surface","2026-10-06T06:35:40.548Z","true","corrected","box","rectangular retail package; blue-purple and pale panel; printed dark device image","contents; electronic function; material; fine print","多帧只辅助盒体转面，不以文件名或人物确定类别。","初始化索引 0：红框为完整包装，设备印图不是实体手机、屏或电脑，人物和背包不并入。","GPT-6 Astra Pro"
"gb","vot","1673","5f26255bf26616e8b106df8ef8f020c5e119b99b15f724c54f25ced9aa4facd5","trendNet_outside_1","00000051","conflicting","box","rectangular retail package; blue-purple and pale panel; printed dark device image","contents; electronic function; material; fine print","","device","dark brown; rectangular; smooth surface","2026-10-06T06:35:41.636Z","true","corrected","box","rectangular retail package; blue-purple and pale panel; printed dark device image","contents; electronic function; material; fine print","多帧只辅助盒体转面，不以文件名或人物确定类别。","初始化索引 50：红框为完整包装，设备印图不是实体手机、屏或电脑，人物和背包不并入。","GPT-6 Astra Pro"
"gb","vot","1674","eac022e80f7267eed6d01a3dd5aa2de7780eef8d9e3569520c6097714d111dcd","trendNet_outside_1","00000101","conflicting","box","rectangular retail package; blue-purple and pale panel; printed dark device image","contents; electronic function; material; fine print","","remote control","black; rectangular; flat surface","2026-10-06T06:35:45.004Z","true","corrected","box","rectangular retail package; blue-purple and pale panel; printed dark device image","contents; electronic function; material; fine print","多帧只辅助盒体转面，不以文件名或人物确定类别。","初始化索引 100：红框为完整包装，设备印图不是实体手机、屏或电脑，人物和背包不并入。","GPT-6 Astra Pro"
"gb","vot","1675","6d1d542e863060259ad68760ab83f5313dd748a1d753b80fb17721a7cbf7a3fa","trendNet_outside_1","00000151","conflicting","box","rectangular retail package; blue-purple and pale panel; printed dark device image","contents; electronic function; material; fine print","","phone","black case; silver back","2026-10-06T06:35:47.060Z","true","corrected","box","rectangular retail package; blue-purple and pale panel; printed dark device image","contents; electronic function; material; fine print","多帧只辅助盒体转面，不以文件名或人物确定类别。","初始化索引 150：红框为完整包装，设备印图不是实体手机、屏或电脑，人物和背包不并入。","GPT-6 Astra Pro"
"gb","vot","1676","ea74d88b2bea4cec66d1825ee92d152cf6587493a6cf5d33b544db8ff591f009","trendNet_outside_1","00000201","conflicting","box","dark narrow printed side; pale-blue adjacent panel; straight box edges","contents; electronic function; material; fine print","","phone","black case; silver back","2026-10-06T06:35:49.316Z","true","corrected","box","dark narrow printed side; pale-blue adjacent panel; straight box edges","contents; electronic function; material; fine print","多帧只辅助盒体转面，不以文件名或人物确定类别。","初始化索引 200：当前侧转，仅见侧边和邻面，不是衣服或设备屏，不补未见完整正面。","GPT-6 Astra Pro"
"gb","vot","1677","fd0564961357c985658614c159d43911c552e26162e78411d56c70167069397d","trendNet_outside_1","00000251","conflicting","box","dark narrow printed side; pale-blue adjacent panel; straight box edges","contents; electronic function; material; fine print","","phone","black case; camera lens","2026-10-06T06:35:51.444Z","true","corrected","box","dark narrow printed side; pale-blue adjacent panel; straight box edges","contents; electronic function; material; fine print","多帧只辅助盒体转面，不以文件名或人物确定类别。","初始化索引 250：当前侧转，仅见侧边和邻面，不是衣服或设备屏，不补未见完整正面。","GPT-6 Astra Pro"
"gb","vot","1678","89858205379a2719f235d0d110532e5df6820b04d0fb171b65527f59d5b77b86","trendNet_outside_1","00000301","conflicting","box","dark narrow printed side; pale-blue adjacent panel; straight box edges","contents; electronic function; material; fine print","","phone","black case; touchscreen","2026-10-06T06:35:54.084Z","true","corrected","box","dark narrow printed side; pale-blue adjacent panel; straight box edges","contents; electronic function; material; fine print","多帧只辅助盒体转面，不以文件名或人物确定类别。","初始化索引 300：当前侧转，仅见侧边和邻面，不是衣服或设备屏，不补未见完整正面。","GPT-6 Astra Pro"
"gb","vot","1679","947a7bd304f3aca10cd7841b9556e1a5222899a487f37ac2906a350ee2e70b7d","trendNet_outside_1","00000361","conflicting","box","pale rectangular back panel; small printed diagrams and text; dark side","contents; electronic function; material; fine print","","jacket","black","2026-10-06T06:35:55.491Z","true","corrected","box","pale rectangular back panel; small printed diagrams and text; dark side","contents; electronic function; material; fine print","多帧只辅助盒体转面，不以文件名或人物确定类别。","初始化索引 360：本帧为白色印刷包装背面，有盒体边缘，不是独立文档或书。","GPT-6 Astra Pro"
"gb","vot","1680","9429fe23aa960bd5d03d598f14284f74bb4241935bd0bd32d167ad3a3a9ad311","trendNet_outside_1","00000401","conflicting","box","pale rectangular back panel; small printed diagrams and text; dark side","contents; electronic function; material; fine print","","document","white paper; text printed on","2026-10-06T06:35:56.772Z","true","corrected","box","pale rectangular back panel; small printed diagrams and text; dark side","contents; electronic function; material; fine print","多帧只辅助盒体转面，不以文件名或人物确定类别。","初始化索引 400：本帧为白色印刷包装背面，有盒体边缘，不是独立文档或书。","GPT-6 Astra Pro"
"gb","vot","1681","4d50bf7f44ecc2faeb609c59eafb77a4dc19f736bfde4de251ecfa8aa7bc6ce3","trendNet_outside_1","00000451","conflicting","box","pale rectangular back panel; small printed diagrams and text; dark side","contents; electronic function; material; fine print","","document","white paper; text printed on","2026-10-06T06:35:57.893Z","true","corrected","box","pale rectangular back panel; small printed diagrams and text; dark side","contents; electronic function; material; fine print","多帧只辅助盒体转面，不以文件名或人物确定类别。","初始化索引 450：本帧为白色印刷包装背面，有盒体边缘，不是独立文档或书。","GPT-6 Astra Pro"
"gb","vot","1682","31f4039a14f149fc0cef23b94e3054b5ce94907437d6e4350fa80accbab1440b","trendNet_outside_1","00000501","conflicting","box","pale rectangular back panel; small printed diagrams and text; dark side","contents; electronic function; material; fine print","","person","dark jacket; light blue jeans; black shoes","2026-10-06T06:36:00.188Z","true","corrected","box","pale rectangular back panel; small printed diagrams and text; dark side","contents; electronic function; material; fine print","多帧只辅助盒体转面，不以文件名或人物确定类别。","初始化索引 500：本帧为白色印刷包装背面，有盒体边缘，不是独立文档或书。","GPT-6 Astra Pro"
"gb","vot","1683","230e55f0b5d254554d0559d96d60fcd13bcb17e50eecbacb14bf32487540e9ed","trendNet_outside_1","00000551","conflicting","box","pale rectangular back panel; small printed diagrams and text; dark side","contents; electronic function; material; fine print","","book","yellow cover; purple spine; text on cover","2026-10-06T06:36:02.731Z","true","corrected","box","pale rectangular back panel; small printed diagrams and text; dark side","contents; electronic function; material; fine print","多帧只辅助盒体转面，不以文件名或人物确定类别。","初始化索引 550：本帧为白色印刷包装背面，有盒体边缘，不是独立文档或书。","GPT-6 Astra Pro"
"gb","vot","1684","33aefb78aa06a200d585f59d7d146f795ad2e355ef54cd607f919d785db24ba1","trendNet_outside_1","00000601","conflicting","box","pale rectangular back panel; small printed diagrams and text; dark side","contents; electronic function; material; fine print","","document","white paper; text printed on","2026-10-06T06:36:08.204Z","true","corrected","box","pale rectangular back panel; small printed diagrams and text; dark side","contents; electronic function; material; fine print","多帧只辅助盒体转面，不以文件名或人物确定类别。","初始化索引 600：本帧为白色印刷包装背面，有盒体边缘，不是独立文档或书。","GPT-6 Astra Pro"
"gb","vot","1685","d315d3be507c20a4eef9d01bb2786e0b6a3d3ef7e4b7300b75d9cc406ffe83eb","trendNet_outside_1","00000651","conflicting","box","pale rectangular back panel; small printed diagrams and text; dark side","contents; electronic function; material; fine print","","package","white label; text on label","2026-10-06T06:36:09.587Z","true","corrected","box","pale rectangular back panel; small printed diagrams and text; dark side","contents; electronic function; material; fine print","多帧只辅助盒体转面，不以文件名或人物确定类别。","初始化索引 650：本帧为白色印刷包装背面，有盒体边缘，不是独立文档或书。","GPT-6 Astra Pro"
"gb","vot","1686","24a6bdbe86fd4d549096d25d69d70171e35daf9b500fac66aadd27415a3ac2d3","trendNet_outside_1","00000701","conflicting","box","pale rectangular back panel; small printed diagrams and text; dark side","contents; electronic function; material; fine print","","document","white paper; text printed on","2026-10-06T06:36:10.829Z","true","corrected","box","pale rectangular back panel; small printed diagrams and text; dark side","contents; electronic function; material; fine print","多帧只辅助盒体转面，不以文件名或人物确定类别。","初始化索引 700：本帧为白色印刷包装背面，有盒体边缘，不是独立文档或书。","GPT-6 Astra Pro"
"gb","vot","1687","3c8b20e8f0bf16c6861bcb3f3041d5c787c83f11718629b5bf52c21ec9bec40d","trendNet_outside_1","00000751","conflicting","box","pale rectangular back panel; small printed diagrams and text; dark side","contents; electronic function; material; fine print","","person","dark jacket; blue jeans; black shoes","2026-10-06T06:36:14.652Z","true","corrected","box","pale rectangular back panel; small printed diagrams and text; dark side","contents; electronic function; material; fine print","多帧只辅助盒体转面，不以文件名或人物确定类别。","初始化索引 750：本帧为白色印刷包装背面，有盒体边缘，不是独立文档或书。","GPT-6 Astra Pro"
"gb","vot","1688","0cc32301c67d6bc023e91015090a9975c3340c04e4f45a319d38e9e4d82d1577","trendNet_outside_1","00000769","conflicting","box","pale rectangular back panel; small printed diagrams and text; dark side","contents; electronic function; material; fine print","","person","dark jacket; light blue jeans; black shoes","2026-10-06T06:36:16.212Z","true","corrected","box","pale rectangular back panel; small printed diagrams and text; dark side","contents; electronic function; material; fine print","多帧只辅助盒体转面，不以文件名或人物确定类别。","初始化索引 768：本帧为白色印刷包装背面，有盒体边缘，不是独立文档或书。","GPT-6 Astra Pro"
"gb","vot","1689","9c1a927dc1f58a657c00f1587656a7d7a9d23e1f1b03097206f6f8dac3a037ad","trendNet_outside_2","00000001","conflicting","box","rectangular retail package; blue-purple and pale panel; printed dark device image","contents; electronic function; material; fine print","","phone","blue case; touchscreen","2026-10-06T06:36:17.621Z","true","corrected","box","rectangular retail package; blue-purple and pale panel; printed dark device image","contents; electronic function; material; fine print","多帧只辅助盒体转面，不以文件名或人物确定类别。","初始化索引 0：红框为完整包装，设备印图不是实体手机、屏或电脑，人物和背包不并入。","GPT-6 Astra Pro"
"gb","vot","1690","e0c58ee2146744e7fcf2f9e75744ad724a5f758f1501c54943055d70cb64f20b","trendNet_outside_2","00000051","conflicting","box","dark narrow printed side; pale-blue adjacent panel; straight box edges","contents; electronic function; material; fine print","","hand","black sleeve; worn leather","2026-10-06T06:36:19.060Z","true","corrected","box","dark narrow printed side; pale-blue adjacent panel; straight box edges","contents; electronic function; material; fine print","多帧只辅助盒体转面，不以文件名或人物确定类别。","初始化索引 50：当前侧转，仅见侧边和邻面，不是衣服或设备屏，不补未见完整正面。","GPT-6 Astra Pro"
"gb","vot","1691","598239daa16b31c2daff2ed86c01273784a498f4e53676f48caa985835022f86","trendNet_outside_2","00000101","conflicting","box","dark narrow printed side; pale-blue adjacent panel; straight box edges","contents; electronic function; material; fine print","","phone","black case; touchscreen display","2026-10-06T06:36:20.059Z","true","corrected","box","dark narrow printed side; pale-blue adjacent panel; straight box edges","contents; electronic function; material; fine print","多帧只辅助盒体转面，不以文件名或人物确定类别。","初始化索引 100：当前侧转，仅见侧边和邻面，不是衣服或设备屏，不补未见完整正面。","GPT-6 Astra Pro"
"gb","vot","1692","6cbf551deb0646b86c7219dd4b64e5c0fed250f32491127651983155ec59a8ca","trendNet_outside_2","00000151","conflicting","box","dark narrow printed side; pale-blue adjacent panel; straight box edges","contents; electronic function; material; fine print","","package","blue label; text on label","2026-10-06T06:36:39.900Z","true","supported","box","dark narrow printed side; pale-blue adjacent panel; straight box edges","contents; electronic function; material; fine print","多帧只辅助盒体转面，不以文件名或人物确定类别。","初始化索引 150：当前侧转，仅见侧边和邻面，不是衣服或设备屏，不补未见完整正面。","GPT-6 Astra Pro"
"gb","vot","1693","ffb9b813bb08d0193f309112207a777dda8c1bdc7f962b1e0788a03eb59f139a","trendNet_outside_2","00000201","conflicting","box","dark narrow printed side; pale-blue adjacent panel; straight box edges","contents; electronic function; material; fine print","","book","blue cover; text on cover","2026-10-06T06:36:41.108Z","true","corrected","box","dark narrow printed side; pale-blue adjacent panel; straight box edges","contents; electronic function; material; fine print","多帧只辅助盒体转面，不以文件名或人物确定类别。","初始化索引 200：当前侧转，仅见侧边和邻面，不是衣服或设备屏，不补未见完整正面。","GPT-6 Astra Pro"
"gb","vot","1694","caa49c8602cb32305eccacbf0098f96f8a8ab9aed63509faebb56d842c77cf7c","trendNet_outside_2","00000251","conflicting","box","dark narrow printed side; pale-blue adjacent panel; straight box edges","contents; electronic function; material; fine print","","package","purple; text; rectangular","2026-10-06T06:36:42.691Z","true","supported","box","dark narrow printed side; pale-blue adjacent panel; straight box edges","contents; electronic function; material; fine print","多帧只辅助盒体转面，不以文件名或人物确定类别。","初始化索引 250：当前侧转，仅见侧边和邻面，不是衣服或设备屏，不补未见完整正面。","GPT-6 Astra Pro"
"gb","vot","1695","047108761fc7efea169aa1d2e83b125380feaaa36d9ad5a64838f6f57c6c8422","trendNet_outside_2","00000301","conflicting","box","dark narrow printed side; pale-blue adjacent panel; straight box edges","contents; electronic function; material; fine print","","box","brown; textured surface; rectangular shape","2026-10-06T06:36:44.061Z","true","corrected","box","dark narrow printed side; pale-blue adjacent panel; straight box edges","contents; electronic function; material; fine print","多帧只辅助盒体转面，不以文件名或人物确定类别。","初始化索引 300：当前侧转，仅见侧边和邻面，不是衣服或设备屏，不补未见完整正面。","GPT-6 Astra Pro"
"gb","vot","1696","d9f4f729dde58ec85ed1ca609c6555b1d37c716bc3bee5608469bb509dad9835","trendNet_outside_2","00000351","conflicting","box","dark narrow printed side; pale-blue adjacent panel; straight box edges","contents; electronic function; material; fine print","","person","dark jacket; light blue jeans; black shoes","2026-10-06T06:36:45.732Z","true","corrected","box","dark narrow printed side; pale-blue adjacent panel; straight box edges","contents; electronic function; material; fine print","多帧只辅助盒体转面，不以文件名或人物确定类别。","初始化索引 350：当前侧转，仅见侧边和邻面，不是衣服或设备屏，不补未见完整正面。","GPT-6 Astra Pro"
"gb","vot","1697","848900f466eb9ef2448c1afae25b10d672a04a19be0ed188210e72aef7a09630","trendNet_outside_2","00000401","conflicting","box","dark narrow printed side; pale-blue adjacent panel; straight box edges","contents; electronic function; material; fine print","","person","dark jacket; blue jeans; black shoes","2026-10-06T06:36:46.900Z","true","corrected","box","dark narrow printed side; pale-blue adjacent panel; straight box edges","contents; electronic function; material; fine print","多帧只辅助盒体转面，不以文件名或人物确定类别。","初始化索引 400：当前侧转，仅见侧边和邻面，不是衣服或设备屏，不补未见完整正面。","GPT-6 Astra Pro"
"gb","vot","1698","ce91eec4b98264b1a2c097a4c8ef1029a56c0d09fb393a21869a4f8334f5b185","trendNet_outside_2","00000451","conflicting","box","dark narrow printed side; pale-blue adjacent panel; straight box edges","contents; electronic function; material; fine print","","person","dark jacket; blue jeans; black shoes","2026-10-06T06:36:48.027Z","true","corrected","box","dark narrow printed side; pale-blue adjacent panel; straight box edges","contents; electronic function; material; fine print","多帧只辅助盒体转面，不以文件名或人物确定类别。","初始化索引 450：当前侧转，仅见侧边和邻面，不是衣服或设备屏，不补未见完整正面。","GPT-6 Astra Pro"
"gb","vot","1699","f47aee77261e27987032913bfc6b2c9e27164f67616565468acca3472102a30a","trendNet_outside_2","00000501","conflicting","box","dark narrow printed side; pale-blue adjacent panel; straight box edges","contents; electronic function; material; fine print","","glove","purple; textured","2026-10-06T06:36:49.331Z","true","corrected","box","dark narrow printed side; pale-blue adjacent panel; straight box edges","contents; electronic function; material; fine print","多帧只辅助盒体转面，不以文件名或人物确定类别。","初始化索引 500：当前侧转，仅见侧边和邻面，不是衣服或设备屏，不补未见完整正面。","GPT-6 Astra Pro"
"gb","vot","1700","484199d8b850c1a77d90610facc548d9d92ba61b39227a24ff4734702e497657","trendNet_outside_2","00000551","conflicting","box","rectangular retail package; blue-purple and pale panel; printed dark device image","contents; electronic function; material; fine print","","device","black; rectangular; button controls","2026-10-06T06:36:50.676Z","true","corrected","box","rectangular retail package; blue-purple and pale panel; printed dark device image","contents; electronic function; material; fine print","多帧只辅助盒体转面，不以文件名或人物确定类别。","初始化索引 550：红框为完整包装，设备印图不是实体手机、屏或电脑，人物和背包不并入。","GPT-6 Astra Pro"
"gb","vot","1701","b3956209d61c888c5941fd5b9fc54a87198720a48bf9506541df0123829c419b","trendNet_outside_2","00000601","conflicting","box","rectangular retail package; blue-purple and pale panel; printed dark device image","contents; electronic function; material; fine print","","package","brown cardboard; rectangular shape; text on front","2026-10-06T06:36:51.740Z","true","corrected","box","rectangular retail package; blue-purple and pale panel; printed dark device image","contents; electronic function; material; fine print","多帧只辅助盒体转面，不以文件名或人物确定类别。","初始化索引 600：红框为完整包装，设备印图不是实体手机、屏或电脑，人物和背包不并入。","GPT-6 Astra Pro"
"gb","vot","1702","37019d3558bcc55209ce6d6312114144364c15201cebf957075f76f7375a7da9","trendNet_outside_2","00000651","conflicting","box","rectangular retail package; blue-purple and pale panel; printed dark device image","contents; electronic function; material; fine print","","laptop","black; open; touchscreen","2026-10-06T06:36:53.380Z","true","corrected","box","rectangular retail package; blue-purple and pale panel; printed dark device image","contents; electronic function; material; fine print","多帧只辅助盒体转面，不以文件名或人物确定类别。","初始化索引 650：红框为完整包装，设备印图不是实体手机、屏或电脑，人物和背包不并入。","GPT-6 Astra Pro"
"gb","vot","1703","17a55066bd44dcca0f80bf0a43eff80f7f17412b4e2c29d61991e9547a0f0748","trendNet_outside_2","00000701","conflicting","box","rectangular retail package; blue-purple and pale panel; printed dark device image","contents; electronic function; material; fine print","","device","black case; rectangle shape","2026-10-06T06:36:54.659Z","true","corrected","box","rectangular retail package; blue-purple and pale panel; printed dark device image","contents; electronic function; material; fine print","多帧只辅助盒体转面，不以文件名或人物确定类别。","初始化索引 700：红框为完整包装，设备印图不是实体手机、屏或电脑，人物和背包不并入。","GPT-6 Astra Pro"
"gb","vot","1704","be85a594949e2275a2b76b854adec79989f507623f0a5ed6dde7ffad85fa8a31","trendNet_outside_2","00000751","conflicting","box","dark narrow printed side; pale-blue adjacent panel; straight box edges","contents; electronic function; material; fine print","","book","purple cover; text on cover","2026-10-06T06:36:55.980Z","true","corrected","box","dark narrow printed side; pale-blue adjacent panel; straight box edges","contents; electronic function; material; fine print","多帧只辅助盒体转面，不以文件名或人物确定类别。","初始化索引 750：当前侧转，仅见侧边和邻面，不是衣服或设备屏，不补未见完整正面。","GPT-6 Astra Pro"
"gb","vot","1705","c14347094ca0566515f00d8391e6f206969c8b15e217f44d265b59e62b16586d","trendNet_outside_2","00000763","conflicting","box","dark narrow printed side; pale-blue adjacent panel; straight box edges","contents; electronic function; material; fine print","","laptop","purple; open; textured keyboard","2026-10-06T06:36:56.955Z","true","corrected","box","dark narrow printed side; pale-blue adjacent panel; straight box edges","contents; electronic function; material; fine print","多帧只辅助盒体转面，不以文件名或人物确定类别。","初始化索引 762：当前侧转，仅见侧边和邻面，不是衣服或设备屏，不补未见完整正面。","GPT-6 Astra Pro"
"gb","vot","1706","b8ea3cb137c3ef291d2921423aaef5177cd7ffbdc2cea37669726ede45b8b38b","trophy_outside_2","00000001","conflicting","trophy","gold-colored cup; curled handles; stem; dark rectangular base","material; engraving; wood or leather; gemstones","","trophy","gold; cylindrical; shiny","2026-10-06T06:37:02.380Z","true","corrected","trophy","gold-colored cup; curled handles; stem; dark rectangular base","material; engraving; wood or leather; gemstones","传递和放下仅作上下文，持有人与姿态不作稳定属性。","初始化索引 0：红框为奖杯整体，金色不代表纯金，底座不一概说圆形。","GPT-6 Astra Pro"
"gb","vot","1707","e58ae3cab064fbafe31d71656456a8a21192bbb45b51ace8bb3ea4053f31056f","trophy_outside_2","00000051","conflicting","trophy","gold-colored cup; curled handles; stem; dark rectangular base","material; engraving; wood or leather; gemstones","","trophy","gold; wavy handle; round base","2026-10-06T06:37:05.012Z","true","corrected","trophy","gold-colored cup; curled handles; stem; dark rectangular base","material; engraving; wood or leather; gemstones","传递和放下仅作上下文，持有人与姿态不作稳定属性。","初始化索引 50：红框为奖杯整体，金色不代表纯金，底座不一概说圆形。","GPT-6 Astra Pro"
"gb","vot","1708","b7541fcd949d3225befa17f13eb995a7877ae654fd25bf12919288710dc0cc96","trophy_outside_2","00000101","conflicting","trophy","gold-colored cup; curled handles; stem; dark rectangular base","material; engraving; wood or leather; gemstones","","trophy","gold base; leather handle; wooden top; inscription","2026-10-06T06:37:07.275Z","true","corrected","trophy","gold-colored cup; curled handles; stem; dark rectangular base","material; engraving; wood or leather; gemstones","传递和放下仅作上下文，持有人与姿态不作稳定属性。","初始化索引 100：红框为奖杯整体，金色不代表纯金，底座不一概说圆形。","GPT-6 Astra Pro"
"gb","vot","1709","bf3a07a83a210eca91bea35e78349760990ec9f1a696feef7fcbb135621c7c0a","trophy_outside_2","00000151","conflicting","trophy","gold-colored cup; curled handles; stem; dark rectangular base","material; engraving; wood or leather; gemstones","","trophy","gold; shiny; crown-like; textured","2026-10-06T06:37:08.587Z","true","supported","trophy","gold-colored cup; curled handles; stem; dark rectangular base","material; engraving; wood or leather; gemstones","传递和放下仅作上下文，持有人与姿态不作稳定属性。","初始化索引 150：红框为奖杯整体，金色不代表纯金，底座不一概说圆形。","GPT-6 Astra Pro"
"gb","vot","1710","cc99588059b789deb2f8507c373b8f08a907df3f9d57e5f8a88a9d1e256511d3","trophy_outside_2","00000201","conflicting","trophy","gold-colored cup; curled handles; stem; dark rectangular base","material; engraving; wood or leather; gemstones","","trophy","gold; round base; handle on each side","2026-10-06T06:37:10.044Z","true","corrected","trophy","gold-colored cup; curled handles; stem; dark rectangular base","material; engraving; wood or leather; gemstones","传递和放下仅作上下文，持有人与姿态不作稳定属性。","初始化索引 200：红框为奖杯整体，金色不代表纯金，底座不一概说圆形。","GPT-6 Astra Pro"
"gb","vot","1711","e27f2e0d5881d0c862d3caf81b05a980b0d1a9ec1571fa81b8e03df1e853d098","trophy_outside_2","00000251","conflicting","trophy","gold-colored cup; curled handles; stem; dark rectangular base","material; engraving; wood or leather; gemstones","","trophy","gold; cup-shaped; textured","2026-10-06T06:37:12.692Z","true","supported","trophy","gold-colored cup; curled handles; stem; dark rectangular base","material; engraving; wood or leather; gemstones","传递和放下仅作上下文，持有人与姿态不作稳定属性。","初始化索引 250：红框为奖杯整体，金色不代表纯金，底座不一概说圆形。","GPT-6 Astra Pro"
"gb","vot","1712","0156f0db086d8a95fa79f7ddc28ae7072ebf954ce91d81d3d5d8d3ea9a8207a7","trophy_outside_2","00000301","conflicting","trophy","gold-colored cup; curled handles; stem; dark rectangular base","material; engraving; wood or leather; gemstones","","trophy","gold; cup-shaped","2026-10-06T06:38:35.819Z","true","supported","trophy","gold-colored cup; curled handles; stem; dark rectangular base","material; engraving; wood or leather; gemstones","传递和放下仅作上下文，持有人与姿态不作稳定属性。","初始化索引 300：红框为奖杯整体，金色不代表纯金，底座不一概说圆形。","GPT-6 Astra Pro"
"gb","vot","1713","f9c951ac887db42a6ca57b4c0171c1ce443d911e3bc1bc17b26dcef716eac00e","trophy_outside_2","00000351","conflicting","trophy","gold-colored cup; curled handles; stem; dark rectangular base","material; engraving; wood or leather; gemstones","","trophy","gold; cup-shaped; highly reflective","2026-10-06T06:38:37.196Z","true","supported","trophy","gold-colored cup; curled handles; stem; dark rectangular base","material; engraving; wood or leather; gemstones","传递和放下仅作上下文，持有人与姿态不作稳定属性。","初始化索引 350：红框为奖杯整体，金色不代表纯金，底座不一概说圆形。","GPT-6 Astra Pro"
"gb","vot","1714","51014974e7f12ebc7c47e1eb73b41c8c4462be87e2d26c69daa0d2c4ce509b18","trophy_outside_2","00000401","conflicting","trophy","gold-colored cup; curled handles; stem; dark rectangular base","material; engraving; wood or leather; gemstones","","trophy","gold; cup-shaped; two handles","2026-10-06T06:38:38.500Z","true","supported","trophy","gold-colored cup; curled handles; stem; dark rectangular base","material; engraving; wood or leather; gemstones","传递和放下仅作上下文，持有人与姿态不作稳定属性。","初始化索引 400：红框为奖杯整体，金色不代表纯金，底座不一概说圆形。","GPT-6 Astra Pro"
"gb","vot","1715","ba190ef07aa07c78e82b47a0b8e3fc1c5f565a15d30b362d2be8030612134737","trophy_outside_2","00000451","conflicting","trophy","small gold-colored cup outline; side handles; dark base","material; engraving; wood or leather; gemstones","","trophy","gold base; purple ribbon; wooden handle","2026-10-06T06:38:39.892Z","true","corrected","trophy","small gold-colored cup outline; side handles; dark base","material; engraving; wood or leather; gemstones","传递和放下仅作上下文，持有人与姿态不作稳定属性。","初始化索引 450：本帧目标靠地面且小，只认杯形轮廓与底座，不读铭文材料。","GPT-6 Astra Pro"
"gb","vot","1716","02513496c5f306309d0d519bb60b5ee8f10a185e26c1b85ee3b6220a02f93401","trophy_outside_2","00000501","conflicting","trophy","small gold-colored cup outline; side handles; dark base","material; engraving; wood or leather; gemstones","","trophy","gold; cup-shaped; high","2026-10-06T06:38:41.212Z","true","corrected","trophy","small gold-colored cup outline; side handles; dark base","material; engraving; wood or leather; gemstones","传递和放下仅作上下文，持有人与姿态不作稳定属性。","初始化索引 500：本帧目标靠地面且小，只认杯形轮廓与底座，不读铭文材料。","GPT-6 Astra Pro"
"gb","vot","1717","4c2ff7382f43670cf6f799d54898d4a75b01d7effac68e5e99657a1a48fe6fe4","trophy_outside_2","00000551","conflicting","trophy","small gold-colored cup outline; side handles; dark base","material; engraving; wood or leather; gemstones","","trophy","gold; crown-like top; text on base","2026-10-06T06:38:42.603Z","true","corrected","trophy","small gold-colored cup outline; side handles; dark base","material; engraving; wood or leather; gemstones","传递和放下仅作上下文，持有人与姿态不作稳定属性。","初始化索引 550：本帧目标靠地面且小，只认杯形轮廓与底座，不读铭文材料。","GPT-6 Astra Pro"
"gb","vot","1718","35504997fb8cb94300c5a5b3dbe59cb708b074edc9731c162bb515d3eb756025","trophy_outside_2","00000601","conflicting","trophy","small gold-colored cup outline; side handles; dark base","material; engraving; wood or leather; gemstones","","trophy","gold; crown-shaped; base; inscription","2026-10-06T06:38:43.916Z","true","corrected","trophy","small gold-colored cup outline; side handles; dark base","material; engraving; wood or leather; gemstones","传递和放下仅作上下文，持有人与姿态不作稳定属性。","初始化索引 600：本帧目标靠地面且小，只认杯形轮廓与底座，不读铭文材料。","GPT-6 Astra Pro"
"gb","vot","1719","01a2a7520c6598e7c815f562c0281b0635442b2ef958179913f8399e1f5ceea7","trophy_outside_2","00000631","conflicting","trophy","small gold-colored cup outline; side handles; dark base","material; engraving; wood or leather; gemstones","","trophy","gold; cylindrical; wavy rim; base","2026-10-06T06:38:45.251Z","true","corrected","trophy","small gold-colored cup outline; side handles; dark base","material; engraving; wood or leather; gemstones","传递和放下仅作上下文，持有人与姿态不作稳定属性。","初始化索引 630：本帧目标靠地面且小，只认杯形轮廓与底座，不读铭文材料。","GPT-6 Astra Pro"
"gb","vot","1720","67b0ee856065c2b517848f9accf37b1a4571985c5360d5c3aeb8cd206a2f8305","two_mugs_1","00000001","conflicting","mug","yellow and dark red diagonal stripes; white rim; circular emblem; side handle","emblem text; material; physical texture","","mug","white; textured surface; handle on right side","2026-10-06T06:38:49.100Z","true","corrected","mug","yellow and dark red diagonal stripes; white rim; circular emblem; side handle","emblem text; material; physical texture","","初始化索引 0：红框为条纹杯，不是相邻白色黑字杯，原white混淆两杯或仅描述内壁。","GPT-6 Astra Pro"
"gb","vot","1721","df2d55c5caef498cb992301683c5a4c5e4e0fa3c81fc8e91a1e9e7e0c659733e","two_mugs_1","00000051","conflicting","mug","yellow and dark red diagonal stripes; white rim; circular emblem; side handle","emblem text; material; physical texture","","mug","textured surface; striped pattern; white color","2026-10-06T06:38:50.244Z","true","corrected","mug","yellow and dark red diagonal stripes; white rim; circular emblem; side handle","emblem text; material; physical texture","","初始化索引 50：红框为条纹杯，不是相邻白色黑字杯，原white混淆两杯或仅描述内壁。","GPT-6 Astra Pro"
"gb","vot","1722","4df0f435ef87c36f77327ff8bcc53030170638f8aae98ac1494a4bad505275c7","two_mugs_1","00000101","conflicting","mug","yellow and dark red diagonal stripes; white rim; circular emblem; side handle","emblem text; material; physical texture","","mug","textured surface; white color; printed design","2026-10-06T06:38:51.612Z","true","corrected","mug","yellow and dark red diagonal stripes; white rim; circular emblem; side handle","emblem text; material; physical texture","","初始化索引 100：红框为条纹杯，不是相邻白色黑字杯，原white混淆两杯或仅描述内壁。","GPT-6 Astra Pro"
"gb","vot","1723","5b4905f409129f127d504d747008cdf26e055496389ecd221382b75e6eab916f","two_mugs_1","00000111","conflicting","mug","yellow and dark red diagonal stripes; white rim; circular emblem; side handle","emblem text; material; physical texture","","mug","white; textured surface","2026-10-06T06:38:53.180Z","true","corrected","mug","yellow and dark red diagonal stripes; white rim; circular emblem; side handle","emblem text; material; physical texture","","初始化索引 110：红框为条纹杯，不是相邻白色黑字杯，原white混淆两杯或仅描述内壁。","GPT-6 Astra Pro"
"gb","vot","1724","25862c0a4ba25879b31c67f2b0c1c6d34f8fbbffa28a1ee4ff7c5d19c9b00823","two_tennis_balls_1","00000001","conflicting","tennis ball","yellow-green sphere; pale curved seam; fuzzy surface","lettering; material; identity among similar balls","","tennis ball","yellow; textured surface","2026-10-06T06:38:56.164Z","true","supported","tennis ball","yellow-green sphere; pale curved seam; fuzzy surface","lettering; material; identity among similar balls","双球交换只作类别/场景辅助，不保证物理同一球。","初始化索引 0：红框为两只相似球中的一只，不是苹果；不凭同色推断整个抛接身份。","GPT-6 Astra Pro"
"gb","vot","1725","8d6c08efe7c02d1aa08e5a0604eb7b5b8121e71fbd1fa4d5dd72f3b0593afc72","two_tennis_balls_1","00000051","conflicting","tennis ball","yellow-green sphere; pale curved seam; fuzzy surface","lettering; material; identity among similar balls","","tennis ball","yellow; textured surface","2026-10-06T06:38:57.475Z","true","supported","tennis ball","yellow-green sphere; pale curved seam; fuzzy surface","lettering; material; identity among similar balls","双球交换只作类别/场景辅助，不保证物理同一球。","初始化索引 50：红框为两只相似球中的一只，不是苹果；不凭同色推断整个抛接身份。","GPT-6 Astra Pro"
"gb","vot","1726","1ce233ae7ed85d26b40b277990fe75d4e9c0bff1c6bfb9a93ac61aeab12d5b7d","two_tennis_balls_1","00000101","conflicting","tennis ball","yellow-green sphere; pale curved seam; fuzzy surface","lettering; material; identity among similar balls","","tennis ball","yellow; textured","2026-10-06T06:38:58.900Z","true","supported","tennis ball","yellow-green sphere; pale curved seam; fuzzy surface","lettering; material; identity among similar balls","双球交换只作类别/场景辅助，不保证物理同一球。","初始化索引 100：红框为两只相似球中的一只，不是苹果；不凭同色推断整个抛接身份。","GPT-6 Astra Pro"
"gb","vot","1727","520e2a11aba3e697b5c0353ba87a3d0ef4d1634ad82369c758587bc2ffb44ba9","two_tennis_balls_1","00000134","conflicting","tennis ball","yellow-green sphere; pale curved seam; fuzzy surface","lettering; material; identity among similar balls","","tennis ball","yellow; textured surface","2026-10-06T06:39:00.172Z","true","supported","tennis ball","yellow-green sphere; pale curved seam; fuzzy surface","lettering; material; identity among similar balls","双球交换只作类别/场景辅助，不保证物理同一球。","初始化索引 133：红框为两只相似球中的一只，不是苹果；不凭同色推断整个抛接身份。","GPT-6 Astra Pro"
"gb","vot","1728","4a132b0c9a94c0b8be5e9dde5ff20fb79723e121e5a54d6222c3d02c7b8550fc","two_tennis_balls_3","00000001","conflicting","tennis ball","yellow-green sphere; pale curved seam; fuzzy surface","lettering; material; identity among similar balls","","tennis ball","yellow; textured surface","2026-10-06T06:39:01.397Z","true","supported","tennis ball","yellow-green sphere; pale curved seam; fuzzy surface","lettering; material; identity among similar balls","双球交换只作类别/场景辅助，不保证物理同一球。","初始化索引 0：红框为两只相似球中的一只，不是苹果；不凭同色推断整个抛接身份。","GPT-6 Astra Pro"
"gb","vot","1729","a47bc3aa38a0c469c99e712190a877ddd2ce3df7408dec365f56e16dcd18d9c6","two_tennis_balls_3","00000051","conflicting","tennis ball","yellow-green sphere; pale curved seam; fuzzy surface","lettering; material; identity among similar balls","","apple","yellow skin; smooth surface","2026-10-06T06:39:02.732Z","true","corrected","tennis ball","yellow-green sphere; pale curved seam; fuzzy surface","lettering; material; identity among similar balls","双球交换只作类别/场景辅助，不保证物理同一球。","初始化索引 50：红框为两只相似球中的一只，不是苹果；不凭同色推断整个抛接身份。","GPT-6 Astra Pro"
"gb","vot","1730","dd0a9c32a077974f4fc6eeef534ebceca9420e80a8a5a3f6fc3ffc1309a9b4d7","two_tennis_balls_3","00000101","conflicting","tennis ball","yellow-green round body; blurred pale seam","lettering; material; identity among similar balls","","tennis ball","yellow; textured surface","2026-10-06T06:39:04.084Z","true","corrected","tennis ball","yellow-green round body; blurred pale seam","lettering; material; identity among similar balls","双球交换只作类别/场景辅助，不保证物理同一球。","初始化索引 100：球在空中模糊，保留粗色和浅缝，细字不可读。","GPT-6 Astra Pro"
"gb","vot","1731","025675590bd913d9ff4d0b7a71ff85b0b720f4f960d0cc5891463fb2236022fa","two_tennis_balls_3","00000130","conflicting","tennis ball","yellow-green round body; blurred pale seam","lettering; material; identity among similar balls","","tennis ball","yellow; textured surface","2026-10-06T06:39:05.364Z","true","corrected","tennis ball","yellow-green round body; blurred pale seam","lettering; material; identity among similar balls","双球交换只作类别/场景辅助，不保证物理同一球。","初始化索引 129：球在空中模糊，保留粗色和浅缝，细字不可读。","GPT-6 Astra Pro"
"gb","vot","1732","5237bab3c189189a6da5b3030f40434b006ca42ebeeb940bbcdf47a446e40d81","yogurt_indoor_1","00000001","conflicting","Yogurt container","pale tapered tub; red-dark printed lid; small side print","contents; food or medicine identity; paper versus plastic; print","","cup","black; text on side","2026-10-06T06:39:40.036Z","true","corrected","container","pale tapered tub; red-dark printed lid; small side print","contents; food or medicine identity; paper versus plastic; print","近邻揭盖和用勺只作上下文，不证明具体食物内容。","初始化索引 0：当前盖面有印字，不是电脑或其他杯；包装不能证明内装物。","GPT-6 Astra Pro"
"gb","vot","1733","2548604e85c886e435c67a642b61945190630deadd592abceb7944ecef4815fd","yogurt_indoor_1","00000051","conflicting","Yogurt container","pale tapered tub; red-dark printed lid; small side print","contents; food or medicine identity; paper versus plastic; print","","cup","brown; textured","2026-10-06T06:39:42.619Z","true","corrected","container","pale tapered tub; red-dark printed lid; small side print","contents; food or medicine identity; paper versus plastic; print","近邻揭盖和用勺只作上下文，不证明具体食物内容。","初始化索引 50：当前盖面有印字，不是电脑或其他杯；包装不能证明内装物。","GPT-6 Astra Pro"
"gb","vot","1734","f713a4c05f36682cf15f57280fdc09acfd5684eed8d6ee595eec64c6732541f2","yogurt_indoor_1","00000101","conflicting","Yogurt container","pale tapered tub; red-dark printed lid; small side print","contents; food or medicine identity; paper versus plastic; print","","laptop","black screen; open lid","2026-10-06T06:39:47.764Z","true","corrected","container","pale tapered tub; red-dark printed lid; small side print","contents; food or medicine identity; paper versus plastic; print","近邻揭盖和用勺只作上下文，不证明具体食物内容。","初始化索引 100：当前盖面有印字，不是电脑或其他杯；包装不能证明内装物。","GPT-6 Astra Pro"
"gb","vot","1735","8244a1de07fe405855e759eca455a4650fc85aeacb568d80cb701648476b79a0","yogurt_indoor_1","00000151","conflicting","Yogurt container","pale tapered tub; red-dark printed lid; small side print","contents; food or medicine identity; paper versus plastic; print","","mug","text; blue base","2026-10-06T06:39:51.108Z","true","corrected","container","pale tapered tub; red-dark printed lid; small side print","contents; food or medicine identity; paper versus plastic; print","近邻揭盖和用勺只作上下文，不证明具体食物内容。","初始化索引 150：当前盖面有印字，不是电脑或其他杯；包装不能证明内装物。","GPT-6 Astra Pro"
"gb","vot","1736","45d0088411c6e8958fe3d2cb9e2bce577bd63a2a1265f776b51d8bf25d110b3a","yogurt_indoor_1","00000201","conflicting","Yogurt container","pale tapered tub; red-dark side label; broad rim","contents; food or medicine identity; paper versus plastic; print","","cup","blue; textured","2026-10-06T06:39:53.524Z","true","corrected","container","pale tapered tub; red-dark side label; broad rim","contents; food or medicine identity; paper versus plastic; print","近邻揭盖和用勺只作上下文，不证明具体食物内容。","初始化索引 200：本帧为浅色包装侧面，不是药瓶或蓝色杯身。","GPT-6 Astra Pro"
"gb","vot","1737","984ad48f8892aef726c71d511c05a7d34775e4b0a1f9a4c012cbe98a76793ccb","yogurt_indoor_1","00000251","conflicting","Yogurt container","pale tapered tub; red-dark side label; broad rim","contents; food or medicine identity; paper versus plastic; print","","medicine","white container; red label","2026-10-06T06:39:55.780Z","true","corrected","container","pale tapered tub; red-dark side label; broad rim","contents; food or medicine identity; paper versus plastic; print","近邻揭盖和用勺只作上下文，不证明具体食物内容。","初始化索引 250：本帧为浅色包装侧面，不是药瓶或蓝色杯身。","GPT-6 Astra Pro"
"gb","vot","1738","3becbb9e969a382abf95a84edd0ebc1e4bd8deb841bf6d3bd275653111b0004b","yogurt_indoor_1","00000301","conflicting","Yogurt container","pale tapered tub; red-dark printed lid; small side print","contents; food or medicine identity; paper versus plastic; print","","cup","black; text on side","2026-10-06T06:39:59.740Z","true","corrected","container","pale tapered tub; red-dark printed lid; small side print","contents; food or medicine identity; paper versus plastic; print","近邻揭盖和用勺只作上下文，不证明具体食物内容。","初始化索引 300：当前盖面有印字，不是电脑或其他杯；包装不能证明内装物。","GPT-6 Astra Pro"
"gb","vot","1739","5a896bfc67ebe26c07e5483feecaa0ac8f58e02560b4245e12d3d1354131ee32","yogurt_indoor_1","00000351","conflicting","Yogurt container","pale tapered tub; red-dark printed lid; small side print","contents; food or medicine identity; paper versus plastic; print","","container","white lid; text on lid","2026-10-06T06:40:02.003Z","true","supported","container","pale tapered tub; red-dark printed lid; small side print","contents; food or medicine identity; paper versus plastic; print","近邻揭盖和用勺只作上下文，不证明具体食物内容。","初始化索引 350：当前盖面有印字，不是电脑或其他杯；包装不能证明内装物。","GPT-6 Astra Pro"
"gb","vot","1740","c50279b7033a60bc055a768b17566784ac5e679547e406dafcbf3a56f5297552","yogurt_indoor_1","00000401","conflicting","Yogurt container","pale tapered tub; wide rim; light flexible lid","contents; food or medicine identity; paper versus plastic; print","","cup","white interior; text on side","2026-10-06T06:40:04.164Z","true","supported","container","pale tapered tub; wide rim; light flexible lid","contents; food or medicine identity; paper versus plastic; print","近邻揭盖和用勺只作上下文，不证明具体食物内容。","初始化索引 400：可见容器口缘，部分帧掀盖或有勺；目标不是手、勺或食物，材料未知。","GPT-6 Astra Pro"
"gb","vot","1741","3632bd8bca4ffc10c89b9b0c754394460df5ee4938aa7533fbdfbfa82c16ddd0","yogurt_indoor_1","00000451","conflicting","Yogurt container","pale tapered tub; wide rim; light flexible lid","contents; food or medicine identity; paper versus plastic; print","","cup","white; paper; round","2026-10-06T06:40:08.092Z","true","corrected","container","pale tapered tub; wide rim; light flexible lid","contents; food or medicine identity; paper versus plastic; print","近邻揭盖和用勺只作上下文，不证明具体食物内容。","初始化索引 450：可见容器口缘，部分帧掀盖或有勺；目标不是手、勺或食物，材料未知。","GPT-6 Astra Pro"
"gb","vot","1742","ddd7a658e7842f8ccb69b82e263f0c645f8110b0dd45144aff0bca47938d605d","yogurt_indoor_1","00000501","conflicting","Yogurt container","pale tapered tub; wide rim; light flexible lid","contents; food or medicine identity; paper versus plastic; print","","cup","paper cup; text on cup","2026-10-06T06:40:10.620Z","true","corrected","container","pale tapered tub; wide rim; light flexible lid","contents; food or medicine identity; paper versus plastic; print","近邻揭盖和用勺只作上下文，不证明具体食物内容。","初始化索引 500：可见容器口缘，部分帧掀盖或有勺；目标不是手、勺或食物，材料未知。","GPT-6 Astra Pro"
"gb","vot","1743","3e3e4865941e1a9fcc45db44f2dce84cec64bbdf6b6e5763a255bead4e20b6aa","yogurt_indoor_1","00000551","conflicting","Yogurt container","pale tapered tub; wide rim; light flexible lid","contents; food or medicine identity; paper versus plastic; print","","cup","white; textured","2026-10-06T06:40:12.692Z","true","corrected","container","pale tapered tub; wide rim; light flexible lid","contents; food or medicine identity; paper versus plastic; print","近邻揭盖和用勺只作上下文，不证明具体食物内容。","初始化索引 550：可见容器口缘，部分帧掀盖或有勺；目标不是手、勺或食物，材料未知。","GPT-6 Astra Pro"
"gb","vot","1744","09da04e6cea016eaa174b281cf5002d3230e9719881be453fc181f335e04aeb7","yogurt_indoor_1","00000601","conflicting","Yogurt container","pale tapered tub; wide rim; light flexible lid","contents; food or medicine identity; paper versus plastic; print","","cup","white; textured","2026-10-06T06:40:16.428Z","true","corrected","container","pale tapered tub; wide rim; light flexible lid","contents; food or medicine identity; paper versus plastic; print","近邻揭盖和用勺只作上下文，不证明具体食物内容。","初始化索引 600：可见容器口缘，部分帧掀盖或有勺；目标不是手、勺或食物，材料未知。","GPT-6 Astra Pro"
"gb","vot","1745","d7929f7369c57aaa7213372bafd3975cd8af889970032bb4c61920a45253ee88","yogurt_indoor_1","00000651","conflicting","Yogurt container","pale tapered tub; wide rim; light flexible lid","contents; food or medicine identity; paper versus plastic; print","","cup","white; striped","2026-10-06T06:40:19.988Z","true","supported","container","pale tapered tub; wide rim; light flexible lid","contents; food or medicine identity; paper versus plastic; print","近邻揭盖和用勺只作上下文，不证明具体食物内容。","初始化索引 650：可见容器口缘，部分帧掀盖或有勺；目标不是手、勺或食物，材料未知。","GPT-6 Astra Pro"
"gb","vot","1746","a3dfb581e07482b9f174769fdb128d46f31e4a5b0e9a52b9e1592096dbb8f3bf","yogurt_indoor_1","00000701","conflicting","Yogurt container","pale tapered tub; wide rim; light flexible lid","contents; food or medicine identity; paper versus plastic; print","","cup","white; textured","2026-10-06T06:40:22.724Z","true","corrected","container","pale tapered tub; wide rim; light flexible lid","contents; food or medicine identity; paper versus plastic; print","近邻揭盖和用勺只作上下文，不证明具体食物内容。","初始化索引 700：可见容器口缘，部分帧掀盖或有勺；目标不是手、勺或食物，材料未知。","GPT-6 Astra Pro"
"gb","vot","1747","81ce56e9538c29c81933842c1c4501b352f8c52584242dffa612793812e8c495","yogurt_indoor_1","00000751","conflicting","Yogurt container","pale tapered tub; wide rim; light flexible lid","contents; food or medicine identity; paper versus plastic; print","","cup","white; textured","2026-10-06T06:40:33.508Z","true","corrected","container","pale tapered tub; wide rim; light flexible lid","contents; food or medicine identity; paper versus plastic; print","近邻揭盖和用勺只作上下文，不证明具体食物内容。","初始化索引 750：可见容器口缘，部分帧掀盖或有勺；目标不是手、勺或食物，材料未知。","GPT-6 Astra Pro"
"gb","vot","1748","0793ca6edc6df65b45591677c7ec2e40598f4f26a6cf6b7cc06530782dcf4ff3","yogurt_indoor_1","00000801","conflicting","Yogurt container","pale tapered tub; wide rim; light flexible lid","contents; food or medicine identity; paper versus plastic; print","","cup","white; textured","2026-10-06T06:40:36.181Z","true","corrected","container","pale tapered tub; wide rim; light flexible lid","contents; food or medicine identity; paper versus plastic; print","近邻揭盖和用勺只作上下文，不证明具体食物内容。","初始化索引 800：可见容器口缘，部分帧掀盖或有勺；目标不是手、勺或食物，材料未知。","GPT-6 Astra Pro"
"gb","vot","1749","0e1f825bf7f9261f306f5746f2b4eef35c252708d3ddd17f7515aaeb5ef5864a","yogurt_indoor_1","00000851","conflicting","Yogurt container","small pale container; curved side; rim","contents; food or medicine identity; paper versus plastic; print","","watch","black band; round face","2026-10-06T06:40:39.732Z","true","corrected","container","small pale container; curved side; rim","contents; food or medicine identity; paper versus plastic; print","近邻揭盖和用勺只作上下文，不证明具体食物内容。","初始化索引 850：容器被手部分遮挡，仍见浅色曲壁，不补印字，不认定手表/药品。","GPT-6 Astra Pro"
"gb","vot","1750","256d2849878f66e714a736d65a045ebb0bf4d558ef3b192525836a7da358e530","yogurt_indoor_1","00000901","conflicting","Yogurt container","small pale container; curved side; rim","contents; food or medicine identity; paper versus plastic; print","","cup","white; textured","2026-10-06T06:40:42.332Z","true","corrected","container","small pale container; curved side; rim","contents; food or medicine identity; paper versus plastic; print","近邻揭盖和用勺只作上下文，不证明具体食物内容。","初始化索引 900：容器被手部分遮挡，仍见浅色曲壁，不补印字，不认定手表/药品。","GPT-6 Astra Pro"
"gb","vot","1751","92b78f643c3152359e980176793efcf25be02d1bfd4a5ed251052f678c094aca","yogurt_indoor_1","00000951","conflicting","Yogurt container","small pale container; curved side; rim","contents; food or medicine identity; paper versus plastic; print","","medicine bottle","white label; blue cap","2026-10-06T06:40:45.461Z","true","corrected","container","small pale container; curved side; rim","contents; food or medicine identity; paper versus plastic; print","近邻揭盖和用勺只作上下文，不证明具体食物内容。","初始化索引 950：容器被手部分遮挡，仍见浅色曲壁，不补印字，不认定手表/药品。","GPT-6 Astra Pro"
"gb","vot","1752","fe60648406ecd084fc00b3eac433534aded26ab7fc72190d3fffe8455d5eb308","yogurt_indoor_1","00001001","conflicting","Yogurt container","small pale container; curved side; rim","contents; food or medicine identity; paper versus plastic; print","","cup","black; text; lid","2026-10-06T06:40:49.164Z","true","corrected","container","small pale container; curved side; rim","contents; food or medicine identity; paper versus plastic; print","近邻揭盖和用勺只作上下文，不证明具体食物内容。","初始化索引 1000：容器被手部分遮挡，仍见浅色曲壁，不补印字，不认定手表/药品。","GPT-6 Astra Pro"
"gb","vot","1753","e17b1e4a86e0be5d82301d9d1099bf25617db558a0b72cfdde727e1cdb621535","yogurt_indoor_1","00001051","conflicting","Yogurt container","pale tapered tub; wide rim; light flexible lid","contents; food or medicine identity; paper versus plastic; print","","sandwich","crusty bread; meat filling","2026-10-06T06:40:51.940Z","true","corrected","container","pale tapered tub; wide rim; light flexible lid","contents; food or medicine identity; paper versus plastic; print","近邻揭盖和用勺只作上下文，不证明具体食物内容。","初始化索引 1050：可见容器口缘，部分帧掀盖或有勺；目标不是手、勺或食物，材料未知。","GPT-6 Astra Pro"
"gb","vot","1754","3e938d9f0c90f96511f94a34820c86acc1569c81903b33b561cb10278f14f30f","yogurt_indoor_1","00001101","conflicting","Yogurt container","pale tapered tub; wide rim; light flexible lid","contents; food or medicine identity; paper versus plastic; print","","cup","white; textured","2026-10-06T06:40:55.804Z","true","corrected","container","pale tapered tub; wide rim; light flexible lid","contents; food or medicine identity; paper versus plastic; print","近邻揭盖和用勺只作上下文，不证明具体食物内容。","初始化索引 1100：可见容器口缘，部分帧掀盖或有勺；目标不是手、勺或食物，材料未知。","GPT-6 Astra Pro"
"gb","vot","1755","a1e3278805fcc5c0c368643684123e2eab347cc16bf4d0cdd6ec0d0cc5063afd","yogurt_indoor_1","00001151","conflicting","Yogurt container","pale tapered tub; wide rim; light flexible lid","contents; food or medicine identity; paper versus plastic; print","","cup","white; textured","2026-10-06T06:40:59.300Z","true","corrected","container","pale tapered tub; wide rim; light flexible lid","contents; food or medicine identity; paper versus plastic; print","近邻揭盖和用勺只作上下文，不证明具体食物内容。","初始化索引 1150：可见容器口缘，部分帧掀盖或有勺；目标不是手、勺或食物，材料未知。","GPT-6 Astra Pro"
"gb","vot","1756","e2ec3032841b2420b7c10ff96cd894bfe1c9b3b0ae4bffc67c06f1a6c798c172","yogurt_indoor_1","00001201","conflicting","Yogurt container","pale tapered tub; wide rim; light flexible lid","contents; food or medicine identity; paper versus plastic; print","","cup","transparent; textured","2026-10-06T06:41:01.428Z","true","corrected","container","pale tapered tub; wide rim; light flexible lid","contents; food or medicine identity; paper versus plastic; print","近邻揭盖和用勺只作上下文，不证明具体食物内容。","初始化索引 1200：可见容器口缘，部分帧掀盖或有勺；目标不是手、勺或食物，材料未知。","GPT-6 Astra Pro"
"gb","vot","1757","627ac57a489a610a7cf0f04ea8b126a59bc9f1371b9ed672da32e93438f29ffb","yogurt_indoor_1","00001251","conflicting","Yogurt container","pale tapered tub; wide rim; light flexible lid","contents; food or medicine identity; paper versus plastic; print","","hand","holding paper; wearing watch","2026-10-06T06:41:04.236Z","true","corrected","container","pale tapered tub; wide rim; light flexible lid","contents; food or medicine identity; paper versus plastic; print","近邻揭盖和用勺只作上下文，不证明具体食物内容。","初始化索引 1250：可见容器口缘，部分帧掀盖或有勺；目标不是手、勺或食物，材料未知。","GPT-6 Astra Pro"
"gb","vot","1758","5d4f0e0e1a072fbf47627af52695f5496a0cea9878fa0d2e328042867875c926","yogurt_indoor_1","00001301","conflicting","Yogurt container","pale tapered tub; wide rim; light flexible lid","contents; food or medicine identity; paper versus plastic; print","","container","white lid; round base","2026-10-06T06:41:06.779Z","true","supported","container","pale tapered tub; wide rim; light flexible lid","contents; food or medicine identity; paper versus plastic; print","近邻揭盖和用勺只作上下文，不证明具体食物内容。","初始化索引 1300：可见容器口缘，部分帧掀盖或有勺；目标不是手、勺或食物，材料未知。","GPT-6 Astra Pro"
"gb","vot","1759","6105b825f8b899fe65dc405b0f719907c1654356a9508480cccb9b605767e7fd","yogurt_indoor_1","00001351","conflicting","Yogurt container","pale tapered tub; wide rim; light flexible lid","contents; food or medicine identity; paper versus plastic; print","","spoon","white handle; metallic bowl","2026-10-06T06:41:09.251Z","true","corrected","container","pale tapered tub; wide rim; light flexible lid","contents; food or medicine identity; paper versus plastic; print","近邻揭盖和用勺只作上下文，不证明具体食物内容。","初始化索引 1350：可见容器口缘，部分帧掀盖或有勺；目标不是手、勺或食物，材料未知。","GPT-6 Astra Pro"
"gb","vot","1760","52ca1018d5cb73335f3675b93d5db360f97d5447e24b0325113a99a7711014f6","yogurt_indoor_1","00001401","conflicting","Yogurt container","pale tapered tub; wide rim; light flexible lid","contents; food or medicine identity; paper versus plastic; print","","hand","holding food; wearing ring","2026-10-06T06:41:12.085Z","true","corrected","container","pale tapered tub; wide rim; light flexible lid","contents; food or medicine identity; paper versus plastic; print","近邻揭盖和用勺只作上下文，不证明具体食物内容。","初始化索引 1400：可见容器口缘，部分帧掀盖或有勺；目标不是手、勺或食物，材料未知。","GPT-6 Astra Pro"
"gb","vot","1761","8149b23700d664c1916c887b63e1e7f277e67f943a2348fdd2767cd5058e8df7","yogurt_indoor_1","00001451","conflicting","Yogurt container","pale tapered tub; wide rim; light flexible lid","contents; food or medicine identity; paper versus plastic; print","","cup","white interior; black exterior","2026-10-06T06:41:14.589Z","true","corrected","container","pale tapered tub; wide rim; light flexible lid","contents; food or medicine identity; paper versus plastic; print","近邻揭盖和用勺只作上下文，不证明具体食物内容。","初始化索引 1450：可见容器口缘，部分帧掀盖或有勺；目标不是手、勺或食物，材料未知。","GPT-6 Astra Pro"
"gb","vot","1762","6f906e5a7611368afa59ba3eb09718c7936315a08af6622a806dff0c13694098","yogurt_indoor_1","00001501","conflicting","Yogurt container","pale tapered tub; wide rim; light flexible lid","contents; food or medicine identity; paper versus plastic; print","","cup","white; textured","2026-10-06T06:41:17.020Z","true","corrected","container","pale tapered tub; wide rim; light flexible lid","contents; food or medicine identity; paper versus plastic; print","近邻揭盖和用勺只作上下文，不证明具体食物内容。","初始化索引 1500：可见容器口缘，部分帧掀盖或有勺；目标不是手、勺或食物，材料未知。","GPT-6 Astra Pro"
"gb","vot","1763","9cc9a4aed20fbafcda4bc74e7630a672c114dcd41acf50cdb7c3d367da11f8f2","yogurt_indoor_1","00001551","conflicting","Yogurt container","pale tapered tub; wide rim; light flexible lid","contents; food or medicine identity; paper versus plastic; print","","cup","plastic; white","2026-10-06T06:41:19.108Z","true","corrected","container","pale tapered tub; wide rim; light flexible lid","contents; food or medicine identity; paper versus plastic; print","近邻揭盖和用勺只作上下文，不证明具体食物内容。","初始化索引 1550：可见容器口缘，部分帧掀盖或有勺；目标不是手、勺或食物，材料未知。","GPT-6 Astra Pro"
"gb","vot","1764","7b5ad5468aaea2473d88c3ab4e0e6ef34bad3cc285e074e1804d12c07e228fac","yogurt_indoor_1","00001601","conflicting","Yogurt container","pale tapered tub; wide rim; light flexible lid","contents; food or medicine identity; paper versus plastic; print","","cup","plastic; contains liquid; has spoon","2026-10-06T06:41:22.141Z","true","corrected","container","pale tapered tub; wide rim; light flexible lid","contents; food or medicine identity; paper versus plastic; print","近邻揭盖和用勺只作上下文，不证明具体食物内容。","初始化索引 1600：可见容器口缘，部分帧掀盖或有勺；目标不是手、勺或食物，材料未知。","GPT-6 Astra Pro"
"gb","vot","1765","ea516f78fc28564bb15b7ac0706493679644979b343a69ba4a7ef565c815662b","yogurt_indoor_1","00001609","conflicting","Yogurt container","pale tapered tub; wide rim; light flexible lid","contents; food or medicine identity; paper versus plastic; print","","cup","plastic; white; scoop in it","2026-10-06T06:41:29.981Z","true","corrected","container","pale tapered tub; wide rim; light flexible lid","contents; food or medicine identity; paper versus plastic; print","近邻揭盖和用勺只作上下文，不证明具体食物内容。","初始化索引 1608：可见容器口缘，部分帧掀盖或有勺；目标不是手、勺或食物，材料未知。","GPT-6 Astra Pro"
