anchor_key,sequence,step,source_frame,confidence,iou,previous_low_streak,before_first_failure,on_first_failure
bandlight_indoor_1@0F,bandlight_indoor_1,50,50,0.91352046,0.9203187250996016,0,True,False
bandlight_indoor_1@0F,bandlight_indoor_1,100,100,0.80583614,0.8978548089217219,0,True,False
bandlight_indoor_1@0F,bandlight_indoor_1,150,150,0.904901,0.8349662529936861,0,True,False
bandlight_indoor_1@0F,bandlight_indoor_1,250,250,0.8179492,0.8870806376308944,0,True,False
bandlight_indoor_1@0F,bandlight_indoor_1,300,300,0.7715742,0.693716814159292,0,True,False
bandlight_indoor_1@0F,bandlight_indoor_1,350,350,0.8622152,0.9004102419012591,0,True,False
bandlight_indoor_1@0F,bandlight_indoor_1,400,400,0.85891485,0.9141883739087231,0,True,False
bandlight_indoor_1@0F,bandlight_indoor_1,550,550,0.80867755,0.8678492239467849,0,True,False
bandlight_indoor_1@0F,bandlight_indoor_1,650,650,0.84583026,0.8021052631578948,0,True,False
bandlight_indoor_1@0F,bandlight_indoor_1,700,700,0.7564065,0.4394875659382065,0,True,False
bandlight_indoor_1@0F,bandlight_indoor_1,900,900,0.78072435,0.8420589529256489,0,True,False
bandlight_indoor_1@0F,bandlight_indoor_1,950,950,0.8487826,0.815347721822542,0,True,False
bandlight_indoor_1@0F,bandlight_indoor_1,1000,1000,0.7906057,0.8546168958742633,0,True,False
bandlight_indoor_1@1000B,bandlight_indoor_1,50,950,0.78520066,0.795593635250918,0,True,False
bandlight_indoor_1@1000B,bandlight_indoor_1,350,650,0.76887614,0.8469172932330827,0,True,False
bandlight_indoor_1@1000B,bandlight_indoor_1,400,600,0.8122167,0.9042922176457836,0,True,False
bandlight_indoor_1@1000B,bandlight_indoor_1,450,550,0.8248874,0.88470066518847,0,True,False
bandlight_indoor_1@1000B,bandlight_indoor_1,600,400,0.86120766,0.8145076437457449,0,True,False
bandlight_indoor_1@1000B,bandlight_indoor_1,800,200,0.83458084,0.8688326797948894,0,True,False
bandlight_indoor_1@1000B,bandlight_indoor_1,850,150,0.8626557,0.8342397215575376,0,True,False
bandlight_indoor_1@1000B,bandlight_indoor_1,950,50,0.90766096,0.9203187250996016,0,True,False
bandlight_indoor_1@100F,bandlight_indoor_1,50,150,0.88956577,0.8477011494252874,0,True,False
bandlight_indoor_1@100F,bandlight_indoor_1,150,250,0.8220877,0.8943322475570032,0,True,False
bandlight_indoor_1@100F,bandlight_indoor_1,200,300,0.7657824,0.6889611531024785,0,True,False
bandlight_indoor_1@100F,bandlight_indoor_1,250,350,0.8604823,0.9180048316043768,0,True,False
bandlight_indoor_1@100F,bandlight_indoor_1,300,400,0.87090814,0.9290936191354958,0,True,False
bandlight_indoor_1@100F,bandlight_indoor_1,450,550,0.8201198,0.8594235033259423,0,True,False
bandlight_indoor_1@100F,bandlight_indoor_1,500,600,0.7523639,0.9389213775178687,0,True,False
bandlight_indoor_1@100F,bandlight_indoor_1,550,650,0.8522207,0.821203007518797,0,True,False
bandlight_indoor_1@100F,bandlight_indoor_1,750,850,0.79813033,0.9287598944591029,0,True,False
bandlight_indoor_1@100F,bandlight_indoor_1,800,900,0.8560054,0.8417693661971831,0,True,False
bandlight_indoor_1@100F,bandlight_indoor_1,850,950,0.88336766,0.8698490412076704,0,True,False
bandlight_indoor_1@100F,bandlight_indoor_1,900,1000,0.7992893,0.8546168958742633,0,True,False
bandlight_indoor_1@1050B,bandlight_indoor_1,50,1000,0.809382,0.7973145780051151,0,True,False
bandlight_indoor_1@1050B,bandlight_indoor_1,100,950,0.83304745,0.8323133414932681,0,True,False
bandlight_indoor_1@1050B,bandlight_indoor_1,200,850,0.76382405,0.9276462706565431,0,True,False
bandlight_indoor_1@1050B,bandlight_indoor_1,400,650,0.8259963,0.8854135338345864,0,False,False
bandlight_indoor_1@1050B,bandlight_indoor_1,500,550,0.86201465,0.8993348115299334,0,False,False
bandlight_indoor_1@1050B,bandlight_indoor_1,650,400,0.8564923,0.9290936191354958,0,False,False
bandlight_indoor_1@1050B,bandlight_indoor_1,700,350,0.77871925,0.860824012459295,0,False,False
bandlight_indoor_1@1050B,bandlight_indoor_1,750,300,0.78884095,0.693716814159292,0,False,False
bandlight_indoor_1@1050B,bandlight_indoor_1,800,250,0.75595015,0.9539800995024875,0,False,False
bandlight_indoor_1@1050B,bandlight_indoor_1,850,200,0.8756805,0.8690255570400379,0,False,False
bandlight_indoor_1@1050B,bandlight_indoor_1,900,150,0.86311084,0.8342397215575376,0,False,False
bandlight_indoor_1@1050B,bandlight_indoor_1,950,100,0.90090764,0.9189655172413793,0,False,False
bandlight_indoor_1@1050B,bandlight_indoor_1,1000,50,0.89449525,0.9203187250996016,0,False,False
bandlight_indoor_1@1100B,bandlight_indoor_1,100,1000,0.7782124,0.7973145780051151,0,True,False
bandlight_indoor_1@1100B,bandlight_indoor_1,150,950,0.8635106,0.8323133414932681,0,True,False
bandlight_indoor_1@1100B,bandlight_indoor_1,200,900,0.7979236,0.8768782238169993,0,True,False
bandlight_indoor_1@1100B,bandlight_indoor_1,250,850,0.79022187,0.9855072463768116,0,True,False
bandlight_indoor_1@1100B,bandlight_indoor_1,450,650,0.84798,0.8854135338345864,0,False,False
bandlight_indoor_1@1100B,bandlight_indoor_1,500,600,0.8110164,0.8843849840255591,0,False,False
bandlight_indoor_1@1100B,bandlight_indoor_1,550,550,0.8423173,0.8993348115299334,0,False,False
bandlight_indoor_1@1100B,bandlight_indoor_1,700,400,0.8748133,0.8223089310045831,0,False,False
bandlight_indoor_1@1100B,bandlight_indoor_1,750,350,0.81597954,0.86482661004954,0,False,False
bandlight_indoor_1@1100B,bandlight_indoor_1,800,300,0.78242034,0.6995826303170234,0,False,False
bandlight_indoor_1@1100B,bandlight_indoor_1,850,250,0.7965288,0.9427691877142658,0,False,False
bandlight_indoor_1@1100B,bandlight_indoor_1,900,200,0.8154547,0.8425726141078839,0,False,False
bandlight_indoor_1@1100B,bandlight_indoor_1,950,150,0.81706065,0.8230165649520488,0,False,False
bandlight_indoor_1@1100B,bandlight_indoor_1,1000,100,0.9086644,0.9307471264367816,0,False,False
bandlight_indoor_1@1100B,bandlight_indoor_1,1050,50,0.90520936,0.9203187250996016,0,False,False
bandlight_indoor_1@1150B,bandlight_indoor_1,150,1000,0.78724784,0.7807692307692308,0,True,False
bandlight_indoor_1@1150B,bandlight_indoor_1,200,950,0.80885994,0.815347721822542,0,True,False
bandlight_indoor_1@1150B,bandlight_indoor_1,250,900,0.78931934,0.8459295806234581,0,True,False
bandlight_indoor_1@1150B,bandlight_indoor_1,300,850,0.7837276,0.912967032967033,0,True,False
bandlight_indoor_1@1150B,bandlight_indoor_1,500,650,0.8377374,0.8854135338345864,0,True,False
bandlight_indoor_1@1150B,bandlight_indoor_1,600,550,0.85788006,0.8993348115299334,0,True,False
bandlight_indoor_1@1150B,bandlight_indoor_1,750,400,0.8420474,0.86390760346487,0,True,False
bandlight_indoor_1@1150B,bandlight_indoor_1,800,350,0.7815229,0.878066121578386,0,True,False
bandlight_indoor_1@1150B,bandlight_indoor_1,850,300,0.7860695,0.7044621300187786,0,True,False
bandlight_indoor_1@1150B,bandlight_indoor_1,900,250,0.7995155,0.9435051546391753,0,True,False
bandlight_indoor_1@1150B,bandlight_indoor_1,1000,150,0.8544907,0.8349662529936861,0,True,False
bandlight_indoor_1@1150B,bandlight_indoor_1,1050,100,0.8978211,0.9301724137931034,0,True,False
bandlight_indoor_1@1150B,bandlight_indoor_1,1100,50,0.91164255,0.9203187250996016,0,True,False
bandlight_indoor_1@1184B,bandlight_indoor_1,200,984,0.7536869,0.805940594059406,0,True,False
bandlight_indoor_1@1184B,bandlight_indoor_1,350,834,0.8434565,0.7448414695520886,0,True,False
bandlight_indoor_1@1184B,bandlight_indoor_1,550,634,0.83191997,0.8753930817610063,0,True,False
bandlight_indoor_1@1184B,bandlight_indoor_1,600,584,0.91650826,0.8549599805966529,0,True,False
bandlight_indoor_1@1184B,bandlight_indoor_1,650,534,0.8351075,0.9178433889602053,0,True,False
bandlight_indoor_1@1184B,bandlight_indoor_1,800,384,0.7795075,0.915636236078225,0,True,False
bandlight_indoor_1@1184B,bandlight_indoor_1,850,334,0.7512552,0.8122743682310469,0,True,False
bandlight_indoor_1@1184B,bandlight_indoor_1,950,234,0.8670603,0.794383149448345,0,True,False
bandlight_indoor_1@1184B,bandlight_indoor_1,1000,184,0.80882543,0.7952224653537564,0,True,False
bandlight_indoor_1@1184B,bandlight_indoor_1,1050,134,0.82361096,0.8414658434574785,0,True,False
bandlight_indoor_1@1184B,bandlight_indoor_1,1100,84,0.88397443,0.9850746268656716,0,True,False
bandlight_indoor_1@1184B,bandlight_indoor_1,1150,34,0.7785556,0.9452540370224498,0,True,False
bandlight_indoor_1@150F,bandlight_indoor_1,50,200,0.751114,0.8739153532849301,0,True,False
bandlight_indoor_1@150F,bandlight_indoor_1,100,250,0.8489938,0.8887601390498262,0,True,False
bandlight_indoor_1@150F,bandlight_indoor_1,150,300,0.76243246,0.6913308051856425,0,True,False
bandlight_indoor_1@150F,bandlight_indoor_1,200,350,0.86832094,0.9131732272275117,0,True,False
bandlight_indoor_1@150F,bandlight_indoor_1,250,400,0.87274164,0.9060259777131096,0,True,False
bandlight_indoor_1@150F,bandlight_indoor_1,400,550,0.82183874,0.8678492239467849,0,True,False
bandlight_indoor_1@150F,bandlight_indoor_1,500,650,0.86598665,0.821203007518797,0,True,False
bandlight_indoor_1@150F,bandlight_indoor_1,550,700,0.78214014,0.4267425320056899,0,True,False
bandlight_indoor_1@150F,bandlight_indoor_1,650,800,0.8028538,0.33505154639175255,0,True,False
bandlight_indoor_1@150F,bandlight_indoor_1,750,900,0.82005596,0.8223249669749009,0,True,False
bandlight_indoor_1@150F,bandlight_indoor_1,800,950,0.88251585,0.8531211750305998,0,True,False
bandlight_indoor_1@150F,bandlight_indoor_1,850,1000,0.8037891,0.8546168958742633,0,True,False
bandlight_indoor_1@200F,bandlight_indoor_1,50,250,0.8413261,0.8896565208890047,0,True,False
bandlight_indoor_1@200F,bandlight_indoor_1,100,300,0.79339164,0.7252786131257739,0,True,False
bandlight_indoor_1@200F,bandlight_indoor_1,150,350,0.8443478,0.9313063863039,0,True,False
bandlight_indoor_1@200F,bandlight_indoor_1,200,400,0.88911474,0.9373269926893321,0,True,False
bandlight_indoor_1@200F,bandlight_indoor_1,350,550,0.792659,0.8594235033259423,0,True,False
bandlight_indoor_1@200F,bandlight_indoor_1,400,600,0.78753114,0.7902813299232737,0,True,False
bandlight_indoor_1@200F,bandlight_indoor_1,450,650,0.83608747,0.8147368421052632,0,True,False
bandlight_indoor_1@200F,bandlight_indoor_1,500,700,0.85444003,0.42162162162162165,0,True,False
bandlight_indoor_1@200F,bandlight_indoor_1,550,750,0.7944153,0.349936948297604,0,True,False
bandlight_indoor_1@200F,bandlight_indoor_1,600,800,0.8547006,0.2904957372908115,0,True,False
bandlight_indoor_1@200F,bandlight_indoor_1,650,850,0.76034003,0.9287598944591029,0,True,False
bandlight_indoor_1@200F,bandlight_indoor_1,700,900,0.8928181,0.8169440242057489,0,True,False
bandlight_indoor_1@200F,bandlight_indoor_1,750,950,0.8746727,0.8022021234762092,0,True,False
bandlight_indoor_1@200F,bandlight_indoor_1,800,1000,0.7632242,0.8546168958742633,0,True,False
bandlight_indoor_1@250F,bandlight_indoor_1,50,300,0.7864845,0.6889611531024785,0,True,False
bandlight_indoor_1@250F,bandlight_indoor_1,100,350,0.86040044,0.9064509437875959,0,True,False
bandlight_indoor_1@250F,bandlight_indoor_1,150,400,0.8871593,0.9241252040599048,0,True,False
bandlight_indoor_1@250F,bandlight_indoor_1,250,500,0.79303974,0.8597337006427915,0,True,False
bandlight_indoor_1@250F,bandlight_indoor_1,300,550,0.8085752,0.8993348115299334,0,True,False
bandlight_indoor_1@250F,bandlight_indoor_1,350,600,0.8324355,0.8824715250478783,0,True,False
bandlight_indoor_1@250F,bandlight_indoor_1,400,650,0.8398504,0.8336842105263158,0,True,False
bandlight_indoor_1@250F,bandlight_indoor_1,600,850,0.7970194,0.9424175824175824,0,True,False
bandlight_indoor_1@250F,bandlight_indoor_1,650,900,0.8809336,0.8356726408982941,0,True,False
bandlight_indoor_1@250F,bandlight_indoor_1,700,950,0.86743295,0.8344422700587084,0,True,False
bandlight_indoor_1@300F,bandlight_indoor_1,50,350,0.85032743,0.938851142680667,0,True,False
bandlight_indoor_1@300F,bandlight_indoor_1,100,400,0.8881943,0.9373269926893321,0,True,False
bandlight_indoor_1@300F,bandlight_indoor_1,250,550,0.8218156,0.8594235033259423,0,True,False
bandlight_indoor_1@300F,bandlight_indoor_1,300,600,0.82188463,0.8307239776069836,0,True,False
bandlight_indoor_1@300F,bandlight_indoor_1,350,650,0.8609229,0.8403007518796992,0,True,False
bandlight_indoor_1@300F,bandlight_indoor_1,550,850,0.78762263,0.9424175824175824,0,True,False
bandlight_indoor_1@300F,bandlight_indoor_1,600,900,0.87010497,0.8665620094191523,0,True,False
bandlight_indoor_1@300F,bandlight_indoor_1,650,950,0.86459714,0.8517778665601279,0,True,False
bandlight_indoor_1@300F,bandlight_indoor_1,700,1000,0.7722873,0.8546168958742633,0,True,False
bandlight_indoor_1@350F,bandlight_indoor_1,50,400,0.8904392,0.9373269926893321,0,True,False
bandlight_indoor_1@350F,bandlight_indoor_1,200,550,0.8226218,0.8594235033259423,0,True,False
bandlight_indoor_1@350F,bandlight_indoor_1,250,600,0.82080615,0.8924037880314326,0,True,False
bandlight_indoor_1@350F,bandlight_indoor_1,300,650,0.84383875,0.8147368421052632,0,True,False
bandlight_indoor_1@350F,bandlight_indoor_1,500,850,0.76196504,0.9287598944591029,0,True,False
bandlight_indoor_1@350F,bandlight_indoor_1,550,900,0.8679654,0.8320493066255779,0,True,False
bandlight_indoor_1@350F,bandlight_indoor_1,600,950,0.87503076,0.8698490412076704,0,True,False
bandlight_indoor_1@400F,bandlight_indoor_1,150,550,0.780028,0.8762749445676274,0,True,False
bandlight_indoor_1@400F,bandlight_indoor_1,200,600,0.8118795,0.8338473400154202,0,True,False
bandlight_indoor_1@400F,bandlight_indoor_1,250,650,0.8176542,0.8147368421052632,0,True,False
bandlight_indoor_1@400F,bandlight_indoor_1,300,700,0.7861184,0.4515195369030391,0,True,False
bandlight_indoor_1@400F,bandlight_indoor_1,350,750,0.86153114,0.32848011363636365,0,True,False
bandlight_indoor_1@400F,bandlight_indoor_1,400,800,0.8723268,0.3404772761817905,0,True,False
bandlight_indoor_1@400F,bandlight_indoor_1,500,900,0.83795595,0.8446748757831065,0,True,False
bandlight_indoor_1@400F,bandlight_indoor_1,550,950,0.8636335,0.8517778665601279,0,True,False
bandlight_indoor_1@450F,bandlight_indoor_1,50,500,0.76445746,0.8747975005785698,0,True,False
bandlight_indoor_1@450F,bandlight_indoor_1,100,550,0.79113585,0.8993348115299334,0,True,False
bandlight_indoor_1@450F,bandlight_indoor_1,200,650,0.8443325,0.8403007518796992,0,True,False
bandlight_indoor_1@450F,bandlight_indoor_1,450,900,0.854695,0.8768782238169993,0,True,False
bandlight_indoor_1@450F,bandlight_indoor_1,500,950,0.8444794,0.799059929494712,0,True,False
bandlight_indoor_1@500F,bandlight_indoor_1,50,550,0.803136,0.8906873614190688,0,True,False
bandlight_indoor_1@500F,bandlight_indoor_1,150,650,0.81847674,0.8403007518796992,0,True,False
bandlight_indoor_1@500F,bandlight_indoor_1,300,800,0.8171466,0.3431372549019608,0,True,False
bandlight_indoor_1@500F,bandlight_indoor_1,450,950,0.891747,0.0,18,False,False
bandlight_indoor_1@500F,bandlight_indoor_1,500,1000,0.929998,0.0,68,False,False
bandlight_indoor_1@500F,bandlight_indoor_1,550,1050,0.92494345,0.0,118,False,False
bandlight_indoor_1@500F,bandlight_indoor_1,600,1100,0.93285435,0.0,168,False,False
bandlight_indoor_1@500F,bandlight_indoor_1,650,1150,0.89932895,0.0,218,False,False
bandlight_indoor_1@50F,bandlight_indoor_1,50,100,0.8860881,0.9063218390804598,0,True,False
bandlight_indoor_1@50F,bandlight_indoor_1,100,150,0.8873382,0.8230165649520488,0,True,False
bandlight_indoor_1@50F,bandlight_indoor_1,150,200,0.8458548,0.8629011104310571,0,True,False
bandlight_indoor_1@50F,bandlight_indoor_1,200,250,0.8466015,0.8990037116624341,0,True,False
bandlight_indoor_1@50F,bandlight_indoor_1,250,300,0.7715636,0.692388820530849,0,True,False
bandlight_indoor_1@50F,bandlight_indoor_1,300,350,0.856448,0.8694267515923567,0,True,False
bandlight_indoor_1@50F,bandlight_indoor_1,350,400,0.77000153,0.9423663851231457,0,True,False
bandlight_indoor_1@50F,bandlight_indoor_1,500,550,0.82002294,0.8596863077575244,0,True,False
bandlight_indoor_1@50F,bandlight_indoor_1,600,650,0.8836266,0.821203007518797,0,True,False
bandlight_indoor_1@50F,bandlight_indoor_1,800,850,0.78777784,0.9424175824175824,0,True,False
bandlight_indoor_1@50F,bandlight_indoor_1,850,900,0.807873,0.8230633802816901,0,True,False
bandlight_indoor_1@50F,bandlight_indoor_1,900,950,0.87162834,0.8357314148681055,0,True,False
bandlight_indoor_1@50F,bandlight_indoor_1,950,1000,0.8110767,0.8546168958742633,0,True,False
bandlight_indoor_1@550F,bandlight_indoor_1,50,600,0.7988938,0.8025974025974026,0,True,False
bandlight_indoor_1@550F,bandlight_indoor_1,100,650,0.8710813,0.8403007518796992,0,True,False
bandlight_indoor_1@550F,bandlight_indoor_1,350,900,0.8523035,0.8223249669749009,0,True,False
bandlight_indoor_1@550F,bandlight_indoor_1,400,950,0.8518455,0.815347721822542,0,True,False
bandlight_indoor_1@550F,bandlight_indoor_1,450,1000,0.77346385,0.8546168958742633,0,True,False
bandlight_indoor_1@600B,bandlight_indoor_1,50,550,0.8073215,0.8762749445676274,0,True,False
bandlight_indoor_1@600B,bandlight_indoor_1,200,400,0.861428,0.8396764687441219,0,True,False
bandlight_indoor_1@600B,bandlight_indoor_1,250,350,0.81463933,0.8908727324667904,0,True,False
bandlight_indoor_1@600B,bandlight_indoor_1,300,300,0.79454273,0.7138417828287312,0,True,False
bandlight_indoor_1@600B,bandlight_indoor_1,400,200,0.77371585,0.835343404849562,0,True,False
bandlight_indoor_1@600B,bandlight_indoor_1,450,150,0.85380614,0.858902575587906,0,True,False
bandlight_indoor_1@600B,bandlight_indoor_1,500,100,0.9093163,0.8850574712643678,0,True,False
bandlight_indoor_1@600B,bandlight_indoor_1,550,50,0.9040219,0.9203187250996016,0,True,False
bandlight_indoor_1@650B,bandlight_indoor_1,50,600,0.77355707,0.8518945951144451,0,True,False
bandlight_indoor_1@650B,bandlight_indoor_1,100,550,0.8523168,0.8762749445676274,0,True,False
bandlight_indoor_1@650B,bandlight_indoor_1,250,400,0.8711774,0.8281431630468034,0,True,False
bandlight_indoor_1@650B,bandlight_indoor_1,300,350,0.7948676,0.8866932044355985,0,True,False
bandlight_indoor_1@650B,bandlight_indoor_1,350,300,0.7963379,0.6995826303170234,0,True,False
bandlight_indoor_1@650B,bandlight_indoor_1,400,250,0.816931,0.9657922350472193,0,True,False
bandlight_indoor_1@650B,bandlight_indoor_1,500,150,0.86823016,0.8230165649520488,0,True,False
bandlight_indoor_1@650B,bandlight_indoor_1,550,100,0.908824,0.9403735632183908,0,True,False
bandlight_indoor_1@650B,bandlight_indoor_1,600,50,0.8928989,0.9203187250996016,0,True,False
bandlight_indoor_1@700B,bandlight_indoor_1,50,650,0.7916827,0.9239097744360902,0,True,False
bandlight_indoor_1@700B,bandlight_indoor_1,150,550,0.843547,0.8993348115299334,0,True,False
bandlight_indoor_1@700B,bandlight_indoor_1,300,400,0.8550333,0.8597290877575913,0,True,False
bandlight_indoor_1@700B,bandlight_indoor_1,350,350,0.8205399,0.8602264685067232,0,True,False
bandlight_indoor_1@700B,bandlight_indoor_1,400,300,0.78515506,0.7088071938640571,0,True,False
bandlight_indoor_1@700B,bandlight_indoor_1,450,250,0.8064313,0.9587297146054841,0,True,False
bandlight_indoor_1@700B,bandlight_indoor_1,500,200,0.8069361,0.8098425684889055,0,True,False
bandlight_indoor_1@700B,bandlight_indoor_1,550,150,0.8373332,0.8220793140407289,0,True,False
bandlight_indoor_1@700B,bandlight_indoor_1,600,100,0.91430384,0.9420977011494253,0,True,False
bandlight_indoor_1@700B,bandlight_indoor_1,650,50,0.9117164,0.9203187250996016,0,True,False
bandlight_indoor_1@750B,bandlight_indoor_1,100,650,0.78109604,0.9117293233082707,0,True,False
bandlight_indoor_1@750B,bandlight_indoor_1,200,550,0.877602,0.9079822616407982,0,True,False
bandlight_indoor_1@750B,bandlight_indoor_1,350,400,0.8683131,0.8579090204187129,0,True,False
bandlight_indoor_1@750B,bandlight_indoor_1,400,350,0.7986841,0.860824012459295,0,True,False
bandlight_indoor_1@750B,bandlight_indoor_1,450,300,0.78392583,0.7123335978136296,0,True,False
bandlight_indoor_1@750B,bandlight_indoor_1,500,250,0.77991384,0.9539800995024875,0,True,False
bandlight_indoor_1@750B,bandlight_indoor_1,550,200,0.84607834,0.8505988285689309,0,True,False
bandlight_indoor_1@750B,bandlight_indoor_1,600,150,0.8588523,0.8346595932802829,0,True,False
bandlight_indoor_1@750B,bandlight_indoor_1,650,100,0.91114074,0.9420977011494253,0,True,False
bandlight_indoor_1@750B,bandlight_indoor_1,700,50,0.9124651,0.9203187250996016,0,True,False
bandlight_indoor_1@800B,bandlight_indoor_1,100,700,0.815382,0.6565064478311841,0,True,False
bandlight_indoor_1@800B,bandlight_indoor_1,400,400,0.84425247,0.8295440191991916,0,True,False
bandlight_indoor_1@800B,bandlight_indoor_1,450,350,0.80338144,0.8734447209384998,0,True,False
bandlight_indoor_1@800B,bandlight_indoor_1,500,300,0.7891535,0.7113155799345307,0,True,False
bandlight_indoor_1@800B,bandlight_indoor_1,600,200,0.846733,0.8254578907752781,0,True,False
bandlight_indoor_1@800B,bandlight_indoor_1,650,150,0.8446687,0.8342397215575376,0,True,False
bandlight_indoor_1@800B,bandlight_indoor_1,700,100,0.9047465,0.9189655172413793,0,True,False
bandlight_indoor_1@800B,bandlight_indoor_1,750,50,0.9138866,0.9203187250996016,0,True,False
bandlight_indoor_1@850B,bandlight_indoor_1,200,650,0.83342034,0.8923308270676692,0,False,False
bandlight_indoor_1@850B,bandlight_indoor_1,250,600,0.83761394,0.9102724059055937,0,False,False
bandlight_indoor_1@850B,bandlight_indoor_1,300,550,0.8423396,0.9079822616407982,0,False,False
bandlight_indoor_1@850B,bandlight_indoor_1,450,400,0.8818916,0.8187261839956451,0,False,False
bandlight_indoor_1@850B,bandlight_indoor_1,500,350,0.818804,0.8688233202986135,0,False,False
bandlight_indoor_1@850B,bandlight_indoor_1,550,300,0.7919145,0.6913308051856425,0,False,False
bandlight_indoor_1@850B,bandlight_indoor_1,600,250,0.82016873,0.9192634560906515,0,False,False
bandlight_indoor_1@850B,bandlight_indoor_1,650,200,0.7722832,0.8266568962709656,0,False,False
bandlight_indoor_1@850B,bandlight_indoor_1,700,150,0.86575836,0.8109965635738832,0,False,False
bandlight_indoor_1@850B,bandlight_indoor_1,750,100,0.78237724,0.907183908045977,0,False,False
bandlight_indoor_1@850B,bandlight_indoor_1,800,50,0.9064613,0.9203187250996016,0,False,False
bandlight_indoor_1@900B,bandlight_indoor_1,250,650,0.7938186,0.9431578947368421,0,False,False
bandlight_indoor_1@900B,bandlight_indoor_1,300,600,0.87474513,0.900386257369384,0,False,False
bandlight_indoor_1@900B,bandlight_indoor_1,350,550,0.8545426,0.8993348115299334,0,False,False
bandlight_indoor_1@900B,bandlight_indoor_1,500,400,0.87071836,0.8801385236965305,0,False,False
bandlight_indoor_1@900B,bandlight_indoor_1,550,350,0.8261936,0.8913847028717657,0,False,False
bandlight_indoor_1@900B,bandlight_indoor_1,600,300,0.79930687,0.7163859930499866,0,False,False
bandlight_indoor_1@900B,bandlight_indoor_1,650,250,0.77512103,0.959237253005389,0,False,False
bandlight_indoor_1@900B,bandlight_indoor_1,700,200,0.77459663,0.8103040678242439,0,False,False
bandlight_indoor_1@900B,bandlight_indoor_1,750,150,0.84646785,0.8342397215575376,0,False,False
bandlight_indoor_1@900B,bandlight_indoor_1,800,100,0.91563624,0.9534482758620689,0,False,False
bandlight_indoor_1@900B,bandlight_indoor_1,850,50,0.90187657,0.9203187250996016,0,False,False
bandlight_indoor_1@950B,bandlight_indoor_1,300,650,0.7829559,0.8854135338345864,0,True,False
bandlight_indoor_1@950B,bandlight_indoor_1,350,600,0.88809794,0.8883815322171487,0,True,False
bandlight_indoor_1@950B,bandlight_indoor_1,400,550,0.8554227,0.8993348115299334,0,True,False
bandlight_indoor_1@950B,bandlight_indoor_1,550,400,0.87084305,0.8223089310045831,0,True,False
bandlight_indoor_1@950B,bandlight_indoor_1,600,350,0.7867344,0.8431525279705424,0,True,False
bandlight_indoor_1@950B,bandlight_indoor_1,650,300,0.7775577,0.6840745031637109,0,True,False
bandlight_indoor_1@950B,bandlight_indoor_1,700,250,0.78351,0.936558396682792,0,True,False
bandlight_indoor_1@950B,bandlight_indoor_1,750,200,0.8479556,0.8364722475732183,0,True,False
bandlight_indoor_1@950B,bandlight_indoor_1,800,150,0.87573093,0.8220793140407289,0,True,False
bandlight_indoor_1@950B,bandlight_indoor_1,850,100,0.9126592,0.8850574712643678,0,True,False
bandlight_indoor_1@950B,bandlight_indoor_1,900,50,0.91139007,0.9333333333333333,0,True,False
cube02_indoor_1@0F,cube02_indoor_1,50,50,0.7606396,0.8914285714285715,0,True,False
cube02_indoor_1@0F,cube02_indoor_1,150,150,0.8776902,0.9347826086956522,0,True,False
cube02_indoor_1@0F,cube02_indoor_1,200,200,0.7606842,0.9454545454545454,0,True,False
cube02_indoor_1@0F,cube02_indoor_1,300,300,0.8876077,0.8739933680720038,0,True,False
cube02_indoor_1@0F,cube02_indoor_1,450,450,0.9206213,0.9259259259259259,0,True,False
cube02_indoor_1@0F,cube02_indoor_1,500,500,0.9142048,0.8793322062552832,0,True,False
cube02_indoor_1@0F,cube02_indoor_1,550,550,0.79552543,0.9206625980819529,0,True,False
cube02_indoor_1@100F,cube02_indoor_1,50,150,0.8990859,0.9347826086956522,0,True,False
cube02_indoor_1@100F,cube02_indoor_1,100,200,0.8156794,0.9636363636363636,0,True,False
cube02_indoor_1@100F,cube02_indoor_1,200,300,0.90875894,0.8739933680720038,0,True,False
cube02_indoor_1@100F,cube02_indoor_1,350,450,0.90896565,0.8756567425569177,0,True,False
cube02_indoor_1@100F,cube02_indoor_1,400,500,0.8830135,0.8615384615384616,0,True,False
cube02_indoor_1@100F,cube02_indoor_1,450,550,0.7892201,0.8636752136752137,0,True,False
cube02_indoor_1@150F,cube02_indoor_1,50,200,0.80383885,0.9629629629629629,0,True,False
cube02_indoor_1@150F,cube02_indoor_1,150,300,0.89569443,0.8739933680720038,0,True,False
cube02_indoor_1@150F,cube02_indoor_1,300,450,0.9014869,0.8909090909090909,0,True,False
cube02_indoor_1@150F,cube02_indoor_1,350,500,0.9047727,0.8461538461538461,0,True,False
cube02_indoor_1@150F,cube02_indoor_1,400,550,0.79260844,0.9206625980819529,0,True,False
cube02_indoor_1@200F,cube02_indoor_1,100,300,0.884518,0.9111111111111111,0,True,False
cube02_indoor_1@200F,cube02_indoor_1,250,450,0.92256725,0.8756567425569177,0,True,False
cube02_indoor_1@200F,cube02_indoor_1,300,500,0.888209,0.8615384615384616,0,True,False
cube02_indoor_1@200F,cube02_indoor_1,350,550,0.7963362,0.8659966499162479,0,True,False
cube02_indoor_1@250F,cube02_indoor_1,50,300,0.91056645,0.8739933680720038,0,True,False
cube02_indoor_1@250F,cube02_indoor_1,200,450,0.91716915,0.875,0,True,False
cube02_indoor_1@250F,cube02_indoor_1,250,500,0.8994344,0.8355879292403746,0,True,False
cube02_indoor_1@250F,cube02_indoor_1,300,550,0.7806943,0.8812980358667806,0,True,False
cube02_indoor_1@300B,cube02_indoor_1,100,200,0.89799243,0.8928939237899073,0,True,False
cube02_indoor_1@300B,cube02_indoor_1,150,150,0.899409,0.0,23,False,False
cube02_indoor_1@300B,cube02_indoor_1,200,100,0.7891219,0.0,73,False,False
cube02_indoor_1@350B,cube02_indoor_1,50,300,0.8312911,0.8530805687203792,0,True,False
cube02_indoor_1@350B,cube02_indoor_1,150,200,0.87708116,0.9104016477857878,0,True,False
cube02_indoor_1@350B,cube02_indoor_1,200,150,0.89010257,0.0,23,False,False
cube02_indoor_1@350B,cube02_indoor_1,250,100,0.86602795,0.0,73,False,False
cube02_indoor_1@400B,cube02_indoor_1,100,300,0.8268242,0.8921475875118259,0,True,False
cube02_indoor_1@400B,cube02_indoor_1,200,200,0.88864154,0.9266247379454927,0,True,False
cube02_indoor_1@400B,cube02_indoor_1,250,150,0.90077496,0.0,23,False,False
cube02_indoor_1@400B,cube02_indoor_1,300,100,0.78253484,0.0,73,False,False
cube02_indoor_1@450B,cube02_indoor_1,50,400,0.8643903,0.8558951965065502,0,False,False
cube02_indoor_1@450B,cube02_indoor_1,150,300,0.8468017,0.8934624697336562,0,False,False
cube02_indoor_1@450B,cube02_indoor_1,250,200,0.84866357,0.9266247379454927,0,False,False
cube02_indoor_1@450B,cube02_indoor_1,300,150,0.889473,0.0,23,False,False
cube02_indoor_1@450B,cube02_indoor_1,350,100,0.8808693,0.0,73,False,False
cube02_indoor_1@506B,cube02_indoor_1,50,456,0.79295963,0.8533617280194706,0,True,False
cube02_indoor_1@506B,cube02_indoor_1,100,406,0.9012256,0.6388642413487134,0,True,False
cube02_indoor_1@506B,cube02_indoor_1,200,306,0.8096313,0.915336236090953,0,True,False
cube02_indoor_1@506B,cube02_indoor_1,250,256,0.8068005,0.9011925042589438,0,True,False
cube02_indoor_1@506B,cube02_indoor_1,300,206,0.9042116,0.8121410992616899,0,True,False
cube02_indoor_1@50F,cube02_indoor_1,100,150,0.9030679,0.9347826086956522,0,True,False
cube02_indoor_1@50F,cube02_indoor_1,150,200,0.81579506,0.9629629629629629,0,True,False
cube02_indoor_1@50F,cube02_indoor_1,250,300,0.8940666,0.914811229428848,0,True,False
cube02_indoor_1@50F,cube02_indoor_1,400,450,0.90645015,0.875,0,True,False
cube02_indoor_1@50F,cube02_indoor_1,450,500,0.8806161,0.8484848484848485,0,True,False
cube02_indoor_1@50F,cube02_indoor_1,500,550,0.7835142,0.9206625980819529,0,True,False
cube02_indoor_1@550B,cube02_indoor_1,100,450,0.9060306,0.8740635033892258,0,True,False
cube02_indoor_1@550B,cube02_indoor_1,150,400,0.81358594,0.9063797659494148,0,True,False
cube02_indoor_1@550B,cube02_indoor_1,250,300,0.88509196,0.8888888888888888,0,True,False
cube02_indoor_1@550B,cube02_indoor_1,350,200,0.9045945,0.9266247379454927,0,True,False
cube02_indoor_1@550B,cube02_indoor_1,400,150,0.898719,0.0,23,False,False
cube02_indoor_1@550B,cube02_indoor_1,450,100,0.8549139,0.0,73,False,False
cube02_indoor_1@569B,cube02_indoor_1,100,469,0.8927002,0.8886075949367088,0,True,False
cube02_indoor_1@569B,cube02_indoor_1,150,419,0.9097298,0.9767441860465116,0,True,False
cube02_indoor_1@569B,cube02_indoor_1,250,319,0.8762887,0.9147982062780269,0,True,False
cube02_indoor_1@569B,cube02_indoor_1,400,169,0.7500601,0.0,4,False,False
cube02_indoor_1@569B,cube02_indoor_1,450,119,0.83859855,0.0,54,False,False
cube02_indoor_1@569B,cube02_indoor_1,500,69,0.7950432,0.0,104,False,False
cube02_indoor_1@569B,cube02_indoor_1,550,19,0.8167817,0.0,154,False,False
cube02_indoor_2@0F,cube02_indoor_2,50,50,0.7650468,0.9284741144414169,0,True,False
cube02_indoor_2@0F,cube02_indoor_2,200,200,0.92276466,0.9285714285714286,0,True,False
cube02_indoor_2@0F,cube02_indoor_2,300,300,0.8068496,0.8736059479553904,0,True,False
cube02_indoor_2@0F,cube02_indoor_2,350,350,0.93337417,0.8979990239141045,0,True,False
cube02_indoor_2@0F,cube02_indoor_2,450,450,0.88638496,0.8609047940580689,0,True,False
cube02_indoor_2@0F,cube02_indoor_2,500,500,0.79761857,0.9080598455598455,0,True,False
cube02_indoor_2@150F,cube02_indoor_2,50,200,0.9046717,0.9001135073779796,0,True,False
cube02_indoor_2@150F,cube02_indoor_2,150,300,0.85281944,0.9117361784675073,0,True,False
cube02_indoor_2@150F,cube02_indoor_2,200,350,0.9258051,0.8759765625,0,True,False
cube02_indoor_2@150F,cube02_indoor_2,300,450,0.8792538,0.8609047940580689,0,True,False
cube02_indoor_2@200F,cube02_indoor_2,150,350,0.8750168,0.8979990239141045,0,True,False
cube02_indoor_2@200F,cube02_indoor_2,250,450,0.88835347,0.8300132802124834,0,True,False
cube02_indoor_2@200F,cube02_indoor_2,300,500,0.79004,0.9080598455598455,0,True,False
cube02_indoor_2@250F,cube02_indoor_2,50,300,0.8439184,0.915439429928741,0,True,False
cube02_indoor_2@250F,cube02_indoor_2,100,350,0.92152166,0.8759765625,0,True,False
cube02_indoor_2@250F,cube02_indoor_2,200,450,0.88154304,0.8775303643724697,0,True,False
cube02_indoor_2@250F,cube02_indoor_2,250,500,0.8069856,0.9080598455598455,0,True,False
cube02_indoor_2@300F,cube02_indoor_2,50,350,0.9214182,0.8759765625,0,True,False
cube02_indoor_2@300F,cube02_indoor_2,150,450,0.89181024,0.8609047940580689,0,True,False
cube02_indoor_2@300F,cube02_indoor_2,200,500,0.784022,0.9080598455598455,0,True,False
cube02_indoor_2@350B,cube02_indoor_2,50,300,0.8608397,0.9563275434243176,0,True,False
cube02_indoor_2@350B,cube02_indoor_2,150,200,0.88263327,0.9464285714285714,0,True,False
cube02_indoor_2@400B,cube02_indoor_2,50,350,0.8910149,0.9123942259830762,0,True,False
cube02_indoor_2@400B,cube02_indoor_2,100,300,0.8788562,0.9117361784675073,0,True,False
cube02_indoor_2@400B,cube02_indoor_2,200,200,0.9009609,0.9171631205673759,0,True,False
cube02_indoor_2@400B,cube02_indoor_2,350,50,0.76888067,0.8996699669966997,0,True,False
cube02_indoor_2@450B,cube02_indoor_2,100,350,0.9004971,0.9123942259830762,0,True,False
cube02_indoor_2@450B,cube02_indoor_2,150,300,0.8213937,0.8753568030447193,0,True,False
cube02_indoor_2@450B,cube02_indoor_2,250,200,0.9069523,0.9464285714285714,0,True,False
cube02_indoor_2@500B,cube02_indoor_2,50,450,0.8997922,0.8621146834603911,0,True,False
cube02_indoor_2@500B,cube02_indoor_2,150,350,0.8814463,0.89501953125,0,True,False
cube02_indoor_2@500B,cube02_indoor_2,200,300,0.8516533,0.8691322901849218,0,True,False
cube02_indoor_2@500B,cube02_indoor_2,300,200,0.91315675,0.9464285714285714,0,True,False
cube02_indoor_2@500B,cube02_indoor_2,450,50,0.8276233,0.9323509711989283,0,True,False
cube02_indoor_2@50F,cube02_indoor_2,150,200,0.9237339,0.9319342030629608,0,True,False
cube02_indoor_2@50F,cube02_indoor_2,250,300,0.8588128,0.8521617852161785,0,True,False
cube02_indoor_2@50F,cube02_indoor_2,300,350,0.9151853,0.8759765625,0,True,False
cube02_indoor_2@50F,cube02_indoor_2,400,450,0.90341264,0.845771144278607,0,True,False
cube02_indoor_2@50F,cube02_indoor_2,450,500,0.84034854,0.9080598455598455,0,True,False
cube02_indoor_2@550B,cube02_indoor_2,50,500,0.79122055,0.8654070445533006,0,True,False
cube02_indoor_2@550B,cube02_indoor_2,100,450,0.9091445,0.9279341111873713,0,True,False
cube02_indoor_2@550B,cube02_indoor_2,200,350,0.89337337,0.9123942259830762,0,True,False
cube02_indoor_2@550B,cube02_indoor_2,250,300,0.841687,0.9117361784675073,0,True,False
cube02_indoor_2@550B,cube02_indoor_2,350,200,0.90369517,0.9285714285714286,0,True,False
cube02_indoor_2@550B,cube02_indoor_2,500,50,0.79133606,0.9017798286090969,0,True,False
cube02_indoor_2@589B,cube02_indoor_2,200,389,0.7830549,0.8895027624309392,0,True,False
cube02_indoor_2@589B,cube02_indoor_2,250,339,0.8274411,0.9787234042553191,0,True,False
cube02_indoor_2@589B,cube02_indoor_2,300,289,0.84065795,0.9153846153846154,0,True,False
cube02_indoor_2@589B,cube02_indoor_2,350,239,0.8609124,0.8577435178696566,0,True,False
cube02_indoor_2@589B,cube02_indoor_2,450,139,0.75012064,0.8566433566433567,0,True,False
cube02_indoor_2@589B,cube02_indoor_2,500,89,0.75823605,0.6792452830188679,0,True,False
cube02_indoor_2@589B,cube02_indoor_2,550,39,0.8642362,0.9083850931677019,0,True,False
cube02_indoor_2@91F,cube02_indoor_2,150,241,0.860776,0.81621975147155,0,True,False
cube02_indoor_2@91F,cube02_indoor_2,200,291,0.82170117,0.9116279069767442,0,True,False
cube02_indoor_2@91F,cube02_indoor_2,250,341,0.8842433,0.8784773060029283,0,True,False
cube02_indoor_2@91F,cube02_indoor_2,300,391,0.7699659,0.9591836734693877,0,True,False
cube02_indoor_2@91F,cube02_indoor_2,350,441,0.85919994,0.8931524975190208,0,True,False
cube02_indoor_2@91F,cube02_indoor_2,400,491,0.8914879,0.8974960876369327,0,True,False
cube05_indoor_1@0F,cube05_indoor_1,50,50,0.9202967,0.0,41,False,False
cube05_indoor_1@0F,cube05_indoor_1,100,100,0.94729203,0.0,91,False,False
cube05_indoor_1@100B,cube05_indoor_1,50,50,0.81691384,0.9782608695652174,0,True,False
cube05_indoor_1@100B,cube05_indoor_1,100,0,0.8015317,0.9552845528455285,0,True,False
cube05_indoor_1@110B,cube05_indoor_1,50,60,0.8414253,0.8407310704960835,0,True,False
cube05_indoor_1@110B,cube05_indoor_1,100,10,0.82170296,0.0793733681462141,12,False,False
cube05_indoor_2@0F,cube05_indoor_2,100,100,0.85512877,0.8695652173913043,0,True,False
cube05_indoor_2@145B,cube05_indoor_2,50,95,0.9226169,0.806060606060606,0,True,False
cube05_indoor_2@145B,cube05_indoor_2,100,45,0.7685641,0.8913934426229508,0,True,False
cube05_indoor_2@50F,cube05_indoor_2,50,100,0.87933195,0.8695652173913043,0,True,False
cube05_indoor_4@0F,cube05_indoor_4,50,50,0.7823855,0.9190600522193212,0,True,False
cube05_indoor_4@298B,cube05_indoor_4,250,48,0.78651637,0.9545454545454546,0,True,False
cube05_indoor_4@50F,cube05_indoor_4,50,100,0.7978524,0.9175141242937853,0,True,False
cube05_indoor_5@0F,cube05_indoor_5,200,200,0.83636177,0.4734576757532281,0,False,False
cube05_indoor_5@0F,cube05_indoor_5,350,350,0.82676584,0.4994192799070848,0,False,False
cube05_indoor_5@0F,cube05_indoor_5,450,450,0.9359538,0.0,44,False,False
cube05_indoor_5@100F,cube05_indoor_5,50,150,0.90267265,0.9264305177111717,0,True,False
cube05_indoor_5@100F,cube05_indoor_5,100,200,0.92434925,0.8736059479553904,0,True,False
cube05_indoor_5@100F,cube05_indoor_5,250,350,0.8215627,0.5061801059446733,0,True,False
cube05_indoor_5@100F,cube05_indoor_5,300,400,0.9057967,0.018670815736830406,18,False,False
cube05_indoor_5@100F,cube05_indoor_5,350,450,0.95017266,0.0,68,False,False
cube05_indoor_5@150F,cube05_indoor_5,50,200,0.91530323,0.8783044667274384,0,True,False
cube05_indoor_5@150F,cube05_indoor_5,100,250,0.87528425,0.9111111111111111,0,True,False
cube05_indoor_5@150F,cube05_indoor_5,200,350,0.7605895,0.513126491646778,0,True,False
cube05_indoor_5@150F,cube05_indoor_5,250,400,0.9143705,0.018670815736830406,18,False,False
cube05_indoor_5@150F,cube05_indoor_5,300,450,0.94427097,0.0,68,False,False
cube05_indoor_5@200F,cube05_indoor_5,50,250,0.89622355,0.8934154429180483,0,True,False
cube05_indoor_5@200F,cube05_indoor_5,250,450,0.9281674,0.8766603415559773,0,False,False
cube05_indoor_5@250B,cube05_indoor_5,50,200,0.9023979,0.8921933085501859,0,True,False
cube05_indoor_5@250B,cube05_indoor_5,100,150,0.87573653,0.8804780876494024,0,True,False
cube05_indoor_5@250B,cube05_indoor_5,150,100,0.91253436,0.8699101004759386,0,True,False
cube05_indoor_5@250B,cube05_indoor_5,200,50,0.8518659,0.8269230769230769,0,True,False
cube05_indoor_5@250B,cube05_indoor_5,250,0,0.784704,0.8854700854700854,0,True,False
cube05_indoor_5@295B,cube05_indoor_5,50,245,0.9010148,0.8781818181818182,0,True,False
cube05_indoor_5@295B,cube05_indoor_5,100,195,0.92498463,0.898970083374203,0,True,False
cube05_indoor_5@295B,cube05_indoor_5,150,145,0.8705512,0.8496868475991649,0,True,False
cube05_indoor_5@295B,cube05_indoor_5,200,95,0.92991626,0.9106566200215285,0,True,False
cube05_indoor_5@295B,cube05_indoor_5,250,45,0.8021653,0.8631459398069279,0,True,False
cube05_indoor_5@387B,cube05_indoor_5,50,337,0.784331,0.3501922508133688,0,True,False
cube05_indoor_5@387B,cube05_indoor_5,100,287,0.939912,0.0,10,False,False
cube05_indoor_5@387B,cube05_indoor_5,150,237,0.78784776,0.079247152055473,0,False,False
cube05_indoor_5@387B,cube05_indoor_5,200,187,0.88820016,0.12637913741223672,0,False,False
cube05_indoor_5@387B,cube05_indoor_5,250,137,0.94343746,0.0,27,False,False
cube05_indoor_5@387B,cube05_indoor_5,300,87,0.9496036,0.03694000523971706,77,False,False
cube05_indoor_5@387B,cube05_indoor_5,350,37,0.9540381,0.0,11,False,False
cube05_indoor_5@400B,cube05_indoor_5,50,350,0.83005875,0.4994192799070848,0,True,False
cube05_indoor_5@400B,cube05_indoor_5,150,250,0.93810505,0.0,47,False,False
cube05_indoor_5@400B,cube05_indoor_5,200,200,0.886332,0.12526096033402923,3,False,False
cube05_indoor_5@400B,cube05_indoor_5,250,150,0.94955426,0.009423186750428327,14,False,False
cube05_indoor_5@400B,cube05_indoor_5,300,100,0.9494729,0.02559912854030501,64,False,False
cube05_indoor_5@400B,cube05_indoor_5,350,50,0.8522881,0.5855855855855856,0,False,False
cube05_indoor_5@450B,cube05_indoor_5,100,350,0.8404015,0.5061801059446733,0,False,False
cube05_indoor_5@450B,cube05_indoor_5,150,300,0.77542895,0.22618315918869084,0,False,False
cube05_indoor_5@450B,cube05_indoor_5,200,250,0.9302591,0.0,47,False,False
cube05_indoor_5@450B,cube05_indoor_5,250,200,0.83987314,0.1168091168091168,3,False,False
cube05_indoor_5@450B,cube05_indoor_5,300,150,0.94426674,0.0,17,False,False
cube05_indoor_5@450B,cube05_indoor_5,350,100,0.9444211,0.02586206896551724,67,False,False
cube05_indoor_5@450B,cube05_indoor_5,400,50,0.7798766,0.6139630390143738,0,False,False
cube05_indoor_5@491B,cube05_indoor_5,50,441,0.88633764,0.9282511210762332,0,True,False
cube05_indoor_5@491B,cube05_indoor_5,150,341,0.8579267,0.5086182537439955,0,True,False
cube05_indoor_5@491B,cube05_indoor_5,200,291,0.93576443,0.0,6,False,False
cube05_indoor_5@491B,cube05_indoor_5,250,241,0.8442889,0.11056778049443086,56,False,False
cube05_indoor_5@491B,cube05_indoor_5,300,191,0.91596293,0.09438202247191012,0,False,False
cube05_indoor_5@491B,cube05_indoor_5,350,141,0.9404318,0.02109704641350211,23,False,False
cube05_indoor_5@491B,cube05_indoor_5,400,91,0.94926125,0.012427287149656267,73,False,False
cube05_indoor_5@491B,cube05_indoor_5,450,41,0.9517171,0.0,7,False,False
cube05_indoor_5@50F,cube05_indoor_5,50,100,0.89908254,0.8159722222222222,0,True,False
cube05_indoor_5@50F,cube05_indoor_5,100,150,0.8856748,0.8808290155440415,0,True,False
cube05_indoor_5@50F,cube05_indoor_5,150,200,0.906578,0.9140733859730609,0,True,False
cube05_indoor_5@50F,cube05_indoor_5,200,250,0.8647266,0.9147727272727273,0,True,False
cube05_indoor_5@50F,cube05_indoor_5,300,350,0.7564807,0.5061801059446733,0,True,False
cube05_indoor_5@50F,cube05_indoor_5,350,400,0.8032737,0.01249163506580415,18,False,False
cube05_indoor_5@50F,cube05_indoor_5,400,450,0.94713193,0.0,68,False,False
cube05_indoor_6@0F,cube05_indoor_6,100,100,0.902977,0.7945736434108527,0,True,False
cube05_indoor_6@0F,cube05_indoor_6,200,200,0.8644817,0.7835051546391752,0,True,False
cube05_indoor_6@0F,cube05_indoor_6,400,400,0.8047319,0.7941176470588235,0,True,False
cube05_indoor_6@0F,cube05_indoor_6,650,650,0.9073866,0.8205128205128205,0,True,False
cube05_indoor_6@0F,cube05_indoor_6,700,700,0.88021207,0.7760358342665173,0,True,False
cube05_indoor_6@100F,cube05_indoor_6,100,200,0.89526856,0.7676767676767676,0,True,False
cube05_indoor_6@100F,cube05_indoor_6,250,350,0.75494605,0.8825331971399387,0,True,False
cube05_indoor_6@100F,cube05_indoor_6,300,400,0.79024947,0.7941176470588235,0,True,False
cube05_indoor_6@100F,cube05_indoor_6,550,650,0.9130913,0.8461538461538461,0,False,False
cube05_indoor_6@100F,cube05_indoor_6,600,700,0.8776182,0.7945128779395296,0,False,False
cube05_indoor_6@150F,cube05_indoor_6,50,200,0.9099937,0.7595099935525468,0,True,False
cube05_indoor_6@150F,cube05_indoor_6,250,400,0.7913955,0.7941176470588235,0,True,False
cube05_indoor_6@150F,cube05_indoor_6,500,650,0.9163063,0.8,0,True,False
cube05_indoor_6@150F,cube05_indoor_6,550,700,0.86816657,0.7760358342665173,0,True,False
cube05_indoor_6@200F,cube05_indoor_6,200,400,0.8114309,0.7941176470588235,0,True,False
cube05_indoor_6@200F,cube05_indoor_6,450,650,0.9097844,0.8461538461538461,0,True,False
cube05_indoor_6@200F,cube05_indoor_6,500,700,0.8703179,0.7945128779395296,0,True,False
cube05_indoor_6@250F,cube05_indoor_6,150,400,0.77847815,0.7714285714285715,0,True,False
cube05_indoor_6@250F,cube05_indoor_6,400,650,0.90255153,0.8461538461538461,0,True,False
cube05_indoor_6@250F,cube05_indoor_6,450,700,0.87097645,0.7945128779395296,0,True,False
cube05_indoor_6@300F,cube05_indoor_6,100,400,0.77646214,0.8197343453510436,0,True,False
cube05_indoor_6@300F,cube05_indoor_6,300,600,0.7885107,0.8772102161100196,0,True,False
cube05_indoor_6@300F,cube05_indoor_6,350,650,0.91228974,0.8205128205128205,0,True,False
cube05_indoor_6@300F,cube05_indoor_6,400,700,0.8495472,0.7760358342665173,0,True,False
cube05_indoor_6@350F,cube05_indoor_6,50,400,0.7805097,0.844574780058651,0,True,False
cube05_indoor_6@350F,cube05_indoor_6,300,650,0.902621,0.8434108527131783,0,True,False
cube05_indoor_6@350F,cube05_indoor_6,350,700,0.8390784,0.7525195968645016,0,True,False
cube05_indoor_6@400B,cube05_indoor_6,200,200,0.90023184,0.7676767676767676,0,True,False
cube05_indoor_6@400B,cube05_indoor_6,300,100,0.92323005,0.7945736434108527,0,True,False
cube05_indoor_6@400B,cube05_indoor_6,400,0,0.8186529,0.9359104781281791,0,True,False
cube05_indoor_6@450B,cube05_indoor_6,50,400,0.87123805,0.7714285714285715,0,True,False
cube05_indoor_6@450B,cube05_indoor_6,250,200,0.91728437,0.8041237113402062,0,True,False
cube05_indoor_6@450B,cube05_indoor_6,350,100,0.9173355,0.8210594315245479,0,True,False
cube05_indoor_6@450B,cube05_indoor_6,450,0,0.7932347,0.913604766633565,0,True,False
cube05_indoor_6@47F,cube05_indoor_6,50,97,0.91018504,0.8969654199011997,0,True,False
cube05_indoor_6@47F,cube05_indoor_6,100,147,0.88926494,0.835214446952596,0,True,False
cube05_indoor_6@47F,cube05_indoor_6,250,297,0.9058174,0.8818342151675485,0,True,False
cube05_indoor_6@47F,cube05_indoor_6,400,447,0.765763,0.8349900596421471,0,True,False
cube05_indoor_6@47F,cube05_indoor_6,550,597,0.84877664,0.8115597783056215,0,True,False
cube05_indoor_6@47F,cube05_indoor_6,600,647,0.9068863,0.9178785286569717,0,True,False
cube05_indoor_6@47F,cube05_indoor_6,650,697,0.7769861,0.8233904311872415,0,True,False
cube05_indoor_6@500B,cube05_indoor_6,50,450,0.91272354,0.8862478777589134,0,True,False
cube05_indoor_6@500B,cube05_indoor_6,100,400,0.8637121,0.7941176470588235,0,True,False
cube05_indoor_6@500B,cube05_indoor_6,150,350,0.795854,0.8825331971399387,0,True,False
cube05_indoor_6@500B,cube05_indoor_6,300,200,0.92237973,0.7676767676767676,0,True,False
cube05_indoor_6@500B,cube05_indoor_6,400,100,0.9137171,0.8210594315245479,0,True,False
cube05_indoor_6@500B,cube05_indoor_6,500,0,0.85165364,0.9359104781281791,0,True,False
cube05_indoor_6@550B,cube05_indoor_6,100,450,0.91845655,0.9168081494057725,0,True,False
cube05_indoor_6@550B,cube05_indoor_6,150,400,0.8164256,0.7941176470588235,0,True,False
cube05_indoor_6@550B,cube05_indoor_6,350,200,0.91892487,0.8041237113402062,0,True,False
cube05_indoor_6@550B,cube05_indoor_6,450,100,0.9097216,0.813953488372093,0,True,False
cube05_indoor_6@550B,cube05_indoor_6,500,50,0.82098746,0.7203389830508474,0,True,False
cube05_indoor_6@550B,cube05_indoor_6,550,0,0.84032905,0.9359104781281791,0,True,False
cube05_indoor_6@600B,cube05_indoor_6,150,450,0.9247382,0.9422750424448217,0,True,False
cube05_indoor_6@600B,cube05_indoor_6,200,400,0.8700233,0.7714285714285715,0,True,False
cube05_indoor_6@600B,cube05_indoor_6,400,200,0.9231452,0.7676767676767676,0,True,False
cube05_indoor_6@600B,cube05_indoor_6,500,100,0.916951,0.8410852713178295,0,True,False
cube05_indoor_6@600B,cube05_indoor_6,550,50,0.76939166,0.7846153846153846,0,True,False
cube05_indoor_6@600B,cube05_indoor_6,600,0,0.7574052,0.9359104781281791,0,True,False
cube05_indoor_6@650B,cube05_indoor_6,50,600,0.76682425,0.7990610328638498,0,True,False
cube05_indoor_6@650B,cube05_indoor_6,200,450,0.9204447,0.9168081494057725,0,True,False
cube05_indoor_6@650B,cube05_indoor_6,250,400,0.85446703,0.7941176470588235,0,True,False
cube05_indoor_6@650B,cube05_indoor_6,300,350,0.7857377,0.7784431137724551,0,True,False
cube05_indoor_6@650B,cube05_indoor_6,450,200,0.9244618,0.8210526315789474,0,True,False
cube05_indoor_6@650B,cube05_indoor_6,550,100,0.919928,0.8210594315245479,0,True,False
cube05_indoor_6@650B,cube05_indoor_6,650,0,0.7687385,0.9359104781281791,0,True,False
cube05_indoor_6@700B,cube05_indoor_6,50,650,0.91764337,0.8461538461538461,0,True,False
cube05_indoor_6@700B,cube05_indoor_6,100,600,0.7867541,0.8565947242206235,0,True,False
cube05_indoor_6@700B,cube05_indoor_6,250,450,0.91731834,0.8940397350993378,0,True,False
cube05_indoor_6@700B,cube05_indoor_6,300,400,0.86885715,0.7714285714285715,0,True,False
cube05_indoor_6@700B,cube05_indoor_6,500,200,0.9029664,0.8041237113402062,0,True,False
cube05_indoor_6@700B,cube05_indoor_6,600,100,0.9109228,0.8410852713178295,0,True,False
cube05_indoor_6@700B,cube05_indoor_6,700,0,0.7623506,0.9359104781281791,0,True,False
cube05_indoor_6@722B,cube05_indoor_6,50,672,0.8923675,0.7993031358885018,0,True,False
cube05_indoor_6@722B,cube05_indoor_6,100,622,0.8538611,0.885686370297997,0,True,False
cube05_indoor_6@722B,cube05_indoor_6,150,572,0.78747845,0.8615384615384616,0,True,False
cube05_indoor_6@722B,cube05_indoor_6,400,322,0.9304922,0.9183673469387755,0,True,False
cube05_indoor_6@722B,cube05_indoor_6,550,172,0.86072487,0.8772813089993706,0,True,False
cube05_indoor_6@722B,cube05_indoor_6,600,122,0.9155286,0.8669849931787176,0,True,False
cube05_indoor_6@722B,cube05_indoor_6,650,72,0.93771,0.9016,0,True,False
cup02_indoor_1@0F,cup02_indoor_1,50,50,0.92589605,0.8794653145886149,0,True,False
cup02_indoor_1@0F,cup02_indoor_1,100,100,0.867577,0.795331388078366,0,True,False
cup02_indoor_1@0F,cup02_indoor_1,150,150,0.93754625,0.9289019772822886,0,True,False
cup02_indoor_1@0F,cup02_indoor_1,200,200,0.92791635,0.9408409042890344,0,True,False
cup02_indoor_1@0F,cup02_indoor_1,250,250,0.92972636,0.9071706503613118,0,True,False
cup02_indoor_1@0F,cup02_indoor_1,300,300,0.9434472,0.9071706503613118,0,True,False
cup02_indoor_1@0F,cup02_indoor_1,350,350,0.94144785,0.9010431350436989,0,True,False
cup02_indoor_1@0F,cup02_indoor_1,400,400,0.90694296,0.9165120593692022,0,True,False
cup02_indoor_1@0F,cup02_indoor_1,550,550,0.9379644,0.0,95,False,False
cup02_indoor_1@0F,cup02_indoor_1,600,600,0.9062306,0.0,145,False,False
cup02_indoor_1@0F,cup02_indoor_1,650,650,0.8367326,0.0,195,False,False
cup02_indoor_1@0F,cup02_indoor_1,700,700,0.9126666,0.925513698630137,0,False,False
cup02_indoor_1@0F,cup02_indoor_1,800,800,0.90294415,0.8631961259079903,0,False,False
cup02_indoor_1@0F,cup02_indoor_1,850,850,0.92507887,0.8414959928762245,0,False,False
cup02_indoor_1@0F,cup02_indoor_1,900,900,0.8302511,0.861671469740634,0,False,False
cup02_indoor_1@0F,cup02_indoor_1,950,950,0.780279,0.0,1,False,False
cup02_indoor_1@0F,cup02_indoor_1,1000,1000,0.9265357,0.23859191655801826,0,False,False
cup02_indoor_1@0F,cup02_indoor_1,1100,1100,0.90998197,0.0,98,False,False
cup02_indoor_1@0F,cup02_indoor_1,1150,1150,0.8944439,0.815347721822542,0,False,False
cup02_indoor_1@0F,cup02_indoor_1,1200,1200,0.93326175,0.9188278881778377,0,False,False
cup02_indoor_1@0F,cup02_indoor_1,1250,1250,0.91139746,0.852926709296606,0,False,False
cup02_indoor_1@0F,cup02_indoor_1,1300,1300,0.9201335,0.8749480681346073,0,False,False
cup02_indoor_1@0F,cup02_indoor_1,1350,1350,0.919941,0.0,17,False,False
cup02_indoor_1@0F,cup02_indoor_1,1400,1400,0.9361341,0.0,67,False,False
cup02_indoor_1@0F,cup02_indoor_1,1500,1500,0.81073815,0.11639740491031675,0,False,False
cup02_indoor_1@0F,cup02_indoor_1,1550,1550,0.93492705,0.0,25,False,False
cup02_indoor_1@0F,cup02_indoor_1,1600,1600,0.85281515,0.0,75,False,False
cup02_indoor_1@0F,cup02_indoor_1,1650,1650,0.9346886,0.0,125,False,False
cup02_indoor_1@0F,cup02_indoor_1,1700,1700,0.9401381,0.0,175,False,False
cup02_indoor_1@0F,cup02_indoor_1,1750,1750,0.93833953,0.0,225,False,False
cup02_indoor_1@1006B,cup02_indoor_1,50,956,0.86439514,0.0,2,True,False
cup02_indoor_1@1006B,cup02_indoor_1,100,906,0.8029209,0.8982259570494865,0,False,False
cup02_indoor_1@1006B,cup02_indoor_1,200,806,0.9011628,0.9444093493367025,0,False,False
cup02_indoor_1@1006B,cup02_indoor_1,250,756,0.8863237,0.9272727272727272,0,False,False
cup02_indoor_1@1006B,cup02_indoor_1,300,706,0.9109763,0.0,20,False,False
cup02_indoor_1@1006B,cup02_indoor_1,350,656,0.91989756,0.0,70,False,False
cup02_indoor_1@1006B,cup02_indoor_1,400,606,0.8880667,0.0,120,False,False
cup02_indoor_1@1006B,cup02_indoor_1,500,506,0.91493255,0.0,19,False,False
cup02_indoor_1@1006B,cup02_indoor_1,550,456,0.93572986,0.0,69,False,False
cup02_indoor_1@1006B,cup02_indoor_1,600,406,0.8662754,0.0,119,False,False
cup02_indoor_1@1006B,cup02_indoor_1,650,356,0.90925395,0.0,169,False,False
cup02_indoor_1@1006B,cup02_indoor_1,700,306,0.9183665,0.0,219,False,False
cup02_indoor_1@1006B,cup02_indoor_1,750,256,0.92732835,0.0,269,False,False
cup02_indoor_1@1006B,cup02_indoor_1,800,206,0.93292034,0.0,319,False,False
cup02_indoor_1@1006B,cup02_indoor_1,850,156,0.7550467,0.0,369,False,False
cup02_indoor_1@1006B,cup02_indoor_1,900,106,0.926151,0.0,419,False,False
cup02_indoor_1@1006B,cup02_indoor_1,950,56,0.93529874,0.0,469,False,False
cup02_indoor_1@1006B,cup02_indoor_1,1000,6,0.93793297,0.0,519,False,False
cup02_indoor_1@100F,cup02_indoor_1,50,150,0.9272552,0.9289019772822886,0,True,False
cup02_indoor_1@100F,cup02_indoor_1,100,200,0.93785304,0.9279526727234312,0,True,False
cup02_indoor_1@100F,cup02_indoor_1,150,250,0.7864571,0.9071706503613118,0,True,False
cup02_indoor_1@100F,cup02_indoor_1,200,300,0.93269473,0.9661971830985916,0,True,False
cup02_indoor_1@100F,cup02_indoor_1,250,350,0.93801475,0.9334836527621195,0,True,False
cup02_indoor_1@100F,cup02_indoor_1,300,400,0.919134,0.9474984558369364,0,True,False
cup02_indoor_1@100F,cup02_indoor_1,500,600,0.91980344,0.9315068493150684,0,True,False
cup02_indoor_1@100F,cup02_indoor_1,550,650,0.9369595,0.9452054794520548,0,True,False
cup02_indoor_1@100F,cup02_indoor_1,600,700,0.9211796,0.9452054794520548,0,True,False
cup02_indoor_1@100F,cup02_indoor_1,700,800,0.91855925,0.8895027624309392,0,True,False
cup02_indoor_1@100F,cup02_indoor_1,750,850,0.922036,0.8851473241130488,0,True,False
cup02_indoor_1@100F,cup02_indoor_1,800,900,0.87051654,0.861671469740634,0,True,False
cup02_indoor_1@100F,cup02_indoor_1,900,1000,0.876579,0.0,49,False,False
cup02_indoor_1@100F,cup02_indoor_1,1000,1100,0.92371714,0.8584607914542365,0,False,False
cup02_indoor_1@100F,cup02_indoor_1,1050,1150,0.90341884,0.8056872037914692,0,False,False
cup02_indoor_1@100F,cup02_indoor_1,1100,1200,0.9293626,0.9476923076923077,0,False,False
cup02_indoor_1@100F,cup02_indoor_1,1150,1250,0.9181749,0.863760896637609,0,False,False
cup02_indoor_1@100F,cup02_indoor_1,1200,1300,0.906312,0.8609975470155355,0,False,False
cup02_indoor_1@100F,cup02_indoor_1,1250,1350,0.918491,0.0,19,False,False
cup02_indoor_1@100F,cup02_indoor_1,1300,1400,0.939041,0.0,69,False,False
cup02_indoor_1@100F,cup02_indoor_1,1400,1500,0.843959,0.12030075187969924,0,False,False
cup02_indoor_1@100F,cup02_indoor_1,1450,1550,0.928289,0.0,27,False,False
cup02_indoor_1@100F,cup02_indoor_1,1500,1600,0.8857464,0.0,77,False,False
cup02_indoor_1@100F,cup02_indoor_1,1550,1650,0.9143027,0.0,127,False,False
cup02_indoor_1@100F,cup02_indoor_1,1600,1700,0.93691325,0.0,177,False,False
cup02_indoor_1@100F,cup02_indoor_1,1650,1750,0.92987776,0.0,227,False,False
cup02_indoor_1@1050B,cup02_indoor_1,50,1000,0.91025156,0.0,18,False,False
cup02_indoor_1@1050B,cup02_indoor_1,150,900,0.90550846,0.0,118,False,False
cup02_indoor_1@1050B,cup02_indoor_1,200,850,0.93464935,0.0,168,False,False
cup02_indoor_1@1050B,cup02_indoor_1,250,800,0.84979767,0.0,218,False,False
cup02_indoor_1@1050B,cup02_indoor_1,300,750,0.9250716,0.0,268,False,False
cup02_indoor_1@1050B,cup02_indoor_1,350,700,0.93646413,0.0,318,False,False
cup02_indoor_1@1050B,cup02_indoor_1,450,600,0.9157491,0.0,418,False,False
cup02_indoor_1@1050B,cup02_indoor_1,550,500,0.9040554,0.9240506329113924,0,False,False
cup02_indoor_1@1050B,cup02_indoor_1,600,450,0.86953115,0.9057272190513679,0,False,False
cup02_indoor_1@1050B,cup02_indoor_1,650,400,0.90880114,0.9320148331273177,0,False,False
cup02_indoor_1@1050B,cup02_indoor_1,700,350,0.8064106,0.9664694280078896,0,False,False
cup02_indoor_1@1050B,cup02_indoor_1,750,300,0.9212086,0.9394276187829953,0,False,False
cup02_indoor_1@1050B,cup02_indoor_1,800,250,0.92837524,0.9394276187829953,0,False,False
cup02_indoor_1@1050B,cup02_indoor_1,850,200,0.88457423,0.9166324435318275,0,False,False
cup02_indoor_1@1050B,cup02_indoor_1,900,150,0.9444159,0.9568874868559412,0,False,False
cup02_indoor_1@1050B,cup02_indoor_1,950,100,0.8809621,0.8465058236272879,0,False,False
cup02_indoor_1@1050B,cup02_indoor_1,1000,50,0.8449036,0.8967242948134668,0,False,False
cup02_indoor_1@1050B,cup02_indoor_1,1050,0,0.8837304,0.9432419432419432,0,False,False
cup02_indoor_1@1100B,cup02_indoor_1,50,1050,0.8784523,0.9538784067085954,0,True,False
cup02_indoor_1@1100B,cup02_indoor_1,100,1000,0.91126496,0.0,18,False,False
cup02_indoor_1@1100B,cup02_indoor_1,200,900,0.88901776,0.0,118,False,False
cup02_indoor_1@1100B,cup02_indoor_1,250,850,0.93726087,0.0,168,False,False
cup02_indoor_1@1100B,cup02_indoor_1,300,800,0.79474103,0.0,218,False,False
cup02_indoor_1@1100B,cup02_indoor_1,350,750,0.92236006,0.0,268,False,False
cup02_indoor_1@1100B,cup02_indoor_1,400,700,0.9365112,0.0,318,False,False
cup02_indoor_1@1100B,cup02_indoor_1,500,600,0.90227884,0.0,418,False,False
cup02_indoor_1@1100B,cup02_indoor_1,600,500,0.89382577,0.8771755345599205,0,False,False
cup02_indoor_1@1100B,cup02_indoor_1,650,450,0.8402186,0.9101516919486581,0,False,False
cup02_indoor_1@1100B,cup02_indoor_1,700,400,0.84237593,0.0,21,False,False
cup02_indoor_1@1100B,cup02_indoor_1,750,350,0.9313375,0.0,71,False,False
cup02_indoor_1@1100B,cup02_indoor_1,800,300,0.9268032,0.0,121,False,False
cup02_indoor_1@1100B,cup02_indoor_1,850,250,0.9290217,0.0,171,False,False
cup02_indoor_1@1100B,cup02_indoor_1,900,200,0.9280848,0.0,221,False,False
cup02_indoor_1@1100B,cup02_indoor_1,950,150,0.90246403,0.0,271,False,False
cup02_indoor_1@1100B,cup02_indoor_1,1000,100,0.92940503,0.0,321,False,False
cup02_indoor_1@1100B,cup02_indoor_1,1050,50,0.93970555,0.0,371,False,False
cup02_indoor_1@1100B,cup02_indoor_1,1100,0,0.9295917,0.0,421,False,False
cup02_indoor_1@1150B,cup02_indoor_1,50,1100,0.91232055,0.9119960668633235,0,True,False
cup02_indoor_1@1150B,cup02_indoor_1,100,1050,0.8873964,0.9355345911949685,0,True,False
cup02_indoor_1@1150B,cup02_indoor_1,150,1000,0.9113968,0.0,18,False,False
cup02_indoor_1@1150B,cup02_indoor_1,250,900,0.9053009,0.0,47,False,False
cup02_indoor_1@1150B,cup02_indoor_1,300,850,0.8819183,0.0,97,False,False
cup02_indoor_1@1150B,cup02_indoor_1,350,800,0.92428017,0.0,147,False,False
cup02_indoor_1@1150B,cup02_indoor_1,400,750,0.9360974,0.0,197,False,False
cup02_indoor_1@1150B,cup02_indoor_1,450,700,0.8981728,0.9389269406392694,0,False,False
cup02_indoor_1@1150B,cup02_indoor_1,500,650,0.92828774,0.9266927811975377,0,False,False
cup02_indoor_1@1150B,cup02_indoor_1,550,600,0.9394231,0.9266927811975377,0,False,False
cup02_indoor_1@1150B,cup02_indoor_1,600,550,0.89100856,0.9663865546218487,0,False,False
cup02_indoor_1@1150B,cup02_indoor_1,650,500,0.8811546,0.8891374596072583,0,False,False
cup02_indoor_1@1150B,cup02_indoor_1,750,400,0.8917674,0.9014598540145985,0,False,False
cup02_indoor_1@1150B,cup02_indoor_1,800,350,0.91141576,0.9284332688588007,0,False,False
cup02_indoor_1@1150B,cup02_indoor_1,850,300,0.91792774,0.9394276187829953,0,False,False
cup02_indoor_1@1150B,cup02_indoor_1,900,250,0.9379955,0.9394276187829953,0,False,False
cup02_indoor_1@1150B,cup02_indoor_1,950,200,0.88090104,0.9307756463719766,0,False,False
cup02_indoor_1@1150B,cup02_indoor_1,1000,150,0.9390056,0.9423643247791333,0,False,False
cup02_indoor_1@1150B,cup02_indoor_1,1050,100,0.86368906,0.8388566694283347,0,False,False
cup02_indoor_1@1150B,cup02_indoor_1,1100,50,0.90830773,0.9125,0,False,False
cup02_indoor_1@1150B,cup02_indoor_1,1150,0,0.8765538,0.9187841367846117,0,False,False
cup02_indoor_1@1200B,cup02_indoor_1,50,1150,0.9371848,0.815347721822542,0,True,False
cup02_indoor_1@1200B,cup02_indoor_1,100,1100,0.9227716,0.8822227686255225,0,True,False
cup02_indoor_1@1200B,cup02_indoor_1,150,1050,0.8769934,0.9355345911949685,0,True,False
cup02_indoor_1@1200B,cup02_indoor_1,200,1000,0.91793805,0.0,19,False,False
cup02_indoor_1@1200B,cup02_indoor_1,300,900,0.9029362,0.0,119,False,False
cup02_indoor_1@1200B,cup02_indoor_1,350,850,0.94334614,0.0,169,False,False
cup02_indoor_1@1200B,cup02_indoor_1,400,800,0.8700596,0.0,219,False,False
cup02_indoor_1@1200B,cup02_indoor_1,450,750,0.920233,0.0,269,False,False
cup02_indoor_1@1200B,cup02_indoor_1,500,700,0.939389,0.0,319,False,False
cup02_indoor_1@1200B,cup02_indoor_1,600,600,0.91174155,0.0,419,False,False
cup02_indoor_1@1200B,cup02_indoor_1,700,500,0.91084576,0.9113924050632911,0,False,False
cup02_indoor_1@1200B,cup02_indoor_1,800,400,0.90693814,0.9274092615769712,0,False,False
cup02_indoor_1@1200B,cup02_indoor_1,850,350,0.9227067,0.9334836527621195,0,False,False
cup02_indoor_1@1200B,cup02_indoor_1,900,300,0.9318582,0.9071706503613118,0,False,False
cup02_indoor_1@1200B,cup02_indoor_1,950,250,0.93454003,0.8717948717948718,0,False,False
cup02_indoor_1@1200B,cup02_indoor_1,1050,150,0.9341035,0.9423643247791333,0,False,False
cup02_indoor_1@1200B,cup02_indoor_1,1100,100,0.8670815,0.8336842105263158,0,False,False
cup02_indoor_1@1200B,cup02_indoor_1,1150,50,0.88260305,0.8567850637522769,0,False,False
cup02_indoor_1@1200B,cup02_indoor_1,1200,0,0.9169364,0.9015169756802311,0,False,False
cup02_indoor_1@1250B,cup02_indoor_1,50,1200,0.9361148,0.9846153846153847,0,True,False
cup02_indoor_1@1250B,cup02_indoor_1,100,1150,0.92964554,0.815347721822542,0,True,False
cup02_indoor_1@1250B,cup02_indoor_1,150,1100,0.9292578,0.8874059694248969,0,True,False
cup02_indoor_1@1250B,cup02_indoor_1,200,1050,0.88991356,0.9057915057915058,0,True,False
cup02_indoor_1@1250B,cup02_indoor_1,250,1000,0.9245877,0.0,20,False,False
cup02_indoor_1@1250B,cup02_indoor_1,350,900,0.9049198,0.0,120,False,False
cup02_indoor_1@1250B,cup02_indoor_1,400,850,0.8720107,0.0,170,False,False
cup02_indoor_1@1250B,cup02_indoor_1,450,800,0.92515117,0.0,220,False,False
cup02_indoor_1@1250B,cup02_indoor_1,500,750,0.94043505,0.0,270,False,False
cup02_indoor_1@1250B,cup02_indoor_1,550,700,0.8632191,0.9076406381192276,0,False,False
cup02_indoor_1@1250B,cup02_indoor_1,600,650,0.92809725,0.8828729281767956,0,False,False
cup02_indoor_1@1250B,cup02_indoor_1,650,600,0.93847483,0.9266927811975377,0,False,False
cup02_indoor_1@1250B,cup02_indoor_1,700,550,0.89633197,0.9663865546218487,0,False,False
cup02_indoor_1@1250B,cup02_indoor_1,750,500,0.8679347,0.8891374596072583,0,False,False
cup02_indoor_1@1250B,cup02_indoor_1,800,450,0.80247235,0.866998850134151,0,False,False
cup02_indoor_1@1250B,cup02_indoor_1,850,400,0.9220025,0.9014598540145985,0,False,False
cup02_indoor_1@1250B,cup02_indoor_1,900,350,0.8186769,0.9664694280078896,0,False,False
cup02_indoor_1@1250B,cup02_indoor_1,950,300,0.92837304,0.9583333333333334,0,False,False
cup02_indoor_1@1250B,cup02_indoor_1,1000,250,0.9304537,0.9394276187829953,0,False,False
cup02_indoor_1@1250B,cup02_indoor_1,1050,200,0.88767636,0.9560625264047318,0,False,False
cup02_indoor_1@1250B,cup02_indoor_1,1100,150,0.94408065,0.9423643247791333,0,False,False
cup02_indoor_1@1250B,cup02_indoor_1,1150,100,0.8771942,0.865699100572363,0,False,False
cup02_indoor_1@1250B,cup02_indoor_1,1200,50,0.887337,0.9203132197144174,0,False,False
cup02_indoor_1@1250B,cup02_indoor_1,1250,0,0.88233316,0.9432419432419432,0,False,False
cup02_indoor_1@1300B,cup02_indoor_1,50,1250,0.88137704,0.8764632627646326,0,True,False
cup02_indoor_1@1300B,cup02_indoor_1,100,1200,0.93321836,0.9344100197758735,0,True,False
cup02_indoor_1@1300B,cup02_indoor_1,150,1150,0.93863285,0.815347721822542,0,True,False
cup02_indoor_1@1300B,cup02_indoor_1,200,1100,0.9183043,0.8822227686255225,0,True,False
cup02_indoor_1@1300B,cup02_indoor_1,250,1050,0.8913962,0.9221698113207547,0,True,False
cup02_indoor_1@1300B,cup02_indoor_1,300,1000,0.92320627,0.0,12,False,False
cup02_indoor_1@1300B,cup02_indoor_1,400,900,0.8968058,0.0,112,False,False
cup02_indoor_1@1300B,cup02_indoor_1,450,850,0.88697356,0.0,162,False,False
cup02_indoor_1@1300B,cup02_indoor_1,500,800,0.9242299,0.0,212,False,False
cup02_indoor_1@1300B,cup02_indoor_1,550,750,0.9371698,0.0,262,False,False
cup02_indoor_1@1300B,cup02_indoor_1,600,700,0.8306783,0.9452054794520548,0,False,False
cup02_indoor_1@1300B,cup02_indoor_1,650,650,0.9192864,0.9398601398601398,0,False,False
cup02_indoor_1@1300B,cup02_indoor_1,700,600,0.9373857,0.9011595803423523,0,False,False
cup02_indoor_1@1300B,cup02_indoor_1,750,550,0.8932129,0.9392265193370166,0,False,False
cup02_indoor_1@1300B,cup02_indoor_1,800,500,0.9138883,0.0,25,False,False
cup02_indoor_1@1300B,cup02_indoor_1,850,450,0.9300574,0.0,75,False,False
cup02_indoor_1@1300B,cup02_indoor_1,900,400,0.8592521,0.0,125,False,False
cup02_indoor_1@1300B,cup02_indoor_1,950,350,0.9320266,0.0,175,False,False
cup02_indoor_1@1300B,cup02_indoor_1,1000,300,0.9249109,0.0,225,False,False
cup02_indoor_1@1300B,cup02_indoor_1,1050,250,0.9299086,0.0,275,False,False
cup02_indoor_1@1300B,cup02_indoor_1,1100,200,0.9273373,0.0,325,False,False
cup02_indoor_1@1300B,cup02_indoor_1,1150,150,0.8885174,0.0,375,False,False
cup02_indoor_1@1300B,cup02_indoor_1,1200,100,0.92895234,0.0,425,False,False
cup02_indoor_1@1300B,cup02_indoor_1,1250,50,0.9371625,0.0,475,False,False
cup02_indoor_1@1300B,cup02_indoor_1,1300,0,0.92944974,0.0,525,False,False
cup02_indoor_1@1350B,cup02_indoor_1,100,1250,0.927868,0.0,75,False,False
cup02_indoor_1@1350B,cup02_indoor_1,200,1150,0.9116691,0.0,175,False,False
cup02_indoor_1@1350B,cup02_indoor_1,250,1100,0.91281366,0.0,225,False,False
cup02_indoor_1@1350B,cup02_indoor_1,300,1050,0.9051908,0.0,275,False,False
cup02_indoor_1@1350B,cup02_indoor_1,350,1000,0.87641525,0.2537152702993754,0,False,False
cup02_indoor_1@1350B,cup02_indoor_1,450,900,0.92966294,0.0,10,False,False
cup02_indoor_1@1350B,cup02_indoor_1,500,850,0.8747433,0.0,60,False,False
cup02_indoor_1@1350B,cup02_indoor_1,550,800,0.9206231,0.0,110,False,False
cup02_indoor_1@1350B,cup02_indoor_1,600,750,0.9394973,0.0,160,False,False
cup02_indoor_1@1350B,cup02_indoor_1,700,650,0.9401868,0.0,13,False,False
cup02_indoor_1@1350B,cup02_indoor_1,800,550,0.75394905,0.0,113,False,False
cup02_indoor_1@1350B,cup02_indoor_1,850,500,0.9164452,0.0,25,False,False
cup02_indoor_1@1350B,cup02_indoor_1,900,450,0.92672527,0.0,75,False,False
cup02_indoor_1@1350B,cup02_indoor_1,950,400,0.87170357,0.0,125,False,False
cup02_indoor_1@1350B,cup02_indoor_1,1000,350,0.9325943,0.0,175,False,False
cup02_indoor_1@1350B,cup02_indoor_1,1050,300,0.92582965,0.0,225,False,False
cup02_indoor_1@1350B,cup02_indoor_1,1100,250,0.93066233,0.0,275,False,False
cup02_indoor_1@1350B,cup02_indoor_1,1150,200,0.9270279,0.0,325,False,False
cup02_indoor_1@1350B,cup02_indoor_1,1200,150,0.901476,0.0,375,False,False
cup02_indoor_1@1350B,cup02_indoor_1,1250,100,0.9307946,0.0,425,False,False
cup02_indoor_1@1350B,cup02_indoor_1,1300,50,0.93428177,0.0,475,False,False
cup02_indoor_1@1350B,cup02_indoor_1,1350,0,0.9292445,0.0,525,False,False
cup02_indoor_1@1400B,cup02_indoor_1,50,1350,0.83209014,0.8622754491017964,0,True,False
cup02_indoor_1@1400B,cup02_indoor_1,100,1300,0.8151662,0.0,21,False,False
cup02_indoor_1@1400B,cup02_indoor_1,150,1250,0.94490486,0.0,71,False,False
cup02_indoor_1@1400B,cup02_indoor_1,200,1200,0.7574468,0.0,121,False,False
cup02_indoor_1@1400B,cup02_indoor_1,250,1150,0.840342,0.0,171,False,False
cup02_indoor_1@1400B,cup02_indoor_1,300,1100,0.9330688,0.0,221,False,False
cup02_indoor_1@1400B,cup02_indoor_1,350,1050,0.920143,0.0,271,False,False
cup02_indoor_1@1400B,cup02_indoor_1,400,1000,0.8958665,0.2537152702993754,0,False,False
cup02_indoor_1@1400B,cup02_indoor_1,500,900,0.9283786,0.0,10,False,False
cup02_indoor_1@1400B,cup02_indoor_1,550,850,0.876267,0.0,60,False,False
cup02_indoor_1@1400B,cup02_indoor_1,600,800,0.9260628,0.0,110,False,False
cup02_indoor_1@1400B,cup02_indoor_1,650,750,0.94020426,0.0,160,False,False
cup02_indoor_1@1400B,cup02_indoor_1,750,650,0.94019943,0.0,13,False,False
cup02_indoor_1@1400B,cup02_indoor_1,900,500,0.922662,0.0,27,False,False
cup02_indoor_1@1400B,cup02_indoor_1,950,450,0.92938846,0.0,77,False,False
cup02_indoor_1@1400B,cup02_indoor_1,1000,400,0.7798368,0.0,127,False,False
cup02_indoor_1@1400B,cup02_indoor_1,1050,350,0.9331344,0.0,177,False,False
cup02_indoor_1@1400B,cup02_indoor_1,1100,300,0.92725146,0.0,227,False,False
cup02_indoor_1@1400B,cup02_indoor_1,1150,250,0.93206555,0.0,277,False,False
cup02_indoor_1@1400B,cup02_indoor_1,1200,200,0.92669535,0.0,327,False,False
cup02_indoor_1@1400B,cup02_indoor_1,1250,150,0.8973866,0.0,377,False,False
cup02_indoor_1@1400B,cup02_indoor_1,1300,100,0.9319607,0.0,427,False,False
cup02_indoor_1@1400B,cup02_indoor_1,1350,50,0.93451494,0.0,477,False,False
cup02_indoor_1@1400B,cup02_indoor_1,1400,0,0.9283282,0.0,527,False,False
cup02_indoor_1@1450B,cup02_indoor_1,50,1400,0.91522217,0.8930817610062893,0,True,False
cup02_indoor_1@1450B,cup02_indoor_1,100,1350,0.82112914,0.8622754491017964,0,True,False
cup02_indoor_1@1450B,cup02_indoor_1,150,1300,0.8804708,0.0,21,False,False
cup02_indoor_1@1450B,cup02_indoor_1,200,1250,0.9395862,0.0,71,False,False
cup02_indoor_1@1450B,cup02_indoor_1,300,1150,0.8795525,0.0,171,False,False
cup02_indoor_1@1450B,cup02_indoor_1,350,1100,0.8921215,0.0,221,False,False
cup02_indoor_1@1450B,cup02_indoor_1,400,1050,0.9179839,0.0,271,False,False
cup02_indoor_1@1450B,cup02_indoor_1,450,1000,0.8084675,0.29964850615114236,0,False,False
cup02_indoor_1@1450B,cup02_indoor_1,550,900,0.8839292,0.0,9,False,False
cup02_indoor_1@1450B,cup02_indoor_1,600,850,0.8797156,0.0,59,False,False
cup02_indoor_1@1450B,cup02_indoor_1,650,800,0.9263671,0.0,109,False,False
cup02_indoor_1@1450B,cup02_indoor_1,700,750,0.93825173,0.0,159,False,False
cup02_indoor_1@1450B,cup02_indoor_1,800,650,0.941419,0.0,29,False,False
cup02_indoor_1@1450B,cup02_indoor_1,900,550,0.7675247,0.0,129,False,False
cup02_indoor_1@1450B,cup02_indoor_1,950,500,0.87043035,0.9240506329113924,0,False,False
cup02_indoor_1@1450B,cup02_indoor_1,1000,450,0.85537386,0.8953307392996109,0,False,False
cup02_indoor_1@1450B,cup02_indoor_1,1050,400,0.92003006,0.0,21,False,False
cup02_indoor_1@1450B,cup02_indoor_1,1100,350,0.93334424,0.0,71,False,False
cup02_indoor_1@1450B,cup02_indoor_1,1150,300,0.9274807,0.0,121,False,False
cup02_indoor_1@1450B,cup02_indoor_1,1200,250,0.92895,0.0,171,False,False
cup02_indoor_1@1450B,cup02_indoor_1,1250,200,0.92492425,0.0,221,False,False
cup02_indoor_1@1450B,cup02_indoor_1,1300,150,0.89735806,0.0,271,False,False
cup02_indoor_1@1450B,cup02_indoor_1,1350,100,0.92964405,0.0,321,False,False
cup02_indoor_1@1450B,cup02_indoor_1,1400,50,0.93585145,0.0,371,False,False
cup02_indoor_1@1450B,cup02_indoor_1,1450,0,0.9325706,0.0,421,False,False
cup02_indoor_1@1500B,cup02_indoor_1,50,1450,0.90092474,0.9069534767383692,0,True,False
cup02_indoor_1@1500B,cup02_indoor_1,100,1400,0.9221125,0.9056603773584906,0,True,False
cup02_indoor_1@1500B,cup02_indoor_1,200,1300,0.7847483,0.0,21,False,False
cup02_indoor_1@1500B,cup02_indoor_1,250,1250,0.9365189,0.0,71,False,False
cup02_indoor_1@1500B,cup02_indoor_1,350,1150,0.8361565,0.0,171,False,False
cup02_indoor_1@1500B,cup02_indoor_1,400,1100,0.888856,0.0,221,False,False
cup02_indoor_1@1500B,cup02_indoor_1,450,1050,0.92436427,0.0,271,False,False
cup02_indoor_1@1500B,cup02_indoor_1,500,1000,0.8701809,0.2525604706907823,0,False,False
cup02_indoor_1@1500B,cup02_indoor_1,600,900,0.8747409,0.0,10,False,False
cup02_indoor_1@1500B,cup02_indoor_1,650,850,0.8765051,0.0,60,False,False
cup02_indoor_1@1500B,cup02_indoor_1,700,800,0.9302496,0.0,110,False,False
cup02_indoor_1@1500B,cup02_indoor_1,750,750,0.9401311,0.0,160,False,False
cup02_indoor_1@1500B,cup02_indoor_1,850,650,0.94208527,0.0,31,False,False
cup02_indoor_1@1500B,cup02_indoor_1,950,550,0.8447458,0.0,131,False,False
cup02_indoor_1@1500B,cup02_indoor_1,1000,500,0.89251053,0.8771755345599205,0,False,False
cup02_indoor_1@1500B,cup02_indoor_1,1050,450,0.8566155,0.866998850134151,0,False,False
cup02_indoor_1@1500B,cup02_indoor_1,1100,400,0.919539,0.896551724137931,0,False,False
cup02_indoor_1@1500B,cup02_indoor_1,1200,300,0.8216526,0.0,39,False,False
cup02_indoor_1@1500B,cup02_indoor_1,1250,250,0.88419175,0.0,89,False,False
cup02_indoor_1@1500B,cup02_indoor_1,1300,200,0.92230856,0.0,139,False,False
cup02_indoor_1@1500B,cup02_indoor_1,1350,150,0.92084765,0.0,189,False,False
cup02_indoor_1@1500B,cup02_indoor_1,1400,100,0.9166197,0.0,239,False,False
cup02_indoor_1@1500B,cup02_indoor_1,1450,50,0.91640776,0.0,289,False,False
cup02_indoor_1@1500B,cup02_indoor_1,1500,0,0.92187405,0.0,339,False,False
cup02_indoor_1@150F,cup02_indoor_1,50,200,0.93147475,0.9429657794676806,0,True,False
cup02_indoor_1@150F,cup02_indoor_1,100,250,0.8733038,0.9258127257571548,0,True,False
cup02_indoor_1@150F,cup02_indoor_1,150,300,0.93181354,0.9258127257571548,0,True,False
cup02_indoor_1@150F,cup02_indoor_1,200,350,0.93688977,0.9388560157790927,0,True,False
cup02_indoor_1@150F,cup02_indoor_1,250,400,0.9160184,0.9165120593692022,0,True,False
cup02_indoor_1@150F,cup02_indoor_1,450,600,0.92589575,0.9266927811975377,0,True,False
cup02_indoor_1@150F,cup02_indoor_1,500,650,0.93649906,0.9315068493150684,0,True,False
cup02_indoor_1@150F,cup02_indoor_1,550,700,0.91073227,0.9452054794520548,0,True,False
cup02_indoor_1@150F,cup02_indoor_1,600,750,0.8375648,0.8778265271684104,0,True,False
cup02_indoor_1@150F,cup02_indoor_1,650,800,0.9132565,0.8590909090909091,0,True,False
cup02_indoor_1@150F,cup02_indoor_1,700,850,0.90499324,0.8594306049822064,0,True,False
cup02_indoor_1@150F,cup02_indoor_1,750,900,0.8638421,0.8044692737430168,0,True,False
cup02_indoor_1@150F,cup02_indoor_1,800,950,0.8151283,0.0,2,False,False
cup02_indoor_1@150F,cup02_indoor_1,850,1000,0.92032087,0.23859191655801826,0,False,False
cup02_indoor_1@150F,cup02_indoor_1,950,1100,0.8916665,0.0,98,False,False
cup02_indoor_1@150F,cup02_indoor_1,1000,1150,0.81616044,0.8434803451581975,0,False,False
cup02_indoor_1@150F,cup02_indoor_1,1050,1200,0.9335351,0.9393939393939394,0,False,False
cup02_indoor_1@150F,cup02_indoor_1,1100,1250,0.905513,0.8936488169364881,0,False,False
cup02_indoor_1@150F,cup02_indoor_1,1150,1300,0.92479146,0.9189862899875364,0,False,False
cup02_indoor_1@150F,cup02_indoor_1,1200,1350,0.92623895,0.0,19,False,False
cup02_indoor_1@150F,cup02_indoor_1,1250,1400,0.9363388,0.0,69,False,False
cup02_indoor_1@150F,cup02_indoor_1,1400,1550,0.88621753,0.8812269938650307,0,False,False
cup02_indoor_1@150F,cup02_indoor_1,1450,1600,0.915492,0.8147321428571429,0,False,False
cup02_indoor_1@150F,cup02_indoor_1,1500,1650,0.9290819,0.0,36,False,False
cup02_indoor_1@150F,cup02_indoor_1,1550,1700,0.93294996,0.0,86,False,False
cup02_indoor_1@150F,cup02_indoor_1,1600,1750,0.92573357,0.0,136,False,False
cup02_indoor_1@1550B,cup02_indoor_1,50,1500,0.8864493,0.9041095890410958,0,True,False
cup02_indoor_1@1550B,cup02_indoor_1,100,1450,0.90433437,0.9423076923076923,0,True,False
cup02_indoor_1@1550B,cup02_indoor_1,150,1400,0.9150657,0.8875471698113208,0,True,False
cup02_indoor_1@1550B,cup02_indoor_1,300,1250,0.93056583,0.0,68,False,False
cup02_indoor_1@1550B,cup02_indoor_1,450,1100,0.93181175,0.0,218,False,False
cup02_indoor_1@1550B,cup02_indoor_1,500,1050,0.917195,0.0,268,False,False
cup02_indoor_1@1550B,cup02_indoor_1,550,1000,0.87205637,0.2564214192424902,0,False,False
cup02_indoor_1@1550B,cup02_indoor_1,650,900,0.90339345,0.0,10,False,False
cup02_indoor_1@1550B,cup02_indoor_1,700,850,0.8732614,0.0,60,False,False
cup02_indoor_1@1550B,cup02_indoor_1,750,800,0.929643,0.0,110,False,False
cup02_indoor_1@1550B,cup02_indoor_1,800,750,0.93798006,0.0,160,False,False
cup02_indoor_1@1550B,cup02_indoor_1,900,650,0.9342387,0.0,12,False,False
cup02_indoor_1@1550B,cup02_indoor_1,1050,500,0.92090255,0.0,25,False,False
cup02_indoor_1@1550B,cup02_indoor_1,1100,450,0.93306243,0.0,75,False,False
cup02_indoor_1@1550B,cup02_indoor_1,1150,400,0.88842976,0.0,125,False,False
cup02_indoor_1@1550B,cup02_indoor_1,1200,350,0.93532026,0.0,175,False,False
cup02_indoor_1@1550B,cup02_indoor_1,1250,300,0.93090314,0.0,225,False,False
cup02_indoor_1@1550B,cup02_indoor_1,1300,250,0.9288482,0.0,275,False,False
cup02_indoor_1@1550B,cup02_indoor_1,1350,200,0.93005675,0.0,325,False,False
cup02_indoor_1@1550B,cup02_indoor_1,1400,150,0.8996126,0.0,375,False,False
cup02_indoor_1@1550B,cup02_indoor_1,1450,100,0.9303768,0.0,425,False,False
cup02_indoor_1@1550B,cup02_indoor_1,1500,50,0.9359282,0.0,475,False,False
cup02_indoor_1@1550B,cup02_indoor_1,1550,0,0.9310002,0.0,525,False,False
cup02_indoor_1@1600B,cup02_indoor_1,50,1550,0.8522394,0.924361244624336,0,True,False
cup02_indoor_1@1600B,cup02_indoor_1,150,1450,0.8652801,0.8902528848514608,0,True,False
cup02_indoor_1@1600B,cup02_indoor_1,200,1400,0.92420936,0.9182389937106918,0,True,False
cup02_indoor_1@1600B,cup02_indoor_1,250,1350,0.7917926,0.8622754491017964,0,True,False
cup02_indoor_1@1600B,cup02_indoor_1,300,1300,0.8664669,0.0,21,False,False
cup02_indoor_1@1600B,cup02_indoor_1,350,1250,0.9425498,0.0,71,False,False
cup02_indoor_1@1600B,cup02_indoor_1,450,1150,0.7772022,0.0,171,False,False
cup02_indoor_1@1600B,cup02_indoor_1,500,1100,0.92236054,0.0,221,False,False
cup02_indoor_1@1600B,cup02_indoor_1,550,1050,0.9176579,0.0,271,False,False
cup02_indoor_1@1600B,cup02_indoor_1,600,1000,0.8933968,0.2537152702993754,0,False,False
cup02_indoor_1@1600B,cup02_indoor_1,700,900,0.92551863,0.0,10,False,False
cup02_indoor_1@1600B,cup02_indoor_1,750,850,0.864816,0.0,60,False,False
cup02_indoor_1@1600B,cup02_indoor_1,800,800,0.92259276,0.0,110,False,False
cup02_indoor_1@1600B,cup02_indoor_1,850,750,0.93809205,0.0,160,False,False
cup02_indoor_1@1600B,cup02_indoor_1,900,700,0.7659995,0.9076406381192276,0,False,False
cup02_indoor_1@1600B,cup02_indoor_1,950,650,0.91453564,0.9141595362958874,0,False,False
cup02_indoor_1@1600B,cup02_indoor_1,1000,600,0.93961847,0.9011595803423523,0,False,False
cup02_indoor_1@1600B,cup02_indoor_1,1050,550,0.8799836,0.9663865546218487,0,False,False
cup02_indoor_1@1600B,cup02_indoor_1,1100,500,0.91833943,0.0,25,False,False
cup02_indoor_1@1600B,cup02_indoor_1,1150,450,0.93019706,0.0,75,False,False
cup02_indoor_1@1600B,cup02_indoor_1,1200,400,0.8180901,0.0,125,False,False
cup02_indoor_1@1600B,cup02_indoor_1,1250,350,0.93512374,0.0,175,False,False
cup02_indoor_1@1600B,cup02_indoor_1,1300,300,0.92783105,0.0,225,False,False
cup02_indoor_1@1600B,cup02_indoor_1,1350,250,0.93447423,0.0,275,False,False
cup02_indoor_1@1600B,cup02_indoor_1,1400,200,0.92953056,0.0,325,False,False
cup02_indoor_1@1600B,cup02_indoor_1,1450,150,0.90206385,0.0,375,False,False
cup02_indoor_1@1600B,cup02_indoor_1,1500,100,0.93328047,0.0,425,False,False
cup02_indoor_1@1600B,cup02_indoor_1,1550,50,0.93798834,0.0,475,False,False
cup02_indoor_1@1600B,cup02_indoor_1,1600,0,0.9294689,0.0,525,False,False
cup02_indoor_1@1650B,cup02_indoor_1,50,1600,0.8203355,0.0,21,False,False
cup02_indoor_1@1650B,cup02_indoor_1,100,1550,0.9233134,0.0,71,False,False
cup02_indoor_1@1650B,cup02_indoor_1,200,1450,0.8672467,0.895369211514393,0,False,False
cup02_indoor_1@1650B,cup02_indoor_1,250,1400,0.8567807,0.9056603773584906,0,False,False
cup02_indoor_1@1650B,cup02_indoor_1,400,1250,0.9281516,0.0,71,False,False
cup02_indoor_1@1650B,cup02_indoor_1,550,1100,0.9266665,0.0,221,False,False
cup02_indoor_1@1650B,cup02_indoor_1,600,1050,0.85916317,0.0,271,False,False
cup02_indoor_1@1650B,cup02_indoor_1,650,1000,0.90334237,0.23859191655801826,0,False,False
cup02_indoor_1@1650B,cup02_indoor_1,750,900,0.90628487,0.0,10,False,False
cup02_indoor_1@1650B,cup02_indoor_1,800,850,0.8458528,0.0,60,False,False
cup02_indoor_1@1650B,cup02_indoor_1,850,800,0.92382747,0.0,110,False,False
cup02_indoor_1@1650B,cup02_indoor_1,900,750,0.9394645,0.0,160,False,False
cup02_indoor_1@1650B,cup02_indoor_1,1000,650,0.93592006,0.0,31,False,False
cup02_indoor_1@1650B,cup02_indoor_1,1050,600,0.80416197,0.0,81,False,False
cup02_indoor_1@1650B,cup02_indoor_1,1150,500,0.7990811,0.8771755345599205,0,False,False
cup02_indoor_1@1650B,cup02_indoor_1,1200,450,0.833972,0.9057272190513679,0,False,False
cup02_indoor_1@1650B,cup02_indoor_1,1250,400,0.87270415,0.0,21,False,False
cup02_indoor_1@1650B,cup02_indoor_1,1300,350,0.93188274,0.0,71,False,False
cup02_indoor_1@1650B,cup02_indoor_1,1350,300,0.9297287,0.0,121,False,False
cup02_indoor_1@1650B,cup02_indoor_1,1400,250,0.92725325,0.0,171,False,False
cup02_indoor_1@1650B,cup02_indoor_1,1450,200,0.9241882,0.0,221,False,False
cup02_indoor_1@1650B,cup02_indoor_1,1500,150,0.901459,0.0,271,False,False
cup02_indoor_1@1650B,cup02_indoor_1,1550,100,0.92906886,0.0,321,False,False
cup02_indoor_1@1650B,cup02_indoor_1,1600,50,0.93685955,0.0,371,False,False
cup02_indoor_1@1650B,cup02_indoor_1,1650,0,0.9339828,0.0,421,False,False
cup02_indoor_1@1700B,cup02_indoor_1,50,1650,0.9232782,0.0,14,False,False
cup02_indoor_1@1700B,cup02_indoor_1,100,1600,0.86189055,0.0,64,False,False
cup02_indoor_1@1700B,cup02_indoor_1,150,1550,0.92701876,0.0,114,False,False
cup02_indoor_1@1700B,cup02_indoor_1,300,1400,0.8705941,0.9182389937106918,0,False,False
cup02_indoor_1@1700B,cup02_indoor_1,350,1350,0.7522058,0.8622754491017964,0,False,False
cup02_indoor_1@1700B,cup02_indoor_1,450,1250,0.9362926,0.0,71,False,False
cup02_indoor_1@1700B,cup02_indoor_1,500,1200,0.7950125,0.0,121,False,False
cup02_indoor_1@1700B,cup02_indoor_1,550,1150,0.78610253,0.0,171,False,False
cup02_indoor_1@1700B,cup02_indoor_1,600,1100,0.8901772,0.0,221,False,False
cup02_indoor_1@1700B,cup02_indoor_1,650,1050,0.88242525,0.0,271,False,False
cup02_indoor_1@1700B,cup02_indoor_1,700,1000,0.89141595,0.23491655969191272,0,False,False
cup02_indoor_1@1700B,cup02_indoor_1,800,900,0.8936155,0.0,10,False,False
cup02_indoor_1@1700B,cup02_indoor_1,850,850,0.86745805,0.0,60,False,False
cup02_indoor_1@1700B,cup02_indoor_1,900,800,0.9332248,0.0,110,False,False
cup02_indoor_1@1700B,cup02_indoor_1,950,750,0.94365937,0.0,160,False,False
cup02_indoor_1@1700B,cup02_indoor_1,1000,700,0.898017,0.9452054794520548,0,False,False
cup02_indoor_1@1700B,cup02_indoor_1,1050,650,0.8925228,0.9141595362958874,0,False,False
cup02_indoor_1@1700B,cup02_indoor_1,1100,600,0.93923706,0.9141595362958874,0,False,False
cup02_indoor_1@1700B,cup02_indoor_1,1150,550,0.8753959,0.9663865546218487,0,False,False
cup02_indoor_1@1700B,cup02_indoor_1,1200,500,0.921268,0.0,25,False,False
cup02_indoor_1@1700B,cup02_indoor_1,1250,450,0.93139607,0.0,75,False,False
cup02_indoor_1@1700B,cup02_indoor_1,1300,400,0.8004205,0.0,125,False,False
cup02_indoor_1@1700B,cup02_indoor_1,1350,350,0.9365427,0.0,175,False,False
cup02_indoor_1@1700B,cup02_indoor_1,1400,300,0.9301007,0.0,225,False,False
cup02_indoor_1@1700B,cup02_indoor_1,1450,250,0.9347025,0.0,275,False,False
cup02_indoor_1@1700B,cup02_indoor_1,1500,200,0.93361074,0.0,325,False,False
cup02_indoor_1@1700B,cup02_indoor_1,1550,150,0.9002813,0.0,375,False,False
cup02_indoor_1@1700B,cup02_indoor_1,1600,100,0.9332148,0.0,425,False,False
cup02_indoor_1@1700B,cup02_indoor_1,1650,50,0.93831265,0.0,475,False,False
cup02_indoor_1@1700B,cup02_indoor_1,1700,0,0.9346362,0.0,525,False,False
cup02_indoor_1@1752B,cup02_indoor_1,50,1702,0.8394412,0.8836712913553896,0,True,False
cup02_indoor_1@1752B,cup02_indoor_1,100,1652,0.9070739,0.0,11,False,False
cup02_indoor_1@1752B,cup02_indoor_1,200,1552,0.931306,0.0,111,False,False
cup02_indoor_1@1752B,cup02_indoor_1,250,1502,0.8601518,0.9063745019920318,0,False,False
cup02_indoor_1@1752B,cup02_indoor_1,500,1252,0.92093164,0.0,66,False,False
cup02_indoor_1@1752B,cup02_indoor_1,650,1102,0.9326463,0.0,43,False,False
cup02_indoor_1@1752B,cup02_indoor_1,700,1052,0.88694465,0.0,93,False,False
cup02_indoor_1@1752B,cup02_indoor_1,750,1002,0.8961895,0.03373313343328336,13,False,False
cup02_indoor_1@1752B,cup02_indoor_1,850,902,0.88894665,0.0,8,False,False
cup02_indoor_1@1752B,cup02_indoor_1,900,852,0.88854754,0.0,58,False,False
cup02_indoor_1@1752B,cup02_indoor_1,950,802,0.9307764,0.0,108,False,False
cup02_indoor_1@1752B,cup02_indoor_1,1000,752,0.9406752,0.0,158,False,False
cup02_indoor_1@1752B,cup02_indoor_1,1050,702,0.902696,0.958904109589041,0,False,False
cup02_indoor_1@1752B,cup02_indoor_1,1100,652,0.9216139,0.9141595362958874,0,False,False
cup02_indoor_1@1752B,cup02_indoor_1,1150,602,0.9404752,0.9011595803423523,0,False,False
cup02_indoor_1@1752B,cup02_indoor_1,1200,552,0.8974662,0.8682505399568035,0,False,False
cup02_indoor_1@1752B,cup02_indoor_1,1250,502,0.90771383,0.0,24,False,False
cup02_indoor_1@1752B,cup02_indoor_1,1300,452,0.92922294,0.0,74,False,False
cup02_indoor_1@1752B,cup02_indoor_1,1350,402,0.80437195,0.0,124,False,False
cup02_indoor_1@1752B,cup02_indoor_1,1400,352,0.9356288,0.0,174,False,False
cup02_indoor_1@1752B,cup02_indoor_1,1450,302,0.934481,0.0,224,False,False
cup02_indoor_1@1752B,cup02_indoor_1,1500,252,0.9320777,0.0,274,False,False
cup02_indoor_1@1752B,cup02_indoor_1,1550,202,0.9345204,0.0,324,False,False
cup02_indoor_1@1752B,cup02_indoor_1,1600,152,0.9123862,0.0,374,False,False
cup02_indoor_1@1752B,cup02_indoor_1,1650,102,0.9338688,0.0,424,False,False
cup02_indoor_1@1752B,cup02_indoor_1,1700,52,0.9427924,0.0,474,False,False
cup02_indoor_1@1752B,cup02_indoor_1,1750,2,0.93524045,0.0,524,False,False
cup02_indoor_1@200F,cup02_indoor_1,50,250,0.78691256,0.9394276187829953,0,True,False
cup02_indoor_1@200F,cup02_indoor_1,100,300,0.9281844,0.9258127257571548,0,True,False
cup02_indoor_1@200F,cup02_indoor_1,150,350,0.9344686,0.9388560157790927,0,True,False
cup02_indoor_1@200F,cup02_indoor_1,200,400,0.9061928,0.9014598540145985,0,True,False
cup02_indoor_1@200F,cup02_indoor_1,250,450,0.79220057,0.866998850134151,0,True,False
cup02_indoor_1@200F,cup02_indoor_1,300,500,0.7660121,0.8730778618501343,0,True,False
cup02_indoor_1@200F,cup02_indoor_1,400,600,0.89355886,0.9266927811975377,0,True,False
cup02_indoor_1@200F,cup02_indoor_1,450,650,0.9344906,0.9452054794520548,0,True,False
cup02_indoor_1@200F,cup02_indoor_1,500,700,0.9187247,0.9452054794520548,0,True,False
cup02_indoor_1@200F,cup02_indoor_1,600,800,0.90978205,0.8631961259079903,0,True,False
cup02_indoor_1@200F,cup02_indoor_1,650,850,0.90590006,0.8457888493475683,0,True,False
cup02_indoor_1@200F,cup02_indoor_1,700,900,0.88887906,0.8044692737430168,0,True,False
cup02_indoor_1@200F,cup02_indoor_1,750,950,0.85175556,0.0,2,False,False
cup02_indoor_1@200F,cup02_indoor_1,800,1000,0.92444056,0.25523012552301255,0,False,False
cup02_indoor_1@200F,cup02_indoor_1,900,1100,0.892041,0.0,98,False,False
cup02_indoor_1@200F,cup02_indoor_1,1000,1200,0.789845,0.0,198,False,False
cup02_indoor_1@200F,cup02_indoor_1,1050,1250,0.9331192,0.0,248,False,False
cup02_indoor_1@200F,cup02_indoor_1,1200,1400,0.91436714,0.8930817610062893,0,False,False
cup02_indoor_1@200F,cup02_indoor_1,1350,1550,0.88458633,0.908955223880597,0,False,False
cup02_indoor_1@200F,cup02_indoor_1,1400,1600,0.8177092,0.8147321428571429,0,False,False
cup02_indoor_1@250F,cup02_indoor_1,50,300,0.9450088,0.9530425118088358,0,True,False
cup02_indoor_1@250F,cup02_indoor_1,100,350,0.9446998,0.9526627218934911,0,True,False
cup02_indoor_1@250F,cup02_indoor_1,150,400,0.91164356,0.9474984558369364,0,True,False
cup02_indoor_1@250F,cup02_indoor_1,300,550,0.9402079,0.0,98,False,False
cup02_indoor_1@250F,cup02_indoor_1,350,600,0.9099711,0.0,148,False,False
cup02_indoor_1@250F,cup02_indoor_1,400,650,0.82892746,0.0,198,False,False
cup02_indoor_1@250F,cup02_indoor_1,450,700,0.9164104,0.9452054794520548,0,False,False
cup02_indoor_1@250F,cup02_indoor_1,550,800,0.8938075,0.8709677419354839,0,False,False
cup02_indoor_1@250F,cup02_indoor_1,600,850,0.9277976,0.8664259927797834,0,False,False
cup02_indoor_1@250F,cup02_indoor_1,650,900,0.857015,0.8200455580865603,0,False,False
cup02_indoor_1@250F,cup02_indoor_1,700,950,0.86651534,0.0,2,False,False
cup02_indoor_1@250F,cup02_indoor_1,750,1000,0.921019,0.2361290322580645,0,False,False
cup02_indoor_1@250F,cup02_indoor_1,850,1100,0.9266672,0.0,98,False,False
cup02_indoor_1@250F,cup02_indoor_1,900,1150,0.8936362,0.815347721822542,0,False,False
cup02_indoor_1@250F,cup02_indoor_1,950,1200,0.9352143,0.9188278881778377,0,False,False
cup02_indoor_1@250F,cup02_indoor_1,1000,1250,0.91528064,0.8764632627646326,0,False,False
cup02_indoor_1@250F,cup02_indoor_1,1050,1300,0.9156999,0.9025758205234732,0,False,False
cup02_indoor_1@250F,cup02_indoor_1,1100,1350,0.91719216,0.0,20,False,False
cup02_indoor_1@250F,cup02_indoor_1,1150,1400,0.93671745,0.0,70,False,False
cup02_indoor_1@250F,cup02_indoor_1,1250,1500,0.8363277,0.11255186721991702,0,False,False
cup02_indoor_1@250F,cup02_indoor_1,1300,1550,0.93058884,0.0,27,False,False
cup02_indoor_1@250F,cup02_indoor_1,1350,1600,0.8668309,0.0,77,False,False
cup02_indoor_1@250F,cup02_indoor_1,1400,1650,0.93146276,0.0,127,False,False
cup02_indoor_1@250F,cup02_indoor_1,1450,1700,0.94167787,0.0,177,False,False
cup02_indoor_1@250F,cup02_indoor_1,1500,1750,0.9358942,0.0,227,False,False
cup02_indoor_1@300F,cup02_indoor_1,50,350,0.94468814,0.9664694280078896,0,True,False
cup02_indoor_1@300F,cup02_indoor_1,100,400,0.91093194,0.9474984558369364,0,True,False
cup02_indoor_1@300F,cup02_indoor_1,300,600,0.9323609,0.9452054794520548,0,True,False
cup02_indoor_1@300F,cup02_indoor_1,350,650,0.94155335,0.958904109589041,0,True,False
cup02_indoor_1@300F,cup02_indoor_1,400,700,0.93490595,0.925513698630137,0,True,False
cup02_indoor_1@300F,cup02_indoor_1,500,800,0.89326876,0.8895027624309392,0,True,False
cup02_indoor_1@300F,cup02_indoor_1,550,850,0.92924017,0.8851473241130488,0,True,False
cup02_indoor_1@300F,cup02_indoor_1,600,900,0.811006,0.8385894495412844,0,True,False
cup02_indoor_1@300F,cup02_indoor_1,650,950,0.8308626,0.0,1,False,False
cup02_indoor_1@300F,cup02_indoor_1,700,1000,0.9221886,0.2605042016806723,0,False,False
cup02_indoor_1@300F,cup02_indoor_1,800,1100,0.93115175,0.0,98,False,False
cup02_indoor_1@300F,cup02_indoor_1,850,1150,0.87623143,0.7994241842610365,0,False,False
cup02_indoor_1@300F,cup02_indoor_1,900,1200,0.93128353,0.9188278881778377,0,False,False
cup02_indoor_1@300F,cup02_indoor_1,950,1250,0.9121748,0.8654697491392032,0,False,False
cup02_indoor_1@300F,cup02_indoor_1,1000,1300,0.927826,0.8718577559779277,0,False,False
cup02_indoor_1@300F,cup02_indoor_1,1050,1350,0.9201702,0.0,19,False,False
cup02_indoor_1@300F,cup02_indoor_1,1100,1400,0.9312289,0.0,69,False,False
cup02_indoor_1@300F,cup02_indoor_1,1200,1500,0.8113882,0.11639740491031675,0,False,False
cup02_indoor_1@300F,cup02_indoor_1,1250,1550,0.92694753,0.0,27,False,False
cup02_indoor_1@300F,cup02_indoor_1,1300,1600,0.81037235,0.0,77,False,False
cup02_indoor_1@300F,cup02_indoor_1,1350,1650,0.9347829,0.0,127,False,False
cup02_indoor_1@300F,cup02_indoor_1,1400,1700,0.9417734,0.0,177,False,False
cup02_indoor_1@300F,cup02_indoor_1,1450,1750,0.93534607,0.0,227,False,False
cup02_indoor_1@350F,cup02_indoor_1,50,400,0.9086324,0.9320148331273177,0,True,False
cup02_indoor_1@350F,cup02_indoor_1,200,550,0.93950427,0.0,95,False,False
cup02_indoor_1@350F,cup02_indoor_1,250,600,0.915854,0.0,145,False,False
cup02_indoor_1@350F,cup02_indoor_1,300,650,0.89881665,0.0,195,False,False
cup02_indoor_1@350F,cup02_indoor_1,350,700,0.9075937,0.9452054794520548,0,False,False
cup02_indoor_1@350F,cup02_indoor_1,450,800,0.89794207,0.8709677419354839,0,False,False
cup02_indoor_1@350F,cup02_indoor_1,500,850,0.9281198,0.8414959928762245,0,False,False
cup02_indoor_1@350F,cup02_indoor_1,550,900,0.8958447,0.8200455580865603,0,False,False
cup02_indoor_1@350F,cup02_indoor_1,600,950,0.883666,0.0,2,False,False
cup02_indoor_1@350F,cup02_indoor_1,650,1000,0.9274099,0.25523012552301255,0,False,False
cup02_indoor_1@350F,cup02_indoor_1,750,1100,0.9171004,0.0,98,False,False
cup02_indoor_1@350F,cup02_indoor_1,800,1150,0.9165885,0.7785155323689827,0,False,False
cup02_indoor_1@350F,cup02_indoor_1,850,1200,0.9326514,0.9188278881778377,0,False,False
cup02_indoor_1@350F,cup02_indoor_1,900,1250,0.9133941,0.863760896637609,0,False,False
cup02_indoor_1@350F,cup02_indoor_1,950,1300,0.9215502,0.8749480681346073,0,False,False
cup02_indoor_1@350F,cup02_indoor_1,1000,1350,0.9203594,0.0,18,False,False
cup02_indoor_1@350F,cup02_indoor_1,1050,1400,0.9350212,0.0,68,False,False
cup02_indoor_1@350F,cup02_indoor_1,1200,1550,0.86394477,0.924361244624336,0,False,False
cup02_indoor_1@350F,cup02_indoor_1,1250,1600,0.840065,0.8147321428571429,0,False,False
cup02_indoor_1@350F,cup02_indoor_1,1300,1650,0.931328,0.0,30,False,False
cup02_indoor_1@350F,cup02_indoor_1,1350,1700,0.9408512,0.0,80,False,False
cup02_indoor_1@350F,cup02_indoor_1,1400,1750,0.9327068,0.0,130,False,False
cup02_indoor_1@400F,cup02_indoor_1,50,450,0.8909283,0.8953307392996109,0,True,False
cup02_indoor_1@400F,cup02_indoor_1,100,500,0.8881176,0.8891374596072583,0,True,False
cup02_indoor_1@400F,cup02_indoor_1,200,600,0.9043902,0.0,54,False,False
cup02_indoor_1@400F,cup02_indoor_1,300,700,0.92280364,0.0,154,False,False
cup02_indoor_1@400F,cup02_indoor_1,350,750,0.9371974,0.0,204,False,False
cup02_indoor_1@400F,cup02_indoor_1,400,800,0.8653384,0.0,254,False,False
cup02_indoor_1@400F,cup02_indoor_1,450,850,0.9352594,0.0,304,False,False
cup02_indoor_1@400F,cup02_indoor_1,500,900,0.8077131,0.0,354,False,False
cup02_indoor_1@400F,cup02_indoor_1,550,950,0.8922344,0.0,404,False,False
cup02_indoor_1@400F,cup02_indoor_1,600,1000,0.85090584,0.0,44,False,False
cup02_indoor_1@400F,cup02_indoor_1,700,1100,0.9242226,0.8584607914542365,0,False,False
cup02_indoor_1@400F,cup02_indoor_1,750,1150,0.91679317,0.815347721822542,0,False,False
cup02_indoor_1@400F,cup02_indoor_1,800,1200,0.9318348,0.9188278881778377,0,False,False
cup02_indoor_1@400F,cup02_indoor_1,850,1250,0.9073923,0.8654697491392032,0,False,False
cup02_indoor_1@400F,cup02_indoor_1,900,1300,0.8992049,0.8609975470155355,0,False,False
cup02_indoor_1@400F,cup02_indoor_1,950,1350,0.90927315,0.0,17,False,False
cup02_indoor_1@400F,cup02_indoor_1,1000,1400,0.9332706,0.0,67,False,False
cup02_indoor_1@400F,cup02_indoor_1,1150,1550,0.8853237,0.8941733067729084,0,False,False
cup02_indoor_1@400F,cup02_indoor_1,1200,1600,0.88126034,0.8035714285714286,0,False,False
cup02_indoor_1@400F,cup02_indoor_1,1300,1700,0.77102834,0.0,47,False,False
cup02_indoor_1@400F,cup02_indoor_1,1350,1750,0.9234006,0.0,97,False,False
cup02_indoor_1@450F,cup02_indoor_1,50,500,0.8962579,0.8891374596072583,0,True,False
cup02_indoor_1@450F,cup02_indoor_1,100,550,0.7681494,0.0,5,False,False
cup02_indoor_1@450F,cup02_indoor_1,200,650,0.9371791,0.0,105,False,False
cup02_indoor_1@450F,cup02_indoor_1,250,700,0.8103101,0.9076406381192276,0,False,False
cup02_indoor_1@450F,cup02_indoor_1,300,750,0.78139657,0.8778265271684104,0,False,False
cup02_indoor_1@450F,cup02_indoor_1,350,800,0.9071331,0.8685543964232488,0,False,False
cup02_indoor_1@450F,cup02_indoor_1,400,850,0.9013857,0.8851473241130488,0,False,False
cup02_indoor_1@450F,cup02_indoor_1,450,900,0.8715982,0.8165829145728644,0,False,False
cup02_indoor_1@450F,cup02_indoor_1,550,1000,0.9104365,0.25855836699978735,0,False,False
cup02_indoor_1@450F,cup02_indoor_1,650,1100,0.90084434,0.0,98,False,False
cup02_indoor_1@450F,cup02_indoor_1,700,1150,0.8890171,0.0,148,False,False
cup02_indoor_1@450F,cup02_indoor_1,750,1200,0.7908556,0.0,198,False,False
cup02_indoor_1@450F,cup02_indoor_1,800,1250,0.9302852,0.0,248,False,False
cup02_indoor_1@450F,cup02_indoor_1,850,1300,0.7758793,0.0,298,False,False
cup02_indoor_1@450F,cup02_indoor_1,900,1350,0.7956232,0.8452323909918543,0,False,False
cup02_indoor_1@450F,cup02_indoor_1,950,1400,0.8754853,0.9056603773584906,0,False,False
cup02_indoor_1@450F,cup02_indoor_1,1100,1550,0.86769116,0.908955223880597,0,False,False
cup02_indoor_1@450F,cup02_indoor_1,1150,1600,0.9198305,0.8147321428571429,0,False,False
cup02_indoor_1@450F,cup02_indoor_1,1250,1700,0.9290572,0.8578378378378378,0,False,False
cup02_indoor_1@450F,cup02_indoor_1,1300,1750,0.9141469,0.8764864864864865,0,False,False
cup02_indoor_1@500F,cup02_indoor_1,100,600,0.923283,0.9205372132064913,0,True,False
cup02_indoor_1@500F,cup02_indoor_1,150,650,0.93790305,0.9452054794520548,0,True,False
cup02_indoor_1@500F,cup02_indoor_1,200,700,0.9282615,0.9389269406392694,0,True,False
cup02_indoor_1@500F,cup02_indoor_1,300,800,0.9030802,0.8895027624309392,0,True,False
cup02_indoor_1@500F,cup02_indoor_1,350,850,0.92025375,0.8851473241130488,0,True,False
cup02_indoor_1@500F,cup02_indoor_1,400,900,0.8303193,0.8151712425700538,0,True,False
cup02_indoor_1@500F,cup02_indoor_1,500,1000,0.9167502,0.25615236464797775,0,False,False
cup02_indoor_1@500F,cup02_indoor_1,600,1100,0.9293894,0.0,98,False,False
cup02_indoor_1@500F,cup02_indoor_1,650,1150,0.8820257,0.8273381294964028,0,False,False
cup02_indoor_1@500F,cup02_indoor_1,700,1200,0.9297876,0.9476923076923077,0,False,False
cup02_indoor_1@500F,cup02_indoor_1,750,1250,0.91683394,0.8487084870848709,0,False,False
cup02_indoor_1@500F,cup02_indoor_1,800,1300,0.92041296,0.9025758205234732,0,False,False
cup02_indoor_1@500F,cup02_indoor_1,850,1350,0.92405826,0.0,19,False,False
cup02_indoor_1@500F,cup02_indoor_1,900,1400,0.93612844,0.0,69,False,False
cup02_indoor_1@500F,cup02_indoor_1,1000,1500,0.787361,0.11853173591639052,0,False,False
cup02_indoor_1@500F,cup02_indoor_1,1050,1550,0.93077517,0.0,27,False,False
cup02_indoor_1@500F,cup02_indoor_1,1100,1600,0.83236027,0.0,77,False,False
cup02_indoor_1@500F,cup02_indoor_1,1150,1650,0.93513453,0.0,127,False,False
cup02_indoor_1@500F,cup02_indoor_1,1200,1700,0.942021,0.0,177,False,False
cup02_indoor_1@500F,cup02_indoor_1,1250,1750,0.93247336,0.0,227,False,False
cup02_indoor_1@50F,cup02_indoor_1,50,100,0.8840168,0.8040180401804018,0,True,False
cup02_indoor_1@50F,cup02_indoor_1,100,150,0.9422341,0.9423643247791333,0,True,False
cup02_indoor_1@50F,cup02_indoor_1,150,200,0.9296354,0.953125,0,True,False
cup02_indoor_1@50F,cup02_indoor_1,200,250,0.90232664,0.9258127257571548,0,True,False
cup02_indoor_1@50F,cup02_indoor_1,250,300,0.9399694,0.9121978327313143,0,True,False
cup02_indoor_1@50F,cup02_indoor_1,300,350,0.94374573,0.9199549041713642,0,True,False
cup02_indoor_1@50F,cup02_indoor_1,350,400,0.9153709,0.9432860717264387,0,True,False
cup02_indoor_1@50F,cup02_indoor_1,450,500,0.82154804,0.8891374596072583,0,True,False
cup02_indoor_1@50F,cup02_indoor_1,550,600,0.9310911,0.9076406381192276,0,True,False
cup02_indoor_1@50F,cup02_indoor_1,600,650,0.93618184,0.9452054794520548,0,True,False
cup02_indoor_1@50F,cup02_indoor_1,650,700,0.9318527,0.9452054794520548,0,True,False
cup02_indoor_1@50F,cup02_indoor_1,750,800,0.90078026,0.8895027624309392,0,True,False
cup02_indoor_1@50F,cup02_indoor_1,800,850,0.9164981,0.8414959928762245,0,True,False
cup02_indoor_1@50F,cup02_indoor_1,850,900,0.8694691,0.8373151308304891,0,True,False
cup02_indoor_1@50F,cup02_indoor_1,900,950,0.7801991,0.0,1,False,False
cup02_indoor_1@50F,cup02_indoor_1,950,1000,0.92595774,0.23989512781297792,0,False,False
cup02_indoor_1@50F,cup02_indoor_1,1050,1100,0.92475617,0.0,98,False,False
cup02_indoor_1@50F,cup02_indoor_1,1100,1150,0.85665786,0.7938388625592417,0,False,False
cup02_indoor_1@50F,cup02_indoor_1,1150,1200,0.9333504,0.9188278881778377,0,False,False
cup02_indoor_1@50F,cup02_indoor_1,1200,1250,0.9148079,0.852926709296606,0,False,False
cup02_indoor_1@50F,cup02_indoor_1,1250,1300,0.9231508,0.8749480681346073,0,False,False
cup02_indoor_1@50F,cup02_indoor_1,1300,1350,0.91671765,0.0,20,False,False
cup02_indoor_1@50F,cup02_indoor_1,1350,1400,0.9287296,0.0,70,False,False
cup02_indoor_1@50F,cup02_indoor_1,1450,1500,0.79206014,0.11769172361427487,0,False,False
cup02_indoor_1@50F,cup02_indoor_1,1500,1550,0.9277043,0.0,27,False,False
cup02_indoor_1@50F,cup02_indoor_1,1550,1600,0.81118536,0.0,77,False,False
cup02_indoor_1@50F,cup02_indoor_1,1600,1650,0.93292624,0.0,127,False,False
cup02_indoor_1@50F,cup02_indoor_1,1650,1700,0.94156986,0.0,177,False,False
cup02_indoor_1@50F,cup02_indoor_1,1700,1750,0.93187726,0.0,227,False,False
cup02_indoor_1@550F,cup02_indoor_1,50,600,0.9341095,0.8777808294424608,0,True,False
cup02_indoor_1@550F,cup02_indoor_1,100,650,0.94115174,0.8947368421052632,0,True,False
cup02_indoor_1@550F,cup02_indoor_1,150,700,0.92767715,0.9076406381192276,0,True,False
cup02_indoor_1@550F,cup02_indoor_1,250,800,0.90132815,0.8895027624309392,0,True,False
cup02_indoor_1@550F,cup02_indoor_1,300,850,0.92171705,0.8594306049822064,0,True,False
cup02_indoor_1@550F,cup02_indoor_1,350,900,0.8389234,0.8200455580865603,0,True,False
cup02_indoor_1@550F,cup02_indoor_1,550,1100,0.8940174,0.8874059694248969,0,False,False
cup02_indoor_1@550F,cup02_indoor_1,600,1150,0.92798233,0.8056872037914692,0,False,False
cup02_indoor_1@550F,cup02_indoor_1,650,1200,0.9339327,0.9188278881778377,0,False,False
cup02_indoor_1@550F,cup02_indoor_1,700,1250,0.91159505,0.8592777085927771,0,False,False
cup02_indoor_1@550F,cup02_indoor_1,750,1300,0.88692003,0.8911508101371002,0,False,False
cup02_indoor_1@550F,cup02_indoor_1,800,1350,0.90391916,0.0,21,False,False
cup02_indoor_1@550F,cup02_indoor_1,850,1400,0.9386553,0.0,71,False,False
cup02_indoor_1@550F,cup02_indoor_1,950,1500,0.83450943,0.12603305785123967,0,False,False
cup02_indoor_1@550F,cup02_indoor_1,1000,1550,0.9262257,0.0,28,False,False
cup02_indoor_1@550F,cup02_indoor_1,1050,1600,0.8646854,0.0,78,False,False
cup02_indoor_1@550F,cup02_indoor_1,1100,1650,0.92891747,0.0,128,False,False
cup02_indoor_1@550F,cup02_indoor_1,1150,1700,0.939351,0.0,178,False,False
cup02_indoor_1@550F,cup02_indoor_1,1200,1750,0.9281258,0.0,228,False,False
cup02_indoor_1@600F,cup02_indoor_1,50,650,0.9461667,0.9452054794520548,0,True,False
cup02_indoor_1@600F,cup02_indoor_1,100,700,0.9301543,0.925513698630137,0,True,False
cup02_indoor_1@600F,cup02_indoor_1,200,800,0.91739684,0.8631961259079903,0,True,False
cup02_indoor_1@600F,cup02_indoor_1,250,850,0.93143207,0.8528880866425993,0,True,False
cup02_indoor_1@600F,cup02_indoor_1,300,900,0.87057644,0.8200455580865603,0,True,False
cup02_indoor_1@600F,cup02_indoor_1,350,950,0.8607401,0.0,2,False,False
cup02_indoor_1@600F,cup02_indoor_1,400,1000,0.9300136,0.2579568217226797,0,False,False
cup02_indoor_1@600F,cup02_indoor_1,500,1100,0.88007975,0.0,98,False,False
cup02_indoor_1@600F,cup02_indoor_1,550,1150,0.87767804,0.7938388625592417,0,False,False
cup02_indoor_1@600F,cup02_indoor_1,600,1200,0.93422866,0.9188278881778377,0,False,False
cup02_indoor_1@600F,cup02_indoor_1,650,1250,0.91323,0.863760896637609,0,False,False
cup02_indoor_1@600F,cup02_indoor_1,700,1300,0.87544894,0.8911508101371002,0,False,False
cup02_indoor_1@600F,cup02_indoor_1,750,1350,0.92021734,0.0,19,False,False
cup02_indoor_1@600F,cup02_indoor_1,800,1400,0.9329862,0.0,69,False,False
cup02_indoor_1@600F,cup02_indoor_1,900,1500,0.8480233,0.13025210084033614,0,False,False
cup02_indoor_1@600F,cup02_indoor_1,1000,1600,0.8401839,0.0,57,False,False
cup02_indoor_1@600F,cup02_indoor_1,1050,1650,0.93060285,0.0,107,False,False
cup02_indoor_1@600F,cup02_indoor_1,1100,1700,0.9335864,0.0,157,False,False
cup02_indoor_1@600F,cup02_indoor_1,1150,1750,0.9314034,0.0,207,False,False
cup02_indoor_1@650F,cup02_indoor_1,50,700,0.93064183,0.925513698630137,0,True,False
cup02_indoor_1@650F,cup02_indoor_1,150,800,0.91220546,0.8631961259079903,0,True,False
cup02_indoor_1@650F,cup02_indoor_1,200,850,0.9309914,0.8414959928762245,0,True,False
cup02_indoor_1@650F,cup02_indoor_1,250,900,0.8113717,0.8309290248124639,0,True,False
cup02_indoor_1@650F,cup02_indoor_1,300,950,0.8776655,0.0,2,False,False
cup02_indoor_1@650F,cup02_indoor_1,350,1000,0.92985064,0.25523012552301255,0,False,False
cup02_indoor_1@650F,cup02_indoor_1,500,1150,0.9143272,0.0,148,False,False
cup02_indoor_1@650F,cup02_indoor_1,550,1200,0.94094485,0.0,198,False,False
cup02_indoor_1@650F,cup02_indoor_1,600,1250,0.9382676,0.0,248,False,False
cup02_indoor_1@650F,cup02_indoor_1,650,1300,0.91695046,0.0,298,False,False
cup02_indoor_1@650F,cup02_indoor_1,700,1350,0.7937436,0.0,20,False,False
cup02_indoor_1@650F,cup02_indoor_1,750,1400,0.93230534,0.0,70,False,False
cup02_indoor_1@650F,cup02_indoor_1,850,1500,0.853824,0.12112529304506382,0,False,False
cup02_indoor_1@650F,cup02_indoor_1,900,1550,0.93056834,0.0,25,False,False
cup02_indoor_1@650F,cup02_indoor_1,950,1600,0.8346375,0.0,75,False,False
cup02_indoor_1@650F,cup02_indoor_1,1000,1650,0.9354916,0.0,125,False,False
cup02_indoor_1@650F,cup02_indoor_1,1050,1700,0.9370196,0.0,175,False,False
cup02_indoor_1@650F,cup02_indoor_1,1100,1750,0.9357079,0.0,225,False,False
cup02_indoor_1@700F,cup02_indoor_1,100,800,0.90713537,0.8631961259079903,0,True,False
cup02_indoor_1@700F,cup02_indoor_1,150,850,0.92454255,0.8414959928762245,0,True,False
cup02_indoor_1@700F,cup02_indoor_1,200,900,0.8641628,0.8436688779925007,0,True,False
cup02_indoor_1@700F,cup02_indoor_1,250,950,0.86893845,0.0,1,False,False
cup02_indoor_1@700F,cup02_indoor_1,300,1000,0.9198866,0.25523012552301255,0,False,False
cup02_indoor_1@700F,cup02_indoor_1,400,1100,0.78357464,0.0,98,False,False
cup02_indoor_1@700F,cup02_indoor_1,450,1150,0.9253209,0.0,148,False,False
cup02_indoor_1@700F,cup02_indoor_1,500,1200,0.94077563,0.0,198,False,False
cup02_indoor_1@700F,cup02_indoor_1,550,1250,0.9336975,0.0,248,False,False
cup02_indoor_1@700F,cup02_indoor_1,600,1300,0.90940535,0.0,298,False,False
cup02_indoor_1@700F,cup02_indoor_1,700,1400,0.9366347,0.0,71,False,False
cup02_indoor_1@700F,cup02_indoor_1,800,1500,0.8411444,0.11853173591639052,0,False,False
cup02_indoor_1@700F,cup02_indoor_1,850,1550,0.93266255,0.0,26,False,False
cup02_indoor_1@700F,cup02_indoor_1,900,1600,0.861647,0.0,76,False,False
cup02_indoor_1@700F,cup02_indoor_1,950,1650,0.936911,0.0,126,False,False
cup02_indoor_1@700F,cup02_indoor_1,1000,1700,0.93681115,0.0,176,False,False
cup02_indoor_1@700F,cup02_indoor_1,1050,1750,0.9347894,0.0,226,False,False
cup02_indoor_1@750F,cup02_indoor_1,50,800,0.75133616,0.8825633383010432,0,True,False
cup02_indoor_1@750F,cup02_indoor_1,100,850,0.85125166,0.8713168971737824,0,True,False
cup02_indoor_1@750F,cup02_indoor_1,150,900,0.75311714,0.8856635071090048,0,True,False
cup02_indoor_1@750F,cup02_indoor_1,250,1000,0.9107338,0.2510656436487639,0,False,False
cup02_indoor_1@750F,cup02_indoor_1,500,1250,0.9251743,0.0,248,False,False
cup02_indoor_1@750F,cup02_indoor_1,850,1600,0.778527,0.0,57,False,False
cup02_indoor_1@750F,cup02_indoor_1,900,1650,0.88944554,0.0,107,False,False
cup02_indoor_1@750F,cup02_indoor_1,950,1700,0.9242319,0.0,157,False,False
cup02_indoor_1@750F,cup02_indoor_1,1000,1750,0.91867393,0.0,207,False,False
cup02_indoor_1@800F,cup02_indoor_1,50,850,0.91950303,0.8851473241130488,0,True,False
cup02_indoor_1@800F,cup02_indoor_1,100,900,0.896589,0.861671469740634,0,True,False
cup02_indoor_1@800F,cup02_indoor_1,150,950,0.88429177,0.0,1,False,False
cup02_indoor_1@800F,cup02_indoor_1,200,1000,0.9248301,0.23859191655801826,0,False,False
cup02_indoor_1@800F,cup02_indoor_1,300,1100,0.87367284,0.0,98,False,False
cup02_indoor_1@800F,cup02_indoor_1,350,1150,0.9256744,0.0,148,False,False
cup02_indoor_1@800F,cup02_indoor_1,400,1200,0.94241697,0.0,198,False,False
cup02_indoor_1@800F,cup02_indoor_1,450,1250,0.94287866,0.0,248,False,False
cup02_indoor_1@800F,cup02_indoor_1,500,1300,0.9098472,0.0,298,False,False
cup02_indoor_1@800F,cup02_indoor_1,550,1350,0.7787802,0.0,19,False,False
cup02_indoor_1@800F,cup02_indoor_1,600,1400,0.9298353,0.0,69,False,False
cup02_indoor_1@800F,cup02_indoor_1,700,1500,0.7758308,0.12930135557872785,0,False,False
cup02_indoor_1@800F,cup02_indoor_1,750,1550,0.92304885,0.0,26,False,False
cup02_indoor_1@800F,cup02_indoor_1,800,1600,0.7617957,0.0,76,False,False
cup02_indoor_1@800F,cup02_indoor_1,900,1700,0.85847557,0.0,47,False,False
cup02_indoor_1@800F,cup02_indoor_1,950,1750,0.9218336,0.0,97,False,False
cup02_indoor_1@850F,cup02_indoor_1,50,900,0.88636357,0.8373151308304891,0,True,False
cup02_indoor_1@850F,cup02_indoor_1,100,950,0.88682693,0.0,2,False,False
cup02_indoor_1@850F,cup02_indoor_1,150,1000,0.9293627,0.25523012552301255,0,False,False
cup02_indoor_1@850F,cup02_indoor_1,250,1100,0.83103615,0.0,98,False,False
cup02_indoor_1@850F,cup02_indoor_1,300,1150,0.92463464,0.0,148,False,False
cup02_indoor_1@850F,cup02_indoor_1,350,1200,0.94316953,0.0,198,False,False
cup02_indoor_1@850F,cup02_indoor_1,400,1250,0.9383708,0.0,248,False,False
cup02_indoor_1@850F,cup02_indoor_1,450,1300,0.9236334,0.0,298,False,False
cup02_indoor_1@850F,cup02_indoor_1,550,1400,0.918699,0.0,30,False,False
cup02_indoor_1@850F,cup02_indoor_1,750,1600,0.8120885,0.0,55,False,False
cup02_indoor_1@850F,cup02_indoor_1,800,1650,0.92330456,0.0,105,False,False
cup02_indoor_1@850F,cup02_indoor_1,850,1700,0.931683,0.0,155,False,False
cup02_indoor_1@850F,cup02_indoor_1,900,1750,0.92743284,0.0,205,False,False
cup02_indoor_1@900B,cup02_indoor_1,50,850,0.8884277,0.8594306049822064,0,True,False
cup02_indoor_1@900B,cup02_indoor_1,100,800,0.9329127,0.8631961259079903,0,True,False
cup02_indoor_1@900B,cup02_indoor_1,150,750,0.7673566,0.8291307232913072,0,True,False
cup02_indoor_1@900B,cup02_indoor_1,200,700,0.8483971,0.0,23,False,False
cup02_indoor_1@900B,cup02_indoor_1,250,650,0.82791394,0.0,73,False,False
cup02_indoor_1@900B,cup02_indoor_1,350,550,0.75316197,0.9216589861751152,0,False,False
cup02_indoor_1@900B,cup02_indoor_1,400,500,0.92052966,0.0,25,False,False
cup02_indoor_1@900B,cup02_indoor_1,450,450,0.93149555,0.0,75,False,False
cup02_indoor_1@900B,cup02_indoor_1,500,400,0.8833287,0.0,125,False,False
cup02_indoor_1@900B,cup02_indoor_1,550,350,0.93504834,0.0,175,False,False
cup02_indoor_1@900B,cup02_indoor_1,600,300,0.9293525,0.0,225,False,False
cup02_indoor_1@900B,cup02_indoor_1,650,250,0.9292666,0.0,275,False,False
cup02_indoor_1@900B,cup02_indoor_1,700,200,0.93153703,0.0,325,False,False
cup02_indoor_1@900B,cup02_indoor_1,750,150,0.8945702,0.0,375,False,False
cup02_indoor_1@900B,cup02_indoor_1,800,100,0.93356586,0.0,425,False,False
cup02_indoor_1@900B,cup02_indoor_1,850,50,0.9407514,0.0,475,False,False
cup02_indoor_1@900B,cup02_indoor_1,900,0,0.93256164,0.0,525,False,False
cup02_indoor_1@958B,cup02_indoor_1,100,858,0.9090493,0.0,52,False,False
cup02_indoor_1@958B,cup02_indoor_1,150,808,0.9186136,0.0,102,False,False
cup02_indoor_1@958B,cup02_indoor_1,200,758,0.9373894,0.0,152,False,False
cup02_indoor_1@958B,cup02_indoor_1,300,658,0.93845415,0.0,24,False,False
cup02_indoor_1@958B,cup02_indoor_1,350,608,0.8903818,0.0,74,False,False
cup02_indoor_1@958B,cup02_indoor_1,450,508,0.91373295,0.0,19,False,False
cup02_indoor_1@958B,cup02_indoor_1,500,458,0.92461604,0.0,69,False,False
cup02_indoor_1@958B,cup02_indoor_1,600,358,0.92081404,0.0,169,False,False
cup02_indoor_1@958B,cup02_indoor_1,650,308,0.85727566,0.0,219,False,False
cup02_indoor_1@958B,cup02_indoor_1,700,258,0.9300522,0.0,269,False,False
cup02_indoor_1@958B,cup02_indoor_1,750,208,0.9303615,0.0,319,False,False
cup02_indoor_1@958B,cup02_indoor_1,800,158,0.7520982,0.0,369,False,False
cup02_indoor_1@958B,cup02_indoor_1,850,108,0.9273023,0.0,419,False,False
cup02_indoor_1@958B,cup02_indoor_1,900,58,0.93656105,0.0,469,False,False
cup02_indoor_1@958B,cup02_indoor_1,950,8,0.93353987,0.0,519,False,False
duck03_wild_1@0F,duck03_wild_1,50,50,0.88315445,0.9023372287145242,0,True,False
duck03_wild_1@0F,duck03_wild_1,100,100,0.84708863,0.8839285714285714,0,True,False
duck03_wild_1@0F,duck03_wild_1,150,150,0.87490296,0.8488745980707395,0,True,False
duck03_wild_1@0F,duck03_wild_1,200,200,0.8313581,0.9272727272727272,0,True,False
duck03_wild_1@100F,duck03_wild_1,50,150,0.8204074,0.8488745980707395,0,True,False
duck03_wild_1@100F,duck03_wild_1,100,200,0.82809585,0.9138014527845036,0,True,False
duck03_wild_1@150B,duck03_wild_1,100,50,0.8775224,0.8347490347490347,0,True,False
duck03_wild_1@150B,duck03_wild_1,150,0,0.8692665,0.6875416389073951,0,True,False
duck03_wild_1@200B,duck03_wild_1,50,150,0.84544533,0.832807570977918,0,True,False
duck03_wild_1@200B,duck03_wild_1,100,100,0.8029657,0.7586206896551724,0,True,False
duck03_wild_1@200B,duck03_wild_1,150,50,0.8878825,0.8679245283018868,0,True,False
duck03_wild_1@200B,duck03_wild_1,200,0,0.86293185,0.7684288905435592,0,True,False
duck03_wild_1@217B,duck03_wild_1,50,167,0.8329187,0.7587382779198636,0,True,False
duck03_wild_1@217B,duck03_wild_1,150,67,0.81332093,0.8609486679662118,0,True,False
duck03_wild_1@217B,duck03_wild_1,200,17,0.88416415,0.7522219229733369,0,True,False
duck03_wild_1@50F,duck03_wild_1,50,100,0.84678245,0.868421052631579,0,True,False
duck03_wild_1@50F,duck03_wild_1,100,150,0.868872,0.832807570977918,0,True,False
duck03_wild_1@50F,duck03_wild_1,150,200,0.8178949,0.9138014527845036,0,True,False
duck03_wild_2@0F,duck03_wild_2,50,50,0.8879093,0.8825453464168896,0,True,False
duck03_wild_2@0F,duck03_wild_2,100,100,0.87632567,0.96,0,True,False
duck03_wild_2@0F,duck03_wild_2,150,150,0.779741,0.888,0,True,False
duck03_wild_2@100F,duck03_wild_2,100,200,0.8103543,0.7444168734491315,0,True,False
duck03_wild_2@150B,duck03_wild_2,50,100,0.88981,0.9429892141756548,0,True,False
duck03_wild_2@150B,duck03_wild_2,100,50,0.8881148,0.9322033898305084,0,True,False
duck03_wild_2@150B,duck03_wild_2,150,0,0.8648829,0.9615384615384616,0,True,False
duck03_wild_2@200B,duck03_wild_2,50,150,0.8342537,0.8449951409135082,0,True,False
duck03_wild_2@200B,duck03_wild_2,100,100,0.8976429,0.8890949554896143,0,True,False
duck03_wild_2@200B,duck03_wild_2,150,50,0.88153666,0.8666666666666667,0,True,False
duck03_wild_2@200B,duck03_wild_2,200,0,0.857289,0.9074074074074074,0,True,False
duck03_wild_2@246B,duck03_wild_2,50,196,0.8884835,0.8702101359703337,0,True,False
duck03_wild_2@246B,duck03_wild_2,100,146,0.8827379,0.8823529411764706,0,True,False
duck03_wild_2@246B,duck03_wild_2,150,96,0.9101013,0.9265858873841768,0,True,False
duck03_wild_2@246B,duck03_wild_2,200,46,0.8588047,0.849465744814582,0,True,False
duck03_wild_2@50F,duck03_wild_2,50,100,0.8732061,0.9795918367346939,0,True,False
duck03_wild_2@50F,duck03_wild_2,100,150,0.8402819,0.8929110105580694,0,True,False
duck03_wild_2@50F,duck03_wild_2,150,200,0.8559813,0.8697729988052568,0,True,False
earphone01_indoor_1@0F,earphone01_indoor_1,50,50,0.83747464,0.8634350967140527,0,True,False
earphone01_indoor_1@0F,earphone01_indoor_1,100,100,0.8642021,0.8668767231193383,0,True,False
earphone01_indoor_1@0F,earphone01_indoor_1,150,150,0.93125826,0.9227384495923385,0,True,False
earphone01_indoor_1@0F,earphone01_indoor_1,200,200,0.9346804,0.9182968929804373,0,True,False
earphone01_indoor_1@0F,earphone01_indoor_1,250,250,0.9085411,0.8634468380820014,0,True,False
earphone01_indoor_1@0F,earphone01_indoor_1,300,300,0.94229215,0.9498458042525564,0,True,False
earphone01_indoor_1@0F,earphone01_indoor_1,350,350,0.85022694,0.7637906647807637,0,True,False
earphone01_indoor_1@0F,earphone01_indoor_1,400,400,0.78942275,0.8665021929824561,0,True,False
earphone01_indoor_1@0F,earphone01_indoor_1,450,450,0.7890093,0.7671978751660027,0,True,False
earphone01_indoor_1@0F,earphone01_indoor_1,500,500,0.8213466,0.5906389301634473,0,True,False
earphone01_indoor_1@0F,earphone01_indoor_1,550,550,0.7850483,0.7373064458048254,0,True,False
earphone01_indoor_1@0F,earphone01_indoor_1,700,700,0.7919012,0.6179871520342612,0,True,False
earphone01_indoor_1@0F,earphone01_indoor_1,750,750,0.76326275,0.949,0,True,False
earphone01_indoor_1@0F,earphone01_indoor_1,900,900,0.8382194,0.9130634071810543,0,True,False
earphone01_indoor_1@0F,earphone01_indoor_1,950,950,0.9348171,0.9161535438228744,0,True,False
earphone01_indoor_1@0F,earphone01_indoor_1,1000,1000,0.94352305,0.8795180722891566,0,True,False
earphone01_indoor_1@0F,earphone01_indoor_1,1050,1050,0.88804215,0.8933764135702746,0,True,False
earphone01_indoor_1@1000B,earphone01_indoor_1,50,950,0.92492276,0.9161535438228744,0,True,False
earphone01_indoor_1@1000B,earphone01_indoor_1,350,650,0.76149654,0.2641656897225479,0,True,False
earphone01_indoor_1@1000B,earphone01_indoor_1,400,600,0.80597734,0.3172664245625619,0,True,False
earphone01_indoor_1@1000B,earphone01_indoor_1,700,300,0.93738884,0.8922980588603632,0,False,False
earphone01_indoor_1@1000B,earphone01_indoor_1,750,250,0.9068017,0.885286783042394,0,False,False
earphone01_indoor_1@1000B,earphone01_indoor_1,800,200,0.9520648,0.9200896191187453,0,False,False
earphone01_indoor_1@1000B,earphone01_indoor_1,850,150,0.9161023,0.959936949954026,0,False,False
earphone01_indoor_1@1000B,earphone01_indoor_1,900,100,0.85851514,0.8668767231193383,0,False,False
earphone01_indoor_1@1000B,earphone01_indoor_1,1000,0,0.91976583,0.9099637044842525,0,False,False
earphone01_indoor_1@100F,earphone01_indoor_1,50,150,0.9321911,0.9455298227455039,0,True,False
earphone01_indoor_1@100F,earphone01_indoor_1,100,200,0.92993844,0.9182968929804373,0,True,False
earphone01_indoor_1@100F,earphone01_indoor_1,150,250,0.9320327,0.8871919472405415,0,True,False
earphone01_indoor_1@100F,earphone01_indoor_1,200,300,0.94464475,0.9265357821405953,0,True,False
earphone01_indoor_1@100F,earphone01_indoor_1,250,350,0.77840155,0.7905670971364402,0,True,False
earphone01_indoor_1@100F,earphone01_indoor_1,300,400,0.77279305,0.888014360673847,0,True,False
earphone01_indoor_1@100F,earphone01_indoor_1,350,450,0.7570333,0.7829181494661922,0,True,False
earphone01_indoor_1@100F,earphone01_indoor_1,400,500,0.8537674,0.6071865069665119,0,True,False
earphone01_indoor_1@100F,earphone01_indoor_1,450,550,0.7557372,0.7560803665844201,0,True,False
earphone01_indoor_1@100F,earphone01_indoor_1,600,700,0.79622924,0.5948749237339841,0,True,False
earphone01_indoor_1@100F,earphone01_indoor_1,800,900,0.7767463,0.9052711993888465,0,True,False
earphone01_indoor_1@100F,earphone01_indoor_1,850,950,0.928883,0.9004677754677755,0,True,False
earphone01_indoor_1@100F,earphone01_indoor_1,900,1000,0.9509299,0.8903796310413172,0,True,False
earphone01_indoor_1@100F,earphone01_indoor_1,950,1050,0.8627494,0.8828701364325416,0,True,False
earphone01_indoor_1@1050B,earphone01_indoor_1,50,1000,0.9188886,0.8911533117183882,0,True,False
earphone01_indoor_1@1050B,earphone01_indoor_1,100,950,0.92130184,0.9137658227848101,0,True,False
earphone01_indoor_1@1050B,earphone01_indoor_1,500,550,0.8416775,0.7279624277456648,0,True,False
earphone01_indoor_1@1050B,earphone01_indoor_1,550,500,0.7807258,0.5668604651162791,0,True,False
earphone01_indoor_1@1050B,earphone01_indoor_1,600,450,0.81208205,0.7635726795096323,0,True,False
earphone01_indoor_1@1050B,earphone01_indoor_1,650,400,0.76394576,0.9229232086782757,0,True,False
earphone01_indoor_1@1050B,earphone01_indoor_1,750,300,0.93549633,0.870049504950495,0,True,False
earphone01_indoor_1@1050B,earphone01_indoor_1,800,250,0.91646904,0.9090909090909091,0,True,False
earphone01_indoor_1@1050B,earphone01_indoor_1,850,200,0.944787,0.9083099906629318,0,True,False
earphone01_indoor_1@1050B,earphone01_indoor_1,900,150,0.9288301,0.959936949954026,0,True,False
earphone01_indoor_1@1050B,earphone01_indoor_1,950,100,0.80515766,0.8682745825602969,0,True,False
earphone01_indoor_1@1050B,earphone01_indoor_1,1000,50,0.8361114,0.8652253909843606,0,True,False
earphone01_indoor_1@1050B,earphone01_indoor_1,1050,0,0.9366787,0.9076220583069898,0,True,False
earphone01_indoor_1@1084B,earphone01_indoor_1,50,1034,0.76371986,0.7951807228915663,0,True,False
earphone01_indoor_1@1084B,earphone01_indoor_1,100,984,0.8263586,0.8087343307723412,0,True,False
earphone01_indoor_1@1084B,earphone01_indoor_1,150,934,0.93518186,0.9247440499933519,0,True,False
earphone01_indoor_1@1084B,earphone01_indoor_1,200,884,0.8728318,0.9113453192808432,0,True,False
earphone01_indoor_1@1084B,earphone01_indoor_1,400,684,0.78220814,0.5391941391941392,0,False,False
earphone01_indoor_1@1084B,earphone01_indoor_1,450,634,0.7901614,0.23950815290029404,0,False,False
earphone01_indoor_1@1084B,earphone01_indoor_1,500,584,0.83900565,0.6066675812868706,0,False,False
earphone01_indoor_1@1084B,earphone01_indoor_1,550,534,0.8390398,0.8296267646490041,0,False,False
earphone01_indoor_1@1084B,earphone01_indoor_1,600,484,0.79186326,0.8776669612422674,0,False,False
earphone01_indoor_1@1084B,earphone01_indoor_1,650,434,0.8522527,0.8845504036042801,0,False,False
earphone01_indoor_1@1084B,earphone01_indoor_1,750,334,0.8965559,0.9523684210526315,0,False,False
earphone01_indoor_1@1084B,earphone01_indoor_1,800,284,0.93549055,0.8723434807581849,0,False,False
earphone01_indoor_1@1084B,earphone01_indoor_1,850,234,0.9088914,0.8473613894455578,0,False,False
earphone01_indoor_1@1084B,earphone01_indoor_1,900,184,0.93114394,0.9075447801700742,0,False,False
earphone01_indoor_1@1084B,earphone01_indoor_1,1000,84,0.8182905,0.9001917633092869,0,False,False
earphone01_indoor_1@1084B,earphone01_indoor_1,1050,34,0.91291064,0.8840232637700992,0,False,False
earphone01_indoor_1@150F,earphone01_indoor_1,50,200,0.93903697,0.9182968929804373,0,True,False
earphone01_indoor_1@150F,earphone01_indoor_1,100,250,0.90084827,0.8742304309586632,0,True,False
earphone01_indoor_1@150F,earphone01_indoor_1,150,300,0.93972844,0.9028987802946301,0,True,False
earphone01_indoor_1@150F,earphone01_indoor_1,200,350,0.8563826,0.7169529499626587,0,True,False
earphone01_indoor_1@150F,earphone01_indoor_1,250,400,0.7832247,0.9110050533408197,0,True,False
earphone01_indoor_1@150F,earphone01_indoor_1,300,450,0.79922783,0.7599309153713298,0,True,False
earphone01_indoor_1@150F,earphone01_indoor_1,350,500,0.84096307,0.5841293166789125,0,True,False
earphone01_indoor_1@150F,earphone01_indoor_1,500,650,0.75976294,0.25116279069767444,0,True,False
earphone01_indoor_1@150F,earphone01_indoor_1,550,700,0.8310347,0.5948749237339841,0,True,False
earphone01_indoor_1@150F,earphone01_indoor_1,600,750,0.7998187,0.962,0,True,False
earphone01_indoor_1@150F,earphone01_indoor_1,750,900,0.846315,0.9145912910618793,0,True,False
earphone01_indoor_1@150F,earphone01_indoor_1,800,950,0.93216735,0.9297965696051057,0,True,False
earphone01_indoor_1@150F,earphone01_indoor_1,850,1000,0.9428564,0.8349163274536409,0,True,False
earphone01_indoor_1@150F,earphone01_indoor_1,900,1050,0.8571578,0.930976430976431,0,True,False
earphone01_indoor_1@200F,earphone01_indoor_1,50,250,0.9189136,0.8645172354656148,0,True,False
earphone01_indoor_1@200F,earphone01_indoor_1,100,300,0.93701,0.9385784391324996,0,True,False
earphone01_indoor_1@200F,earphone01_indoor_1,150,350,0.8124977,0.7426782096150304,0,True,False
earphone01_indoor_1@200F,earphone01_indoor_1,200,400,0.78299457,0.9108473640629313,0,True,False
earphone01_indoor_1@200F,earphone01_indoor_1,250,450,0.7611892,0.7688250032968482,0,True,False
earphone01_indoor_1@200F,earphone01_indoor_1,300,500,0.8305832,0.6004350978970269,0,True,False
earphone01_indoor_1@200F,earphone01_indoor_1,400,600,0.7586596,0.3126050420168067,0,True,False
earphone01_indoor_1@200F,earphone01_indoor_1,450,650,0.8628301,0.24311926605504589,0,True,False
earphone01_indoor_1@200F,earphone01_indoor_1,500,700,0.8369884,0.5615281244000768,0,True,False
earphone01_indoor_1@200F,earphone01_indoor_1,750,950,0.9249419,0.9239001189060642,0,True,False
earphone01_indoor_1@200F,earphone01_indoor_1,800,1000,0.9518553,0.8903796310413172,0,True,False
earphone01_indoor_1@200F,earphone01_indoor_1,850,1050,0.8538744,0.8893300248138958,0,True,False
earphone01_indoor_1@250F,earphone01_indoor_1,50,300,0.93675447,0.9265357821405953,0,True,False
earphone01_indoor_1@250F,earphone01_indoor_1,100,350,0.85724056,0.7695576588757967,0,True,False
earphone01_indoor_1@250F,earphone01_indoor_1,150,400,0.7856764,0.8814589665653495,0,True,False
earphone01_indoor_1@250F,earphone01_indoor_1,200,450,0.78743887,0.7618356850850587,0,True,False
earphone01_indoor_1@250F,earphone01_indoor_1,250,500,0.82659197,0.5841293166789125,0,True,False
earphone01_indoor_1@250F,earphone01_indoor_1,350,600,0.79116637,0.3160333642261353,0,True,False
earphone01_indoor_1@250F,earphone01_indoor_1,400,650,0.87142116,0.2488479262672811,0,True,False
earphone01_indoor_1@250F,earphone01_indoor_1,450,700,0.82698405,0.5736434108527132,0,True,False
earphone01_indoor_1@250F,earphone01_indoor_1,700,950,0.9300006,0.9161535438228744,0,True,False
earphone01_indoor_1@250F,earphone01_indoor_1,750,1000,0.94910204,0.8676005422503389,0,True,False
earphone01_indoor_1@250F,earphone01_indoor_1,800,1050,0.8645702,0.8791732909379968,0,True,False
earphone01_indoor_1@300F,earphone01_indoor_1,50,350,0.8256844,0.8209912536443149,0,True,False
earphone01_indoor_1@300F,earphone01_indoor_1,100,400,0.8179177,0.8737771739130434,0,True,False
earphone01_indoor_1@300F,earphone01_indoor_1,150,450,0.79376554,0.7688250032968482,0,True,False
earphone01_indoor_1@300F,earphone01_indoor_1,200,500,0.84839225,0.5893159294174523,0,True,False
earphone01_indoor_1@300F,earphone01_indoor_1,250,550,0.8291805,0.7465900933237617,0,True,False
earphone01_indoor_1@300F,earphone01_indoor_1,600,900,0.8214814,0.9155333937745542,0,True,False
earphone01_indoor_1@300F,earphone01_indoor_1,650,950,0.93111724,0.9137658227848101,0,True,False
earphone01_indoor_1@300F,earphone01_indoor_1,700,1000,0.948301,0.8571428571428571,0,True,False
earphone01_indoor_1@350F,earphone01_indoor_1,50,400,0.7708422,0.9186128803963199,0,True,False
earphone01_indoor_1@350F,earphone01_indoor_1,100,450,0.7962001,0.7688250032968482,0,True,False
earphone01_indoor_1@350F,earphone01_indoor_1,150,500,0.8254751,0.5777616279069767,0,True,False
earphone01_indoor_1@350F,earphone01_indoor_1,200,550,0.8290227,0.7465900933237617,0,True,False
earphone01_indoor_1@350F,earphone01_indoor_1,250,600,0.7575416,0.32013769363166955,0,True,False
earphone01_indoor_1@350F,earphone01_indoor_1,300,650,0.8382562,0.255377731887799,0,True,False
earphone01_indoor_1@350F,earphone01_indoor_1,350,700,0.8087797,0.581151832460733,0,True,False
earphone01_indoor_1@350F,earphone01_indoor_1,550,900,0.7877017,0.880061115355233,0,True,False
earphone01_indoor_1@350F,earphone01_indoor_1,600,950,0.9249482,0.9054588607594937,0,True,False
earphone01_indoor_1@350F,earphone01_indoor_1,650,1000,0.9354429,0.8452380952380952,0,True,False
earphone01_indoor_1@400F,earphone01_indoor_1,100,500,0.8571595,0.5614723926380368,0,True,False
earphone01_indoor_1@400F,earphone01_indoor_1,150,550,0.81541014,0.7558139534883721,0,True,False
earphone01_indoor_1@400F,earphone01_indoor_1,500,900,0.81194997,0.9034377387318564,0,True,False
earphone01_indoor_1@400F,earphone01_indoor_1,550,950,0.92386556,0.9004677754677755,0,True,False
earphone01_indoor_1@400F,earphone01_indoor_1,600,1000,0.93902063,0.8903796310413172,0,True,False
earphone01_indoor_1@400F,earphone01_indoor_1,650,1050,0.7563525,0.8846737481031867,0,True,False
earphone01_indoor_1@450F,earphone01_indoor_1,50,500,0.844712,0.5893159294174523,0,True,False
earphone01_indoor_1@450F,earphone01_indoor_1,250,700,0.84767956,0.5597719229256783,0,True,False
earphone01_indoor_1@450F,earphone01_indoor_1,500,950,0.91727847,0.9444296729593193,0,True,False
earphone01_indoor_1@450F,earphone01_indoor_1,550,1000,0.9401955,0.8903796310413172,0,True,False
earphone01_indoor_1@450F,earphone01_indoor_1,600,1050,0.7644055,0.8691374221056084,0,True,False
earphone01_indoor_1@500F,earphone01_indoor_1,200,700,0.81397665,0.5849599342510787,0,True,False
earphone01_indoor_1@500F,earphone01_indoor_1,400,900,0.75277025,0.8720350506118749,0,True,False
earphone01_indoor_1@500F,earphone01_indoor_1,450,950,0.9206413,0.9161535438228744,0,True,False
earphone01_indoor_1@500F,earphone01_indoor_1,500,1000,0.93746746,0.9025766122884586,0,True,False
earphone01_indoor_1@500F,earphone01_indoor_1,550,1050,0.8005368,0.9342004590665647,0,True,False
earphone01_indoor_1@50F,earphone01_indoor_1,50,100,0.8768991,0.8855192332939478,0,True,False
earphone01_indoor_1@50F,earphone01_indoor_1,100,150,0.9313818,0.9517866526537047,0,True,False
earphone01_indoor_1@50F,earphone01_indoor_1,150,200,0.93700343,0.9182968929804373,0,True,False
earphone01_indoor_1@50F,earphone01_indoor_1,200,250,0.90339714,0.8742304309586632,0,True,False
earphone01_indoor_1@50F,earphone01_indoor_1,250,300,0.9434053,0.9373478331439702,0,True,False
earphone01_indoor_1@50F,earphone01_indoor_1,350,400,0.81866866,0.902566933480541,0,True,False
earphone01_indoor_1@50F,earphone01_indoor_1,400,450,0.79756117,0.7742363877822045,0,True,False
earphone01_indoor_1@50F,earphone01_indoor_1,450,500,0.8234449,0.5841293166789125,0,True,False
earphone01_indoor_1@50F,earphone01_indoor_1,500,550,0.76210946,0.7740846071809456,0,True,False
earphone01_indoor_1@50F,earphone01_indoor_1,650,700,0.8275874,0.6179871520342612,0,True,False
earphone01_indoor_1@50F,earphone01_indoor_1,850,900,0.83602303,0.9511077158135982,0,True,False
earphone01_indoor_1@50F,earphone01_indoor_1,900,950,0.93126297,0.9297965696051057,0,True,False
earphone01_indoor_1@50F,earphone01_indoor_1,950,1000,0.9491218,0.8795180722891566,0,True,False
earphone01_indoor_1@50F,earphone01_indoor_1,1000,1050,0.89450103,0.8933764135702746,0,True,False
earphone01_indoor_1@550B,earphone01_indoor_1,100,450,0.7903922,0.7326007326007326,0,True,False
earphone01_indoor_1@550B,earphone01_indoor_1,250,300,0.9360088,0.8813978660893769,0,True,False
earphone01_indoor_1@550B,earphone01_indoor_1,300,250,0.8775953,0.860655737704918,0,True,False
earphone01_indoor_1@550B,earphone01_indoor_1,350,200,0.94959617,0.959915611814346,0,True,False
earphone01_indoor_1@550B,earphone01_indoor_1,400,150,0.91180205,0.959936949954026,0,True,False
earphone01_indoor_1@550B,earphone01_indoor_1,450,100,0.8392221,0.8695195589393542,0,True,False
earphone01_indoor_1@550B,earphone01_indoor_1,500,50,0.81718135,0.8885214926783184,0,True,False
earphone01_indoor_1@550B,earphone01_indoor_1,550,0,0.9061036,0.880927291886196,0,True,False
earphone01_indoor_1@600B,earphone01_indoor_1,100,500,0.82685834,0.5506748466257668,0,True,False
earphone01_indoor_1@600B,earphone01_indoor_1,300,300,0.92230797,0.8930117501546073,0,True,False
earphone01_indoor_1@600B,earphone01_indoor_1,350,250,0.88105553,0.885286783042394,0,True,False
earphone01_indoor_1@600B,earphone01_indoor_1,400,200,0.9473243,0.959915611814346,0,True,False
earphone01_indoor_1@600B,earphone01_indoor_1,450,150,0.864692,0.959936949954026,0,True,False
earphone01_indoor_1@600B,earphone01_indoor_1,500,100,0.75672925,0.8348794063079777,0,True,False
earphone01_indoor_1@600B,earphone01_indoor_1,550,50,0.810065,0.9001874414245549,0,True,False
earphone01_indoor_1@600B,earphone01_indoor_1,600,0,0.7570285,0.9099637044842525,0,True,False
earphone01_indoor_1@650B,earphone01_indoor_1,150,500,0.8027287,0.5497910007376444,0,True,False
earphone01_indoor_1@650B,earphone01_indoor_1,350,300,0.9191537,0.8930117501546073,0,True,False
earphone01_indoor_1@650B,earphone01_indoor_1,400,250,0.89479613,0.885286783042394,0,True,False
earphone01_indoor_1@650B,earphone01_indoor_1,450,200,0.9487486,0.9215611974232664,0,True,False
earphone01_indoor_1@650B,earphone01_indoor_1,500,150,0.897411,0.959936949954026,0,True,False
earphone01_indoor_1@650B,earphone01_indoor_1,550,100,0.82703,0.8695195589393542,0,True,False
earphone01_indoor_1@650B,earphone01_indoor_1,600,50,0.84076846,0.8885214926783184,0,True,False
earphone01_indoor_1@650B,earphone01_indoor_1,650,0,0.91562384,0.8886547242711627,0,True,False
earphone01_indoor_1@850B,earphone01_indoor_1,150,700,0.8716927,0.6083473861720068,1,True,False
earphone01_indoor_1@850B,earphone01_indoor_1,250,600,0.8867686,0.3788888888888889,0,True,False
earphone01_indoor_1@850B,earphone01_indoor_1,300,550,0.7500818,0.7381121362668559,0,True,False
earphone01_indoor_1@850B,earphone01_indoor_1,400,450,0.78002995,0.7513043478260869,0,True,False
earphone01_indoor_1@850B,earphone01_indoor_1,550,300,0.91875726,0.8922980588603632,0,True,False
earphone01_indoor_1@850B,earphone01_indoor_1,600,250,0.87584037,0.874076679563841,0,True,False
earphone01_indoor_1@850B,earphone01_indoor_1,650,200,0.9489707,0.9313929313929314,0,True,False
earphone01_indoor_1@850B,earphone01_indoor_1,700,150,0.88193357,0.9305214128606547,0,True,False
earphone01_indoor_1@850B,earphone01_indoor_1,750,100,0.8728041,0.876197978206643,0,True,False
earphone01_indoor_1@850B,earphone01_indoor_1,850,0,0.8902979,0.9290481208289427,0,True,False
earphone01_indoor_1@900B,earphone01_indoor_1,200,700,0.7625409,0.5938673341677096,0,True,False
earphone01_indoor_1@900B,earphone01_indoor_1,300,600,0.8643915,0.3788888888888889,0,True,False
earphone01_indoor_1@900B,earphone01_indoor_1,350,550,0.80972725,0.7264502394890899,0,True,False
earphone01_indoor_1@900B,earphone01_indoor_1,400,500,0.75538313,0.5768390386016023,0,True,False
earphone01_indoor_1@900B,earphone01_indoor_1,450,450,0.7848929,0.7489894907033144,0,True,False
earphone01_indoor_1@900B,earphone01_indoor_1,600,300,0.9365997,0.8922980588603632,0,True,False
earphone01_indoor_1@900B,earphone01_indoor_1,650,250,0.90392077,0.885286783042394,0,True,False
earphone01_indoor_1@900B,earphone01_indoor_1,700,200,0.94796926,0.9357832922902065,0,True,False
earphone01_indoor_1@900B,earphone01_indoor_1,750,150,0.92143375,0.959936949954026,0,True,False
earphone01_indoor_1@900B,earphone01_indoor_1,800,100,0.8462538,0.8668767231193383,0,True,False
earphone01_indoor_1@900B,earphone01_indoor_1,850,50,0.8380102,0.8691294720895001,0,True,False
earphone01_indoor_1@900B,earphone01_indoor_1,900,0,0.9338423,0.8996604613042969,0,True,False
earphone01_indoor_1@950B,earphone01_indoor_1,250,700,0.7872649,0.581151832460733,1,True,False
earphone01_indoor_1@950B,earphone01_indoor_1,300,650,0.81475186,0.25306957708049116,0,True,False
earphone01_indoor_1@950B,earphone01_indoor_1,350,600,0.8657071,0.3089700996677741,0,True,False
earphone01_indoor_1@950B,earphone01_indoor_1,400,550,0.7643486,0.7465900933237617,0,True,False
earphone01_indoor_1@950B,earphone01_indoor_1,450,500,0.7826861,0.5886627906976745,0,True,False
earphone01_indoor_1@950B,earphone01_indoor_1,500,450,0.7968009,0.7781519396551724,0,True,False
earphone01_indoor_1@950B,earphone01_indoor_1,650,300,0.940033,0.8813978660893769,0,True,False
earphone01_indoor_1@950B,earphone01_indoor_1,700,250,0.89750046,0.885286783042394,0,True,False
earphone01_indoor_1@950B,earphone01_indoor_1,750,200,0.9480131,0.959915611814346,0,True,False
earphone01_indoor_1@950B,earphone01_indoor_1,800,150,0.92595893,0.959936949954026,0,True,False
earphone01_indoor_1@950B,earphone01_indoor_1,850,100,0.8560045,0.8668767231193383,0,True,False
earphone01_indoor_1@950B,earphone01_indoor_1,900,50,0.8122115,0.9074161549362305,0,True,False
earphone01_indoor_1@950B,earphone01_indoor_1,950,0,0.9352876,0.8942746750965929,0,True,False
humans_shirts_room_occ_1_A_2@0F,humans_shirts_room_occ_1_A_2,50,50,0.9416521,0.8493627221702525,0,True,False
humans_shirts_room_occ_1_A_2@0F,humans_shirts_room_occ_1_A_2,100,100,0.9166983,0.7770315398886828,0,True,False
humans_shirts_room_occ_1_A_2@0F,humans_shirts_room_occ_1_A_2,150,150,0.93812776,0.8587195192418814,0,True,False
humans_shirts_room_occ_1_A_2@0F,humans_shirts_room_occ_1_A_2,200,200,0.86712694,0.6377040321293033,0,True,False
humans_shirts_room_occ_1_A_2@0F,humans_shirts_room_occ_1_A_2,250,250,0.90262085,0.7196555802066128,0,True,False
humans_shirts_room_occ_1_A_2@0F,humans_shirts_room_occ_1_A_2,300,300,0.8473041,0.8891226888870185,0,True,False
humans_shirts_room_occ_1_A_2@0F,humans_shirts_room_occ_1_A_2,350,350,0.8602159,0.0,14,False,False
humans_shirts_room_occ_1_A_2@0F,humans_shirts_room_occ_1_A_2,400,400,0.9116285,0.0,24,False,False
humans_shirts_room_occ_1_A_2@0F,humans_shirts_room_occ_1_A_2,450,450,0.9144858,0.3203382356755635,0,False,False
humans_shirts_room_occ_1_A_2@0F,humans_shirts_room_occ_1_A_2,500,500,0.89475745,0.0,3,False,False
humans_shirts_room_occ_1_A_2@0F,humans_shirts_room_occ_1_A_2,550,550,0.9011545,0.0,53,False,False
humans_shirts_room_occ_1_A_2@0F,humans_shirts_room_occ_1_A_2,600,600,0.9378723,0.03802592390620412,2,False,False
humans_shirts_room_occ_1_A_2@100F,humans_shirts_room_occ_1_A_2,50,150,0.9345221,0.8680997721829546,0,True,False
humans_shirts_room_occ_1_A_2@100F,humans_shirts_room_occ_1_A_2,100,200,0.8653989,0.640366734740466,0,True,False
humans_shirts_room_occ_1_A_2@100F,humans_shirts_room_occ_1_A_2,150,250,0.9153648,0.7424426841191611,0,True,False
humans_shirts_room_occ_1_A_2@100F,humans_shirts_room_occ_1_A_2,200,300,0.89769894,0.9030663821183871,0,True,False
humans_shirts_room_occ_1_A_2@100F,humans_shirts_room_occ_1_A_2,250,350,0.911217,0.5818864913388968,0,True,False
humans_shirts_room_occ_1_A_2@100F,humans_shirts_room_occ_1_A_2,300,400,0.92947114,0.7141936901775632,0,True,False
humans_shirts_room_occ_1_A_2@100F,humans_shirts_room_occ_1_A_2,350,450,0.92346996,0.32020973411505377,0,True,False
humans_shirts_room_occ_1_A_2@100F,humans_shirts_room_occ_1_A_2,450,550,0.8440027,0.0,46,False,False
humans_shirts_room_occ_1_A_2@100F,humans_shirts_room_occ_1_A_2,500,600,0.9093353,0.03777240718363265,1,False,False
humans_shirts_room_occ_1_A_2@150F,humans_shirts_room_occ_1_A_2,50,200,0.8804073,0.6473890968387503,0,True,False
humans_shirts_room_occ_1_A_2@150F,humans_shirts_room_occ_1_A_2,100,250,0.9109001,0.7246201083449044,0,True,False
humans_shirts_room_occ_1_A_2@150F,humans_shirts_room_occ_1_A_2,150,300,0.909188,0.9008235140333514,0,True,False
humans_shirts_room_occ_1_A_2@150F,humans_shirts_room_occ_1_A_2,200,350,0.9175981,0.5922960295650526,0,True,False
humans_shirts_room_occ_1_A_2@150F,humans_shirts_room_occ_1_A_2,250,400,0.9346972,0.7200330732894908,0,True,False
humans_shirts_room_occ_1_A_2@150F,humans_shirts_room_occ_1_A_2,300,450,0.9124919,0.31236679878106965,0,True,False
humans_shirts_room_occ_1_A_2@150F,humans_shirts_room_occ_1_A_2,400,550,0.8650916,0.0,48,False,False
humans_shirts_room_occ_1_A_2@150F,humans_shirts_room_occ_1_A_2,450,600,0.9229691,0.03793442554348963,2,False,False
humans_shirts_room_occ_1_A_2@200F,humans_shirts_room_occ_1_A_2,50,250,0.9129046,0.7676124625827396,0,True,False
humans_shirts_room_occ_1_A_2@200F,humans_shirts_room_occ_1_A_2,100,300,0.88574106,0.9131111684193435,0,True,False
humans_shirts_room_occ_1_A_2@200F,humans_shirts_room_occ_1_A_2,150,350,0.91512465,0.6176470588235294,0,True,False
humans_shirts_room_occ_1_A_2@200F,humans_shirts_room_occ_1_A_2,200,400,0.9288569,0.7242414908362852,0,True,False
humans_shirts_room_occ_1_A_2@200F,humans_shirts_room_occ_1_A_2,250,450,0.91925377,0.32382908143116657,0,True,False
humans_shirts_room_occ_1_A_2@200F,humans_shirts_room_occ_1_A_2,300,500,0.9022063,0.8371494057323787,0,True,False
humans_shirts_room_occ_1_A_2@200F,humans_shirts_room_occ_1_A_2,350,550,0.8454718,0.7588120439831466,0,True,False
humans_shirts_room_occ_1_A_2@200F,humans_shirts_room_occ_1_A_2,400,600,0.78203547,0.7399137126865671,0,True,False
humans_shirts_room_occ_1_A_2@250F,humans_shirts_room_occ_1_A_2,50,300,0.88758945,0.8745680908243295,0,True,False
humans_shirts_room_occ_1_A_2@250F,humans_shirts_room_occ_1_A_2,100,350,0.9269181,0.5979827384735235,0,True,False
humans_shirts_room_occ_1_A_2@250F,humans_shirts_room_occ_1_A_2,150,400,0.92982924,0.7339914933468608,0,True,False
humans_shirts_room_occ_1_A_2@250F,humans_shirts_room_occ_1_A_2,200,450,0.92142665,0.31805327882235385,0,True,False
humans_shirts_room_occ_1_A_2@250F,humans_shirts_room_occ_1_A_2,250,500,0.9068729,0.82444335412724,0,True,False
humans_shirts_room_occ_1_A_2@250F,humans_shirts_room_occ_1_A_2,300,550,0.9073483,0.7939206319553789,0,True,False
humans_shirts_room_occ_1_A_2@250F,humans_shirts_room_occ_1_A_2,350,600,0.78020173,0.7258221332570775,0,True,False
humans_shirts_room_occ_1_A_2@300F,humans_shirts_room_occ_1_A_2,50,350,0.92343426,0.5952635207288555,0,True,False
humans_shirts_room_occ_1_A_2@300F,humans_shirts_room_occ_1_A_2,100,400,0.9374725,0.7438629726103086,0,True,False
humans_shirts_room_occ_1_A_2@300F,humans_shirts_room_occ_1_A_2,150,450,0.91436046,0.3250364093737588,0,True,False
humans_shirts_room_occ_1_A_2@300F,humans_shirts_room_occ_1_A_2,200,500,0.8981051,0.8414940739853944,0,True,False
humans_shirts_room_occ_1_A_2@300F,humans_shirts_room_occ_1_A_2,250,550,0.9085401,0.7685339009448655,0,True,False
humans_shirts_room_occ_1_A_2@300F,humans_shirts_room_occ_1_A_2,300,600,0.76724905,0.7231339031339031,0,True,False
humans_shirts_room_occ_1_A_2@350B,humans_shirts_room_occ_1_A_2,50,300,0.8674993,0.5299435028248588,0,True,False
humans_shirts_room_occ_1_A_2@350B,humans_shirts_room_occ_1_A_2,100,250,0.901487,0.8031159309607454,0,True,False
humans_shirts_room_occ_1_A_2@350B,humans_shirts_room_occ_1_A_2,150,200,0.8492409,0.9113126056281353,0,True,False
humans_shirts_room_occ_1_A_2@350B,humans_shirts_room_occ_1_A_2,200,150,0.8849271,0.8864653132642714,0,True,False
humans_shirts_room_occ_1_A_2@350B,humans_shirts_room_occ_1_A_2,250,100,0.9290127,0.7757633019878586,0,True,False
humans_shirts_room_occ_1_A_2@350B,humans_shirts_room_occ_1_A_2,300,50,0.9315629,0.8510389572434754,0,True,False
humans_shirts_room_occ_1_A_2@350B,humans_shirts_room_occ_1_A_2,350,0,0.92163956,0.8737609329446064,0,True,False
humans_shirts_room_occ_1_A_2@400B,humans_shirts_room_occ_1_A_2,50,350,0.88298714,0.6790036079975998,0,True,False
humans_shirts_room_occ_1_A_2@400B,humans_shirts_room_occ_1_A_2,100,300,0.9067135,0.5337599098999625,0,True,False
humans_shirts_room_occ_1_A_2@400B,humans_shirts_room_occ_1_A_2,150,250,0.9163643,0.822975685924604,0,True,False
humans_shirts_room_occ_1_A_2@400B,humans_shirts_room_occ_1_A_2,200,200,0.8689273,0.8429801127931137,0,True,False
humans_shirts_room_occ_1_A_2@400B,humans_shirts_room_occ_1_A_2,250,150,0.8349168,0.8739194354601588,0,True,False
humans_shirts_room_occ_1_A_2@400B,humans_shirts_room_occ_1_A_2,300,100,0.9319971,0.7732430862708305,0,True,False
humans_shirts_room_occ_1_A_2@400B,humans_shirts_room_occ_1_A_2,350,50,0.9289891,0.8436901097624717,0,True,False
humans_shirts_room_occ_1_A_2@400B,humans_shirts_room_occ_1_A_2,400,0,0.9224023,0.8658892128279884,0,True,False
humans_shirts_room_occ_1_A_2@450B,humans_shirts_room_occ_1_A_2,50,400,0.9291928,0.786294713914719,0,True,False
humans_shirts_room_occ_1_A_2@450B,humans_shirts_room_occ_1_A_2,100,350,0.91707414,0.6157726197701919,0,True,False
humans_shirts_room_occ_1_A_2@450B,humans_shirts_room_occ_1_A_2,150,300,0.8788602,0.9030942400979607,0,True,False
humans_shirts_room_occ_1_A_2@450B,humans_shirts_room_occ_1_A_2,200,250,0.9242888,0.7741649301615465,0,True,False
humans_shirts_room_occ_1_A_2@450B,humans_shirts_room_occ_1_A_2,250,200,0.79990935,0.8419682817668808,0,True,False
humans_shirts_room_occ_1_A_2@450B,humans_shirts_room_occ_1_A_2,300,150,0.9287454,0.8377271275296416,0,True,False
humans_shirts_room_occ_1_A_2@450B,humans_shirts_room_occ_1_A_2,350,100,0.9390236,0.7811299359160866,0,True,False
humans_shirts_room_occ_1_A_2@450B,humans_shirts_room_occ_1_A_2,400,50,0.9360268,0.8306472316513107,0,True,False
humans_shirts_room_occ_1_A_2@450B,humans_shirts_room_occ_1_A_2,450,0,0.9226955,0.8712209302325581,0,True,False
humans_shirts_room_occ_1_A_2@500B,humans_shirts_room_occ_1_A_2,50,450,0.9310135,0.3174500965872505,0,True,False
humans_shirts_room_occ_1_A_2@500B,humans_shirts_room_occ_1_A_2,100,400,0.9342699,0.7207879650648301,0,True,False
humans_shirts_room_occ_1_A_2@500B,humans_shirts_room_occ_1_A_2,150,350,0.92591596,0.6001099102399707,0,True,False
humans_shirts_room_occ_1_A_2@500B,humans_shirts_room_occ_1_A_2,200,300,0.9091121,0.5348435814455232,0,True,False
humans_shirts_room_occ_1_A_2@500B,humans_shirts_room_occ_1_A_2,250,250,0.91857713,0.787361485474693,0,True,False
humans_shirts_room_occ_1_A_2@500B,humans_shirts_room_occ_1_A_2,300,200,0.8709056,0.8240494565436988,0,True,False
humans_shirts_room_occ_1_A_2@500B,humans_shirts_room_occ_1_A_2,350,150,0.86512655,0.868546159177657,0,True,False
humans_shirts_room_occ_1_A_2@500B,humans_shirts_room_occ_1_A_2,400,100,0.9332977,0.7594728412307197,0,True,False
humans_shirts_room_occ_1_A_2@500B,humans_shirts_room_occ_1_A_2,450,50,0.93271047,0.8397496899962511,0,True,False
humans_shirts_room_occ_1_A_2@500B,humans_shirts_room_occ_1_A_2,500,0,0.92073095,0.8737609329446064,0,True,False
humans_shirts_room_occ_1_A_2@50F,humans_shirts_room_occ_1_A_2,50,100,0.9312215,0.7814490624859485,0,True,False
humans_shirts_room_occ_1_A_2@50F,humans_shirts_room_occ_1_A_2,100,150,0.9460022,0.8694962586721935,0,True,False
humans_shirts_room_occ_1_A_2@50F,humans_shirts_room_occ_1_A_2,150,200,0.87373644,0.6431558900435392,0,True,False
humans_shirts_room_occ_1_A_2@50F,humans_shirts_room_occ_1_A_2,200,250,0.9092596,0.729111732063442,0,True,False
humans_shirts_room_occ_1_A_2@50F,humans_shirts_room_occ_1_A_2,250,300,0.8949164,0.8840419352161766,0,True,False
humans_shirts_room_occ_1_A_2@50F,humans_shirts_room_occ_1_A_2,300,350,0.9171934,0.5853726621382711,0,True,False
humans_shirts_room_occ_1_A_2@50F,humans_shirts_room_occ_1_A_2,350,400,0.9361383,0.7196584982168903,0,True,False
humans_shirts_room_occ_1_A_2@50F,humans_shirts_room_occ_1_A_2,400,450,0.93169844,0.3123343318664052,0,True,False
humans_shirts_room_occ_1_A_2@50F,humans_shirts_room_occ_1_A_2,450,500,0.8889937,0.5494620139829651,0,True,False
humans_shirts_room_occ_1_A_2@50F,humans_shirts_room_occ_1_A_2,500,550,0.88878983,0.024259409132560583,40,False,False
humans_shirts_room_occ_1_A_2@50F,humans_shirts_room_occ_1_A_2,550,600,0.91904235,0.04372138169694668,2,False,False
humans_shirts_room_occ_1_A_2@550B,humans_shirts_room_occ_1_A_2,50,500,0.8955087,0.7752999077207013,0,True,False
humans_shirts_room_occ_1_A_2@550B,humans_shirts_room_occ_1_A_2,100,450,0.93511766,0.31245669073087146,0,True,False
humans_shirts_room_occ_1_A_2@550B,humans_shirts_room_occ_1_A_2,150,400,0.9181794,0.7463745019920319,0,True,False
humans_shirts_room_occ_1_A_2@550B,humans_shirts_room_occ_1_A_2,200,350,0.8864637,0.6380897417400087,0,True,False
humans_shirts_room_occ_1_A_2@550B,humans_shirts_room_occ_1_A_2,250,300,0.8859125,0.5194190732578402,0,True,False
humans_shirts_room_occ_1_A_2@550B,humans_shirts_room_occ_1_A_2,300,250,0.89808476,0.7976772351745318,0,True,False
humans_shirts_room_occ_1_A_2@550B,humans_shirts_room_occ_1_A_2,350,200,0.8257036,0.8142216272639623,0,True,False
humans_shirts_room_occ_1_A_2@550B,humans_shirts_room_occ_1_A_2,400,150,0.9213183,0.0,31,False,False
humans_shirts_room_occ_1_A_2@550B,humans_shirts_room_occ_1_A_2,450,100,0.9013163,0.014139739312949474,14,False,False
humans_shirts_room_occ_1_A_2@564B,humans_shirts_room_occ_1_A_2,50,514,0.9402657,0.7083209066507605,0,True,False
humans_shirts_room_occ_1_A_2@564B,humans_shirts_room_occ_1_A_2,100,464,0.90478617,0.6262367265128577,0,True,False
humans_shirts_room_occ_1_A_2@564B,humans_shirts_room_occ_1_A_2,150,414,0.80329514,0.6936739545941915,0,True,False
humans_shirts_room_occ_1_A_2@564B,humans_shirts_room_occ_1_A_2,200,364,0.8623623,0.4031087349077648,0,True,False
humans_shirts_room_occ_1_A_2@564B,humans_shirts_room_occ_1_A_2,250,314,0.80024445,0.47430129808776317,0,True,False
humans_shirts_room_occ_1_A_2@564B,humans_shirts_room_occ_1_A_2,300,264,0.9036561,0.5585947401774398,0,True,False
humans_shirts_room_occ_1_A_2@564B,humans_shirts_room_occ_1_A_2,350,214,0.907469,0.8411489820594098,0,True,False
humans_shirts_room_occ_1_A_2@564B,humans_shirts_room_occ_1_A_2,400,164,0.8647397,0.0,13,False,False
humans_shirts_room_occ_1_A_2@564B,humans_shirts_room_occ_1_A_2,550,14,0.90883833,0.687960687960688,0,False,False
humans_shirts_room_occ_1_B_1@0F,humans_shirts_room_occ_1_B_1,50,50,0.93264216,0.8015503875968992,0,True,False
humans_shirts_room_occ_1_B_1@0F,humans_shirts_room_occ_1_B_1,100,100,0.9233894,0.5272704476114849,0,True,False
humans_shirts_room_occ_1_B_1@0F,humans_shirts_room_occ_1_B_1,150,150,0.89115274,0.8607088567085367,0,True,False
humans_shirts_room_occ_1_B_1@0F,humans_shirts_room_occ_1_B_1,200,200,0.92252827,0.7963442116684751,0,True,False
humans_shirts_room_occ_1_B_1@0F,humans_shirts_room_occ_1_B_1,250,250,0.9169536,0.8341797262447928,0,True,False
humans_shirts_room_occ_1_B_1@0F,humans_shirts_room_occ_1_B_1,300,300,0.78391474,0.7038183484370227,0,True,False
humans_shirts_room_occ_1_B_1@0F,humans_shirts_room_occ_1_B_1,350,350,0.9164841,0.6662851105045347,0,True,False
humans_shirts_room_occ_1_B_1@0F,humans_shirts_room_occ_1_B_1,400,400,0.8955064,0.502283105022831,0,True,False
humans_shirts_room_occ_1_B_1@0F,humans_shirts_room_occ_1_B_1,450,450,0.8889923,0.8409058538669705,0,True,False
humans_shirts_room_occ_1_B_1@0F,humans_shirts_room_occ_1_B_1,500,500,0.90166557,0.6687331826498762,0,True,False
humans_shirts_room_occ_1_B_1@100F,humans_shirts_room_occ_1_B_1,50,150,0.878522,0.8995660782744239,0,True,False
humans_shirts_room_occ_1_B_1@100F,humans_shirts_room_occ_1_B_1,100,200,0.912373,0.86854802002731,0,True,False
humans_shirts_room_occ_1_B_1@100F,humans_shirts_room_occ_1_B_1,150,250,0.909262,0.8569329549342833,0,True,False
humans_shirts_room_occ_1_B_1@100F,humans_shirts_room_occ_1_B_1,200,300,0.87867737,0.6688661225907275,0,True,False
humans_shirts_room_occ_1_B_1@100F,humans_shirts_room_occ_1_B_1,250,350,0.9094358,0.6687398402713973,0,True,False
humans_shirts_room_occ_1_B_1@100F,humans_shirts_room_occ_1_B_1,300,400,0.9087953,0.47270598565783695,0,True,False
humans_shirts_room_occ_1_B_1@100F,humans_shirts_room_occ_1_B_1,350,450,0.91790897,0.8587951807228915,0,True,False
humans_shirts_room_occ_1_B_1@100F,humans_shirts_room_occ_1_B_1,400,500,0.8896652,0.6493436357593885,0,True,False
humans_shirts_room_occ_1_B_1@150F,humans_shirts_room_occ_1_B_1,50,200,0.92878366,0.7897342795840898,0,True,False
humans_shirts_room_occ_1_B_1@150F,humans_shirts_room_occ_1_B_1,100,250,0.93135774,0.8439812506233171,0,True,False
humans_shirts_room_occ_1_B_1@150F,humans_shirts_room_occ_1_B_1,150,300,0.9254168,0.6525247218208771,0,True,False
humans_shirts_room_occ_1_B_1@150F,humans_shirts_room_occ_1_B_1,200,350,0.8967122,0.6472242834216294,0,True,False
humans_shirts_room_occ_1_B_1@150F,humans_shirts_room_occ_1_B_1,250,400,0.92712253,0.44832444399718224,0,True,False
humans_shirts_room_occ_1_B_1@150F,humans_shirts_room_occ_1_B_1,300,450,0.9243548,0.816672814459609,0,True,False
humans_shirts_room_occ_1_B_1@150F,humans_shirts_room_occ_1_B_1,350,500,0.8956573,0.6482775836245631,0,True,False
humans_shirts_room_occ_1_B_1@200F,humans_shirts_room_occ_1_B_1,50,250,0.91891277,0.8659338846383865,0,True,False
humans_shirts_room_occ_1_B_1@200F,humans_shirts_room_occ_1_B_1,100,300,0.90820986,0.6573226977166188,0,True,False
humans_shirts_room_occ_1_B_1@200F,humans_shirts_room_occ_1_B_1,150,350,0.9284922,0.6480141638719122,0,True,False
humans_shirts_room_occ_1_B_1@200F,humans_shirts_room_occ_1_B_1,200,400,0.91488916,0.46650435875284696,0,True,False
humans_shirts_room_occ_1_B_1@200F,humans_shirts_room_occ_1_B_1,250,450,0.92398643,0.8472103004291845,0,True,False
humans_shirts_room_occ_1_B_1@200F,humans_shirts_room_occ_1_B_1,300,500,0.89910954,0.6580642445164822,0,True,False
humans_shirts_room_occ_1_B_1@250F,humans_shirts_room_occ_1_B_1,50,300,0.88892215,0.6878510958145423,0,True,False
humans_shirts_room_occ_1_B_1@250F,humans_shirts_room_occ_1_B_1,100,350,0.90701056,0.6551043722089521,0,True,False
humans_shirts_room_occ_1_B_1@250F,humans_shirts_room_occ_1_B_1,150,400,0.9113931,0.4633553855695679,0,True,False
humans_shirts_room_occ_1_B_1@250F,humans_shirts_room_occ_1_B_1,200,450,0.9249589,0.8336452095808383,0,True,False
humans_shirts_room_occ_1_B_1@250F,humans_shirts_room_occ_1_B_1,250,500,0.89573395,0.6618407445708376,0,True,False
humans_shirts_room_occ_1_B_1@300B,humans_shirts_room_occ_1_B_1,50,250,0.8578206,0.8432529857988869,0,True,False
humans_shirts_room_occ_1_B_1@300B,humans_shirts_room_occ_1_B_1,100,200,0.9253457,0.8437583414894564,0,True,False
humans_shirts_room_occ_1_B_1@300B,humans_shirts_room_occ_1_B_1,150,150,0.90760493,0.8403889827054096,0,True,False
humans_shirts_room_occ_1_B_1@300B,humans_shirts_room_occ_1_B_1,200,100,0.8970136,0.5443653412050703,0,True,False
humans_shirts_room_occ_1_B_1@300B,humans_shirts_room_occ_1_B_1,250,50,0.93059134,0.8037048654034207,0,True,False
humans_shirts_room_occ_1_B_1@300B,humans_shirts_room_occ_1_B_1,300,0,0.9386658,0.7662187052322805,0,True,False
humans_shirts_room_occ_1_B_1@350B,humans_shirts_room_occ_1_B_1,50,300,0.9265469,0.6638984345169913,0,True,False
humans_shirts_room_occ_1_B_1@350B,humans_shirts_room_occ_1_B_1,100,250,0.9120991,0.8233043817702742,0,True,False
humans_shirts_room_occ_1_B_1@350B,humans_shirts_room_occ_1_B_1,150,200,0.93284094,0.8518559853574696,0,True,False
humans_shirts_room_occ_1_B_1@350B,humans_shirts_room_occ_1_B_1,200,150,0.9125613,0.8977921111386753,0,True,False
humans_shirts_room_occ_1_B_1@350B,humans_shirts_room_occ_1_B_1,250,100,0.9097793,0.5524229074889868,0,True,False
humans_shirts_room_occ_1_B_1@350B,humans_shirts_room_occ_1_B_1,300,50,0.93690246,0.8237830477703393,0,True,False
humans_shirts_room_occ_1_B_1@350B,humans_shirts_room_occ_1_B_1,350,0,0.936994,0.7824451410658307,0,True,False
humans_shirts_room_occ_1_B_1@400B,humans_shirts_room_occ_1_B_1,50,350,0.910196,0.7295578087050387,0,True,False
humans_shirts_room_occ_1_B_1@400B,humans_shirts_room_occ_1_B_1,100,300,0.9187944,0.6738818696225098,0,True,False
humans_shirts_room_occ_1_B_1@400B,humans_shirts_room_occ_1_B_1,150,250,0.8853364,0.8034813512687251,0,True,False
humans_shirts_room_occ_1_B_1@400B,humans_shirts_room_occ_1_B_1,200,200,0.9196974,0.8911236818213563,0,True,False
humans_shirts_room_occ_1_B_1@400B,humans_shirts_room_occ_1_B_1,250,150,0.9058957,0.955970942593905,0,True,False
humans_shirts_room_occ_1_B_1@400B,humans_shirts_room_occ_1_B_1,300,100,0.8471031,0.7014468973747017,0,True,False
humans_shirts_room_occ_1_B_1@400B,humans_shirts_room_occ_1_B_1,350,50,0.9166243,0.8275229357798165,0,True,False
humans_shirts_room_occ_1_B_1@400B,humans_shirts_room_occ_1_B_1,400,0,0.9330792,0.812539184952978,0,True,False
humans_shirts_room_occ_1_B_1@450B,humans_shirts_room_occ_1_B_1,50,400,0.891928,0.4651223868053367,0,True,False
humans_shirts_room_occ_1_B_1@450B,humans_shirts_room_occ_1_B_1,100,350,0.92410564,0.6958120380924366,0,True,False
humans_shirts_room_occ_1_B_1@450B,humans_shirts_room_occ_1_B_1,150,300,0.9279989,0.6573226977166188,0,True,False
humans_shirts_room_occ_1_B_1@450B,humans_shirts_room_occ_1_B_1,200,250,0.9159734,0.7699131196612397,0,True,False
humans_shirts_room_occ_1_B_1@450B,humans_shirts_room_occ_1_B_1,250,200,0.9243798,0.8533620418965595,0,True,False
humans_shirts_room_occ_1_B_1@450B,humans_shirts_room_occ_1_B_1,300,150,0.92123324,0.8815684346383136,0,True,False
humans_shirts_room_occ_1_B_1@450B,humans_shirts_room_occ_1_B_1,350,100,0.9011975,0.5513461228437853,0,True,False
humans_shirts_room_occ_1_B_1@450B,humans_shirts_room_occ_1_B_1,400,50,0.92439955,0.8198602510935636,0,True,False
humans_shirts_room_occ_1_B_1@450B,humans_shirts_room_occ_1_B_1,450,0,0.9354477,0.78,0,True,False
humans_shirts_room_occ_1_B_1@500B,humans_shirts_room_occ_1_B_1,50,450,0.930962,0.8472103004291845,0,True,False
humans_shirts_room_occ_1_B_1@500B,humans_shirts_room_occ_1_B_1,100,400,0.9067079,0.5473393227366966,0,True,False
humans_shirts_room_occ_1_B_1@500B,humans_shirts_room_occ_1_B_1,150,350,0.9221553,0.7396554063220729,0,True,False
humans_shirts_room_occ_1_B_1@500B,humans_shirts_room_occ_1_B_1,200,300,0.92792183,0.6590498640761934,0,True,False
humans_shirts_room_occ_1_B_1@500B,humans_shirts_room_occ_1_B_1,250,250,0.9135467,0.773650249717473,0,True,False
humans_shirts_room_occ_1_B_1@500B,humans_shirts_room_occ_1_B_1,300,200,0.926514,0.8578727981713057,0,True,False
humans_shirts_room_occ_1_B_1@500B,humans_shirts_room_occ_1_B_1,350,150,0.91661674,0.8819241982507289,0,True,False
humans_shirts_room_occ_1_B_1@500B,humans_shirts_room_occ_1_B_1,400,100,0.8949417,0.5732124139816798,0,True,False
humans_shirts_room_occ_1_B_1@500B,humans_shirts_room_occ_1_B_1,450,50,0.9237151,0.8186277273496082,0,True,False
humans_shirts_room_occ_1_B_1@500B,humans_shirts_room_occ_1_B_1,500,0,0.93772143,0.78,0,True,False
humans_shirts_room_occ_1_B_1@50F,humans_shirts_room_occ_1_B_1,50,100,0.8955083,0.552170868347339,0,True,False
humans_shirts_room_occ_1_B_1@50F,humans_shirts_room_occ_1_B_1,100,150,0.9168849,0.7951659839483977,0,True,False
humans_shirts_room_occ_1_B_1@50F,humans_shirts_room_occ_1_B_1,150,200,0.91405016,0.7999159045516662,0,True,False
humans_shirts_room_occ_1_B_1@50F,humans_shirts_room_occ_1_B_1,200,250,0.92037886,0.8211642484719482,0,True,False
humans_shirts_room_occ_1_B_1@50F,humans_shirts_room_occ_1_B_1,250,300,0.889043,0.6671413451361493,0,True,False
humans_shirts_room_occ_1_B_1@50F,humans_shirts_room_occ_1_B_1,300,350,0.90248275,0.6702985206838515,0,True,False
humans_shirts_room_occ_1_B_1@50F,humans_shirts_room_occ_1_B_1,350,400,0.92251605,0.4612784186214549,0,True,False
humans_shirts_room_occ_1_B_1@50F,humans_shirts_room_occ_1_B_1,400,450,0.9197264,0.8112328767123288,0,True,False
humans_shirts_room_occ_1_B_1@50F,humans_shirts_room_occ_1_B_1,450,500,0.89782625,0.6660112839801675,0,True,False
humans_shirts_room_occ_1_B_1@510B,humans_shirts_room_occ_1_B_1,50,460,0.88075674,0.75898012586233,0,True,False
humans_shirts_room_occ_1_B_1@510B,humans_shirts_room_occ_1_B_1,100,410,0.9410807,0.5639889711577186,0,True,False
humans_shirts_room_occ_1_B_1@510B,humans_shirts_room_occ_1_B_1,150,360,0.9301445,0.7061721023957012,0,True,False
humans_shirts_room_occ_1_B_1@510B,humans_shirts_room_occ_1_B_1,200,310,0.93050766,0.6611912745356591,0,True,False
humans_shirts_room_occ_1_B_1@510B,humans_shirts_room_occ_1_B_1,250,260,0.9316132,0.7411821035271586,0,True,False
humans_shirts_room_occ_1_B_1@510B,humans_shirts_room_occ_1_B_1,300,210,0.88075626,0.7479149003292781,0,True,False
humans_shirts_room_occ_1_B_1@510B,humans_shirts_room_occ_1_B_1,350,160,0.9003791,0.772082981319816,0,True,False
humans_shirts_room_occ_1_B_1@510B,humans_shirts_room_occ_1_B_1,400,110,0.9411335,0.8697480861669931,0,True,False
humans_shirts_room_occ_1_B_1@510B,humans_shirts_room_occ_1_B_1,450,60,0.9368502,0.7796208530805687,0,True,False
humans_shirts_room_occ_1_B_1@510B,humans_shirts_room_occ_1_B_1,500,10,0.9242093,0.7063479981732379,0,True,False
robot_human_corridor_noocc_1_B_1@0F,robot_human_corridor_noocc_1_B_1,50,50,0.89999205,0.5779910167415272,0,True,False
robot_human_corridor_noocc_1_B_1@0F,robot_human_corridor_noocc_1_B_1,100,100,0.9151408,0.6397090286692341,0,True,False
robot_human_corridor_noocc_1_B_1@0F,robot_human_corridor_noocc_1_B_1,150,150,0.8929463,0.7207920792079208,0,True,False
robot_human_corridor_noocc_1_B_1@0F,robot_human_corridor_noocc_1_B_1,200,200,0.9078729,0.6822742474916388,0,True,False
robot_human_corridor_noocc_1_B_1@0F,robot_human_corridor_noocc_1_B_1,250,250,0.85281944,0.7247058823529412,0,True,False
robot_human_corridor_noocc_1_B_1@0F,robot_human_corridor_noocc_1_B_1,350,350,0.8640289,0.5895466930889274,0,True,False
robot_human_corridor_noocc_1_B_1@0F,robot_human_corridor_noocc_1_B_1,400,400,0.8316655,0.5291599785981809,0,True,False
robot_human_corridor_noocc_1_B_1@0F,robot_human_corridor_noocc_1_B_1,450,450,0.8953834,0.46774193548387094,0,True,False
robot_human_corridor_noocc_1_B_1@0F,robot_human_corridor_noocc_1_B_1,500,500,0.87596285,0.47231389805647234,0,True,False
robot_human_corridor_noocc_1_B_1@0F,robot_human_corridor_noocc_1_B_1,550,550,0.887589,0.4261501210653753,0,True,False
robot_human_corridor_noocc_1_B_1@0F,robot_human_corridor_noocc_1_B_1,600,600,0.86341965,0.4212349099544825,0,True,False
robot_human_corridor_noocc_1_B_1@0F,robot_human_corridor_noocc_1_B_1,650,650,0.9181424,0.5318788790671432,0,True,False
robot_human_corridor_noocc_1_B_1@0F,robot_human_corridor_noocc_1_B_1,700,700,0.8851472,0.5627137970353477,0,True,False
robot_human_corridor_noocc_1_B_1@0F,robot_human_corridor_noocc_1_B_1,750,750,0.82713544,0.5483704086911536,0,True,False
robot_human_corridor_noocc_1_B_1@0F,robot_human_corridor_noocc_1_B_1,800,800,0.9230462,0.4868451155342027,0,True,False
robot_human_corridor_noocc_1_B_1@0F,robot_human_corridor_noocc_1_B_1,850,850,0.8240079,0.5706465959630517,0,True,False
robot_human_corridor_noocc_1_B_1@100F,robot_human_corridor_noocc_1_B_1,50,150,0.8290628,0.8468413876685351,0,True,False
robot_human_corridor_noocc_1_B_1@100F,robot_human_corridor_noocc_1_B_1,100,200,0.8649959,0.787052810902896,0,True,False
robot_human_corridor_noocc_1_B_1@100F,robot_human_corridor_noocc_1_B_1,150,250,0.8199362,0.9124697010503636,0,True,False
robot_human_corridor_noocc_1_B_1@100F,robot_human_corridor_noocc_1_B_1,200,300,0.78763646,0.3487179487179487,0,True,False
robot_human_corridor_noocc_1_B_1@100F,robot_human_corridor_noocc_1_B_1,250,350,0.7650984,0.4292155094679892,0,True,False
robot_human_corridor_noocc_1_B_1@100F,robot_human_corridor_noocc_1_B_1,300,400,0.8279982,0.4269371897258796,0,True,False
robot_human_corridor_noocc_1_B_1@100F,robot_human_corridor_noocc_1_B_1,350,450,0.8658758,0.4071087216248507,0,True,False
robot_human_corridor_noocc_1_B_1@100F,robot_human_corridor_noocc_1_B_1,400,500,0.8847358,0.5219885277246654,0,True,False
robot_human_corridor_noocc_1_B_1@100F,robot_human_corridor_noocc_1_B_1,450,550,0.9090098,0.4977023683280311,0,True,False
robot_human_corridor_noocc_1_B_1@100F,robot_human_corridor_noocc_1_B_1,500,600,0.8248267,0.6096233710439639,0,True,False
robot_human_corridor_noocc_1_B_1@100F,robot_human_corridor_noocc_1_B_1,550,650,0.83822185,0.7331762241424457,0,True,False
robot_human_corridor_noocc_1_B_1@100F,robot_human_corridor_noocc_1_B_1,600,700,0.80765754,0.6967422821081357,0,True,False
robot_human_corridor_noocc_1_B_1@100F,robot_human_corridor_noocc_1_B_1,650,750,0.83880395,0.6121091927204853,0,True,False
robot_human_corridor_noocc_1_B_1@100F,robot_human_corridor_noocc_1_B_1,700,800,0.85087603,0.5585301837270341,0,True,False
robot_human_corridor_noocc_1_B_1@100F,robot_human_corridor_noocc_1_B_1,750,850,0.88928497,0.6494117647058824,0,True,False
robot_human_corridor_noocc_1_B_1@150F,robot_human_corridor_noocc_1_B_1,50,200,0.90047365,0.7244318181818182,0,True,False
robot_human_corridor_noocc_1_B_1@150F,robot_human_corridor_noocc_1_B_1,100,250,0.8634836,0.7034883720930233,0,True,False
robot_human_corridor_noocc_1_B_1@150F,robot_human_corridor_noocc_1_B_1,200,350,0.82307506,0.6052631578947368,0,True,False
robot_human_corridor_noocc_1_B_1@150F,robot_human_corridor_noocc_1_B_1,250,400,0.8786211,0.5378266850068776,0,True,False
robot_human_corridor_noocc_1_B_1@150F,robot_human_corridor_noocc_1_B_1,300,450,0.85034263,0.453125,0,True,False
robot_human_corridor_noocc_1_B_1@150F,robot_human_corridor_noocc_1_B_1,350,500,0.87644696,0.5427435387673957,0,True,False
robot_human_corridor_noocc_1_B_1@150F,robot_human_corridor_noocc_1_B_1,400,550,0.88074434,0.4704310056799198,0,True,False
robot_human_corridor_noocc_1_B_1@150F,robot_human_corridor_noocc_1_B_1,450,600,0.8269401,0.454733360892931,0,True,False
robot_human_corridor_noocc_1_B_1@150F,robot_human_corridor_noocc_1_B_1,500,650,0.897835,0.5406232077996559,0,True,False
robot_human_corridor_noocc_1_B_1@150F,robot_human_corridor_noocc_1_B_1,550,700,0.8792111,0.612053301029679,0,True,False
robot_human_corridor_noocc_1_B_1@150F,robot_human_corridor_noocc_1_B_1,600,750,0.8080621,0.5880394985021635,0,True,False
robot_human_corridor_noocc_1_B_1@150F,robot_human_corridor_noocc_1_B_1,650,800,0.8892369,0.49921801689083517,0,True,False
robot_human_corridor_noocc_1_B_1@150F,robot_human_corridor_noocc_1_B_1,700,850,0.8464992,0.6025285972305839,0,True,False
robot_human_corridor_noocc_1_B_1@200F,robot_human_corridor_noocc_1_B_1,50,250,0.83222616,0.8979591836734694,0,True,False
robot_human_corridor_noocc_1_B_1@200F,robot_human_corridor_noocc_1_B_1,150,350,0.76763314,0.6052631578947368,0,True,False
robot_human_corridor_noocc_1_B_1@200F,robot_human_corridor_noocc_1_B_1,200,400,0.863749,0.5441135541330364,0,True,False
robot_human_corridor_noocc_1_B_1@200F,robot_human_corridor_noocc_1_B_1,250,450,0.87298506,0.4628183361629881,0,True,False
robot_human_corridor_noocc_1_B_1@200F,robot_human_corridor_noocc_1_B_1,300,500,0.8795277,0.5233644859813084,0,True,False
robot_human_corridor_noocc_1_B_1@200F,robot_human_corridor_noocc_1_B_1,350,550,0.9008534,0.4977023683280311,0,True,False
robot_human_corridor_noocc_1_B_1@200F,robot_human_corridor_noocc_1_B_1,400,600,0.7999466,0.6013252346769741,0,True,False
robot_human_corridor_noocc_1_B_1@200F,robot_human_corridor_noocc_1_B_1,450,650,0.83052814,0.6574450772986168,0,True,False
robot_human_corridor_noocc_1_B_1@200F,robot_human_corridor_noocc_1_B_1,500,700,0.8477817,0.685665818490246,0,True,False
robot_human_corridor_noocc_1_B_1@200F,robot_human_corridor_noocc_1_B_1,550,750,0.84946775,0.5890852506391019,0,True,False
robot_human_corridor_noocc_1_B_1@200F,robot_human_corridor_noocc_1_B_1,600,800,0.8748407,0.5523924894003635,0,True,False
robot_human_corridor_noocc_1_B_1@200F,robot_human_corridor_noocc_1_B_1,650,850,0.792969,0.5869794721407625,0,True,False
robot_human_corridor_noocc_1_B_1@250F,robot_human_corridor_noocc_1_B_1,100,350,0.78888065,0.5981402362402614,0,True,False
robot_human_corridor_noocc_1_B_1@250F,robot_human_corridor_noocc_1_B_1,150,400,0.8668204,0.5542168674698795,0,True,False
robot_human_corridor_noocc_1_B_1@250F,robot_human_corridor_noocc_1_B_1,200,450,0.85106266,0.4627659574468085,0,True,False
robot_human_corridor_noocc_1_B_1@250F,robot_human_corridor_noocc_1_B_1,250,500,0.8839824,0.5384615384615384,0,True,False
robot_human_corridor_noocc_1_B_1@250F,robot_human_corridor_noocc_1_B_1,300,550,0.88962275,0.48663594470046084,0,True,False
robot_human_corridor_noocc_1_B_1@250F,robot_human_corridor_noocc_1_B_1,350,600,0.78160226,0.5359435981367242,0,True,False
robot_human_corridor_noocc_1_B_1@250F,robot_human_corridor_noocc_1_B_1,400,650,0.8515374,0.5536413469068129,0,True,False
robot_human_corridor_noocc_1_B_1@250F,robot_human_corridor_noocc_1_B_1,450,700,0.84560716,0.6135629709364908,0,True,False
robot_human_corridor_noocc_1_B_1@250F,robot_human_corridor_noocc_1_B_1,500,750,0.81189626,0.5859879584017516,0,True,False
robot_human_corridor_noocc_1_B_1@250F,robot_human_corridor_noocc_1_B_1,550,800,0.8194854,0.5337792642140469,0,True,False
robot_human_corridor_noocc_1_B_1@250F,robot_human_corridor_noocc_1_B_1,600,850,0.83984876,0.5946524064171123,0,True,False
robot_human_corridor_noocc_1_B_1@300F,robot_human_corridor_noocc_1_B_1,50,350,0.8668534,0.7202993451824135,0,True,False
robot_human_corridor_noocc_1_B_1@300F,robot_human_corridor_noocc_1_B_1,100,400,0.8453814,0.5847756164803186,0,True,False
robot_human_corridor_noocc_1_B_1@300F,robot_human_corridor_noocc_1_B_1,150,450,0.828766,0.5220888661899897,0,True,False
robot_human_corridor_noocc_1_B_1@300F,robot_human_corridor_noocc_1_B_1,200,500,0.8624361,0.656934306569343,0,True,False
robot_human_corridor_noocc_1_B_1@300F,robot_human_corridor_noocc_1_B_1,250,550,0.8489212,0.6017094017094017,0,True,False
robot_human_corridor_noocc_1_B_1@300F,robot_human_corridor_noocc_1_B_1,300,600,0.76395357,0.5847527472527473,0,True,False
robot_human_corridor_noocc_1_B_1@300F,robot_human_corridor_noocc_1_B_1,350,650,0.83081436,0.5558312655086849,0,True,False
robot_human_corridor_noocc_1_B_1@300F,robot_human_corridor_noocc_1_B_1,400,700,0.83869684,0.6412729026036644,0,True,False
robot_human_corridor_noocc_1_B_1@300F,robot_human_corridor_noocc_1_B_1,450,750,0.87116355,0.6296780325531662,0,True,False
robot_human_corridor_noocc_1_B_1@300F,robot_human_corridor_noocc_1_B_1,500,800,0.9064145,0.6380809595202399,0,True,False
robot_human_corridor_noocc_1_B_1@300F,robot_human_corridor_noocc_1_B_1,550,850,0.9063069,0.6789180260169316,0,True,False
robot_human_corridor_noocc_1_B_1@350F,robot_human_corridor_noocc_1_B_1,50,400,0.83430207,0.5774349667271628,0,True,False
robot_human_corridor_noocc_1_B_1@350F,robot_human_corridor_noocc_1_B_1,150,500,0.7997761,0.630901287553648,0,True,False
robot_human_corridor_noocc_1_B_1@350F,robot_human_corridor_noocc_1_B_1,200,550,0.818115,0.5373441316364571,0,True,False
robot_human_corridor_noocc_1_B_1@350F,robot_human_corridor_noocc_1_B_1,250,600,0.79935515,0.6417910447761194,0,True,False
robot_human_corridor_noocc_1_B_1@350F,robot_human_corridor_noocc_1_B_1,300,650,0.76175255,0.6163905841325196,0,True,False
robot_human_corridor_noocc_1_B_1@350F,robot_human_corridor_noocc_1_B_1,350,700,0.8631209,0.6077586206896551,0,True,False
robot_human_corridor_noocc_1_B_1@350F,robot_human_corridor_noocc_1_B_1,400,750,0.84459305,0.6296780325531662,0,True,False
robot_human_corridor_noocc_1_B_1@350F,robot_human_corridor_noocc_1_B_1,450,800,0.88676494,0.6311418685121107,0,True,False
robot_human_corridor_noocc_1_B_1@350F,robot_human_corridor_noocc_1_B_1,500,850,0.90566516,0.6888519134775375,0,True,False
robot_human_corridor_noocc_1_B_1@400F,robot_human_corridor_noocc_1_B_1,150,550,0.8746366,0.7586206896551724,0,True,False
robot_human_corridor_noocc_1_B_1@400F,robot_human_corridor_noocc_1_B_1,300,700,0.8557628,0.7548757170172085,0,True,False
robot_human_corridor_noocc_1_B_1@400F,robot_human_corridor_noocc_1_B_1,350,750,0.8982533,0.6489795918367347,0,True,False
robot_human_corridor_noocc_1_B_1@400F,robot_human_corridor_noocc_1_B_1,400,800,0.9201361,0.6455005055611729,0,True,False
robot_human_corridor_noocc_1_B_1@400F,robot_human_corridor_noocc_1_B_1,450,850,0.91131103,0.6888519134775375,0,True,False
robot_human_corridor_noocc_1_B_1@450B,robot_human_corridor_noocc_1_B_1,100,350,0.85458696,0.6295993458708095,0,True,False
robot_human_corridor_noocc_1_B_1@450B,robot_human_corridor_noocc_1_B_1,150,300,0.775395,0.5062034739454094,0,True,False
robot_human_corridor_noocc_1_B_1@450B,robot_human_corridor_noocc_1_B_1,200,250,0.802112,0.6992776057791538,0,True,False
robot_human_corridor_noocc_1_B_1@450B,robot_human_corridor_noocc_1_B_1,250,200,0.87407464,0.7083333333333334,0,True,False
robot_human_corridor_noocc_1_B_1@450B,robot_human_corridor_noocc_1_B_1,300,150,0.81856215,0.8549323017408124,0,True,False
robot_human_corridor_noocc_1_B_1@450B,robot_human_corridor_noocc_1_B_1,350,100,0.8769435,0.680783242258652,0,True,False
robot_human_corridor_noocc_1_B_1@450B,robot_human_corridor_noocc_1_B_1,400,50,0.8924696,0.6345839210155149,0,True,False
robot_human_corridor_noocc_1_B_1@450B,robot_human_corridor_noocc_1_B_1,450,0,0.87828606,0.777834709747423,0,True,False
robot_human_corridor_noocc_1_B_1@500B,robot_human_corridor_noocc_1_B_1,50,450,0.78536,0.4732638888888889,0,True,False
robot_human_corridor_noocc_1_B_1@500B,robot_human_corridor_noocc_1_B_1,100,400,0.8705443,0.5389386629910407,0,True,False
robot_human_corridor_noocc_1_B_1@500B,robot_human_corridor_noocc_1_B_1,150,350,0.7818237,0.621141975308642,0,True,False
robot_human_corridor_noocc_1_B_1@500B,robot_human_corridor_noocc_1_B_1,250,250,0.7563,0.7129629629629629,0,True,False
robot_human_corridor_noocc_1_B_1@500B,robot_human_corridor_noocc_1_B_1,300,200,0.89651173,0.6974358974358974,0,True,False
robot_human_corridor_noocc_1_B_1@500B,robot_human_corridor_noocc_1_B_1,350,150,0.8730576,0.7700348432055749,0,True,False
robot_human_corridor_noocc_1_B_1@500B,robot_human_corridor_noocc_1_B_1,400,100,0.8895302,0.6642673064960455,0,True,False
robot_human_corridor_noocc_1_B_1@500B,robot_human_corridor_noocc_1_B_1,450,50,0.893853,0.628942071125028,0,True,False
robot_human_corridor_noocc_1_B_1@500B,robot_human_corridor_noocc_1_B_1,500,0,0.87092686,0.7613140224624372,0,True,False
robot_human_corridor_noocc_1_B_1@50F,robot_human_corridor_noocc_1_B_1,50,100,0.886155,0.7274011299435028,0,True,False
robot_human_corridor_noocc_1_B_1@50F,robot_human_corridor_noocc_1_B_1,100,150,0.8496387,0.8973214285714286,0,True,False
robot_human_corridor_noocc_1_B_1@50F,robot_human_corridor_noocc_1_B_1,150,200,0.8658156,0.766215397049909,0,True,False
robot_human_corridor_noocc_1_B_1@50F,robot_human_corridor_noocc_1_B_1,200,250,0.81106424,0.8303921568627451,0,True,False
robot_human_corridor_noocc_1_B_1@50F,robot_human_corridor_noocc_1_B_1,250,300,0.85057193,0.38734177215189874,0,True,False
robot_human_corridor_noocc_1_B_1@50F,robot_human_corridor_noocc_1_B_1,300,350,0.8613849,0.603448275862069,0,True,False
robot_human_corridor_noocc_1_B_1@50F,robot_human_corridor_noocc_1_B_1,350,400,0.8531824,0.5416210295728368,0,True,False
robot_human_corridor_noocc_1_B_1@50F,robot_human_corridor_noocc_1_B_1,450,500,0.88583404,0.6055133079847909,0,True,False
robot_human_corridor_noocc_1_B_1@50F,robot_human_corridor_noocc_1_B_1,500,550,0.88124424,0.49368863955119213,0,True,False
robot_human_corridor_noocc_1_B_1@50F,robot_human_corridor_noocc_1_B_1,550,600,0.8140914,0.6361714975845411,0,True,False
robot_human_corridor_noocc_1_B_1@50F,robot_human_corridor_noocc_1_B_1,600,650,0.7938411,0.7080541155645467,0,True,False
robot_human_corridor_noocc_1_B_1@50F,robot_human_corridor_noocc_1_B_1,650,700,0.84946746,0.648885997723207,0,True,False
robot_human_corridor_noocc_1_B_1@50F,robot_human_corridor_noocc_1_B_1,700,750,0.8560637,0.6135406922357344,0,True,False
robot_human_corridor_noocc_1_B_1@50F,robot_human_corridor_noocc_1_B_1,750,800,0.8994948,0.6253918495297806,0,True,False
robot_human_corridor_noocc_1_B_1@50F,robot_human_corridor_noocc_1_B_1,800,850,0.9001218,0.683920704845815,0,True,False
robot_human_corridor_noocc_1_B_1@550B,robot_human_corridor_noocc_1_B_1,50,500,0.8816853,0.7129629629629629,0,True,False
robot_human_corridor_noocc_1_B_1@550B,robot_human_corridor_noocc_1_B_1,100,450,0.8113441,0.5104868913857677,0,True,False
robot_human_corridor_noocc_1_B_1@550B,robot_human_corridor_noocc_1_B_1,150,400,0.89802754,0.5679012345679012,0,True,False
robot_human_corridor_noocc_1_B_1@550B,robot_human_corridor_noocc_1_B_1,200,350,0.85539216,0.6328104227599043,0,True,False
robot_human_corridor_noocc_1_B_1@550B,robot_human_corridor_noocc_1_B_1,300,250,0.80935943,0.8043684710351378,0,True,False
robot_human_corridor_noocc_1_B_1@550B,robot_human_corridor_noocc_1_B_1,350,200,0.86796635,0.7530454042081949,0,True,False
robot_human_corridor_noocc_1_B_1@550B,robot_human_corridor_noocc_1_B_1,400,150,0.8566176,0.9300590612371775,0,True,False
robot_human_corridor_noocc_1_B_1@550B,robot_human_corridor_noocc_1_B_1,450,100,0.8811668,0.7008587786259542,0,True,False
robot_human_corridor_noocc_1_B_1@550B,robot_human_corridor_noocc_1_B_1,500,50,0.9058231,0.6297872340425532,0,True,False
robot_human_corridor_noocc_1_B_1@550B,robot_human_corridor_noocc_1_B_1,550,0,0.7541082,0.7297704808175574,0,True,False
robot_human_corridor_noocc_1_B_1@600B,robot_human_corridor_noocc_1_B_1,50,550,0.9033037,0.6875,0,True,False
robot_human_corridor_noocc_1_B_1@600B,robot_human_corridor_noocc_1_B_1,100,500,0.8846173,0.6781485468245425,0,True,False
robot_human_corridor_noocc_1_B_1@600B,robot_human_corridor_noocc_1_B_1,150,450,0.84353745,0.47802197802197804,0,True,False
robot_human_corridor_noocc_1_B_1@600B,robot_human_corridor_noocc_1_B_1,200,400,0.813625,0.525155980353113,0,True,False
robot_human_corridor_noocc_1_B_1@600B,robot_human_corridor_noocc_1_B_1,250,350,0.83877826,0.6104129263913824,0,True,False
robot_human_corridor_noocc_1_B_1@600B,robot_human_corridor_noocc_1_B_1,300,300,0.79274434,0.34357894736842104,0,True,False
robot_human_corridor_noocc_1_B_1@600B,robot_human_corridor_noocc_1_B_1,400,200,0.8454805,0.6677577741407529,0,True,False
robot_human_corridor_noocc_1_B_1@600B,robot_human_corridor_noocc_1_B_1,450,150,0.8609643,0.7700348432055749,0,True,False
robot_human_corridor_noocc_1_B_1@600B,robot_human_corridor_noocc_1_B_1,500,100,0.88463795,0.6642673064960455,0,True,False
robot_human_corridor_noocc_1_B_1@600B,robot_human_corridor_noocc_1_B_1,550,50,0.89818645,0.6185949961761171,0,True,False
robot_human_corridor_noocc_1_B_1@600B,robot_human_corridor_noocc_1_B_1,600,0,0.88384205,0.7678699928040298,0,True,False
robot_human_corridor_noocc_1_B_1@650B,robot_human_corridor_noocc_1_B_1,50,600,0.80599797,0.612410986775178,0,True,False
robot_human_corridor_noocc_1_B_1@650B,robot_human_corridor_noocc_1_B_1,100,550,0.80244064,0.5238095238095238,0,True,False
robot_human_corridor_noocc_1_B_1@650B,robot_human_corridor_noocc_1_B_1,150,500,0.8478761,0.48404255319148937,0,True,False
robot_human_corridor_noocc_1_B_1@650B,robot_human_corridor_noocc_1_B_1,200,450,0.8553903,0.3968361801242236,0,True,False
robot_human_corridor_noocc_1_B_1@650B,robot_human_corridor_noocc_1_B_1,250,400,0.87473106,0.4495286272706369,0,True,False
robot_human_corridor_noocc_1_B_1@650B,robot_human_corridor_noocc_1_B_1,400,250,0.8254675,0.7301310043668122,0,True,False
robot_human_corridor_noocc_1_B_1@650B,robot_human_corridor_noocc_1_B_1,450,200,0.88541204,0.7095808383233533,0,True,False
robot_human_corridor_noocc_1_B_1@650B,robot_human_corridor_noocc_1_B_1,500,150,0.86395776,0.8331086142322097,0,True,False
robot_human_corridor_noocc_1_B_1@650B,robot_human_corridor_noocc_1_B_1,550,100,0.8868294,0.6812767984754645,0,True,False
robot_human_corridor_noocc_1_B_1@650B,robot_human_corridor_noocc_1_B_1,600,50,0.8974313,0.6549829371276534,0,True,False
robot_human_corridor_noocc_1_B_1@650B,robot_human_corridor_noocc_1_B_1,650,0,0.76390886,0.8356863524888978,0,True,False
robot_human_corridor_noocc_1_B_1@700B,robot_human_corridor_noocc_1_B_1,100,600,0.7906666,0.7243834664814172,0,True,False
robot_human_corridor_noocc_1_B_1@700B,robot_human_corridor_noocc_1_B_1,150,550,0.84970194,0.5177111716621253,0,True,False
robot_human_corridor_noocc_1_B_1@700B,robot_human_corridor_noocc_1_B_1,200,500,0.87857836,0.4833691665612748,0,True,False
robot_human_corridor_noocc_1_B_1@700B,robot_human_corridor_noocc_1_B_1,250,450,0.8707765,0.3904698242933537,0,True,False
robot_human_corridor_noocc_1_B_1@700B,robot_human_corridor_noocc_1_B_1,350,350,0.82310784,0.44295671313279533,0,True,False
robot_human_corridor_noocc_1_B_1@700B,robot_human_corridor_noocc_1_B_1,500,200,0.8476617,0.6822742474916388,0,True,False
robot_human_corridor_noocc_1_B_1@700B,robot_human_corridor_noocc_1_B_1,550,150,0.85548306,0.9271801018879233,0,True,False
robot_human_corridor_noocc_1_B_1@700B,robot_human_corridor_noocc_1_B_1,600,100,0.86607254,0.6430107526881721,0,True,False
robot_human_corridor_noocc_1_B_1@700B,robot_human_corridor_noocc_1_B_1,650,50,0.89862895,0.6025968497232865,0,True,False
robot_human_corridor_noocc_1_B_1@700B,robot_human_corridor_noocc_1_B_1,700,0,0.8468632,0.7511265164644714,0,True,False
robot_human_corridor_noocc_1_B_1@750B,robot_human_corridor_noocc_1_B_1,50,700,0.8198503,0.7205694469793757,0,True,False
robot_human_corridor_noocc_1_B_1@750B,robot_human_corridor_noocc_1_B_1,100,650,0.85594475,0.7323076923076923,0,True,False
robot_human_corridor_noocc_1_B_1@750B,robot_human_corridor_noocc_1_B_1,200,550,0.8434421,0.48274285714285714,0,True,False
robot_human_corridor_noocc_1_B_1@750B,robot_human_corridor_noocc_1_B_1,250,500,0.88178134,0.5119207072060006,0,True,False
robot_human_corridor_noocc_1_B_1@750B,robot_human_corridor_noocc_1_B_1,300,450,0.8150969,0.4428200129954516,0,True,False
robot_human_corridor_noocc_1_B_1@750B,robot_human_corridor_noocc_1_B_1,350,400,0.8689222,0.575,0,True,False
robot_human_corridor_noocc_1_B_1@750B,robot_human_corridor_noocc_1_B_1,400,350,0.8670687,0.6476111571389119,0,True,False
robot_human_corridor_noocc_1_B_1@750B,robot_human_corridor_noocc_1_B_1,450,300,0.76810575,0.3355263157894737,0,True,False
robot_human_corridor_noocc_1_B_1@750B,robot_human_corridor_noocc_1_B_1,500,250,0.78028834,0.632375189107413,0,True,False
robot_human_corridor_noocc_1_B_1@750B,robot_human_corridor_noocc_1_B_1,550,200,0.87012947,0.721030042918455,0,True,False
robot_human_corridor_noocc_1_B_1@750B,robot_human_corridor_noocc_1_B_1,600,150,0.8532328,0.9506057781919851,0,True,False
robot_human_corridor_noocc_1_B_1@750B,robot_human_corridor_noocc_1_B_1,650,100,0.88397753,0.6901369097513271,0,True,False
robot_human_corridor_noocc_1_B_1@750B,robot_human_corridor_noocc_1_B_1,700,50,0.9123302,0.6312151616499443,0,True,False
robot_human_corridor_noocc_1_B_1@750B,robot_human_corridor_noocc_1_B_1,750,0,0.87085,0.792225201072386,0,True,False
robot_human_corridor_noocc_1_B_1@800B,robot_human_corridor_noocc_1_B_1,50,750,0.83230466,0.6768837803320562,0,True,False
robot_human_corridor_noocc_1_B_1@800B,robot_human_corridor_noocc_1_B_1,100,700,0.8413203,0.7948869223205507,0,True,False
robot_human_corridor_noocc_1_B_1@800B,robot_human_corridor_noocc_1_B_1,150,650,0.7604306,0.6212653778558875,0,True,False
robot_human_corridor_noocc_1_B_1@800B,robot_human_corridor_noocc_1_B_1,200,600,0.8235678,0.5030131159163417,0,True,False
robot_human_corridor_noocc_1_B_1@800B,robot_human_corridor_noocc_1_B_1,250,550,0.8469354,0.6304477611940299,0,True,False
robot_human_corridor_noocc_1_B_1@800B,robot_human_corridor_noocc_1_B_1,300,500,0.87345755,0.6833541927409261,0,True,False
robot_human_corridor_noocc_1_B_1@800B,robot_human_corridor_noocc_1_B_1,350,450,0.785934,0.5162878787878787,0,True,False
robot_human_corridor_noocc_1_B_1@800B,robot_human_corridor_noocc_1_B_1,400,400,0.9030364,0.5641321598614919,0,True,False
robot_human_corridor_noocc_1_B_1@800B,robot_human_corridor_noocc_1_B_1,450,350,0.8863702,0.6358459869848156,0,True,False
robot_human_corridor_noocc_1_B_1@800B,robot_human_corridor_noocc_1_B_1,500,300,0.785737,0.5468962392387857,0,True,False
robot_human_corridor_noocc_1_B_1@800B,robot_human_corridor_noocc_1_B_1,600,200,0.8693744,0.7214854111405835,0,True,False
robot_human_corridor_noocc_1_B_1@800B,robot_human_corridor_noocc_1_B_1,650,150,0.8497399,0.9241338112305855,0,True,False
robot_human_corridor_noocc_1_B_1@800B,robot_human_corridor_noocc_1_B_1,700,100,0.882249,0.6788665879574971,0,True,False
robot_human_corridor_noocc_1_B_1@800B,robot_human_corridor_noocc_1_B_1,750,50,0.90636766,0.6312151616499443,0,True,False
robot_human_corridor_noocc_1_B_1@800B,robot_human_corridor_noocc_1_B_1,800,0,0.8716417,0.7652142814567563,0,True,False
robot_human_corridor_noocc_1_B_1@850B,robot_human_corridor_noocc_1_B_1,50,800,0.90932614,0.6568047337278107,0,True,False
robot_human_corridor_noocc_1_B_1@850B,robot_human_corridor_noocc_1_B_1,100,750,0.9041148,0.6516660518873725,0,True,False
robot_human_corridor_noocc_1_B_1@850B,robot_human_corridor_noocc_1_B_1,150,700,0.83072627,0.7944182389937107,0,True,False
robot_human_corridor_noocc_1_B_1@850B,robot_human_corridor_noocc_1_B_1,200,650,0.8240206,0.6647079562815842,0,True,False
robot_human_corridor_noocc_1_B_1@850B,robot_human_corridor_noocc_1_B_1,300,550,0.8408378,0.47891156462585033,0,True,False
robot_human_corridor_noocc_1_B_1@850B,robot_human_corridor_noocc_1_B_1,350,500,0.85609794,0.48812260536398466,0,True,False
robot_human_corridor_noocc_1_B_1@850B,robot_human_corridor_noocc_1_B_1,400,450,0.84826833,0.4190407870465259,0,True,False
robot_human_corridor_noocc_1_B_1@850B,robot_human_corridor_noocc_1_B_1,500,350,0.88470155,0.6304635761589404,0,True,False
robot_human_corridor_noocc_1_B_1@850B,robot_human_corridor_noocc_1_B_1,550,300,0.8005318,0.3675675675675676,0,True,False
robot_human_corridor_noocc_1_B_1@850B,robot_human_corridor_noocc_1_B_1,600,250,0.8005611,0.6872210953346856,0,True,False
robot_human_corridor_noocc_1_B_1@850B,robot_human_corridor_noocc_1_B_1,650,200,0.8788145,0.6974358974358974,0,True,False
robot_human_corridor_noocc_1_B_1@850B,robot_human_corridor_noocc_1_B_1,700,150,0.8512818,0.8754951895868704,0,True,False
robot_human_corridor_noocc_1_B_1@850B,robot_human_corridor_noocc_1_B_1,750,100,0.8739771,0.6961259079903148,0,True,False
robot_human_corridor_noocc_1_B_1@850B,robot_human_corridor_noocc_1_B_1,800,50,0.89578986,0.6365231169713089,0,True,False
robot_human_corridor_noocc_1_B_1@850B,robot_human_corridor_noocc_1_B_1,850,0,0.8299179,0.7677800299638671,0,True,False
robot_human_corridor_noocc_1_B_1@896B,robot_human_corridor_noocc_1_B_1,50,846,0.83787763,0.7317184992740888,0,True,False
robot_human_corridor_noocc_1_B_1@896B,robot_human_corridor_noocc_1_B_1,100,796,0.83960724,0.5448958688972345,0,True,False
robot_human_corridor_noocc_1_B_1@896B,robot_human_corridor_noocc_1_B_1,150,746,0.8625069,0.586436170212766,0,True,False
robot_human_corridor_noocc_1_B_1@896B,robot_human_corridor_noocc_1_B_1,200,696,0.7919044,0.5851555281798583,0,True,False
robot_human_corridor_noocc_1_B_1@896B,robot_human_corridor_noocc_1_B_1,250,646,0.8184987,0.5821325648414986,0,True,False
robot_human_corridor_noocc_1_B_1@896B,robot_human_corridor_noocc_1_B_1,350,546,0.7908641,0.48106591865357645,0,True,False
robot_human_corridor_noocc_1_B_1@896B,robot_human_corridor_noocc_1_B_1,400,496,0.860559,0.5361961410126215,0,True,False
robot_human_corridor_noocc_1_B_1@896B,robot_human_corridor_noocc_1_B_1,450,446,0.85009736,0.46754446754446755,0,True,False
robot_human_corridor_noocc_1_B_1@896B,robot_human_corridor_noocc_1_B_1,500,396,0.8200495,0.5402044763746892,0,True,False
robot_human_corridor_noocc_1_B_1@896B,robot_human_corridor_noocc_1_B_1,550,346,0.8396332,0.5967383246849518,0,True,False
robot_human_corridor_noocc_1_B_1@896B,robot_human_corridor_noocc_1_B_1,650,246,0.80218893,0.7808641975308642,0,True,False
robot_human_corridor_noocc_1_B_1@896B,robot_human_corridor_noocc_1_B_1,700,196,0.87885344,0.692929292929293,0,True,False
robot_human_corridor_noocc_1_B_1@896B,robot_human_corridor_noocc_1_B_1,750,146,0.8747474,0.7819660014781966,0,True,False
robot_human_corridor_noocc_1_B_1@896B,robot_human_corridor_noocc_1_B_1,800,96,0.89841133,0.6082474226804123,0,True,False
robot_human_corridor_noocc_1_B_1@896B,robot_human_corridor_noocc_1_B_1,850,46,0.8904862,0.6328775902584918,0,True,False
shoes02_indoor_1@0F,shoes02_indoor_1,50,50,0.8766634,0.9324796274738067,0,True,False
shoes02_indoor_1@0F,shoes02_indoor_1,100,100,0.75925016,0.0,43,False,False
shoes02_indoor_1@0F,shoes02_indoor_1,150,150,0.8462976,0.0,93,False,False
shoes02_indoor_1@0F,shoes02_indoor_1,200,200,0.8784846,0.0,143,False,False
shoes02_indoor_1@0F,shoes02_indoor_1,250,250,0.9130374,0.0,42,False,False
shoes02_indoor_1@0F,shoes02_indoor_1,300,300,0.909575,0.010698654563138272,92,False,False
shoes02_indoor_1@0F,shoes02_indoor_1,350,350,0.91562945,0.0,142,False,False
shoes02_indoor_1@0F,shoes02_indoor_1,400,400,0.85825574,0.0,192,False,False
shoes02_indoor_1@0F,shoes02_indoor_1,450,450,0.9011859,0.0,242,False,False
shoes02_indoor_1@0F,shoes02_indoor_1,500,500,0.9171263,0.0,292,False,False
shoes02_indoor_1@0F,shoes02_indoor_1,550,550,0.920094,0.0,342,False,False
shoes02_indoor_1@0F,shoes02_indoor_1,600,600,0.9387003,0.2949785407725322,0,False,False
shoes02_indoor_1@100F,shoes02_indoor_1,100,200,0.82686603,0.0,38,False,False
shoes02_indoor_1@100F,shoes02_indoor_1,150,250,0.91900986,0.0,43,False,False
shoes02_indoor_1@100F,shoes02_indoor_1,200,300,0.911066,0.007041100376616997,93,False,False
shoes02_indoor_1@100F,shoes02_indoor_1,250,350,0.9133424,0.0,143,False,False
shoes02_indoor_1@100F,shoes02_indoor_1,300,400,0.80266553,0.0,193,False,False
shoes02_indoor_1@100F,shoes02_indoor_1,350,450,0.8968855,0.0,243,False,False
shoes02_indoor_1@100F,shoes02_indoor_1,400,500,0.91421235,0.0,293,False,False
shoes02_indoor_1@100F,shoes02_indoor_1,450,550,0.9080443,0.0,343,False,False
shoes02_indoor_1@100F,shoes02_indoor_1,500,600,0.93371266,0.29399532102937354,0,False,False
shoes02_indoor_1@150F,shoes02_indoor_1,100,250,0.9162666,0.0,42,False,False
shoes02_indoor_1@150F,shoes02_indoor_1,150,300,0.91007453,0.007041100376616997,92,False,False
shoes02_indoor_1@150F,shoes02_indoor_1,200,350,0.8798885,0.0,142,False,False
shoes02_indoor_1@150F,shoes02_indoor_1,250,400,0.8135987,0.0,192,False,False
shoes02_indoor_1@150F,shoes02_indoor_1,300,450,0.90665966,0.0,242,False,False
shoes02_indoor_1@150F,shoes02_indoor_1,350,500,0.9160184,0.0,292,False,False
shoes02_indoor_1@150F,shoes02_indoor_1,400,550,0.9182025,0.0,342,False,False
shoes02_indoor_1@150F,shoes02_indoor_1,450,600,0.9315659,0.29016120066703727,0,False,False
shoes02_indoor_1@200F,shoes02_indoor_1,50,250,0.91496134,0.0,42,False,False
shoes02_indoor_1@200F,shoes02_indoor_1,100,300,0.9084812,0.010944466963923795,92,False,False
shoes02_indoor_1@200F,shoes02_indoor_1,150,350,0.90965164,0.0,142,False,False
shoes02_indoor_1@200F,shoes02_indoor_1,200,400,0.7833157,0.0,192,False,False
shoes02_indoor_1@200F,shoes02_indoor_1,250,450,0.8838265,0.0,242,False,False
shoes02_indoor_1@200F,shoes02_indoor_1,300,500,0.90720284,0.0,292,False,False
shoes02_indoor_1@200F,shoes02_indoor_1,350,550,0.91327417,0.0,342,False,False
shoes02_indoor_1@200F,shoes02_indoor_1,400,600,0.93381566,0.29785775492716365,0,False,False
shoes02_indoor_1@250F,shoes02_indoor_1,50,300,0.8924262,0.010647957078002476,46,False,False
shoes02_indoor_1@250F,shoes02_indoor_1,100,350,0.916849,0.0,96,False,False
shoes02_indoor_1@250F,shoes02_indoor_1,150,400,0.82516795,0.0,146,False,False
shoes02_indoor_1@250F,shoes02_indoor_1,200,450,0.898895,0.0,196,False,False
shoes02_indoor_1@250F,shoes02_indoor_1,250,500,0.91661775,0.0,246,False,False
shoes02_indoor_1@250F,shoes02_indoor_1,300,550,0.91711885,0.0,296,False,False
shoes02_indoor_1@250F,shoes02_indoor_1,350,600,0.9392823,0.29399532102937354,0,False,False
shoes02_indoor_1@300F,shoes02_indoor_1,50,350,0.8867295,0.9416224412433661,0,True,False
shoes02_indoor_1@300F,shoes02_indoor_1,100,400,0.94113106,0.9312924227732373,0,True,False
shoes02_indoor_1@300F,shoes02_indoor_1,150,450,0.93302166,0.8766268980477223,0,True,False
shoes02_indoor_1@300F,shoes02_indoor_1,200,500,0.9254799,0.9265915321352421,0,True,False
shoes02_indoor_1@300F,shoes02_indoor_1,250,550,0.94368374,0.9648103138539575,0,True,False
shoes02_indoor_1@300F,shoes02_indoor_1,300,600,0.9154542,0.3003412969283277,0,True,False
shoes02_indoor_1@350B,shoes02_indoor_1,50,300,0.7926994,0.8218949708252292,0,True,False
shoes02_indoor_1@350B,shoes02_indoor_1,100,250,0.9178467,0.0,6,False,False
shoes02_indoor_1@350B,shoes02_indoor_1,150,200,0.7685342,0.0,2,False,False
shoes02_indoor_1@350B,shoes02_indoor_1,200,150,0.8628591,0.0,52,False,False
shoes02_indoor_1@350B,shoes02_indoor_1,250,100,0.7758436,0.0,102,False,False
shoes02_indoor_1@350B,shoes02_indoor_1,300,50,0.8940913,0.0,152,False,False
shoes02_indoor_1@350B,shoes02_indoor_1,350,0,0.8558542,0.0,202,False,False
shoes02_indoor_1@400B,shoes02_indoor_1,100,300,0.91738755,0.007076230299131554,32,False,False
shoes02_indoor_1@400B,shoes02_indoor_1,150,250,0.92513704,0.0,82,False,False
shoes02_indoor_1@400B,shoes02_indoor_1,200,200,0.8689595,0.0,2,False,False
shoes02_indoor_1@400B,shoes02_indoor_1,250,150,0.84666175,0.0,52,False,False
shoes02_indoor_1@400B,shoes02_indoor_1,300,100,0.7727683,0.0,102,False,False
shoes02_indoor_1@400B,shoes02_indoor_1,350,50,0.89550376,0.0,152,False,False
shoes02_indoor_1@400B,shoes02_indoor_1,400,0,0.8661786,0.0,202,False,False
shoes02_indoor_1@450B,shoes02_indoor_1,50,400,0.9503795,0.9483070920997632,0,True,False
shoes02_indoor_1@450B,shoes02_indoor_1,150,300,0.91837746,0.007334183673469388,24,False,False
shoes02_indoor_1@450B,shoes02_indoor_1,200,250,0.9272637,0.0,74,False,False
shoes02_indoor_1@450B,shoes02_indoor_1,250,200,0.88781583,0.0,2,False,False
shoes02_indoor_1@450B,shoes02_indoor_1,300,150,0.8644608,0.0,52,False,False
shoes02_indoor_1@450B,shoes02_indoor_1,350,100,0.75119936,0.0,102,False,False
shoes02_indoor_1@450B,shoes02_indoor_1,400,50,0.8840195,0.0,152,False,False
shoes02_indoor_1@450B,shoes02_indoor_1,450,0,0.8201099,0.0,202,False,False
shoes02_indoor_1@500B,shoes02_indoor_1,50,450,0.9386468,0.8855551563061445,0,True,False
shoes02_indoor_1@500B,shoes02_indoor_1,100,400,0.9507577,0.9423885618166526,0,True,False
shoes02_indoor_1@500B,shoes02_indoor_1,250,250,0.9199172,0.0,26,False,False
shoes02_indoor_1@500B,shoes02_indoor_1,300,200,0.825363,0.0,2,False,False
shoes02_indoor_1@500B,shoes02_indoor_1,350,150,0.8638281,0.0,52,False,False
shoes02_indoor_1@500B,shoes02_indoor_1,400,100,0.76794314,0.0,102,False,False
shoes02_indoor_1@500B,shoes02_indoor_1,450,50,0.8987626,0.0,152,False,False
shoes02_indoor_1@500B,shoes02_indoor_1,500,0,0.86349595,0.0,202,False,False
shoes02_indoor_1@50F,shoes02_indoor_1,50,100,0.7693648,0.0,43,False,False
shoes02_indoor_1@50F,shoes02_indoor_1,100,150,0.84925324,0.0,93,False,False
shoes02_indoor_1@50F,shoes02_indoor_1,150,200,0.7986475,0.0,143,False,False
shoes02_indoor_1@50F,shoes02_indoor_1,200,250,0.9173359,0.0,42,False,False
shoes02_indoor_1@50F,shoes02_indoor_1,250,300,0.91371906,0.010797546012269938,92,False,False
shoes02_indoor_1@50F,shoes02_indoor_1,300,350,0.91210634,0.0,142,False,False
shoes02_indoor_1@50F,shoes02_indoor_1,350,400,0.8037866,0.0,192,False,False
shoes02_indoor_1@50F,shoes02_indoor_1,400,450,0.89547926,0.0,242,False,False
shoes02_indoor_1@50F,shoes02_indoor_1,450,500,0.9104272,0.0,292,False,False
shoes02_indoor_1@50F,shoes02_indoor_1,500,550,0.9190715,0.0,342,False,False
shoes02_indoor_1@50F,shoes02_indoor_1,550,600,0.9340437,0.2925,0,False,False
shoes02_indoor_1@550B,shoes02_indoor_1,50,500,0.9649034,0.9740141557128412,0,True,False
shoes02_indoor_1@550B,shoes02_indoor_1,100,450,0.9363364,0.8500400962309543,0,True,False
shoes02_indoor_1@550B,shoes02_indoor_1,150,400,0.9480145,0.9200498822225301,0,True,False
shoes02_indoor_1@550B,shoes02_indoor_1,300,250,0.9246915,0.0,26,False,False
shoes02_indoor_1@550B,shoes02_indoor_1,350,200,0.8468003,0.0,2,False,False
shoes02_indoor_1@550B,shoes02_indoor_1,400,150,0.81870914,0.0,52,False,False
shoes02_indoor_1@550B,shoes02_indoor_1,450,100,0.80968976,0.0,102,False,False
shoes02_indoor_1@550B,shoes02_indoor_1,500,50,0.8980393,0.0,152,False,False
shoes02_indoor_1@550B,shoes02_indoor_1,550,0,0.86751133,0.0,202,False,False
shoes02_indoor_1@613B,shoes02_indoor_1,100,513,0.93366486,0.937682421014901,0,True,False
shoes02_indoor_1@613B,shoes02_indoor_1,150,463,0.9023704,0.9162528963919232,0,True,False
shoes02_indoor_1@613B,shoes02_indoor_1,200,413,0.9466063,0.9209720236879723,0,True,False
shoes02_indoor_1@613B,shoes02_indoor_1,250,363,0.82367957,0.9268233583716986,0,True,False
shoes02_indoor_1@613B,shoes02_indoor_1,400,213,0.8765335,0.0,43,False,False
shoes02_indoor_1@613B,shoes02_indoor_1,450,163,0.85084426,0.0,39,False,False
shoes02_indoor_1@613B,shoes02_indoor_1,500,113,0.8055531,0.0,89,False,False
shoes02_indoor_1@613B,shoes02_indoor_1,550,63,0.81863314,0.0,1,False,False
shoes02_indoor_2@0F,shoes02_indoor_2,50,50,0.8837292,0.9450568755764417,0,True,False
shoes02_indoor_2@0F,shoes02_indoor_2,100,100,0.8699923,0.9506796116504854,0,True,False
shoes02_indoor_2@100B,shoes02_indoor_2,50,50,0.8149661,0.9121697524443519,0,True,False
shoes02_indoor_2@100B,shoes02_indoor_2,100,0,0.84523076,0.17861092678610926,0,False,False
shoes02_indoor_2@110B,shoes02_indoor_2,50,60,0.8505209,0.9236942564636474,0,True,False
shoes02_indoor_2@50F,shoes02_indoor_2,50,100,0.92117673,0.9506796116504854,0,True,False
squirrel_wild_1@0F,squirrel_wild_1,50,50,0.87791353,0.9163636363636364,0,True,False
squirrel_wild_1@0F,squirrel_wild_1,100,100,0.9173759,0.8950930626057529,0,True,False
squirrel_wild_1@0F,squirrel_wild_1,150,150,0.7916568,0.8499716392512763,0,True,False
squirrel_wild_1@0F,squirrel_wild_1,300,300,0.84567535,0.8352,0,True,False
squirrel_wild_1@0F,squirrel_wild_1,350,350,0.8597034,0.8652585579024035,0,True,False
squirrel_wild_1@100F,squirrel_wild_1,200,300,0.8367744,0.84936081999309,0,True,False
squirrel_wild_1@100F,squirrel_wild_1,250,350,0.86868095,0.8406320541760722,0,True,False
squirrel_wild_1@150F,squirrel_wild_1,150,300,0.82574004,0.8226950354609929,0,True,False
squirrel_wild_1@150F,squirrel_wild_1,200,350,0.8507049,0.8236675700090335,0,True,False
squirrel_wild_1@200B,squirrel_wild_1,50,150,0.80431503,0.8509282349681352,0,True,False
squirrel_wild_1@200B,squirrel_wild_1,100,100,0.9022199,0.8815381696287394,0,True,False
squirrel_wild_1@200B,squirrel_wild_1,150,50,0.909829,0.9583150183150183,0,True,False
squirrel_wild_1@200B,squirrel_wild_1,200,0,0.7707278,0.8668730650154799,0,True,False
squirrel_wild_1@250B,squirrel_wild_1,100,150,0.7898993,0.8604651162790697,0,True,False
squirrel_wild_1@250B,squirrel_wild_1,150,100,0.9140897,0.8729156999226605,0,True,False
squirrel_wild_1@250B,squirrel_wild_1,200,50,0.9100388,0.9397069597069597,0,True,False
squirrel_wild_1@300B,squirrel_wild_1,50,250,0.7944644,0.8736659220650286,0,True,False
squirrel_wild_1@300B,squirrel_wild_1,100,200,0.80174017,0.9079270561965017,0,True,False
squirrel_wild_1@300B,squirrel_wild_1,150,150,0.8038568,0.9052750992626205,0,True,False
squirrel_wild_1@300B,squirrel_wild_1,200,100,0.9013467,0.883901026254486,0,True,False
squirrel_wild_1@300B,squirrel_wild_1,250,50,0.90790343,0.949010989010989,0,True,False
squirrel_wild_1@350B,squirrel_wild_1,100,250,0.761297,0.783744557329463,0,True,False
squirrel_wild_1@350B,squirrel_wild_1,200,150,0.7832339,0.8604651162790697,0,True,False
squirrel_wild_1@350B,squirrel_wild_1,250,100,0.89296097,0.8691600554086387,0,True,False
squirrel_wild_1@350B,squirrel_wild_1,300,50,0.9099509,0.949010989010989,0,True,False
squirrel_wild_1@350B,squirrel_wild_1,350,0,0.78573674,0.9078185328185329,0,True,False
squirrel_wild_1@362B,squirrel_wild_1,50,312,0.896129,0.8818933823529411,0,True,False
squirrel_wild_1@362B,squirrel_wild_1,250,112,0.8949324,0.9275035260930888,0,True,False
squirrel_wild_1@362B,squirrel_wild_1,300,62,0.8692343,0.9287611310732699,0,True,False
squirrel_wild_1@362B,squirrel_wild_1,350,12,0.81130326,0.9299287410926366,0,True,False
squirrel_wild_1@50F,squirrel_wild_1,50,100,0.88380796,0.8798166001947053,0,True,False
squirrel_wild_1@50F,squirrel_wild_1,100,150,0.8134539,0.8709585933068633,0,True,False
squirrel_wild_1@50F,squirrel_wild_1,250,300,0.8436694,0.8289503773153442,0,True,False
squirrel_wild_1@50F,squirrel_wild_1,300,350,0.8448932,0.8490974729241877,0,True,False
toy09_indoor_1@0F,toy09_indoor_1,50,50,0.87598,0.907618476304739,0,True,False
toy09_indoor_1@0F,toy09_indoor_1,100,100,0.9083168,0.8854166666666666,0,True,False
toy09_indoor_1@0F,toy09_indoor_1,150,150,0.89238465,0.8995983935742972,0,True,False
toy09_indoor_1@0F,toy09_indoor_1,350,350,0.8577052,0.8797729618163055,0,True,False
toy09_indoor_1@0F,toy09_indoor_1,450,450,0.7753805,0.7835051546391752,0,True,False
toy09_indoor_1@0F,toy09_indoor_1,500,500,0.87501645,0.9288422280548265,0,True,False
toy09_indoor_1@0F,toy09_indoor_1,550,550,0.8486003,0.8400134725496801,0,True,False
toy09_indoor_1@0F,toy09_indoor_1,600,600,0.7647837,0.9037363777893098,0,True,False
toy09_indoor_1@0F,toy09_indoor_1,650,650,0.847479,0.9088040391290628,0,True,False
toy09_indoor_1@0F,toy09_indoor_1,700,700,0.88720244,0.9142857142857143,0,True,False
toy09_indoor_1@0F,toy09_indoor_1,750,750,0.86793023,0.8865710560625815,0,True,False
toy09_indoor_1@0F,toy09_indoor_1,800,800,0.88529265,0.9156471345782357,0,True,False
toy09_indoor_1@0F,toy09_indoor_1,850,850,0.8946577,0.8742548963951178,0,True,False
toy09_indoor_1@0F,toy09_indoor_1,900,900,0.931509,0.9003062266076897,0,True,False
toy09_indoor_1@0F,toy09_indoor_1,950,950,0.9348021,0.892286548702972,0,True,False
toy09_indoor_1@0F,toy09_indoor_1,1000,1000,0.93547785,0.944264653002517,0,True,False
toy09_indoor_1@0F,toy09_indoor_1,1050,1050,0.8853923,0.0,2,False,False
toy09_indoor_1@0F,toy09_indoor_1,1300,1300,0.8780485,0.0,252,False,False
toy09_indoor_1@1000B,toy09_indoor_1,50,950,0.925711,0.9455617198335645,0,True,False
toy09_indoor_1@1000B,toy09_indoor_1,100,900,0.93733335,0.9003062266076897,0,True,False
toy09_indoor_1@1000B,toy09_indoor_1,150,850,0.9195639,0.9072638530002871,0,True,False
toy09_indoor_1@1000B,toy09_indoor_1,200,800,0.7698029,0.7734986945169713,0,True,False
toy09_indoor_1@1000B,toy09_indoor_1,250,750,0.8834101,0.8091353996737357,0,True,False
toy09_indoor_1@1000B,toy09_indoor_1,300,700,0.90518206,0.9714285714285714,0,True,False
toy09_indoor_1@1000B,toy09_indoor_1,350,650,0.84791803,0.8860759493670886,0,True,False
toy09_indoor_1@1000B,toy09_indoor_1,400,600,0.8119602,0.9030271934325295,0,True,False
toy09_indoor_1@1000B,toy09_indoor_1,450,550,0.866335,0.8964456596035544,0,True,False
toy09_indoor_1@1000B,toy09_indoor_1,500,500,0.9005036,0.9206798866855525,0,True,False
toy09_indoor_1@1000B,toy09_indoor_1,650,350,0.85723567,0.8477812177502579,0,True,False
toy09_indoor_1@1000B,toy09_indoor_1,700,300,0.8355535,0.8279397628965075,0,True,False
toy09_indoor_1@1000B,toy09_indoor_1,900,100,0.8970247,0.8739693757361602,0,False,False
toy09_indoor_1@100F,toy09_indoor_1,50,150,0.8835981,0.8902275769745649,0,True,False
toy09_indoor_1@100F,toy09_indoor_1,250,350,0.8620086,0.8637770897832817,0,False,False
toy09_indoor_1@100F,toy09_indoor_1,350,450,0.77892137,0.7654139032178826,0,False,False
toy09_indoor_1@100F,toy09_indoor_1,400,500,0.8891248,0.9157561817136285,0,False,False
toy09_indoor_1@100F,toy09_indoor_1,450,550,0.76635945,0.8769861609431061,0,False,False
toy09_indoor_1@100F,toy09_indoor_1,500,600,0.76169163,0.892579138557343,0,False,False
toy09_indoor_1@100F,toy09_indoor_1,550,650,0.86464894,0.8774373259052924,0,False,False
toy09_indoor_1@100F,toy09_indoor_1,600,700,0.86830574,0.9428571428571428,0,False,False
toy09_indoor_1@100F,toy09_indoor_1,650,750,0.86375546,0.8768536428110896,0,False,False
toy09_indoor_1@100F,toy09_indoor_1,700,800,0.8823389,0.9263843648208469,0,False,False
toy09_indoor_1@100F,toy09_indoor_1,750,850,0.89485466,0.8957795004306632,0,False,False
toy09_indoor_1@100F,toy09_indoor_1,800,900,0.93283707,0.8837842436617321,0,False,False
toy09_indoor_1@100F,toy09_indoor_1,850,950,0.9312409,0.9004854368932039,0,False,False
toy09_indoor_1@100F,toy09_indoor_1,900,1000,0.93096757,0.9349154980222941,0,False,False
toy09_indoor_1@100F,toy09_indoor_1,950,1050,0.88244885,0.0,2,False,False
toy09_indoor_1@100F,toy09_indoor_1,1200,1300,0.8380184,0.0,252,False,False
toy09_indoor_1@1050B,toy09_indoor_1,100,950,0.8736742,0.0,42,False,False
toy09_indoor_1@1050B,toy09_indoor_1,150,900,0.9269513,0.0,92,False,False
toy09_indoor_1@1050B,toy09_indoor_1,200,850,0.9164374,0.0,142,False,False
toy09_indoor_1@1050B,toy09_indoor_1,250,800,0.88513136,0.0,192,False,False
toy09_indoor_1@1050B,toy09_indoor_1,300,750,0.90548974,0.0,242,False,False
toy09_indoor_1@1050B,toy09_indoor_1,350,700,0.90250695,0.0,292,False,False
toy09_indoor_1@1050B,toy09_indoor_1,400,650,0.91066515,0.0,342,False,False
toy09_indoor_1@1050B,toy09_indoor_1,450,600,0.91779196,0.0,392,False,False
toy09_indoor_1@1050B,toy09_indoor_1,550,500,0.82351285,0.0,492,False,False
toy09_indoor_1@1050B,toy09_indoor_1,700,350,0.8865045,0.0,102,False,False
toy09_indoor_1@1050B,toy09_indoor_1,750,300,0.781923,0.0,152,False,False
toy09_indoor_1@1050B,toy09_indoor_1,800,250,0.816923,0.0791435671955649,4,False,False
toy09_indoor_1@1050B,toy09_indoor_1,950,100,0.86709666,0.0,154,False,False
toy09_indoor_1@1100B,toy09_indoor_1,100,1000,0.8931713,0.0,15,False,False
toy09_indoor_1@1100B,toy09_indoor_1,150,950,0.9065325,0.0,65,False,False
toy09_indoor_1@1100B,toy09_indoor_1,200,900,0.922656,0.0,115,False,False
toy09_indoor_1@1100B,toy09_indoor_1,250,850,0.92739195,0.0,165,False,False
toy09_indoor_1@1100B,toy09_indoor_1,300,800,0.87900394,0.0,215,False,False
toy09_indoor_1@1100B,toy09_indoor_1,350,750,0.9174439,0.0,265,False,False
toy09_indoor_1@1100B,toy09_indoor_1,400,700,0.90696955,0.0,315,False,False
toy09_indoor_1@1100B,toy09_indoor_1,450,650,0.92348075,0.0,365,False,False
toy09_indoor_1@1100B,toy09_indoor_1,500,600,0.9300314,0.0,415,False,False
toy09_indoor_1@1100B,toy09_indoor_1,600,500,0.82754433,0.0,515,False,False
toy09_indoor_1@1100B,toy09_indoor_1,750,350,0.8878555,0.0,104,False,False
toy09_indoor_1@1100B,toy09_indoor_1,800,300,0.79043126,0.0,154,False,False
toy09_indoor_1@1100B,toy09_indoor_1,850,250,0.7904177,0.07385719682659615,4,False,False
toy09_indoor_1@1100B,toy09_indoor_1,1000,100,0.87172717,0.0,154,False,False
toy09_indoor_1@1250B,toy09_indoor_1,200,1050,0.8464078,0.0,35,False,False
toy09_indoor_1@1250B,toy09_indoor_1,250,1000,0.9169013,0.0,85,False,False
toy09_indoor_1@1250B,toy09_indoor_1,300,950,0.9176871,0.0,135,False,False
toy09_indoor_1@1250B,toy09_indoor_1,350,900,0.9299367,0.0,185,False,False
toy09_indoor_1@1250B,toy09_indoor_1,400,850,0.93050134,0.0,235,False,False
toy09_indoor_1@1250B,toy09_indoor_1,450,800,0.89015305,0.0,285,False,False
toy09_indoor_1@1250B,toy09_indoor_1,500,750,0.90851116,0.0,335,False,False
toy09_indoor_1@1250B,toy09_indoor_1,550,700,0.9076297,0.0,385,False,False
toy09_indoor_1@1250B,toy09_indoor_1,600,650,0.92057586,0.0,435,False,False
toy09_indoor_1@1250B,toy09_indoor_1,650,600,0.927605,0.0,485,False,False
toy09_indoor_1@1250B,toy09_indoor_1,750,500,0.812351,0.0,585,False,False
toy09_indoor_1@1250B,toy09_indoor_1,900,350,0.8718435,0.0,103,False,False
toy09_indoor_1@1250B,toy09_indoor_1,950,300,0.788305,0.0,153,False,False
toy09_indoor_1@1250B,toy09_indoor_1,1000,250,0.8041608,0.08242172764994342,4,False,False
toy09_indoor_1@1250B,toy09_indoor_1,1150,100,0.82349277,0.0,154,False,False
toy09_indoor_1@1300B,toy09_indoor_1,50,1250,0.84828335,0.9112149532710281,0,True,False
toy09_indoor_1@1300B,toy09_indoor_1,250,1050,0.8432737,0.0,15,False,False
toy09_indoor_1@1300B,toy09_indoor_1,300,1000,0.92592484,0.0,65,False,False
toy09_indoor_1@1300B,toy09_indoor_1,350,950,0.9042146,0.0,115,False,False
toy09_indoor_1@1300B,toy09_indoor_1,400,900,0.9319264,0.0,165,False,False
toy09_indoor_1@1300B,toy09_indoor_1,450,850,0.9272121,0.0,215,False,False
toy09_indoor_1@1300B,toy09_indoor_1,500,800,0.8878282,0.0,265,False,False
toy09_indoor_1@1300B,toy09_indoor_1,550,750,0.9043153,0.0,315,False,False
toy09_indoor_1@1300B,toy09_indoor_1,600,700,0.88223076,0.0,365,False,False
toy09_indoor_1@1300B,toy09_indoor_1,650,650,0.9123324,0.0,415,False,False
toy09_indoor_1@1300B,toy09_indoor_1,700,600,0.91885865,0.0,465,False,False
toy09_indoor_1@1300B,toy09_indoor_1,800,500,0.7813737,0.0,565,False,False
toy09_indoor_1@1300B,toy09_indoor_1,950,350,0.85715914,0.0,102,False,False
toy09_indoor_1@1300B,toy09_indoor_1,1000,300,0.7673454,0.0,152,False,False
toy09_indoor_1@1300B,toy09_indoor_1,1050,250,0.77412146,0.07441948991244766,4,False,False
toy09_indoor_1@1300B,toy09_indoor_1,1200,100,0.85299236,0.0,154,False,False
toy09_indoor_1@1338B,toy09_indoor_1,50,1288,0.7582528,0.7071285427998855,0,True,False
toy09_indoor_1@1338B,toy09_indoor_1,100,1238,0.8444536,0.9199718375968082,0,True,False
toy09_indoor_1@1338B,toy09_indoor_1,300,1038,0.78898346,0.0,1,False,False
toy09_indoor_1@1338B,toy09_indoor_1,350,988,0.84350646,0.0,51,False,False
toy09_indoor_1@1338B,toy09_indoor_1,500,838,0.88234425,0.0,56,False,False
toy09_indoor_1@1338B,toy09_indoor_1,550,788,0.8968361,0.0,106,False,False
toy09_indoor_1@1338B,toy09_indoor_1,600,738,0.9225792,0.0,156,False,False
toy09_indoor_1@1338B,toy09_indoor_1,650,688,0.87953156,0.8937282229965157,0,False,False
toy09_indoor_1@1338B,toy09_indoor_1,750,588,0.8182316,0.9499905285091873,0,False,False
toy09_indoor_1@1338B,toy09_indoor_1,800,538,0.8817324,0.8463635059532348,0,False,False
toy09_indoor_1@1338B,toy09_indoor_1,950,388,0.8831696,0.9228732207878186,0,False,False
toy09_indoor_1@1338B,toy09_indoor_1,1000,338,0.7957702,0.9696969696969697,0,False,False
toy09_indoor_1@1338B,toy09_indoor_1,1050,288,0.878525,0.8933333333333333,0,False,False
toy09_indoor_1@1338B,toy09_indoor_1,1200,138,0.8687386,0.8802794537948555,0,False,False
toy09_indoor_1@1338B,toy09_indoor_1,1250,88,0.8377511,0.9044611937258097,0,False,False
toy09_indoor_1@1338B,toy09_indoor_1,1300,38,0.91344035,0.8928780487804878,0,False,False
toy09_indoor_1@150F,toy09_indoor_1,200,350,0.86071116,0.8637770897832817,0,False,False
toy09_indoor_1@150F,toy09_indoor_1,300,450,0.76148105,0.7835051546391752,0,False,False
toy09_indoor_1@150F,toy09_indoor_1,350,500,0.8922296,0.8768971332209107,0,False,False
toy09_indoor_1@150F,toy09_indoor_1,400,550,0.84533274,0.8902564102564102,0,False,False
toy09_indoor_1@150F,toy09_indoor_1,450,600,0.76545495,0.892579138557343,0,False,False
toy09_indoor_1@150F,toy09_indoor_1,550,700,0.8942024,0.9205020920502092,0,False,False
toy09_indoor_1@150F,toy09_indoor_1,600,750,0.84944725,0.8409677419354838,0,False,False
toy09_indoor_1@150F,toy09_indoor_1,650,800,0.8706737,0.9040566645202833,0,False,False
toy09_indoor_1@150F,toy09_indoor_1,700,850,0.87803084,0.8842224744608399,0,False,False
toy09_indoor_1@150F,toy09_indoor_1,750,900,0.9321035,0.9094930248383803,0,False,False
toy09_indoor_1@150F,toy09_indoor_1,800,950,0.9261107,0.892286548702972,0,False,False
toy09_indoor_1@150F,toy09_indoor_1,850,1000,0.93014985,0.9349154980222941,0,False,False
toy09_indoor_1@150F,toy09_indoor_1,900,1050,0.88544405,0.0,2,False,False
toy09_indoor_1@150F,toy09_indoor_1,1150,1300,0.86610657,0.0,252,False,False
toy09_indoor_1@200F,toy09_indoor_1,150,350,0.8322492,0.8797729618163055,0,True,False
toy09_indoor_1@200F,toy09_indoor_1,250,450,0.7661363,0.7374631268436578,0,True,False
toy09_indoor_1@200F,toy09_indoor_1,300,500,0.88298595,0.9016676250718804,0,True,False
toy09_indoor_1@200F,toy09_indoor_1,350,550,0.8581769,0.8591644204851752,0,True,False
toy09_indoor_1@200F,toy09_indoor_1,400,600,0.7803968,0.9247535028541775,0,True,False
toy09_indoor_1@200F,toy09_indoor_1,500,700,0.90786195,0.9428571428571428,0,True,False
toy09_indoor_1@200F,toy09_indoor_1,550,750,0.8830472,0.8516129032258064,0,True,False
toy09_indoor_1@200F,toy09_indoor_1,600,800,0.8914418,0.9156471345782357,0,True,False
toy09_indoor_1@200F,toy09_indoor_1,650,850,0.907351,0.8957795004306632,0,True,False
toy09_indoor_1@200F,toy09_indoor_1,700,900,0.9326642,0.9003062266076897,0,True,False
toy09_indoor_1@200F,toy09_indoor_1,750,950,0.9326935,0.9096740638002774,0,True,False
toy09_indoor_1@200F,toy09_indoor_1,800,1000,0.9292323,0.9349154980222941,0,True,False
toy09_indoor_1@200F,toy09_indoor_1,850,1050,0.8921321,0.0,3,False,False
toy09_indoor_1@200F,toy09_indoor_1,1100,1300,0.874154,0.0,253,False,False
toy09_indoor_1@250F,toy09_indoor_1,100,350,0.8298789,0.8637770897832817,0,True,False
toy09_indoor_1@250F,toy09_indoor_1,200,450,0.7686759,0.7553426676492262,0,True,False
toy09_indoor_1@250F,toy09_indoor_1,250,500,0.8733629,0.9381834086601546,0,True,False
toy09_indoor_1@250F,toy09_indoor_1,300,550,0.8636031,0.867053998632946,0,True,False
toy09_indoor_1@250F,toy09_indoor_1,350,600,0.77709305,0.9037363777893098,0,True,False
toy09_indoor_1@250F,toy09_indoor_1,400,650,0.7911435,0.9180745935607268,0,True,False
toy09_indoor_1@250F,toy09_indoor_1,450,700,0.8761643,0.948065528058557,0,True,False
toy09_indoor_1@250F,toy09_indoor_1,500,750,0.8744983,0.8715357026410173,0,True,False
toy09_indoor_1@250F,toy09_indoor_1,550,800,0.8917646,0.8907860824742269,0,True,False
toy09_indoor_1@250F,toy09_indoor_1,600,850,0.89828604,0.8742548963951178,0,True,False
toy09_indoor_1@250F,toy09_indoor_1,650,900,0.9330952,0.9003062266076897,0,True,False
toy09_indoor_1@250F,toy09_indoor_1,700,950,0.93469936,0.8925104022191401,0,True,False
toy09_indoor_1@250F,toy09_indoor_1,750,1000,0.92934453,0.9261057173678533,0,True,False
toy09_indoor_1@250F,toy09_indoor_1,800,1050,0.88569427,0.0,2,False,False
toy09_indoor_1@250F,toy09_indoor_1,1050,1300,0.86434376,0.0,252,False,False
toy09_indoor_1@300F,toy09_indoor_1,50,350,0.84188914,0.8940744625065548,0,True,False
toy09_indoor_1@300F,toy09_indoor_1,150,450,0.77639276,0.7553426676492262,0,True,False
toy09_indoor_1@300F,toy09_indoor_1,200,500,0.89307237,0.8927236123094622,0,True,False
toy09_indoor_1@300F,toy09_indoor_1,250,550,0.8297796,0.8210313447927199,0,True,False
toy09_indoor_1@300F,toy09_indoor_1,300,600,0.7617569,0.8827192527244422,0,True,False
toy09_indoor_1@300F,toy09_indoor_1,350,650,0.76477623,0.8663853727144867,0,True,False
toy09_indoor_1@300F,toy09_indoor_1,400,700,0.8787901,0.9205020920502092,0,True,False
toy09_indoor_1@300F,toy09_indoor_1,450,750,0.8546584,0.6712418300653594,0,True,False
toy09_indoor_1@300F,toy09_indoor_1,500,800,0.8238221,0.6427158866183257,0,True,False
toy09_indoor_1@300F,toy09_indoor_1,550,850,0.8647161,0.8842951478610394,0,True,False
toy09_indoor_1@300F,toy09_indoor_1,600,900,0.92811424,0.9094930248383803,0,True,False
toy09_indoor_1@300F,toy09_indoor_1,650,950,0.93005276,0.9188626907073509,0,True,False
toy09_indoor_1@300F,toy09_indoor_1,700,1000,0.9343089,0.9352750809061489,0,True,False
toy09_indoor_1@300F,toy09_indoor_1,750,1050,0.8837546,0.0,2,False,False
toy09_indoor_1@300F,toy09_indoor_1,1000,1300,0.8767726,0.0,252,False,False
toy09_indoor_1@350F,toy09_indoor_1,100,450,0.75017476,0.7553426676492262,0,True,False
toy09_indoor_1@350F,toy09_indoor_1,150,500,0.88795406,0.9288422280548265,0,True,False
toy09_indoor_1@350F,toy09_indoor_1,300,650,0.82139,0.9441530391854366,0,True,False
toy09_indoor_1@350F,toy09_indoor_1,350,700,0.86662734,0.9312169312169312,0,True,False
toy09_indoor_1@350F,toy09_indoor_1,400,750,0.8473848,0.8409677419354838,0,True,False
toy09_indoor_1@350F,toy09_indoor_1,450,800,0.87804395,0.9009449332029977,0,True,False
toy09_indoor_1@350F,toy09_indoor_1,500,850,0.8439132,0.8842224744608399,0,True,False
toy09_indoor_1@350F,toy09_indoor_1,550,900,0.9248604,0.9003062266076897,0,True,False
toy09_indoor_1@350F,toy09_indoor_1,600,950,0.92773753,0.8912968099861304,0,True,False
toy09_indoor_1@350F,toy09_indoor_1,650,1000,0.93060666,0.9169363538295577,0,True,False
toy09_indoor_1@350F,toy09_indoor_1,700,1050,0.8870072,0.0,2,False,False
toy09_indoor_1@350F,toy09_indoor_1,950,1300,0.87184495,0.0,252,False,False
toy09_indoor_1@400F,toy09_indoor_1,100,500,0.82942,0.9106064961195746,0,True,False
toy09_indoor_1@400F,toy09_indoor_1,150,550,0.8467633,0.8514275944605916,0,True,False
toy09_indoor_1@400F,toy09_indoor_1,250,650,0.7938208,0.908256880733945,0,True,False
toy09_indoor_1@400F,toy09_indoor_1,300,700,0.8722586,0.9428571428571428,0,True,False
toy09_indoor_1@400F,toy09_indoor_1,350,750,0.85981643,0.8349641226353555,0,True,False
toy09_indoor_1@400F,toy09_indoor_1,400,800,0.8698481,0.8754889178617992,0,True,False
toy09_indoor_1@400F,toy09_indoor_1,450,850,0.85644037,0.8842951478610394,0,True,False
toy09_indoor_1@400F,toy09_indoor_1,500,900,0.925418,0.8819326301463083,0,True,False
toy09_indoor_1@400F,toy09_indoor_1,550,950,0.9276653,0.8912968099861304,0,True,False
toy09_indoor_1@400F,toy09_indoor_1,600,1000,0.91886055,0.8985976267529665,0,True,False
toy09_indoor_1@400F,toy09_indoor_1,650,1050,0.88953745,0.0,2,False,False
toy09_indoor_1@400F,toy09_indoor_1,900,1300,0.8510331,0.0,252,False,False
toy09_indoor_1@450F,toy09_indoor_1,50,500,0.88308793,0.9288422280548265,0,True,False
toy09_indoor_1@450F,toy09_indoor_1,100,550,0.82259583,0.8716458725004272,0,True,False
toy09_indoor_1@450F,toy09_indoor_1,150,600,0.76604885,0.9037363777893098,0,True,False
toy09_indoor_1@450F,toy09_indoor_1,200,650,0.8490296,0.9032006245120999,0,True,False
toy09_indoor_1@450F,toy09_indoor_1,300,750,0.90069747,0.0,67,False,False
toy09_indoor_1@450F,toy09_indoor_1,350,800,0.8677001,0.0,117,False,False
toy09_indoor_1@450F,toy09_indoor_1,400,850,0.9065906,0.0,167,False,False
toy09_indoor_1@450F,toy09_indoor_1,450,900,0.9293814,0.0,217,False,False
toy09_indoor_1@450F,toy09_indoor_1,500,950,0.9037771,0.0,267,False,False
toy09_indoor_1@450F,toy09_indoor_1,550,1000,0.91241175,0.0,317,False,False
toy09_indoor_1@450F,toy09_indoor_1,600,1050,0.908117,0.0,367,False,False
toy09_indoor_1@450F,toy09_indoor_1,750,1200,0.7904244,0.0,517,False,False
toy09_indoor_1@450F,toy09_indoor_1,850,1300,0.8574558,0.0,617,False,False
toy09_indoor_1@500F,toy09_indoor_1,50,550,0.8427608,0.8494949494949495,0,True,False
toy09_indoor_1@500F,toy09_indoor_1,150,650,0.7698542,0.9204562737642585,0,True,False
toy09_indoor_1@500F,toy09_indoor_1,200,700,0.88038415,0.9312169312169312,0,True,False
toy09_indoor_1@500F,toy09_indoor_1,250,750,0.8456992,0.6855636123928807,0,True,False
toy09_indoor_1@500F,toy09_indoor_1,300,800,0.82592726,0.6249176005273567,0,True,False
toy09_indoor_1@500F,toy09_indoor_1,350,850,0.85523266,0.8526405451448041,0,True,False
toy09_indoor_1@500F,toy09_indoor_1,400,900,0.93331796,0.9003062266076897,0,True,False
toy09_indoor_1@500F,toy09_indoor_1,450,950,0.9306931,0.9096740638002774,0,True,False
toy09_indoor_1@500F,toy09_indoor_1,500,1000,0.9298262,0.9352750809061489,0,True,False
toy09_indoor_1@500F,toy09_indoor_1,550,1050,0.88841534,0.0,2,False,False
toy09_indoor_1@500F,toy09_indoor_1,700,1200,0.7854737,0.0,152,False,False
toy09_indoor_1@500F,toy09_indoor_1,800,1300,0.86404693,0.0,252,False,False
toy09_indoor_1@50F,toy09_indoor_1,50,100,0.8936717,0.9331503626739855,0,True,False
toy09_indoor_1@50F,toy09_indoor_1,100,150,0.8843077,0.8995983935742972,0,True,False
toy09_indoor_1@50F,toy09_indoor_1,300,350,0.85995984,0.8501777552056882,0,False,False
toy09_indoor_1@50F,toy09_indoor_1,400,450,0.7638772,0.7553426676492262,0,False,False
toy09_indoor_1@50F,toy09_indoor_1,450,500,0.87776595,0.8800057004417843,0,False,False
toy09_indoor_1@50F,toy09_indoor_1,500,550,0.84097505,0.8571184412920868,0,False,False
toy09_indoor_1@50F,toy09_indoor_1,550,600,0.76891005,0.9037363777893098,0,False,False
toy09_indoor_1@50F,toy09_indoor_1,600,650,0.8544848,0.8908134859263842,0,False,False
toy09_indoor_1@50F,toy09_indoor_1,650,700,0.8911453,0.9428571428571428,0,False,False
toy09_indoor_1@50F,toy09_indoor_1,700,750,0.8530492,0.8607760026084121,0,False,False
toy09_indoor_1@50F,toy09_indoor_1,750,800,0.883483,0.9381107491856677,0,False,False
toy09_indoor_1@50F,toy09_indoor_1,800,850,0.9014169,0.8958569807037458,0,False,False
toy09_indoor_1@50F,toy09_indoor_1,850,900,0.9318263,0.9003062266076897,0,False,False
toy09_indoor_1@50F,toy09_indoor_1,900,950,0.9304863,0.9268377253814147,0,False,False
toy09_indoor_1@50F,toy09_indoor_1,950,1000,0.93165606,0.9349154980222941,0,False,False
toy09_indoor_1@50F,toy09_indoor_1,1000,1050,0.8756526,0.0,2,False,False
toy09_indoor_1@50F,toy09_indoor_1,1250,1300,0.85760474,0.0,252,False,False
toy09_indoor_1@550F,toy09_indoor_1,50,600,0.7606432,0.9037363777893098,0,True,False
toy09_indoor_1@550F,toy09_indoor_1,100,650,0.84684855,0.8908134859263842,0,True,False
toy09_indoor_1@550F,toy09_indoor_1,200,750,0.893212,0.0,33,False,False
toy09_indoor_1@550F,toy09_indoor_1,250,800,0.8787513,0.0,83,False,False
toy09_indoor_1@550F,toy09_indoor_1,300,850,0.9107783,0.0,133,False,False
toy09_indoor_1@550F,toy09_indoor_1,350,900,0.9316527,0.0,183,False,False
toy09_indoor_1@550F,toy09_indoor_1,400,950,0.8962158,0.0,233,False,False
toy09_indoor_1@550F,toy09_indoor_1,450,1000,0.9138548,0.0,283,False,False
toy09_indoor_1@550F,toy09_indoor_1,500,1050,0.9010329,0.0,333,False,False
toy09_indoor_1@550F,toy09_indoor_1,750,1300,0.86432445,0.0,583,False,False
toy09_indoor_1@600F,toy09_indoor_1,50,650,0.85282224,0.9133489461358314,0,True,False
toy09_indoor_1@600F,toy09_indoor_1,100,700,0.8836494,0.9312169312169312,0,True,False
toy09_indoor_1@600F,toy09_indoor_1,150,750,0.85421175,0.7659987071751778,0,True,False
toy09_indoor_1@600F,toy09_indoor_1,200,800,0.86039996,0.7646671061305208,0,True,False
toy09_indoor_1@600F,toy09_indoor_1,250,850,0.8911244,0.8957795004306632,0,True,False
toy09_indoor_1@600F,toy09_indoor_1,300,900,0.9358453,0.9271978021978022,0,True,False
toy09_indoor_1@600F,toy09_indoor_1,350,950,0.9323286,0.9015256588072122,0,True,False
toy09_indoor_1@600F,toy09_indoor_1,400,1000,0.93073034,0.9095885573017836,0,True,False
toy09_indoor_1@600F,toy09_indoor_1,450,1050,0.8885477,0.0,2,False,False
toy09_indoor_1@600F,toy09_indoor_1,700,1300,0.86604017,0.0,252,False,False
toy09_indoor_1@650F,toy09_indoor_1,100,750,0.8985891,0.0,36,False,False
toy09_indoor_1@650F,toy09_indoor_1,150,800,0.8835098,0.0,86,False,False
toy09_indoor_1@650F,toy09_indoor_1,200,850,0.910251,0.0,136,False,False
toy09_indoor_1@650F,toy09_indoor_1,250,900,0.9382822,0.0,186,False,False
toy09_indoor_1@650F,toy09_indoor_1,300,950,0.9190544,0.0,236,False,False
toy09_indoor_1@650F,toy09_indoor_1,350,1000,0.92364645,0.0,286,False,False
toy09_indoor_1@650F,toy09_indoor_1,400,1050,0.9138253,0.0,336,False,False
toy09_indoor_1@650F,toy09_indoor_1,650,1300,0.865777,0.0,586,False,False
toy09_indoor_1@700B,toy09_indoor_1,50,650,0.8134627,0.8333077513430545,0,True,False
toy09_indoor_1@700B,toy09_indoor_1,100,600,0.82308936,0.851063829787234,0,True,False
toy09_indoor_1@700B,toy09_indoor_1,150,550,0.82652295,0.867053998632946,0,True,False
toy09_indoor_1@700B,toy09_indoor_1,200,500,0.9075718,0.9339080459770115,0,True,False
toy09_indoor_1@700B,toy09_indoor_1,350,350,0.8592614,0.8502839442436758,0,True,False
toy09_indoor_1@700B,toy09_indoor_1,400,300,0.83066326,0.806151874399231,0,True,False
toy09_indoor_1@700B,toy09_indoor_1,600,100,0.88891023,0.8532818532818532,0,False,False
toy09_indoor_1@700B,toy09_indoor_1,700,0,0.75243205,0.8839285714285714,0,False,False
toy09_indoor_1@750B,toy09_indoor_1,50,700,0.9066098,0.8973935994721214,0,True,False
toy09_indoor_1@750B,toy09_indoor_1,100,650,0.78360194,0.8368098159509203,0,True,False
toy09_indoor_1@750B,toy09_indoor_1,150,600,0.797135,0.8827192527244422,0,True,False
toy09_indoor_1@750B,toy09_indoor_1,200,550,0.8294679,0.8817498291182502,0,True,False
toy09_indoor_1@750B,toy09_indoor_1,250,500,0.89421725,0.9206798866855525,0,True,False
toy09_indoor_1@750B,toy09_indoor_1,400,350,0.85846585,0.8216010165184244,0,True,False
toy09_indoor_1@750B,toy09_indoor_1,450,300,0.82403594,0.806151874399231,0,True,False
toy09_indoor_1@750B,toy09_indoor_1,650,100,0.88965106,0.8739693757361602,0,False,False
toy09_indoor_1@800B,toy09_indoor_1,50,750,0.9110282,0.892375274552871,0,True,False
toy09_indoor_1@800B,toy09_indoor_1,100,700,0.9063129,0.8973935994721214,0,True,False
toy09_indoor_1@800B,toy09_indoor_1,150,650,0.818642,0.8383470069887572,0,True,False
toy09_indoor_1@800B,toy09_indoor_1,200,600,0.8054758,0.9037363777893098,0,True,False
toy09_indoor_1@800B,toy09_indoor_1,250,550,0.83337796,0.8526476061580105,0,True,False
toy09_indoor_1@800B,toy09_indoor_1,300,500,0.898793,0.9030337397221435,0,True,False
toy09_indoor_1@800B,toy09_indoor_1,450,350,0.8336563,0.8660299432111512,0,True,False
toy09_indoor_1@800B,toy09_indoor_1,500,300,0.8281855,0.794551282051282,0,True,False
toy09_indoor_1@800B,toy09_indoor_1,700,100,0.8757436,0.8739693757361602,0,False,False
toy09_indoor_1@850B,toy09_indoor_1,50,800,0.7870721,0.7479595168135814,0,True,False
toy09_indoor_1@850B,toy09_indoor_1,100,750,0.87193024,0.7646671061305208,0,True,False
toy09_indoor_1@850B,toy09_indoor_1,150,700,0.90989125,0.9714285714285714,0,True,False
toy09_indoor_1@850B,toy09_indoor_1,200,650,0.8479765,0.8544441003406628,0,True,False
toy09_indoor_1@850B,toy09_indoor_1,250,600,0.8295157,0.9037363777893098,0,True,False
toy09_indoor_1@850B,toy09_indoor_1,300,550,0.86356187,0.8817498291182502,0,True,False
toy09_indoor_1@850B,toy09_indoor_1,350,500,0.9051231,0.9118605639790279,0,True,False
toy09_indoor_1@850B,toy09_indoor_1,500,350,0.8622135,0.8637770897832817,0,True,False
toy09_indoor_1@850B,toy09_indoor_1,550,300,0.82725114,0.8279397628965075,0,True,False
toy09_indoor_1@850B,toy09_indoor_1,700,150,0.8001955,0.9081081081081082,0,False,False
toy09_indoor_1@850B,toy09_indoor_1,750,100,0.89840597,0.8546726248299981,0,False,False
toy09_indoor_1@900B,toy09_indoor_1,50,850,0.9152245,0.8856088560885609,0,True,False
toy09_indoor_1@900B,toy09_indoor_1,150,750,0.8337331,0.8009228740936059,0,True,False
toy09_indoor_1@900B,toy09_indoor_1,200,700,0.90313864,0.9714285714285714,0,True,False
toy09_indoor_1@900B,toy09_indoor_1,250,650,0.8566166,0.8762306610407876,0,True,False
toy09_indoor_1@900B,toy09_indoor_1,300,600,0.802726,0.9030271934325295,0,True,False
toy09_indoor_1@900B,toy09_indoor_1,350,550,0.8673676,0.868979454361738,0,True,False
toy09_indoor_1@900B,toy09_indoor_1,400,500,0.89639586,0.9206798866855525,0,True,False
toy09_indoor_1@900B,toy09_indoor_1,550,350,0.8666406,0.8660299432111512,0,True,False
toy09_indoor_1@900B,toy09_indoor_1,600,300,0.8456449,0.8279397628965075,0,True,False
toy09_indoor_1@900B,toy09_indoor_1,750,150,0.81230557,0.9081081081081082,0,False,False
toy09_indoor_1@900B,toy09_indoor_1,800,100,0.903938,0.8739693757361602,0,False,False
toy09_indoor_1@950B,toy09_indoor_1,50,900,0.93435705,0.9003062266076897,0,True,False
toy09_indoor_1@950B,toy09_indoor_1,100,850,0.9178503,0.8856088560885609,0,True,False
toy09_indoor_1@950B,toy09_indoor_1,150,800,0.7924811,0.7574273587985635,0,True,False
toy09_indoor_1@950B,toy09_indoor_1,200,750,0.8856161,0.816010329244674,0,True,False
toy09_indoor_1@950B,toy09_indoor_1,250,700,0.9095287,0.9444444444444444,0,True,False
toy09_indoor_1@950B,toy09_indoor_1,300,650,0.8345149,0.8627267041901189,0,True,False
toy09_indoor_1@950B,toy09_indoor_1,350,600,0.8073604,0.8827303053630998,0,True,False
toy09_indoor_1@950B,toy09_indoor_1,400,550,0.8563876,0.8964456596035544,0,True,False
toy09_indoor_1@950B,toy09_indoor_1,450,500,0.9037354,0.8944116821117664,0,True,False
toy09_indoor_1@950B,toy09_indoor_1,600,350,0.86013687,0.8637770897832817,0,True,False
toy09_indoor_1@950B,toy09_indoor_1,650,300,0.80099505,0.849727651393784,0,True,False
toy09_indoor_1@950B,toy09_indoor_1,800,150,0.8072336,0.9081081081081082,0,False,False
toy09_indoor_1@950B,toy09_indoor_1,850,100,0.9010594,0.8594594594594595,0,False,False
two_tennis_balls_3@50F,two_tennis_balls_3,50,100,0.79213387,0.0,4,False,False
yogurt_indoor_1@0F,yogurt_indoor_1,50,50,0.8572377,0.8372576177285319,0,True,False
yogurt_indoor_1@0F,yogurt_indoor_1,100,100,0.81774205,0.6944444444444444,0,True,False
yogurt_indoor_1@0F,yogurt_indoor_1,150,150,0.893899,0.9215425531914894,0,True,False
yogurt_indoor_1@0F,yogurt_indoor_1,250,250,0.8304347,0.8613138686131386,0,True,False
yogurt_indoor_1@0F,yogurt_indoor_1,350,350,0.8231515,0.9199689199689199,0,True,False
yogurt_indoor_1@0F,yogurt_indoor_1,600,600,0.88814914,0.38441558441558443,0,True,False
yogurt_indoor_1@0F,yogurt_indoor_1,650,650,0.8934604,0.47692307692307695,0,True,False
yogurt_indoor_1@0F,yogurt_indoor_1,700,700,0.9066259,0.5120535714285714,0,True,False
yogurt_indoor_1@0F,yogurt_indoor_1,750,750,0.9179802,0.4755784061696658,0,True,False
yogurt_indoor_1@0F,yogurt_indoor_1,800,800,0.92402446,0.484375,0,True,False
yogurt_indoor_1@0F,yogurt_indoor_1,900,900,0.7952506,0.3914675767918089,0,True,False
yogurt_indoor_1@0F,yogurt_indoor_1,950,950,0.8500027,0.4213694507148232,0,True,False
yogurt_indoor_1@0F,yogurt_indoor_1,1000,1000,0.87167263,0.41945031712473574,0,True,False
yogurt_indoor_1@0F,yogurt_indoor_1,1150,1150,0.7670427,0.8955223880597015,0,True,False
yogurt_indoor_1@0F,yogurt_indoor_1,1200,1200,0.88747513,0.9163484901076016,0,True,False
yogurt_indoor_1@0F,yogurt_indoor_1,1300,1300,0.82348675,0.900720576461169,0,True,False
yogurt_indoor_1@0F,yogurt_indoor_1,1350,1350,0.8996005,0.7744252873563219,0,True,False
yogurt_indoor_1@0F,yogurt_indoor_1,1400,1400,0.8556362,0.8571428571428571,0,True,False
yogurt_indoor_1@0F,yogurt_indoor_1,1450,1450,0.81668025,0.8411097099621689,0,True,False
yogurt_indoor_1@0F,yogurt_indoor_1,1550,1550,0.8847204,0.41245791245791247,0,True,False
yogurt_indoor_1@0F,yogurt_indoor_1,1600,1600,0.9147385,0.40195233993683605,0,True,False
yogurt_indoor_1@1000B,yogurt_indoor_1,100,900,0.769477,0.8177150192554558,0,True,False
yogurt_indoor_1@1000B,yogurt_indoor_1,650,350,0.81205416,0.8671328671328671,0,False,False
yogurt_indoor_1@1000B,yogurt_indoor_1,750,250,0.8478756,0.9111969111969112,0,False,False
yogurt_indoor_1@1000B,yogurt_indoor_1,850,150,0.8699864,0.9523809523809523,0,False,False
yogurt_indoor_1@1000B,yogurt_indoor_1,900,100,0.8208723,0.7168458781362007,0,False,False
yogurt_indoor_1@1000B,yogurt_indoor_1,950,50,0.8272286,0.8336871903750884,0,False,False
yogurt_indoor_1@1000B,yogurt_indoor_1,1000,0,0.8781731,0.9209302325581395,0,False,False
yogurt_indoor_1@100F,yogurt_indoor_1,50,150,0.82782495,0.7307692307692307,0,True,False
yogurt_indoor_1@100F,yogurt_indoor_1,150,250,0.8469611,0.9111969111969112,0,True,False
yogurt_indoor_1@100F,yogurt_indoor_1,250,350,0.83670884,0.8671328671328671,0,True,False
yogurt_indoor_1@100F,yogurt_indoor_1,500,600,0.86612487,0.35064935064935066,0,True,False
yogurt_indoor_1@100F,yogurt_indoor_1,550,650,0.8329113,0.46153846153846156,0,True,False
yogurt_indoor_1@100F,yogurt_indoor_1,600,700,0.8909375,0.4914134742404227,0,True,False
yogurt_indoor_1@100F,yogurt_indoor_1,650,750,0.89505625,0.46875,0,True,False
yogurt_indoor_1@100F,yogurt_indoor_1,700,800,0.9024588,0.4560810810810811,0,True,False
yogurt_indoor_1@100F,yogurt_indoor_1,800,900,0.8445202,0.38368475630833043,0,True,False
yogurt_indoor_1@100F,yogurt_indoor_1,850,950,0.81964564,0.4094843808806925,0,True,False
yogurt_indoor_1@100F,yogurt_indoor_1,900,1000,0.85699064,0.41945031712473574,0,True,False
yogurt_indoor_1@100F,yogurt_indoor_1,1300,1400,0.8172572,0.8949152542372881,0,True,False
yogurt_indoor_1@100F,yogurt_indoor_1,1350,1450,0.7719435,0.8266078184110971,0,True,False
yogurt_indoor_1@100F,yogurt_indoor_1,1450,1550,0.8773378,0.39113355780022446,0,True,False
yogurt_indoor_1@100F,yogurt_indoor_1,1500,1600,0.90426004,0.39046798736721217,0,True,False
yogurt_indoor_1@1050B,yogurt_indoor_1,100,950,0.7693438,0.41876999644507645,0,True,False
yogurt_indoor_1@1050B,yogurt_indoor_1,150,900,0.7591005,0.4016106442577031,0,True,False
yogurt_indoor_1@1050B,yogurt_indoor_1,300,750,0.76985246,0.8611111111111112,0,True,False
yogurt_indoor_1@1050B,yogurt_indoor_1,350,700,0.86679894,0.8888888888888888,0,True,False
yogurt_indoor_1@1050B,yogurt_indoor_1,400,650,0.82165605,0.8050339592489013,0,True,False
yogurt_indoor_1@1050B,yogurt_indoor_1,450,600,0.7936074,0.7880710659898477,0,True,False
yogurt_indoor_1@1050B,yogurt_indoor_1,850,200,0.75323343,0.7986688851913477,0,True,False
yogurt_indoor_1@1050B,yogurt_indoor_1,900,150,0.81022036,0.8900560224089635,0,True,False
yogurt_indoor_1@1050B,yogurt_indoor_1,950,100,0.8053847,0.7168458781362007,0,True,False
yogurt_indoor_1@1050B,yogurt_indoor_1,1000,50,0.8017481,0.7872340425531915,0,True,False
yogurt_indoor_1@1100B,yogurt_indoor_1,150,950,0.7698407,0.43645794738792143,0,True,False
yogurt_indoor_1@1100B,yogurt_indoor_1,300,800,0.7991447,0.47128378378378377,0,True,False
yogurt_indoor_1@1100B,yogurt_indoor_1,350,750,0.8952002,0.4817708333333333,0,True,False
yogurt_indoor_1@1100B,yogurt_indoor_1,400,700,0.9102978,0.5120535714285714,0,True,False
yogurt_indoor_1@1100B,yogurt_indoor_1,450,650,0.79174227,0.505982905982906,0,True,False
yogurt_indoor_1@1100B,yogurt_indoor_1,500,600,0.8985122,0.3724025974025974,0,True,False
yogurt_indoor_1@1100B,yogurt_indoor_1,750,350,0.87176543,0.9199689199689199,0,True,False
yogurt_indoor_1@1100B,yogurt_indoor_1,850,250,0.8256042,0.8939393939393939,0,True,False
yogurt_indoor_1@1100B,yogurt_indoor_1,950,150,0.8297281,0.8991825613079019,0,True,False
yogurt_indoor_1@1100B,yogurt_indoor_1,1000,100,0.81866276,0.676779463243874,0,True,False
yogurt_indoor_1@1100B,yogurt_indoor_1,1050,50,0.8357432,0.8556263269639066,0,True,False
yogurt_indoor_1@1100B,yogurt_indoor_1,1100,0,0.8578474,0.9428571428571428,0,True,False
yogurt_indoor_1@1150B,yogurt_indoor_1,150,1000,0.7753992,0.392721117223868,0,True,False
yogurt_indoor_1@1150B,yogurt_indoor_1,200,950,0.8479208,0.40820165537998493,0,True,False
yogurt_indoor_1@1150B,yogurt_indoor_1,400,750,0.8021766,0.95703125,0,True,False
yogurt_indoor_1@1150B,yogurt_indoor_1,450,700,0.88090515,0.889602053915276,0,True,False
yogurt_indoor_1@1150B,yogurt_indoor_1,500,650,0.761225,0.8218390804597702,0,True,False
yogurt_indoor_1@1150B,yogurt_indoor_1,550,600,0.8060617,0.8309271735643247,0,True,False
yogurt_indoor_1@1150B,yogurt_indoor_1,900,250,0.76623505,0.8212389380530973,0,True,False
yogurt_indoor_1@1150B,yogurt_indoor_1,1050,100,0.7648794,0.7168458781362007,0,True,False
yogurt_indoor_1@1150B,yogurt_indoor_1,1100,50,0.8265352,0.7872340425531915,0,True,False
yogurt_indoor_1@1150B,yogurt_indoor_1,1150,0,0.8482091,0.8990033222591363,0,True,False
yogurt_indoor_1@1200B,yogurt_indoor_1,50,1150,0.9047772,0.917910447761194,0,True,False
yogurt_indoor_1@1200B,yogurt_indoor_1,200,1000,0.8064001,0.40609137055837563,0,True,False
yogurt_indoor_1@1200B,yogurt_indoor_1,250,950,0.8459272,0.4213694507148232,0,True,False
yogurt_indoor_1@1200B,yogurt_indoor_1,300,900,0.7502448,0.37815126050420167,0,True,False
yogurt_indoor_1@1200B,yogurt_indoor_1,500,700,0.78507936,0.918918918918919,0,True,False
yogurt_indoor_1@1200B,yogurt_indoor_1,600,600,0.7613386,0.7533718689788054,0,True,False
yogurt_indoor_1@1200B,yogurt_indoor_1,950,250,0.7564393,0.833922261484099,0,True,False
yogurt_indoor_1@1200B,yogurt_indoor_1,1100,100,0.76494795,0.676779463243874,0,True,False
yogurt_indoor_1@1200B,yogurt_indoor_1,1150,50,0.8281431,0.8336871903750884,0,True,False
yogurt_indoor_1@1200B,yogurt_indoor_1,1200,0,0.8620119,0.8888888888888888,0,True,False
yogurt_indoor_1@1250B,yogurt_indoor_1,100,1150,0.81110555,0.8731343283582089,0,True,False
yogurt_indoor_1@1250B,yogurt_indoor_1,300,950,0.7690789,0.43645794738792143,0,True,False
yogurt_indoor_1@1250B,yogurt_indoor_1,600,650,0.7574436,0.7473309608540926,0,True,False
yogurt_indoor_1@1250B,yogurt_indoor_1,1000,250,0.7837422,0.9111969111969112,0,True,False
yogurt_indoor_1@1250B,yogurt_indoor_1,1050,200,0.77713895,0.8022792022792022,0,True,False
yogurt_indoor_1@1250B,yogurt_indoor_1,1100,150,0.85072446,0.896358543417367,0,True,False
yogurt_indoor_1@1250B,yogurt_indoor_1,1150,100,0.83173877,0.7444168734491315,0,True,False
yogurt_indoor_1@1250B,yogurt_indoor_1,1200,50,0.8256703,0.8085106382978723,0,True,False
yogurt_indoor_1@1250B,yogurt_indoor_1,1250,0,0.8281139,0.8274739583333334,0,True,False
yogurt_indoor_1@1300B,yogurt_indoor_1,150,1150,0.82707083,0.8955223880597015,0,True,False
yogurt_indoor_1@1300B,yogurt_indoor_1,300,1000,0.7750676,0.4302477183833116,0,True,False
yogurt_indoor_1@1300B,yogurt_indoor_1,350,950,0.85077584,0.4269919939001144,0,True,False
yogurt_indoor_1@1300B,yogurt_indoor_1,500,800,0.7717036,0.42567567567567566,0,True,False
yogurt_indoor_1@1300B,yogurt_indoor_1,550,750,0.88918257,0.46875,0,True,False
yogurt_indoor_1@1300B,yogurt_indoor_1,600,700,0.91665745,0.5120535714285714,0,True,False
yogurt_indoor_1@1300B,yogurt_indoor_1,650,650,0.80527174,0.47692307692307695,0,True,False
yogurt_indoor_1@1300B,yogurt_indoor_1,700,600,0.9112956,0.36233766233766235,0,True,False
yogurt_indoor_1@1300B,yogurt_indoor_1,950,350,0.8240825,0.8951048951048951,0,True,False
yogurt_indoor_1@1300B,yogurt_indoor_1,1050,250,0.8146453,0.8795031055900621,0,True,False
yogurt_indoor_1@1300B,yogurt_indoor_1,1100,200,0.7607105,0.7986688851913477,0,True,False
yogurt_indoor_1@1300B,yogurt_indoor_1,1150,150,0.85697937,0.896358543417367,0,True,False
yogurt_indoor_1@1300B,yogurt_indoor_1,1200,100,0.8014706,0.7021791767554479,0,True,False
yogurt_indoor_1@1300B,yogurt_indoor_1,1250,50,0.79014426,0.8043478260869565,0,True,False
yogurt_indoor_1@1300B,yogurt_indoor_1,1300,0,0.7982889,0.8221216041397154,0,True,False
yogurt_indoor_1@1350B,yogurt_indoor_1,50,1300,0.8973714,0.9237875288683602,0,True,False
yogurt_indoor_1@1350B,yogurt_indoor_1,200,1150,0.8600376,0.9090909090909091,0,True,False
yogurt_indoor_1@1350B,yogurt_indoor_1,600,750,0.8215087,0.95703125,0,True,False
yogurt_indoor_1@1350B,yogurt_indoor_1,650,700,0.87471354,0.9300911854103343,0,True,False
yogurt_indoor_1@1350B,yogurt_indoor_1,750,600,0.75703764,0.8116577875274209,0,True,False
yogurt_indoor_1@1350B,yogurt_indoor_1,1200,150,0.8418883,0.8931245745405038,0,True,False
yogurt_indoor_1@1350B,yogurt_indoor_1,1250,100,0.8035531,0.7211538461538461,0,True,False
yogurt_indoor_1@1350B,yogurt_indoor_1,1300,50,0.82039255,0.7872340425531915,0,True,False
yogurt_indoor_1@1350B,yogurt_indoor_1,1350,0,0.84965295,0.850632911392405,0,True,False
yogurt_indoor_1@1400B,yogurt_indoor_1,50,1350,0.89450324,0.742816091954023,0,True,False
yogurt_indoor_1@1400B,yogurt_indoor_1,100,1300,0.9090579,0.860702614379085,0,True,False
yogurt_indoor_1@1400B,yogurt_indoor_1,250,1150,0.79227364,0.8540145985401459,0,True,False
yogurt_indoor_1@1400B,yogurt_indoor_1,650,750,0.8145888,0.9722222222222222,0,True,False
yogurt_indoor_1@1400B,yogurt_indoor_1,700,700,0.8648643,0.9444444444444444,0,True,False
yogurt_indoor_1@1400B,yogurt_indoor_1,1150,250,0.7752051,0.8821292775665399,0,True,False
yogurt_indoor_1@1400B,yogurt_indoor_1,1250,150,0.8616458,0.8991825613079019,0,True,False
yogurt_indoor_1@1400B,yogurt_indoor_1,1300,100,0.7794645,0.7211538461538461,0,True,False
yogurt_indoor_1@1400B,yogurt_indoor_1,1350,50,0.82659864,0.7872340425531915,0,True,False
yogurt_indoor_1@1400B,yogurt_indoor_1,1400,0,0.82638997,0.8930232558139535,0,True,False
yogurt_indoor_1@1450B,yogurt_indoor_1,50,1400,0.8782697,0.82,0,True,False
yogurt_indoor_1@1450B,yogurt_indoor_1,100,1350,0.89962846,0.742816091954023,0,True,False
yogurt_indoor_1@1450B,yogurt_indoor_1,150,1300,0.91188943,0.880718954248366,0,True,False
yogurt_indoor_1@1450B,yogurt_indoor_1,250,1200,0.76036936,0.7829432510420007,0,True,False
yogurt_indoor_1@1450B,yogurt_indoor_1,300,1150,0.8695197,0.8385194890271864,0,True,False
yogurt_indoor_1@1450B,yogurt_indoor_1,400,1050,0.7507007,0.9546134663341646,0,True,False
yogurt_indoor_1@1450B,yogurt_indoor_1,450,1000,0.7559586,0.38731218697829717,0,True,False
yogurt_indoor_1@1450B,yogurt_indoor_1,500,950,0.8698337,0.3966879939781709,0,True,False
yogurt_indoor_1@1450B,yogurt_indoor_1,650,800,0.80323166,0.44341216216216217,0,True,False
yogurt_indoor_1@1450B,yogurt_indoor_1,700,750,0.9034633,0.46875,0,True,False
yogurt_indoor_1@1450B,yogurt_indoor_1,750,700,0.92354643,0.5120535714285714,0,True,False
yogurt_indoor_1@1450B,yogurt_indoor_1,800,650,0.85857487,0.47692307692307695,0,True,False
yogurt_indoor_1@1450B,yogurt_indoor_1,850,600,0.92269915,0.36233766233766235,0,True,False
yogurt_indoor_1@1450B,yogurt_indoor_1,1100,350,0.85101515,0.8912198912198912,0,True,False
yogurt_indoor_1@1450B,yogurt_indoor_1,1200,250,0.79305744,0.8939393939393939,0,True,False
yogurt_indoor_1@1450B,yogurt_indoor_1,1300,150,0.85458815,0.8719346049046321,0,True,False
yogurt_indoor_1@1450B,yogurt_indoor_1,1350,100,0.79728967,0.7741935483870968,0,True,False
yogurt_indoor_1@1450B,yogurt_indoor_1,1400,50,0.7775722,0.8043478260869565,0,True,False
yogurt_indoor_1@1450B,yogurt_indoor_1,1450,0,0.8258008,0.8536109303838647,0,True,False
yogurt_indoor_1@1500B,yogurt_indoor_1,50,1450,0.80407923,0.8411097099621689,0,True,False
yogurt_indoor_1@1500B,yogurt_indoor_1,100,1400,0.85207784,0.8396094839609484,0,True,False
yogurt_indoor_1@1500B,yogurt_indoor_1,150,1350,0.87475514,0.7270114942528736,0,True,False
yogurt_indoor_1@1500B,yogurt_indoor_1,200,1300,0.88398814,0.8438125750901081,0,True,False
yogurt_indoor_1@1500B,yogurt_indoor_1,300,1200,0.7770652,0.8038461538461539,0,True,False
yogurt_indoor_1@1500B,yogurt_indoor_1,350,1150,0.8949381,0.8955223880597015,0,True,False
yogurt_indoor_1@1500B,yogurt_indoor_1,550,950,0.7692558,0.42528735632183906,0,True,False
yogurt_indoor_1@1500B,yogurt_indoor_1,800,700,0.8564934,0.47577092511013214,0,True,False
yogurt_indoor_1@1500B,yogurt_indoor_1,850,650,0.8828338,0.45170691090757703,0,True,False
yogurt_indoor_1@1500B,yogurt_indoor_1,900,600,0.9149079,0.36233766233766235,0,True,False
yogurt_indoor_1@1500B,yogurt_indoor_1,1150,350,0.8245241,0.8912198912198912,0,True,False
yogurt_indoor_1@1500B,yogurt_indoor_1,1250,250,0.8025475,0.8939393939393939,0,True,False
yogurt_indoor_1@1500B,yogurt_indoor_1,1350,150,0.79460126,0.8688741721854305,0,True,False
yogurt_indoor_1@1500B,yogurt_indoor_1,1400,100,0.8361056,0.7168458781362007,0,True,False
yogurt_indoor_1@1500B,yogurt_indoor_1,1450,50,0.8093148,0.7872340425531915,0,True,False
yogurt_indoor_1@1500B,yogurt_indoor_1,1500,0,0.8543061,0.8611111111111112,0,True,False
yogurt_indoor_1@150F,yogurt_indoor_1,100,250,0.81661284,0.8613138686131386,0,True,False
yogurt_indoor_1@150F,yogurt_indoor_1,200,350,0.80166274,0.9199689199689199,0,True,False
yogurt_indoor_1@150F,yogurt_indoor_1,450,600,0.8786102,0.36233766233766235,0,True,False
yogurt_indoor_1@150F,yogurt_indoor_1,500,650,0.86910105,0.47692307692307695,0,True,False
yogurt_indoor_1@150F,yogurt_indoor_1,550,700,0.92477095,0.5120535714285714,0,True,False
yogurt_indoor_1@150F,yogurt_indoor_1,600,750,0.9106287,0.46875,0,True,False
yogurt_indoor_1@150F,yogurt_indoor_1,650,800,0.9261264,0.484375,0,True,False
yogurt_indoor_1@150F,yogurt_indoor_1,750,900,0.80343324,0.39391845196959224,0,True,False
yogurt_indoor_1@150F,yogurt_indoor_1,800,950,0.8425871,0.40289639806906796,0,True,False
yogurt_indoor_1@150F,yogurt_indoor_1,850,1000,0.8756733,0.41825095057034223,0,True,False
yogurt_indoor_1@150F,yogurt_indoor_1,1150,1300,0.860528,0.8406862745098039,0,True,False
yogurt_indoor_1@150F,yogurt_indoor_1,1200,1350,0.9016403,0.742816091954023,0,True,False
yogurt_indoor_1@150F,yogurt_indoor_1,1250,1400,0.86910725,0.8396094839609484,0,True,False
yogurt_indoor_1@150F,yogurt_indoor_1,1300,1450,0.77976465,0.8266078184110971,0,True,False
yogurt_indoor_1@150F,yogurt_indoor_1,1350,1500,0.7544216,0.4268292682926829,0,True,False
yogurt_indoor_1@150F,yogurt_indoor_1,1400,1550,0.91019845,0.41245791245791247,0,True,False
yogurt_indoor_1@150F,yogurt_indoor_1,1450,1600,0.91365224,0.40195233993683605,0,True,False
yogurt_indoor_1@1550B,yogurt_indoor_1,50,1500,0.8360091,0.975609756097561,0,True,False
yogurt_indoor_1@1550B,yogurt_indoor_1,100,1450,0.8006398,0.8045397225725095,0,True,False
yogurt_indoor_1@1550B,yogurt_indoor_1,150,1400,0.84695864,0.8396094839609484,0,True,False
yogurt_indoor_1@1550B,yogurt_indoor_1,200,1350,0.8731371,0.7270114942528736,0,True,False
yogurt_indoor_1@1550B,yogurt_indoor_1,250,1300,0.900872,0.880718954248366,0,True,False
yogurt_indoor_1@1550B,yogurt_indoor_1,400,1150,0.8660907,0.8835341365461847,0,True,False
yogurt_indoor_1@1550B,yogurt_indoor_1,550,1000,0.82251984,0.40609137055837563,0,True,False
yogurt_indoor_1@1550B,yogurt_indoor_1,600,950,0.8577129,0.3966879939781709,0,True,False
yogurt_indoor_1@1550B,yogurt_indoor_1,750,800,0.8196548,0.47128378378378377,0,True,False
yogurt_indoor_1@1550B,yogurt_indoor_1,800,750,0.8948211,0.46875,0,True,False
yogurt_indoor_1@1550B,yogurt_indoor_1,850,700,0.92151487,0.4914134742404227,0,True,False
yogurt_indoor_1@1550B,yogurt_indoor_1,900,650,0.8352951,0.47692307692307695,0,True,False
yogurt_indoor_1@1550B,yogurt_indoor_1,950,600,0.90949655,0.36233766233766235,0,True,False
yogurt_indoor_1@1550B,yogurt_indoor_1,1200,350,0.8311775,0.8912198912198912,0,True,False
yogurt_indoor_1@1550B,yogurt_indoor_1,1300,250,0.80871534,0.8656716417910447,0,True,False
yogurt_indoor_1@1550B,yogurt_indoor_1,1400,150,0.83635366,0.8931245745405038,0,True,False
yogurt_indoor_1@1550B,yogurt_indoor_1,1450,100,0.8343848,0.6944444444444444,0,True,False
yogurt_indoor_1@1550B,yogurt_indoor_1,1500,50,0.8297047,0.7916666666666666,0,True,False
yogurt_indoor_1@1550B,yogurt_indoor_1,1550,0,0.8634658,0.8703352308665402,0,True,False
yogurt_indoor_1@1600B,yogurt_indoor_1,50,1550,0.90768343,0.8688304721030042,0,True,False
yogurt_indoor_1@1600B,yogurt_indoor_1,100,1500,0.85246086,0.9878048780487805,0,True,False
yogurt_indoor_1@1600B,yogurt_indoor_1,150,1450,0.7701919,0.7862547288776797,0,True,False
yogurt_indoor_1@1600B,yogurt_indoor_1,200,1400,0.8446161,0.8396094839609484,0,True,False
yogurt_indoor_1@1600B,yogurt_indoor_1,250,1350,0.88820475,0.7270114942528736,0,True,False
yogurt_indoor_1@1600B,yogurt_indoor_1,300,1300,0.9037497,0.8782679738562091,0,True,False
yogurt_indoor_1@1600B,yogurt_indoor_1,450,1150,0.82764834,0.8759124087591241,0,True,False
yogurt_indoor_1@1600B,yogurt_indoor_1,650,950,0.7645375,0.42528735632183906,0,True,False
yogurt_indoor_1@1600B,yogurt_indoor_1,700,900,0.7719797,0.37815126050420167,0,True,False
yogurt_indoor_1@1600B,yogurt_indoor_1,800,800,0.8148961,0.45819256756756754,0,True,False
yogurt_indoor_1@1600B,yogurt_indoor_1,850,750,0.9006307,0.46272493573264784,0,True,False
yogurt_indoor_1@1600B,yogurt_indoor_1,900,700,0.92413837,0.4619332763045338,0,True,False
yogurt_indoor_1@1600B,yogurt_indoor_1,950,650,0.79404694,0.47068747363981445,0,True,False
yogurt_indoor_1@1600B,yogurt_indoor_1,1000,600,0.91333,0.3724025974025974,0,True,False
yogurt_indoor_1@1600B,yogurt_indoor_1,1100,500,0.7656977,0.8899521531100478,0,True,False
yogurt_indoor_1@1600B,yogurt_indoor_1,1250,350,0.80984074,0.8671328671328671,0,True,False
yogurt_indoor_1@1600B,yogurt_indoor_1,1350,250,0.80200505,0.9111969111969112,0,True,False
yogurt_indoor_1@1600B,yogurt_indoor_1,1450,150,0.86870575,0.9210347174948945,0,True,False
yogurt_indoor_1@1600B,yogurt_indoor_1,1500,100,0.8315915,0.7168458781362007,0,True,False
yogurt_indoor_1@1600B,yogurt_indoor_1,1550,50,0.81731606,0.8085106382978723,0,True,False
yogurt_indoor_1@1600B,yogurt_indoor_1,1600,0,0.870264,0.824572514249525,0,True,False
yogurt_indoor_1@1608B,yogurt_indoor_1,50,1558,0.90581286,0.8673718470301057,0,True,False
yogurt_indoor_1@1608B,yogurt_indoor_1,100,1508,0.9077849,0.8973063973063973,0,True,False
yogurt_indoor_1@1608B,yogurt_indoor_1,200,1408,0.7920931,0.8862959285004965,0,True,False
yogurt_indoor_1@1608B,yogurt_indoor_1,250,1358,0.88116664,0.8141135972461274,0,True,False
yogurt_indoor_1@1608B,yogurt_indoor_1,300,1308,0.8805604,0.9162011173184358,0,True,False
yogurt_indoor_1@1608B,yogurt_indoor_1,400,1208,0.78189254,0.8117223313686968,0,True,False
yogurt_indoor_1@1608B,yogurt_indoor_1,450,1158,0.8953015,0.8195926285160039,0,True,False
yogurt_indoor_1@1608B,yogurt_indoor_1,500,1108,0.85419714,0.8223642172523962,0,True,False
yogurt_indoor_1@1608B,yogurt_indoor_1,700,908,0.8220048,0.8684464458025088,0,True,False
yogurt_indoor_1@1608B,yogurt_indoor_1,900,708,0.81515133,0.9303120991876871,0,True,False
yogurt_indoor_1@1608B,yogurt_indoor_1,950,658,0.76030016,0.8693941778127459,0,True,False
yogurt_indoor_1@1608B,yogurt_indoor_1,1000,608,0.75402004,0.8235880398671096,0,True,False
yogurt_indoor_1@1608B,yogurt_indoor_1,1100,508,0.8602493,0.8557829604950024,0,True,False
yogurt_indoor_1@1608B,yogurt_indoor_1,1200,408,0.7794299,0.7751196172248804,0,True,False
yogurt_indoor_1@1608B,yogurt_indoor_1,1250,358,0.83590615,0.8433048433048433,0,True,False
yogurt_indoor_1@1608B,yogurt_indoor_1,1300,308,0.8176141,0.8845208845208845,0,True,False
yogurt_indoor_1@1608B,yogurt_indoor_1,1400,208,0.77767956,0.935093509350935,0,True,False
yogurt_indoor_1@1608B,yogurt_indoor_1,1500,108,0.8023015,0.7211538461538461,0,True,False
yogurt_indoor_1@1608B,yogurt_indoor_1,1600,8,0.85902476,0.9428571428571428,0,True,False
yogurt_indoor_1@200F,yogurt_indoor_1,50,250,0.8845839,0.8939393939393939,0,True,False
yogurt_indoor_1@200F,yogurt_indoor_1,150,350,0.8159435,0.8951048951048951,0,True,False
yogurt_indoor_1@200F,yogurt_indoor_1,400,600,0.89039606,0.36233766233766235,0,True,False
yogurt_indoor_1@200F,yogurt_indoor_1,450,650,0.8827748,0.47692307692307695,0,True,False
yogurt_indoor_1@200F,yogurt_indoor_1,500,700,0.91811705,0.5120535714285714,0,True,False
yogurt_indoor_1@200F,yogurt_indoor_1,550,750,0.91224897,0.46272493573264784,0,True,False
yogurt_indoor_1@200F,yogurt_indoor_1,600,800,0.9193069,0.484375,0,True,False
yogurt_indoor_1@200F,yogurt_indoor_1,750,950,0.7961289,0.40289639806906796,0,True,False
yogurt_indoor_1@200F,yogurt_indoor_1,800,1000,0.8866026,0.41945031712473574,0,True,False
yogurt_indoor_1@200F,yogurt_indoor_1,950,1150,0.7812044,0.8819538670284939,0,True,False
yogurt_indoor_1@200F,yogurt_indoor_1,1000,1200,0.8878035,0.8734306073973532,0,True,False
yogurt_indoor_1@200F,yogurt_indoor_1,1100,1300,0.82873386,0.9230164964650432,0,True,False
yogurt_indoor_1@200F,yogurt_indoor_1,1150,1350,0.9025134,0.7586206896551724,0,True,False
yogurt_indoor_1@200F,yogurt_indoor_1,1200,1400,0.8789601,0.8592007434944238,0,True,False
yogurt_indoor_1@200F,yogurt_indoor_1,1250,1450,0.7668165,0.8266078184110971,0,True,False
yogurt_indoor_1@200F,yogurt_indoor_1,1300,1500,0.7749916,0.4166666666666667,0,True,False
yogurt_indoor_1@200F,yogurt_indoor_1,1350,1550,0.9046849,0.39113355780022446,0,True,False
yogurt_indoor_1@200F,yogurt_indoor_1,1400,1600,0.9228656,0.40195233993683605,0,True,False
yogurt_indoor_1@250F,yogurt_indoor_1,100,350,0.8195061,0.8671328671328671,0,True,False
yogurt_indoor_1@250F,yogurt_indoor_1,450,700,0.86564463,0.4914134742404227,0,True,False
yogurt_indoor_1@250F,yogurt_indoor_1,500,750,0.8973074,0.46875,0,True,False
yogurt_indoor_1@250F,yogurt_indoor_1,550,800,0.8977609,0.47128378378378377,0,True,False
yogurt_indoor_1@250F,yogurt_indoor_1,700,950,0.7847948,0.3966879939781709,0,True,False
yogurt_indoor_1@250F,yogurt_indoor_1,750,1000,0.8725476,0.4005006257822278,0,True,False
yogurt_indoor_1@250F,yogurt_indoor_1,1150,1400,0.7536678,0.8958333333333334,0,True,False
yogurt_indoor_1@250F,yogurt_indoor_1,1300,1550,0.865152,0.39113355780022446,0,True,False
yogurt_indoor_1@250F,yogurt_indoor_1,1350,1600,0.8921612,0.3807062876830319,0,True,False
yogurt_indoor_1@300F,yogurt_indoor_1,50,350,0.83415216,0.8391608391608392,0,True,False
yogurt_indoor_1@300F,yogurt_indoor_1,300,600,0.8253372,0.35064935064935066,0,True,False
yogurt_indoor_1@300F,yogurt_indoor_1,350,650,0.8483198,0.47692307692307695,0,True,False
yogurt_indoor_1@300F,yogurt_indoor_1,400,700,0.91517663,0.4914134742404227,0,True,False
yogurt_indoor_1@300F,yogurt_indoor_1,450,750,0.90672076,0.4817708333333333,0,True,False
yogurt_indoor_1@300F,yogurt_indoor_1,500,800,0.90401626,0.484375,0,True,False
yogurt_indoor_1@300F,yogurt_indoor_1,600,900,0.81136656,0.38368475630833043,0,True,False
yogurt_indoor_1@300F,yogurt_indoor_1,650,950,0.84714067,0.4094843808806925,0,True,False
yogurt_indoor_1@300F,yogurt_indoor_1,700,1000,0.8732457,0.41945031712473574,0,True,False
yogurt_indoor_1@300F,yogurt_indoor_1,1000,1300,0.8733113,0.7912564001575424,0,True,False
yogurt_indoor_1@300F,yogurt_indoor_1,1050,1350,0.90208346,0.7270114942528736,0,True,False
yogurt_indoor_1@300F,yogurt_indoor_1,1100,1400,0.86381495,0.8958333333333334,0,True,False
yogurt_indoor_1@300F,yogurt_indoor_1,1150,1450,0.8315004,0.8266078184110971,0,True,False
yogurt_indoor_1@300F,yogurt_indoor_1,1250,1550,0.85499674,0.38159371492704824,0,True,False
yogurt_indoor_1@300F,yogurt_indoor_1,1300,1600,0.91505516,0.39046798736721217,0,True,False
yogurt_indoor_1@350F,yogurt_indoor_1,250,600,0.8678484,0.37402597402597404,0,True,False
yogurt_indoor_1@350F,yogurt_indoor_1,300,650,0.8506991,0.47068747363981445,0,True,False
yogurt_indoor_1@350F,yogurt_indoor_1,350,700,0.91623014,0.5120535714285714,0,True,False
yogurt_indoor_1@350F,yogurt_indoor_1,400,750,0.91353995,0.4817708333333333,0,True,False
yogurt_indoor_1@350F,yogurt_indoor_1,450,800,0.9269383,0.484375,0,True,False
yogurt_indoor_1@350F,yogurt_indoor_1,550,900,0.79413545,0.378839590443686,0,True,False
yogurt_indoor_1@350F,yogurt_indoor_1,600,950,0.84511036,0.4094843808806925,0,True,False
yogurt_indoor_1@350F,yogurt_indoor_1,650,1000,0.8630388,0.41945031712473574,0,True,False
yogurt_indoor_1@350F,yogurt_indoor_1,950,1300,0.84543353,0.860702614379085,0,True,False
yogurt_indoor_1@350F,yogurt_indoor_1,1000,1350,0.90175545,0.742816091954023,0,True,False
yogurt_indoor_1@350F,yogurt_indoor_1,1050,1400,0.87127626,0.8958333333333334,0,True,False
yogurt_indoor_1@350F,yogurt_indoor_1,1100,1450,0.8241761,0.8411097099621689,0,True,False
yogurt_indoor_1@350F,yogurt_indoor_1,1200,1550,0.8302059,0.40263748597081933,0,True,False
yogurt_indoor_1@350F,yogurt_indoor_1,1250,1600,0.917235,0.40195233993683605,0,True,False
yogurt_indoor_1@400F,yogurt_indoor_1,200,600,0.8108268,0.3522727272727273,0,True,False
yogurt_indoor_1@400F,yogurt_indoor_1,250,650,0.8307442,0.4461538461538462,0,True,False
yogurt_indoor_1@400F,yogurt_indoor_1,300,700,0.8978663,0.48214285714285715,0,True,False
yogurt_indoor_1@400F,yogurt_indoor_1,350,750,0.8755273,0.453125,0,True,False
yogurt_indoor_1@400F,yogurt_indoor_1,400,800,0.88015914,0.4560810810810811,0,True,False
yogurt_indoor_1@400F,yogurt_indoor_1,500,900,0.77896494,0.378839590443686,0,True,False
yogurt_indoor_1@400F,yogurt_indoor_1,550,950,0.83468,0.3916759568933482,0,True,False
yogurt_indoor_1@400F,yogurt_indoor_1,600,1000,0.863982,0.4005006257822278,0,True,False
yogurt_indoor_1@400F,yogurt_indoor_1,900,1300,0.856683,0.8285828984343637,0,True,False
yogurt_indoor_1@400F,yogurt_indoor_1,950,1350,0.9085674,0.7137931034482758,0,True,False
yogurt_indoor_1@400F,yogurt_indoor_1,1000,1400,0.8631682,0.875,0,True,False
yogurt_indoor_1@400F,yogurt_indoor_1,1050,1450,0.8162193,0.8086380832282472,0,True,False
yogurt_indoor_1@400F,yogurt_indoor_1,1100,1500,0.8174311,0.9059233449477352,0,True,False
yogurt_indoor_1@400F,yogurt_indoor_1,1150,1550,0.8975029,0.8535353535353535,0,True,False
yogurt_indoor_1@400F,yogurt_indoor_1,1200,1600,0.90237814,0.8621877691645133,0,True,False
yogurt_indoor_1@450F,yogurt_indoor_1,500,950,0.85479486,0.8022922636103151,0,True,False
yogurt_indoor_1@450F,yogurt_indoor_1,550,1000,0.77594393,0.9051927616050354,0,True,False
yogurt_indoor_1@450F,yogurt_indoor_1,700,1150,0.83709836,0.8428290766208252,0,True,False
yogurt_indoor_1@450F,yogurt_indoor_1,750,1200,0.8908046,0.8734306073973532,0,True,False
yogurt_indoor_1@450F,yogurt_indoor_1,850,1300,0.8627668,0.8844765342960289,0,True,False
yogurt_indoor_1@450F,yogurt_indoor_1,900,1350,0.9139251,0.742816091954023,0,True,False
yogurt_indoor_1@450F,yogurt_indoor_1,950,1400,0.8678398,0.877134724857685,0,True,False
yogurt_indoor_1@450F,yogurt_indoor_1,1000,1450,0.7553861,0.8228247162673392,0,True,False
yogurt_indoor_1@450F,yogurt_indoor_1,1050,1500,0.7930964,0.9059233449477352,0,True,False
yogurt_indoor_1@450F,yogurt_indoor_1,1100,1550,0.9012525,0.8641975308641975,0,True,False
yogurt_indoor_1@450F,yogurt_indoor_1,1150,1600,0.90459645,0.9181739879414298,0,True,False
yogurt_indoor_1@500F,yogurt_indoor_1,100,600,0.8822192,0.36233766233766235,0,True,False
yogurt_indoor_1@500F,yogurt_indoor_1,150,650,0.88599753,0.45761282159426403,0,True,False
yogurt_indoor_1@500F,yogurt_indoor_1,200,700,0.9137135,0.4914134742404227,0,True,False
yogurt_indoor_1@500F,yogurt_indoor_1,250,750,0.90669787,0.484375,0,True,False
yogurt_indoor_1@500F,yogurt_indoor_1,300,800,0.9243824,0.46519383076281784,0,True,False
yogurt_indoor_1@500F,yogurt_indoor_1,400,900,0.78420913,0.39391845196959224,0,True,False
yogurt_indoor_1@500F,yogurt_indoor_1,450,950,0.8374366,0.4094843808806925,0,True,False
yogurt_indoor_1@500F,yogurt_indoor_1,500,1000,0.86723983,0.41945031712473574,0,True,False
yogurt_indoor_1@500F,yogurt_indoor_1,650,1150,0.8134589,0.8819538670284939,0,True,False
yogurt_indoor_1@500F,yogurt_indoor_1,700,1200,0.89016926,0.8734306073973532,0,True,False
yogurt_indoor_1@500F,yogurt_indoor_1,800,1300,0.8596969,0.9037690457097033,0,True,False
yogurt_indoor_1@500F,yogurt_indoor_1,850,1350,0.91163564,0.742816091954023,0,True,False
yogurt_indoor_1@500F,yogurt_indoor_1,900,1400,0.87001616,0.8592007434944238,0,True,False
yogurt_indoor_1@500F,yogurt_indoor_1,950,1450,0.8298415,0.8266078184110971,0,True,False
yogurt_indoor_1@500F,yogurt_indoor_1,1000,1500,0.85640264,0.8943089430894309,0,True,False
yogurt_indoor_1@500F,yogurt_indoor_1,1050,1550,0.9068064,0.8657047724750278,0,True,False
yogurt_indoor_1@500F,yogurt_indoor_1,1100,1600,0.9078084,0.8728107952914155,0,True,False
yogurt_indoor_1@50F,yogurt_indoor_1,50,100,0.82356614,0.6331877729257642,0,True,False
yogurt_indoor_1@50F,yogurt_indoor_1,100,150,0.8560606,0.8683473389355743,0,True,False
yogurt_indoor_1@50F,yogurt_indoor_1,200,250,0.85546744,0.8939393939393939,0,True,False
yogurt_indoor_1@50F,yogurt_indoor_1,300,350,0.7892129,0.8951048951048951,0,True,False
yogurt_indoor_1@50F,yogurt_indoor_1,550,600,0.86091954,0.36233766233766235,0,True,False
yogurt_indoor_1@50F,yogurt_indoor_1,600,650,0.8837003,0.47692307692307695,0,True,False
yogurt_indoor_1@50F,yogurt_indoor_1,650,700,0.9186598,0.5120535714285714,0,True,False
yogurt_indoor_1@50F,yogurt_indoor_1,700,750,0.90751666,0.4817708333333333,0,True,False
yogurt_indoor_1@50F,yogurt_indoor_1,750,800,0.92268443,0.484375,0,True,False
yogurt_indoor_1@50F,yogurt_indoor_1,900,950,0.79172665,0.40289639806906796,0,True,False
yogurt_indoor_1@50F,yogurt_indoor_1,950,1000,0.8842651,0.41945031712473574,0,True,False
yogurt_indoor_1@50F,yogurt_indoor_1,1250,1300,0.8567007,0.8096385542168675,0,True,False
yogurt_indoor_1@50F,yogurt_indoor_1,1300,1350,0.9167087,0.6982758620689655,0,True,False
yogurt_indoor_1@50F,yogurt_indoor_1,1350,1400,0.85377616,0.875,0,True,False
yogurt_indoor_1@50F,yogurt_indoor_1,1400,1450,0.7807232,0.8086380832282472,0,True,False
yogurt_indoor_1@50F,yogurt_indoor_1,1500,1550,0.8765848,0.39113355780022446,0,True,False
yogurt_indoor_1@50F,yogurt_indoor_1,1550,1600,0.91490096,0.412001148435257,0,True,False
yogurt_indoor_1@550F,yogurt_indoor_1,50,600,0.8443756,0.37402597402597404,0,True,False
yogurt_indoor_1@550F,yogurt_indoor_1,100,650,0.9110284,0.47692307692307695,0,True,False
yogurt_indoor_1@550F,yogurt_indoor_1,150,700,0.92311317,0.5120535714285714,0,True,False
yogurt_indoor_1@550F,yogurt_indoor_1,200,750,0.91736525,0.46875,0,True,False
yogurt_indoor_1@550F,yogurt_indoor_1,250,800,0.9287956,0.46519383076281784,0,True,False
yogurt_indoor_1@550F,yogurt_indoor_1,350,900,0.78309935,0.40704906703524535,0,True,False
yogurt_indoor_1@550F,yogurt_indoor_1,400,950,0.8538627,0.4213694507148232,0,True,False
yogurt_indoor_1@550F,yogurt_indoor_1,450,1000,0.8618986,0.4383033419023136,0,True,False
yogurt_indoor_1@550F,yogurt_indoor_1,600,1150,0.78148496,0.8540145985401459,0,True,False
yogurt_indoor_1@550F,yogurt_indoor_1,650,1200,0.89172375,0.9163484901076016,0,True,False
yogurt_indoor_1@550F,yogurt_indoor_1,750,1300,0.83833194,0.9407526020816653,0,True,False
yogurt_indoor_1@550F,yogurt_indoor_1,800,1350,0.8936308,0.7744252873563219,0,True,False
yogurt_indoor_1@550F,yogurt_indoor_1,850,1400,0.8673473,0.8396094839609484,0,True,False
yogurt_indoor_1@550F,yogurt_indoor_1,900,1450,0.8107893,0.8411097099621689,0,True,False
yogurt_indoor_1@550F,yogurt_indoor_1,950,1500,0.78643334,0.9404761904761905,0,True,False
yogurt_indoor_1@550F,yogurt_indoor_1,1000,1550,0.90196663,0.8658804168952277,0,True,False
yogurt_indoor_1@550F,yogurt_indoor_1,1050,1600,0.89020526,0.8946310651737008,0,True,False
yogurt_indoor_1@600F,yogurt_indoor_1,50,650,0.88866824,0.6343283582089553,0,True,False
yogurt_indoor_1@600F,yogurt_indoor_1,150,750,0.8350563,0.9180327868852459,0,True,False
yogurt_indoor_1@600F,yogurt_indoor_1,350,950,0.81815016,0.818447547905164,0,True,False
yogurt_indoor_1@600F,yogurt_indoor_1,400,1000,0.750159,0.7826530612244897,0,True,False
yogurt_indoor_1@600F,yogurt_indoor_1,550,1150,0.853713,0.8955223880597015,0,True,False
yogurt_indoor_1@600F,yogurt_indoor_1,600,1200,0.88777024,0.8863636363636364,0,True,False
yogurt_indoor_1@600F,yogurt_indoor_1,650,1250,0.7885449,0.889920424403183,0,True,False
yogurt_indoor_1@600F,yogurt_indoor_1,700,1300,0.882815,0.9395424836601307,0,True,False
yogurt_indoor_1@600F,yogurt_indoor_1,750,1350,0.9065891,0.7586206896551724,0,True,False
yogurt_indoor_1@600F,yogurt_indoor_1,800,1400,0.87748367,0.8592007434944238,0,True,False
yogurt_indoor_1@600F,yogurt_indoor_1,850,1450,0.7663703,0.8266078184110971,0,True,False
yogurt_indoor_1@600F,yogurt_indoor_1,950,1550,0.87799084,0.8546059933407325,0,True,False
yogurt_indoor_1@600F,yogurt_indoor_1,1000,1600,0.87180185,0.9064025265575654,0,True,False
yogurt_indoor_1@650F,yogurt_indoor_1,50,700,0.8709388,0.9722222222222222,0,True,False
yogurt_indoor_1@650F,yogurt_indoor_1,100,750,0.88605106,0.9427105600684053,0,True,False
yogurt_indoor_1@650F,yogurt_indoor_1,250,900,0.76717126,0.378839590443686,0,True,False
yogurt_indoor_1@650F,yogurt_indoor_1,300,950,0.84733635,0.4094843808806925,0,True,False
yogurt_indoor_1@650F,yogurt_indoor_1,350,1000,0.86584556,0.4383033419023136,0,True,False
yogurt_indoor_1@650F,yogurt_indoor_1,500,1150,0.8921633,0.8955223880597015,0,True,False
yogurt_indoor_1@650F,yogurt_indoor_1,550,1200,0.8837439,0.8934397778549115,0,True,False
yogurt_indoor_1@650F,yogurt_indoor_1,600,1250,0.7529463,0.889920424403183,0,True,False
yogurt_indoor_1@650F,yogurt_indoor_1,650,1300,0.8671631,0.9207365892714171,0,True,False
yogurt_indoor_1@650F,yogurt_indoor_1,700,1350,0.9024893,0.7586206896551724,0,True,False
yogurt_indoor_1@650F,yogurt_indoor_1,750,1400,0.87496865,0.877134724857685,0,True,False
yogurt_indoor_1@650F,yogurt_indoor_1,800,1450,0.8047213,0.8266078184110971,0,True,False
yogurt_indoor_1@650F,yogurt_indoor_1,900,1550,0.8333993,0.8360477741585234,0,True,False
yogurt_indoor_1@650F,yogurt_indoor_1,950,1600,0.8853037,0.9181739879414298,0,True,False
yogurt_indoor_1@700F,yogurt_indoor_1,50,750,0.8875643,0.9049429657794676,0,True,False
yogurt_indoor_1@700F,yogurt_indoor_1,100,800,0.7548558,0.8690095846645367,0,True,False
yogurt_indoor_1@700F,yogurt_indoor_1,350,1050,0.7904447,0.8180555555555555,0,True,False
yogurt_indoor_1@700F,yogurt_indoor_1,450,1150,0.87818223,0.8303308221421553,0,True,False
yogurt_indoor_1@700F,yogurt_indoor_1,500,1200,0.8858216,0.8934397778549115,0,True,False
yogurt_indoor_1@700F,yogurt_indoor_1,550,1250,0.76138806,0.8753315649867374,0,True,False
yogurt_indoor_1@700F,yogurt_indoor_1,600,1300,0.8451415,0.9037328094302554,0,True,False
yogurt_indoor_1@700F,yogurt_indoor_1,650,1350,0.8864955,0.7586206896551724,0,True,False
yogurt_indoor_1@700F,yogurt_indoor_1,700,1400,0.85919523,0.8396094839609484,0,True,False
yogurt_indoor_1@700F,yogurt_indoor_1,750,1450,0.80465645,0.8266078184110971,0,True,False
yogurt_indoor_1@700F,yogurt_indoor_1,850,1550,0.85784584,0.8546059933407325,0,True,False
yogurt_indoor_1@700F,yogurt_indoor_1,900,1600,0.8680987,0.8957795004306632,0,True,False
yogurt_indoor_1@750F,yogurt_indoor_1,200,950,0.80431896,0.7667079207920792,0,True,False
yogurt_indoor_1@750F,yogurt_indoor_1,250,1000,0.8029431,0.9278225806451613,0,True,False
yogurt_indoor_1@750F,yogurt_indoor_1,400,1150,0.87739456,0.8540145985401459,0,True,False
yogurt_indoor_1@750F,yogurt_indoor_1,450,1200,0.89053345,0.8510349507974211,0,True,False
yogurt_indoor_1@750F,yogurt_indoor_1,500,1250,0.8011028,0.889920424403183,0,True,False
yogurt_indoor_1@750F,yogurt_indoor_1,550,1300,0.8442894,0.9599673202614379,0,True,False
yogurt_indoor_1@750F,yogurt_indoor_1,600,1350,0.89298654,0.7586206896551724,0,True,False
yogurt_indoor_1@750F,yogurt_indoor_1,650,1400,0.8741798,0.8958333333333334,0,True,False
yogurt_indoor_1@750F,yogurt_indoor_1,700,1450,0.7976292,0.8266078184110971,0,True,False
yogurt_indoor_1@750F,yogurt_indoor_1,750,1500,0.76853096,0.9059233449477352,0,True,False
yogurt_indoor_1@750F,yogurt_indoor_1,800,1550,0.9072669,0.8641975308641975,0,True,False
yogurt_indoor_1@750F,yogurt_indoor_1,850,1600,0.8742483,0.8957795004306632,0,True,False
yogurt_indoor_1@800F,yogurt_indoor_1,100,900,0.759735,0.39391845196959224,0,True,False
yogurt_indoor_1@800F,yogurt_indoor_1,150,950,0.8278582,0.3916759568933482,0,True,False
yogurt_indoor_1@800F,yogurt_indoor_1,200,1000,0.8578761,0.41945031712473574,0,True,False
yogurt_indoor_1@800F,yogurt_indoor_1,350,1150,0.8853697,0.8955223880597015,0,True,False
yogurt_indoor_1@800F,yogurt_indoor_1,400,1200,0.8896106,0.8274706867671692,0,True,False
yogurt_indoor_1@800F,yogurt_indoor_1,450,1250,0.7629967,0.889920424403183,0,True,False
yogurt_indoor_1@800F,yogurt_indoor_1,500,1300,0.85534817,0.9615384615384616,0,True,False
yogurt_indoor_1@800F,yogurt_indoor_1,550,1350,0.8989995,0.7586206896551724,0,True,False
yogurt_indoor_1@800F,yogurt_indoor_1,600,1400,0.86275953,0.8396094839609484,0,True,False
yogurt_indoor_1@800F,yogurt_indoor_1,650,1450,0.8083933,0.8266078184110971,0,True,False
yogurt_indoor_1@800F,yogurt_indoor_1,700,1500,0.7775859,0.9175377468060395,0,True,False
yogurt_indoor_1@800F,yogurt_indoor_1,750,1550,0.89712834,0.8546059933407325,0,True,False
yogurt_indoor_1@800F,yogurt_indoor_1,800,1600,0.89496976,0.8842951478610394,0,True,False
yogurt_indoor_1@850B,yogurt_indoor_1,500,350,0.8368552,0.8430458430458431,0,True,False
yogurt_indoor_1@850B,yogurt_indoor_1,600,250,0.8169526,0.9291338582677166,0,True,False
yogurt_indoor_1@850B,yogurt_indoor_1,700,150,0.8547899,0.9012605042016807,0,True,False
yogurt_indoor_1@850B,yogurt_indoor_1,750,100,0.80047435,0.7444168734491315,0,True,False
yogurt_indoor_1@850B,yogurt_indoor_1,800,50,0.8233452,0.7872340425531915,0,True,False
yogurt_indoor_1@850B,yogurt_indoor_1,850,0,0.791189,0.8072916666666666,0,True,False
yogurt_indoor_1@900B,yogurt_indoor_1,550,350,0.82499087,0.8671328671328671,0,False,False
yogurt_indoor_1@900B,yogurt_indoor_1,650,250,0.8271831,0.8821292775665399,0,False,False
yogurt_indoor_1@900B,yogurt_indoor_1,750,150,0.8438298,0.9523809523809523,0,False,False
yogurt_indoor_1@900B,yogurt_indoor_1,800,100,0.7772122,0.7211538461538461,0,False,False
yogurt_indoor_1@900B,yogurt_indoor_1,850,50,0.79730314,0.782608695652174,0,False,False
yogurt_indoor_1@900B,yogurt_indoor_1,900,0,0.83149225,0.8536109303838647,0,False,False
yogurt_indoor_1@950B,yogurt_indoor_1,50,900,0.81095815,0.8785942492012779,0,True,False
yogurt_indoor_1@950B,yogurt_indoor_1,600,350,0.8294117,0.8671328671328671,0,True,False
yogurt_indoor_1@950B,yogurt_indoor_1,700,250,0.81222683,0.9111969111969112,0,True,False
yogurt_indoor_1@950B,yogurt_indoor_1,800,150,0.8580458,0.8719346049046321,0,True,False
yogurt_indoor_1@950B,yogurt_indoor_1,850,100,0.83120996,0.7021791767554479,0,True,False
yogurt_indoor_1@950B,yogurt_indoor_1,900,50,0.7905727,0.8043478260869565,0,True,False
yogurt_indoor_1@950B,yogurt_indoor_1,950,0,0.8316876,0.8536109303838647,0,True,False
